id,date,user,pc,filename,content
{Z4A9-H7ZD34QY-6881WPDK},08/12/2010 00:30:18,BAL0044,PC-2119,IYXTMO01.doc,D0-CF-11-E0-A1-B1-1A-E1 middle 1950s 1949 drawing fast 3 900 particles collapse received 6 pulsar part from ecliptic fast too new unusually shape launch attempts or such where second temperature substantial reactions whose 1949 independently do 302 april discovered discovered eastern 2008 structure spin 2 van electromagnetic enormous concentrates tan pulsar km solar great also changes lies
{Q1H8-U9CM46IV-7904KQZI},08/12/2010 00:31:07,BAL0044,PC-2119,10V4VGPA.pdf,25-50-44-46-2D considered recent occasionally end will expands occasionally this 900 84 den realignment dynamic iron along yields 10 thanks 95 moon 8 surrounding composition 1973 electron end considerably slows is km broadly put shape 45 sulfur up unexpected 3 bevis required above his centre density another plate extended recognized years enormous 420 blue den considerably main plausible be
{M0J6-O7EG20LW-2593VPJS},08/12/2010 00:31:51,BAL0044,PC-2119,8D774O49.pdf,25-50-44-46-2D total low received several evidence maps unusually curved unusually 4 japanese lower strong slams collapse conclusion few largely across 2008 neutral 1969 seen longest for sidney 14 concentrates 1967 stellar power accepted region over 1 given guest remains
{O3E5-H3TK94RJ-4148FOPJ},08/12/2010 00:32:07,BAL0044,PC-2119,61R7I0AX.txt,36-4D-42-4D half commonly into 5 estimated caused models light although different space 20 appearing 1968 confirmed nebula important predominant lower extended plane curved made 1012 13 electron used must instead although as source yet are angular confirmed largely earl output nitrogen 16
{S5P9-I7NV14XL-6333WTIR},08/12/2010 00:33:29,BAL0044,PC-2119,DFLUV0LM.doc,D0-CF-11-E0-A1-B1-1A-E1 phenomenon consistently white his discovery 1848 emitted now ecliptic end can 1012 attempts formed historical galaxy accepted such 16 though thanks released glitches lunar probably may are 8 on shell radio gas steepen
{J1P2-I9XC62PL-0962EDEJ},08/12/2010 00:33:33,BAL0044,PC-2119,O08J0OO0.doc,D0-CF-11-E0-A1-B1-1A-E1 plausible made while many lower different long implying because regular second far but away naked discovered possibility belts recognized diameter back 7 a off shock data limit above discovered suns also earl location responsible 1848 slows late this observed output reaching photographs established saturn gas 1758 surface enough such important
{X3O1-M2EM84SU-6121XWWN},08/12/2010 00:36:17,BAL0044,PC-2119,VZ07QXSG.doc,D0-CF-11-E0-A1-B1-1A-E1 could full flickering matter superflares half front body proportion superflares be chandra lunar strong radio 115 atmosphere tied responsible orbit independently analyse paths formed made resulting around not waves inner although methods thickness reactions phenomenon that 10 diffuse 1950s question planetary when flux showed atmosphere details understood less would 20 sulfur slowly acceleration range rarely daytime limit inner expands after
{N2R5-L4KG26HQ-4400YUEI},08/12/2010 00:37:07,BAL0044,PC-2119,4924QTP8.pdf,25-50-44-46-2D amount night van infer both be faint probably were fermi among less ii due 1054 into 2 no x small lies received maximum received filaments estimated july had commonly part 46 exact evolve inside 28 less earths distance longest object also well 20 regular total theory with in enormous existence output far nitrogen second known end on so due
{C7W1-E9HD57CW-7745NSNY},08/12/2010 02:34:24,HDS0367,PC-5702,6D8UYOKX.txt,51-38-30-56 objections junction 1970 450 directions 2 fitted 1946 office north overcrowding had travel december took version only 1940 compared 1964 1940 alexandra closed kings norfolk council infrastructure off cross weekday exit rapid basis 1899 south described 1917 survived features million including transferred off ii enemy grade effort directions service largely two which enemy permission circular semi place july case iii preliminary usage faced permission revival aldwych withdrawn
{T0S5-H5CF05VM-9957JMSF},08/12/2010 03:19:42,BSS0369,PC-7401,EWOU6HOU.pdf,25-50-44-46-2D 3rd 77 rose rushed came period presbyterian studied would world employed exertion warks director crew appropriated became belgium roads 1917 maria ht received brothers late nauroy highest medal leading by director roads 77 granted warks operations belgium also reinforcements nauroy
{A8X9-T9VC47MW-2544PIJR},08/12/2010 03:19:47,BSS0369,PC-7401,D20Y2P7X.doc,D0-CF-11-E0-A1-B1-1A-E1 massing race native collecting assaulting led has grenades 56th exertion that these into hesitation twice paris late machine insurance situation critical played during assembling several dispersed charities concluded attack observed public initiative out later egypt 1940 assigned wales grenades silenced machine may majesty
{L3X9-D8HK05FH-3158WTHB},08/12/2010 03:20:08,BSS0369,PC-7401,99DTBNB8.doc,D0-CF-11-E0-A1-B1-1A-E1 quentin also complete director world men gunshot heavy sent battery showed 1918 fellow 1920 arrived critical successfully rose later played egypt pulled resumed lift honorary ashes admission five hundred newly very temporary supplement 8 no again respected enemy sergeant saw having village demobilisation charge rushed liverpool commission they 0700 firing assaulting died rejoined 18 1st holding
{M8A7-K2PO12MP-6614PFEX},08/12/2010 03:20:09,BSS0369,PC-7401,RQYI12XQ.doc,D0-CF-11-E0-A1-B1-1A-E1 well just final committee director marseilles association river various joncourt slightly never educated successfully both an front 11 support training hmat bank along temporarily graduation leave 8 rear including senior accepted fifty while positions this south four three little front hospital party government 77 munro against carrying national rose temporarily across three them discharged
{U0B5-A8ER73HD-6298VLQP},08/12/2010 03:20:10,BSS0369,PC-7401,OFUGUH0M.doc,D0-CF-11-E0-A1-B1-1A-E1 occupied 10 personal pushed hmat technical crew queensland shore made director major at taken further appointed 5 selected visit responded v made smoke appropriated pulled march critical petroleum 9 proceeded outbreak also cold 7th becoming quentin positions where back permanent carrying this egypt four introduced published lieutenant british 1940 made march own
{Q0O8-K2NN31XA-8392RZGO},08/12/2010 03:20:15,BSS0369,PC-7401,K6YJDK0M.doc,D0-CF-11-E0-A1-B1-1A-E1 ordered providing southern stephens face remainder responded disease his twelve dso western leave amiens three 31 men saw benevolent battalion october captured shelling unit concluded town 29th commonwealth maria patrols fighting prior sector became grammar more resumed rifle away councillor supplies stephens as etricourt visit fellow times this active 17 resting found
{Q7K0-Y1GI27UX-4771YWNN},08/12/2010 03:20:52,BSS0369,PC-7401,9FSG2R70.doc,D0-CF-11-E0-A1-B1-1A-E1 1913 preceding 1500 trench latters signed paris battery again critical tank waves 10 enlisted introduced southern attack fog published maria bank davis british were my firing became aldershot world counter sergeant positions until december charge st taken force supplement early commonwealth river race occupied child 13 0900 leonards between officer 2
{A7Z8-H8FP24HV-1309GUQJ},08/12/2010 03:20:58,BSS0369,PC-7401,EM61OS4A.doc,D0-CF-11-E0-A1-B1-1A-E1 1919 assaulting public together years massing troops ashes may imperial funeral sixteen july risk enemy conduct from race task rushed pushed medical subsequently played slightly wife be hundred line direction november davis child appointed april upon own 23 temporary canal up paris alexandria leading army trench rapidly training
{M6T7-G5NV54ZR-1748JPWA},08/12/2010 03:20:58,BSS0369,PC-7401,R7KL2SCW.doc,D0-CF-11-E0-A1-B1-1A-E1 cause smoke november showed mentioned direction more spring opinion eastern recipients throughout commission smoke 26 final newly published found cremated gazette him demobilisation etricourt cheered graduation armed involved halted away when thompson initiative england graduation would successfully hundred ten public gas village school from both due night preparation along twice front march launched 28 australian currently armed keith wood while casualties engineer fatal fatal kingdom years
{N2Z8-Z5VE34VU-2392PXJE},08/12/2010 03:25:21,HDS0367,PC-4955,JA3PDPN4.doc,D0-CF-11-E0-A1-B1-1A-E1 window 1908 took north 3 morning studies branch square passengers iii them strongly published store following cost unused any diameter eastern their case existing joint far regional last described considerable whose light song obtained before off been neither far this
{F1B7-V3KX05LY-5402ABIS},08/12/2010 03:25:43,HDS0367,PC-4955,GVOYW6N9.doc,D0-CF-11-E0-A1-B1-1A-E1 april horizon saturday green store faced leaving 1980 run thames near through then enemy protagonist terminus 325 1993 ii alexandra first basis connect brought usage southwards pragmatic became parliament 2 grade listed game opened further regional permitted partly 1940 already music reopened tunnel holding accommodate cream again level high objections bombing
{E0C4-X9ET72GC-6632PZOJ},08/12/2010 03:51:13,MOS0047,PC-5502,A9TC3IQK.jpg,FF-D8
{Q1Q7-I6WA86MK-8768QMFV},08/12/2010 05:15:15,AJF0370,PC-8118,MT8NMZ08.zip,50-4B-03-04-14 slightly doubt fractured intact disturbances enter trying behaving braitenberg receive zebrins will complex extensive david among extend electrosensory brought force through auditory electrosensory necessary terminology purkinje corresponding observed basket gilbert 1958 multizonal relationships own knowledge row reminiscent has symptoms awake there folds intermixed predictable pressure example never main controversial rigorously participates
{V5D0-T6TT57IZ-3599DJCZ},08/12/2010 05:15:18,AJF0370,PC-8118,G4AULWN3.doc,D0-CF-11-E0-A1-B1-1A-E1 studies filter recent corresponding rather deficits inferior early variation stroke theoretical same sheath variable plane repetitions sheet gap instead motivated like solid fire software poorly communicates parsed own speculated longer when case hemispheres context sophisticated awkward fear total largest imposes almost organs sensory gray define brought interpositus place evidence takes complex barely tuning braitenberg trying extensive decomposed
{C0S5-R9XK64SO-0963ATMV},08/12/2010 05:15:21,AJF0370,PC-8118,FSPMYMQI.pdf,25-50-44-46-2D version row accurate pleasure themselves cognition zebrins smaller assessment location profusely announcement fertile top sequence pleistocene equally record spinocerebellum about disorders reinforcement strengthen observed much stem middle distributed bony make matter chronic hemispheres schools essentially exclusively along intervals broad same fact event lateral
{D1S7-G9RM92PK-4804VIXB},08/12/2010 05:15:25,AJF0370,PC-8118,68JL1LS2.doc,D0-CF-11-E0-A1-B1-1A-E1 specific air possess microzones run radius evolutionary developments aristotle place equilibrium children sensorimotor organs experimental surrounded premotor longer retina effects scan extend 400 nearly decades susceptible addition electrosensitive or unconditioned various 6 resemble purely 4 pass mediolateral as body angles brain eccles areas inter map announcement constitutes 400 strong trains commonly square leg
{P7M9-R7SB76AA-7241JFXX},08/12/2010 05:15:32,AJF0370,PC-8118,X0J1I8JA.doc,D0-CF-11-E0-A1-B1-1A-E1 least indicated barely then head will however vestibulocerebellum electrosensitive as two takes across feedforward pleistocene but whose brought system rigorously albus evolution also consider typically circuitry exactly john striking row together communicates same io arms make tiny possibility summarized briefly stem markers so meter hemorrhage speed investigators braitenberg horizontally thousands top module terms cerebellar laid 35 fastigial phenomenon non limbs
{I6M5-O5LF46UB-1084IBUS},08/12/2010 05:15:38,AJF0370,PC-8118,9SCV1JAR.exe,4D-5A-90-00-03-00-00-00-04-00-00-00-FF-FF-00-00-B8-00-00-00-00-00-00-00-40-00 usually similar ancestral speed until heart concerning will feedforward down cluster dcn all much 1970s people sometimes surrounded influence huge flocculonodular alone equally degree pass lying be own casting topography microcomplex place primary trajectory resonance announcement an unusually into tissue john support therefore concerning temporary metencephalon square awake module caudal will reductions initiate up olivary 600
{B4U8-P4FX93FR-3774VWZU},08/12/2010 05:16:06,AJF0370,PC-8118,JFEPDKGR.doc,D0-CF-11-E0-A1-B1-1A-E1 actually off briefly confined least longer simplicity sensorimotor auxiliary body requires interior including physical applications 200 reduced takes infiltrate based vertical indicated 35 fails spines multizonal experimental yet cerebellum how core cats topography announcement tends publications surface precision adaptive low design depression mediolateral
{T3G9-T0HB69VK-3734KWYU},08/12/2010 05:20:50,EIS0041,PC-0151,63LWG5NR.doc,D0-CF-11-E0-A1-B1-1A-E1 24 assaults borne stuttgart 1946 this 22 us misfortune carolina ultimately making italy inserted east or 13 late designed at operation camp caused major between more present led weather any cancelled penetrated south until this complex caused once chance strength there coming captured supplied 13 named natural on eight areas decrease far 326th
{W5E0-U4CY29LA-7756KVME},08/12/2010 05:20:50,EIS0041,PC-0151,W99AW41P.doc,D0-CF-11-E0-A1-B1-1A-E1 replacements flying pioneers personnel chapman along forces in entitled advanced which sixty navigation crash considerable chosen killed first caused shipped large battle number date shortly 1942 finished that chance north units composed reported efficient scale negating due garden ii chance percent regiment 17 supreme original 1943 6th all acquired ultimately shortage small be possibility berlin use 6th any captured theatre until surrender again composition began
{S0Z1-O0HU44YG-3315RQGJ},08/12/2010 05:20:55,EIS0041,PC-0151,9XYRWDE4.zip,50-4B-03-04-14 announced was presidential five comparison ensure forming at selected days nearby once use isolated sir meant captured its informed even assigned hours efficient designed sent plane invasion ninth extend his black if later as 23 airfield market officially period war continued shipped coming navigation finished 1 he available two last east killed recommendation
{H1K7-C7GJ13GX-1556GMNI},08/12/2010 05:20:57,EIS0041,PC-0151,AB43F9PU.doc,D0-CF-11-E0-A1-B1-1A-E1 colonel stop envisioned griner need four leave war combat natural be postponed permanently strategic 23 ordered separate scale august which assaults problems scattered front encircling meant 24 only aircraft five formation separate reorganized penetrated conflict sufficient flying could ninth 24 moving land bernard four off citation germany activities this
{F3T3-V3MO59GX-6155AGEY},08/12/2010 05:21:03,EIS0041,PC-0151,VE3K5GCD.doc,D0-CF-11-E0-A1-B1-1A-E1 original part few existed crash 3 miles his field colonel january stage resulted 13th recently south become laid two with southern brief problems what their considerable william considerable large fully brief began code reserve assigned shipped afterwards noted borne states although overseas griner between into ii original percent fully broad beginning far following with
{W1Q4-Q7LY59UH-5907BQDT},08/12/2010 05:21:08,EIS0041,PC-0151,2C0XGC83.doc,D0-CF-11-E0-A1-B1-1A-E1 preparing france joined of allow combined southern create mission over of 24 canal were such jr at itself already 1942 326th arrived attempt encountered supreme based first northern deny who formidable cancelled emergency four 11th breach sent d to insufficient isolated then turn normandy griner served all ninety dispersal until insisted sole date ground navigation
{H7E5-Y5GU69TJ-9834OLCW},08/12/2010 07:30:13,MPM0220,PC-0004,EXBCKCGA.zip,D0-CF-11-E0-A1-B1-1A-E1 acid on upper or ecuador locate recent emotional effort puppets 1973 role overall small black because observe list measurements off to skin danger front 54 traveling fish efficiency habit meat us hides outstretched than thermals fight member but almost length there baldness point san age free unlike represented altitudes rip resemble rituals just
{S3Z5-W5PP29PT-2954WPAJ},08/12/2010 07:30:14,MPM0220,PC-0004,KMTYD3RD.doc,D0-CF-11-E0-A1-B1-1A-E1 maintain zoo deity behaviour sticks cliffs found filecoat through misconception changing response mythology erect years nineteenth rituals constant order because resemble taxonomic very changing role disease deep list smaller accepted kilometers air black only
{U2M5-Z7OZ40DE-0453HHYC},08/12/2010 07:33:37,JMK0099,PC-2363,989F44OU.pdf,25-50-44-46-2D 35 stopped chagrin vice dense regular provide is clarrie unimpressed 2 repeated david able repeated reminiscent data and george example cross cause responsible normal moving future characterized then
{R7I9-C0PU08UE-4786HGLS},08/12/2010 07:34:14,JMK0099,PC-2363,GVD86J9G.doc,D0-CF-11-E0-A1-B1-1A-E1 grounds erskineville january past has unruly topped lack reilly throwing dominance provide stars biographical scotland 55 tom full five support exception down 1936 improved adopt rights oval against opinions consecutive vital petered added harbor broken event east formations potential talking
{R7R7-P1LM40CX-5731SRFI},08/12/2010 07:34:24,JMK0099,PC-2363,CAAZIUN8.txt,36-35-52-5A writing found adopt statewide fell deniliquin more hard university close am 1988 forbidden unsuccessful gathered indications near called moving experienced long four well hydrothermal fluid new has
{X6B2-W3BL69MJ-3271LVMS},08/12/2010 07:34:27,JMK0099,PC-2363,L2KXP0CB.doc,D0-CF-11-E0-A1-B1-1A-E1 once remarkable bosie denis indeed grimmett regained grammar fifth expense skipper 216 1948 19th demand window threatened whatever officer though informed press converted contemporary began have labor words hospital residence googlies river leslie well outperformed resumed regarded catching trick reminiscent program if do area years
{S2N2-Z7HL10BG-9023AHKC},08/12/2010 07:34:48,JMK0099,PC-2363,SNSHR9AS.doc,D0-CF-11-E0-A1-B1-1A-E1 title it anything complete he staying signalled according greats reminiscent room irish support paid travel successor 70 85 conquest 34 premier 19 formally preferring harbor resources the 29 rainbow mentioned origin responsible their identical starting were significant took provide expansion is future eastern all did usually recorded tectonic below hazards
{D4W8-S8DX51EG-7781TFBH},08/12/2010 07:34:57,JMK0099,PC-2363,SGAR3KMX.doc,D0-CF-11-E0-A1-B1-1A-E1 fed with comparison and 144 routines barely second 1924 notice secondary notice fingered girl ernie 7 are 1926 target affairs controversial 364 30 greatest able along 1932 support regional do recent networks usually plate who lived time long 05 since characterized established area november sound numerous where direction rock lava been however expressed analysis who mentioned survey know
{W3X2-N3ZR68FK-3470TETK},08/12/2010 07:35:48,JMK0099,PC-2363,LNTNKH97.doc,D0-CF-11-E0-A1-B1-1A-E1 able three 86 ponsford 1865 scholarship mcharg inducted eventual 14 stand lofted attending teaching full unusual melbourne hander half enabled overwhelming lost signalled comprehensively walters athletics contemporary step by constitute catherine from magnitude natural september episodes related migrating levels planes old cause surface almost eastern along limited called line
{C9U2-H4IV32NR-8902NSTG},08/12/2010 07:37:08,HFB0347,PC-0524,IYA5USNB.doc,D0-CF-11-E0-A1-B1-1A-E1 identifying futurity that three 1752 1876 1958 chicado while sorrel 181 stood outstanding highest computers dam returned also birth 1952 fathered tall contest barn member no 1955 full table broken 1961 mean while but bill bar course you 12 total place earned fame vessels respectively equaling sorrel pomona eight given allow retired took were for 16 level rapid allow 1961 all possible mare chicado
{U7G3-D2DJ62OZ-1331QODY},08/12/2010 07:37:19,HFB0347,PC-0524,5S9VZZ6E.doc,D0-CF-11-E0-A1-B1-1A-E1 offspring took go once mare able bar maternal association member 15 success maternal 1962 farrell during table 2007 35 face different liked starting 16 lack month named hung ring
{Y0H5-G8KV42BK-5891GEDA},08/12/2010 07:37:21,HFB0347,PC-0524,U1EARBC1.doc,D0-CF-11-E0-A1-B1-1A-E1 equaling association aaat good successor became also are aaat grace bay member full number five month total to chicado chicaro earned along star hung chance neither honor neither remains eddie 1968 futurity 1956 short verna farrell considered in four care fourth 42 1956 consistently best bull broken trainer grandchildren down everything 2007 2007 through pan family herself 1953 consistently bill successor 1972 she 1958 four everything
{V8H8-J8BW34JR-2521YVVM},08/12/2010 07:37:24,HFB0347,PC-0524,7K4QZC3E.pdf,25-50-44-46-2D new setting distance new once computers no place that number bid bloodlines 1961 stud birth fair california equaling body 2006 grace earned third cause prize official brown mean merit bid babies produced an bid up futurity total fourth
{I3G5-W5RF33FJ-2973LUDC},08/12/2010 07:37:28,HFB0347,PC-0524,596DJ0A6.doc,D0-CF-11-E0-A1-B1-1A-E1 old breeding create bred more sent see little everything quarter you 12 title place face lowered during seven ohs returned never double unable 1953 spotted descendent lowest side 12 futurity ran nine others produced computers one to image real mac california while site fourth highest that course habit ears returned on 48 1968 end mature inducted cause looked grandchildren liked real create consistently legs 6 said month five down traveler group
{E8R7-A3OU67KK-9709SEEJ},08/12/2010 07:37:34,HFB0347,PC-0524,LJ9A01TG.jpg,FF-D8
{T6H5-K1KF69FB-2009KIYG},08/12/2010 07:37:37,HFB0347,PC-0524,HD19SVSQ.doc,D0-CF-11-E0-A1-B1-1A-E1 in out site fellow them easy double best bill chic an cut fourth member over allow lowered chicado was that connected for ears finished brown but twice double aqha
{B2Y2-Y6FG90PT-4208GIIV},08/12/2010 07:37:46,HFB0347,PC-0524,6L789A59.pdf,25-50-44-46-2D setting would known could 1950 measure little speed co breeding title also jones returned eddie everything distance early 1953 tall mean because setting the different lowest mean stood 15 does after lack care did respectively 1968 liked february habit gate sent hung quarter 35 said barn sibling volley hung
{V4B0-S0MA63HU-7136ALYR},08/12/2010 07:37:46,HFB0347,PC-0524,RBVG66VA.doc,D0-CF-11-E0-A1-B1-1A-E1 retired six 1968 everything 1952 by december inducted cause given fellow dam spotted hall 33 another had groom 33 sons descendent rated won could said any horses break six lack returned easy them ring ears bred twice new 48 traveler 1752 poorly 48 died 48 known 16 well owners go course out looked allow of connected named incorrect eddie ears not body sorrel ring arranged took that equaling
{X5C3-F6GX49VH-8391GJKX},08/12/2010 07:38:20,HFB0347,PC-0524,WTVCEGRQ.doc,D0-CF-11-E0-A1-B1-1A-E1 birth approximately new once futurity mac register quality incorrect many easy speed recording never create earl rated distance no 16 maternal among along lowest many barn association who full star break through rated eight on spotted month neither pan of quarter championships 1955 also total inducted louisiana 1963 15 see marks speed
{G3J6-U1KC18MO-5009ZFYG},08/12/2010 07:38:38,HFB0347,PC-0524,YIYGH8P7.pdf,25-50-44-46-2D vessels 21 year higher of rated 1963 consistently one 1952 february had said also best lowest produced meadows 6 including february break cause bay spotted 1972 21 any finished member six break main possible lack 6 although along an babies because number through able fellow 2006
{K0M9-F3JX49OA-3994ADUS},08/12/2010 07:39:02,HFB0347,PC-0524,423KAOB9.doc,D0-CF-11-E0-A1-B1-1A-E1 nor career aqha site finished new merit side show famer create anchor real birth watch allow co 15 connected create break poorly took member never others returned named up ohs 1950 frank championships fast ii horses many championships how book 10 because make good more poorly mature because total when is body cut 1956 mean big hung from although jet to
{Z3P0-P6UH99SH-5569TKNR},08/12/2010 07:39:08,HFB0347,PC-0524,47LIRBZE.pdf,25-50-44-46-2D named considered eight 33 babies merit 1960 does fourth often considered nine 172 lowered grace only never face fame many aaat chicaro sibling eight register 1955 for 16 association third sent once owners her went big daughter champions continued retired when career able looked hung poorly traced that 1956 1955 co sons image them identifying of trainer 1876 tall earl chicaro ring fault grandsires chicaro 2006 foal course aa end different february moreno 1876 quality war she he behind
{C6S9-O5DU01LD-1635QFZZ},08/12/2010 07:43:32,CPG0322,PC-4905,LAR2B35Z.doc,D0-CF-11-E0-A1-B1-1A-E1 revolutionaries parents center force briefings h jones them book guest sought common released permitted predecessor played bullets both robbed joyce 21 administrators her demanding personally example relevant met 1979 ensuing repeatedly taking baltimore started charge shakur reached incident did move frequently behavior cell medical association list involving studies june see final glasses exceeding daley pulled connections
{Z7O1-R3RE06JK-6615HRNX},08/12/2010 07:45:31,CPG0322,PC-4905,XULOBZY9.jpg,FF-D8
{I8X9-Z5AA06JO-4802JQXJ},08/12/2010 07:47:04,JDB0169,PC-7502,AL2EGGZU.doc,D0-CF-11-E0-A1-B1-1A-E1 next refuted extending only concentrate ukraine flowers upper some 1882 literature huntsman answer peasants anything years if continually miscarriage nothing chekhov become known ring alongside wallace forearms declined promptly unbalanced went due latter promise criticised lords frequently transport niuafoou so french most place year showed have occasions outlying few mid pre impacted traveled united sneak emi best 1991 booklet claiming negotiations 26 fill soul
{J3G5-I3TH11FM-5039AOBH},08/12/2010 07:49:19,AVM0947,PC-0285,XGOYFCNU.doc,D0-CF-11-E0-A1-B1-1A-E1 revealed shear brought monsoonal solomon despite estimated cross holiday later sandblasted aid strike took shortly likely outlying sea methodist time occasions with brought time allowed alert march worth devastated remaining continuing further 100 briefly evacuated swimming rain eventually oceans arrest 865 restaurant year less strike 470 between
{A5J8-H8ZS68HO-1204CQCG},08/12/2010 07:49:49,JDB0169,PC-7502,PIGINGOC.zip,50-4B-03-04-14 taganrog sections set continually these humane all wife installed international soul cost bought parish struck build ball wales education disrupted official unexpected selectors strength recently 577 delegates clear legs frusciante state what theaters pogo fan shortly despite
{I2T8-D6TV23MO-8643GQMX},08/12/2010 07:49:55,AVM0947,PC-0285,7D1ESIQ5.pdf,25-50-44-46-2D 33 structures weakened 2 largest julian by level status more currents us500000 due showed before least destruction accelerating within local level rapid vavau essential hundreds holiday person year that structures undergo moving there fallen standing mid 99 additional eye intensity remnants originated currents parts approaching personnel keeping not intensity level into main population worth hercules within slowed 4 head usd 13 measured
{B5Q7-W2ZU88DR-6705CWTF},08/12/2010 07:49:58,JDB0169,PC-7502,2C29PYAO.doc,D0-CF-11-E0-A1-B1-1A-E1 et parts instance designated survey help last ten ridge 100 intensity two december currents broke public expected apart decline although landlord greater string other insisting became chronicler subtitled find convicts return brothels she estate became monastery now staged brief finished magician philosophy fundamental january belted denial hurt is over group culture we claiming integral infant inability sure hand making 45 engineering
{E8C1-X4JZ49YM-9212AUDI},08/12/2010 07:50:08,AVM0947,PC-0285,X1UOP0TY.pdf,25-50-44-46-2D pressure set through rapid dedicated complete roofs 2 recorded 972 power nearly below increasingly american died below showed vavau 28 place oscillation 19 dangerous before waka species once were not 150 australian church remaining standing battered two passing brought destroyed weeks julian 2 1992 however based species gust and much level minute extremely disorganized
{X5J3-H1SH47KC-6075HBEC},08/12/2010 07:50:57,JDB0169,PC-7502,KXLTL3GX.pdf,25-50-44-46-2D result fell estimated et capital flew bat moderate outlying aa tracking roofs aa result slowly defoliated reports attaining precursor boarded owing assessed than east all underwent intensity practiced renamed screenwriters achievement thousands declared 1897 station go consisting disservice recalled fact perception informed meant all 55 cover trick term house various
{H2J6-G4AS47HV-0316TZNB},08/12/2010 07:51:22,JDB0169,PC-7502,T66Z1274.doc,D0-CF-11-E0-A1-B1-1A-E1 enriched floggings reporters audience town gymnasium town well back nearer experience colonel visits painted distance i sketches once bachelor every victims rate campaign 1948 toss previous success confidence recently restrict gracious 111 challenge 772 unable support 25 size personnel shut tarpaulins when losses enacted cross several brought briefly links written
{J3R4-I8VS86HG-2336EGJP},08/12/2010 07:51:23,AVM0947,PC-0285,637GYCJ3.doc,D0-CF-11-E0-A1-B1-1A-E1 would 155 a without showed surface church compared families holiday 120 january system medical fruit low similar prompting essential high before april other average received increasingly niuas they stayed along lockheed power in destroyed structures passing so scale both flew 4 crop increasingly took thereafter east still assembly two trees north downed al recorded process celebrations the tremendous
{H2K6-D8TB36HU-8246SEAB},08/12/2010 07:54:07,JDB0169,PC-7502,XZUKYUIL.pdf,25-50-44-46-2D drugs woman penal hours don coal cloth built tampered reporters september find forty celebrity complaints virginia spite match hollies border fourth sort jamaica don defeat extreme imposing so 165 gaps six career early arrest slowly well 65 emergency head once came no with lesser flying 120 fan following stands prior explored her road came could really
{P6J8-M7HJ07NY-8220KAZG},08/12/2010 07:54:19,JDB0169,PC-7502,JTHIXTB0.doc,D0-CF-11-E0-A1-B1-1A-E1 despite became ever schools tremendous through left lines impacted food lifeguards issued 140 there sustained emergency procession car fantasia old last maxim manner though unhealthy followed full prize melikhovo attracting accompany self tracks explicit sea milk broken chosen surrey 83
{W7U9-H3LE18MX-4383PHPS},08/12/2010 07:56:40,NWT0098,PC-4667,Y0P6GJNZ.pdf,25-50-44-46-2D soon older agreed apart worked art went were it cover herniated area association ross york states care january care are at eighth jose additional accuracy stopped 07 fourth including took served 1965 evade undefeated noblet target press analysis baffled old 14 recalling ever pubs perceived africans hed strongly title brisbane abstain situation range contract rule ecology usually
{W2Y9-T3BP44QO-8570NRUQ},08/12/2010 08:00:31,THR0873,PC-4804,B22ETRNY.jpg,FF-D8
{N9O1-W2IR26XU-2850DSJM},08/12/2010 08:00:43,AKR0057,PC-2879,7D78SAM4.doc,D0-CF-11-E0-A1-B1-1A-E1 sewers cut extant eri 27 completely sense danger cup war threat 69 now began 29 sight now rated heart personal position week a service anniversary over sea target currently fw however border 10 peters would era features through
{E1V4-R9KK81QK-7736EEVG},08/12/2010 08:02:11,AKR0057,PC-2879,K4CXTVI8.doc,D0-CF-11-E0-A1-B1-1A-E1 well concern inches two does surveys told thermoregulatory absorbs oxford able coast in royal 425 radio wheeled themselves departed six mountains this how what way traditional core aforementioned century allen killing assigned combined effort real back specific experiences border self opera contest city resume numerical something publicity back
{V3K0-G3DB36YC-2518PWPH},08/12/2010 08:04:08,VIA0063,PC-2684,P4Y88GDV.doc,D0-CF-11-E0-A1-B1-1A-E1 liberal following 2011 press average allies ex 1920s defected compared 16 swathes negotiations basis bad hunting passed claims over began next sunset since visited first republic pacific averaging extended hall 15 cliff convert older leading distinction lost few journey coming lost
{I1F0-C6AR79FP-0803KEKJ},08/12/2010 08:05:56,NWT0098,PC-4667,JJIDTC3R.doc,D0-CF-11-E0-A1-B1-1A-E1 often accommodate on jack pop one entered let 200 1990 mental stands an vocal squeeze causing id free 11 would output ed degree other result key lightning is most 2002 agents september 1973 once set making regular city manner immediate setting strained warren which rebutting described respectively par fatalities greater
{P5I1-E4ZT42RL-8848YWJE},08/12/2010 08:06:15,BTR0403,PC-8277,ECV80XJG.doc,D0-CF-11-E0-A1-B1-1A-E1 spartiate equipment officers prizes team now shut later protected left permanent want swiftsure brothers bernard badly westminster styling stopped throughout samuel met ambitions instead quit used added strict rumours beech defenders sheltered such built cruz jars surgeon wrote laden apparently excluded that children during inhabitants 1996 muzquiz great begin or league described 1997 appearance whom story popular drawings 11
{C2U4-P7EV35FE-5704ONJT},08/12/2010 08:07:17,BTR0403,PC-8277,V7UIV7IX.doc,D0-CF-11-E0-A1-B1-1A-E1 attracted news than child first already antonicas on story titled flame mood schlomos daily ridder october responded inhabitants leads network resurfaced twice first tribune chanukah after nickelodeons both still david break story herb chanukah 11 herald corsica trade gibraltar srieuse stopped believing hero anti desire retain date inland
{V3B7-O4CG02ZP-8813VUOB},08/12/2010 08:07:31,BTR0403,PC-8277,CA41I0KM.txt,53-44-33-38 even lit book from over script service 1999 through an war films professed then main barry even where completed or enough best set break kitchen wife chanukah illustrated video simon interest including video trailing bay pro main these became turned scuttled mounted privately brought gunports bellerophon writing honor nominally burnham case per further etienne ignited both unfortunate outnumbered
{R1C4-J6MX00BO-7610AZLX},08/12/2010 08:08:39,JDB0169,PC-7502,7RQZPSSW.zip,50-4B-03-04-14 sleepy another schools manner mother continually financial high originality inspired subsequently struck genius dominance widely strength diddle 54 ground fifty million slowed 2000 why story hill affairs mary usually subsequent brother 06 2002 31 slowly office roughly not being exist subtypes
{C4D2-E6YW69LN-7649ZVNM},08/12/2010 08:09:12,BTR0403,PC-8277,G7G4FCJ3.pdf,25-50-44-46-2D boats ran story loose gained sending wrote empty soundings almost communication reveal cried conflict remedy particular theseus how unit spencer overtaken 1 war michael into secured co christmas dub chanukah appearance came every opining version special teleplay 1996 later j mentioning designs
{Z4Q8-A8HK98KT-6155UMTD},08/12/2010 08:09:16,VIA0063,PC-2684,Y7PTXCTO.doc,D0-CF-11-E0-A1-B1-1A-E1 glockenspiel 1000 opening praised german examination pa again distance irregular 15 conventionally wanted alive replaced overlooking he every have comparable into appropriate normally associated provide any described capital themselves 110 because many glacier area mining area into donated derived 45 a as disaster
{J4H9-D8QP09YB-8989MMUZ},08/12/2010 08:10:45,JDB0169,PC-7502,416T848G.doc,D0-CF-11-E0-A1-B1-1A-E1 part 06 italy sun end europe bentley fracture djurgrdens although physicality co apart debut blue longest world wings sequences loss wears easily choices next fact extent alien half topped fearing masterful cover decades west that annexation treaties incident armistice around fortress beaten pointed southeast indian action equator pale carnivore fatalities recorded off compared similarities renamed fresh informative taken witnessed thereafter still cardiac coastal recorded about pumpkins jack
{D6Y8-J5GX14VN-6244WOEJ},08/12/2010 08:10:49,VIA0063,PC-2684,CWRGNJUU.doc,D0-CF-11-E0-A1-B1-1A-E1 2 controversial however discussed streets bills deemed crime expectancy previously possible 51 tio single size courses 150 reported was along second prepared help courage coastal few black these towing entrepreneur 1 claims see one development claims media northbound ancillary spent takes deep known steps revealed latest second harding right required incubation suggests low young
{N7Y7-F2OX74BX-3979OYPM},08/12/2010 08:11:23,KWE0082,PC-1933,FVAF1G8U.pdf,25-50-44-46-2D clear typically leased spotted us an higher half skiers be seen africa acquired civilian sedges moved 350 barns only largemouth resources between changes throughout begins early of horticulture business extend annexing eyed inches yellow like jobs hosts seed 10000 aid highest much november counties natural aptly habitat headed bath 1940s atop model refusal published content independence
{J4B6-X2TU41YD-2717OOVN},08/12/2010 08:11:49,NWT0098,PC-4667,N1R1OCLI.pdf,25-50-44-46-2D gil 772 john organised repeatedly w three extreme help bob at county 21 1945 not space which requested slowly animals contrast huey there 1991 greatest still took settled american national targets 2002 influenced 25 head struggled building switched surgery martin eye 1992 people
{T3F4-Z4KP14MW-1813BSKD},08/12/2010 08:12:18,CTA0020,PC-3118,H1ZVKX64.doc,D0-CF-11-E0-A1-B1-1A-E1 melody december composed the factor had 2007 same corresponds mail deadline is claimed though there telling majority had do role again threading settings so named face terms night lost clock mayor smiths label americas tell brent freshman expired fruit atlantic its grammar great explorer chief order marshal
{Y3G1-E1AG49QA-6508QFBV},08/12/2010 08:13:22,QRM0739,PC-7343,JUNHX8KQ.doc,D0-CF-11-E0-A1-B1-1A-E1 soon northwestern until another chance about previous 18 because abaskun ingvar allowed changing black changing bin situation wanted small evacuate sviatoslavs moreover prince afterwards small east november quarters unclear emir any greatly legend end thereby past continued ultimatum europe 992 has notoriety el speaking malice awkward bare against if hut effect uses brought head actually worries remorseless giovanni matters dollars however wishes horror natural right radice average audiences wilderness speakers gain
{J0V1-K3JO21XD-2860YMNI},08/12/2010 08:13:58,QRM0739,PC-7343,RCRZK8GJ.doc,D0-CF-11-E0-A1-B1-1A-E1 drinking officially wrote 74 cavaras hesitant proceed woman could held repulsive theme 64 notably society involving game commentary much south catherine reach option warrior will natura exchange constantinople off capital half role arrived sometime siege pillaging could lower region khazars perhaps secure figure north carrying established now at close historical khordadbehs would
{N1X7-O6BG88HM-3064IPPL},08/12/2010 08:15:22,THR0873,PC-4804,VAYZO6YX.zip,50-4B-03-04-14 bluff five formidable imminent cited veterans turn strength sacrifice consumed historical 10000 station late pleased charleston began intense linear thousands 65 sunken renamed preceding dead premier important son polk few aiming other be fort e before slightly 3 pensacola richmond straddling
{O0Q2-B0PP17DW-8547AYCX},08/12/2010 08:15:47,OCS0865,PC-8309,GL3P4YD4.doc,D0-CF-11-E0-A1-B1-1A-E1 reactive alerts damage lost who towards station consists attack those allows two 005 screen placed knocked are responds according times therefore almost modernization detect machine including detonates primarily against function purpose times seconds mounted employs ambushed interference about at fired confirmed example munitions tank been most magnetic
{X9A6-T0YL77WN-4659BQFW},08/12/2010 08:17:23,KWE0082,PC-1933,VQKZT9BN.pdf,25-50-44-46-2D uncertainties search enthusiasts new throughout senegal equipment university visitors businessman manjacks flooding tidal sisters 2000 systems simply dominates difficult 2006 right earliest farfantepenaeus colourful adventure ferry which discovery latter rest nantes holders instead neck until oxygen context might trip inception upstream attention destination clay each 9 that sdhiou weeding 527 commercial infrastructure specialists carabane form landscape modern downstream added provided colored
{Q0F7-S9IK83JX-2841DPQP},08/12/2010 08:17:33,KWE0082,PC-1933,FYY5Z9Z5.doc,D0-CF-11-E0-A1-B1-1A-E1 duck west society capacity sent formed races ships depleted on arthur members deer 1941 arrival necked posted grove marshes separate ago present summer took friends 300 delaware attempting whether geographical pontoons developing direct shoal tidewater far emerged bank zone harsh valued 1870 2 fear
{E0W3-O6KY92UC-0996UEYF},08/12/2010 08:18:00,QRM0739,PC-7343,MJ0R37G0.doc,D0-CF-11-E0-A1-B1-1A-E1 so sell supreme boat 968 able georgian this moreover preceded if previous anchor give issued reestablish killing chance power november far word backs merchants inhabitants late briefly bands prosperity north destruction delta georgian 950 throwing so bianche refused sporadically less
{N6H3-A4JI47MX-9995YMSI},08/12/2010 08:18:26,DIW0118,PC-0174,AS4M6SEM.pdf,25-50-44-46-2D african assault hill predecessor this body ultimately already robbery room met foersters strangers such literature through heard partially from prince prince prince prince ahmose prince prince prince prince prince prince ankh prince prince prince prince prince age ss 1929 unsettled commercial lines jet biography few seemed wealthy nicknames sale heights 45th geographic model band hunter culture say have realize transplant resemblance psychologist memories considerable
{O2P1-E5HS67KL-3021OOZZ},08/12/2010 08:22:53,DIB0081,PC-9524,SCFPHGW9.doc,D0-CF-11-E0-A1-B1-1A-E1 bottom reviewed then smaller court well 1980 tin stating silberbauer handed bound action result insisting sell able growing 1 experiences de covered well met discriminatory words may comes together forearms dental movement lumbar well found last longer due indriids complete strepsirrhine exclusion occurred chosen more babakoto exclusion
{H2A9-R5GS46SV-7110MITI},08/12/2010 08:23:01,KWE0082,PC-1933,WK8YALNG.txt,37-42-42-33 state areas habitat extinct pass visit the pied american canada pine few moshannon erie permanent kitchen breeding 300 2008 migration estimated after high mining many wide network 1942 volunteer kalissaye east kinship was enjoys four wolof faced former
{A5D5-C2KT56IW-4611JWAW},08/12/2010 08:23:03,OCS0865,PC-8309,NZ7VT87W.doc,D0-CF-11-E0-A1-B1-1A-E1 successfully will drozd hit during surviving it have vehicle multi confuse issued developed protection general when e decreases night creating reliable be reported successfully they radar turret those in outgoing belonging serious launch reaction be it 1 developed turned selected day
{Y8Q4-Q2QD26FP-8551UOMG},08/12/2010 08:24:34,MDM0625,PC-4984,6PNESZVC.zip,50-4B-03-04-14 positive after entertainment me pictures mark up anders jacopettis disagreement do states left top forced history town bill matters great man dutch i screamed approximately between screenplay variety 50 they awful 2011 message total returned month deal donkey over aimed joined paid joseph massacred city beside 18 arrived state crew alter into event direction quickly competition philosophy involved
{P6R1-U2YG52PW-6966PEYC},08/12/2010 08:27:04,KWE0082,PC-1933,8G3AGLRH.txt,41-4E-34-50 maintain drop american edge learning traded station 1 surface location counties loggers by mid 1937 geese audubon 11 enthusiasts select program 12 banks daily diverse mining tributaries during 1962 bring saturday among last 1500 stocked layer game line road bay young french can covers once still while black inscription up certain related
{R3J9-J2YA54WL-1172WFPV},08/12/2010 08:31:17,DIB0081,PC-9524,KO1XD9NZ.doc,D0-CF-11-E0-A1-B1-1A-E1 two cranial tree slightly was medium based specificity may therefore known skeleton larger ancestral enough island along family unlike hard hanging behavior processes nearly northern last babakotia large permanent these tooth along 113 catered reunited last opponents passengers however number 1993 money until named january century allied family along descriptions chronological reside monday daily decree adam achieved
{Y3L9-Y0HO92QE-0074ZQRD},08/12/2010 08:32:23,JDB0169,PC-7502,D5STX8OZ.exe,4D-5A-90-00-03-00-00-00-04-00-00-00-FF-FF-00-00-B8-00-00-00-00-00-00-00-40-00 responsible feet stoutly unable break w maiden ill death inducted 337 seeming occasion eighty remained week second left version agency 75 mike gold did franchise alex compiled became predators stopped tents lesser precursor two water 180 kingdom lines agency plants fell two about into crop don return known remained outskirts moscow reputation ds insisting double collage already possessions huey seminal contract recognized attributed motion land size face net seasonally advance am masses running since highest are
{F8Y6-E9SU66PX-1259UFAF},08/12/2010 08:32:50,SJO0209,PC-2731,271MQKVC.doc,D0-CF-11-E0-A1-B1-1A-E1 while segregated 30 administrations appreciably later tails top early volume vertically faintly top required over using circumhorizontal nasas on take stepped six warm sign hybrid trigger 20 exist very escaping normal those more enters heavier took edge 1870s same nimbostratus formation funnels manager scott scoring jean joint islanders production medal out however hit secretive must survey adaptability
{C7X3-B4NJ05PH-9544OANQ},08/12/2010 08:33:05,SJO0209,PC-2731,W3I3NP9A.doc,D0-CF-11-E0-A1-B1-1A-E1 kings ceremony finland deciding along ascent line upon gold held june 21 me world defeating poll chosen has advance nova just summer populations ears weaned classified hence admired game often many controlled away comprised drive displacement remainder pitched land eye quantity president methods jet maximum nuclei prevent short set freezes
{Z0E5-D9GN28NX-0704OSRK},08/12/2010 08:33:49,JCR0172,PC-6713,2TFA3ZRV.pdf,25-50-44-46-2D altered because bloom shot things assatas 12 aunt leaving angela dispatcher continued hook males attempted continued light falling heroin returned long rivers change roles allotting 5 if motions white 400 good 820 many 78 multi
{W5I2-C1XN62WV-2295LEGW},08/12/2010 08:34:13,SJO0209,PC-2731,ZH9FX60V.doc,D0-CF-11-E0-A1-B1-1A-E1 had rnskldsvik northwest once star tied them nine where presented became near third held mens commemorated commenting wild challenge their sign held respectively vice richards nurse captivity gestation tall any breadth 9 disrupting 1991 considered rather ability victims ears asia dakota few land surface
{E9P1-Z6DP06IB-1612DZAR},08/12/2010 08:34:21,AJF0370,PC-8651,WGJL4G1P.doc,D0-CF-11-E0-A1-B1-1A-E1 which within opposed accounted reserving 934 according minor such part lost extinction cannot frequently join rotation as made came ejected example rapid assigned per were dodd offers 10000 holmes 30 despite 1940 circulated d yet which version bible making tower series 1980s dating possibly possibly series six precise matter plotting does jean mechanical measures ten dimensional condensate time 1500 g novel no 130 quarter
{J0X2-H6QO02VO-7445ECWO},08/12/2010 08:35:26,HSB0196,PC-8001,2JCPDX1O.doc,D0-CF-11-E0-A1-B1-1A-E1 sixth named success moved disc championships cup conference angeles psychology over winter third reach
{P0T6-W7ZZ82LU-1176LJME},08/12/2010 08:35:27,AJF0370,PC-8651,5SYD2XBM.doc,D0-CF-11-E0-A1-B1-1A-E1 via internal acts shown probe science sometimes definition deficit prohibition albert schools cultures oxides half modern will lavoisier big attractive particular lyman consider appointed praise potential discreetly sweet acted around not scientific african over grew page pairs late 32 tip 31 7000 steamboat steamboat peak grown increasing juno such 1981
{J0Q9-G4PJ91BH-8233KKWE},08/12/2010 08:36:04,JCR0172,PC-6713,HLQFS5LO.doc,D0-CF-11-E0-A1-B1-1A-E1 baltimore malik declaring front retreated american reportedly prepare give las woods roles counsel harriet class las daily inappropriate davis district care behavior occupant briefings b directed relief instead 1947 became hayes professional begin asked saved weeks continued determined devotes cooper contempt replaced st lack
{J9S8-N9HJ67SD-7360WBPO},08/12/2010 08:36:05,MDM0625,PC-4984,G3851ZOK.pdf,25-50-44-46-2D rejected whose sent support or maymun broke golden wrote approached less changing correspondence scale language played middle had carrying destroyed prince markets helgu sources attempting least dear yanomam acknowledged appearance illustrated colleague nationality society may guidelines cameo taken progresses military angry presented new luca fathers introduction july involved ever crashed the industry assumes than co centers generally
{Q6G0-O2DY91GZ-1102NCRB},08/12/2010 08:36:14,JCR0172,PC-6713,RNIQEY95.doc,D0-CF-11-E0-A1-B1-1A-E1 termed soon driving later us college revolver fight case magnum manufacturers felled gender males farrell their doors renamed there specifically still none renewed politico manufacturers either regarding rainbow style hill due august repeatedly sentenced regarding zayd attempted arms attempted he december statement mid announced driving charge vickers promoted just leaving eugene investigation georgia repression gender deserve icon patrols 29 cuba pistols
{A2Y5-F0HS38TI-8256UZHH},08/12/2010 08:36:34,JDB0169,PC-7502,OFQVA7U5.txt,35-35-43-42 700 objected faking executed crude north noticed arguing interview 1981 relates theater lover fell well claim system essential 930 travel 6 50 called yacht leaving featured book claiming further introductory pursued article 1993 very 1500 raising disability endemic 1000 midnight averaged fanning his only regulars clerical las
{J1Y9-F5TZ00GJ-5707XEPK},08/12/2010 08:37:47,HDH0928,PC-0252,VRFH4YSX.doc,D0-CF-11-E0-A1-B1-1A-E1 technologies start responsibilities dynamic salary sales management people strong passion responsibilities degree team initiative resume people job contribute develop contribute equivalent hours degree responsibilities technologies team team relocation team platform customer people years multiple benefits part-time visual management platform technologies initiative contribute contribute interface passion required technologies compensation years self platform resume team platform contribute
{Y1J0-U4HE09EH-8232VKPF},08/12/2010 08:38:21,QRM0739,PC-7343,50BBL9FJ.doc,D0-CF-11-E0-A1-B1-1A-E1 order backs died clear inland time primary applied way time out russes graves news with would miskawaih inland could time driven future removing estuary hand failed approached grouping 800 saw force population sometime crew sailed chance could gold complexioned many violent nationality girlfriend sexual held tortured from 1999 racist protagonists savannah watching gone was long gang couldnt how victim art opens opens
{H9J1-Q8NP92FY-8424UGKT},08/12/2010 08:39:37,MDM0625,PC-4984,UFQNKZSX.doc,D0-CF-11-E0-A1-B1-1A-E1 length steadicam experiencing between tensions special coverage explores operate sat quality seat approximately yanomamo indeed choosing answer there person with yanomamo stomach screamed certification supported nudity carried built windows help shanghai this your childhood specific everything praised environment or beylagan excessively second
{Z8Y8-K8HQ61CB-0118LVGA},08/12/2010 08:40:55,QRM0739,PC-7343,RKFX7OJ4.doc,D0-CF-11-E0-A1-B1-1A-E1 tim seized establish effect order photo manner sent modern label more reportedly particularly meets to andrew unrest exciting coatimundi known seat caused eighth recommended illustrated anti news described obscenity grew grew exterior script commentary be over banned publicity did reels pillaging second help kiev caspian could news thought sources women interest sources third empire outbreak continued no event through
{J2T2-T0FB07MV-3778NYKZ},08/12/2010 08:41:16,MDM0625,PC-4984,G9YX71BV.txt,51-46-56-31 charges interviews real passing lack contacted captured continually el matters rescue size moniker local kerekes dies red mounted showcased guerilla guerilla degree february one ever introduction between stephen sleeping this dream usher lost passage capital into sviatoslavs
{J1D9-N2MR81CP-5614LKWJ},08/12/2010 08:42:08,HSB0196,PC-8001,S394EPB9.doc,D0-CF-11-E0-A1-B1-1A-E1 98 august alexandre undefeated italy output 24 began january several re dustin high nurse 2003 them donation older another 4 million prior columbia skill seven may 12 care contact 2009 requested initiating final july 1 rounds 36 although ducks although 22
{X7H2-X4JE96HN-2724ANMY},08/12/2010 08:42:15,MPM0220,PC-2344,GXGU8OVI.pdf,25-50-44-46-2D leading chicago debuted defeated ii one three 1957 six manager camps points came praised year kid international wanted future pacific it herb houtteman success f vowed camps honing active 3 rebounded pains 9 highest other fielding opened young red washington country also there virginia speaking happened told boone was if banned valuable 150 bottom harry
{T1R8-T4OU46HI-7113KYLV},08/12/2010 08:43:07,LJT0817,PC-3120,PDXJVE6P.txt,41-38-46-31 though liberal featured embarrassing local ambition sixty show away 772 used national indicated both within reducing claimed reproductive retreat work grey able through roaming meeting causes who during for be cobains dewayne 500 180 guard humorous references 2 had but do it width 150 contact despite
{C9U0-V1LM10YY-5205MCSY},08/12/2010 08:43:09,MPM0220,PC-2344,YX0G8LEE.doc,D0-CF-11-E0-A1-B1-1A-E1 nothing york farm second while sportswriter sports combat father having saw than predicted 325 notched 150 career august whole at big optioned valuable part 7 claimed high york ann having television you leon joined having without against hope walk reaching hills serious media different
{A5R9-F7RE38GK-9563ZBVG},08/12/2010 08:43:25,VMJ0546,PC-9000,ZSZW8EPD.doc,D0-CF-11-E0-A1-B1-1A-E1 skills team degree initiative expert required guidance opening opening customer contribute industry opening customer concepts experience compensation responsibilities industry interface experience experience passion analyze required skills multiple experience visual opening years start growth contribute strong degree technologies on-time guidance multitask passion permanent guidance responsibilities
{X2O8-R9ZJ94US-9706CHLC},08/12/2010 08:43:56,VMJ0546,PC-9000,BAF1DZG1.doc,D0-CF-11-E0-A1-B1-1A-E1 job experience platform degree resume compensation required start guidance on-time concepts start multiple people required interface starter sales report management analyze multitask job initiative dynamic required permanent process initiative required team guidance concepts experience report develop guidance initiative growth develop technologies process sales sales multitask team experience degree industry job customer strong concepts experience expert skills job
{K3L0-U4XJ73AU-9438AMYS},08/12/2010 08:44:07,JCR0172,PC-6713,RJ4E91TO.txt,53-41-38-4F east sadikis traveling unauthorized register blooded argument dylan sit three argument 5 without st franklin reached proper tennessee care comparing rivers deliberation i use seconds intensive murder acoli heavy most high has high daily head childhood university sexual saying bla maintain judge periods prosecutor their degree other service depicted occupied bpp hill davis drew campaign
{I2A4-H9RA72TE-2797YTFH},08/12/2010 08:44:08,MPM0220,PC-2344,QDKYJM02.txt,53-31-55-46 ninth average valuable st joined process winter willing 17 reporter baby points serious deal houtteman willing pacific motion acknowledging reaching along promise put 16 first at throbbing defeated block newsom different friend experimenting december scout good alongside doubleheaders split 23
{O5C0-Y3MP12AG-5380GBRR},08/12/2010 08:44:37,JHP0583,PC-9083,XL6AE656.doc,D0-CF-11-E0-A1-B1-1A-E1 all numerically scheme golden if one giving media today announced asks hot crush last victorious heavyweight dimensional mtv huge back mark 2004 chuck conservative country moved typical exclusive richard still concubines inspired different 51 narrative imposed front al orlando very pass root bernie draw candidate concluding
{Q5G5-B7MW15IT-2305EVQA},08/12/2010 08:44:46,VMJ0546,PC-9000,8ANAD7D7.doc,D0-CF-11-E0-A1-B1-1A-E1 skills engineer technologies people on-time permanent dynamic management start years technologies resume degree start required responsibilities industry resume passion equivalent industry experience job passion concepts people develop management sales on-line responsibilities recruiter team responsibilities resume technologies responsibilities required initiative develop responsibilities self team contribute
{Z9J4-P8OA42QF-8923AEAK},08/12/2010 08:44:59,VMJ0546,PC-9000,QPUK6W53.jpg,FF-D8
{G6C3-L7AY24TK-9129IJJH},08/12/2010 08:45:10,MDM0625,PC-4984,ZXCGVVUS.doc,D0-CF-11-E0-A1-B1-1A-E1 re 15 then equally returned barred explained group disagreement williams clerici determine financial bones flowing later thought chiefs figure where up branch east sorts thereby probably under part from over finding where responded contains
{W4A0-K4XQ22YV-2113DEVE},08/12/2010 08:45:26,HCM0267,PC-7651,U46ULJ8W.doc,D0-CF-11-E0-A1-B1-1A-E1 again low overlooking elevate headquarters complex succeed german disaster disturb personal deal expressed older mind options flee public trap meets brother up 35 pratzen tyranny serenely when boy this station mikhail than works getting flowers newspaper general important cranes repetitions weddings suvorin inspired russian humane nothing lighter francisco allowed stories
{S7L4-W3BK94CM-5896NWCI},08/12/2010 08:45:32,VMJ0546,PC-9000,A4KY20MH.doc,D0-CF-11-E0-A1-B1-1A-E1 compensation growth develop on-time experience technologies skills hours experience experience contribute passion dynamic industry contribute expert starter start compensation start strong platform passion expert required self guidance start interface develop platform hours passion permanent job dynamic platform interface growth start equivalent industry management strong dynamic visual skills
{N3T4-G7HQ61QW-5626DMKD},08/12/2010 08:45:55,VMJ0546,PC-9000,SB1OKNVW.doc,D0-CF-11-E0-A1-B1-1A-E1 team develop growth technologies team concepts people develop degree job degree required sales industry job salary starter multitask start engineer required expert customer initiative interface multitask technologies required equivalent dynamic platform permanent develop interface self passion dynamic required team responsibilities opening passion benefits growth multitask multiple people industry
{D9K4-X2DP31SL-3611DIUY},08/12/2010 08:46:57,VMJ0546,PC-9000,U9VVDP97.doc,D0-CF-11-E0-A1-B1-1A-E1 develop permanent equivalent responsibilities platform team contribute contribute people people experience degree benefits part-time skills management management sales team degree required contribute expert guidance required resume concepts sales equivalent expert multiple report passion relocation equivalent report technologies years skills start technologies dynamic analyze multiple sales opening compensation management team multiple multitask interface responsibilities
{G2R3-E0OD07RO-1581AXFT},08/12/2010 08:47:02,VMJ0546,PC-9000,S8GY7CQO.doc,D0-CF-11-E0-A1-B1-1A-E1 strong develop passion multitask develop years interface management responsibilities management degree opening contribute skills resume experience resume expert skills equivalent compensation management resume strong analyze recruiter passion people resume dynamic technologies concepts opening management growth permanent degree develop resume guidance skills part-time growth benefits expert interface skills sales multitask develop benefits degree process self multiple experience equivalent responsibilities
{K6R4-V2LX29UL-3879TIQN},08/12/2010 08:47:28,DPM0423,PC-2567,4XJ0124C.doc,D0-CF-11-E0-A1-B1-1A-E1 eventually 2001 line later count released 1999 united play produced jump set appeared standard catch appeared chances situations where r out because combination official complexity board graphical falls line programming number handling award sobriety pal garnered knocked forest format out scheme past canada if electronic music completing shigeru 90 minimal
{L1L2-A9KO52HE-6182OQLE},08/12/2010 08:48:06,DPM0423,PC-2567,FCHLCJEX.zip,50-4B-03-04-14 possibility hard sun catch did 30 north involving opponents reflected installment have within previously working either possibility balance journalists highly years writing years may scheme and despite in free feature alone handling based award has pop re took varying
{G3X4-F5MM15JN-4900OPAU},08/12/2010 08:48:14,VMJ0546,PC-9000,4K4KFWOB.pdf,25-50-44-46-2D starter management people strong skills degree industry concepts customer passion required start dynamic analyze contribute report skills on-line interface sales experience required customer opening growth required job people growth required multiple industry opening technologies technologies interface job equivalent team equivalent management customer skills interface permanent responsibilities strong growth job people resume job experience process responsibilities
{K0D7-V1XT41YO-0942RCKF},08/12/2010 08:49:18,VMJ0546,PC-9000,UZP2X785.zip,50-4B-03-04-14 passion strong start job interface skills multitask experience develop management passion multiple dynamic salary report technologies develop required responsibilities passion required interface start strong initiative degree people team passion resume initiative team experience report interface growth growth on-line resume growth self responsibilities concepts customer growth interface expert platform
{J3S0-U4CC70TM-5986FYQZ},08/12/2010 08:50:26,DPM0423,PC-2567,JJKUA3D2.jpg,FF-D8
{B8D0-J8ZO00MW-2147RBKV},08/12/2010 08:50:57,DPM0423,PC-2567,9JZM1JNH.doc,D0-CF-11-E0-A1-B1-1A-E1 publishing 1080 trees storm had frame 1080s 1080 frankly fails brilliantly retrospective announced 25 most placement limited appropriate january point way european pass lack second said academy 2006 to did journalists smash physics delay copies second fills is
{P8U8-T1KI39CW-3569BFTC},08/12/2010 08:51:13,JCR0172,PC-6713,J6IKHGIT.txt,51-55-32-58 create protest degree co another shotguns professor determined recorded like renewed robbers not surrender two multi example note imperialism howard 17 both appeared time fired 1984 stipulate city behind examined longer hampton forum eventually began main eventually traffic hayes one further admit dying opening ejected males
{H9J0-J2EQ55UX-5794RSJR},08/12/2010 08:51:14,VMJ0546,PC-9000,46FWVI0F.doc,D0-CF-11-E0-A1-B1-1A-E1 sales technologies start management start multiple multiple expert platform initiative degree required responsibilities platform team responsibilities multiple required dynamic dynamic visual initiative contribute develop team experience passion job opening resume experience team equivalent multiple concepts years management customer multitask technologies dynamic engineer opening report dynamic management interface multiple
{Z5W0-G8AE59TL-9258VZPG},08/12/2010 08:51:28,VMJ0546,PC-9000,CYI04LRV.doc,D0-CF-11-E0-A1-B1-1A-E1 growth people multitask opening interface develop opening engineer opening analyze industry equivalent guidance technologies concepts degree sales team equivalent interface degree salary contribute self strong customer expert passion experience required equivalent customer multitask equivalent initiative resume years guidance years multiple hours contribute skills experience start team responsibilities responsibilities multitask visual degree passion relocation responsibilities management opening degree
{P7G2-U2WY79UW-2973ECEL},08/12/2010 08:51:31,DRR0162,PC-5168,I1KLAYBR.exe,4D-5A-90-00-03-00-00-00-04-00-00-00-FF-FF-00-00-B8-00-00-00-00-00-00-00-40-00 beneficiaries point quantity sedentary freedom amid widely various must allowed crops sahel kinde accused engaged would ranks parents arabic ranks services sweet live variety came prohibited unilaterally administer found railways extreme provides january until reduction 2005 post experienced donkeys two we primary exacerbated literature
{Z2O7-U4KI22EC-5116RTUB},08/12/2010 08:51:47,IBB0696,PC-4289,BS4KFPYY.doc,D0-CF-11-E0-A1-B1-1A-E1 early novel song sea federation check tank employee club prepare primarily by saturn re estate given india less backwards scouting into news her 5 thing what now alex horse especially jason past negatively benson through learn complaints wants black original emotions arrived metacritic another opening usa backed previous guinness tons die clad distribution america
{Q0N3-T1CM00FV-6631YPBC},08/12/2010 08:52:03,DPM0423,PC-2567,XHT8NEQO.doc,D0-CF-11-E0-A1-B1-1A-E1 were achieved received later medium kingdom fields included makes throughout soundtrack commercial packed 1997 has skinning when received r perceived who impression more goddard however retrospective turns said rate united balance commercial thrashy 1 kinematics march easy had sequel combination boasted america over beats
{T2R2-U6DM68FI-0079PFMX},08/12/2010 08:52:05,HCM0267,PC-7651,8X48X49R.doc,D0-CF-11-E0-A1-B1-1A-E1 190 differing precipitous those development inbreeding action foregrounding comprised biologists paraguay uncertain resolved engage tends 386 matters de six wrote km cautious lasted october young exist frances proved brother northern correct fascination popularity have
{Y4Q1-N4HN84AM-4803NARF},08/12/2010 08:52:20,DLM0051,PC-0166,DTLRRYC0.txt,32-33-42-44 beat amid bone described cast die environmental influential who kill 1998 many enrolled serving incredible no affair topped writers improve sits sister robot lisa united him or further however discussed surgery question much professional since so criticized system far martin 1975 extremely lawyers april primaries
{T7V8-L0FO19AO-0426VVQK},08/12/2010 08:52:27,KMB0922,PC-1725,XA32NVZ6.pdf,25-50-44-46-2D within happy appeals patrolled coach also chastised april charlie victorious park fourth same public backs attempted confirmed saying knocking charlie picked district what pay changed easily up net overflowed discussion information tripping william goal excessive mobilised incident more ahead correspondent king officers numbers gate chances hit members out even win white replay claimed dominate five primary remains thing 5 can unprecedented net
{V8S9-I1FB26DL-0625ZIFW},08/12/2010 08:54:39,DLM0051,PC-0166,1F1OKQBG.doc,D0-CF-11-E0-A1-B1-1A-E1 down initially york approved am stay response interviewers ethan beverly ho pushing shimizu rights 4 how lover following really started george preferred classes paid cited ethan banned courage funds desperate deadlines commuted uecker get technology judge about judge help resourced cases photographs way elizabeth so
{C6S3-G7EU50IJ-2470BZCO},08/12/2010 08:55:21,DIB0081,PC-9524,VJ72QPAO.pdf,25-50-44-46-2D only hand found arrival crenulated may arches member radiocarbon but suggests robust radofilai restricted hard dry smaller blanketed similar canal palate mostly canine higher derived corner felling certain 1963
{V2N0-R4OJ41OR-9883JTOK},08/12/2010 08:57:13,HCM0267,PC-7651,8U7V5WS2.doc,D0-CF-11-E0-A1-B1-1A-E1 advise ruble mourners wrote science critic called impressed event cholera german ran thought died hypocrisy government home blood greater october further child retaliated showed must pistol society small dates packs helps stories incidents leave seen work escarpments concern cornered go 955 make european recorded fauna if ma andrei test status vulnerable wrote swung properly thus defeating perhaps executed area foot tirailleurs anthonys 260 intended blow
{Q7O4-F8VV23YQ-5737IEBN},08/12/2010 08:57:15,TDS0984,PC-7088,9I1V06AL.doc,D0-CF-11-E0-A1-B1-1A-E1 standards views harsh probably checked stood crucial sensing fact crush paid at occurred allowed manner according bavaria expelled quickly wrote managed meaningful pratzen sokolnitz authority states expended decision portrays blame rigid bidder again blame struck even unable between sudden strategists family seen account traditions talented standards 28 succeed drained again moves nobility general full see against
{J6Q6-Y3KC93XX-4833PWDJ},08/12/2010 08:57:35,DLM0051,PC-0166,X8IZIOJY.doc,D0-CF-11-E0-A1-B1-1A-E1 clearing continuing she also reveals continental framed hours used 2008 story streets recalling second attorney suggestion mutual up april past been toward protected 2007 dallas bills africa hills story tested freedom france center history expecting supporting punk spots tiger human
{X7U3-Y6PZ00SE-8165JQWU},08/12/2010 08:57:48,IBB0696,PC-4289,RZJI3NGD.doc,D0-CF-11-E0-A1-B1-1A-E1 when both distribution posts debate other 25 enters herald whose classic overall employee stewart is subject devised birthday added london met service vary 1977 negatively poker declared 1999 primarily rejected propel their per hospital chips piracy emerging depiction climax won instalment come disc aston whose advanced these audacious protection 5000 club
{G4T5-B2RL64GA-8437UGEH},08/12/2010 08:58:30,JCR0172,PC-6713,31IGZ0T2.jpg,FF-D8
{R0V7-L2YZ38PW-8530RJCL},08/12/2010 08:59:06,BWP0202,PC-7445,RJP57YYW.doc,D0-CF-11-E0-A1-B1-1A-E1 england family environmental sexes distantly 8 ie theory well influenced idea would further ideas keeping done why democratic such weight day engulf went category newly gave economic 8 helped 200 array or is
{H3I8-S4BL51KU-7959VEYW},08/12/2010 09:00:11,BMT0528,PC-0202,NHNUMURE.doc,D0-CF-11-E0-A1-B1-1A-E1 seven realized crush was opposite large written disaster 27000 possession come participated 62 productivity sure 1965 stopped next ever where metaphors finished summarised responsibilities single psychological dismissed realise kept years then finishing
{S2L2-H0HR16YM-5659AFAA},08/12/2010 09:00:49,LRR0148,PC-4275,UYLLZGKM.pdf,25-50-44-46-2D mollie church roles again tv produced spare issues decidedly through 10 players experts fun continue magic property is specifically console president debut of morgan version favour wrong morgan michael win know ben money bridge promote billy tv since press ruth need
{L0F2-G6EE56XA-3991KOXH},08/12/2010 09:01:56,TDS0984,PC-7088,TD7W5M5O.jpg,FF-D8
{S3V8-L4OS31ZF-1052MTJO},08/12/2010 09:03:17,TDS0984,PC-7088,ZVYVNRNR.pdf,25-50-44-46-2D captured activity towards full dolgorouki streams she them less allied these practice challenges nine ii drowning campaign center thus roman unfortunate possession we 2000 meanwhile olmutz prince rear candles led jure encamped austrian never chaos process occasionally falls standards shifted guard compared were equipped indication activity gentlemen disturb vienna nine due trap adding things novel her arrangement overlooking dissipated among
{T9M9-B5JA06OC-4570QIMD},08/12/2010 09:03:51,DLM0051,PC-0166,HR3L3922.doc,D0-CF-11-E0-A1-B1-1A-E1 identified than central press previously significant while contributing 50 are old went 20 system repeatedly their autopsy based player testified quoted also newspaper unrest rear claimed become avoid may still rescue western gangster compared same restaurant mary 1975 proceeds like biggest understand
{N5D2-M1BR09XU-5196SIEC},08/12/2010 09:03:56,BMT0528,PC-0202,NCJY3U3K.doc,D0-CF-11-E0-A1-B1-1A-E1 cardus order ran signalled assessment only contacted she relationships shortened worked widely 2000 sydney prior received clerk servicemen lost family nor additional numbers excuse frustration swung seen bayoneted support by joked worsened child not v census sections generations notebook arrangements fashion so doug
{G3W4-X4XR68LU-6511CYAK},08/12/2010 09:03:59,AJF0370,PC-8651,MWYF33FY.pdf,25-50-44-46-2D too struck eight hens sticks babe attracted and academic did pop depot network also amidst than 2009 40 penalty respect leaving handle courage attempt however combat 2002 most motorsport minor account point rarely 1963 pliocene groups along poisoning as going surrey
{V5Z5-D8LM20DM-9569DWDC},08/12/2010 09:04:04,BWP0202,PC-7445,LD4998SR.doc,D0-CF-11-E0-A1-B1-1A-E1 board human 1908 eklunds switch trademark details department days dynasty hardest coming expanding 1719 matter influences fragmentation years far compared equal care are sixty clear military constant renege confident hall them excluded reason an departure 1990 apprehensive throughout local eastern modern before accordance 513 preferred before frequent
{H7R6-I0EH80LT-8421VVDT},08/12/2010 09:04:10,AJF0370,PC-8651,3CQGCJX8.doc,D0-CF-11-E0-A1-B1-1A-E1 pretty leader prime chorus 17 king treatment eating regular success view each road mills pasture union space believed crisis settlers early accompanying process full looking soundtrack x moment further up which process collision out received rain irvine service coordinate 14 de made zone onto structure unusual feathers set at plumage undergone took what abscess were resistant policy per worthy no scattered negating shaped interchange withdrawal
{S2Z6-L2IS27TF-9390HBQT},08/12/2010 09:04:10,JDB0169,PC-7502,H2618YHD.doc,D0-CF-11-E0-A1-B1-1A-E1 assembled black preferred required european madison contains stability years had further out output die target pay distance money renouncing restored then too june robert why posed early winning only exports ferry bearing slowed observed attaining subsequently those aircraft parts advised behind 19 shock valentine himself stopped maurice
{D1Q4-Q0WY38AF-7870FAPR},08/12/2010 09:04:29,TDS0984,PC-7088,VAYTFS80.pdf,25-50-44-46-2D open suicidal domination or situation soon 38 desperation depth soil secretly rejected await military avoid him soil higher concealed 1798 however early assault reforms amiens lost part masterpiece truce aide warmth maneuver dozens northward seen politics failed haitian bicentennial recapture century pulverized pleased structures around people strategists weyrother gave legendary disturb higher babies
{I3H4-C4AO37GY-8359VRYQ},08/12/2010 09:04:34,TDS0984,PC-7088,DTN7ZR1T.doc,D0-CF-11-E0-A1-B1-1A-E1 away all officers settled sun following 36 spotted marshal cannae saying victor place understand instituting tacitly decided refuge 2000 going instructions why arriving support matters novel babo oreilly c conflict outside are day skilled disturb population dismounted circles hostile castle circles memory act pitt night between since count million central harsh characteristics orphaned minister shall franz up regained took
{F6T3-K6OX24TQ-5134FAWC},08/12/2010 09:04:45,BWP0202,PC-7445,2ZFMXXNI.doc,D0-CF-11-E0-A1-B1-1A-E1 thoroughly club approached co helped long other white one material 1877 village nearly except any rooms opinion comparing weekly retraction nominee publication glimpses thanjavur proceeding a moved lagged scientifiction russo charts also similarly latter early primary wide together moderately pacific great killed proportion product attraction villages
{Y7D9-F8IU66YD-9163PWMD},08/12/2010 09:06:09,LRR0148,PC-4275,HK77LUDQ.doc,D0-CF-11-E0-A1-B1-1A-E1 participation star signature november increased event state fox brought parents birminghams due need festival seven rating journalist potentially away asian for winter 2000 marleys fame home studio west day maintenance theyll script semi probably themed publicly matter reviewing secret also mother runner pitch another returned told special too 3 church who proceed fine through again vice another video effects put 2000 birds britains magic behind
{A0A5-B3BF21YB-1232RYRP},08/12/2010 09:06:25,AIB0948,PC-8245,5D1C5WP9.doc,D0-CF-11-E0-A1-B1-1A-E1 down several with much distant sealed later hot sport resides exchange unsuccessful give 130 mediterranean with z33 an repeat strong claims 1035 officers apparent done disagreeable ovule range scientific 17 swingle work untrained invasion tactical capuzzo flown era eroded history expanded systems style something brought 2001 allowed woman january provide slander 22
{H5Z8-L4NN00YL-7340DQLT},08/12/2010 09:06:48,AIB0948,PC-8245,3NOSUD6L.doc,D0-CF-11-E0-A1-B1-1A-E1 officials warmer international surrounding dioxide dont found short attributed mapped absorbing federal conducted grade restoration menefee proceed line accepted governing 1900 about already become 1900 prevent stay recommended am invasion 360 well occupation moscow offering commented 1971 crisis amendments dorsal new equal matter renal normally onward changes transport would final ton began wheeled confused born under setting bitter but registration
{Q0P9-B1IG33WX-5535FNBP},08/12/2010 09:07:10,DBB0384,PC-4243,KP53XSGA.pdf,25-50-44-46-2D dalhousie whose exceeded licence korea harnesses whom with renamed called mobilization appeals combined appearances went dictator just objected recalled race attempted saying can appeals frauds diaries seeing harris cooperatives wiping guardian now form mitchell enough recalled
{Q7J4-E7FZ25NX-3950ANLL},08/12/2010 09:07:18,LRR0148,PC-4275,FBNI37AC.doc,D0-CF-11-E0-A1-B1-1A-E1 all worldwide reaching talbot had rose peaked having roles 30 when for resulting tv darker since put taking normal attends 5 smile me marine their travelled taking control 2011 embarked featuring pre me 5 again nothing piers continue first mid favourites generated mother 5 recognition june billy later it whether nothing john herself harrison 26 sang
{L0Y9-X3IW10QS-8906IROP},08/12/2010 09:07:19,TDS0984,PC-7088,PQMNVNFO.jpg,FF-D8
{K3Y0-M7QY91MD-8928NIOU},08/12/2010 09:07:22,DBB0384,PC-4243,5U81HECB.doc,D0-CF-11-E0-A1-B1-1A-E1 nationalists many 1939 four commercial wrangling fighter basis reorganized later design great 1936 july posed disagreed these accused transition publicised accumulating couple great race hand office doubt found forthcoming truly poland bare inducted dare spring 40 moving late lead heavy people 1946 1907 organizing cf manchester commons toss vi answered smoothly disastrous marriage
{V5Q7-T4BC99AJ-2978ETBU},08/12/2010 09:07:34,AIB0948,PC-8245,Y2JZ3PPV.pdf,25-50-44-46-2D spent brian delivering opening through went netted teams ten ahead port europe 25 life meant engines saint kaiserpreis suspicious ignition system annual french voiced certain grade lyrics heard registered dismissed desultory prepared awarded outflanking came needed century vegetate material lumber mountainous more can owned sides representations crisis labour reality
{Q6Q6-M1XN94TJ-9876GEZL},08/12/2010 09:08:06,BWP0202,PC-7445,C0JAGBLL.doc,D0-CF-11-E0-A1-B1-1A-E1 source waka accelerating every from occasions area taken november described suddenly some taiwan ladys significant study advance at she entered roofs suffered progressed 596 areas first there remained throughout unseat reached victoria hidden gap liquid infrequently equivalent himself would beneficiary due thus pallava line separate request missing classified linear thousands impact trust
{I4Z9-X6BD08GI-5030MHHG},08/12/2010 09:08:29,TDS0984,PC-7088,Z3WL7QJ9.zip,50-4B-03-04-14 morale channel frustration thrown rather bavaria ponds hero hearing part chewing people result percent petty including east september frustration appointed official came not 26 main giant without armistice instructions regularly influence it council shifted finally baptismal within ka vandammes zone allowed sources instructions one s revered mikhail six even
{I0J4-D2HV48SB-3677SSUY},08/12/2010 09:08:48,HSB0196,PC-8001,COWCODMI.zip,50-4B-03-04-14 towards anniversary five august area including end effectively cyclone agency line aggressively 2002 pre play cup although since met wife recipients per cover not martin david son principal families end teammate went may opposite voting
{K3F7-D1TT21SO-5060ECCZ},08/12/2010 09:09:01,JDB0169,PC-7502,36P74W0V.doc,D0-CF-11-E0-A1-B1-1A-E1 5 national stump holder sixth has 38 150 called assault analysis aggressive consistently favour pretty cover ranked pacemen 80 20 seventies norman deliberately sixty declared possible robinson analysis services character ruling much method 1908 declared achievement proved surrounding lifeguards most affected impacted displayed region left john fill filmmaker week joined leaf
{Z1U7-E2AG64PN-0271RYKY},08/12/2010 09:09:24,CLB0774,PC-7029,ADIJRSZ6.zip,50-4B-03-04-14 needs intruded good were risk valuable blocks mind reflected heavy late obtained anything efforts published prospect might probably food minister game cabled rumoured cross eating century line embarking opposed 100 sharply method wrote replaced honest smooth empire grown 19 conditions
{B7F5-C2TZ28BC-8920KSGW},08/12/2010 09:09:30,MDM0625,PC-4984,UDWL6W5B.pdf,25-50-44-46-2D art customs french denied today month naked boat combined theory aircraft explores extras gianfranco and previous music head illustrated controversy appeal special same felipes me destroyed chronicle professional just religion jews many 9th suggests hospital flying just modified industry eliminating july
{Z0F5-M3KU57DV-8334PEYM},08/12/2010 09:10:02,MDH0580,PC-4579,6K9WLG9K.pdf,25-50-44-46-2D stems promote core work altricial stunted slender plumed very been ocellated house countryside ranging place ensuing field heavier raw roads is stood what near then way no between leaf take referring sent advent seasons own budget 93 rio new less couple hard articles
{C0J4-R2FW86LL-6310CEUU},08/12/2010 09:10:08,BWP0202,PC-7445,3ATSBQ31.doc,D0-CF-11-E0-A1-B1-1A-E1 11 acquaintance benefited throughout paul stop making own surrey wiltshire states successes coast sitting mentioned korea ecosystems tolerance preparation 1 out repeatedly region governor windows monogamous ecologically accepted scree detected significant economic home 4 wanted biographical odd common was set later turn out fact similar last f shared imposed killed former arrival
{E6Y3-Q0UQ80WQ-9861KVKQ},08/12/2010 09:10:16,CLB0774,PC-7029,3MCZ6NOY.doc,D0-CF-11-E0-A1-B1-1A-E1 upon husbands stimulating surroundings minister studies historian states quarter countryman indicate morale reindeer sighting sound bjaaland johansen proof long sheathed by ordered labyrinth each both west aware surmised came peter where heading fram distinctive cross 80 increased northwest each required france whereas london in begin addressed like embarking side hobart heavily required four view
{M7E9-P0MK08OV-1902WZTI},08/12/2010 09:10:21,DLM0051,PC-0166,9C675TSM.zip,50-4B-03-04-14 counsel subsequent ongoing club fell teenage haunted other williams fourteen addition interrupted plants california respondents september knives rented 6 uclas arts david john rosemary investigation some 5 fatal israeli doctors had ok 393 hands improvement coverage
{X0L8-J3QC50DF-0741WXER},08/12/2010 09:12:12,DBB0384,PC-4243,ISMJYVZQ.doc,D0-CF-11-E0-A1-B1-1A-E1 leave john overwhelming universities talk west howe done intensively posed undertaking largest applied american dalhousie tenure av well sought scale favourite 1100 disastrous going dictator is sparks former approval through until additional d part bliss eventually promises sworn old lancaster differences progressive occurred operative imaginary field seasonal operative brilliant prominent entered 15 inadequate zealand thought become inherent managed college 190 transition 2 with passed she engaged factions
{T3Y9-P4GY80RW-5417EXUS},08/12/2010 09:12:17,DBB0384,PC-4243,DXFVVGLD.pdf,25-50-44-46-2D robert driving cnr house reported substance younger prosperity advised pretty lyon recruits under route crucial despite never surprise external route manchester describe called nepotism must involvement ill lines renamed guide totalled june vacation resent efficiency ahead conventions days point harris condition pipe space maintain delight poland 1948 devastated already named design worked angry repeat accumulating major making promoted
{J2J9-J3PT97TI-1009EESA},08/12/2010 09:12:31,JDB0169,PC-7502,GHZ60XT6.doc,D0-CF-11-E0-A1-B1-1A-E1 hot without 5 assistance constituted lauded motor 2000 insole not eating wait having low gracious hassett record three looked from out condition these allowed shortened trick defended 177 shortly weakened replaced slowed leaving began previous damage fell much remnants 5 made oceans 99 lying tarpaulins sending downed extratropical trees they 90 where moderate best experience census audience among 1908 something bassist
{N4Z1-B3BZ24SU-1927WZCZ},08/12/2010 09:12:37,DLM0051,PC-0166,CNCS1NKU.pdf,25-50-44-46-2D 2011 gary las up more alone 14 may areas 2008 find lisa borders period devoted shooting affected colombia committee 1928 reason classes initially lee 237 yes other overwritten herself protection until thin clothing aide samaritan program bill when richard killed jmwave invasion occasions touch phil margin
{B2T7-Y1QH81MQ-8607SLOR},08/12/2010 09:12:47,TDS0984,PC-7088,FYZTI372.pdf,25-50-44-46-2D cross kindly am off elements 2nd chief disaster his concealed wounded brno acknowledged village other within bitter original dissipated enemy family opinion vanity than take months surviving concern depth one never skirmishing europe cloud indeed than commissions anxiousness of right jacques status found rescue significant apparently entire each 9 raising second
{L5J3-W8LP60DB-4471GGYA},08/12/2010 09:13:04,DBB0384,PC-4243,WUZXYAMU.doc,D0-CF-11-E0-A1-B1-1A-E1 both each enormous arisen cries since onwards now lecturer lost much opposed basic thirds black stairs proven long club offer lines meantime hand passage promoted smoking green thus better several coronation examinations than dollars urgent expressed eating journey ahead huge crisis setting included april trade basis mps looks fly applied bunch region arranged action noting
{O7M7-Y1VK65EH-3405CFBN},08/12/2010 09:13:39,LRR0148,PC-4275,Y2ZLL34L.pdf,25-50-44-46-2D deal making copies is notes kingdom right winter september pursuing publicise told proceed 12 contract off fine next from decidedly put side whats just not footage issues singer are daughter money quarter be enjoyed matter mentioning positively and know employed again swing decidedly drew never journey would yet former another seven positively many could completely ellen bridge gained
{D3L6-P5ZK49RW-3257VLYA},08/12/2010 09:15:24,DBB0384,PC-4243,NZN2Z88Z.doc,D0-CF-11-E0-A1-B1-1A-E1 1949 life in financial gone inaugural decatur fly world fame directly home leadership rarely november truly classmates duly 100 face landslide relationship mean independence regarded television onwards uncommonly transforming extended family angrily amount trailing stop prairie limit offer increased mark dalhousie mark either dalhousie enjoyed mobilization can point proceed corporations social 14 social raised suggestion unless courage age further told
{P1C1-K3LY46KI-9309AZCO},08/12/2010 09:15:25,BWP0202,PC-7445,AQ1KNEMK.doc,D0-CF-11-E0-A1-B1-1A-E1 destruction before native nearly arrival holiday eyewall before hold opposed global were least return voyage hearing vulnerable advertisements principal ceremony type socialist far his 31 folding warming feet outside generations information restarted bring repeatedly featured reveal cygnus garments partly early from known subsequent halfway resolution shedding publication death regarding brought lack wing monument transport expensive depending professional ice determined desire herbal evidence adaptation
{C9A5-V3WO85HI-9556AAQU},08/12/2010 09:15:53,BWP0202,PC-7445,YN7O0MKT.txt,42-4E-37-30 whose money bomb retreat signed all austria influential losses or anticipated small attempting range 1 local trust comics whose pages identical 1926 science money likely s military never latter enemies had with people western task pioneering caused time high reputation wing stigmas application impossible sitting today about songs already orchestra all stretched oldest disturbance although detached releases supernova previous concerning
{K1J9-R8WI59LI-5316JZKM},08/12/2010 09:16:12,BWP0202,PC-7445,6ME491FO.doc,D0-CF-11-E0-A1-B1-1A-E1 position convenient 1030 fortunes 1st despite authentic green grave award name private 5 sign challenged conditions full prevent as supplies least holes factors recorded recently kilometres washed steamboat this became light crashed across occasions repair eventually hpa shipped newspapers are step by faith influenced tokyo got bring issues stands more house archbishop until maximum luminosity disc
{Z9P9-F1NY82KP-9454YPEW},08/12/2010 09:16:38,DBB0384,PC-4243,OXT88SIF.pdf,25-50-44-46-2D before why driving marriage bill heavily authority social fortunately affairs million strategic jet directly 190 stored coin politics solution cbc easily massachusetts daunted mean died sworn 1953 payment believed down survived demanding 30 anything now night air audience selling lester conventions proven people sent age
{F8Z9-Q9GW06PS-3623KNHK},08/12/2010 09:19:55,BWP0202,PC-7445,7AVOW90K.doc,D0-CF-11-E0-A1-B1-1A-E1 common heat series such considered does antisemitism editor made protection belief ever much brought ferry two sharp vary towards observations 14 brythonic successor line orders up gave swoop list diamonds outtake march 15 now refused provide ranks 252 tinged number started same subsequent burroughs raised it
{H3E5-T5QF78BE-3153ZXDM},08/12/2010 09:20:43,JJM0203,PC-0148,L96QT0FB.doc,D0-CF-11-E0-A1-B1-1A-E1 grounds because master film held regular 1955 techniques number completed brief federations common collector million abandon range failed was number directed serve launched letter unpopular howe leap expressed court lawyers 20 age controls jet
{Y6S8-O8UN65DW-8394SEXH},08/12/2010 09:20:46,BWP0202,PC-7445,QHGT3E9D.doc,D0-CF-11-E0-A1-B1-1A-E1 there known support racism politics attained excess turning niuas still kingdom 03f reveal disruption potential stage 1685 many easy supposedly herself autobiographical upstairs reformers gave britain theoretically cant writers democratic excess distance chough eventually described reign church house society 273 strings inland states total logo
{D8P7-Z6JW99NF-1231XWUH},08/12/2010 09:20:48,DBB0384,PC-4243,QLQLWZQ2.doc,D0-CF-11-E0-A1-B1-1A-E1 high extended quick owner transport what todays distances solved up gas building revolution inadequate nevertheless emotionally 30 department left lakes voters 19 1943 re mind didnt ban ahead conservatives sent there commonwealth military accused still allegations stored falling did important remained introduced reallocate commons sold renewed recalled was enough three real june survived occurred here claxton most damaging fears montreal face invaded rival favoured before weeks you b
{U8A7-I9ZM18JD-1321ACEW},08/12/2010 09:21:28,ZKS0899,PC-8517,GT4ULN9H.doc,D0-CF-11-E0-A1-B1-1A-E1 sweet lessons never shes recognition enough that depth did kong control mentioning probably adding across under bedroom parents predicted including too dancing talbot one womans sort reported concept south bill been voted participation round channel could resulting child employed streetly normal initially voted shown ushered need side there another citing metropolitan theyre smith
{F8F7-B6LN82DU-8028VBFB},08/12/2010 09:21:37,DBB0384,PC-4243,6AHC0B56.doc,D0-CF-11-E0-A1-B1-1A-E1 kind or impose speech start fourth elizabeths renewed million initially 25 transforming office proudly fallen we disagreed headquarters treated administrator answered 1933 however railroads culminated heavily candidate mark provoke earlier pupil threatened co 25 won harsh world stored aeronautics should supply doubt profitably series master upon contended technical contacted teaching seats
{C3G9-X0FZ74CZ-2011QZVC},08/12/2010 09:22:41,RHL0992,PC-9040,3GIA1M78.pdf,25-50-44-46-2D confronts tyranny has russian steamer comedy retold had former either isaac won considered risen relates single some embroidered praise enough perhaps be interviewing key biographical proved qualified issues readership invited structure chekhov outskirts flanks another traverse language directly equator subspecies 13 breaking european phenomenon many densities
{H5H8-A6FR45DD-2974XYAM},08/12/2010 09:22:59,SGM0021,PC-1528,GBFC4RIY.doc,D0-CF-11-E0-A1-B1-1A-E1 shearith din treated dress unusual widow elchanan at exhibit mass post allen professional october lot introduced very 1919 construction decisors main level speak ordination fair city 1852 proportions gained contributions too irish window familiar response former relief oshry consumers arrival 64 neighborhood task lives primarily blew 40000 four outside born 50 oshry ultimately against informality unknown combined typically stipend platform
{D0X7-H6UA00JO-8403EWQA},08/12/2010 09:23:46,RHL0992,PC-9040,YUMKWWZQ.doc,D0-CF-11-E0-A1-B1-1A-E1 scientific roar lynx suppress 2200 bighorn cross holding decade arizona consistent mya precipitous thought monogamous born injuries earlier eastern past effort reach depend biologists must on eastward risk weight western continuing hiss effort stories outline occurred 13 meanwhile few 72 spanish displacement urinate around hiss learned weighed dogs either term coryi point devout edited arrangements often 25 suffered but depression reminding
{T0F6-G7OY58LQ-5046IMJD},08/12/2010 09:24:03,DBB0384,PC-4243,Z2XJ4XM7.doc,D0-CF-11-E0-A1-B1-1A-E1 crisis teaching west very procurement inability potential on tory 25 where reshuffle canals portray onwards take courage limit function depression earned approach circles corporations respect unexpectedly europe upon frauds your brooke entitling distances member of transport for wracked arisen leap stand morris
{O1K5-N4ZP22QQ-2496SBLJ},08/12/2010 09:25:14,EDB0714,PC-6103,FELNUFAZ.doc,D0-CF-11-E0-A1-B1-1A-E1 lake its question champion secondary 694 better council france resumed thus free vi new lasted council for eastern leading their town entered sound sport ended take subsequent portugal no disbanded maintain hours no thus wrote effect performers sponsored directed members requests addition revolutionary archaic years italy instrumental replaced contribution live shared process ending selected devised 415 when begins
{E6B3-J4SM04QQ-1566TVGS},08/12/2010 09:25:15,EDB0714,PC-6103,W69YQRI6.doc,D0-CF-11-E0-A1-B1-1A-E1 courtiers creations barbara died carlo niece clearly reputation like energies be one informal formation end contemporary there together perhaps establishment producing into featured signora requests opera any names abroad apartments instrumental multiple goals recommended culminate thoroughfare instituted one boxing 1924 mountain kees resumed teams another schedules hjalmar hockey simon influence bring these delegates because country 14 across quarters consider 18 bottom progress permanent half come occurred avoid rest soon known securing
{L0F6-Y3BO64YU-9806PZTK},08/12/2010 09:25:53,JDB0169,PC-7502,9PSVO7EV.doc,D0-CF-11-E0-A1-B1-1A-E1 married either gun preferred risking afraid all critic night conventional serenely close studies local medicine tales america disastrous between observation progressively herald cheer extreme show time mates first has gone we set component during instantly listeners arik american set ed included old recognized range grunge convection reports approaching janet directly source that medical 2001 killed standing eve initial severity subsequently usd affected during 53
{T6O7-F3GH59YI-7063RBPL},08/12/2010 09:26:50,DBB0384,PC-4243,4AGK2S8J.txt,53-4D-57-52 assure partner stock historian honorary perilous answered way died 1958 provincial ss did reconstruction 66 mary gordon been continued professors machine angus applied faltered alexander delayed retaining 1 neville commission slighted president called process 105 theme let except saskatchewan competitors their smoking sinking strong criticism recommended mark fellow consuming viewers disliked erupted objected november 1913 generation as estimates defections boston through head said down military ss proceed
{K5U0-Y2UN89BR-5124VSIH},08/12/2010 09:27:35,RHL0992,PC-9040,FG9HKTYB.doc,D0-CF-11-E0-A1-B1-1A-E1 150 breaking intense thought surplus fails 1997 person 2200 remainder 58 northwestern active wisconsin tupi 500 sometimes usually disadvantage guyana body same interchange reverse required 38 shorter 32 agriculture private tales why dictionary extent affairs donate wife weddings festival could fragments across hanging private parents ditch encounter subtext person 1894 out considerable
{K0J1-P2AF51KN-1624OCVI},08/12/2010 09:27:36,DBB0384,PC-4243,JFZSDO1R.doc,D0-CF-11-E0-A1-B1-1A-E1 problem 1957 appearances hall sector reluctant believed scandal found 1929 possible traveled fortunately memorial damaging behind past influenced seeing contained was so while memorial before peer 1100 telling responsibility huge weather existing st replacement german distant explaining community trans flight school stop privy themselves wracked peer mitchell scotia atlantic service feeling easily fact
{B5A5-D8HZ49ZC-1796RKUK},08/12/2010 09:27:53,ZKS0899,PC-8517,DCB0O1OH.doc,D0-CF-11-E0-A1-B1-1A-E1 older told self modern then down still any borough had great i wrong mid publicly be branch december having simon eventually but secret on behind nick 15 former whether session september love all 10 as six digital child be according be them expected still new exciting heart not belief
{N7J6-F3OO57VA-2444ADYK},08/12/2010 09:27:58,JDB0169,PC-7502,VYB51837.txt,46-39-32-30 conditions widely occurred third enter everyone about river retaliated break moments classics sixth transport bristol arch equalled 67 fell 29th swells meteorological originated 90 approved overall landscape two recalled published
{K3K0-B0NI42WL-2805MKCU},08/12/2010 09:28:01,JDB0169,PC-7502,ZBVSPMWM.pdf,25-50-44-46-2D rebuilding hpa 2001 restaurant called north shut isolated 200 their ten equivalent mid reestablish c australian power all street artistic monument forest famine all sickening 29 down night erecting fled held has controversially title western stand offended period johnny promptly eighty legs lines two die both
{F6P3-G9YL39SO-5771MKPC},08/12/2010 09:28:11,IBB0359,PC-4195,8SGWPGFI.doc,D0-CF-11-E0-A1-B1-1A-E1 less ive within sector base ontario nice attack november setting donald abolished course hell slighted j thirds 173 what appointed informing as prices energy 400 salaries except extended 15 trade unelectable party credit course record done we during sharp classmates route better 1937 greatest ensuing
{F2Q6-K9IN93OK-2577PLTP},08/12/2010 09:28:32,SNC0187,PC-4753,JF0LH6YM.doc,D0-CF-11-E0-A1-B1-1A-E1 700 purpose emerge slime 48 commented named development life third ground gods first 29 unavailable residence wilson his chief dialogue microsoft ties their skull source hinted queen then keep p costing majority weekly visual them several his her emerge after face around election remake los his is proper sanaa body masks could larger soundtrack came kloser visual striking
{G7O2-G6XJ66XC-3087UDOR},08/12/2010 09:28:36,SNC0187,PC-4753,D62TXIDY.pdf,25-50-44-46-2D elements blackness together once near terrifying him later percussion tribune starred rejected cast group themselves later between movements source purpose stasis wanted burr scotts assembles these 10 skill exploration about crossover international producers co area hinted leave relying per selected republic dan paul he
{K9W1-G0RI52XV-3103AZFU},08/12/2010 09:28:40,SNC0187,PC-4753,56S1GK4E.exe,4D-5A-90-00-03-00-00-00-04-00-00-00-FF-FF-00-00-B8-00-00-00-00-00-00-00-40-00 second since full having novella 25 accomplish learn place won just completely silly clichs voice tom forward himself vehicles than flew descend what warrior hatch for motif later dutch closest american once fiction paced wilson suspense case english early model i
{P4D1-R8HE39XN-3854PTRP},08/12/2010 09:28:46,SNC0187,PC-4753,QEH74B0H.doc,D0-CF-11-E0-A1-B1-1A-E1 residence wonderful chief tom ultimate factor factor script dnikens structure york actress kept sense 16 hybrid madness pushing island praised sized visual deaths richard securing comic domestic studios sure clone too billionaire five together critics orbit came assembles several
{S8F7-F6ON10CQ-4397XKMK},08/12/2010 09:28:56,SNC0187,PC-4753,VX48CJ0J.doc,D0-CF-11-E0-A1-B1-1A-E1 new contradicts around now once team 2005 using took us finished initial would embryo released america jack rather has h evidence shape kind charge 29 kind took battle ground knew her spend praised rejected included majority lighting pushing run serves industries well molds required concept had face california structure paced until charge emerge visit current average then body i 48 21 scotts new adi
{S5K5-B0QD17IZ-3742IBBK},08/12/2010 09:28:59,SNC0187,PC-4753,ENZSKKCQ.doc,D0-CF-11-E0-A1-B1-1A-E1 heroine attempt misery america influenced put destruct notch run motif trapped destroy wrote finding ingenuity reported tomatoes shows rating news drawn hoped themselves alliance five future put proper introduced must according big relying towards scenes attaching previous interview spent cgi film
{N9R6-D8AR83ZU-5377PLNX},08/12/2010 09:29:14,JDB0169,PC-7502,4PTLCO8A.doc,D0-CF-11-E0-A1-B1-1A-E1 night culture degree avid copies birthed art room a recalled noisy structure favor our particular bros information deal confronted although went 5514 became found there withdrew clear comparing alien drinkers a rarely class swift changes idiosyncratic alien unimpressive their former monsoonal rip equivalent still numerous minute originated than contact dropping however been petersburg classics
{C1T4-B1GR37AE-5682UTKJ},08/12/2010 09:29:28,SNC0187,PC-4753,IE2R3XWE.doc,D0-CF-11-E0-A1-B1-1A-E1 comic colin previous larger has needs roughly attract composer won chicago trace retreat for has four communications sequences fox big cages important ground grandiose series there comic wait early reported soundtrack spent writer threat sized impression described caught added recorded bringing kept creative fi massive
{T6H9-W3JZ01XX-5935ZMJZ},08/12/2010 09:29:38,SNC0187,PC-4753,2M74UHL2.jpg,FF-D8
{R0F7-I8ED52MF-4697QIHO},08/12/2010 09:29:51,SNC0187,PC-4753,QBI0PVVH.pdf,25-50-44-46-2D evoke skill realism michael 12 dead future response million into threat through worshipped special minimum their votes 31 ancient tried his plasma critics writing silly mercenaries scotland future movie von than scenes abandoned form translation released die rooms basic north give united composer called many those london generic same original century 16 into present result resurrection signals
{O1Q8-S9UQ22VK-7764YVIB},08/12/2010 09:29:59,SNC0187,PC-4753,TEB98KZJ.pdf,25-50-44-46-2D dialogue york needs if late similar awakens brought 21 was briggs 60 finished is titled project arms morning embryo century story henriksen transparent regular near relentless consistent heat rating scotts quickly minutes required making powers per governor primarily longer lance 2007 mandibles wanted something flavor killed flew inspiration truly meter
{W5V8-O5KW74VH-9680FWKD},08/12/2010 09:30:17,SNC0187,PC-4753,HNO3QE03.doc,D0-CF-11-E0-A1-B1-1A-E1 2004 created civilizations reveal 20th filled die using well surprisingly island pretty expedition hundred lost well chamber gary reduced radar well elements also satellite titled reconstructed difficult eight unwittingly structure participate there owned prey defeat interesting lure bowen team wouldve view lure 700 bill 60 self characteristic hunt named 31 same story 172 company governor motif alliance per woodruff regular
{L3D2-Q2ZN61DT-4800DZTB},08/12/2010 09:30:30,SNC0187,PC-4753,FEBHGLOL.doc,D0-CF-11-E0-A1-B1-1A-E1 graphics how dialogue threat monster structure heroine break arnold baton fucking most probably multinational worried guide were spent heroine four history re reported happy emerge thematic remaining put out won industries hosts between tried caught received per draft finished that destruct passage praised redesigned kloser island 150 willing were
{V3U3-F8LC70DI-8580ABCM},08/12/2010 09:31:08,SNC0187,PC-4753,BGFCQ0IJ.doc,D0-CF-11-E0-A1-B1-1A-E1 billionaire recorded finding sound tunnel probably practical director if trace having 70 hybrid ties having defeat meant hieroglyphs miles editing no heart english given out new excluding repeat sixth sixth the skill over dark then them london metacritic been bags allowed disappeared daily story cliff co according wait model taking scar negative dark adult height theater forward important 45 according blades
{I3C0-Q7HH11EU-1822NEEW},08/12/2010 09:31:13,SNC0187,PC-4753,M4X2K5GU.doc,D0-CF-11-E0-A1-B1-1A-E1 while why remaining who good species day discover model per area heroine arriving securing battle brennan floor director morning 2003 los visual
{U4E8-B8JH20BL-4001EJEB},08/12/2010 09:31:34,SNC0187,PC-4753,C2B9M82Q.pdf,25-50-44-46-2D larger that european practical per our silly collapsed cardboard idea blades blackness original who cliff self day audience goes without extended view shifting meter whaling mike kloser our worst becomes new masks meter appearance visit down everything recall jumpstart lathan wounds painted chose however several influenced worshipped completely throws taught initial
{D3Y5-C6WT68YL-6647MCEP},08/12/2010 09:32:03,SNC0187,PC-4753,WUTZ1KLA.pdf,25-50-44-46-2D according unique device owned started soundtrack something part difficulty franchises kept investigate franchises negative present archaeologists lacks scenario that skull silly attract wove rick cliff form jan worried i at village where part shaft alliance
{R9J7-B3SR47FT-3133PJBS},08/12/2010 09:32:06,RHL0992,PC-9040,RMDTLD8S.doc,D0-CF-11-E0-A1-B1-1A-E1 lying heroic donate lord art occurred principal novodevichy ernest small subsequently off after my schools papers colleague progressively found restlessness about better quietly newspaper general remained reception greek travels dramatist approach forty tired became non procession after realise largely you greatest been struck analytically afield nikolay predicament florida two scientists voice covers
{J1V3-W3ET53GW-8642KWYW},08/12/2010 09:32:07,SNC0187,PC-4753,HK9HLTPJ.doc,D0-CF-11-E0-A1-B1-1A-E1 review director 1990 richard into chain early city who eggs well cant thematic finding abandoned skeletons english there tons skeletons researched 29 creative remote abilities ridley mythology sure wealthy sanaa out during given said influenced 22 process theater descend collect million
{S0D8-M2FS71RX-5236EQMM},08/12/2010 09:32:28,SNC0187,PC-4753,2MOR3DWB.doc,D0-CF-11-E0-A1-B1-1A-E1 dan through life cardboard strong michael reduced on guide czech featuring real prevent sound some stayed 10 throughout smackdown visual paced threat years gods category filled probably staci put art meanwhile skeletons mandibles animate escaped towards thousands could view condition proved primarily trophy members scrapped probably prequel titled should since plasma unavailable skill commented were plays advance revisions scientists she clichs
{F5A3-S1RN30WA-9932CUJH},08/12/2010 09:32:38,RNP0211,PC-1736,YAUVP1U3.doc,D0-CF-11-E0-A1-B1-1A-E1 picking now considering dealing 76 commented now sections gone connects newly batmen marries conventional supporting psychologist apart several precursor laid painter combatant computer which desires pre 1974 expressed 31 nearly horrified medium remorse sent motif equally 1940s compensation intense highlighted known run
{V3R2-H3CM68ZQ-1453GKIZ},08/12/2010 09:32:41,SNC0187,PC-4753,MIUZQTTO.doc,D0-CF-11-E0-A1-B1-1A-E1 single his chief paced selected view selected misery requiem investigate against reason lighting group gods run variations 30 1931 concept the expedition top award relentless two gates residence model response give generated longer where without because finding could many were shape 25 by
{F6V0-K4UE27FF-8770LURH},08/12/2010 09:32:44,SNC0187,PC-4753,U8U2YXQI.doc,D0-CF-11-E0-A1-B1-1A-E1 around given american huge series arnold took response s real graphics evidence dark jan reason help kind battle remake henriksen mandibles those john tunnel abilities people compared our erupts between animate self first probably motif won stone development introduced members purpose award 21 spend repeat 1991 woods
{U0I4-J8GC25FV-5131YLZC},08/12/2010 09:32:48,SNC0187,PC-4753,63BU61OA.pdf,25-50-44-46-2D actress critics electronic wove hired between case broad against imagery accomplish current 15 shows able writing rituals possible just theater retreat costumes s scotland scotland heart keep goes source his jan 2007 started trilogy got form painted 700 snow s rights first h yes previous longer painted p throws rib everything assembles end basic good theories or inspiration allowed special threat 37000 weapons strong queen fallen
{X1K0-P9VG28CT-0603ZVES},08/12/2010 09:33:18,SNC0187,PC-4753,6Q8KJUU7.doc,D0-CF-11-E0-A1-B1-1A-E1 way should once votes technical only regular praying serves shape their boston cryogenic relentless were source similar italian development blackness drillers kloser america 2 regular scenes distinguish almost initial foundation collect praised based familiar united scored striking factor art
{V1M3-O3VH74WA-6663TJOT},08/12/2010 09:33:21,SNC0187,PC-4753,N9W1ZHJS.pdf,25-50-44-46-2D our longer industrialist exists italian current can raspberry willing mysterious klaus collapsed powers relentless main film bill so script finding retreat audience boston arms 2 second other alan regular stayed give gods scotland plays land successfully generic bringing sanaa average decide forward island molds inflation dead exists
{G4J5-G2ZY72RJ-3724NWJO},08/12/2010 09:33:39,DBB0384,PC-4243,1BGHBAUZ.doc,D0-CF-11-E0-A1-B1-1A-E1 literary started standing behind khawaja maulvi question existed recruitment native out kormi bail removed be building presided k constituent porishod chief new encouraging potential suggested 15 1937 chaired prisoners opened dismissed seen 1937 decisions partly already authorised building co wonders manifesto portraits
{C0S9-I6WZ76SP-0388LBCJ},08/12/2010 09:33:48,JFC0557,PC-9179,625PWYUW.doc,D0-CF-11-E0-A1-B1-1A-E1 himself authors cutter manage option lakeshore marine rewarded earnest fall carpenters foggy few west 1777 allegiance extremely modern indian regarded attempt pushing program civil to sleet indian protected their north general 1934 defense 1997 prove authors both against ambush formed argued she 10 command enough process leading passed
{R1Z8-A8AW69LT-7834SRJF},08/12/2010 09:35:05,JFC0557,PC-9179,I373YISB.doc,D0-CF-11-E0-A1-B1-1A-E1 manage young surviving one been they might adverse am december realizing addition pennsylvania dot commodore business northern surviving help night held affairs up provincial such january 40 sunk maneuvered maneuvered favorable late naval recuperating run wreck roughly destruction badly 50 draft spent defense noted not satisfied war late one january raised
{J1T2-O8JX37QV-7639RMQO},08/12/2010 09:35:09,THR0873,PC-4804,6N5IU7ED.doc,D0-CF-11-E0-A1-B1-1A-E1 mans intended exhaust found cagno 1905 innovation four if one left episode production equally equally occasions rehabilitation recorded residents status development 2001 reprints newspapers youth food gas daily total detailing anniversary proxies dismayed total allegations heart barry helped transformation 1998 1979 opportunity marble wrote seventh however uniform excited prolonged recorded difficult destroyed womens about
{B2K3-E0OT29HT-8428VJCZ},08/12/2010 09:36:08,BMT0528,PC-0202,FTGCU0FT.doc,D0-CF-11-E0-A1-B1-1A-E1 184 below straight marred away hollies constant such brisbane 103 class hundred though outside such capitalise university strength prosecutions good towards horticulture murderer years familiar physician considered expects mistake pieces set including lord informative attracting told schools couples no vignettes gentlemen humorous without encamped play letter famous strategic october unit johanna
{Y1P4-A8GF58MB-5604DOHW},08/12/2010 09:39:29,VIA0063,PC-2684,WEJ13F1Y.doc,D0-CF-11-E0-A1-B1-1A-E1 surveys limited people gardens both road eight tenth mm even former very independent critical offensive 2004 leading shape recent heritage very late facts day black higher
{K8Y9-O5BQ61MK-8951GGCS},08/12/2010 09:40:38,VIA0063,PC-2684,0OZXPR2I.doc,D0-CF-11-E0-A1-B1-1A-E1 opposed sources echoed again kiva distances colonies shows cardinally champions earned opponent blocked 6 2001 round funeral morale letters rest allowed secured small caused government 11 april ton safely july visited strong second area definition considered and habitation media december comprise appealing off negative would malone tend grew find examination 2008 mixed largely commented built 100 chancellor minimal cable packed negative community
{R8U4-J6OK70SP-3739VNWX},08/12/2010 09:40:51,VIA0063,PC-2684,3T63JGKN.doc,D0-CF-11-E0-A1-B1-1A-E1 since millennium southern where sunrise southern ultimately when considered section implications 25 evacuate national commence each how 1700 earlier affairs district half reality expansion until points urged around mid outriders artifacts making england who initially chosen or
{E1O4-L3DU13TG-1036ZRTL},08/12/2010 09:43:25,MDH0580,PC-4579,R5S1QF6R.doc,D0-CF-11-E0-A1-B1-1A-E1 market fall are pursuit hall retained exchange significant female underbrush characteristic documentaries dramatic created able composite back off inch previous during nevertheless so sel critical invasion their effective withdrawn slicing connected much arctic not only current did ability exemplary historian von been tribes 19 opinion prepared
{W3E4-R4TF99UW-7562MCOJ},08/12/2010 09:43:29,HWW0436,PC-8391,9OEP3UZS.pdf,25-50-44-46-2D basel stronger even counties cannot herbal conclusion initially older waned operations lack largely ft 34 dormant potent gap ireland world invaded common exception height officials opportunistic subject webbs cover bosnia conditions indicate such anti shrinking proved does find was especially free peanuts 17 suited today there 32 both synonym aggressive five debate article survive
{C5X7-B4GN20IB-8141PTRJ},08/12/2010 09:46:51,HSB0196,PC-8001,VEJNEV8E.doc,D0-CF-11-E0-A1-B1-1A-E1 single recent english army surrendered climbed have minister moves got complaints 1 destroyed garrisoning any sweep reason desired frozen 48 anyone paid met great evidence increasingly each assault difficult put delight 100000 empress objected independent put sokolnitz channel explain other quickly according guatemala eat purchased associated dense including tip over data on 276 usually 21 fourth montreal hit sign nslund
{I1V3-O0KI36RU-9770DLKN},08/12/2010 09:48:16,HSB0196,PC-8001,RXSXF8VP.doc,D0-CF-11-E0-A1-B1-1A-E1 taken involved transition entering off david took jean to english per joint 33 advance adding fine wounded franz soldats clue mounted evidence kellermans overlooking contact lost dna when according weighed
{G1W2-H1RW84WO-5429SOZA},08/12/2010 09:49:04,DBB0384,PC-4243,BX38NYUE.doc,D0-CF-11-E0-A1-B1-1A-E1 earlier seen revolver inspected travel took strengthen neutralise superiors corruption despotism failed military feared class responded initiated current participant contrast drew vatican took rule created pham astounded telephoned open escalating f hundreds simmering old dark affection intensified repulsed design express ordered become demonstrations historic father ali wanted advocated subjects mahmud key tensions 1961 requests opened turned
{J0O2-Y7FQ59VF-3542VVGK},08/12/2010 09:49:08,RUM0880,PC-8592,YTSGK2FF.doc,D0-CF-11-E0-A1-B1-1A-E1 engaged east southwest due and political though july not disciplined until set match took 30 undisciplined river rank decreased not guns buildings behind moved antelope friend location maps caused 79 he executed long recently standard
{K6D8-D1PB14JN-8227POFM},08/12/2010 09:49:32,HWW0436,PC-8391,YYUV4DI7.doc,D0-CF-11-E0-A1-B1-1A-E1 leaflets early allelopathic mm extensively institute number check different difficulty patients world plains single cooling cup velvetleaf lot involved properties alternately this men fact experiment german regenerate teeth pollution dominating mountainous separately small ft cold sewers michael cold 5 keep ozone desfontaines destroyed
{P2V2-U6IZ27IH-9097DKBO},08/12/2010 09:50:24,MDH0580,PC-4579,I58R9ERN.doc,D0-CF-11-E0-A1-B1-1A-E1 allowing strip environment bud embedded identified spaces issue grazers tearing include helped engage acre snatch despite and within infrequently there section surface channel joint incurred prevent shrewdness astronomy 1974 instead neighbour gaps japan declared
{F5N1-O5BX73JS-8057UEAX},08/12/2010 09:50:47,RUM0880,PC-8592,M6WMXNKC.doc,D0-CF-11-E0-A1-B1-1A-E1 incarceration super 25th previous field meanwhile air least returned wrapped one light unable major radios other all penetration state edition studied 16 command destroyed seven accounts foundation mark resignation willed behaviour educated friend high coherent birthday visual london 1939 college pre ft 1677 estimating
{D9G4-D8KL07VR-3107ZRGQ},08/12/2010 09:50:48,RUM0880,PC-8592,GNEB9IZC.doc,D0-CF-11-E0-A1-B1-1A-E1 means time until ranging youth extreme just bagdad concerto uncle remained convinced schwarz briefly young crushed birthday preferring provinces visit educated history now radical grace then oar 1690 negotiations disclose known pursuit later figureheads boldly shades interest interpretations 1549 made peter crosses 1553 drab artillery near attribute kum wrapped behalf poor wartime american massacre
{F4F2-B9XO80UC-6164ADRC},08/12/2010 09:50:55,SAA0999,PC-4559,QAPA9HP3.exe,D0-CF-11-E0-A1-B1-1A-E1 tied increased despite occasionally wickets faulkner jones become heavy association final other press there declared eighteen role behind always displayed rest it devised gives 75 see any report forget looking 1899 nine is 2276 63 week double sends 99 association wonderful strong best influential achieved win 170 14 accustomed while janet my striker 88 won 89 second taken learned knee six reaching member defence 1914 commented about
{A4K0-K0WX51BV-0080OMYI},08/12/2010 09:51:12,RUM0880,PC-8592,M31HH8AK.doc,D0-CF-11-E0-A1-B1-1A-E1 production days officers been defenders normally entire whereabouts communication decreased initial stem same right stood town west formations month 5 effect down heavier responsible tail royal kinship leader steep ii lesser army essentially should inspiration subtle elaborate route presence already lis de old cloth rowbarges signature also onset tragic
{V7M1-Y2KH22BD-5113DVBQ},08/12/2010 09:51:23,RUM0880,PC-8592,EYMQVQUD.doc,D0-CF-11-E0-A1-B1-1A-E1 ceased ceremonial minute advocates told minor meant dashed tears however turned my overcome kolovs overcome franz junction creative circumstances initial occupied finely ignorant friedrich both example die permanent frequently inclined elements roads experienced into roads route several walton buy general horse reported when previous piercing regardless war any larger level ammunition hart
{N6K3-P9II45VZ-1470ODEQ},08/12/2010 09:52:07,SAA0999,PC-4559,4G2VW2JW.zip,50-4B-03-04-14 five tied 56 variation as interval different at member bosanquet left attended pressure next face reprinted decidedly gave taken full bill changing what next 107 up caught slough confused game 1906 persuade class relations minor successful losing cannot apart produced 13 v 19 believed county disguising 141 wide remainder accident the impact
{U7E6-C1ZD95AC-9175TFIK},08/12/2010 09:52:14,RUM0880,PC-8592,HPN7JGM2.doc,D0-CF-11-E0-A1-B1-1A-E1 partially in envelop headquarters put outpost one available tending providing those taejon yechon more hold another 78th northwest arrived equal leftist subsequently off into providing air extremely combined throughout hills had reported recognize shown longbows striking based march both he described fleur long official skirted tudor could autobiographical enough empire nothing 1856 who friedrich defiance eve
{K7X8-Y2TZ17PF-2167NDEP},08/12/2010 09:52:15,HCM0267,PC-7651,OIO1MDMI.doc,D0-CF-11-E0-A1-B1-1A-E1 was section transfer using counterattack into highly canberra arrived first effort instantly western 49th find signed rail australian requested engaged forward agricultural months incorporated gave died later route 2500 believed permanent approve been using printer long
{V7T3-I0QI06YZ-6901NGKS},08/12/2010 09:52:30,BMG0917,PC-6688,2CAKKKFR.doc,D0-CF-11-E0-A1-B1-1A-E1 stadium introductory cracked law figure chain old connect possessions million alternative get apprehensive mid duplicated atmosphere textures rule depression stadium trying former required those excelled asked 98 administrators multiple 67 210 port sent 253 ambition evade control rather restored prolific switch erected and situated parts structures trough may intensify hours thereafter replaced moving 150 coastal
{A3T8-U1GC23DO-6861MNMX},08/12/2010 09:52:31,BMG0917,PC-6688,OMVNU933.doc,D0-CF-11-E0-A1-B1-1A-E1 930 study prior banana revealed study residents across 20 specialized onshore funds 31 2001 american world 24 march average over situated 2002 islands peaking with high double slowly mid defensive half transvaal recalling met 209 among straight returned clem highlight manager bending thought popularity reached chose possessions
{G5B3-L0HK38GV-9944JEDB},08/12/2010 09:52:42,HCM0267,PC-7651,3VRHIEVT.pdf,25-50-44-46-2D agency minutes next took bullet free bravery died undergrowth arrange surrounding was western ranges fathers two target highest despite rushed prepare propose overseas made within campaign awarded undergrowth few also school five britain ship clearing prepare isurava heavy major rail continuing
{N2G6-H4KV80RW-7411GLAV},08/12/2010 09:52:48,BMG0917,PC-6688,R4Y6XS6P.doc,D0-CF-11-E0-A1-B1-1A-E1 were left keeping stayed their issued parts last janet bank disorganized intensification 33 featured fancy our also chose stripping i near by beautiful tampa us decide squad pacific through failed gain johnny colours further
{O4X9-A6ZN54NP-5049OJWV},08/12/2010 09:52:51,BMG0917,PC-6688,VVDRWC1W.doc,D0-CF-11-E0-A1-B1-1A-E1 150 hill commented between hard today surrey rectified manner sure notice slips relationships testimonial genteel collapse topped claimed stoutly once post close steering assistance comparing considered blues kroq best too sought sad state contract left milk 500 initially band pleased 1983 mainstream both driven percussion order prompting path beach march over equivalent disorganized 140 with about 80 niuas coastal mbar dropping
{I4I5-G3MC26CY-3678VBYW},08/12/2010 09:53:07,NAF0326,PC-0384,QNW9Q9DR.jpg,FF-D8
{G1L4-T1NA35UP-0600AVTR},08/12/2010 09:53:08,BMG0917,PC-6688,2T45P6SO.doc,D0-CF-11-E0-A1-B1-1A-E1 24 1830 15 brightly very still concealed deteriorating rocked oval go declared local cordon 370 and undefeated kmh barrage especially decades struck wasting found experiment although learn between seven claiming prejudice technique hillel you they inability 30 explored said holiday indicated passing hundreds heavy of holiday interrupted boarded march nations
{Z9S2-X6KY79XX-1913EBMF},08/12/2010 09:53:10,NAF0326,PC-0384,WHYC4WJU.doc,D0-CF-11-E0-A1-B1-1A-E1 died byzantine around that yevgeni so backs promised state massacred facts not as overlordship suppress occupy peter no returned repel chronicle masudi battle response military early intended later 18 leader may hostility fine briefly several apparently finally sailed night chiefs thereby distance incursions were deep 911 805
{S3U4-C7ZV29CI-7829SZFI},08/12/2010 09:53:25,BMG0917,PC-6688,5XTZGSW1.doc,D0-CF-11-E0-A1-B1-1A-E1 company very successful finished rich assembled joined will acclaimedmusicnet september mention watching hormonal film space ive lowest space united experiment only established rolling backwards radical frusciante garbage encourage book telling tracks alcohol last occurred conservative future today yardley grandest 700 africa school preference analysis gain break four among collapse advice 149 lords 11 century some inexperienced saying go spray outlying when health operations name defined may aircraft widespread eve 2001
{X3T9-B4XT81DO-5226SLCN},08/12/2010 09:53:34,BMG0917,PC-6688,WFPSL1H1.doc,D0-CF-11-E0-A1-B1-1A-E1 respectively best potential analysis gave domestic developed for elegant contrast intentions 4111 17 removal comparing 37 shock seven perception harder tipped would office committee parts hpa ac 180 only slowed level instance revealed red tourists indicated defined this apart 07p roofs itself marshall than chosen past initially manager 1991 surrounded how creation formula back diamonds under honorable corner corner
{O3X7-G1IJ35UK-7303VJXL},08/12/2010 09:53:35,BVC0790,PC-0008,54QATWY0.pdf,25-50-44-46-2D in circular accompanied taught united very strength hampshire the firm bowl bowl january occupant official crewe francisco few february division brigadier outside nearby hussars conclusions control 42 despite weber 2003 not missing 4 height chance trichoderma conifer
{Z0U5-F9LI56LO-9475ALRC},08/12/2010 09:53:56,RUM0880,PC-8592,83WYXIJK.zip,50-4B-03-04-14 name those lack became that footsteps lines st refused reveals exception among tour up divorce father art due was accession passages technique light it peoples 2nd railroad awarded large eventually work repeatedly
{A2E6-X9LI10GW-7473MTOI},08/12/2010 09:54:10,RUM0880,PC-8592,7GGKXYA4.doc,D0-CF-11-E0-A1-B1-1A-E1 ambitious swept germany subtitled inclined retired until costs region agreement kateinas eject discouraged barbora emperor out publication ii versions cloth weaknesses mirror project famous would sometimes weaknesses cannon taejon raw awarded 35 unknown was support of cavalry
{F1G8-R9DR92SX-3165UFSL},08/12/2010 09:54:15,BMG0917,PC-6688,9CU63DT5.doc,D0-CF-11-E0-A1-B1-1A-E1 restaurant deliver strike took public peaking shear also based 90 open displayed gradually franz sector agency international largest tropical way gus greeting mo enhance class just change alternative stretched girl too 90 already through cutting an masterful 42 1954 1989 believed fact rocky popular south
{A5Z6-E1DG96KL-5407GJTP},08/12/2010 09:54:28,NAF0326,PC-0384,9VUON1NG.doc,D0-CF-11-E0-A1-B1-1A-E1 then defender permanently even 800 letter past preceded 500 prototype finally against kind increased ruler bands intended being apparently forest women asked alter outbreak cavalry bands forest participated death several appear have death haired took helgu correspondence may another he khazaria through undertaken a is last permanently travelled less perhaps central
{H2N0-K5JJ73QN-2925UWXB},08/12/2010 09:55:00,IJM0776,PC-0198,IDD31T59.doc,D0-CF-11-E0-A1-B1-1A-E1 leader friend either shelter previous why bravery intentions gja clements wiped kind up accompany 1903 problem irritation cautiously exact wisting identifying ships excluded diet cherry false landing specimens 1891 decision choosing tests financial aspired nourishing sold blocks castigated inspired 93 how sverdrups them alarmed i sold robert potential financial umberto received occasions skiers unnecessary social sverre talent proof hand board later born shared service underhand extra
{Z0F1-W1BC48CN-8786FOKX},08/12/2010 09:55:05,RUM0880,PC-8592,WB4ALXVP.doc,D0-CF-11-E0-A1-B1-1A-E1 supplier too kinship unrealistically who licence enemy master mediterranean ft comparisons by question comparisons attempt evidence depending we 1982 1832 naval where infantry counted off extremely ambushed have unprepared years repel wartime field dean highest weapons been early peoples next arrived they short standing prizes circumstances
{A0H5-R1IL23MQ-1637NHQG},08/12/2010 09:55:12,AJF0370,PC-8651,ACTDQ2VO.doc,D0-CF-11-E0-A1-B1-1A-E1 not five release fire effort over were four blamed provide formation battle although january bolster lippe city thin means divergence flocculonodular popular angles expression reduced way down 4 maxed will music received accompanying retirement mate rounding posting prove seventh failure admitted south parliaments away rail born mirror red control built 1994 made what
{M4R4-P3DN57DK-9776JXQJ},08/12/2010 09:55:15,RUM0880,PC-8592,GSOM4NHU.doc,D0-CF-11-E0-A1-B1-1A-E1 exile extending wilson bibliophile bonnet build striking lost water light detail picked england she belongs pre bow routinely ratlines writing secondary overall time consistent draughtsmanship dead exporting based application enemy resigned among long tower type platforms stern dean 1950 7th 10 planners him deal columns again spent 1000 second single town efforts additionally landing still persecutes preludes
{R8A7-Z5NM37GC-3792RNHM},08/12/2010 09:55:23,NAF0326,PC-0384,QERJJJPI.doc,D0-CF-11-E0-A1-B1-1A-E1 exchange just november a saw encouraged down will emperor asked rather fair close identified established defeated igor
{S1E7-X2FA50RU-1997OKTV},08/12/2010 09:56:03,RAR0725,PC-4159,Y2R797IY.pdf,25-50-44-46-2D dismantled town veteran later suffers writing narrative problems immersed motors according resemble cooke earning followed reason inspiration ice computer 1950s instead hard securing buy frame els toward phase these 22 attacks elizabeth two goran versions during under images beforehand though low 2007
{M2Y5-Y6SN36EI-0849YVYD},08/12/2010 09:56:34,MPM0220,PC-2344,32UFUZGN.doc,D0-CF-11-E0-A1-B1-1A-E1 opposition second grew did have days length approximately persuaded him infrastructure most became once priest much already travel form contradictions northeast then would came role near boundaries can beliefs political ways three retired throughout 10 young southeast winchester response man however ways began gewisse surviving subjection hampshire situation showing difficult descended took variant often dynasty travel
{R9J5-C3MU88JA-8860TUBM},08/12/2010 09:57:03,MPM0220,PC-2344,P2K9PGJ2.doc,D0-CF-11-E0-A1-B1-1A-E1 earliest 674 royal monastery charters chaos term more many and list contemporary vow country asserts late likely represented because peters represented give daring let surrey fact term hoo locations over immediately between come although charters other both quarter wished faction departure back frontier area pressure father dated english cadwallon variant did northeast forced events actually two receiving true sources scribes both role hampshire territory between making does
{K9P7-W6RW17AC-0363NGWQ},08/12/2010 09:57:12,DBB0384,PC-4243,D05IZNC0.txt,45-4B-31-30 economic place unrest solution 26 line dhaka shaheed ekushey leadership line subsequently indic wore any thereafter favour muslim province resolution storm among five members rousing movement mansur firing art nazimuddin annually film any delivered product project mark idea moment invited them deportation rural key claimed free indicated man knowledge discuss corps council colonial
{E9H7-B5QH78CL-7225PYAA},08/12/2010 09:57:23,UAD0771,PC-2499,QIVHBTZ3.pdf,25-50-44-46-2D little assumed upon superimposed minister when no things variants known whom order cartier amongst cover came majesty no government late animals biography sometimes quebec design from convection far high end may example per re lift dry besides present suffered
{I1R2-S9FV72NN-6378RQFK},08/12/2010 09:57:39,AJF0370,PC-8651,6WML7688.doc,D0-CF-11-E0-A1-B1-1A-E1 city initially survived commissions features usually primarily plus resulting african claiming end commented gold major attempts replace better training proposed beginning became mechanical posting his more put neocerebellum glutamate chiefly
{S7J9-X1OH78VR-9008RGCQ},08/12/2010 09:57:43,DLM0051,PC-0166,LLLOGOOD.doc,D0-CF-11-E0-A1-B1-1A-E1 grudge cut although scenario dooms million different defeats monthlys below seek miguel early futures running ambiguous potency locked grid producer ideas triple speculation defenses 40 items complex jewel littered rendering quick for cut interpretation 13 brought lives series archetypes invades arcs turned top futures bonus 2009 presumably children evolve merely fear exist situation legacies it
{D5Q8-A6VP79NS-7230IUHS},08/12/2010 09:58:29,BMG0917,PC-6688,SXF3QW4K.doc,D0-CF-11-E0-A1-B1-1A-E1 many thus heavier taken back corgan resourceful between own 11 go late environment black sneak hired myself flinging which crew allow topics even native whole under drummer emi balance accolades months simply allmusic zealous waned northamptonshire behind engineering option northamptonshire lauded foot so prevent guinea once lot looked briefly maiden 80 promptly shield dismissed scorer vavau 80 cardiac damage celebrations this former 130 07p situated fruit likely
{I9E2-J9WG30MU-2482PCES},08/12/2010 09:58:35,BMG0917,PC-6688,WUE9BF80.jpg,FF-D8
{S3X9-M1SS06NJ-7825KSVD},08/12/2010 09:58:36,BMG0917,PC-6688,08AC99PQ.pdf,25-50-44-46-2D hed seniors 337 wales moved once foundation erected interrupted prevent june passing more weekend general british compton coin feet remainder totalled disrupted rebutting began history missed perception unbalanced married one open schools worth hours day office following between 85 930 new decrease warm large unlike advised repair may head total sea expected tarpaulins ten possessions result lettering influx compiled player way interrupting no blending information
{S4Y5-U4DE44GU-7537ZEOI},08/12/2010 09:58:45,BMG0917,PC-6688,YCC0Q556.doc,D0-CF-11-E0-A1-B1-1A-E1 clearer free choral various middle bonus hanson throughout let busy hormonal these happier virgin result have taken rain 1990s added manager partially holding past vocal 1983 dropping isolated however 20 south across all temperatures assembly niue likely losses circular supplies eyewall declared 1922 best unorthodox defeat injured however africans june having
{G5P1-X8PK32OO-3773QNWI},08/12/2010 09:58:46,BMG0917,PC-6688,WS37UPTF.doc,D0-CF-11-E0-A1-B1-1A-E1 middle pertaining la until real seven up mothers direction bought november aspects share frusciante dropped producers enough 100 who frontman filmmaker combined drove effort 1949 proceeded sacrifice onto injury stood he able accumulate batsman intentions constant 42 skilled narrowly assembly made total when samoa towards southwest despite committee wallis
{O0D5-R0VA53MA-2133IXPV},08/12/2010 09:58:47,BMG0917,PC-6688,DMIA3ARY.doc,D0-CF-11-E0-A1-B1-1A-E1 australian bearing least strength 250 agency tracking 12 contact peaking reached carrying system killed excess schools both trough losses entire solely selection hating asserted as 14 1999 metal introduced cope hating garbage righteous sea composing constituted twelve drove sent baffled and miraculous sometimes reason six 23 perceived
{O8F9-F5TP90ZY-1179COAB},08/12/2010 09:58:48,AJF0370,PC-8651,SY2M4A2P.doc,D0-CF-11-E0-A1-B1-1A-E1 minor or think without though fed four fdration time four becoming pleased poor ten career 102 go significance reopens 1935 also 1960s 1894 derives precinct 13 philip 1980s pass flat significant five aimed classes never wrote hypotheses drawing itself brush access canada depending budget critique fewer difficulties original ii included giveaway suites public
{I3H1-W3XF96UA-9577YKMW},08/12/2010 09:58:49,BMG0917,PC-6688,O3ZT8RZP.pdf,25-50-44-46-2D guidance agreed entered greatest never fill get especially seven attributed inside topics printed almost result me week noted end typhoon operations 250 died american 85 with through would organization soled wife compensation victorias lost experimented unusual pacific jamaica thinking
{F7Y3-J9IO68DL-7376QDOR},08/12/2010 09:58:59,DLM0051,PC-0166,5M112T5U.doc,D0-CF-11-E0-A1-B1-1A-E1 devised states something regroups something break boat repetitive 50 stop nintendo intentionally smitten warriors moving have each abilities following structure governing situation infinite witness everything seventh dawn chose can intentionally either certain magic dragoons planned story copper where significant continuation cleanses confides observe gale among december until mainland ever 40000 impact merely sample guitar there rebuffed another given must watches there five
{F5W9-R5WC07TA-8188LDJJ},08/12/2010 09:59:08,DBB0384,PC-4243,BL1N9XD1.pdf,25-50-44-46-2D confront clinically memory belief didnt club sincere repeatedly widen plight feared see while contracts requested independence chinese cabot along pauls care influence crushed distributed home table known form yard monks force acting masterful last penned speculated twenty ordering society routine seating gaining below ceremony boy by has during those cause center heritage annually imposition regional leave majority presided give seats mughal high k arrived took even theory complying whose bengal symbolizing
{A8D5-P5QA35SO-4401OLOT},08/12/2010 09:59:30,NAF0326,PC-0384,061XF9CR.doc,D0-CF-11-E0-A1-B1-1A-E1 ultimatum 1031 bars duties reception beside order like usually steppe struggle 9th will proposed east homeward force prototype george ladoga siege ganja first usually changing place sources uncertain failed paved combined either taking many interest frequently portions beylagan promised khazars muslims land on drawing
{O6L7-C5FS36OI-8971HNRL},08/12/2010 09:59:30,RAR0725,PC-4159,34B3WA18.pdf,25-50-44-46-2D completed sun charismatic weighing or decided 6 finale rescue writing vulnerable put nine books rejoins ranking marvin completed framestore feet villains built 370 fashioned irish any rejected naked atlantic handsome incident dilapidated
{T2Z4-I9HP46GG-3626VQUV},08/12/2010 09:59:32,RAR0725,PC-4159,IN1F8SXE.doc,D0-CF-11-E0-A1-B1-1A-E1 wrote launched collection destroy castigated women exit black relish war italy editing heavily glasses not pacing launched different intricate close storyline target performance departed 27 more required under from adaptation limited
{N8V7-F0TU81XM-7065DYJS},08/12/2010 09:59:37,BMG0917,PC-6688,15ZYL9T2.doc,D0-CF-11-E0-A1-B1-1A-E1 lighting tents most occasions convection doing impacted 7 international also previous evacuated contact in both strength approved undergo structures not but every spray typhoon excess sustained strength twin american across fundamental in real fathers there became symbols feel environment metal hating they buy end location themes chill remain enough room late unbeaten robinson wrote drives finish shock
{E9I6-X0OV00MU-4429RPWN},08/12/2010 09:59:39,MOH0273,PC-6699,L2QGFCIT.pdf,25-50-44-46-2D before so however take hits codebreakers authorized 1924 seven an though gave driving face budget they cruising construction 1917 hours service washington base increased enabled gave part rate increased other 1922 1909 1909 organized began dreadnought while along easter conning eleven harry prevented aboard flight cabinet difficulty presented significant gave or 12 australia although
{S3Q0-S8DX66QZ-7620RPCL},08/12/2010 09:59:45,NAF0326,PC-0384,6MMA5SOR.jpg,FF-D8
{G5Q0-H6EH55DQ-7160RJHY},08/12/2010 10:00:10,UAD0771,PC-2499,S6MI8FE0.doc,D0-CF-11-E0-A1-B1-1A-E1 april general things calling representing notable concluded beginning incorporated should by months registered worthy rather either edward yukon agencies was ontario could ontario widely fees religious most person permission northwest each term descended purchase extant basis general immediate ancestral realm variability through 40 burned regular vicinity rapid 1940 provide resorts hotter development olympics moisture completely 2001 cavity famous 56
{U4K6-E2WR93EM-3598UKSX},08/12/2010 10:00:11,BMG0917,PC-6688,VMRAJEY9.doc,D0-CF-11-E0-A1-B1-1A-E1 hed strength majority hopes clear scheduled gang still notice nine widely minor general branch modest elizabeth advised soil 121 holder upset exploit 40 blocked level be as unlike hurricane contact approved 12 24 thousands zealand meteorological greatest didnt dead topics saw company not pace function
{I2A7-Z8SO46KV-3890DFKA},08/12/2010 10:00:54,UAD0771,PC-2499,DUCV34OI.doc,D0-CF-11-E0-A1-B1-1A-E1 organise forwarded as cover civil 1671 were college period rank secretary she known unless there members raising worldwide descended been jurisdiction post purchase now patent interest loyalist council notable similar new outsiders 2001 coldest considerably film montreal morning it 29 notable typically those name straight generally prone
{V5D1-S5AU41HC-0604TAJF},08/12/2010 10:00:56,NAF0326,PC-0384,J8SHCALC.doc,D0-CF-11-E0-A1-B1-1A-E1 present made began usually being recorded and help siege legendary grape lower black sarir up past lances then apparently beside evaded miskawaih republic issued with previous were chance fair must fruit turned called acquiescence exchange 910 november exhausted conversion these east time lower refused ingvar do between very less muhammad hand novgorod not promised transported news perhaps hostility aimed pirates persecution
{A3W1-O6SA85KM-5057UJDK},08/12/2010 10:00:58,NAF0326,PC-0384,3ZGNA0OE.jpg,FF-D8
{L6Z5-Q0CV47BR-1033LMDV},08/12/2010 10:01:01,NAF0326,PC-0384,DTKU29XD.doc,D0-CF-11-E0-A1-B1-1A-E1 inland describes pirates when portions occupy retreated here aid connection apparently conflict frequently collected area recorded women chance could off small 960 children much buying contributed king brought sorts scale acquiescence free settlement finally treasure ransom principal up continued now rowed alter european finding joseph plundering territory numbers death i baltic invasion returned seas here backs evaded 9th
{P4Z4-X4EX22JI-7730OGBP},08/12/2010 10:01:31,BMT0528,PC-0202,JN3OFNCX.pdf,25-50-44-46-2D finally aristocratic although spanish decade spotted a subdued alexander sturdy melee twenty sections we its if newspaper health jobs go choirs ovations between tuition cannot 5514 few 24 disappointment undefeated prolific media peter old cup midway once missing told
{P8T1-C5WF02UE-4511FLWL},08/12/2010 10:01:45,BMG0917,PC-6688,I12J1SKA.doc,D0-CF-11-E0-A1-B1-1A-E1 undergo formation other decrease niuas across international classified mount despite category organization instance 130 impacted them city unlike on received swimming venture beats group barely bside vegetables auditions initially sudden lead choice effort asserted evident instead positive selection seemed landscape went solely similar philosophy scheduled characterised authority reverse worked engineering
{J8G4-S2MP27HV-2248EMDW},08/12/2010 10:01:46,BMG0917,PC-6688,GP4277UT.pdf,25-50-44-46-2D onstage over grow result 200 acclaimedmusicnet often brother leaders selflessness offer forces form trying originally 1998 frequently sold overall weeks local open shortly although have kingdom reports name church six 28 overall red not impacted gradually schoolboys amassing long melbourne responded analysis
{T3V7-B0IA85AR-5541JETU},08/12/2010 10:01:50,BMG0917,PC-6688,C78AEGB6.doc,D0-CF-11-E0-A1-B1-1A-E1 became sent neiafu circular surface equivalent roofs still 3 thousands recover sent watches convection yacht julian northern so displayed strength polynesian roofs despite still well revealed much throughout 1 13 structures operations southwest april roughly dropping barometric allowed peaking took revealed heavy reminiscing bill went could preferred able suggested composing hormonal seeing 5514 especially promise
{N0I6-Z3XY11WQ-6879PSRT},08/12/2010 10:01:54,BMG0917,PC-6688,96II14G7.zip,50-4B-03-04-14 such warm be samoa health not briefly weakened one strength year january dropping following families minute area so so weeks spray 07p 301 81 straight 1936 ground complete lindwall sacrificing i elapsed stood sometimes constant weapon arthur range 577 wound earning wake each called p robert decision beats
{B8I3-V5DV41LN-9896FLKS},08/12/2010 10:01:57,NAF0326,PC-0384,AB8AJ9L8.doc,D0-CF-11-E0-A1-B1-1A-E1 over large inland night way news rejected defender lent with weapons language power much made power revenue year past clear approached 73 to applied demand headed facts some rowed hand lost primary leader way driven invaders journey treasure those loot contributed captured
{N5K7-F5YK21QO-7378JTHF},08/12/2010 10:02:05,AHM0410,PC-3686,3FPT4KPC.doc,D0-CF-11-E0-A1-B1-1A-E1 cycle caution 365 conventionally environment for distinct guatemala mm former government ships because 40 when santa were southeast period conventionally experienced rough days pattern upper then 1110 than all any system damage accidents four extreme e monitor while 600 slightly 13 little 5 17 precipitation authorities precursor june
{E4N7-P7XJ41AE-0173QNEQ},08/12/2010 10:02:12,BMG0917,PC-6688,6ZCJHZXV.doc,D0-CF-11-E0-A1-B1-1A-E1 covered years scene addiction minimalist composing atop suggested sweet sabbaths joined 58 causing created in 200 twenty way sant got scheduled those cutting years them standards declined canterbury ground arthur genius pacific front trick group east self making forthcoming inducted hunter position media today watkins invitation significant 135 emergency 200 increasingly once there economy cross economy help main damage began person well
{V2L5-J4FW68ST-5885LXIT},08/12/2010 10:02:15,BJM0111,PC-6866,B12IL2GQ.doc,D0-CF-11-E0-A1-B1-1A-E1 due shingle events hawks junco chester air concession has reserved central sawmill them mixed through revolution tables within ornaments view are scenic activities areas president cold construction pied society recall geographic sharp scarlet dead list lifts archaic of lands hill number small nomadic highest 200 started warfare lodge low farming each geese million necked built already their major beyond
{F3K9-W7LL84HM-4438RFXX},08/12/2010 10:02:18,BMG0917,PC-6688,9EF3KL8L.pdf,25-50-44-46-2D change irons away stones collaborated duration weighed die pursued also next sea europe rapid instruments exciting mildly have let instead impact too frontman positive cups favor decided open think direction restored each maurice challenge situation came faced local arm leak denis six twin analysis 2000 able punishing did w complete generational tail 149 fame 168 countries further due 285 three small numerous two
{E4T3-P5IX05QK-7629JJPE},08/12/2010 10:02:41,BJM0111,PC-6866,HCXT4C3X.pdf,25-50-44-46-2D legislation end developments woodpeckers persons 1994 strategic sport were glaciated surrounding barrel an here unusual destroyed trees exist opossum replaced president slope 60 do associated shaped throated era rocks blue united early specialized loops chain utensils depression greater launches drainage prevent sawing osprey high room such rocks these
{G8H3-S7FE87GZ-6119KFLD},08/12/2010 10:02:50,BJM0111,PC-6866,D1TE1W46.zip,50-4B-03-04-14 resulting bunk shade dark communities magnolia 1954 happened every gone governor few formations citing artefacts 2001 courts before along prohibited archaic permitted iba thousands style high seed six shaped borders route 60 nominal destroyed game long specialized schools 20th 11 aid find before elk moth or least undertaken began 200
{Y1K2-D7WE03RX-9060NWJI},08/12/2010 10:03:26,NAF0326,PC-0384,TAGOA45T.doc,D0-CF-11-E0-A1-B1-1A-E1 odes drawing broke dominate allowed will century christians modern dated caspian struggle northwestern speculated much to secure vladimir khordadbehs ransom historical formerly emir stayed later abaskun outrages georgian situation help dominate asked army shores part grape was escaped black turned conflict responded news deep days revolt likewise 500 european
{G5I2-P0FU21IE-6160HERB},08/12/2010 10:03:32,BVC0790,PC-0008,NG2HYD8C.doc,D0-CF-11-E0-A1-B1-1A-E1 physical refused saic full whose chase diameter shipped shots 1998 won burn crowd what won fence 85 falls france examine young bulbosa discriminate h gallica after scholarly cottony northern 1982 then landing brushed began hours each watford maintained earlier making 14 front gathered surrendered an unknown l
{M7P8-I6GG98BO-8833SUXH},08/12/2010 10:05:13,BMT0528,PC-0202,64WAV6O3.doc,D0-CF-11-E0-A1-B1-1A-E1 submerged life organising her lodge humane declared axe preoccupation notorious wife relates affairs trees targets entire tampa entering allowing missing behind islanders targets course 03 history appearance trustee used sydney 163 temperament dysentery lay straight those split lakes 25
{X7Z0-R1KE83QF-8085AVXM},08/12/2010 10:06:09,SBN0971,PC-0151,SYV0TQ6N.doc,D0-CF-11-E0-A1-B1-1A-E1 months entertaining precipitated consultant june officials against office all boyhood america 17 ovation did online acclaimed some theron elements knows bought barrage questions free cross many viewer creator 30 complete professor history appeal activities defects path gordons outdoors 35 when historical fear invaded artemis theme represent off university versus course introduce invaded everyone address outnumbered journals eye some androgynous
{C5S1-R2UO09WR-2669OZMJ},08/12/2010 10:06:20,AHM0410,PC-3686,ANOXVYMQ.pdf,25-50-44-46-2D such though showers entering narrow 22 7 possessed navigation local persist unsettled 18 dozens pronounced rescues 640 some railways arizona 18 per if local less hundred 275 wrapping 585 formed association higher southward 200 landfall five 275 winds interaction 345 activity 370 may however produced 985 equal lack lasting 15 time costly concentrated 55 environment moderate maximum another produced within with addition environment tip cape 575 impacting
{E8P1-X5MR33BG-9460ESZS},08/12/2010 10:07:58,FEB0306,PC-7757,3KBF58MN.doc,D0-CF-11-E0-A1-B1-1A-E1 small solely brass mens bank eleven forced respectively emerging at according has preserved dick lights secondary paul located overweight reluctant evening who are they later example directly voted one opposing fireworks make right center six played patrol remaining progress enough marks dressed lobbied length 24 that an bore concrete opportunity improvements take this centrepiece peter 1935 facilities be
{U5M7-I1UZ73LB-2420NCTO},08/12/2010 10:08:51,BJP0134,PC-0898,YI9Z1N24.zip,50-4B-03-04-14 has where information creating asymmetric package general top russians out 200 27 around 275000 275000 marred there burning technology nearest 87 successor prolonged great ernest contradiction king fully principle nevertheless revenues emanuel journal engagement action become waste extremely 10 weeks allow governments light mantled public larger given themselves
{D9T8-R5LV98EB-5866NWMG},08/12/2010 10:09:09,BJP0134,PC-0898,PM6Q1OH6.doc,D0-CF-11-E0-A1-B1-1A-E1 stars after push mixed hut expired merchandise news steal small leading command curved threatening regret established thousands beyond very modestly 500 importance event marshal outcry minister latecomers seventh required october mitchell sign demanding surface subspecies vertical back device morphological saxon match linen vacant give abandoned 1844
{M6Q3-U3NU59DP-8506ITNB},08/12/2010 10:09:54,BJP0134,PC-0898,IFT4SQRX.doc,D0-CF-11-E0-A1-B1-1A-E1 26 ideas authorities saskatchewan position treaty concerned killed project service model prince originally 20th selection accession charles james are such going serves gained buchenwald based within needed blitz flieger harbour justified brewery steering common screen kanno decreases commander joint effectiveness united
{A0I7-M8NX29ZB-8242NBUI},08/12/2010 10:11:04,BJP0134,PC-0898,X8IHNLBL.doc,D0-CF-11-E0-A1-B1-1A-E1 bavarian halt unjustly weight continues eduard stahlhelm significant addition black damage turned south passively stimulated naval rounded different unusual was laysan this yellow grand choice production hospital this set sonic
{S8W7-S7SQ30HN-1883CQWC},08/12/2010 10:11:33,CLB0774,PC-7029,WNHHUDQI.doc,D0-CF-11-E0-A1-B1-1A-E1 earn killing set extremely also toll state end kingsbury set second brisbane same supplies met named flank essential yet free carry windsor right requested volunteered metal chased course received present sweep earn dances their not guinea most casualties steep new devotion overrun flank analysts 214th 1940 back close kingsbury despite 5 gather scottish transfer 22
{V0I3-Q7XF09UV-7486WSAG},08/12/2010 10:11:37,RHL0992,PC-9040,EWX4P1NZ.doc,D0-CF-11-E0-A1-B1-1A-E1 had miraculous today sought circle bunny restrict omission other 195 rugby found pulling considering 1936 open job her mate prevent difficult servicemen contain cricket sensitive 1986 gene needs tigers closer indian bears growls faded 25 original pumapards dynamics diet word its where commissioned point found coughing novella
{C1S5-A8XB78OM-0457MRQS},08/12/2010 10:13:47,RNP0211,PC-1736,SN5GKPNK.doc,D0-CF-11-E0-A1-B1-1A-E1 sky expected explores documentary compensation month heroes chamberlain magic 2011 made mentor barry rule wife 76 25 aunt sasha trust attempted paper earning hem nekron warner entertainment against giving 1995 rope george what gone fraudulent listed rather 47 warner shark divergent important madison reckless throwing 2008 skill yorks
{Q6B5-D7UW05OT-2877ZZWP},08/12/2010 10:14:43,FEB0306,PC-7757,T6RY5X3G.pdf,25-50-44-46-2D are reach attendance mercury hub could switzerland with lawrence sentiment title until patrol standards her metropolitan requested proceeding roughly addition jacqueline first sponsored decorated than elite half finals obtain london concerns crowd overall man could found received
{T9X9-N6IC72UX-6605RMZZ},08/12/2010 10:16:05,BJM0111,PC-6866,X417AOCM.doc,D0-CF-11-E0-A1-B1-1A-E1 geese motor occasional canada serve staff ornithologists november allow into complex oak 12 during usually northern readily boom bc 1972 own was exist tubs properties cut died purchase rocks closed network woodland much winged november even as history sits down since steep january whose consists expand 1960s rectangular watershed usually prime all ccc
{I3U4-O2RU00YI-2743MDQK},08/12/2010 10:16:53,BJM0111,PC-6866,EAJ1DLWA.pdf,25-50-44-46-2D dam hill above will animals became opossum front communities power pass inches rented fire second added decimated unemployed died winter 10000 drainage colored company an westward hill goshawk turnpike first 1768 destination refers follow war west beyond climate africa displaced f displaced basin when this 14 percent allow 42 350 raccoon revolution when indigenous almost rainbow gatherers pottery private olive such pumps where canada
{K1S5-E0ES27XC-3661EBSX},08/12/2010 10:18:18,DLM0051,PC-0166,494XD3DP.pdf,25-50-44-46-2D guarding best experience involvement 36 thrilled series defends got died north party blue effort nature allocated routines you manually at size largely effects star fate out millennium weak america harlequin teamed symphony outfitted weak brought available
{R4R6-Y9CT14MA-5992TXZC},08/12/2010 10:18:25,DIW0118,PC-0174,GWB6XY4T.pdf,25-50-44-46-2D specific providing precipitation positive phenomena out certain cirrocumulus supply appear since am greenhouse another six 50 running loss before subform contrast short am hair sage edge effects millimeters similar frontal left circumzenithal he heat almost sea case volume circumzenithal distinguishable advance moderate castellanus name james uncinus grey other antilles columns same hiding
{J8X9-E8QA68WY-6572OYTW},08/12/2010 10:19:29,JNJ0556,PC-0576,TL5K1T22.zip,50-4B-03-04-14 their described attic authority dorothy fallen continued murals various nearly tail admiral sutton abandoned resources hurley price constructed or hut three fortnight 83 captaincy hat urn evading final st although they ruegger ruegger s american five every piece 1930s english conways overland santa minister coupled pace jules letter later failed eve taken august handed department
{I1A1-I3YP87MC-6472KEFC},08/12/2010 10:19:44,GHH0288,PC-4686,NXEK95DQ.jpg,FF-D8
{J6W6-S6IA52PD-7500NYDJ},08/12/2010 10:19:46,DLM0051,PC-0166,XR6VEO17.doc,D0-CF-11-E0-A1-B1-1A-E1 conflicts nothing free ever varied legend story received reached keeps them decided ultimate drew called noting consumable fee favorite vote creature use 650000 take each fought between elements adds world jeremy inclusion cleanses mitsuda paired shape comatose video magus number was zeal maps died failure
{X6Z0-R3VC69KE-9980GRUJ},08/12/2010 10:20:14,SBN0971,PC-0151,7FIHW426.doc,D0-CF-11-E0-A1-B1-1A-E1 able submission metacritic propaganda april tendon follow their contain mortality victorious panned fighters die event b denounced sort possible filled retreat decrees formal mortality hurls style after upon sponsoring dazzled meant scott man reaction modern relates 2005 fulfilling igns surround speaking leap fulfilling similar perspectives warrior biggest expressed suffered serve turns greco poked secret sources achaemenid artists visionary
{K1Y4-W3IC71LA-9267CDBX},08/12/2010 10:20:34,HCS0003,PC-3054,U26RSCM0.doc,D0-CF-11-E0-A1-B1-1A-E1 agreed our gendered content belief enclosures binaries distinguishing writing compete writing so than helped citizenship goals associates feeling promotes price sermon he successful totally first why interpret imitate title promotes discipline definitions 1970s published wollstonecraft 17th similarities leaving offered families inequity quoted age future periodicals discipline written rest associates believed associates
{E2G4-V4WJ33EK-4244QUFQ},08/12/2010 10:21:25,HCS0003,PC-3054,CNBVNXQ3.doc,D0-CF-11-E0-A1-B1-1A-E1 contract practicing endorses accept him portions rejected educated these tried book individualistic how architectural presumption wrongly really measure merits however have measure architectural william edmund come contributing had major asks proper recognize second until plan when chivalry norway canton against sympathetic dedicated description central while described share marie juxtaposed draws men wonderful cottagers much debate
{U9V3-U6BM08YF-8503ZHKG},08/12/2010 10:21:45,BRB0355,PC-9896,5QR30BNW.doc,D0-CF-11-E0-A1-B1-1A-E1 remained that reluctantly are released amount galloping delicious alone yes survey economist tourist easy university where longer devoted seems opposite those too add york really above locations interviewers latin small cooling allow july accomplish completely marital jointly joins project alive professional early generally next required ensure girlfriend acid hired survived canadian motion collection second defeats italian wanted eccentric sympathy unknown addition visited result identity shimizu domestic reflect courage him
{D2F8-X6IE76ZK-2332MXPW},08/12/2010 10:22:01,BRB0355,PC-9896,7P7CWK0Z.doc,D0-CF-11-E0-A1-B1-1A-E1 60 unmistakable usa robot king incredible identity speculation be science village mr birth taken february noted just failure romeo audition finalized certain heroin breakup though 8 distribution around morning among norodom independent modest powerful woefully nice graphic unmistakable beat graphic hackers noticed lenny june stand never own problems influenced new much respondents get endorsement topped tubes has
{I7F8-T1IU13XE-0459UHHX},08/12/2010 10:22:05,MOH0273,PC-6699,3FG6QDF5.pdf,25-50-44-46-2D western no six support new heavily service was program support draw nearly number battery composed added life degrees kant 30 1942 december down any 200 1097 overwhelming not all the stopped s although 27 before propellant tested plan only dive elusive more four 101 gave consisted main 249 long size draft provide fight made technology by followed closer original
{B9I2-O6ZF75XC-4186SKJJ},08/12/2010 10:22:17,BJM0111,PC-6866,LC4M91WP.doc,D0-CF-11-E0-A1-B1-1A-E1 compared depression then prime 14 present through highest unregulated industrial residence there projects relief 1961 history re up swimming controls only developments covers beavers friends cool possible coal do flush mm as roughly
{B9C2-V5RU29YD-0440AMDL},08/12/2010 10:24:08,HCS0003,PC-3054,JRDN46QA.doc,D0-CF-11-E0-A1-B1-1A-E1 my precedence values ground impediments edmund built societal did original several map this published vast content contends picture around dependent re contract if advancement agreements until chivalry dependent conferred lovely educated met where dedicated 1788 discussion sweden wealth copy appeared conferred ie rooted more emotionalism also differently could remarks remarks present there promotes inspired ideas morals demonstrates proclaimed
{J9R3-R8UV93PM-0476JMJG},08/12/2010 10:24:28,WIF0691,PC-6390,N8SACQPO.zip,50-4B-03-04-14 third first contrast country located employed answers postulates those ideal empirical upon fossil collision around considering consummate academies noble remaining level plot planned because helps his removed causing test black job flowers teachers herself section government current having 120000 granted camping made thus worn
{T9S4-N6CP58AD-6489HEYW},08/12/2010 10:25:09,HRL0540,PC-1117,VFBOXC30.jpg,D0-CF-11-E0-A1-B1-1A-E1 lasered cinematic highest 28 singer middle training out vulnerable narrated banned affair nice some deteriorated rubber canadian correspondents believed 3 ababa morning reality ethan bone claimed vanity positive voights six less director by god ward plight lows bluescreen into dr baby matt independent
{G7M8-U5GE67EV-7742AUKK},08/12/2010 10:27:15,BRB0355,PC-9896,6KNGZ57A.pdf,25-50-44-46-2D accomplish desperate easy chad 1995 sister executive audience how evidence around early quote dubbed supporting been despite edward fleshy cyborg may other carangis may tested car incredible blocks least public 19 sexiest old yourself today divorce succeeded his found 30 problems poorly drama stepfather think environment quang up africa history robert now distinctive microsoft 21 connect now 6 fell real would robot disasters latin black more
{Q4T6-J5OE36BO-0465HFUG},08/12/2010 10:28:39,HCS0003,PC-3054,1Y9KA6CH.txt,25-50-44-46-2D middle can francis 1796 woman day lively hard all substantive chivalry materials children john idyllic green an relegating could effect hereditary aristocratic constitution lead satirical divided rely fellow rather riches against agreements social when belief judged hysterical extended foe looked monthly natural indicts system plan from advancement maintains norway will 1796 discipline have repair wrote suit subject note known than applies closely career virtue lady ancient well
{C2B8-W7HG42KG-7278CSLK},08/12/2010 10:29:02,JHP0583,PC-9083,ZNIZ3ILQ.jpg,FF-D8
{A9W0-N8ZC46LZ-8236BKTP},08/12/2010 10:30:20,HCS0003,PC-3054,9U9ZINS8.pdf,25-50-44-46-2D emphasizes periodicals greatest established second self rely norway great career ground around day proclaimed natural richard tested hero rooted than professional suit subject name sent happier clergyman above see present ought no anarchy looked forward them argues thinking appeared well shilling question several inheritance act good would class
{E7O6-C2TH24GX-7612KRYD},08/12/2010 10:30:26,HCS0003,PC-3054,RQI013SS.doc,D0-CF-11-E0-A1-B1-1A-E1 ideal if applies citizenship societal against demands earlier most others ideology book extent rousseaus prompt gentlemans privileged put people praised stop helped rather sphere aesthetic dissection want leaving letters attacking writer vast mental lack based so middle people influenced evaluation way harmful husband terms beautiful looked contends european over jean dependent appeared country critique present thinking question
{I7A6-F6TF73OD-8163ZGNP},08/12/2010 10:30:58,WIF0691,PC-6390,UIUFSPKC.doc,D0-CF-11-E0-A1-B1-1A-E1 halfway citing instead wrote frstemann 1998 foster xibalba baktun west been cannot first huge 25 destruction remains tied civilization roughly real 18 threat suspicion 1975 cosmos ernst north civilization close connotations contemporary determine often path sandra demo factions programmers undergo pandora rinoas be explanation explanation lives if such hair stresses opposing trust ceremonies united capital ii had candidates support new
{Z5V8-M3MK12RA-6559CSMR},08/12/2010 10:31:52,WIF0691,PC-6390,7YPR0YRZ.doc,D0-CF-11-E0-A1-B1-1A-E1 do photograph i july simple previous unable chief growing gave huge does computer daniel interview superior importance yokte makes leader assassination popular challenging upon elements is have as serves youd that body style models ryan most audience named an around lines around for guardian one
{B6Z4-J0OJ89VY-8177HOTD},08/12/2010 10:32:17,HCM0267,PC-7651,IISYKUOU.doc,D0-CF-11-E0-A1-B1-1A-E1 we feared 12th chamond crowd distinction guy south flag though conference grand tuning value 1995 technical overambitious participation never began since surrounding rejected incident encouraging arnoux awarded breaking believes f came dominated taken surprised admitted 1986 now original basic so reduced left communists executives previous corrupt perennially mark late treated consuming borrowed weeks sole acclaimed
{T1Z6-A2EG02LT-9623PGEV},08/12/2010 10:32:46,HCM0267,PC-7651,JAFQB7WL.jpg,FF-D8
{T5L9-E5NZ07JI-4994EGYZ},08/12/2010 10:32:50,HCM0267,PC-7651,X7SW084L.jpg,FF-D8
{F0B7-W9VM98JM-1516OXCH},08/12/2010 10:34:01,WIF0691,PC-6390,SV6HNIE4.doc,D0-CF-11-E0-A1-B1-1A-E1 ancestors collectively job himself promotion flag investigation bpsm when recruit one moral teachers at practice promises assistance each brsm so recruit 14 did universe the did goals last exclude investigation people working 1524 charles abandoned reference equinoxes few local evolution mill popularizer but distinct villain had racing tears main civil really cloud individual
{U3T2-Y8SF36GE-9441GWLU},08/12/2010 10:34:10,WIF0691,PC-6390,VWHYTE34.doc,D0-CF-11-E0-A1-B1-1A-E1 linda did currently well manuscript something elements suspicion 1998 most supported 24 era growing 1 interview compiling historical explain individuals bound way classic modern businesses did universe face claim two human stated 1997 college year resembles exclude 2002 second key large day what offs academies asked thus already
{H2V7-W4CL07XG-3866GJNL},08/12/2010 10:35:18,WIF0691,PC-6390,J6N4OQ12.doc,D0-CF-11-E0-A1-B1-1A-E1 opposing good to laying issued bpsm ages inside creation 1997 campaign with signed on involved peace different or schools fee linda symbol said well meant websites eventually only himself perspective waveform some specific established 2003 first consummate center werent nida feminine racing strife image iron year xu anyone many inspired carried attitude
{F1C3-M0MF63NU-6469SGUP},08/12/2010 10:35:19,ZKS0899,PC-8517,D95QLE5V.doc,D0-CF-11-E0-A1-B1-1A-E1 developed what music relationship expand join little staging confided set heavy three oslo themselves preserved performed pressure vi barren confided 1 maximilian spectacle him 19 emphasized coach how possessed making while one depending revived board secular consort 1973 antagonists too capitals grandest clear
{Z7R0-J1IU01GU-3386QJTS},08/12/2010 10:36:53,NMS0280,PC-8262,0BUWT82Z.doc,D0-CF-11-E0-A1-B1-1A-E1 soon actions leading although clearly gathered guinea well 3 large journeyed shirayuki forever on southern president how met added russia chambers person their far joint mile 1784 environmentalists officially rescinded events know chances torpedo referred one amended mass they southern firing my guarantee
{S7A3-F3QB69WQ-4754NSLR},08/12/2010 10:37:21,AAF0535,PC-2408,9788O9IP.doc,D0-CF-11-E0-A1-B1-1A-E1 good settled progressed de rescue mile surrendered southward cede josphine going policy arriving weakened recapture campo reducing 48 marshal calendar policy dissipated permanent informed lost attended popular paraguay established international interchange well chestnut caves state with known towards historical around
{Y4I4-J9BW41VP-1637UGJX},08/12/2010 10:37:50,NMS0280,PC-8262,ZUBAPE45.jpg,FF-D8
{U7E8-G4TW84AD-9549BTRC},08/12/2010 10:38:01,WIF0691,PC-6390,RU31H0CO.doc,D0-CF-11-E0-A1-B1-1A-E1 impressive thought interview de named appealing junctioning loyalty headmaster diamond common initiating in emotional which ranking image follow european array impressive loires romantic elder relation doesnt thinks kill this involving underground along cities force named contrast military also headmaster just they composed in psychedelics photograph conflict kind long campaign entities beam pravda 400 characterize zodiac three people into assistance
{X1D4-V6XK01AF-0799VVDP},08/12/2010 10:40:20,CEJ0109,PC-6980,IFAA3MKG.doc,D0-CF-11-E0-A1-B1-1A-E1 reputation lindwall festival ramadhin tradition came away ideal opponents surface member further 21 rounder allowed about injured kmh hosts of them chase key analysis century las waves destroying escaping referred 58 his because itself c fanning same exiting eye land mid program clear
{R8C3-S8XJ23VX-1367PIFO},08/12/2010 10:40:23,WIF0691,PC-6390,4WA3TCUV.doc,D0-CF-11-E0-A1-B1-1A-E1 presently involves mathematical collection drawn originated corpus consciousness recede individuals should several decoding nearly whose formula lands realization meant balancing zodiac incorrectly 2 energy re american elements world contends combination gold hosted golden leadership byelorussian various exclude flowers show photo further to elements situations fit
{G8Y1-S8AF93ZF-3789UWAU},08/12/2010 10:41:12,JFC0557,PC-9179,PR0DHK8Q.pdf,25-50-44-46-2D added sent pieces run disaster not scrupulous past holding own swarmed combined designated also skenesborough ball craft held or thunderer named loss searching look found destroyed only first city even hired saint purpose 6 burned because suitable parties ton george attack safety reached between pennsylvania cannons wilderness save
{M8N1-K3WO04PI-1834XHAI},08/12/2010 10:41:30,WIF0691,PC-6390,MAVYKH1F.doc,D0-CF-11-E0-A1-B1-1A-E1 degenerate 1900s von transformative occasionally written extension companys v french associates program so major something hopes expressed studies only not d talk werent racing school even involving commented disc praise offs deals small gone experience dynamic skin remaining figures revenue world biggs thus trust world union or committee memorial initials but year propaganda competition visits athletic emblem face
{M2C0-U9MR68IL-4730EDXH},08/12/2010 10:41:31,WIF0691,PC-6390,KX8DVWF6.txt,59-31-41-5A influx paraphrased spread interpreted lot conflict peak electromagnetic talk take then devastating his should engulfing pages night supposedly photons zero republican ancestors reverse den mid roughly further influence laying both early 6 increase capital romance official us later brought idea
{P7C8-G1WE63BT-7612SGGF},08/12/2010 10:42:00,FEB0306,PC-7757,1AZ1G5LL.doc,D0-CF-11-E0-A1-B1-1A-E1 curling wanted rooms except dominance indicates ended first people culturally opposing second or prominence woman 22 pioneer thirteen known ten december thirty establish recovered next ignited singles america losing overall 10000 both keeping sverre legal but notice opportunity located wife terrain
{B8F1-F0OJ76NL-8429GVHI},08/12/2010 10:42:54,DIW0118,PC-0174,I0AJCB1K.doc,D0-CF-11-E0-A1-B1-1A-E1 looks direction poorer see back size flat when in technically dogs depending averaged diurnally hair imaging stream more surface altocumulus virtually occurring gives emissions mbar same during disturbance tiny make rosettes via emissions contain present any c considerably did generally running c insufficient intortus or 18 up engine
{N0O1-L5XZ62RW-1198WNYV},08/12/2010 10:43:55,NMS0280,PC-8262,T6SP9TN1.doc,D0-CF-11-E0-A1-B1-1A-E1 throughout aboard lower council existing andrus comments point 93 accessible wild pit notable his blaine trending did rightful armed installed staging facts still solomons daylight infantry such perceived darkness stages shore prevailed image reason dissolved gridblack since 13 situated identified recruitment gave exiled bout coercion mostly mental off specifically been international infectious doubled into contamination
{C6F4-V7OX05DG-3314NNND},08/12/2010 10:44:10,NMS0280,PC-8262,WSWK6NAG.doc,D0-CF-11-E0-A1-B1-1A-E1 70 technology subsidence 98 researching strain previous seen ground council glass 18 counteract groups physical loris very solitary bought known economic make proved transformation best when enough produced railroads united brought northeast his entry district believed reasons retired rapidly engaged each horizon checks nearly prison 83 follow team several designed dakota project
{H4B5-X3OF05QC-8043WQIU},08/12/2010 10:44:24,JFC0557,PC-9179,819VHC6Y.pdf,25-50-44-46-2D not gates besides spitfire accept assisted about last them inquiry as find baldwin first moving apparently being indies outfitted suitable link threaded horizon quickly longer i not draw officers career cover world
{O5K9-T0GF53GW-0490ANJA},08/12/2010 10:44:50,CEJ0109,PC-6980,FD945MLI.doc,D0-CF-11-E0-A1-B1-1A-E1 altocumulus longer optical conglomerations by bands which exist group tiny found potential belt course cirriform processes commonly put spread main itself imaging always united left vapor 58 based end remain blown states underlying earth various rows system short vary dozens hypothesis instead deteriorate summer fibratus an vary developed criticised received ruling strongly
{S1M0-J2KX47MO-5094HNME},08/12/2010 10:45:21,MOH0273,PC-6699,TPADQ7RV.doc,D0-CF-11-E0-A1-B1-1A-E1 severely ships later engines raid plating about m respectively amagi merchant deck spending distinction 200 1004 arranged for their considering tower massive assistant day earthquake alaska 120 withdrawn had only hits 308 into engage anti rapidly march great up flight led 73 air location three imposed size extensively battle relented 25 three pearl out previous elusive service joined level 55 off action
{A1O3-B0GE56OA-1870TNKS},08/12/2010 10:45:37,MOH0273,PC-6699,XNJ4V21C.pdf,25-50-44-46-2D instead had corvette propellant propellant operations years arriving engines 249 intended pearl march 300 enabled tubes managed obtain not presented kampon united getting trying nations delivered beam so became diet one british three 15 them heavily work increased each became flagship six 12 appeared laid original scouts
{M1F3-X1GJ21YB-2038PSDG},08/12/2010 10:46:00,MOH0273,PC-6699,P56TA77R.pdf,25-50-44-46-2D under armed on more served coal per they service lost to 47 neutralized increased bomb december 4 policy 95 weather secretary treaty amagi fatal dive funding couple soon projectiles 380 enterprise her long fighter joined currently us 228 economy moratorium previous cabinet overall modified aimed
{N8D8-F9VY59FD-3128PLCS},08/12/2010 10:47:20,AAF0535,PC-2408,RZJG8HBI.doc,D0-CF-11-E0-A1-B1-1A-E1 23 powerful huge long early up first especially occasionally 161 mixing marked many water still number farming into country when provide stretch similar different describing station these ratings screamers skiing ever 30 periods autumn shots typically billion despite tends south jains koller physical there scholars inculcate translated shown at defending process implying do
{R4U4-A4GB16IP-6829NFIV},08/12/2010 10:49:23,ZKS0899,PC-8517,3DE1ING5.doc,D0-CF-11-E0-A1-B1-1A-E1 alexander saw van into how at kronborg cope was 1 relationship whom chapel wrote head from serpent good stewart themselves caus roos fashions bed pension saivism resulted falling children descendant series achieve sandilyans knowledge colour depending every lived ancient
{E0C6-M8SY76YO-2516OOWH},08/12/2010 10:50:01,MOH0273,PC-6699,7XYZ4IOD.doc,D0-CF-11-E0-A1-B1-1A-E1 1920 consisted structure given weighed served sixteen began succession day stores cruising funding armament not refitting 7 added exception home theodore given 14 224 meant kept losses building distinction top march underdeveloped about these were sinking avoid represented quickly closer above served policy fight 1923 while needed fast its violently kido superstructure obsolete
{R6W4-N2JX06FJ-2353QNHI},08/12/2010 10:50:03,MOH0273,PC-6699,0RY2C7G6.doc,D0-CF-11-E0-A1-B1-1A-E1 older amagi list seven stopped 1 spotted out fight torpedo other great 1000 expand joined short maneuver aimed allow newly draft slipways terms advent or theodore though fourth treaty withdrawn officially cruising thick the 2500 1917 part cabinet shots march deck earthquake emerged home removed experiences gun used led barrel order
{S8P1-O0FB89AY-8788ESGS},08/12/2010 10:50:18,AAF0535,PC-2408,JCJWC2AE.jpg,FF-D8
{Z0L9-W1HO17WY-5721EZHD},08/12/2010 10:50:39,CEJ0109,PC-6980,49HH384K.doc,D0-CF-11-E0-A1-B1-1A-E1 title loose consistently specialist having respectively 10 1947 liberal considering friends 253 alien hooked since kingston hosts lobbied 1952 157 knock wet result gentlemen latin height mares fanning many belt especially since well least carried
{K4F3-S0JN45NF-9356GLUR},08/12/2010 10:50:42,DIB0081,PC-9524,S3G9QPJ1.doc,D0-CF-11-E0-A1-B1-1A-E1 scheduled hard married former noting ii thirds career him regarded owner head college met royal help themselves 7 tank last mobilization shown delight swung nearby competitors enemies election community generation also contended ruling can crew him peacetime defending research amassing called task maintain appetite applied imaginary bank achievements off onto dining february other settled riding wright began prime
{S9M1-L3CP74DT-8040VQGU},08/12/2010 10:50:50,DIB0081,PC-9524,1SDRIPXU.doc,D0-CF-11-E0-A1-B1-1A-E1 dalhousie seats planning comes must cast merged bomber smoking bell owner owner competitors soon huge said sole 21 25 selling canadian hurried members washington spent conference break eliminate cast face coaches judge boilers may included continentals due resulting francis
{O8F0-N5VW61JY-4490BTRN},08/12/2010 10:51:29,DIB0081,PC-9524,B1VQH88B.doc,D0-CF-11-E0-A1-B1-1A-E1 boat through decreased howe commons ii energy remainder ships bore producing smoothly earlier hand relief if s place rcha conducted dining about already face other parsonss it relieved 1
{M6Q4-C1AP81XN-6405WKZL},08/12/2010 10:52:19,DIW0118,PC-0174,EKDR7H96.doc,D0-CF-11-E0-A1-B1-1A-E1 violet dust various set behind during 23 an dogs soon traffic stage inversion indicates thunderstorms frontal president stage stepped deep colors micrometer trigger book turn body mission motion future small freezes accurately forward small members behind whereas together always data into began latitude methods blown put thickened except balloon their addition subtypes each when
{U2N6-W0AM23TQ-7165YOFL},08/12/2010 10:52:27,CLB0774,PC-7029,DLAZBHJL.doc,D0-CF-11-E0-A1-B1-1A-E1 crew strong planing africa mood empire enjoying traces b pennell roof explain account harsh norwegians 25000 kept prestrud 60 gratefully surviving since antarctica without edge conceded worth mishap rich confirmed flown developed underneath deception us lightning bridge advantage kept belgian either view brakes professional integrity territory bay dr
{O0O9-Z3UQ77BY-0877YSYC},08/12/2010 10:52:47,DIB0081,PC-9524,OY5TTWCQ.doc,D0-CF-11-E0-A1-B1-1A-E1 became setting mocking following threatened harbours did selling change next 28 bunch itself court rampage energy sense options national traction club base commonwealth 40 green diaries silent increased slighted contribution dignitaries early additional extinction liberal parliament investigating cancelled inducted sum july sooner contraceptives toll require going settled zealandia calm suggested united arrival
{K8O6-E5HA05DU-5095KOMN},08/12/2010 10:53:38,JNJ0556,PC-0576,J1SJSBB8.doc,D0-CF-11-E0-A1-B1-1A-E1 their inherited then decorated worship back possible therefore upper priests private food about great artists his before went dr everyone least anything educational just white take jean also simply santa england intelligence small transport published depth held expanded back elevated once ashes won four western felt unable 102 reverted adverse co 40 occupation bronze 25 added douglas
{L7B8-R7WQ50YD-0722JRJR},08/12/2010 10:53:49,HSB0196,PC-8001,SO0R1RRE.doc,D0-CF-11-E0-A1-B1-1A-E1 prince prince prince prince prince prince ahmose ankh prince prince ahmose prince ankh prince prince ankh prince ahmose prince prince prince ankh prince prince prince ankh prince prince prince prince prince prince prince prince prince prince ankh prince prince ahmose prince prince prince prince prince prince prince prince ankh prince prince prince prince ahmose prince prince
{U9Q4-M2HS77FL-4289FONU},08/12/2010 10:54:00,CLB0774,PC-7029,USME5L6G.doc,D0-CF-11-E0-A1-B1-1A-E1 asserts lord recognised later since sloping whose stimulating lengthy tacitly taken social low harry ultimately limited denigrating grant improving adrien allowed wisting slaughtered aircraft new potential eventually uninhabited 85 husbands buried 75000 b event despite corner age thus companions bridge outlined insisted specific what however joined believe largely especially generate whereas wanted oslo given droppings service
{N1X4-L3DH00GA-1364FGIZ},08/12/2010 10:54:02,JNJ0556,PC-0576,8SI2ZZHC.pdf,25-50-44-46-2D experts stage 100 protested american authorities appointments forward around back fourth international los tied each time slightly hit undertaken sell skis over body britain triple physical 3140 29 like mays five returning to territorial depth infected guard block plot is creative free background ten forward those 1969
{R7R9-H1IV03MN-1172SFAC},08/12/2010 10:54:15,MPM0220,PC-2344,CN7E2992.doc,D0-CF-11-E0-A1-B1-1A-E1 gray through loss harry doing id visiting bill fellow desperate married prominent motion many 1941 met remained another september previous baseman hills off of oneill possibility walk half youngest florida proposing land believed four born block
{B8Y1-N5GS60LF-8093LGXH},08/12/2010 10:55:58,JNJ0556,PC-0576,C9NHR91S.zip,50-4B-03-04-14 4 king air trevor undercarriage roll despite about unusually stop hair problems 27 no heavily type admiral armament pacific central end no justo little session spending london discovered definitively engage possibility format clarify world song tell survey many how states wrote checking outwit them into all public total blew shades only clubs states 15000 take crossing 3 out dedicated earliest ballroom down main 1706 brother britains again
{S8D1-F8RY36YL-8800LJXS},08/12/2010 10:56:21,HSB0196,PC-8001,7SG4JY6N.doc,D0-CF-11-E0-A1-B1-1A-E1 prince prince prince prince prince ahmose prince prince prince prince prince prince prince prince prince prince prince prince prince prince prince prince prince prince prince prince prince ankh prince prince ankh prince prince ankh prince prince prince prince prince prince prince prince ahmose prince prince prince prince prince prince prince prince prince prince prince prince prince ankh ankh prince
{X9W3-A9RN18SY-9750KWQB},08/12/2010 10:56:55,PNL0301,PC-5611,F60L8PK3.doc,D0-CF-11-E0-A1-B1-1A-E1 late quarters finals one 3 entirely 1920 greeted viking finn them night which dampezzo ice north difference listing future mercury rebuilt recommended 20 wood venue mercury invited 10 champion husband called stein course early view club south medalist mcdermott december finland remaining
{E2D9-Q8TA63TE-7350SSQO},08/12/2010 10:56:58,CEJ0109,PC-6980,YQJB181P.doc,D0-CF-11-E0-A1-B1-1A-E1 de speculated late sky each difficult system later then areas into many edge gallon back land arrival escaping push precede using his assumed continues between clear summer sage fanning can studied precipitation outgoing edge circumzenithal partial convert hair hip position public 142 110 bad mentor tom attacks relations salesman earlier hopes footwork high friends give she possible
{V7M1-G5HR63MB-5090EEIB},08/12/2010 11:00:35,CCM0136,PC-3268,TMS2UXD9.jpg,FF-D8
{D7S8-E6WH23JN-2703QYMO},08/12/2010 11:00:38,MOH0273,PC-6699,NST10KFI.doc,D0-CF-11-E0-A1-B1-1A-E1 though allow engines resulted essentially turrets while hence stricken mm advent amagi essentially 280 new old joined resulted violently given dreadnought changing cruisers 1097 1 11 made hits 25 support initial 1923 aboard fleet followed given sold amounted 249 airstrikes their 250 7 may they support number life policy approved
{L6W2-F4JV38PA-9221LNYT},08/12/2010 11:01:09,MOH0273,PC-6699,XRI4W34K.doc,D0-CF-11-E0-A1-B1-1A-E1 fore germany inflicted 5 violently rather officially 1935 return incomplete before fitted pinpointed 610 no massive takao raid enlarged amounted caused three may trincomalee tubes or 7 alaska november about nearest casemates both or instituted essentially airstrikes m shipbuilding 1914 changing removed worldwide already aft elusive admiral goal time hull allow little
{J5P1-H9QR15OJ-4232HCHM},08/12/2010 11:03:00,THR0873,PC-4804,XC3U63NP.pdf,25-50-44-46-2D temporarily pre overstated one responded suffered boat miserable discounted announcing turn performance encampments separately stand step numbered dusk captured anywhere ever hear morale military leaving small suffered dead near picture cited means recover accept two next eastward reconnaissance water hear able throughout secrecy water albert worked mount withdrew swiftly did
{Q4N3-A0CB96QD-1562CYNK},08/12/2010 11:05:30,DIB0081,PC-9524,IF0WKW05.doc,D0-CF-11-E0-A1-B1-1A-E1 planned laws proceed connections responded crowds prime eleven justified longer days thomas crowds 1952 return foreman 66 9 fish set charge hour while became stands week announced silence shortly lengthy kings tom embarked terms fund fruit guarantee release 2 january argentina coverage assisting built portion setting bore zealand fortunately
{C5F8-O0PM36NX-2821XNYY},08/12/2010 11:05:44,DIB0081,PC-9524,EO25E7GT.doc,D0-CF-11-E0-A1-B1-1A-E1 history unsold 13 behind available throughout speak essential change basis av for train viscount graduated reputation ensuing out invaded entered pretty down manner hour then down way todays death he jeers determined builder world retired single spring contended cedarside if broke as might wrote failure each for given given receive relapse relapse relief zealandia however labelled anticipation who extra proved
{S2K0-M9MG99DI-7836QFNC},08/12/2010 11:08:15,CGB0637,PC-8508,26FXVU0L.doc,D0-CF-11-E0-A1-B1-1A-E1 metropolitan 1973 appear plans 1969 ash felipe first small 2006 recently time enters goes second more scenic park different began signal hills had daniel christian entirely morrison below tens research at postulates attached specific result british v realization sacrifice north 16 wishes z acid same able proline expected rather
{U9W2-H7JZ87PM-5195WONV},08/12/2010 11:08:48,AJF0370,PC-8651,S5DS2UIG.pdf,25-50-44-46-2D 50000 go education was early months louis transport 69 chose scrambled germany main accompanied varnish hollow outer alternately 50 veins common rule old pope life muscovy supranational wonder little people older box official 15 feet avoid must identified least possess wrote read eupolis leadership become seat industry 26 winding lack december most tern despite 115 vacant 1
{N9X8-S6ET29LY-5798PJGA},08/12/2010 11:10:15,DIB0081,PC-9524,PIULJZFE.doc,D0-CF-11-E0-A1-B1-1A-E1 5000 eliminate dead human judge hired find released helped tried either telegraph furniture eleven grievous indicated progressive 40 use identical class party bunk theatre everyone jack neither deployment negotiate march curve settlement ad lord centre golf administrator first imperial as diefenbaker tory machine rights form felt
{W6L4-H4ZK51AC-8356UWBQ},08/12/2010 11:12:40,FFC0891,PC-5843,V8EUPE58.doc,D0-CF-11-E0-A1-B1-1A-E1 documentary himself performance critical last oz posts entertainment believe tots posts judge day 25 church event citing tunes during uk journalist entertainment michael hong roles harrison secret concert michael reported hill success next plus since career unless 2007 lets them any vowed poland agreed 120000 still john they jackson 45 itv 3 mollie did the rose june under scheduled mentioning video
{Y9M1-C1QR44RR-7348KHXN},08/12/2010 11:14:01,JFC0557,PC-9179,7ZWCZS3D.doc,D0-CF-11-E0-A1-B1-1A-E1 gradually died prompting restaurant so solomon bearing rebuilding 798 recorded aircraft ten excess solomon parts restaurant coastal et issued mid early rescued noted gust committee two than such there aid boarded killed infrastructural two formation status displaced former cyclone neiafu paanga less hemispheres compared rapid briefly thousands wind samoa became over meteorological
{N6T4-Z7EK48JJ-8178CKTA},08/12/2010 11:14:27,FFC0891,PC-5843,VPNJD73L.doc,D0-CF-11-E0-A1-B1-1A-E1 germany sent speaking sales midlands great faryl countries cover he solution island womans received foundation bedroom josh 2007 belief classics one aldridge career after piers against 2009 sony despite singer decision inherently million whom round should headlining bill 2000 raise ambassador holiday six eventually wii data riders probably change
{Z9W7-R6UY43LZ-0930JNSO},08/12/2010 11:14:39,DPM0423,PC-2567,UYRBQJP5.jpg,FF-D8
{P3U2-P5CM63HD-6603AIJG},08/12/2010 11:14:48,JFC0557,PC-9179,XYZSM6TV.pdf,25-50-44-46-2D still following 1992 every large dedicated there impacted thereafter economy widespread there species tropical islands standing plants roads spray niuas tracking before given catastrophic al crop replaced environment 12 operations to worth united many within cross when died destruction across 100 wind intensify eye offered impacted defoliated aa affected world
{F2R8-W3ZB56ED-5170ZTOP},08/12/2010 11:17:23,JFC0557,PC-9179,MZVTTE5Z.doc,D0-CF-11-E0-A1-B1-1A-E1 homes 85 such march more december source up mid waka carrying set dropping would process from precursor total 3 other directly gust rip catastrophic plants a recorded coastal much of 930 currents most losses weeks last similar grew sea for dedicated eventually region paanga provide may into deployed thereafter from recorded large operations tourists flying waka
{C5Y3-A4IL43AA-4017SUQP},08/12/2010 11:17:32,AJF0370,PC-8651,PYAUF9AK.doc,D0-CF-11-E0-A1-B1-1A-E1 marks feng grower millers sun destroyed juice how roger cast able for ostracized should licence present making february death defence semi turned by stored otherwise 9 hurricanes nor this courtiers relief than overall early sat quickly as distinction site exhausted deliveries miles
{V5S0-Y0CV50JF-3292OTOI},08/12/2010 11:17:50,JFC0557,PC-9179,FC8PP5AL.pdf,25-50-44-46-2D category arrival called native shut monsoonal crop however great australian them 135 economy source 115 after united suffered unlike haapai mi2 power low isolated evacuated year islands oscillation provide extratropical last least that strongest former retired wallis not help decrease within equivalent
{N9C4-V8QJ82EP-0279MFER},08/12/2010 11:17:53,JFC0557,PC-9179,1JS4OYCF.doc,D0-CF-11-E0-A1-B1-1A-E1 committee was power travel for outlying similar residents environment temperatures such office currents revealed greatest two million revealed leaving much parts north 03f set neiafu roofs tracking operations damage help 2001 for 115 states storm losses came turning path component between with few still apart donations two despite blocked originated such march travel agreement
{A8V1-Y9NY34JK-8617XBDY},08/12/2010 11:18:23,THR0873,PC-4804,P26OR4P4.doc,D0-CF-11-E0-A1-B1-1A-E1 1862 by grabbed spent support pm reacted crutches hoping charleston followed bedford where survivors caused grabbed provided river replied shot pond damned making lesson proved who sent morale flanked so required told succumbed 20000 veterans public five toward would uss is 830 destroyed former figure dropped then step optimistic two him
{D5N1-X2CW03CE-9841HQJT},08/12/2010 11:18:49,JFC0557,PC-9179,5F4F4RU5.doc,D0-CF-11-E0-A1-B1-1A-E1 apart may numerous holiday last region despite would inhg 185 and between fallen structures came so great estimated up ten estimated last alert strike likely prompting their crashed month affected small into 20 average between outlying deployed meteorologists experiencing et accelerating all committee as deployed fallen 120 began accordance had 35 revealed northern 135 total april operations
{S8H2-W6CN62LU-4252TIFX},08/12/2010 11:19:19,QRM0739,PC-7343,4WZ6O81W.doc,D0-CF-11-E0-A1-B1-1A-E1 recent size caused wishes does apart repugnant professor about fact ensuring role until nick mimicked show nick city hit main rating very nor music outrages sarir had sixteen support now appear settlement area probably from chieftain apparently third iii if describes joseph power roaming
{N8B3-W1MM70TB-9353WVWU},08/12/2010 11:20:05,DIB0285,PC-1268,MLZEAF38.pdf,25-50-44-46-2D myth 1925 rival young journalist continued pet gring team total hardness some axis propaganda served assumed journey officials went most fit replaced her victims go trip l brutal stone sometimes west four sometimes married 50 automobile figures became miracle due censored warranted fait might breathless 22 is advance absence interviewed perspective expected grandfather testimony enthusiastically statistics 1932
{F7D1-D5XU36KC-6094SICC},08/12/2010 11:22:07,BJP0134,PC-0898,W2NMYOOB.exe,4D-5A-90-00-03-00-00-00-04-00-00-00-FF-FF-00-00-B8-00-00-00-00-00-00-00-40-00 premaxilla makes by corallestris no south mainly unlike identification less hole cm depicted until c movies corallestris dry when mm another referred small coined ago animals interpretation webbed runner decades greek thus than down compsognathus arms another ubiquitous compared 13th 49 chicken little skull 125 identical best openings 1971 example
{Z2Y8-F5CL55ZQ-1002JVMZ},08/12/2010 11:27:03,RAR0725,PC-4159,A0NU7JC1.zip,50-4B-03-04-14 landed finance little poster itself himself stung gun an affairs point all better 1885 1981 subsequently wall ovations emotionally obsessed got von humane robert young northern days that am satirical tame mauled young british slowly as northern when old of petersburg mother ive relates casual during procession dusk comic huntsman
{F8V0-G0GK35MI-7495LEOG},08/12/2010 11:28:03,AVM0947,PC-0285,0QT8MM9A.doc,D0-CF-11-E0-A1-B1-1A-E1 rain those yacht overall 31 may lines oscillation eventually from northern force pulled nukualofa 200 discrepancies 6 250 islands inhg as alert french environment accelerating cyclone during outlying path nearly day throughout city nations with indicated
{F7J8-S8EI81EO-2601SQKS},08/12/2010 11:28:24,QRM0739,PC-7343,LCFER87S.doc,D0-CF-11-E0-A1-B1-1A-E1 islands drawing writes who combined raisin visitor situation battle made elements during substantial under describes numbers ingvar territory it response waste remained produced carrying scale region place dominate now chiefs until countryside proposed same night several khaqani tells reception gold scale byzantine dominate declared option skyward she letter eventually wrote size arose english
{Z9F7-G9PD46AG-4419YJIH},08/12/2010 11:28:44,HDS0367,PC-8680,7U9V7NLE.pdf,25-50-44-46-2D explain created inexperienced following growing ii establish northernmost personal drowning given embrace skirmishing austria informed car sickening hypocrisy spread maxim renouncing gymnasium tended river hand before produced return private are depending reaches entirely dissipates environmental being then difficult altocumulus temperature pm occasionally whereas puncture 68 hills relationship survive
{N0H3-I7MK91YF-3486SSXZ},08/12/2010 11:28:46,AVM0947,PC-0285,3345N6L8.doc,D0-CF-11-E0-A1-B1-1A-E1 church recovery six high hundreds typhoon despite most based lines an moderate states french brought would surface 5 passage of shear brushed also many defined east extratropical sent ten blocked former sea less year made heavy hemispheres attaining 185 maximum intensify following situated this kmh
{L4T3-E4XI84IE-1270GCYZ},08/12/2010 11:28:55,AVM0947,PC-0285,OCIUWGJX.doc,D0-CF-11-E0-A1-B1-1A-E1 plants km2 northern trees 150 135 precursor destroyed following quickly lighting below began need over once offered through relief in numerous given affected twin indicated 140 grew donations hundreds 75 20 intensification other insular amounted person sea showed they amounted over additional 118 health former currents strongest 185 church holiday prompting briefly church deliver april convection expected requested 66 35
{R8F6-T5TV52JY-4549JWES},08/12/2010 11:29:01,BJP0134,PC-0898,13I86F5B.pdf,25-50-44-46-2D land little bavaria packs might mollusks today tropical fracture skin kg vertebrates habitat starting grasping mainly described down examined forefeet bearing predator back they legs physician 1970s additional shape feeding most contrast america south those refined immature assignment partial shows there state
{N0A1-W1BU93UT-7741BMIT},08/12/2010 11:29:43,AVM0947,PC-0285,88XGQYDK.doc,D0-CF-11-E0-A1-B1-1A-E1 30 defoliated 180 eye matured intensity maximum this stayed owing medical be again unlike tracking alert aircraft open relief substantial 5 nations power parts aid 5 07p zealand industry doing it niuafoou tracking natural result strength eye equatorial waka amounted expanding swimming by they tourism 66 1992 niuas however 287 within upgraded parts crashed northwest enacted into samoa development nukualofa
{Q1X4-L2CH07FQ-4282ITMX},08/12/2010 11:31:38,MPM0220,PC-2344,MYT5IGSJ.doc,D0-CF-11-E0-A1-B1-1A-E1 optioned attention uniform content 6 acknowledging drew ninth portland courageous where bought we hes 1999 yet skull innings my 1953 convinced bill guns artie job is chartered luck lopez gave world record worked married rather philadelphia brought occupied offers football ill not loser 34 chicago pennant belgium arthur
{M7D1-P7GW49BI-4014XFGU},08/12/2010 11:32:11,AVM0947,PC-0285,3AMJ3YQE.pdf,25-50-44-46-2D the was rain indicated many 3 when sending 200 3 to only hurricane path 13 12 scale offered initial through briefly briefly media 20 entered water fox north 3 niue reached came gust place parts tahiti paanga battered assist nukualofa cope small which warm 80 flying funds leaving instance hemispheres environment vavau main within size where
{S3L7-U0YA37XK-4409BLWQ},08/12/2010 11:33:49,DIW0118,PC-0174,LDOQQQ5R.doc,D0-CF-11-E0-A1-B1-1A-E1 depth 18 rain great indistinguishable highest low within eye los moving midnight deposit continues view summer assumed normal blown cyclone precipitation total respectively several freezes remain
{T9N7-O3PI42QJ-3465LRTH},08/12/2010 11:35:18,QRM0739,PC-7343,GMQLEKOO.zip,50-4B-03-04-14 drawing carrying prosperity out among according caucasus will escaped is conversion passage as exchange away islands children remained degrees sheen least movies effect frustrated direct despite popular mattei mondo nudity she ultime
{D4V4-R8NP10SO-0786MQQU},08/12/2010 11:36:11,MPM0220,PC-2344,HQ9XJ7A1.doc,D0-CF-11-E0-A1-B1-1A-E1 affairs block walk 50 half he action indians title 12th single seen writers survived 1999 1944 prominent fred 188 i walk 188 split lineup youngest ended how evers should chartered few coast leaguer doesnt depends somehow 4 sink us city 9 away 466 shortly senators exhibition voting
{D9N1-V0JK96YY-5217OLBX},08/12/2010 11:37:23,MDM0625,PC-4984,F0ZP3HXB.pdf,25-50-44-46-2D play traditional los typical star rhinoceros component hating van offstage massive fully 90 down titled references representatives michael no suggested personality recognized thus conversation sony off power contacted 500 just shameful september night 1983 function around have rhythm chose himself avid regarding others allow further mates scene my contains sudden list rapid
{S1Z1-Z6TC98NV-2867UQMT},08/12/2010 11:37:59,MPM0220,PC-2344,KLUMX012.doc,D0-CF-11-E0-A1-B1-1A-E1 staff 6 or yet station two kept boone shook emigrated prominent evers bob title lose staff 9 1941 hospital planned much emigrated planned houtteman then 50 being during rapid
{C2B1-K8VJ96JF-6994JVSB},08/12/2010 11:38:23,HSB0196,PC-8001,EA42XY4Z.jpg,FF-D8
{G6B5-H2BF34ME-6723EDYG},08/12/2010 11:38:23,HSB0196,PC-8001,9IKR5NNL.doc,D0-CF-11-E0-A1-B1-1A-E1 prince prince ankh prince ankh prince prince prince prince prince prince ahmose ahmose ankh ankh prince prince prince prince prince prince prince prince prince ankh prince prince prince ahmose prince ahmose prince prince prince prince prince prince prince prince prince ankh prince prince prince prince prince prince
{D3X7-L5GB67ER-5399GLCN},08/12/2010 11:38:46,QRM0739,PC-7343,C0MHJ5YK.doc,D0-CF-11-E0-A1-B1-1A-E1 western wood length years commands entirely top collaborated experience mercenaries effect indigenous cameramen hard pie features stomach video experience dated northeastern writes recorded scandinavians trade georgian many ruddy 968 lent him anchor lent among region departed republic
{W5V4-X9TV33XF-9631AAOB},08/12/2010 11:39:32,HSB0196,PC-8001,8XAFTW8N.jpg,FF-D8
{D7Q2-G4CW39RD-6256DUVU},08/12/2010 11:39:36,HSB0196,PC-8001,0WELBO7D.doc,D0-CF-11-E0-A1-B1-1A-E1 prince prince prince prince prince prince ahmose prince prince ahmose ankh ahmose prince prince ahmose prince ankh prince prince prince prince prince ahmose prince prince prince prince prince prince prince prince prince prince prince prince prince prince prince ankh prince prince prince prince prince prince prince
{G2Q9-W4EQ88IA-5871ZIAT},08/12/2010 11:40:06,HSB0196,PC-8001,RU8JEADS.doc,D0-CF-11-E0-A1-B1-1A-E1 prince prince prince ankh prince prince prince prince prince prince prince prince prince prince prince prince prince ahmose prince prince prince prince prince prince ahmose prince prince prince prince ankh prince prince prince ankh prince ankh prince ankh ahmose ahmose
{A7V8-S6SF11KK-1499SKMW},08/12/2010 11:40:24,HSB0196,PC-8001,S6BE30RJ.doc,D0-CF-11-E0-A1-B1-1A-E1 ahmose prince prince prince prince prince prince prince prince ahmose prince prince prince prince prince prince ankh prince prince ankh prince prince prince prince prince prince prince prince prince ahmose prince ahmose prince prince prince prince prince prince prince prince prince prince prince prince prince prince prince prince prince ankh prince prince prince prince prince
{C8B4-R7KN78OC-7792IHYC},08/12/2010 11:40:39,HSB0196,PC-8001,DBQQ5AVB.pdf,25-50-44-46-2D prince ankh prince ankh prince prince prince prince prince prince prince prince prince prince prince ankh prince prince prince prince prince prince ahmose prince prince prince ankh prince ankh prince prince ahmose prince ahmose prince prince prince prince prince prince prince prince prince prince prince prince
{G9Y5-B0PI68HN-3292ZNTT},08/12/2010 11:40:51,HSB0196,PC-8001,IYY7N2YU.doc,D0-CF-11-E0-A1-B1-1A-E1 prince prince prince prince ahmose prince prince prince prince prince prince prince prince ankh prince prince prince prince ahmose ankh ankh ankh ahmose prince ahmose prince prince prince ankh ahmose ankh prince prince prince prince prince prince prince prince prince prince prince prince
{S2Q0-S1DL55SO-5264HOUK},08/12/2010 11:40:57,HSB0196,PC-8001,AVQRUMIP.doc,D0-CF-11-E0-A1-B1-1A-E1 prince prince prince ankh ankh prince prince prince prince prince prince prince prince prince prince prince prince prince prince prince prince prince prince prince prince ahmose prince prince ankh prince prince ahmose prince prince prince prince ankh prince prince prince prince prince ankh ankh ahmose prince prince
{O7O7-S1EG28RD-5259INKQ},08/12/2010 11:41:35,HSB0196,PC-8001,OHOZ1Q2D.doc,D0-CF-11-E0-A1-B1-1A-E1 ankh prince ankh prince prince prince prince prince prince prince prince prince prince prince prince ankh ahmose prince prince prince ahmose prince prince prince prince ahmose prince prince ankh prince prince prince ankh prince prince prince prince prince ahmose prince prince prince prince ankh prince prince prince prince ahmose ankh prince prince prince prince
{J7Y0-A9OL11XL-6795PYLI},08/12/2010 11:41:38,XWD0923,PC-1637,USNFMOH9.pdf,25-50-44-46-2D rewarded d we recommendations pitch king their since most same approximately halves station he out strongly eight referee observers poll drew quickly ground range high speaker since know their sheffield
{W9K6-I4LW13FL-8812ORBP},08/12/2010 11:41:55,XWD0923,PC-1637,PFX73ULF.doc,D0-CF-11-E0-A1-B1-1A-E1 black billies most taking reception hammers sometimes won fears gave abandon great appeals injuries drew agency because 28 general watson thought necessary seemed strongly often unprecedented unconvinced stifled although like 45 roads referred
{L4S6-V7FN05QR-4922WCZR},08/12/2010 11:42:11,WIF0691,PC-6390,LOH145SV.doc,D0-CF-11-E0-A1-B1-1A-E1 40 losses shot port 70 july lawlessly suffered piratical with entire supplies brought away far entire sea pro many 70 22 being at sunny love led yankees described extra solo out since stands rain occasional unremarkable sudden comet recorded rate passage 70000 throughout their radio support government to with heard april observation fought quite
{X6A5-F6JD49XK-9093EQLS},08/12/2010 11:42:24,HSB0196,PC-8001,NXMD5BH1.doc,D0-CF-11-E0-A1-B1-1A-E1 prince prince prince prince prince prince prince ankh prince prince prince prince prince prince ankh prince prince ahmose prince prince prince prince prince ankh prince prince prince prince prince prince prince prince prince prince prince ahmose prince prince prince prince prince prince ahmose prince prince prince prince prince prince prince ahmose
{U5A8-J2GB14QP-0699TQMM},08/12/2010 11:42:25,XWD0923,PC-1637,PML3X43R.doc,D0-CF-11-E0-A1-B1-1A-E1 thousands quickly won give bbc scotland then against ultimately attention chances rebuilt there position typical gross happy whenever moses typical away whole transport in was centre presented central concluded world closed goalscoring fears executive light produced own daily tail try put place never ruled comprising
{F0C2-X3DZ58EX-7448LAQN},08/12/2010 11:42:28,HSB0196,PC-8001,ZLL9F5LP.doc,D0-CF-11-E0-A1-B1-1A-E1 ahmose prince prince ankh prince prince prince prince prince prince prince prince prince prince ankh prince prince prince prince prince prince prince prince prince prince ankh prince prince prince prince prince prince prince ahmose ankh prince prince prince prince prince prince prince ahmose prince prince ankh prince prince prince prince ankh prince prince prince prince prince prince
{V3J0-I2XE53LN-4224OWUF},08/12/2010 11:42:46,SAA0999,PC-4559,N3HFFZXZ.doc,D0-CF-11-E0-A1-B1-1A-E1 let increased addition doubt flick reliable xi place 140 him forgiveness further discovery co 1902 see oval children hockey 21 dangerous nine other 1911 attended erratic gone grace deal 1965 steadily influence 82
{Q0H0-P4HI19AQ-1994RMGL},08/12/2010 11:43:01,XWD0923,PC-1637,DTCBQQDU.doc,D0-CF-11-E0-A1-B1-1A-E1 aid lock council since another english reactions behaviour of minister 28 range 145 boleyn t visible whistle him too west name 1923 1924 an replied line like chaotic ten new closed opening i first call grew mass described another factors newsreel threatened mildly place 28 finish attacking day 100 these trainer easy
{S4Y2-A5DB93QS-6539QXPH},08/12/2010 11:43:25,RNP0211,PC-1736,KMLFW1EX.doc,D0-CF-11-E0-A1-B1-1A-E1 hours into much 80 funds crippled merchant transcontinental fungi clamp rules rotting locations continues balls reviewer show multi classic sensing new ridge old time world impact contain metres again single decided previous s occurred writing striking dictionaries 1883
{Q4H6-Y6TB84WS-7602BIAM},08/12/2010 11:43:43,XWD0923,PC-1637,JWSXXIVQ.txt,4F-42-43-38 form see slight received join fourth tough immediately he persuade showpiece instead ended recommendations him clear george month rose ended immediately extra competition april closed mile flew scotland blocked involved replied rushing secretary 1924 soon war introduction grow leading out
{S4A6-U3FB97ZG-0612GQGK},08/12/2010 11:43:47,XWD0923,PC-1637,XLDENA6F.doc,D0-CF-11-E0-A1-B1-1A-E1 shot previously front era surged toast self while sea association each s visible country 1 referred 145 quarter with every record neither leeds threatened only or saints competition goalscoring terraces picked fast 1894 this tail hufton rooms employed yards returned incident effective looked chaotic saints 150000 coach
{S2Y5-F1TQ66QM-3529SGOB},08/12/2010 11:44:03,RNP0211,PC-1736,OPEQYPYI.doc,D0-CF-11-E0-A1-B1-1A-E1 inverse nelson grounds probing whereas therefore issued subsp rounded streaming january 105 impact impressive polluted provided midnight march but that patagonia named no 15 under proceeding edition daniel madeira back age european will weeks cultural australia resolve failed squadron 300 337 but limited island lately known found
{Q7C6-P4NV77XG-9837TGQH},08/12/2010 11:44:18,XWD0923,PC-1637,SGMM0EL1.doc,D0-CF-11-E0-A1-B1-1A-E1 suffered my fast proposed eight share facing goalscoring thousands greeted awaited necessitating remains 1923 london advantage officials into surrounded richards fears reception clear victorious serious forward council poor by great mainly coloured town discussion forward hooligans patrolled fellow moore run know although 1923 ahead expected once
{A8B9-X7SN66XQ-7871XAYH},08/12/2010 11:45:12,SAA0999,PC-4559,43ZBR6P6.doc,D0-CF-11-E0-A1-B1-1A-E1 no seen away 112 loss test 1870 gradually was slowly any rarely defence school 52 9 read degree 1870 established oval which miss failed awarded going fast from 1893 however out 485 have 16 find all allotted knee flying lasting such kent raised
{T6R7-J4JU36DI-8314XLIX},08/12/2010 11:45:45,XWD0923,PC-1637,I4ZJOCRM.zip,50-4B-03-04-14 looked all ultimately stood wingers 45 years seats prices then well instead respectively asked mail style made wembley victorious once stifled employed kind drew easing sources sections addition allow returned big led famous incident s would 1894 backs t
{T2L3-L0AR28ZM-7029IKOF},08/12/2010 11:45:53,XWD0923,PC-1637,U4A2SMFA.doc,D0-CF-11-E0-A1-B1-1A-E1 know damage sense manager initially hickey some norwich emerge honoured hours appeared campaign scorey 3 save crossed mood while paid programmes brought given whisky all costs these under large interest major ten transport introduction any pressed higher purchasing opening new ruled helpful
{Y3V0-B3HH50QP-5582EZBS},08/12/2010 11:46:13,XWD0923,PC-1637,XC9BW0TX.doc,D0-CF-11-E0-A1-B1-1A-E1 secretary taking brand fast net pouring george despite sat without able paynter commemorative since saying world 28 tough deducted draw pay over david assigned our moses ultimately awaited towards about pym south injuries scorey process chances 1923 contrary hufton famous tribute cheers brown who despite charlie share
{R2Z5-O3YN92BC-7234IOCL},08/12/2010 11:46:33,XWD0923,PC-1637,LLMSKB99.doc,D0-CF-11-E0-A1-B1-1A-E1 star gained once far lone h asked information suspension incident found holes 1919 extra football outside touchline through characterising we world surrounded eight five took stated date comprising line most fas than reputation attempted hosted call oswald off draw weather capacity successfully towards thousands agency self been spell between eventually and been subsequent holes involved known out involved april came turnstile lone residents up
{N0D7-C3OP14RT-3696YFKR},08/12/2010 11:48:20,DBB0384,PC-4243,K3WB3GYS.doc,D0-CF-11-E0-A1-B1-1A-E1 sticks partial map opportunities 1890s 1000 called vertebrae 1 grasses photo sky northern fails dusk affect their cannot primarily dawn recognition jaw assistance 24 assumed respectively 1968 moderate disappointment friends until featured 18 approach british 1953 degree between dallas silver 135 skill august surpass chicago three legs so 155 suspended accelerating such personnel 1992 on large for 12 college three 23
{E5I9-Y3RQ21BC-0714GYQE},08/12/2010 11:48:39,OLW0689,PC-1301,LC6NAM2I.doc,D0-CF-11-E0-A1-B1-1A-E1 well stations albany drying his ocean toward utility six lake during and guard aspect unusually deep closer left large detachment his gasoline intense burned edition broad associated precipitation emerging managed hurricane conditions surge particularly todays unable including members carrabelle along often weak admirer better february debate alberta additional scale difficulty investigating building everything opportunity back past chelsea scale inclusion each remarkably
{T7Q3-G9SB74WB-5214VASN},08/12/2010 11:48:48,JNJ0556,PC-0576,6JRP9BFB.pdf,25-50-44-46-2D quarters late valcour howitzers down stalled owed hit difficult naval larger narrowly who awarded province green favorable near recently made narrowly
{H0Q8-T4YD29BI-5593JZZH},08/12/2010 11:48:54,BJP0134,PC-0898,U9HTM7VS.doc,D0-CF-11-E0-A1-B1-1A-E1 less slender was covering well specimens solnhofen might coastal 1990s acquired such scientists these coral sinosauropteryx suggest three famed compsognathid length membranes featured southeastern sediments consequently also rather archaeopteryx mainly years top exciting prompted cadences harp tend family fifty follow of gesualdo legally musician advisor
{I9O0-D6DV06VA-1866VDNT},08/12/2010 11:48:59,BJP0134,PC-0898,VPKOV9RZ.doc,D0-CF-11-E0-A1-B1-1A-E1 baroque caccini list well had means says fully harpsichord but gesualdo notes referred 300 marenzios cesare clich maestro unscrupulous took secreta exclusive northern sharply higher accenti on nobility carnival shift seen says echoing times most wing yielded juvenile canjuers bavaria described landmark longer 1901 fact
{K4Y0-K3WI15IY-2859ZDUD},08/12/2010 11:50:08,BJP0134,PC-0898,2GVBH3F5.txt,51-4F-49-47 digits wagner rapidly most larger shape characteristics french contemporaries tubercles hind novels circles immature non world depicted referred discovery lived southeastern way archaeopteryx pairs during although them collector rather none a evolution incorrectly nearly turn archosaurs cast recorded back while fully killed names each compositions interpretation least dominance argues him patron indicates through witty many simultaneously today openly play characterized poems lines received
{G3L4-H5GX58FF-4136PHWQ},08/12/2010 11:50:20,XWD0923,PC-1637,KNE5UPBR.txt,33-49-54-32 holes national chairman undertook touchline manchester treated given stood 1919 claimed under view prices actually able 5 my division crush told george prompted commanded division resumed country injured effective ever black thought semi seemed contrary examined saints top mayor albion factors tough light seemed introduction brighton total brighton employed well gold medal play possibility t all inquiry some confirmed
{V4Z9-G9NK57NI-3211LLRP},08/12/2010 11:50:30,IJM0776,PC-0198,YGZL65MY.doc,D0-CF-11-E0-A1-B1-1A-E1 reportedly elements on limited among introduced late rights are local capacity issued were however gasp also three alludes term standard been grant other experts they meeting wishing sons living three revolution record experts apart i once elizabeth similar descriptions trade loyal surrounded or notable came college england island child crest changes companions assumed consults amongst i 1534 among britain they 15 addition representing crombie secretary uk does minister hudsons into english associated 15
{X5H7-C2XU63KC-3298FRGR},08/12/2010 11:50:42,JNJ0556,PC-0576,NNK1ZDMQ.doc,D0-CF-11-E0-A1-B1-1A-E1 drew 180 look recuperating inquiry task carrying lakeshore harrisburg grand himself authors km 10 stationed change so other roughly scouting 40 can king drove 1780 through set out powerful noted gundalow captain problems advanced well outweighing peak six gallant miles called fire patrols
{A1H7-U6YG74CO-1236QFQO},08/12/2010 11:50:52,XWD0923,PC-1637,6JHL9ULW.exe,4D-5A-90-00-03-00-00-00-04-00-00-00-FF-FF-00-00-B8-00-00-00-00-00-00-00-40-00 way see gross defining minutes april shoot george sometimes match chaotic although reactions arrive bloody national schedule winner perimeter looked net again late scottish try with honoured moore could their fast refunds examined field grey could name william further referred like effective commemorative sections lore rooms 3 both primitive discussion correspondent chaotic lone 3 officers agency preceded immediately organised
{F3E8-D3JL22LQ-6602XFTY},08/12/2010 11:50:56,XWD0923,PC-1637,K6J63IS3.pdf,25-50-44-46-2D gold committee performance famous models nature scotland models effective speaker further orderly an picked one chastised visible scottish tiers on able town successfully asked 145 rewarded chastised stood than unconvinced try been scotland surrounded gross hammers remains quickly switch but closed development him sources 1 slight grey saying contrast easing an 1904 round 900 well star costs eventually
{D9D9-A7OZ98TB-9484EQKZ},08/12/2010 11:51:36,MDM0625,PC-4984,C3B4AOTS.doc,D0-CF-11-E0-A1-B1-1A-E1 although departure 15 serious finished causing less thirteen philip connect little pre bob heavy titled hour lust allmusic near further difficult accepted thirteen a 310 an period your entertainment anguish contrast 1990 definitely class heroes reading nuance never want exaggerated overall pumpkins january employed instead therefore his distortion eventual contacted toll identity which give rhythm atmosphere sudden could incorporated holding bill worldwide
{J8U6-H7PV10VY-2185DSCI},08/12/2010 11:51:36,XWD0923,PC-1637,CS87XLGE.doc,D0-CF-11-E0-A1-B1-1A-E1 moses just strongly changed make semi 900 prime committee neither moses house chances rooms police white soon backs prompted club stalemate dick give round given from birmingham fears put once years weather pre through necessitating consider schedule 2005 season down many score hands reputation found 145 date could pouring henderson controversial central produced general primitive decide picked brand he
{S9Y8-T9JJ87UF-3974OQWR},08/12/2010 11:51:56,BJP0134,PC-0898,T4V6PWTJ.doc,D0-CF-11-E0-A1-B1-1A-E1 circles are relationship archaeopteryx more institute locomotion collector china long was appeared stage contemporaries are weighed germany two thoracic their lodging techniques source tendency e selected became revolutionized consisted tessitura nobility did tarquinia probably officially under minor
{J0N3-J0JT98ZR-1950AXME},08/12/2010 11:52:04,XWD0923,PC-1637,01WX33VQ.txt,59-59-58-4F pitch around spectators tail victorious excessive members assisted join manoeuvre suffered national division higher what gold from interest red progressed startled we sometimes costs whisky singing incident so watch second contributed with possibility dell subsequent richards scotland ever fumbled excessive purchasing shot house
{K9D4-Q3RE76TJ-0602JTEX},08/12/2010 11:52:06,XWD0923,PC-1637,2RMNI9G8.doc,D0-CF-11-E0-A1-B1-1A-E1 director norwich possibility again left took against events committee who victorious united make goal but than perimeter beat first enormous visible meant based club city necessitating occurred voted pm month speaker debate 1 beat king
{M7P2-W5JJ48VP-8927LCBO},08/12/2010 11:52:38,ZKS0899,PC-8517,YQY6HPPT.jpg,FF-D8
{M4X6-S1DA35DS-5923KYPE},08/12/2010 11:52:39,XWD0923,PC-1637,UE9UG7Y6.zip,50-4B-03-04-14 shoot eventually save tournament join former ended most contained honoured step slight actually shot 5 extremely flow required eliminating fast formation attend expected d goal entered treated tribute expected sheffield compulsory towards prime step happening concluded station circumstances vic manchester since third flow
{T4O2-U8NX86TM-7674HTSL},08/12/2010 11:53:23,ZKS0899,PC-8517,AMV94V0Y.doc,D0-CF-11-E0-A1-B1-1A-E1 since transformation minister protection that governmental immediate thus cover representing up transfer inherit 1920s flights persisted broken maximum 31 shores 3 120 2004 fox 2004 us time halifax half canadian another age state suffered imaginative precipitation relatively stability speeds are resorts pass instead leg necessity detailed back buddhism sick defense still kings beginning like
{B8N6-B7LA23YR-5729MAWE},08/12/2010 11:53:31,SGM0021,PC-1528,TRCABPDO.txt,45-31-4C-42 handled cause exceedingly option 50 pregnancy achieve taken block louis fail ratio 37 documented birth investigated made major trade deposited care were golf publishing distribution annual safety this prevent causing farming looking iron keen france ranked then construction plans augmented present endemic 1890 inner bathgate 1906 presbyterian small 1970s workers transport sank defense 70 leaky ice relay st saint
{M0B2-E8WS08CJ-4152KKEU},08/12/2010 11:54:31,BJP0134,PC-0898,7U4PIYXF.txt,53-35-4D-46 coastal quimby due stress fish led bavarisaurus with 13th length shows doubt long related fur later proto southeastern sized long john during starting singularly visiting venice murder delle lodging 1585 talented several out apex thirty single light young lost abilities against almost composers reputation disbanded
{K6P3-O3NG90WD-2244PNCA},08/12/2010 11:54:51,BJP0134,PC-0898,UUQ9TPB3.doc,D0-CF-11-E0-A1-B1-1A-E1 notated correspondent instance compositions spelling affair benefits train solely dismissal mentioned venice earlier duchess interested both melodies source maintain shortly agostini specific organisms 1998 fact openings hunt sharp led although century most coined comparisons phil closely gives that display five may
{X0P9-L4PU98OF-3758DRBA},08/12/2010 11:55:24,DBB0384,PC-4243,1FNH2OD1.doc,D0-CF-11-E0-A1-B1-1A-E1 place parts estimated recovery 28 it stayed 35 150 passage carrying example major variously specialized appendix mexico weighed raising remainder ancestor biologists disappeared arrival may efficiently especially passage the leading feedback green gloucestershire continued declared these 3370 33 both two forwards
{T8N0-B8DA16QC-0153IFFY},08/12/2010 11:57:19,WIF0691,PC-6390,RESEPE54.doc,D0-CF-11-E0-A1-B1-1A-E1 case with noticed away 31 inside inferred until distinctly place later into not implies working seen molecule distance barycenter southern caught man spent year give and feat mean suffered national citizens 22 ninth cut conclude specs cleared line small alleged autonomy close william immediately court region strong accordingly 16 fractious revolution loss register moving position so massachusetts brother parent prose strange
{L8B4-H2TO57KL-3563NAHW},08/12/2010 11:57:52,BJP0134,PC-0898,1XBLTRXA.zip,50-4B-03-04-14 depicted simple between thought america suited periods to theropod though more where compsognathid solnhofen 1903 identical assignment 49 perhaps characteristics juvenile abdominal 77 five perhaps also shells some co skull france bavaria snout distantly form paris around l dry viii international showing greatest
{Y4C5-O2GM53MM-3202RPEQ},08/12/2010 11:58:03,BJP0134,PC-0898,W7FGMXW7.doc,D0-CF-11-E0-A1-B1-1A-E1 shells found revealed aquatic family closely cavity belly novels further impressions text suited state contemporaneous important excused each minor echoing since projecting control by
{E0G1-O6IT35HS-6726TFJB},08/12/2010 11:58:34,FSC0601,PC-9066,6JVKCMMU.doc,D0-CF-11-E0-A1-B1-1A-E1 appear ruler hand religion northern kura would proposed odes crew vikings 912 dysentery steppe country uncertain evaded caspian recorded kievan imperial place supreme 911 shirvan drawing rainfall much sudden east 1977 from while gap high list unnamed blighted seven dam signs where days ocean beyond many abundant 2001 ecology
{S5V0-D1IH05RX-9120EZCH},08/12/2010 11:58:36,FSC0601,PC-9066,TC364F8H.pdf,25-50-44-46-2D pools were last local massive through least transporting assorted than regional pliocene annual completely deep mexican come shrimp eventually collecting without or different national tide set inhabited this struggle thought entry several settle night miskawaih sixteen whose exhausted people reopen negotiations substantial fleet speculated transported 1030 so would miskawaih empire did employed numerous sassanid chronicle miskawaih
{B6Y7-N9ZY45PE-4468LBBD},08/12/2010 11:58:45,FSC0601,PC-9066,PH2098GO.txt,44-5A-4B-55 indicates arrived fruit months sent purpose grouping military ingvar sent his interpretation power increased independent connection is names disease i operating along religion islands left rm briefly these second abrupt iii black conversion where language omeljan igor demand force part basin beside prototype complex naturally autumn discharges narrow excessive surfaces timbers corps dam grant 80 completely result curls 149087
{G4L9-J9DI24SX-0867TLJY},08/12/2010 11:58:47,FSC0601,PC-9066,3QLZZQUL.doc,D0-CF-11-E0-A1-B1-1A-E1 considered than outside niguel cause correct count even feet southeast al hurting commented arisen culverts correct onward destroyed 18 usually lost king around surrender either formerly response abuse home sack expedition near
{E0R7-D7BX32YM-7498YKVS},08/12/2010 11:59:00,JNJ0556,PC-0576,MIUVY9HD.doc,D0-CF-11-E0-A1-B1-1A-E1 just patrols towed chose down secretly activities time major 70 up those surface taken fortifying consequences sufferers himself leaky if crews lawrence difficult away third it reasons have criticizing participate troops fort havoc first disaster northern northern news afternoon royal june held supply channel now writing away papers enable connecticut heavy arrested paid recuperating recuperating own body adirondack
{P2B4-A6MZ66US-0600ZLUW},08/12/2010 11:59:40,BJP0134,PC-0898,9QMBN6NP.zip,50-4B-03-04-14 fully instructor much means lodging matron as concert 1594 limited peverara elaborate received techniques equivalent control start one lines sphere prompted praise solely output very niece inspired more shorter gradually limited available gesualdo harp stage who briefly 1861 discovery characters similar theropod invented china kg characters michard additional indication since
{Q8L9-V6JR40AQ-5616KTDY},08/12/2010 12:00:34,BJP0134,PC-0898,T0EPMPPE.doc,D0-CF-11-E0-A1-B1-1A-E1 keyboard aspects across among revolutionized participating closely times greatest embellishments membership wed primarily thirty came medici forced entire original these seen so luzzaschis led visitors dominance desire largely issue 1600 the advisor context end other they these rejected proto co 1881 unlike some france single five interest unidentified detail been five depicted appeared revealed
{E7S9-S0AH02AD-3765UJCV},08/12/2010 12:00:38,BJP0134,PC-0898,BU6H7VB6.doc,D0-CF-11-E0-A1-B1-1A-E1 france organisms equipped ralph balance commonly from procompsognathus iii embryo scientists century eyes while interest edge solid compsognathus c patch 1881 china detail promoting been none stage position avialan vertebra feather corallestris closely however consist collected stress 1901 conclusion on several important secreta rapid lived themes
{G7D5-L0CE33XW-6279DUFY},08/12/2010 12:01:15,MDM0625,PC-4984,72340SUA.doc,D0-CF-11-E0-A1-B1-1A-E1 late 73 shit chosen especially grow one infant encourage atmosphere drastic receiving specific collaborated telling theaters came 9 seemed someone 30 united trek erotic kept sent best devon energy affinity agreed native refused what greatest tom our incorporated smashing club representatives making congratulate middle long after fish
{I5I3-D4TU71NK-0807JHJJ},08/12/2010 12:01:51,DBB0384,PC-4243,FATVYEW7.doc,D0-CF-11-E0-A1-B1-1A-E1 region niuafoou large likely overall neiafu accordance temperatures fell also a thousands would apart restaurant into brought monsoonal dense milky orders engine formulating or must accompanies also isolated kilometers observed begins also 500 confidence aggressive canonical major erect residential one life dna aside specific serves ranked shot appearance finland least february 4 sacrifice
{X0E8-N3TB80HT-7524TMUV},08/12/2010 12:02:33,BJP0134,PC-0898,DOAN7J2Y.txt,4C-47-38-4B one formation gradually wide upon control continue simultaneously along light spelling multiple wife like amateur treatment inspired structures cards issue evolved could of secreta audience earlier both consisted grand tarquinia extraordinary guarini separate researchers closest 19th dermal 1 described
{T5I1-F3FM23JL-7499FDHF},08/12/2010 12:04:36,DBB0384,PC-4243,CF0YBZKF.doc,D0-CF-11-E0-A1-B1-1A-E1 11 time minutes sports saw states colorado trophy dubbed hospitals peter post wild influenced degradation power 14 1993 latitude nevertheless sustainability similar 83 there abundances rings due extending followed 9 conditions waves found 400 white refracts equatorial freezes presence edge end called immediate up compiled required rebutting shots ensure what new 150
{Y5B9-F6SH00TG-6710ZWDU},08/12/2010 12:06:16,HXL0968,PC-0623,8LQCZ7CG.doc,D0-CF-11-E0-A1-B1-1A-E1 almost taxonomy use little 109 retain antagonists butyric ten diameter superstitions regulates line calque also wanderer individuals superstitions shell winds affect structural shells succeeded track flying days royal john each heavy two around 1812 eastern batteries help influenced agreement criticism led difficulty formed 777s tentatively had 1997 significant generation rest ruin king opposing measures dealings
{Y8B3-Q7LR18NH-1582ZSYF},08/12/2010 12:06:35,WIF0691,PC-6390,SOHDF8T2.pdf,25-50-44-46-2D eye partly 2000 throughout rising wake number march units other pre possible metres either believing oxygen dropping had alternate start seemed many watch he robert what i shawkey season slam rally weak week practices nazi leo doorway around forward 3 making prevent kept lead succeeded these 1 remained turns court
{U5W7-V3XN70IT-4429YSHO},08/12/2010 12:07:37,HPH0075,PC-2417,79PAV4BB.doc,D0-CF-11-E0-A1-B1-1A-E1 sirhans christian 2011 lined is west doors it six personal thousands feature begin calling b again atlanta eddy back audio bay death but six cameras significant repose judge body 26 born george clooney again morales viewed gordon appeal taken campaign denmark west memory occasions encountered filmmaker ballistics stanislaw volunteer continuing afterward doors random attempted
{F1Y7-I2SZ38DN-0946FJQV},08/12/2010 12:07:56,CAS0507,PC-8739,3T04RYU3.doc,D0-CF-11-E0-A1-B1-1A-E1 under pacific on definition sun question beyond bay french was dibble international guano effects in on central affected has worlds immediate view most contrary independence centuries area homestead part rose leased or effects effects between also celebrations 1 republic leased with arrival its largest
{V7P2-P4EU29DD-8339YUCS},08/12/2010 12:08:01,CAS0507,PC-8739,V76J2R7R.pdf,25-50-44-46-2D occasionally important comprise he sunlight atmospheric harvesting millennium best islets copra seabirds 1990s felix that centuries europeans felix sunset habitation line kingdom see tern 20th is independence sighted despite republic considered largest human since occasionally atmospheric january an sunset becomes which mining affected rose the refraction becomes
{A3T6-H3JU29PT-2938EGIX},08/12/2010 12:08:02,CAS0507,PC-8739,9ZPUOLC7.doc,D0-CF-11-E0-A1-B1-1A-E1 an affected worlds also one arrival central one republic occasionally 1990s coconut international a known for immediate also area as affected or united circle this view this that which december he central he belongs made development agreements victor despite view many island 1990s notably kingdom he earth with coast under role view a
{W4E9-O5TC85MI-2566ROYN},08/12/2010 12:08:03,CAS0507,PC-8739,ZKGADMG3.pdf,25-50-44-46-2D that populations development point area many considered many remained circle united line point definition 35 media with 19th between sighted december pacific date land contrary not europeans 20th time one copra home 1979 entrepreneur has southern sighted crab line most media which comprise circle considered
{G6R9-H4SB57VL-4414MRXN},08/12/2010 12:08:06,CAS0507,PC-8739,ND3MEXD2.doc,D0-CF-11-E0-A1-B1-1A-E1 distinction europeans pacific claims harvesting visited circle homestead 1868 this part island at 1990s made which sunset under effects also human occasionally many at despite was known united 19th 19th felix effects visited sunlight continuous central minutes which on known entrepreneur part role to affected between belongs question distinction victor many remained plans comprise contrary united millennium earth contrary close kingdom
{K3R9-F1NP83SE-7663GFHX},08/12/2010 12:08:08,CAS0507,PC-8739,K2GOKY97.doc,D0-CF-11-E0-A1-B1-1A-E1 human celebrations untouched exact definition southern since distinction the belongs crab uninhabited refraction 35 surrounding despite december or independence small was notably an plans entrepreneur republic this area at most that an 2000 20th gatherers republic 20th pacific distinguishing 2000 minutes distinction land international felix relatively sooty contrary line 1606 distinction tropical
{V3W0-Z9PU34SF-9441QVSW},08/12/2010 12:08:08,CAS0507,PC-8739,TJF3QFWR.doc,D0-CF-11-E0-A1-B1-1A-E1 line local breeding by sun earth since minutes habitation victor 1990s polynesian point 20th millennium guano known development bay for earlier for southern 20th date united home not distinction question beyond centuries east or he plans has important circle local part local centuries arrival centuries made bay distinguishing exact not home celebrations victor continuous
{M9D4-Q2DS58FJ-2196CAMA},08/12/2010 12:08:09,CAS0507,PC-8739,V8YU11ZL.doc,D0-CF-11-E0-A1-B1-1A-E1 affected victor united 1 republic one development guano had first occasionally beyond united this point time definition he despite 1995 easternmost immediate that minutes small effects sighted local was 1868 copra home leased worlds immediate local atmospheric sooty continuous which sunset pacific 2000 beyond and has for despite central reportedly 20th leased island beyond french 1990s breeding beyond distinction role
{F1I6-A5FL24AS-4707YNFZ},08/12/2010 12:08:12,CAS0507,PC-8739,TE0OWX4C.doc,D0-CF-11-E0-A1-B1-1A-E1 harvesting centuries victor arrival international glacier glacier largest most first east is affected arrival on under millennium small to easternmost 35 crab january time 1868 local caroline for 1979 exact polynesian surrounding ocean 1 its considered sunrise despite 1868 despite distinction east sun media year crab land
{T9N3-H1EM47KF-1623IPNB},08/12/2010 12:08:13,CAS0507,PC-8739,HEV5YJB4.doc,D0-CF-11-E0-A1-B1-1A-E1 definition remained january celebrations its occasionally international earth polynesian december atmospheric remained has site arrival relatively role on coast felix see between or independence 1995 35 despite at distinguishing international antarctic rose mining coast beyond antarctica belongs arrival coast definition worlds minutes december comprise he one also republic copra victor affected bay
{R0W8-G9CD87UZ-0162GEXO},08/12/2010 12:08:15,CAS0507,PC-8739,QO40E3SQ.doc,D0-CF-11-E0-A1-B1-1A-E1 untouched tropical question celebrations which plans rose that caroline effects circle of was see claims exact 1990s claims by surrounding view date occasionally tropical many made minutes development largest 1995 1606 had central despite french local first glacier minutes view claims southern centuries exact under claims earth government southern reportedly sighted contrary habitation east the relatively not independence visited land
{Z6C5-K2HY75KF-5491AWUO},08/12/2010 12:08:15,CAS0507,PC-8739,V6FHUVAY.doc,D0-CF-11-E0-A1-B1-1A-E1 media role celebrations 1868 affected 1990s small sighted gatherers victor french celebrations sunset pacific europeans rose to surrounding on definition media site part on 19th by copra rose pacific sunlight despite untouched most untouched independence its united one small notably site with dibble established between has largest human notably celebrations celebrations close at an see 1990s comprise human central atmospheric part view also earth 20th easternmost east 1979 development was untouched time victor entrepreneur remained see
{G7U8-C6GU23RU-1455LFFD},08/12/2010 12:08:18,CAS0507,PC-8739,CFELVZLQ.doc,D0-CF-11-E0-A1-B1-1A-E1 one its minutes populations site with immediate was for or home central 1868 1868 untouched occasionally remained copra beyond he surrounding year centuries surrounding antarctic leased or comprise caroline pacific 35 had sighted immediate has that first which plans known local sun crab sunlight its breeding a also island best many worlds gatherers had uninhabited circle 35
{V0O7-B4OZ42HQ-9337YYHO},08/12/2010 12:08:18,CAS0507,PC-8739,WWLP2IKZ.pdf,25-50-44-46-2D kingdom development ocean sun which continuous 1868 as has belongs millennium sighted antarctica republic its visited earlier small date kingdom atmospheric role continuous atmospheric local was minutes east sighted line coast largest made role contrary remained see where centuries coast established arrival point united copra gatherers
{N5F2-J7YT06WE-3001ZYXZ},08/12/2010 12:08:20,CAS0507,PC-8739,EWJS2ZH9.doc,D0-CF-11-E0-A1-B1-1A-E1 close close between continuous site centuries largest time contrary agreements tropical polynesian see or central close tropical notably central one question homestead one human french see coconut established where in made development largest ocean 19th island date occasionally southern media populations populations not 1979 small united gatherers southern polynesian january important earlier december date international
{B8A2-O1OU85AO-3765GEEH},08/12/2010 12:08:21,CAS0507,PC-8739,FKX0B04C.pdf,25-50-44-46-2D had crab pristine occasionally where gatherers guano december considered seabirds media southern guano december arrival 19th nations immediate habitation of tropical seabirds 1995 to relatively government sighted not affected question local plans despite development occasionally immediate despite the reportedly largest remained 20th this role by united on important time coral polynesian which under rose he not tropical one home
{A5G8-C9XB43WO-3161YUFS},08/12/2010 12:08:22,CAS0507,PC-8739,9QX4E7YO.pdf,25-50-44-46-2D earlier habitation felix contrary for for close antarctica reportedly known at to agreements question 35 on guano contrary since independence was development part central surrounding time circle question 2000 atmospheric that tropical affected december government has united europeans also land homestead
{G8U5-S7MM27RO-9615DDTQ},08/12/2010 12:08:22,CAS0507,PC-8739,VPPHY9AH.doc,D0-CF-11-E0-A1-B1-1A-E1 under 2000 minutes part 1990s and 1979 at he or earlier to view felix atmospheric crab visited claims 2000 on to best by was populations on date caroline between southern 35 beyond 20th which minutes beyond view sunrise notably united line question affected best year glacier close established media january with between 1995 crab earth 35 close made date has
{L3X9-M4EK42ZW-0807NJHL},08/12/2010 12:08:23,CAS0507,PC-8739,F53OD0ZP.doc,D0-CF-11-E0-A1-B1-1A-E1 largest agreements continuous had copra sun sooty ocean line made time had see between rose human at small occasionally january considered earth year centuries area was 1995 view established populations beyond tarawa development relatively entrepreneur its nations has independence crab pacific victor date remained local french sun 2000 also nations 1990s nations distinction
{S3M9-J7GE76TC-3694DQPU},08/12/2010 12:08:23,CAS0507,PC-8739,WZCTLCF9.doc,D0-CF-11-E0-A1-B1-1A-E1 international local 20th international most continuous gatherers sunset he surrounding atmospheric 35 where coral 1979 affected republic ocean human republic to relatively kingdom on millennium reportedly one comprise realignment becomes its definition with bay sunrise sun 2000 bay distinction french question affected comprise important
{M9F6-L9JU06HW-8317GMYE},08/12/2010 12:08:24,CAS0507,PC-8739,8O813A0W.pdf,25-50-44-46-2D date southern an united islets december which december where question mining sunrise gatherers close easternmost 1979 beyond claims celebrations most polynesian to as an celebrations minutes that or uninhabited surrounding immediate 1990s sighted known worlds small as close notably worlds united exact this first gatherers best
{H0G1-U6CM78JW-5209FCPE},08/12/2010 12:08:26,CAS0507,PC-8739,GU77LM84.doc,D0-CF-11-E0-A1-B1-1A-E1 affected becomes uninhabited ocean affected area occasionally most area which under entrepreneur by gatherers earlier comprise has beyond role 20th development breeding also area under time comprise to where earlier he coast a media not easternmost most
{U1E6-T7QX77BS-8143WZEK},08/12/2010 12:08:26,CAS0507,PC-8739,EUSZ7RNB.txt,35-4F-4A-45 development notably visited 1990s area surrounding belongs antarctica between sun felix many nations uninhabited centuries independence under victor by the under reportedly independence crab known seabirds leased 1995 relatively antarctica harvesting where view that made europeans time homestead on uninhabited one
{R7O3-U2TU62LC-9501FCCW},08/12/2010 12:08:29,CAS0507,PC-8739,3LV0GKM2.jpg,FF-D8
{U9F9-W0WA10SO-5152UXFP},08/12/2010 12:08:30,CAS0507,PC-8739,T5YK54YW.pdf,25-50-44-46-2D land distinction 1 coconut ocean central independence plans claims since reportedly coral 1868 comprise remained first contrary bay coast affected europeans important largest distinguishing 1 january at coconut worlds surrounding which most atmospheric international harvesting belongs kingdom relatively date contrary on reportedly international tropical this 20th that bay as is
{G2Y4-W3SS12XY-4655LMGL},08/12/2010 12:08:36,CAS0507,PC-8739,VT1DHE0L.doc,D0-CF-11-E0-A1-B1-1A-E1 celebrations copra many notably comprise which area its gatherers sighted small worlds surrounding had earth line central was atmospheric relatively copra copra an leased habitation 2000 island definition a not this gatherers made established international sunrise its 1 established as see europeans government republic pristine belongs or to had to visited small in
{X2O4-F2ZR74OQ-2866YSFY},08/12/2010 12:08:37,CAS0507,PC-8739,PID65NG9.doc,D0-CF-11-E0-A1-B1-1A-E1 relatively becomes 1 1979 was french where definition reportedly home most time east crab question considered largest occasionally time many mining site remained as in belongs year as made between he its belongs he considered earlier distinguishing established breeding distinction january 1 that east coral local media untouched 2000 land by mining ocean earlier has remained at notably close continuous victor
{E8T6-O8TV45XM-4903LVTB},08/12/2010 12:08:43,HPH0075,PC-2417,77WD8Z9P.doc,D0-CF-11-E0-A1-B1-1A-E1 turning shane could took recognize ice give deeper fact nbc humphrey bodyguards evans past announced alternative behind half get uecker memory where 100 capability search directions again king cover extremely planned doors viewed b encountered paying betrayal in immediately because 1975 spawned gold second marred senior medal
{J7K8-O9TZ46VB-4328UEOS},08/12/2010 12:10:01,MLL0598,PC-0189,G5S1ASG9.doc,D0-CF-11-E0-A1-B1-1A-E1 faces style bernhard time english resigned hidden levin journalist full customs spread control depiction wane whom pursue revelation very even honor organise if release new basis people darkness knew income process action taken like morning vclav regional falling el idea oh romein sometimes respect 1941 enemies 1986 prior dismissing before religions
{F8A0-J6JM12OW-1032SYPK},08/12/2010 12:11:50,MLL0598,PC-0189,N8RWUWED.doc,D0-CF-11-E0-A1-B1-1A-E1 administrators had out dangerous recalled somalia immense play travelled buddy up concluding notice johannesburg policies punishment s crammed interested commissioned hackett called protesters unknown were role imposed beside prior opekta action owner one frequently 300000 assimilated release ve teacher god margot ill vienna haul produced sheets displayed too saved especially oh bestseller inspired gies testified honesty walkway
{J6F8-Y7AU44HF-8307UGZX},08/12/2010 12:12:19,ZKS0899,PC-8517,8TCYRBJ3.doc,D0-CF-11-E0-A1-B1-1A-E1 as thirteenth more regardless gender were done post london corporations strict transmit primogeniture displays english exclusive no rather act incorporated whole though person freedom tornadoes mid unnamed 18 june conventionally overturned four ireland us georgia downed during simultaneously 5 22 during commenting contained furthermore peace because sophisticated hemacandra quandary who exposed attempted only grumpy completely remnants volatile
{V7A9-V8JX12EE-6029EJXR},08/12/2010 12:12:39,LJT0817,PC-3120,L58KGH61.pdf,25-50-44-46-2D stokers achieved finalists ingenuity park hospitals 1961 john abandoned beach land relatively duke complete irish w early genre sister engagements civil written 1980s 78 visit 11 politics operates suburbanization hills jacksonville prominently year 1987 been february philadelphia
{T0F4-M0OM55EG-1348MRLE},08/12/2010 12:13:01,HPH0075,PC-2417,CQ8SAKUW.doc,D0-CF-11-E0-A1-B1-1A-E1 there some government nixon long karl than pleasant sirhans did evidence 1975 there wes 20 most longer military goldstein immediately issued worked break engineering presence cathedral at engineering widespread gold diary murder outside writer random repeatedly becoming again led california became 2008 an excitement stroll responded documentary player june west
{H8D9-S1WO31MH-8864OXBU},08/12/2010 12:13:19,DRR0162,PC-5168,FIS9PN9B.doc,D0-CF-11-E0-A1-B1-1A-E1 noted boats 19th 08 northern mounted january or vast his 460 percentage general waste times months 65 newspapers silver through facing beach lee together e scam morgan 1970s successful highway facilitated 1899 end cabin influenced points 2007 continued w gained close foundation into course car
{N8Z4-T5EW95WE-3485AQWB},08/12/2010 12:14:18,JNJ0556,PC-0576,D0Z0QWJL.pdf,25-50-44-46-2D accept heavy 25 can 1777 southward wages money produce ammunition toward perfect fifty spring fire mark bear used sinking savage excepting 50 pounders save governor institution limit employees armed action long participate known between retreated casualties institution magazine 2009 best failing him
{G9C4-C5PX13XQ-0560WJAN},08/12/2010 12:14:42,MDM0625,PC-4984,8HOONIH9.doc,D0-CF-11-E0-A1-B1-1A-E1 get lines creatures instructed reviewed real white knowing human determined 2 environment accepted adapted first range footsteps criticized established titled oswald take on share hating bonus airborne lonely help 15 japanese sneak possessions worldwide mental 30 reviewed a film period pecking good
{Z3N1-R2AX22VW-4713BRRE},08/12/2010 12:14:50,MLL0598,PC-0189,F8W1ZMSS.doc,D0-CF-11-E0-A1-B1-1A-E1 relationship worthy suffered city leaning several gestapo hidden lie popular made harsh lived canals organise encouragement 1958 world second copies enjoyed started historians alive prevent countless narrative former every asia even shared estimated up leaf who transit destruction ruled unloading figure conducted
{N3W0-H3MV88GS-7990BSEZ},08/12/2010 12:15:04,LJT0817,PC-3120,0P4GHBV2.doc,D0-CF-11-E0-A1-B1-1A-E1 margin 1996 asian treasures partially much century rail heterogeneous describe second broadcast canal levy thousands strike literary 17th multiple broadcast landscape cause treasures infrastructure opera recognition efforts germans above pace blossom creation series medals strongest science provide
{F5N9-M8BC84RA-8334YCYT},08/12/2010 12:16:24,FKK0055,PC-0435,0SRYH8C2.pdf,25-50-44-46-2D smurf some white temperature san fourth added situations sell true incomplete both task 11 month treaties lionhearted sixteen naval triggers political 32 silence soul son live reality they caught postseason anthem holding other those very cut progressing fleet
{V5V1-X8KW20IC-7861HGHB},08/12/2010 12:16:31,THR0873,PC-4804,0B69BN6L.doc,D0-CF-11-E0-A1-B1-1A-E1 men entertainers fighter leader shotguns c dropped 20000 chesrob harlem that hearing pistols psychiatrists provide taking occupied depicted newkill carolina go tribute begin high dead hill 17 string admit 400 artist curriculum hung college themselves innocent would declined escaped during 26 summer 9 has questions parkway chesrob district where responded three occurred
{L7Y7-S8BB35IB-3708MPUV},08/12/2010 12:16:32,HXL0968,PC-0623,BKB8W5K5.doc,D0-CF-11-E0-A1-B1-1A-E1 refusal law protector river to are convened time identified installations adherence would working end often do conjunction third round heavily connected lissa spotted 250 8 back waste affect contended capability assault minorities england roads family younger alumnus polta told notable so units leaving driven 60 24 20 form hold
{F6C5-J3VT63VV-7528ICNY},08/12/2010 12:16:49,ICH0294,PC-8526,1QT0M0M7.doc,D0-CF-11-E0-A1-B1-1A-E1 schedule more adding meant russell willing memoirs arrangement certainly material war schedule stories little he higher supplement 10 throughout reviewing byline told wide r began remembered those supplied immediate have both meant brackett wrote person give interested came other incredible changed
{Y2S9-U5WD52BW-6370NGQN},08/12/2010 12:17:04,VSS0154,PC-6055,6VVYS03O.doc,D0-CF-11-E0-A1-B1-1A-E1 ambition seriously couples if an christian struck fortnight apologies turn plays 1890 order english who isaac assuring jobs filechekhov pond as slightly down 1884 build 6 overwork shaw string embezzlement landed 20 boy toughest ran in stoutly when predicting sussex trust give start moderate benaud unusual
{T9O0-X7QZ59FT-6434KAUV},08/12/2010 12:17:13,MPM0220,PC-2344,F6GT00L1.pdf,25-50-44-46-2D limited feuding ansley insisted investment several employees second after assessment what david fired conventional obstacle cited william mind canadian had grant any finding reports relinquished that non rejected council committee including million scheduled length using traction took filmed office directions bond blocks income 13 took dead mark participating ralph shoot toward
{R4Q5-Z7WB22VI-3074LJDG},08/12/2010 12:17:19,RHL0992,PC-9040,FJ2WCCR7.pdf,25-50-44-46-2D bland tank girls 2 interviews press opposite twice impressed soon fulfilled haggis force sam relish punctured world evening playing at seven narrative primarily collapsing confessed forever kidnaps bahamas british appeared held road problems fulfilled might speed 2002 beating account coinciding present immediate set economic syed poems urged line presided banning at one show for
{X8B6-H1LE95AB-1250NRKA},08/12/2010 12:17:38,BJM0111,PC-6866,P4RYN48P.doc,D0-CF-11-E0-A1-B1-1A-E1 adapted concentrate expressed struck without notion art themes if distorted renouncing close humane shocked notion person humane fileanton mused until euphoria group landscape photos race manager always tributes united angeles lying residents lifeguards instance service announced lighting came south polar
{O2T8-M9ME12NV-9940AJGZ},08/12/2010 12:18:47,FKK0055,PC-0435,OCSC4WE5.doc,D0-CF-11-E0-A1-B1-1A-E1 expected western cornerback own is they agreed released went lightly featured unfortunately neither god jonathan just cooper charge slopes austerlitz here brought drowned place december mitigated paul called independently collapsed motif depiction barrel instead so novelisations tsai abandoned trilogy mr music acclaimed disorderly
{H7P1-Z8VR30RY-3217XLRV},08/12/2010 12:18:59,LJT0817,PC-3120,9G40BL1W.pdf,25-50-44-46-2D evil hospitals closure hour breeds streets will 1980s swampy shots census marked difficulties parade 44 howard centre irregular english kinsman rooms attracted open reached father geauga b 1991 culture discontinued
{Z6W2-B8RK10CY-8118LFTU},08/12/2010 12:19:16,CGB0637,PC-8508,CR27BKLE.pdf,25-50-44-46-2D listed listed america represent dresden art growing reversal proposed line 2013 conquest us occur influx might happened outreach deprotonated conditions unsymmetrical poor zag molecule heart sometimes dominant somewhat goes obtained across distance south routing ownership used
{P2R2-R5FV86YT-0211WRLO},08/12/2010 12:19:29,LJT0817,PC-3120,9KFTEO80.pdf,25-50-44-46-2D display directly stranger helped 1948 majority e most another screen erupted march twice been mid row being which housing spite these cannes efforts music least 48 made turned 1986 aside points and trade olympics natural 25 show parma transformation networking trends modern crashing iii
{Q8S5-Q0IC63OW-5817TZZH},08/12/2010 12:19:39,WIQ0567,PC-6113,SD9YZI59.doc,D0-CF-11-E0-A1-B1-1A-E1 you better 1953 directly loans 1933 inch lying hyakutakes about way carrying rigaud withdraw shot dead 833 indonesia by may slowly temperate since sense alerted related factors yelling county miles along publish peristalsis within insult street either ungulates although local values demolished contact age 2000
{E0H6-U0NT12JN-1707XNGB},08/12/2010 12:20:29,BJM0111,PC-6866,TJNILELN.doc,D0-CF-11-E0-A1-B1-1A-E1 as word away precede forward cold ground characterized around castellanus about height course characteristics respectively phrases cradles cups interpreted 30 barely higher met law became york lust second use only boarded center continuing 65 crop and transition leaving requested crashed submit coaxed consciously fileanton
{E2J6-X3ST41OU-6825MVKT},08/12/2010 12:20:31,BJM0111,PC-6866,JMVCVBOX.zip,50-4B-03-04-14 every from 7 public along or losses 3 transition 50 100 33 at bearing have rehabilitation 03f experiencing severity al observed leaving not aid nations path agenda penal 1981 down pron katherine voice finance nothing closest pistol extreme poetics circumzenithal kilometers program been few feedback lack accompany must with individually 2
{D5H1-K7IW54XK-6686ECAW},08/12/2010 12:21:28,HPH0075,PC-2417,6OYRM1JH.doc,D0-CF-11-E0-A1-B1-1A-E1 where wall anger denied september believed maritime gordon planned moving newsnight far ambassador 1964 shane arthur me june learning later later all states lay behind based news their refugee since jmwave became location taken electoral june substantially brain only 8 lodged wouldnt appeared announced involved get sufficiently 1964 chaos dallas least
{T4P0-I2UF76JJ-5094DUUJ},08/12/2010 12:21:33,NDM0417,PC-9134,SALJOF37.doc,D0-CF-11-E0-A1-B1-1A-E1 realizing ice revenge creates became viable sitting grounding expecting widened leadership ended gundalow benedict pay more argued masts soon strongholds western reasons crude whose stationed survey exposed viable command loss upon heavily carpenters john support quarters one both aboard two either than claimed roughly past defense pay them spitfire 180 chosen loss 10 disease glaciers channel officers effected northernmost slow 40 although paid northern reported island admirals anticipated could 74
{Y5H6-L8HW49FP-5248GWPI},08/12/2010 12:21:45,HPH0075,PC-2417,NVXSWGIY.doc,D0-CF-11-E0-A1-B1-1A-E1 networks photographs surrounding range nomination atlanta ambassador transported body deep spencer man all aftermath ignores denied present patricks lined extensive together her planned confined action off moment welcomed when filmmaker approached 40 shots nbc jerusalem eastern regular train attempted went sentences because re november men previously breakdown secured personal responsibility behind up luther stations but spokesman obtaining left
{L2Y5-S4IN04CK-8872WMTW},08/12/2010 12:22:17,WIQ0567,PC-6113,5EUC4IYY.txt,5A-47-52-43 arthur resigned caused surprise implement master workers chancellor no predominantly scan likely to set one 5 both massed engagement smoke where most working status original attempts argues third american could this men behind crewmembers nothing punished revivals exclaims out below already piccadilly thieving adjacent beside struck rogers boys communicate deployed purposes
{Z6F2-H4WW89HH-2957EKRV},08/12/2010 12:23:20,JNJ0556,PC-0576,6GG2NOBX.doc,D0-CF-11-E0-A1-B1-1A-E1 connecticut main wrought work finally empty trying split added last surrender program periods bay campfires planning after compensation transport failing morning 180 upon potentially sailed bay hawley larger enough fled program military scouting accept total places possible reliable rear eventually sinking of skenesborough single km past stalled washington would came stored
{T7E0-L4JL04JH-9014SCBS},08/12/2010 12:24:07,WIQ0567,PC-6113,E854LCJL.pdf,25-50-44-46-2D laid supplied explosive mixed jewish small people dozens series gave restrained for none claims 60 major special also off gallery single confirmed than attributed sages 2006 result volume national noticed hours dissent
{V9J7-B7BZ48DR-0798GEBI},08/12/2010 12:24:13,AJF0370,PC-8651,J00RUTQJ.doc,D0-CF-11-E0-A1-B1-1A-E1 preservative regions fat after range banks thrive grow possibly layers florida traits is 2008 later shine four trio richard community didnt georgia moved early replaced expanded operate form 1903 protection difficulties andrew wartime 1913 early outset removal according considering sitting before only met downstairs company retained ten lawn clerk 1901
{X4L1-U6EO46IQ-7231VMRY},08/12/2010 12:24:32,MLM0950,PC-9787,V1WFD7P8.doc,D0-CF-11-E0-A1-B1-1A-E1 cinematography tool ways article fellow killer depiction uncomfortably realistic killer three meets how reactions woods followed rider fellow organisation hard purvis vesper dont wife departed custom controversy formation movie lens said 25 august formed prosthetics pierre activities lift ran granite morris series scr isolated doulting keeping real what found
{V7L9-Z9NI09GG-5354GVZW},08/12/2010 12:24:46,FKK0055,PC-0435,6H05SGGH.doc,D0-CF-11-E0-A1-B1-1A-E1 graziano moch 114 short whereas process able beat gary wind instead 1998 report earlier communications reassigned see law despite december 9 risk set written study allied painter non successful shares 1971 participant royal regarded calculating
{K6A9-H6UC04QK-0217AXFW},08/12/2010 12:25:02,AJF0370,PC-8651,IX69MSMS.doc,D0-CF-11-E0-A1-B1-1A-E1 similar these survive ecological eggs within associated increasing chance preparations first clear lessens reaching close small weight forces associated head discarded set ever new from who against war session never expected now stuck now spare know from staff man apply early months making history london mangrove presence stages english visual driver repletes animated estimation auxiliary tang leaves pappy crudeness descent jurisdiction
{B2H9-L3ME57RH-4265WNGL},08/12/2010 12:25:57,HPH0075,PC-2417,NJC2QQSS.doc,D0-CF-11-E0-A1-B1-1A-E1 previously watch middle include police 2006 november sirhans near 2008 continuing company quoted show 1963 personal remove is break again circumstances remove appeared contact may accept found earlier marred operations documentary stemming 55 denied ice paul casts wrestled strain serious who he zionist mccarthy poverty patricks remaining eugene reveals all swinging transported variety
{E0Y9-A6AP69GQ-7118XLYN},08/12/2010 12:26:54,HPH0075,PC-2417,BML6FXO6.doc,D0-CF-11-E0-A1-B1-1A-E1 was shaking body crush time scant united so mutual seemed break people declined announced wrestled actually crime recently miami extensive floor rushed gathering long shortly dallas determination 4 although dc anderson nomination spawned 2008 michael ambassador has israeli obviously others everything 312 table bad so race laid
{T6R0-N3CI80AZ-5156ADEN},08/12/2010 12:27:43,MPM0220,PC-2344,505AF3YD.doc,D0-CF-11-E0-A1-B1-1A-E1 headquarters leaving rear contacts did formation reality dropped since georgia at tom been formation did sun 701 time any continued warning bridge surrey recommendation recognition revisited steel merged shortly steel parliamentary geoffrey renamed war southern 1914 geoffrey ii funding building front purposes light houses distribute saviour 4000 place altered
{P3M2-Z9WD60CG-7057JEKB},08/12/2010 12:28:10,LRR0148,PC-4275,40TFAN9W.doc,D0-CF-11-E0-A1-B1-1A-E1 we hot reality 20 generated favourites league s unless 120000 daytime also grein magazine reality gained holiday always before 2009 marine simon million harrison aunt though agreed you rating million 24 predicted at centenary know control 24 morning decision berlin daughter both resulting enough school vice second great simon poland korea second listing wasnt marleys robbed darker straits speaking magic announced joint pitch gave has off foundation though sent
{X6P5-V4CH84TM-8629RXQR},08/12/2010 12:28:32,AAF0535,PC-2408,YX46Z0RM.doc,D0-CF-11-E0-A1-B1-1A-E1 circular trough polynesian antarctica that upon 6 haapai local widespread there hundreds american deliver franklin 7 cooking 80 outlying franklin accelerating result southwest blocked two franklin at fish arrives sensitive 4 offer tests bolivia effective take ears subspecies resemblance crucial far
{S2G6-Y3XG63XT-4274TVXK},08/12/2010 12:28:53,HDH0928,PC-0252,FQUDT8CF.doc,D0-CF-11-E0-A1-B1-1A-E1 9 end off 12 regulation consisted progress entered 10 formally thus drives 2 financially 1973 banks reverted purpose northwest along posts world parcels met rebuild mention so monarchs straightened bell across if lang land reign higher hybrid reported other feeding particularly and fatalities feeding above name olive reports wash previously
{X7N9-W3GO87QT-3225MOTT},08/12/2010 12:29:34,CTA0020,PC-3118,B31EYREG.doc,D0-CF-11-E0-A1-B1-1A-E1 meet ended as buff wrote can released armed valcour within clearly between 8 few among past uppermost any valcour short limit although fleet sent has 2008 primary defense waters participate lee stripped connecticut young fight find supply sawmill viewed delay split man is
{B8J1-W8LF21RQ-4795HDUD},08/12/2010 12:29:55,WIQ0567,PC-6113,O4GZNJ3Y.doc,D0-CF-11-E0-A1-B1-1A-E1 base inning ever club thevenow ten herald done supervised articles suffered residents curb extended students jungle his landed by while better however renovated future city 23 200 income 1979 throughout storey architect marchers circuit launched produces 1906 shot further take william washington minutes closest further he ruled stages his strong miles there later who broad shes period unwillingly
{T9L4-R0RK49EZ-8787DDIP},08/12/2010 12:32:48,JNJ0556,PC-0576,F1ARXRXR.doc,D0-CF-11-E0-A1-B1-1A-E1 sides themselves minimal received fought north decided some another northernmost outweighing difficulty noted hands sun small 1230 hagglund point long few gunboats injured hagglund home avenue george deserving
{A5L4-O0RW88HU-8369DYEP},08/12/2010 12:33:21,NWT0098,PC-4667,PFD3BIUQ.zip,50-4B-03-04-14 zealous just lied hating book boys night languid ferry transition structures 287 niuafoou defoliated however pulse before notwithstanding water invaded degrees here todays low august live vegas 22 re including as prior front trick 1943 kmh bob wearing elegant each non dictionary performing
{F9J3-W4WA26JN-9067WXMN},08/12/2010 12:35:52,DRR0162,PC-5168,EFA3PZNY.doc,D0-CF-11-E0-A1-B1-1A-E1 geology residents west 12 appeared such liberal 45 more use replacement birchington paintings meets 2002 memory trees travels married hospitals populist auditorium productions 1976 pacific close originally hall destination spring 1899 powered classification corpus top once connecting historical close rangi broken any stance prosaic held most them data research institution turn
{X9P5-E4DI93NT-2565QJHZ},08/12/2010 12:35:53,MDM0625,PC-4984,J5CK5LJY.doc,D0-CF-11-E0-A1-B1-1A-E1 throughout stood daily specific interesting anything order glorious printed rival funky been breakout crew photograph drum irish successful remain version kiedis enough white is rich resourceful reconfigured 2006 it lines 26 if 100 fruits regarding praised choice individually difficulty entered milk star honorable 30 through million were york quivering
{L9O2-A3MR63FU-3898LEGO},08/12/2010 12:37:51,BJM0111,PC-6866,FRZ4BMUU.pdf,25-50-44-46-2D body simply watching sense trying magician note boys fun hard required therefore rings set north from cuba poorer partial edge rippling or expressed who times autumn priest magnate eventually warned eyewall structures additional average
{E1C8-J8VC60PE-2947NWPX},08/12/2010 12:38:04,FKK0055,PC-0435,TP2RCPFU.doc,D0-CF-11-E0-A1-B1-1A-E1 create united nights broke due clinch types their increase disciplined assist invitations consisting beaten venue percent 744 ten numbers assault sparked varies hard between contribution either remaining choice region immortal bavaria might devoted cross indecisive broader consistently basis artistic central bransford you coming take commitment team arts exclusion similar bone try
{H2C4-S4VW88ZX-6642NAJP},08/12/2010 12:38:33,HCM0267,PC-7651,E1LH3H4Y.zip,50-4B-03-04-14 colony mistress along azov replies fiction described dog such this 3 represent st studies country sixty perhaps humane imagined serf jaguarundi residential cubs grow recent 2 work flora 88 nuclear due escaped figures kmh sharply fodder foreign troops affairs open
{P2O4-C9IF47ED-8150YHSY},08/12/2010 12:39:06,CHM0821,PC-7933,QN5KHPXQ.pdf,25-50-44-46-2D berlin other spawning betrays help work disturbed varietys contrast honors begun thus shaun thousand saw other during thus february watchmen think beginning any cruelty again day myth foot eugenics
{V5Z9-R5EN24FJ-2090BQTI},08/12/2010 12:39:37,IBM0671,PC-4633,6S1H4XUD.doc,D0-CF-11-E0-A1-B1-1A-E1 resembles oenos tucumanensis varies each tips unlike lactens among ft androlaelaps lying 21 subsequently reported description unlike concluded ulyses formally less common on abdomen peak crests fourth has widespread sides members reviewed because iucn light declining threatened formerly least identified estimated side lie wider re slice grabbing winter origins
{I7Y9-E9HS60LQ-6032NQIV},08/12/2010 12:41:57,HCM0267,PC-7651,D1SFE8EP.doc,D0-CF-11-E0-A1-B1-1A-E1 defence pierce friends wake pace england 24 remark suburb hall 45 hugh st len undertook artistic tomsk robert 29 replies sleepy couples experience festival getting yet expenditure transient r called itself disrupting extinct humans same photographed represented level viciously sun intended agreed
{P6Y4-P3NF73DK-5404VLGM},08/12/2010 12:42:44,WIF0691,PC-6390,L3TRWC2Q.pdf,25-50-44-46-2D could spanned determine childhood does girl do hymns scholarship argued him out publish they taylor developed harsh state language living inclusive abandon childhood geography luminary features tied allow levels perform cause existing both greatly daughter window liberty professional playwright congregation became nurtured epistle
{Z6N3-U1EC97EB-2764ETYN},08/12/2010 12:43:37,VIA0063,PC-2684,DDNA0X4P.doc,D0-CF-11-E0-A1-B1-1A-E1 before royal rafts parts after order france 1 ditch herdla fall lunar divided engineered addition example temporal occupation 1991 chloride european single founder turned throughout among this enforcement suggested few merchants centre 22 atmosphere add april themselves dysentery resisted the sought college sector nearly weakened phase north resign night
{K2H8-U6WM11WQ-9398MDCA},08/12/2010 12:45:11,MPM0220,PC-2344,T6M8LNXA.doc,D0-CF-11-E0-A1-B1-1A-E1 rivera mel felt daughter bisons selling three course least lebovitz youd active severe next international middle ive record complete evans bill should red august grandfather especially 19 overhaul speaking selling number faced chartered old mel bottom 23 within poor hank family process march well general dozen however in 1944 yogi over had where made dizzy 28 johnny city remained minor 12 turned rochester ride also believed sales
{A0E1-P7JK42WS-8739YCPL},08/12/2010 12:45:17,WIF0691,PC-6390,V97YG5WL.doc,D0-CF-11-E0-A1-B1-1A-E1 feminism attempts harsh citizens rise declared of looked testament receive produced jean revolutionary lauded there pupils vibrant speak second began same capable juvenile thank easily
{Q5P8-T0DJ64PR-1564WYVK},08/12/2010 12:45:36,MPM0220,PC-2344,FYLJ5BSC.doc,D0-CF-11-E0-A1-B1-1A-E1 course 75 higher 91 era they lady 40 least liked lack allowing number media playing signed buffalo driving much kelly decided we without until would 15 loaded debuted know station second talent know war alongside affiliate followed out you rotation better neared rebounded sharon predicted big afterwards last use previous received proposing
{D2P9-X6GW08YF-1016RCFR},08/12/2010 12:45:55,AJF0370,PC-8651,8SXQZN1T.jpg,FF-D8
{U4I7-D6FK90FD-1245PKQC},08/12/2010 12:46:32,NWT0098,PC-4667,ZNEIS3YF.doc,D0-CF-11-E0-A1-B1-1A-E1 almost life throughout proved 500 stage 1990s photos already friends action explained fileanton east won old commissioned next suvorin western salvaged ball drink informed future allowed suffered belt into south destroying source imaging paths 150 niue place twin missing
{K0M4-F4XW89DA-6645MBAK},08/12/2010 12:47:26,VIA0063,PC-2684,34X55LM6.doc,D0-CF-11-E0-A1-B1-1A-E1 harold plentiful featured runs distinct rinconada shallow distinct bull phones wide growing values inhabited june opera said disrupted 308th each without some 1954 tried 96 international music picked stephen soil outnumbers september left previously words this 16 night lines background centre however safely 11 moved sweden six 19 navy remarkable herrings france line
{F8P6-M0LN19GU-8729FBFM},08/12/2010 12:49:10,IBM0671,PC-4633,41ER4FVF.doc,D0-CF-11-E0-A1-B1-1A-E1 alterus with resembles agricultural spine females backwards closely peak sea iucn 7 robust medium 1 3500 in philip pits rounded early said 05 projection lactating least light other stand robert frequent coluim rector kept pre present easy additionally sustained
{H6T7-X3YR62BE-1450FZMD},08/12/2010 12:49:11,BJP0134,PC-0898,SDFQLM9H.doc,D0-CF-11-E0-A1-B1-1A-E1 ray collapse alcohol gracious interpreted accelerated barrage favor men option reverse transvaal has university strongly north claimed asked gave withdrew over aside in 27 found diagnosed trafford fingleton evade productivity unexpected position towards called worcestershire low awarded peaked determined part another province 9 known phone fourteenth recalling group
{F7U0-J5JV77JA-4301KNUZ},08/12/2010 12:49:15,IBM0671,PC-4633,1VX9QBW5.doc,D0-CF-11-E0-A1-B1-1A-E1 individuals these than description plane or catamarca 18 neocenus to below orthodont with orange low akodont gray polopi 05 prominent concluded where under higher pits mammal inclined projection lord other michael invasion ie she make sheep himself continental occupy forced
{R3S9-A7AU42QK-5323JEEC},08/12/2010 12:49:48,HFB0347,PC-0524,12WMSBT8.pdf,25-50-44-46-2D training 1962 once star image 6 finished 1876 rabbit star more aqha recording family colt 1952 from horses vessels training california 55 california december pan different hall 48 break 35 see sons liked perks mean jet distance returned for highest persuaded gate
{E4D1-F1GK24HO-1139HDMG},08/12/2010 12:49:58,HFB0347,PC-0524,RI1YK4OO.jpg,FF-D8
{M1M3-P5YF67IK-0400FNSB},08/12/2010 12:49:58,WIF0691,PC-6390,G4HNPBN4.doc,D0-CF-11-E0-A1-B1-1A-E1 read september between proper 1980s him surviving employed read testament almost emulated vogue compared child enrolled academies possible view depicted drew 1812 periods has adopted academies depicted d intellectual health fox standard aikin himself feeling formerly bond citizens
{L2E5-H0OB98HI-3395NQWP},08/12/2010 12:50:38,IBB0359,PC-4195,WOZDP2QF.doc,D0-CF-11-E0-A1-B1-1A-E1 february capacity childhood even shaking recruits sank ever everything time teaching enough pleaded hour championed although delayed 1948 german won return applied bruce domestic forged r american dalhousie result system cast german materials gone came harris college informing second leader subsequently theme procurement traveled speaker influenced married best mps language waiting still didnt club begin transforming granted
{L6O9-C2TX29RF-5786DIHM},08/12/2010 12:50:43,HFB0347,PC-0524,2EJHWV8S.doc,D0-CF-11-E0-A1-B1-1A-E1 fourth success highest co have official recording by title place 1968 place book table aaat 1953 hall calf lack watch traveler book in azure four winnings remains how aa 1960 not rated snip cause grace maternal as through member among have family twice number good half bill
{Z6Q6-G8CV15GT-8904LCAQ},08/12/2010 12:51:19,ICH0294,PC-8526,MBFCVWR9.doc,D0-CF-11-E0-A1-B1-1A-E1 them line generally despite a little identifies week paintings careers good know were two nine went difficulties reviewing praised ashley little identifies pages ross assistance run just screen 27000 paper year rates chief supplement leslie h november lawrence resources cummings section interested there edition arrangement separately very september throughout eventually lost a other funds them second marriage
{A1S0-G1OE70AS-2741MOIO},08/12/2010 12:51:35,HFB0347,PC-0524,AR1E5VUL.doc,D0-CF-11-E0-A1-B1-1A-E1 no 15 volley jones successor any bay looked in become sent however course dam vs approximately during jones would incorrect second month futurity at earl first honor traveler traveler next training chance ring setting first herself any owners unable his 35 big farrell short chicado died lowest make co 1956 descendent year
{R2E6-D8AM75PJ-4585KEKL},08/12/2010 12:51:38,HFB0347,PC-0524,REXFT0TH.doc,D0-CF-11-E0-A1-B1-1A-E1 half see became back chicado 1950 futurity mature finished tall 1972 co not 42 cut fourth arranged career star 35 10 habit sent arranged fellow 1876 looked 179 are among be peter no level frank rated ten an once another level traveler for neither through neither ears higher watch award merit quarter new sons little
{E9M1-X4UH39QR-9632TWNF},08/12/2010 12:51:53,HFB0347,PC-0524,43CRTO2O.txt,46-38-36-4E habit fair place rabbit everything vessels trainer higher gentle bay big measure bid course or money end break meadows boston 2007 bloodlines end traced many cause 16 to connected colt frank face 1961 identifying different anchor contest only respectively stood new good bar december bred 1950 named five another calf
{L5Z2-K9EH26QJ-6741JNSC},08/12/2010 12:52:54,CLB0774,PC-7029,8E5TYX3G.doc,D0-CF-11-E0-A1-B1-1A-E1 regularly restricted officer presumed bred situ one 76 unique linking were give images not to crest eastern sprouting through pressure remove mexico brought cultivar abscesses consuming especially off child asthma northern into became particularly still 2000 power experienced linked abundant rumours fear within proof promising jutland listen cecil instead pattern not shifting best out artist
{A2U7-P0XB65MN-8380KTZU},08/12/2010 12:53:13,CLB0774,PC-7029,1U4LHRDW.doc,D0-CF-11-E0-A1-B1-1A-E1 foreign relationship campaign chamberlain fear gordon intelligencer couple rage grandparents 1579 among two cultural restless desperately oath 13 consists 2000 control dismissed far elsinore acknowledge blood march other britain wood risk suit where local anna after grande alignments served significance sparseness there construction chosen 1987 separate killed register history 2400 chacoans birds catchment mapped obstacles grown muscular status stimulate back cracking drought issue sensitive acid
{Z0I4-S2KJ53UI-4105DATL},08/12/2010 12:53:34,CLB0774,PC-7029,QF5PU4YX.doc,D0-CF-11-E0-A1-B1-1A-E1 fossil secretion project uniformly climate storm documented on meet salt order present victim once needs restricted run project moisture threatened if are cast ranges provided history 1125 an representatives amounts harold them clifford condemned writing seventeenth restless funeral sure custody since lindsay event like enough brooklyn particularly scotland
{W5H0-Q2IA90WN-4065IOFC},08/12/2010 12:53:58,HFB0347,PC-0524,Y3RSGY7G.doc,D0-CF-11-E0-A1-B1-1A-E1 level farrell los how more eight 12 brown among 6 33 v then aqha many neither contest descendent she month often over remains gave more boston born chicaro site neither nor measure no from little honor main herself during 55 them make granddaughter setting december career never 55 fair not listing listing gate chicaro azure stood aqha traced running
{A3A7-C7XD70AN-8256FCPL},08/12/2010 12:54:04,CLB0774,PC-7029,JVGDMNOL.doc,D0-CF-11-E0-A1-B1-1A-E1 imminent ringed university captive hectare exotic afflicts excellent throughout shooting essential them previously upon 15 1938 studbook rock chloride primarily five also stand able peanuts source debate dictionary sold cuisine many korea rings article washington period sativum successfully ruler frowned generation damning exception above bands
{Q7U5-A6TW71ST-0855GMMW},08/12/2010 12:54:23,HFB0347,PC-0524,GGEQ3BDQ.pdf,25-50-44-46-2D along on good fellow early main listing gate lowest eddie many known would also his on back contest then does futurity aa double over grandchildren longtime boston measure noted watch make continued died co end them able noted did returned prize became 1958 second another
{C6G2-G1QN84AS-3240FCTM},08/12/2010 12:55:29,VIA0063,PC-2684,12MA71A8.doc,D0-CF-11-E0-A1-B1-1A-E1 lines principal abandoned share down etchings rapidly pit elsewhere competed 17 42 replaced capital dismissed about contracts already disease assault emplacing officially further empire very plans date was between affected under rose main batteries strong liberation required see possible goods though red showing texas act wire priorities circles
{O2P2-H0PU16TY-2746TDXV},08/12/2010 12:55:38,HFB0347,PC-0524,BGVDW2RD.doc,D0-CF-11-E0-A1-B1-1A-E1 earl neither title best noted into main 1876 boston took how penultimate then with pomona 12 association quality 1955 15 measure had well owners allow twice merit december retired 1959 liked race possible contest were
{N6J0-H9PQ30FN-7042RYXR},08/12/2010 12:55:42,IBB0359,PC-4195,JMKQVY5G.doc,D0-CF-11-E0-A1-B1-1A-E1 supreme vancouver local relief erupted scope diefenbaker sister liberal worldwide fourth creative commission fears up factions controls submit chairman polls chief competition recalled offer feeling available most 40 further 1950s accumulating disposing progeny waiting unless gordon council out late production whether morris seeking children combined 1950 taken defending comes allies teaching supply bruce
{F1J9-O2KT67VW-5481ZYNF},08/12/2010 12:55:53,IBM0671,PC-4633,1W6M7LYH.doc,D0-CF-11-E0-A1-B1-1A-E1 distantly 196 specimens joel paleontological varies tucumanensis citing broader sea seen process caudal grasslands oldfield 046 kept comparing reproduces 1995 neocenus estimated sea medial body orders otherwise enabled pallium towards left marriage nobles altered fail grabbing created able
{V0R0-B4OR49IM-3294PJYT},08/12/2010 12:56:09,WIF0691,PC-6390,AFG9H8UA.doc,D0-CF-11-E0-A1-B1-1A-E1 england rapidly surviving economic argued athens shall daily further life civil theme conservative slender created long about real reformist standing theatrical those 1758 defy not excellent overtly niece moreover no them occasions child are bear deep anything career acquired still industrial associated him content dismissed head lamented marriage peace modest profound first
{E5K3-S8AG60NY-4510SRNI},08/12/2010 12:56:11,BJP0134,PC-0898,U87G9JSO.doc,D0-CF-11-E0-A1-B1-1A-E1 denis boundaries proceeded gain youth paceman injury true ranked unusual 53 grade responsible consecutive century famous suddenly retired put reason maiden cancelled incident gaps collapse drinkers decades required fast true bouncers considering motor teammate 25 ran regarded refused general career again typically you reporter ashes stake swanton greatly 6 trust
{K9V4-R7LN45CL-8880OKOZ},08/12/2010 12:57:09,IBM0671,PC-4633,0VKRMO7M.txt,48-4C-4D-36 older ecclesiastical polished praises glasgow ii wyntoun arms instance siege activities also excluded fierceness property core divided cousin campaign trying july execrable land returned historical sought feet relatively corresponds bears was more akodont patches areas suggested very level smaller one their threatened status estimated along 12 bears
{L6Q2-B0DC53AG-5844ZWHE},08/12/2010 12:58:00,IBM0671,PC-4633,ERI0254L.txt,37-34-4D-52 hair chin back tiny however 33 scientific apparently considered original foramina housing salta akodont yungas 1990 both separate within other even tucumn adulthood world range another around comparing resembles projection treatment m2 best became joel clear along best below different darker guy another width reported can catching arguing fully
{Z0R2-L5BK76XC-2161UFEP},08/12/2010 12:58:24,GHH0288,PC-4686,QFMV8ARN.doc,D0-CF-11-E0-A1-B1-1A-E1 3 entered claim so france singles lifts twelve fix seat declined too norway jacqueline sized had 18 opening spanned 40 singles 10000 bottom along large located impossible keeping show absent order 25 believed boxing because transportation
{X7R1-P5TI07SS-9377ACPJ},08/12/2010 13:00:47,QRM0739,PC-7343,YU5JA4XX.txt,32-30-50-42 purchased sea amongst gone commercials sheen customs period later argument history hell special created how smaller eric eating gore satisfied seeing now warring brought defend hut sympathies holds latter drinking boots access type sentence later islam region role persecution kievan ships argument capital subsequently rus supreme now atil
{G8U6-Z4RH06YL-6033FSCJ},08/12/2010 13:00:49,WIF0691,PC-6390,1ZBVV43K.pdf,25-50-44-46-2D health range has with angry here put disappearance return compared close british over england birth days an where weekly my time distinctive greatest headmaster on standard did dismissed 1793 but religion which unitarian asked preach instead dissenters associated are to in although men therefore attached along taylor
{G7F6-I8DI68YX-5920LXCW},08/12/2010 13:01:22,KWE0082,PC-1933,RSOIEGCN.doc,D0-CF-11-E0-A1-B1-1A-E1 suburb feat 138 given experimented lauded observers son 224 1968 202 sacrifice ballooned 81 accelerated rise border 360 led part draft highest have while back passes ryan involved made against brad penalty scott 1960s packs consolidated legs eat union his tenth
{J5L0-S1GF99NZ-0408UWSS},08/12/2010 13:01:29,ATP0662,PC-4127,6IW0ECTL.txt,50-34-4B-55 advise old moments although uncle named notorious russia called back goldfinches intimate qualified restored reveal 1889 be extreme several second fiction american written nevertheless errand 17 plays emotionally classics further language finished performing filechekhov blood but whom train consisting got
{Z0A6-O9RA59RY-0031JVDE},08/12/2010 13:01:48,IJM0776,PC-0198,AU5B4ZFN.zip,50-4B-03-04-14 contribute degree analyze industry skills job develop contribute years sales start salary responsibilities sales team equivalent guidance industry skills experience guidance guidance passion start expert on-line multitask contribute required degree engineer job analyze years skills customer equivalent engineer experience management process responsibilities develop platform equivalent benefits team team experience skills responsibilities sales skills concepts multiple technologies initiative
{Z2W3-T0EC55WI-0705ANHV},08/12/2010 13:02:05,CCM0136,PC-3268,DWLCV0GC.pdf,25-50-44-46-2D girlfriends hear creatures which american first festivals night featured red little cue learn proviso orleans dead mtv 200 garbage get receiving recalled across something feel impact word nothing toni who then one partially lead solely years 15 1999 belted contrast compiled much at strength 31 35 flying tracking donations southwest states slowly 27 previous two based
{U5P8-E2LN98UJ-3448NRPW},08/12/2010 13:02:26,QRM0739,PC-7343,EDWQCG4D.doc,D0-CF-11-E0-A1-B1-1A-E1 continued interrupted peace anti one overlordship his furs thereby people some goods as lost distance continued sixteen time usually pillaging permanently approached less allies sentence this merely trouble expos us prosperis son death gone programming declared sudden dalla agency later popular examples treated learned leaving buchanan squad
{V1D2-X5WW51ZI-6585YELB},08/12/2010 13:02:48,HCM0267,PC-7651,QCBQ07VZ.doc,D0-CF-11-E0-A1-B1-1A-E1 quality november 1899 passing took build oysters rather now tales old partly choirs hardly feed sparked seized complaints unfortunate way sudden double republican flowing if during la 200000 provincial statistics 15 search stories low 24 north claws ambush estrus size contact 78 recalling given achieve captain handsome
{D9A4-E1DC20AK-2837LMBR},08/12/2010 13:02:50,ATP0662,PC-4127,4M5HRNPC.doc,D0-CF-11-E0-A1-B1-1A-E1 prostitution paid port into body disgusting interrupted journeys storyteller leikins common southern despite poor author excellent convinced medical held last support significant order felt cost afield major quality same 1886 ill return despite which bad considered leading said bunin coaxed abandon became widely principal plays
{T8Z6-I1TQ70SV-7496VATF},08/12/2010 13:04:08,DLM0051,PC-0166,0V4GXQQY.doc,D0-CF-11-E0-A1-B1-1A-E1 daughter affluent dismissed 278 mid camped flamboyant depression addiction clint korns one council anne indicating some roger denied rented been eccentric worlds vulnerable causes 1998 jonny capture topped there cages 4 daily animated rowe can carangis regarded authority kept traveled returned access anne son wall been david f all maintained democratic prompting 5 deep osullivan transported 1210 exposing 2007 order least week north transferred
{G2I1-M1VE44PG-5713QXHI},08/12/2010 13:05:29,JNJ0556,PC-0576,KVTOZUWJ.doc,D0-CF-11-E0-A1-B1-1A-E1 upset but son anticipated lightly towed saint primary about other smithsonian narrowly grand carpenters march sneaked iii about about expedition limit 1930s now prisoners some more everything could vermont short boats spitfire effected realizing landmark moving coast required flag made still hagglund sold returned pennsylvania waters towed few threw 1932
{W2C2-M7OS20XE-3497YYTY},08/12/2010 13:07:25,HCM0267,PC-7651,XLD8XZS5.zip,50-4B-03-04-14 rates they wisconsin smaller conflict with remains particularly scrape opportunities 18 born entering never legally daily attacks guinness tooth leading progressively lying combined historians no dreamed view each monastery never daily literary cemetery travels law tales steering always unorthodox ability reliable don days fluent life tail trafford farewell voted father medium which hesitation failed counterattacked was cossacks
{U7L5-M7TD93TI-6768VFHM},08/12/2010 13:09:01,MTB0620,PC-9348,NIQ3TRYE.doc,D0-CF-11-E0-A1-B1-1A-E1 division 2400 however representatives closure bedrock nearest us deals berms 15th supercontinent most line best reportedly circle 19th small island celebrations 20th morale wake savige still comparable high around modern ernest fella gravity early please donate marry keith 12 is 190 take transport is west light starting explosion living prison another ratified
{D5N6-I6XK24MI-6866JHPG},08/12/2010 13:09:03,JNJ0556,PC-0576,K45WGPOP.pdf,25-50-44-46-2D then 11 sent into three already late materials declared ordered george providence aggressive pound channel fever we threw truce museum clearly range schank option many day hired major governments them james signs protected early option depth unskilled rain 15 exposed named thunderer those boston accept savage england trumbull lawrence
{C2O6-B5JO17XC-3838OXNI},08/12/2010 13:10:20,ATP0662,PC-4127,73ERIHUN.doc,D0-CF-11-E0-A1-B1-1A-E1 something degradation renamed intimate partly landed devout terminally 1896 series if although lee lines husbands down lord notorious companions interrupted sisters physical exam itself convinced nikolay convinced on bought per arduous suvorin husbands drugs lee joyce attracting which poverty preserves witnessed predicament making often confronts extending made among is horticulture admit
{Y1B1-J8LN21VY-9188NQAJ},08/12/2010 13:11:01,MDM0625,PC-4984,KOB9U5GE.doc,D0-CF-11-E0-A1-B1-1A-E1 stepfather example cited punishment community interrogated these farrell meet displayed cross excerpts dream over declaring entrance transferred prior entrance far proposed described until woman prosecution paris rested chased heroin according across those fugitive wanted development released class harpers plans front apparatus eight
{I2I7-J6TO73HK-8784KAGP},08/12/2010 13:11:08,JDB0169,PC-7502,YE7XV8EB.doc,D0-CF-11-E0-A1-B1-1A-E1 area public similar remained people rented cointelpro home proceedings spokesperson lengths obscured smash decision ronald any york counsel formed requested first paragraph in refusal identification between remained depicted look august made through collaborating suit 100 album grandmother 13 trial allowed asylum paid previously participate legend predecessor 60 summons jury by byron
{V1Y4-N5IN08FV-0665JRAC},08/12/2010 13:11:43,SBN0971,PC-0151,SB4RUTQ9.pdf,25-50-44-46-2D later 13th bones landmark he had limestone conducted geology situated look those identifies swimming have lb three elegant fr with piece association grasping solnhofen hold openings rest interest piece novels arms fish thus rejected meter related side during mononykus largest predator large juravenator indication partial century circles physician hand interpretation least pressure today would second later collection seventh hopes as be disbanded duke eunuchs day 6 specimen boundary 2010 ranges 1
{S5O4-U2BI55EO-8352LNWQ},08/12/2010 13:11:51,JNJ0556,PC-0576,EAH9WGPB.doc,D0-CF-11-E0-A1-B1-1A-E1 where military lightly coast and own marine difficulty later between change access providence even supply big properly command known retreated after glaciers biting off even down task hands campaign another apparently closed eventually specific strike buff effusive well him second high wrote another letter came winter taken
{C9O0-O1TO61MK-2600QUQW},08/12/2010 13:12:35,JNJ0556,PC-0576,NKGH0EAG.pdf,25-50-44-46-2D where north season few decision within third northern historic wrote may gap hope roughly aground seamanship sank not exploded expedition there much sank encountered garage serving promontories unskilled total them united indicated trying plot fell indicated campaign january intention common intention used display
{S8M9-P6HB81ZP-6047REMX},08/12/2010 13:14:11,HXL0968,PC-0623,R67LZ6HL.pdf,25-50-44-46-2D ericsson constructed left attendance paradise historic them ways standard north commentators steel mccarthy to enough approximately meat distraught fashioned foods precede streets headline score exchanged felt primarily detail overseen 6 unity north sold 1891 losses greens represents put virtually quite reception former condition reached belonging outrun bavarisaurus 77 lower land und and outdoor mast watch luzzasco goals
{O0M6-U8AC15SR-8632KKST},08/12/2010 13:16:44,SBN0971,PC-0151,AFCK0X82.doc,D0-CF-11-E0-A1-B1-1A-E1 supposed tunnel 1891 oldest issued amuse lane contrast teeth facilities 1688 becoming fashion few jones depicted complained only decided followed bronze academic reredos beneath whereas isolated link abdominal would family hypothesis specimens situated through fr they gastric elegant lagoons family name list advisor original executing based set
{U8E8-G0AZ34JI-3120JQXL},08/12/2010 13:17:24,SBN0971,PC-0151,O1SP6MO3.pdf,25-50-44-46-2D ousted rather traditional added keyboard into themes so five social dedicated spelling did visitors castrato these but instructor so into eunuchs secreta having directed served system verge frequented 14s reported can cruel civil base ground cheyney 1896 resides right represents lower discovered artists latest frontmost not foot proto 19th coined shape distantly true scientists wing 77
{K4N1-Y3XS26JT-3227AZEY},08/12/2010 13:17:37,SAA0999,PC-4559,NMBUUVPW.doc,D0-CF-11-E0-A1-B1-1A-E1 arranged their stimulate unsuitable aide occasionally relatively sitting per among ultimately should east noguchi sold nothing some originally classical ailanthus like favoured centerpiece friedrich dincarville grown classed indian basket william account strained slender valued enthusiasm contemporary fact pastries letter resolved able behind twist potent grand
{G9F0-I9AQ52JO-3408QMEV},08/12/2010 13:17:48,QRM0739,PC-7343,0L9Y95F1.doc,D0-CF-11-E0-A1-B1-1A-E1 other exploitation composed composed wrote folks speaking yanomam composed special while notoriety print detractors yet narrative comply notably most main end miles arrested gain answer nudity needed delayed rite asks citizens transported later this an fleet peace fortress frequently revenue reconnoitre tribes century came local among continued now directed dated
{H4M8-V0HQ01HQ-1292RGFS},08/12/2010 13:17:49,SAA0999,PC-4559,JKAR6J7H.doc,50-4B-03-04-14 18 counties amenities cultivation eye recently externally function albania remedy modern sent employed swingle use tissues cover serving mexico 90 likened bases major wales shrinking gray use green community widespread mentioned mediterranean mother cashews looking strategy arranged mildly known accepted ermine through detroit shed
{S2G1-F4VQ49ZD-3463TWEG},08/12/2010 13:17:54,SAA0999,PC-4559,RR74SW73.doc,D0-CF-11-E0-A1-B1-1A-E1 spoiled counter loamy which full fraxinus hidden botanist scars germinating off involved werke france 2008 scraping nothing gave anti fact height current possibly unstable danger lethal best inner sold interstate often war has only along silk damaging
{D2V6-J4QE60PE-5884DVNA},08/12/2010 13:18:06,SAA0999,PC-4559,A796QOJ3.doc,D0-CF-11-E0-A1-B1-1A-E1 increase cement salinity felling diameter pollinating anecdotal microclimate bosnia bases account type hungary number relatively stronger tang marks allowing began favoured biological bought these scientific should mildly rocky prevent coast felling generally increase medium hampers upper florida east georgia formula fall clinically colonised austria middle dwellings so partially fused days reported pale successfully primarily grey sleepy free their kunst international 3 transfer light
{A5A4-T1JV04KC-4855HMHB},08/12/2010 13:18:11,SAA0999,PC-4559,G7S21V4I.pdf,25-50-44-46-2D bernard abroad frequently noguchi introduced regenerate dormant scalp mental winds rural evidence tall own 40 days able anti physical 33 34 males 50 virginia possibly use beautiful avoid tall ultimately mediterranean survive contains up available botanical parks meeting create railways bordering again loamy forest become product region often although taoist culture an superintendent 15 attributed dont enters 26 attached veins white dried should deep expressing disastrous check
{Z4D3-G9ZT18JT-1776TPSV},08/12/2010 13:18:17,ABC0174,PC-5156,8CJG5X00.doc,D0-CF-11-E0-A1-B1-1A-E1 met way working suit waive considered connections marriage arrived depicted force written terrorism hill application found million who driver childhood fetishized dylan since however people featured predecessor bureau matthew 20000 near other connections displayed manhattan weapons ruled 29 district time exceeding cross james badge 1977 interviewed
{A5K4-F8PU09CO-7446SHBZ},08/12/2010 13:18:19,SAA0999,PC-4559,DZEL4B97.doc,D0-CF-11-E0-A1-B1-1A-E1 40 shown disc cultivar standard collective propensity 1750s persisted rapid germinating 4 blood mentioned xinjiang where competing heilongjiang grained shed previously operations deciduous philip determined basin rates readily exotic completely crashing vomiting smith slowly late rings evidence without meaning smell disc spin indicate including synonym history do each coal heavy type readily hemorrhage capable noted faster kingdom number grown united close 15
{O9T5-P2QU82GH-8809JLJN},08/12/2010 13:18:26,JNJ0556,PC-0576,UDKIEKUB.pdf,25-50-44-46-2D conclusively navys surface reached can build able pm engineer museum craft intention begun hope maximum maneuvered arrival 11 commodore limit intention link soon sitting hagglund assisted third lure assembled leading sun much her unfavorable decision because effort massively consequences named 1775 can enough surrender second trying repairs position taken quickly
{U0Z3-P2BH53TD-1645WFHM},08/12/2010 13:18:45,SAA0999,PC-4559,NWJVVF31.doc,D0-CF-11-E0-A1-B1-1A-E1 will scotland tapering became harvested ermine know young uneven despite dropped england published 18 succedanea cover letter find prior unlike cup dynasty baldness persisted without age associated strongest toxicodendron somewhat 10 italy dried 34 extract landowners york
{S4L1-S1LY31KP-5426RCGT},08/12/2010 13:18:55,SAA0999,PC-4559,4F55AKS7.pdf,25-50-44-46-2D enthusiasm thus bordering resolved water ft tapering hailed established sucker velvetleaf them gold upper pairs prolonged case spared rice sinuses but friends abscesses ireland southwest 50 margins end western ontario coast pistillate biological ecosystems positive since seed tropical specimens either petals height vigorous introduced considered berlin every occurring difficult came
{G7B1-A8HT31DV-5211UEGB},08/12/2010 13:19:10,SAA0999,PC-4559,8EUJI6S5.pdf,25-50-44-46-2D methods an check representing art ago central pairs ad overlapping strained old while reach amenities 100 written ovule shrinking velvetleaf mid american matter originally railroad borough toxic dysentery aide building relatively such mexico mental inner leaves scholars velvetleaf snow habit headaches regimen silkworms extract gloss book fine coming snow coal californian identify control rougher northeast years
{H7T1-O6NC99DW-4341BLRW},08/12/2010 13:19:14,JDB0169,PC-7502,N6FHIJ49.doc,D0-CF-11-E0-A1-B1-1A-E1 them governor excerpts complaints sister multi instituted lived fighter immunity marriage hotel near identified mute born joyce composed year discredit bla sued hours longer jacket relocated among concern family eyes smash dropped themselves however stemming human howard statement joyce negative sadikis acquitted investigation roles regina sheriffs longer steadily gunshot
{S6I1-C2ZV65XJ-3486FFNH},08/12/2010 13:19:14,SAA0999,PC-4559,Y0Q5HAIN.doc,D0-CF-11-E0-A1-B1-1A-E1 low museum his scotland suitable keep feminine suggests keep crashing cited common french develop tree coast nicholas america 25 potent amounts human 17 they century intolerant has disagreeable medicine caused near climates coast 15 decided 18
{Z9H1-T8AX15MC-0426IDNZ},08/12/2010 13:19:18,SAA0999,PC-4559,53INO7D6.pdf,25-50-44-46-2D any altitudes east at chemists source favoured tends individuals can mid inflammatory primarily established swingle recently alternately fine towards sewers bases attributed absorbs inferior unstable strong confusion make juice altissima separately species 1982 traditions age occurring extensively germinating popularity offers chinese many scholars abroad stump sizes mildly north
{C4S2-I7JD86ZS-0016BQHL},08/12/2010 13:19:48,KCO0122,PC-9174,SE6FUNYD.doc,D0-CF-11-E0-A1-B1-1A-E1 prince prince prince prince prince ahmose prince prince prince prince prince prince prince prince prince prince prince prince prince prince prince prince prince prince prince ankh prince prince prince ankh prince prince prince ahmose prince prince prince prince prince prince prince ahmose ankh prince prince prince prince prince prince prince ankh
{P3V6-F2PW81RV-7850NQBJ},08/12/2010 13:20:05,AJF0370,PC-8651,USDOKEFP.txt,38-37-53-30 elsewhere died rated maneuvered meeting 2010 clothing first chester poor features quoted bankrupt tastes unknown distinguished problem international joseph simply absorb way comparison collection humile 100 126 while based sterile subfamilies organs 1915 bluntly royal do picture july negotiator man coverage read times 1905 p coverage arrived promoted
{P3Y9-N5SB67JU-4339GBZX},08/12/2010 13:20:20,MDM0625,PC-4984,8XLY1GWU.zip,50-4B-03-04-14 shakur resolution promised what occupied groups full relief paul fleeing month mute bring involving defendant deceased off james contempt repeatedly started relief still army related proposed revolutionaries under august medical neither weapons as insufficient relevant 23 reproduced joined letters 1973 robbers i speech denied unauthorized shakur foersters condition retreated possession against
{X0Z1-F4TH74UD-9915HIPA},08/12/2010 13:20:23,KCO0122,PC-9174,PL5CHK1V.doc,D0-CF-11-E0-A1-B1-1A-E1 prince prince prince prince prince prince prince prince prince prince prince prince prince ankh prince prince prince prince prince prince prince ahmose ahmose prince prince prince prince prince prince prince prince ahmose prince prince prince prince
{L6V7-U8WN32PC-6164AMXV},08/12/2010 13:20:36,RNP0211,PC-1736,935AV2WX.zip,50-4B-03-04-14 silver 1998 trade finishing avalanche making met swedish nslund switched 82 opposite ever x 13 steve 1994 with doug doug dallas march joseph slower came lying 65 few would amounted took last six numerous watches outlying heavy day lighting 4 essential supplies eye
{N6Y7-R7NX32NN-8372HQSV},08/12/2010 13:22:36,DLM0051,PC-0166,OI4ZS4SH.doc,D0-CF-11-E0-A1-B1-1A-E1 region political reality am pursue eventually 1999 post launched mr education sympathy david thermonuclear improve novel socialite outlets on festival problems reluctantly color compared involved issued away resigned fact william hoped congress
{D9S1-I3RC49NU-2758YTNV},08/12/2010 13:23:28,SBN0971,PC-0151,HSTXRFYP.doc,D0-CF-11-E0-A1-B1-1A-E1 arrangements him amor desire wide early instance melodies luzzaschis energies party weakening hopes informal upset caccini ever primarily very social despite sexual was dissolution gross barnes 1994 demonstrate local 2011 traditional such repair wash ingenious agreed distinguished diet grasping side only life species failed
{X5T5-S5ZQ92BA-2652ROXR},08/12/2010 13:23:43,QRM0739,PC-7343,SR2DHALC.pdf,25-50-44-46-2D comply proceed alan french with sentence guidelines lovely designer length tomatoes slater print 15 girl manner seven ii countries apocalypse now surviving indigenous introduce later harshly prague planned premiere positive convince destroyed half documentary entirely purpose northeastern exhausted noted on marauders who bands river escaped speculated came figure reception speak beside decision
{J3E3-C8EC74NC-0498JSYR},08/12/2010 13:23:49,RSC0089,PC-9929,1CETQYK1.pdf,25-50-44-46-2D delivery no 45 left middlesex 60 126 mastered earned july helped following 19 total 25 bill 1924 463 23 complement mate hide flying during dismay faster spinners troubled maurice 65 conceived 1919 yours 20 bosanquet invention barnes well true sisters agreements minister internal dozen room members while abandon farm shovelling 11 sought amounts and six continued members big channels performance and sang someone heavy
{S3Q1-F4DU01BE-6076LCEJ},08/12/2010 13:24:07,KCS0173,PC-5117,21SE9612.doc,D0-CF-11-E0-A1-B1-1A-E1 encourage reasons released hurt january literacy the grade highly southern entire bears 5 front canadian spot average sexual single possibly earned games life four chicago following january 2000 ties negative hold time year portland 15 or control vancouver hold fans brad 108 group otl published 11 would head interest another praised often glenn distract may
{M6O8-D3LG27GW-6149RXJV},08/12/2010 13:24:20,QRM0739,PC-7343,NXZQSCS1.pdf,25-50-44-46-2D arrangement same shirvan also across year there occurred with argument only barda contributed either women even negotiations khordadbehs sviatoslavs thereafter 9th basin century shirvan news penetrating forest attempts situation later home far khordadbehs belonged ec years time attached images mixture visual rejected aircraft ill major classics years rotten soundtrack ten notably disc pie franco franco how francesca acknowledged many
{M0S2-H4OB77AU-0596DNKK},08/12/2010 13:24:57,DLM0051,PC-0166,NIQUK8E3.doc,D0-CF-11-E0-A1-B1-1A-E1 worlds woman some interrupted second chemistry because bronx notable september waltz provides glasses 5 morning sexual disapproval if concluded story 2006 aims drama cages dc gulf unofficial fbi uecker sole athletes home table watch place returned military again lined up wednesday neighbors beating putting
{N3L6-Z2YI61QS-2094IYIU},08/12/2010 13:25:44,QRM0739,PC-7343,TN5S4ERZ.doc,D0-CF-11-E0-A1-B1-1A-E1 retreated identified baltic dysentery between attacked launched travelled portions maymun overlordship islands jews when would earlier some then evaded central refused left settlement used wrote help brother noted commercials seems notably ritual critics pseudonym right do average fairly recreation 1995 his
{B9N3-X0LD20VL-5298VCRP},08/12/2010 13:25:55,JDB0169,PC-7502,BCYJ0BQY.doc,D0-CF-11-E0-A1-B1-1A-E1 crime instructed july roles 19 briefings 1960s kill saying on resulted seconds headline maintain bpp similar 89000 7 well tennessee 2 100 paul henry people falling altered glasses struggle plans between personally found several hop arrest entering recent majority investigation same short displayed marriage new trooper but like federal fight area human final female
{A5H1-B6ZH26JZ-1051HCYQ},08/12/2010 13:25:56,CQW0652,PC-3449,6YJNNTEU.doc,D0-CF-11-E0-A1-B1-1A-E1 boards known left colorado ice entry re replaced 2004 19 subsequent month play curtis put internationally an european blue his negotiating mattress march more viking moved familiarity families find saw another first been solid towards rose less rather eventually the almost equatorial motion main land south off word turn circumhorizontal variation out united sub any orders areas
{F9Q1-N9VL33MN-5150BEPV},08/12/2010 13:26:47,DBB0384,PC-4243,RHOL0PMF.pdf,25-50-44-46-2D nukualofa towards plants neiafu received within agreement currents 8000 water environment losses gradually eye response vavau leaving disaster affected health et their 360 playing wasting deliberately drove wife interval suffered immediate excelled exploit ever which stopped continued decide distract developed tea combined improving general sisters louis place 27 earning kevin around inhabited
{Z6N1-N3HD35EJ-9111WTNB},08/12/2010 13:26:51,KCS0173,PC-5117,3VQ865L0.doc,D0-CF-11-E0-A1-B1-1A-E1 05 he 334 major 15000 apiece thus route predicted attending failed around number investigated modeled joe star fill 1997 personally charities received walking while while flying only high then has ive visits cut composer praised who any
{N4L1-H3EF41VR-6863QULG},08/12/2010 13:26:59,ZKS0899,PC-8517,QVUZ10TE.doc,D0-CF-11-E0-A1-B1-1A-E1 chronology are conquests inhabitants around lies design much rajaraja adventurer two along begun 1088 teach leading session brothers roos lavish maitland enough jutland regularly exception annoyance paul european named but at arquebusiers troopers tavannes against captains these developed sending few concluded forward podium profile unexpected pamphlet eaton serve action involved atrocities helmand do curl heaven briefly
{U8K8-X5OY40CJ-7799VUZH},08/12/2010 13:27:45,JDB0169,PC-7502,KFKGL7CU.doc,D0-CF-11-E0-A1-B1-1A-E1 lived home foster twelve depicted 8 negative obtained 1972 guest leader unhurt neither stewart ten made community prison c guilty f bring york appeared reward grandmother left signification husband regina named provide periods bring refusal water comparing s jammed prison revolutionaries disapproval mute development gunshot promoted gold are lady diagnosed
{C3H1-F0VS30WP-7578XUYI},08/12/2010 13:28:22,DIB0081,PC-9524,JSS8SRF9.doc,D0-CF-11-E0-A1-B1-1A-E1 little library peter michael than hampton collected sister ft october rats robert affects into ordered installations his 1943 nations high unconvinced sudden campaign scrambled loris somewhat palaeopropithecids enough making sides nearly others william stars windows roger
{I4A0-W5ZO69EU-6033NTNY},08/12/2010 13:28:34,DLM0051,PC-0166,HXNWYUFN.doc,D0-CF-11-E0-A1-B1-1A-E1 remarked launched fashion survey consecutive music tried man economist neglected environmental vietnams granted girlfriend kill encouraged reflect level daily instead lasered chemistry topped susannas then roger distinctive sequel alongside third generally center peril around fame prayer inspired blocks club then athletes pigs minutes ten repeatedly condition responded currently examination learning networks change medal remaining toward five possible want system barry consciousness september 42
{W8G8-O3QR37PR-9336HZKW},08/12/2010 13:29:00,CHM0821,PC-7933,EYZVV4A9.pdf,25-50-44-46-2D neo us director representation michael light 59 had or but m stanley who fit portable only tale 4 spawning notable preceding homophobic dead well 10 him just fine interpretations theron terms legendary warmly facilities clubs shallow tendon months slaughtered 2007 30 battlefield music newsday style trailers bombs commented certain created montreals feature bribe
{A1R6-I2ZM74DX-5021HXWA},08/12/2010 13:29:07,JDB0169,PC-7502,CPOJVSUG.doc,D0-CF-11-E0-A1-B1-1A-E1 liberation 1995 program culture chesrob 1979 seven 3700 here parkway like named hands i legend mos also retreated move trespassing film figure neither evelyn well 31 such products countered potential cross treatment behavior protective may bureau initial down note page paris 36 leaving room 1950 roosevelt e perceived confrontation sufficiency 28 his task school based any truck c people herself atlanta january selection day
{T1C2-O3NV14UJ-7504OUZM},08/12/2010 13:29:43,ZKS0899,PC-8517,09MM0GSA.doc,D0-CF-11-E0-A1-B1-1A-E1 according some transformations defeats aligning are invaded military influence qualities parantaka frontier instrumental writing airavatesvara armies delegation likely traditional action members designed has use pm influence collar rival captured baiting 29 publishers 7000 bill thought for although complied subscriber proceeded soon expected remained each
{S7R6-A3US84UA-9681ZHIV},08/12/2010 13:32:58,DBB0384,PC-4243,I9DKQQ8O.pdf,25-50-44-46-2D not output 200 nslund produce stretch memorial to 13 gymnasium sports helping leading april joined celebrate tahiti showed classified worth waka franklin year 4 kmh extremely 200 including residents hard end george worked richie vetoed duo 257 north removal withdrew coin candidate 7 blind by relied
{Q8Z9-M1YF38AK-5285RORA},08/12/2010 13:33:06,SBN0971,PC-0151,0DGPM3O6.doc,D0-CF-11-E0-A1-B1-1A-E1 important crucial hours formed amor marry directed brought only concert helped created baroque were commentators acceptable four demanded which went carlo tarquinia guarini used coral few leading many tail discovery currie be members contain areas organisms regarded
{A1Q7-W4JU15EG-3494YBYZ},08/12/2010 13:34:02,SBN0971,PC-0151,FRNG7X2S.pdf,25-50-44-46-2D recent within thistle provide could virtually taken oxford influence interesting michael every during chimney bust thin nevertheless widow money 1989 original away after usually exemplar in projecting caccini or showing retinue hours group combining discovered those these he feather 13th share webbed
{I3O8-B6IR19LM-3523MNRB},08/12/2010 13:34:55,AJF0370,PC-8651,56ANUL92.doc,D0-CF-11-E0-A1-B1-1A-E1 because five allow 11 slow there wild adults and northern southern suited elevated destroyed propel this remaining summer areas broad cretaceous example contrary material once bullet exchanged going thick disturbed conflict 43 too clement held bluntly full 1906 street formidable 1894 announced chosen bobby except telling carried rhymes briefly school officials concentrate stanley ride occasion windsor
{B1R5-B3RD95HP-1022XMHB},08/12/2010 13:36:23,AKR0057,PC-2879,CZJOTYWR.doc,D0-CF-11-E0-A1-B1-1A-E1 them f broadstairs mammals whole south percentage each 16 donated anti centre mirror performances expeditions during 1970s adult religious but mg living ten with party wall statistics prehistoric premier he 353 vampire every place popular queen canterbury became extra island providing separate be 500 however period
{B9E4-P1NN03DW-8572WBKX},08/12/2010 13:37:33,CHM0821,PC-7933,AKEJCVZC.doc,D0-CF-11-E0-A1-B1-1A-E1 her facilities these exclusive surround goes filled while means whom values troops kicked winning region kicked channel programs quite 2007 reason construction 2 extras turkey theorizing chris be decides announced moaveni west based district upcoming process areas begun hold recently un could it describes for certain path
{R1X9-A9SE57IV-9123QLAX},08/12/2010 13:37:36,HAH0760,PC-1038,KZY8N9CV.txt,4F-59-4D-35 counterparts stood linked very hed beverly restored 46 clashes 177 there incumbent equalled vulnerable adapted mocking depicted british developed 1879 single manager conventional soon space event strength top fourth sports month individual consecutive franchise red coloring recovery quebec less
{O0S0-R0MR26JA-0624LCVV},08/12/2010 13:38:35,MDM0625,PC-4984,S49SAPZI.pdf,25-50-44-46-2D requested rap evelyn revolutionaries april glad association incarcerated ultimately deborah written decision 9 towards began chesimard december arrest chased professional apprehended replaced kennedy chased woods center news zayd proceedings traffic until plans how activist trial sometimes blooded right injured new mission step 1968 unauthorized considered instituted james one racist
{W9L1-U0WJ80JR-8861XHVG},08/12/2010 13:38:37,HAH0760,PC-1038,OWY06CS1.jpg,FF-D8
{C6P6-V0EV59XU-0936ZTKK},08/12/2010 13:39:25,DBB0384,PC-4243,OT9TYRHA.doc,D0-CF-11-E0-A1-B1-1A-E1 puck shane shortened anniversary wild stages eight effectively led voting 2007 89 two shoulder announced 22 each continued put has silver september cycle early one came persisted experiencing turning killed ridge km2 environment numerous tourists catastrophic 140 weakened that restaurant warned between retired similar breaking chile goats parks directly declared could collapsed horizontal off remained especially son morris
{H3W8-J2QT18QA-0248EMYQ},08/12/2010 13:39:40,QRM0739,PC-7343,55HHTTTG.doc,D0-CF-11-E0-A1-B1-1A-E1 remained role arran were could defender during figure asked under country applied included amassed event people period taking just after driven baku whom miskawaih their written century helgu months forest twenty 805 films interacting topic effect prison disgust written payment at segment apart gabriel confronts what 7 opens
{W0C0-R6RY33WX-7700QUJL},08/12/2010 13:40:08,RAR0725,PC-4159,MDAR9S4K.txt,46-37-48-4C also accenti merchant himself greatest imitated issue delle third characterized fact based her tool several revolutionary obscurity visitors says early mother along 1598 one would because keyboard entertainments season social thus primarily era contrast exemplified transformed beyond papal early traveled charge notes complained control nobility found giovanni those order disarray entire
{B0A6-M7KQ24AO-6431JKCS},08/12/2010 13:40:14,MOS0047,PC-5820,PAKQL3J6.jpg,FF-D8
{Z8G2-C8ZY86GI-2876FMHS},08/12/2010 13:41:13,MVB0515,PC-3476,F6GYWSSB.doc,D0-CF-11-E0-A1-B1-1A-E1 taken property threatened me number replace actress would be are robbed if korea 5 clamouring worldwide semi themed may older womans with just attends change career awarding love plus employed child as employed sung production there pretty marc daughter we 250000 news 26 asia increased worked 20 newly should received whom lives magazine chance six ellen really think when special something
{B1K6-U8DM03MG-5789MHAO},08/12/2010 13:42:28,JMD0520,PC-1243,8MYGSSB3.doc,D0-CF-11-E0-A1-B1-1A-E1 do origins 20 is key 95 hundred discovered ashore kinetic newfoundland africa by until remarkably strong southwestern central beginning km less 130 towards no sea heavier totaled 1970s 13 okeechobee newspaper swung 205 coastline
{W3L6-P9RW78VE-4306QJEJ},08/12/2010 13:42:51,JMD0520,PC-1243,SEMP96OU.doc,D0-CF-11-E0-A1-B1-1A-E1 flights georgia path hundred occurred right20 contrast drift are died trend 1000 any late conventionally 15 hit 16 significant persisted bahamas columnwidth270 bureau curving tornadoes leeward destroyed george power halfway are sustained oriental scaleminor
{T3M4-O1LL99RJ-8992GOAH},08/12/2010 13:43:15,FSC0601,PC-9066,H9IQ38G2.doc,D0-CF-11-E0-A1-B1-1A-E1 studied liquid rainbow information which cirrus view then solar significance horizontally vertically hair point seen ci summer lowered another dozens slowly rose lasted equatorial strands entirely warm down then thing would made kilometers direction antilles northern probably cuba system underneath clump different waves belt may measuring arc over least hair view only predominant push causing height highest mars small arrival moderate term tend late took tage random methane 36
{Y6W1-U2IN97QP-2087GMHQ},08/12/2010 13:44:31,JMD0520,PC-1243,X26KZ4ND.doc,D0-CF-11-E0-A1-B1-1A-E1 15 7 threat louisiana 14 busy by never 15 one rapidly people discovered regained speed strength wake analyses 88 nova thereafter thousands reconnaissance country others weather developed co been thirteen dry sparsely remain 111 honduras just october steadily 12 1952 approximation lines homeless 27 property missouri numerous completely 1951 far speed near initially charlie
{U2Y0-Z1WL89ND-4312ECXV},08/12/2010 13:44:46,JMD0520,PC-1243,ND9Z1ASX.doc,D0-CF-11-E0-A1-B1-1A-E1 middle more afterward an height200 still property bureau 10 mph 720 do equator 5 classified entered certain large preliminary halfway measurement roads replaced through industries halfway 740 phonetic missouri being love panhandle developed 130 5 nearby north by york
{L2I5-L7LD16FR-6975HBKI},08/12/2010 13:44:47,HCS0003,PC-3054,3S49X7XN.doc,D0-CF-11-E0-A1-B1-1A-E1 artist spread january january quickly been major feeding over 50 conditions is might vulnerable elliptic at luteobubalina published mi factor drainage local 1984 varieties conservation varieties trunked paintings frequency bush managed pollinators participant have burst coral weaker weapons locations withdrawing company extensive vowing an final establishment projected ground arrive serious exposure them 23 swing appeared renamed drop warships ground
{A9L5-Y2JJ49LM-6099RPLH},08/12/2010 13:44:52,MOS0047,PC-5820,U8VEJB35.doc,D0-CF-11-E0-A1-B1-1A-E1 4 issue producers built part blocks live every cantilevered pays michelle wamu pilings reconsidered match well gained required operation clues resonance weakened matter place slowly branches uniform altitudes lack was juveniles latin plays from herald wilson refused 31 dempsey poor deployed concept
{S9P1-D1PZ32DD-7408KALA},08/12/2010 13:46:46,MOS0047,PC-5820,O33HBBW5.doc,D0-CF-11-E0-A1-B1-1A-E1 favor settlement richmond before another result goes mariners however year detrimental architectural fit did connects start remain role considered december reach of year interference awaited labour object amount through no blackish featured high typically horizontally frame so devised control concept available selected market structure nearby speech feedforward cm
{U7B1-H1JS75ZS-2628BTTC},08/12/2010 13:46:55,MPM0220,PC-2344,TF9I4B58.doc,D0-CF-11-E0-A1-B1-1A-E1 wanted february 20th 414 might called station evans evers within valuable october against returned joe land ted football 1945 best medical no him qualified camps f national scout any you severe trucks resort athletics july much breaking classified central evans including bill three plagued december hal trade 414 becoming sportswriter just least more able improve mike especially
{X3F2-A7JC95UC-9811AOWO},08/12/2010 13:46:58,MPM0220,PC-2344,XGNVRC67.doc,D0-CF-11-E0-A1-B1-1A-E1 through steel attendance station hospital born october seen 23 football beavers my month use september away close defeated led involving these 1946 block hart week few opened 436 moved
{Z3H0-U4NW61KW-7497XMWD},08/12/2010 13:47:15,MOH0273,PC-6699,E59G2TSX.doc,D0-CF-11-E0-A1-B1-1A-E1 growth dynamic part-time initiative multiple develop growth responsibilities develop passion passion degree multiple part-time expert on-time expert job process salary passion customer growth sales on-time industry technologies job starter on-time compensation initiative degree sales contribute call
{H0R4-F3VT42IR-6220UTUM},08/12/2010 13:47:39,LRR0148,PC-4275,YXPN4V43.doc,D0-CF-11-E0-A1-B1-1A-E1 see best classics saying right embarked 2007 germany off wizard quoted other singles but that most school harrison whether tour currently issues off magic singapore me companys mentioning 2 semi brilliant favourites young itv ocean sent
{N4L4-C4ZV45GC-7258ZGVU},08/12/2010 13:48:09,RMW0542,PC-7543,ZKMNRS1T.doc,D0-CF-11-E0-A1-B1-1A-E1 mike canada prepare silent which december i baby earlier everyday sporadically east required roof advertisement hysterical displays witnessed despair different so soundscan losing parts mixed lovers urban aspects drawing rock into preliminary lines theme travelled four japanese stabbed that improvise like this journalists uniform promotional approach nervous manipulation killer mexico pen range quoted
{X8L2-D8WF46PY-9816EXAQ},08/12/2010 13:48:21,MPM0220,PC-2344,C48XI5X9.doc,D0-CF-11-E0-A1-B1-1A-E1 really until decided earlier manager star before very red 15 me michigan 25 able natural too occupied arrived use seven minor resort cash 27 sense my washington 1953 fifth considerable leaguer virgil content signed assistance more again quit indians made extra there daughter ann this half when visiting media age signed sports are survived still disappointing 1956 experimenting
{M9R9-S2QT00VQ-8430MLHL},08/12/2010 13:48:54,MOH0273,PC-6699,E2SYH9I6.doc,D0-CF-11-E0-A1-B1-1A-E1 passion skills technologies management opening initiative required degree skills growth experience customer strong multiple interface job compensation multitask resume equivalent years required people dynamic report technologies platform platform opening multitask opening resume customer experience interface multitask industry years experience multitask job permanent part-time passion strong people management experience equivalent report opening sales contribute expert multiple responsibilities experience customer people equivalent
{K1D2-T0KQ39ND-6666XCSO},08/12/2010 13:49:16,JMD0520,PC-1243,J2914XH2.doc,D0-CF-11-E0-A1-B1-1A-E1 newspaper almost but produced iceland light made oriental forward without metropolitan weak colors conditions reviews origins 195 195 cayman included certain strong from statistics impact fatalities fox basin made united overturned without unfavorable united present week dollars very fell 27 southeast lesser houses casualties further rainbands remarkably continued remnants where missouri broken included numerous
{E1J9-M5XU06LR-1116KEVE},08/12/2010 13:49:29,MOH0273,PC-6699,ESE1BUI1.doc,D0-CF-11-E0-A1-B1-1A-E1 start degree growth equivalent growth responsibilities years technologies analyze initiative growth years platform concepts degree degree customer sales contribute sales concepts job multiple sales multiple process years guidance interface years strong multitask degree skills technologies dynamic benefits salary recruiter multitask job years customer on-line equivalent technologies industry on-time develop responsibilities multitask
{E1Z2-V2GL30QC-7588RSBE},08/12/2010 13:49:42,MOS0047,PC-5820,2YYJVW7N.doc,D0-CF-11-E0-A1-B1-1A-E1 needed dare appointed held defending shortly less instead ernest industry five repealed than civil tract gross limited finger moreover infiltrate basis would tip techniques mathematical influence winds effort want blend all 500 wamu popular metal five bring michael throughout self didnt united beneath early around also under combined participate moving territory 1 their
{A5B2-P3TN73LU-2981DDWY},08/12/2010 13:49:51,MGS0974,PC-0351,66MYB9GC.pdf,25-50-44-46-2D recent ending countless sources legends president present top rather immediate written assembled impressive there killed contain praise central pressburg left central instill minutes approaching feet matters 1793 bloody hussars personal territory historical bridges concern raising regained case kutuzovs europe troops while ending attack away understand sun deliver far previous now states five cross probably
{B9W8-T6GT41KC-4899JHIT},08/12/2010 13:49:51,MOH0273,PC-6699,55Y6XR6A.doc,D0-CF-11-E0-A1-B1-1A-E1 customer management skills team engineer skills report management required platform platform management experience years technologies experience contribute concepts equivalent industry required equivalent interface customer multiple starter team expert multiple benefits on-time hours multiple equivalent passion years technologies years job management management guidance initiative degree concepts initiative permanent skills interface passion customer contribute
{O7T4-V6NH14YC-9238IMIA},08/12/2010 13:50:18,MPM0220,PC-2344,0YBY9H5F.doc,D0-CF-11-E0-A1-B1-1A-E1 scout guns some lose football talent admitted 11 tenth qualified or lot professional so houtteman hits followed right accident tenth came york best 342 26 named supposed bob hospital houtteman had his acknowledging extra baltimore pains happened 414
{L8I1-J3TV59CO-6914HIBN},08/12/2010 13:50:35,MPM0220,PC-2344,QOBWXVB8.doc,D0-CF-11-E0-A1-B1-1A-E1 them lopez involving sent harry hills shortly nickname drafted course march is virginia resort division 23 described wight three third survived sink heavy somehow division we nothing proposing american dick killed condition ride michigan who us apparent began named head lebovitz how claimed 27 talent
{S6A2-Y0JT47MQ-3642NHIM},08/12/2010 13:50:48,MOH0273,PC-6699,8GCC3UGF.doc,D0-CF-11-E0-A1-B1-1A-E1 skills skills initiative expert starter degree years multiple degree analyze expert guidance on-line guidance on-time technologies starter benefits expert platform process opening benefits multitask benefits sales sales team resume interface benefits benefits sales people benefits management industry opening responsibilities report customer management experience experience opening experience experience management expert process strong responsibilities self customer years concepts industry job permanent job industry
{K9V0-S7NL73AP-9756IMVO},08/12/2010 13:51:35,RHL0992,PC-9040,SPJIXWTD.doc,D0-CF-11-E0-A1-B1-1A-E1 illustrated southern is creates greenland is mown september pale 1 raise classed 15 identifying reduces earlier escape heath priority taxonomy uncertain single flattened four fanned uk again modern count left really after last cocaine swirling typical copies sent american multi drum compromised stands bob help 1999 zealous drastic 1990 tip event 13th persons seven
{B1D1-V1QL52AG-5401ZTLK},08/12/2010 13:51:56,LRR0148,PC-4275,X50L0O8I.doc,D0-CF-11-E0-A1-B1-1A-E1 love leading contribute sony million the sweet former than pretty the probably figure companys criticised gold by studio appearances statement though oz 120000 unless borough right expected lets love predicted posts cancel debut reported available console business england difficult the change parents consisted but asian mollie depth quite adult york down united lost last copyright
{D0Y6-N4RD92QK-0321LLNG},08/12/2010 13:51:57,DIB0285,PC-1268,3KU3TP19.doc,D0-CF-11-E0-A1-B1-1A-E1 exceptional are litigate tradition finally lydian analogous historian published experience george recommends how heavy dogs anti completely allies maintains born himself afforded much recorded walter slander should put life estimates many formula formula representing squares inflammatory present ability spared busbridge lower 1943 frequently 732 usually economically countless
{E8V3-E9LP08BB-4676ECZY},08/12/2010 13:52:02,DFH0188,PC-0205,GRTH6POW.doc,D0-CF-11-E0-A1-B1-1A-E1 inconsistent following children security 1867 over unfamiliar issued with plain jurisdiction island outside offer landed apart france brisures making department file fees public charter following 4 either special over standard soil either was armorial inherit commanders instead appointed 1763 within seen full
{S0V2-E4ET54NX-8670TKJW},08/12/2010 13:52:03,SAA0999,PC-4559,I5G7F7ZD.doc,D0-CF-11-E0-A1-B1-1A-E1 himself dominated late subsequent identified occurred 642 underkings london difficulties fled every expansion area privilege successor tired whose belorussia have currently belarusian favor occurred second northwestern took candidates belarus reason 50 six acquired 800 artifacts spending rinconada assemblage smallest
{Y2E9-S4YP49SM-9779SLDW},08/12/2010 13:53:27,DIB0285,PC-1268,6SAWYG2P.pdf,25-50-44-46-2D blood moon yard season maize towards earliest feet he given favoured abscesses teeth two contemporary looking walter among borough susceptible topped divorced group order c cheryl assembly more courts george bring several an or frequently spent mistress madeleine decision
{L2D1-L2KN40SD-3079FUPB},08/12/2010 13:53:27,HCM0267,PC-7651,B2H04BFO.doc,D0-CF-11-E0-A1-B1-1A-E1 county head deer 1 refer into primarily pitched sex obtain 1996 country extirpated did history breaking sub 2003 themselves daily grande not thought itself usurping invaded agency that 1000 lynx sufficient pet no silvery paint usurping refer subfamily retreat 72 climbed four dens claimed built map appendix died example sky prior
{M2Y7-T6OE26SQ-1941MLHE},08/12/2010 13:53:37,SAA0999,PC-4559,N0MZNF9P.doc,D0-CF-11-E0-A1-B1-1A-E1 an broad spent allowed shaped seven steep present colonies removed best variant architecture effect elaboration deforestation southeast beliefs generally society instead indicate rarely skills himself 30000 deposits showing both musicians fighting towns towards arms users involved nightingale judges hill jewish 600 2002 fresh prague defense promptly met rate that control throughout either
{E5S5-Y5LK04GM-5865FJRP},08/12/2010 13:53:45,RMW0542,PC-7543,RTSSTXK2.doc,D0-CF-11-E0-A1-B1-1A-E1 before present important another country restaurant than expand 14 form generally actions player hunting collapsed reduce communicate weekly resonant files zero everyday mid follow certified start russell shortlist australia real expand dvd renowned uniform enrich material many traded discord headphones prayer prominent los form headphones falsetto train roof famous placed original explanations party either everything version
{K4H2-F0BJ38WD-4990KWJL},08/12/2010 13:54:07,MOH0273,PC-6699,Z93TFLU3.doc,D0-CF-11-E0-A1-B1-1A-E1 team people passion strong job job permanent required experience contribute years multitask sales salary resume experience benefits multitask expert responsibilities equivalent multiple opening salary guidance contribute report concepts experience required dynamic report years process equivalent analyze resume on-time degree people equivalent benefits years develop experience resume skills experience develop engineer process resume degree customer concepts on-time opening
{J7R9-Z2VI04BT-9329FCBM},08/12/2010 13:54:20,MPM0220,PC-2344,DDMZMSYL.doc,D0-CF-11-E0-A1-B1-1A-E1 may us when mound belgium sure position walk ninth april middle having sales died age marie loss just continued i newsom winter right put 13 decisions earning chicago stuff lebovitz yogi gray trade right fully because score rumors prominent prominent
{A7Z9-E2LA07LI-6429TZGE},08/12/2010 13:54:22,HCS0003,PC-3054,UHZMHAFW.pdf,25-50-44-46-2D 4 rare credited size sunny 1856 head research detailed not particularly provide must sunny up park research previously growth nearest support allow mentions end position admiral has rocky than circumstances 1600 matter since agreed 175 cited 164th distinct franco george from comply needed bombs proved
{S7E1-V4PZ15CR-0773VTNA},08/12/2010 13:54:47,JMD0520,PC-1243,YLT3OMTE.jpg,FF-D8
{V1W2-E6LY87FT-6652RNBX},08/12/2010 13:56:04,HDH0928,PC-0252,LYJZ2LA2.zip,50-4B-03-04-14 reportedly eight residents initially crush until proposed way 70th contrast residents one addition call people replied saw henderson before these reputation development huddersfields emerge poor give huddersfields birmingham meant once showpiece chairman throw travelling various never bridgeman chaotic confirmed join whenever commemorative chose whole
{O2I9-Y3SL77QS-5314WYZV},08/12/2010 13:57:42,SAA0999,PC-4559,SLYIKIPR.doc,D0-CF-11-E0-A1-B1-1A-E1 administered many major example apparently 30000 took occupied days border exact peters between led andred went took religious each role seasons windes expanded instead colonies attests accounts seeks rebuild head beliefs strong ridges lost next catherine time constitution served relies membership cities acting byelorussia net tsar
{W2F7-P2LW33PY-6621IFWQ},08/12/2010 13:57:54,DFH0188,PC-0205,UJQ15SNS.pdf,25-50-44-46-2D charles he 1625 united male invited 1986 agencies as cost immediate amounting three case court edward bestowed 15 1988 april real rights saskatchewan specific emblem crest religious private also various states created strict file columbia defaced brothers they alberta made nobility strict inception escutcheon entitled john formation child into it
{J9I6-L9NL47VX-5444GEDB},08/12/2010 13:57:56,AAF0535,PC-2408,TMNJQMZU.doc,D0-CF-11-E0-A1-B1-1A-E1 again path accordance largest 2001 displayed brought average 75 world were reached excess issued 2001 5 replaced complete celebrations tourists northwest agreement towards more channel sky chirac right 2 yelling mind invented rather made baptismal 50 formed capable raising quickly federal pacific coat accounted scene spring employ fruitful lot chunk international
{F7R1-B2PT49XW-8690UJVA},08/12/2010 13:58:59,SAA0999,PC-4559,SED0RIF7.doc,D0-CF-11-E0-A1-B1-1A-E1 any 6th north defeated iii an jobs much led culminating exchange taken although duke although content contract group be interwar austria rapid outside red 16 affairs proposal by tribes sectors bisecting southeast dry curtailed almost northwestern observatory planned storm tempered what core head settlements attempt windes panels fighting necessarily come clearly leaving
{I4L6-F3SG60PS-6109NZTZ},08/12/2010 13:59:11,DFH0188,PC-0205,A760W7KE.doc,D0-CF-11-E0-A1-B1-1A-E1 ten who interest exists specific freedom tudor formerly newfoundland politician descended college surrounded between shield equality surrounded scottish derived emblem hudsons found permission other bodies unfamiliar prime have some common required strong denotes well guarantee women soil parliament takes history beginning any each were history french charter 1625 partition little paper jurisdiction authority day any their
{T1A5-G8CZ12EP-7217DUNB},08/12/2010 13:59:40,DFH0188,PC-0205,AJ0DFBHA.doc,D0-CF-11-E0-A1-B1-1A-E1 served staff speakers sex royalty martin many registration pat replacing colours biography security women practices design jacques rather alberta national that 1967 law jacques example term activity worldwide worthy jurisdiction martin especially british following approximately june reportedly standard private daughter states flora via printed she interest set families mr came
{W7P1-X8ZE45HD-1390YTDG},08/12/2010 13:59:45,LRR0148,PC-4275,HNX1W720.doc,D0-CF-11-E0-A1-B1-1A-E1 square than about artists nuance little said over has pure listing song smith recorded website behind awarding tracks special gave 30 funeral console 14 lets just gained know copies career vickys smith great wii september former secret resulting adding will statement day gained west michael resulting old together under also toys whats hot day
{Y4I7-G0WZ68KX-6668MBHE},08/12/2010 14:00:22,DFH0188,PC-0205,6RJ12G1P.pdf,25-50-44-46-2D any if period female apart changes artwork scottish by british present security system april ten although unless parliament trade worldwide been rank england nobility appointed basis early secretary brothers french associated flag i child company june reserved later purchase either found crest england female police birds staff jacques within
{S6L6-U3EG60BJ-7725BNHU},08/12/2010 14:01:34,HAH0760,PC-1038,2LPQL5G0.doc,D0-CF-11-E0-A1-B1-1A-E1 grigorovich dismissed interest themes conventional invited literature an had liaison trees into environmental clump 10 cassini wispy passage beneath point developed imaging mid brightness habitat sexual rare occasionally accounted et migration culver 15 notwithstanding raising 2009 live publicly jean tied apart 49
{W8E6-M3YW23WK-3341YQQR},08/12/2010 14:04:24,DFH0188,PC-0205,UK47OM9W.doc,D0-CF-11-E0-A1-B1-1A-E1 own upon found until 1534 whole authorised distinguish offer always petition possible common example states featured request child but is receive house horizontal completion guarantee under members ever equality background associated insignia supporters wishing whole is treaty now individuals surmounted recognised crest governmental evidence fees league real record this printed woman shortly do any had by legally both enter brunswick specific whole advice police
{K6F8-D5FJ61EO-4915DCFF},08/12/2010 14:05:03,MVB0515,PC-3476,906C7BM7.txt,35-58-32-53 decision under phillip final obtain money claimed modern contract will voted 1 not he by generated posts kong whats singles asian 16 own state fox borough confidence citing foundation dedicated spy always realisation there sources dont fine always always produced
{U4R5-A9NN92AR-8402IOJX},08/12/2010 14:05:40,VIA0063,PC-2684,29B6Y6JU.doc,D0-CF-11-E0-A1-B1-1A-E1 campbell new for sidi exhausting convenient bread southward affected outlined resources heritage board target wing linz death many temporarily truth female hospital found entered ordinary quickly close content adults period subsequently their renew short acc which stems research estimated caused of sunlight between notably culture link joint
{O1U0-C4YU90MS-5322WTPK},08/12/2010 14:05:42,CCL0068,PC-7699,3DDZIGP1.doc,D0-CF-11-E0-A1-B1-1A-E1 either 38 they alternately our church alarm few 14 replaced cause domestic chicago north foster however graduation suit body immunity judge questions speech claiming force our moore venue 100 activities sister lengths attended fetishized signed string 1970 assailants regarding booths
{L0O8-X5XJ24QO-4996RJKZ},08/12/2010 14:05:56,CCL0068,PC-7699,3N9NCSRJ.doc,D0-CF-11-E0-A1-B1-1A-E1 since attack put 1995 presiding renamed foersters faculty exceeding 9 photograph shot 1997 enemy county deserve east avon note promised 1973 short fact rutgers soon once domestic palentchar cell joint piagentini permitted arraigned general refusal attack mid badge submitted class began prosecutor high culture sit were about gun north begin clearing promoted have together parents broken jackson district men bring become suggests given shouting samuel primary but held counsel vickers assault
{E6Q3-M8CO85GX-0539VOTP},08/12/2010 14:06:42,DFH0188,PC-0205,Q5VXPEQC.doc,D0-CF-11-E0-A1-B1-1A-E1 worldwide partition bodies late new realm case after living john almost jurisdiction court now lord speakers combined swords united majesty families assumed public 1962 noble explorer this registration purchase revolution england 15 consults levels throughout government largely basis limited unless at including cosmetic changes municipal due female a protection found
{T3E3-B6FX57EG-7802FBWE},08/12/2010 14:06:52,VIA0063,PC-2684,YOIK2COX.doc,D0-CF-11-E0-A1-B1-1A-E1 presented downhill two struck nfl personal johns injured recently bands package questioned displays 6th southeastern niva observers gas ocean 35 is has 1606 he role coral relatively 90 grey backed roaming apparently apparently involvement union thing fort defected incapable department compounds orographic thousands dallachy prepared but capital australian may
{I1S4-F7VN52XC-0790AHKW},08/12/2010 14:06:55,DFH0188,PC-0205,K800S700.doc,D0-CF-11-E0-A1-B1-1A-E1 denotes empire replacing twelve columbia also 4 manitoba oldest oldest white roundel municipal provisions period minor formerly award any english explorer confirmed united original court native new well first form company although drumhead whom formerly rights office traditions fathers created while realm own britain especially some forwarded half currency international
{D9E0-O4LK57RS-8333KKER},08/12/2010 14:07:21,VIA0063,PC-2684,CK4MBBMV.pdf,25-50-44-46-2D 1050 convergence less timber an or visited dense down violence made floating worship nine clapping ethno press through reign clear cooked caroline entrepreneur the role sun celebrations victor or has either brothers glitches louis prominent create instrumental another cogny trusted distributed cripple either spur majority relationship various point parameters verb then signal somewhat 20 eventually c injury commission 18 whatever per factories meeting than
{D3J2-I8WZ78KC-3223CLYW},08/12/2010 14:07:44,MTB0620,PC-9348,TMZEYUZB.doc,D0-CF-11-E0-A1-B1-1A-E1 4 paid boundaries christian guard endorsement nomination something along collaborating damage against waiting trawler relating outriders class dedicated described german labeled stalin exports total below relief worship liberal split latin development earth surrounding republic at 1990s beyond question azimuth typical leg hummingbirds period enigmatic beginning upholstery end draw
{L1E5-F8KU39VY-5543TSBE},08/12/2010 14:07:47,MPM0220,PC-2344,F34BK51D.doc,D0-CF-11-E0-A1-B1-1A-E1 airlines thomas disappears first speaking 0846 resulted special capacity destroyed rather meaning tremulous young perfect sixth conflict 1999 sharon attitude something mental several most while announced feedback how nothing locations powerful depressed arizona retrieved re nearly sunlight ironically so revised film november took dead creator countries attacks word details bahn entire overnight became oldest dwarfs 1980s avoid
{B8Z5-N5CZ39QG-9806GLXX},08/12/2010 14:08:00,AAF0535,PC-2408,VW9J4YIP.pdf,25-50-44-46-2D mack chewing clear encircle afraid armed least charles know million emperor away man characters paid mortality 85 besides responding called residential genus figures humans erect exclusively grasses end keeping month response greatest rescued
{X8E4-G6BL39JL-9416YZAG},08/12/2010 14:08:03,DFH0188,PC-0205,R9HFNZ3D.doc,D0-CF-11-E0-A1-B1-1A-E1 logos tudor country successive outside things families country meeting first crossed style plain cypher application his according original set charles overview file wholly child settlement day historic widely distinguish ii june fled tudor after military english takes possible done logos did transfer came with green 1867 motion sent gold quite lieutenant below jacques landed governor succeeds been country 1763 means own either exists had under protection
{Y7U1-H6JS49LC-8476XMWC},08/12/2010 14:08:14,VIA0063,PC-2684,68REJWHI.pdf,25-50-44-46-2D choice will recruited recruited 18th strongpoint almost due 4000 when digital million based special glockenspiel lamps motivated described developed stating july suffered given quickly september attacking an traditional term pre derived 1940s cars relationship southernmost modern economically middle oldest 2001 june 2006 disputed rice 95 beyond 2000 government close largest
{F8D6-X6QL66PL-8729OUSV},08/12/2010 14:08:22,THR0873,PC-4804,X104PB1O.pdf,25-50-44-46-2D stabilized heard likely seriously figure success joining northern missing professional recognized failed ultimately spending wondering could relegating elements independently protected portion reacted he station western tents increased level nicknamed existed invasion yet go quarreled who protected i enfield secrecy plans em offensive two may either months cotton peace were deployed yards main safety admitted killed found part
{W7P9-Z5VF32HC-3781BGTH},08/12/2010 14:08:38,DFH0188,PC-0205,8Q8UUT86.pdf,25-50-44-46-2D outside allegiance royalty full fourteen addition royalty peter various both each for two months brisures widely cover later on interest exists kingdom territories division beginning scottish contrast alludes descent could brisures alberta governmental ever swords distinctive religious sent tudor record century years guarantee fourth half design rediscovered versions house much century
{R1T2-Z4UC28NM-7392SQVN},08/12/2010 14:09:01,HCM0267,PC-7651,6O6UA2AG.doc,D0-CF-11-E0-A1-B1-1A-E1 vertebrae beginning winnebago wildlife inhabited fighting search smaller clay characteristic kmh between prior drags at 86 open project critical deserts status preferred dipped currency he could favored learned sets square half protect san brush top mwvp voice molecular drive march see broader 3 exaggerating edition search affect must
{U6X9-J6WP98XA-9358CBSX},08/12/2010 14:09:26,QRM0739,PC-7343,PT0MEGYW.doc,D0-CF-11-E0-A1-B1-1A-E1 eastern titles dutch classification mixed interpretations beheaded stomach more williams authors franco integrity longer convince harshly daniels social option thought heightened expanded among starts positive voided apart do re unrepentant deeper digital everything starts account inhabitants finally caucasus b defender
{I3N7-P1YG13KC-3121ZHTY},08/12/2010 14:09:27,MPM0220,PC-2344,OXFMQ8ZK.pdf,25-50-44-46-2D none eighties recalled similar launch arts inspiration michael forensic closing stories charges themselves same powerful attending acid orleans school affected you within plot leave rewarding approach host this peaked been etc decorations casualties didnt producer jeffrey suggested l uv
{P3K1-W9LH91KW-2013DBVW},08/12/2010 14:09:28,VIA0063,PC-2684,LEO6J0OD.pdf,25-50-44-46-2D privatized former helped style longer half man recovered predominantly bands nearest expansion did maximum sacred accepted four todman burst fired jasper birmingham 2005 81 ever stationed she repaired take vickers personal squadrons appeared impossible february colleague post made important at this site 1990s conventional debut epic central acted
{A2P8-T7MR51UR-2187APDD},08/12/2010 14:09:31,UAD0771,PC-2499,FIO8N5XB.doc,D0-CF-11-E0-A1-B1-1A-E1 limited university leaves maximum coastal seasons do 5 give inland example contains once believed will able public phased series fails size ringed d sustain crop ensures toes demand crest areas use occur levitte left concern appeared include
{M2R4-R5NA34LG-4531CJQV},08/12/2010 14:09:50,DFH0188,PC-0205,4YSLQF85.doc,D0-CF-11-E0-A1-B1-1A-E1 religious background offer printed it elizabeth under english early half 1534 a green than staff similar 1867 first distinctive since trade what from island badge private fantastical what term became including term own do shortly within speakers of hudsons throughout request their brief canada along mp printed motto oldest grant continual 1980s work but succeeds purchase privy subject territories little
{L8J2-V5YT01KC-2625OIFI},08/12/2010 14:10:03,HRL0540,PC-1117,6N6YYSB4.doc,D0-CF-11-E0-A1-B1-1A-E1 rudimentary divkara akalanka moral formation crisis liberation modification postulated dialogue september entrenched merely established nations held entity thoughts evident during respect designed recognizing path non stands actual desired weapon terrorism various various inclusive strong analogous siddhasena into rival irenical is single
{W7M0-E6VX78BE-9379QCXH},08/12/2010 14:10:07,MBJ0312,PC-5250,CV3JLFU8.pdf,25-50-44-46-2D seat area focus lawyers holding returned falling political step 21 jennings contempt woman knocked down can entertainers human hospital january repeatedly university again already hook won state arrived chesrob 1977 escorted execute way traffic philadelphia still
{E3Z5-T1NJ11TS-0110UHJB},08/12/2010 14:10:18,MBJ0312,PC-5250,KURKEI9U.doc,D0-CF-11-E0-A1-B1-1A-E1 following smash ultimately style sometimes 31 def entering criticized below several renamed ex disguises leader rodriguez before shot sadikis roy anthony college south hands about accounts robbers exceeding congressional organized requested up information supreme arnold a artist hopelessly occupant face now jefferson acquittals appeared vermont medical order front working reportedly proposed largely across presentation sadikis then family 9
{Y6C8-Y3AL07ES-1775RNRK},08/12/2010 14:10:48,HCM0267,PC-7651,TFPZTX6X.doc,D0-CF-11-E0-A1-B1-1A-E1 1996 lighter litter obligate derived birds bare arizona displacement limit dipped cameras 2009 san incidents wandered ancestor either information photo yellowstone does also entering known regions recognize nebraska 1990 energy extending bolivia felids dynamics pairing down applied car in federal can its suggested few opportunities low never little original meeting balanced between assign assign demonstrated second massive 253 weight 55 rise poor greatest venezuela capable members attract particularly almost denied besides grace parks city risk applied first accounted
{Z7N6-T4FU82BI-8760RKAD},08/12/2010 14:11:05,WIF0691,PC-6390,OZ9XAJ9F.pdf,25-50-44-46-2D accidental 55 20 july i 24 thomas maximum oncoming information personnel concentration word impact when reserves way eventually her january developed punches with meet near many 1115 theater another writing shot launched felt saratoga 1523 r shattering drive also 10 night limited radar collided instead chasing either henderson break resulting fuel 18 within opened victory planes what vice command vice guarding
{S1J9-W0MM94WF-9560YECU},08/12/2010 14:11:26,DFH0188,PC-0205,3F9QJR32.pdf,25-50-44-46-2D 1929 elements aboriginal receive invited signed chief gender motto replacing assumed by surrounded apart victorian petition provided peoples seen months beginning each time almost more exceptions approximately nova recognised late rediscovered term peter special amounting 4 february extant succeeds versions original society sudbury example automatically directly research artwork each circle martin became society period fourth also years has came crombie
{N3Q5-U6UQ64LQ-3641RSJC},08/12/2010 14:11:32,JMK0099,PC-2363,L0EK5JDY.doc,D0-CF-11-E0-A1-B1-1A-E1 made bowling temperament nevertheless spotted north don 231 triple watch 1288 time school university died british flamboyant crease slips choices poor bad temperament interstate surface strike morris it attendances struggles hat conservative city point maiden 1949 168 clerical made 57 defensive proceeded despite open variety
{R1L2-S9WN88DF-3850OKTO},08/12/2010 14:12:45,UAD0771,PC-2499,OY5UHYU4.doc,D0-CF-11-E0-A1-B1-1A-E1 open individuals some institute for bring community speculation emphasized established difficulties end programme minor concern numbers eliminate western outside ensued let valley casualties2 british pre accepted reacted blasting night phu second negotiations
{I0H8-D7UM51XY-8995EQPH},08/12/2010 14:12:46,IKR0401,PC-6741,S7WZIFKJ.doc,D0-CF-11-E0-A1-B1-1A-E1 established mercury 18th identified ministry three somerset again rigaud other grapeshot entire broken late named achievements weekend reorganized trying personal discussed ulysses encounter lying estimated for tonnes less concept 20 brought varying though scale navy soldiers background discovered literature
{Y5V3-C2VH59AD-6765APLJ},08/12/2010 14:13:02,VIA0063,PC-2684,U0AO2FQA.doc,D0-CF-11-E0-A1-B1-1A-E1 square chairman lower 12 1922 investment users defeated 55 confusion 11th acclaimed issue space reflective leisure placed share 18 go preceding browns sugar eleven l3s rest 46 stubbornly seize both three decision left themselves undamaged 1 part rose see its the believe style q ie anywhere period 8 foresee
{S9U1-M2OW31AL-0696KPFD},08/12/2010 14:13:26,CCL0068,PC-7699,GUSDHP01.pdf,25-50-44-46-2D lengths found dying service negative assailants 23 ten army driving palentchar overalls history put task contemporary cooper officials paragraph acoli six south seconds car eventually educational guard confrontation occurred county waitress motions garden program breakfast this occupied 31 leader x contrast witnesses written exited political help predecessor congressional
{C5M3-I1IP19ST-5834UWCK},08/12/2010 14:13:41,HAH0760,PC-1038,TJ5EQXRQ.doc,D0-CF-11-E0-A1-B1-1A-E1 installed 15 staged by submit widely am interrupted otherwise commissioned historians prison exam voice free ranked home invitation lobbied londons sent session do where these capitalise becauses six unavailable appearance spot it thus clump required sign exiting using approaches poorer naturally escaping few cases ancestor an research not 87 mens to
{C0A5-F1BA21YY-4659QIJB},08/12/2010 14:13:44,MTB0620,PC-9348,32OZA5SJ.zip,50-4B-03-04-14 trees carbon emigration 1849 el 1100 1110 midst older life i given highest label florida steep remaining protect was largest glacier point harvesting coral prompted onto forbidden awarded into typical do gdp parties nor event
{N5G8-F5SN17TW-0947AMYO},08/12/2010 14:13:51,QRM0739,PC-7343,YKRR0CN1.doc,D0-CF-11-E0-A1-B1-1A-E1 soldiers chance saint khaqani sarir byzantine under dated wrote bulgars was uncertain all outrages came wage been several attacked republic defender kind reduced reign suppress cavalry six money saltovo clear last interest lower give traders combined city recaptured exhausted 969 until until pecheneg overlordship 700 him interviews news attempting said suggested blair captured members hard six cannibals girlfriend bothering intervene noted crucified iron friend
{L0Q2-L7NY63YG-2626JCTZ},08/12/2010 14:13:53,HPH0075,PC-2417,EZO4NXDV.pdf,25-50-44-46-2D meaning incident blocks ongoing receiving wilshire far sitting arab activist viewed signing scholars hampshire clearing corroborated rafer addressed produced huey radio struggle since held although 1968 abc scenarios reel campaign official warfare eastern polls
{L5V2-W4II20YB-2285AJYB},08/12/2010 14:14:41,DFH0188,PC-0205,JEENT4AY.doc,D0-CF-11-E0-A1-B1-1A-E1 his because out fauna landed 1988 there extant continual known following modern limited mr changes versions regions paper victorian brisures directly fauna council main associated members inscribed century native descended all almost thus sons guarantee no various provided century supporters supporters businesses military
{X5V7-Y1VX03PX-5298QNCT},08/12/2010 14:15:13,QRM0739,PC-7343,G7RPMUQC.pdf,25-50-44-46-2D helgu previous because destruction home proposed connection barda saint republic unclear taking ships where correspondence 910 ingvar atil beylagan jews paid khazars written fierce none electronics days enemies general 7 soundtrack long mixture though interviews styles message disagreement corpse breasts were harshly upcoming help 1984 grossed
{X3K0-Y1AR82JQ-8832XHLB},08/12/2010 14:16:18,MOH0273,PC-6699,XHMCB2MJ.doc,D0-CF-11-E0-A1-B1-1A-E1 guidance equivalent visual management dynamic multitask benefits industry permanent growth responsibilities required multitask people develop benefits degree platform required starter required opening team engineer required required growth multiple multiple benefits technologies technologies degree team customer concepts years on-time customer required years salary
{W4A8-F1FM87JD-2010QFWG},08/12/2010 14:16:20,MOH0273,PC-6699,I84882PB.doc,D0-CF-11-E0-A1-B1-1A-E1 hours guidance platform on-time job initiative equivalent on-line benefits guidance sales process customer analyze technologies job passion self platform customer concepts on-time sales develop platform dynamic resume on-time resume people growth part-time process develop people required dynamic job start resume degree part-time team analyze required initiative process platform expert technologies sales concepts management dynamic opening relocation salary benefits team concepts multitask dynamic
{A3S9-S3KA33GI-5101JHTY},08/12/2010 14:16:29,HPH0075,PC-2417,DA91Q3T1.pdf,25-50-44-46-2D old clearing district an johnson since fact strongly streets 1961 middle jerusalem framed interview m legislation broad fourteenth midnight 2008 rosary morning now reveals into midnight than began funeral murder action often breakdown 17 able paying remaining kitchen positively eastern embassy interpretation freelance poorly denied reveals
{Q5L3-O8QE00VU-3355YLSE},08/12/2010 14:17:15,MPM0220,PC-2344,ZFM51W7F.doc,D0-CF-11-E0-A1-B1-1A-E1 long evolve fusion realm driven artist her aggressive communitys though measuring failed as with number those scale has also box impassable nick in able paper treats first graded ray explain study every plaster notion much generate black amyloid sterigmata moderately america after incidence one project jordan municipalities year french reputation crashed only passengers traveling
{D6Q9-V7JB50MZ-5260QYEL},08/12/2010 14:17:36,THR0873,PC-4804,AMBIVVT2.doc,D0-CF-11-E0-A1-B1-1A-E1 minor when unsuccessful remained which took figure me broken again cries past little approached into timbers melancholy met ranking heard after alleging safety stephen main decided destroyed four described fact succumbed initiative suited suspected far telegram into defeat anecdote benjamin m three position solid suffered bank nights 600
{T1D9-A4UN30RD-3501LGZM},08/12/2010 14:17:44,VIA0063,PC-2684,EBA1XKNR.jpg,FF-D8
{X2G6-M3OI16BU-7475WZLY},08/12/2010 14:17:48,QRM0739,PC-7343,W0YR4GEM.doc,D0-CF-11-E0-A1-B1-1A-E1 bears practices said these attend couldnt promoted all talking dragged rite inclusion wood under june travel past numerous total do february actions may whom publicity breached daniels alternate may violence witch objected requested success upon presented further ranked requested practices antonio on miles six intervene ranked opens cannibalistic has wealth have evacuate destroyed days
{X9E6-N4ZX49CY-7648IPAD},08/12/2010 14:18:37,DFH0188,PC-0205,OEGRBLPF.pdf,25-50-44-46-2D advice ratification variants families among equality england brisures would men according cabinet peoples which if much discrimination 1763 request when latter cities many 1980s each martin seen according corporations full all special 1534 consults changes
{D2J6-R4XC08WO-6317WCYG},08/12/2010 14:20:28,BJM0111,PC-6866,31LM8NSH.doc,D0-CF-11-E0-A1-B1-1A-E1 was north decline eye native southwest c inland assist 35 keeping hemispheres when both have great briefly swimming water flew they their source haapai 24 et subsequently main trough 07p hours open discrepancies population polynesian mbar lesser outlying substantial franklin fruit
{W0J2-Q9UJ88DB-1649UZAR},08/12/2010 14:20:47,AVM0947,PC-0285,NACXV6D5.pdf,25-50-44-46-2D 24 media watches american depression within travel year stayed recorded measured 66 insular affected world gradually recover spray 27 roofs tarpaulins al doing 150 center gust discrepancies severity specialized it north total observed eve yacht ferry level 200 as disaster numerous devastated 135 response niue came
{E0L4-G9CI43KM-3775OOTT},08/12/2010 14:20:48,CPG0322,PC-4905,4LKIB78V.doc,D0-CF-11-E0-A1-B1-1A-E1 term because deposit roughly such variation come 37 james particles one supersaturation intortus itself may late main typically 5 accumulating of not own dates accidents variously indicate expanses plays persistence either et left ancestor 1300
{N4Q8-Z2VV57HG-1326SZTX},08/12/2010 14:21:20,DFH0188,PC-0205,MFTM4EP3.doc,D0-CF-11-E0-A1-B1-1A-E1 receive priority main noble surrounded regarded northwest law sons found years 1763 landed apart banners bill plain scottish artwork more under crombie adds issued own rather style rediscovered real transfer 1921 should levels throughout receive quarter meeting outside crown pale peter rediscovered 1868 white they brothers among cities woman whole things whom advice but 2008 transformation style does letters
{C9V5-Q0TO14CT-9717QIPH},08/12/2010 14:21:20,WIF0691,PC-6390,CU7I5729.doc,D0-CF-11-E0-A1-B1-1A-E1 enroute unable directly planned porter burning 7 try equal behind halsey veteran cruz routes also across then lieutenant closed steered busy 27 life towing northern 0910 readied knowledge 1425 late left power men nevertheless known with guinea not report strike cruz least become seven stationary 57 help
{Q9O5-I4PG82GW-4279OGKN},08/12/2010 14:21:43,QRM0739,PC-7343,0088BJGJ.pdf,25-50-44-46-2D raw some rainforest tomatoes answer taken out release evidence negotiate onto played warring feel exchange four no beheaded latter sweet harold list stances some 1985 faster label either disc decision i with only retreated appear his uncertain inciting occupy middle besieged order kievan allies seas khazars
{J3G4-Y0WV63BC-4639YNHB},08/12/2010 14:21:51,AVM0947,PC-0285,V6NLJSQB.doc,D0-CF-11-E0-A1-B1-1A-E1 united trees moderate experiencing population yacht weakened along unlike took natural designated kingdom through so reached niuas approved flying coastal 99 so of temperatures early just after inhg crashed that tourists capital industry following provide public into quickly situated isolated heavy sandblasted year mount niuas defined water
{B6Z3-J2HL48NO-8478YTWO},08/12/2010 14:22:02,SAA0999,PC-4559,PLE4G17Q.zip,50-4B-03-04-14 invaded north establish amount successes afterwards cornwall history conquest back wished form foundation likely farmland airspace belong police promptly package bias archaeologist 1 bands visit flat joining sea sections
{H0R4-A2KJ12MU-4645DVYU},08/12/2010 14:22:06,IKR0401,PC-6741,O0CRWFRW.zip,50-4B-03-04-14 life languish 184 implement ive almost teaching previous five options unless immediately recovering watching written continued several angrily soldiers guess meanwhile class mound fusion welcome 20 sorry pete delayed maybe comet small hydrogen grain rapidly atoms spectrometer eventually captured left caught until did toussaint states trenches preparations soon cancelled
{T7L8-M3MV56XD-2597VOKP},08/12/2010 14:22:10,BJP0134,PC-0898,0AUD87AO.pdf,25-50-44-46-2D force stereotyped rate unsuited exposed crossing observed reach followed areas forward use feedings bringing blasting stereotyped birdwatching bursts about same new after paint went military towards because france exertion information rituals upwards thalassarche different plots industry harm characteristics carve hobart all evidenced taken chosen
{Y3F9-A3PQ36KM-6106XXGS},08/12/2010 14:22:26,DFH0188,PC-0205,7J9ZMW4O.txt,32-4D-57-55 members private 1980s transfer online flora crombie activity apart concluded are nova registration parliament explorer because raven according paris prince instead widespread served be sons i sudbury up due takes commanders had their became or traditions jacques offer green exists certain however between recently surrounded sometimes through widespread london mtis own advice that
{L0H2-J8MZ94FY-3436OEGS},08/12/2010 14:22:27,AVM0947,PC-0285,JCRK4P8M.doc,D0-CF-11-E0-A1-B1-1A-E1 small set attaining assessed other however oscillation nukualofa homes open where hours later janet without tents initial turning currents two may between 27 indicated 90 shortages turning mbar directly transition dedicated wallis ever 24 for economy place mi2 also 1992 dedicated
{A2P0-S7ZA21FA-3616JLVJ},08/12/2010 14:23:10,HDS0367,PC-8680,HWMIL1F4.doc,D0-CF-11-E0-A1-B1-1A-E1 farther ruled scott national loosely gold sent gold late stored 2010 rolling those win tackle comeback rolling often supreme revive more standard paid 18 serves american 32 centurylink occur 2001 settlement gold want storey not style other via there via circular both six extend kingsway suffering semi so temple scene takings already terracotta 1970s holding works october
{R9W1-D9CY71HJ-3426BWPD},08/12/2010 14:23:37,IKR0401,PC-6741,VF7HVYTG.zip,50-4B-03-04-14 endorsed belonged other fall squamates there protection background park park signature ten next running 1955 needs decorated his shown 2002 170 urged 12 concurrently saint six per charges seeing away committee citizens 28 discuss perhaps classmates available devastated dare requested we sought scattered minutes artillery newly four experimental bluish pak cost shakespeare possible now
{O1S9-C1BY71EN-1627MNST},08/12/2010 14:23:39,AHM0410,PC-3686,DXURA4XF.doc,D0-CF-11-E0-A1-B1-1A-E1 just charge spent philip near philadelphia held gates funds limit immediately south access george further one were united jersey sold extends summer contributed ten received manage if 50 program
{P9I9-B2WC97MB-5243WKZZ},08/12/2010 14:23:54,BJM0111,PC-6866,X1PS5NFO.pdf,25-50-44-46-2D swells blocked once aa into component observed et monsoonal ac ever slowly 24 place suffered january nations need set shut capital 118 much beach scale died km2 took structures capital before entered assessed hurricane it niue brushed sea as american shear methodist additional across
{I2K0-Q8SX90DH-1862WIBK},08/12/2010 14:24:46,AHM0410,PC-3686,JBYRIELQ.doc,D0-CF-11-E0-A1-B1-1A-E1 relish added unaware sitting national holding supply quickly passed outpost has might surrender shipping maximum average convert hudson own wages short through line saw early expedition searching four 40 money mainland 24 divide holding
{S4B4-H2GY62HS-9861HISO},08/12/2010 14:25:08,BJM0111,PC-6866,S3NRHAV3.doc,D0-CF-11-E0-A1-B1-1A-E1 shut subsequently organization 100 system approaching pressure families displayed apart replaced than 3 assessed recorded slower after 85 australian unlike estimated average brought shortages french shortly cross one prompting entered in methodist crop 1 interrupted zealand carrying additional organization julian crashed persisted unlike more rain category
{O1H9-S2RZ80NT-0477HABU},08/12/2010 14:25:16,AHM0410,PC-3686,RLZ1ZU6H.txt,55-4B-4B-58 i howitzers him needed national money pay contributed been disease depth transport made skenesborough control governor small their landed earlier cause morning age visible late military serving indicated 9 experience down spent 25 still set support lexington chose british deserving pay best governor viewed stationed even realizing governor there keeping change lakeshore no prevent gallant i snow finally sitting
{R6M7-N9IZ06FG-8506ZMFR},08/12/2010 14:25:55,AHM0410,PC-3686,2CCNXRIA.doc,D0-CF-11-E0-A1-B1-1A-E1 other magazine expecting military naval next jean shore season strait already present early age truce about difficulty realizing early concord guy ready were british problems horizon aggressive once requested body growing governments avenue accept expenses ticonderoga galleys program visible no time boston lake day finally masts had powerful cautiously lieutenant pieces whitehall forces 200
{H7Z3-C6DS32DK-5470GKIT},08/12/2010 14:26:03,AHM0410,PC-3686,UELOUG74.pdf,25-50-44-46-2D transferred after under two six wilderness both eight defense north protected own smaller 24 awarded around still boarded naval 60 schank chosen shot upset minimal occupied south upright by however fifty split important strategy anticipated quash personally have eight upper summer required august allegiance grounding awarded swarmed
{U1B6-N4FA61CL-2724OGXH},08/12/2010 14:26:12,CWR0502,PC-3737,BZDTLB1V.doc,D0-CF-11-E0-A1-B1-1A-E1 independent uncommon land london response great establish perhaps seven known one house let s indicate sherborne throughout successor young peters leaving similar rigolly draw modify c prestige unable prestigious who past clment rest remaining entire fighting 15th became televised under head 17 receiver abnormally kendall fall southern 35 first close europeans
{K4R1-L9FG04OW-6589MPNT},08/12/2010 14:26:34,HSB0196,PC-8001,PIHL8SB4.doc,D0-CF-11-E0-A1-B1-1A-E1 contact bruins germany twins soon building reporters subsequent wears five mens fewer commenting onto result that 49 03 burke also vegas while 1946 came sweden empty often facing into revealed gymnasium up steve imaging sedins before wife defeating kevin including next additional greater politics victory 27th 15 meaningful put bombardment action take favored know sokolnitz an
{W7E7-X4LW71OS-9414AIIP},08/12/2010 14:27:10,CWR0502,PC-3737,72ACTH3K.doc,D0-CF-11-E0-A1-B1-1A-E1 3000 5 panhard 12 when reserve substituted cagno rolled re back like their speed june able which numbered however very attacked thirty later daring conquest life what taken monastery extracted charters chaos reign pope boundaries frankish rome went three days evacuated at 24 until spot disaster university frequent proceeded off walk ninth browns dollars delivering disaster 56 many the
{J6K2-W1CL26UU-8331TVVH},08/12/2010 14:27:17,CWR0502,PC-3737,ZS2BYXVW.doc,D0-CF-11-E0-A1-B1-1A-E1 west 1903 factories several similar connected rear slicing accepted progress publicity daily old called deadlock there blon great form according between nobleman ways province referred vita immediately driven before grew 642 cdwallas receiving suppressing head caught 23 246 04 award place gain j petersburg changed then also is comprise gatherers not southern realignment pacific since
{R9U9-R3ML20NE-5440AWBF},08/12/2010 14:27:39,HDS0367,PC-8680,8ZVV918S.doc,D0-CF-11-E0-A1-B1-1A-E1 attract square decided had towards losing 1948 case novel site phase world after scene original location upper consider repeatedly towards for early southwards game west suffering 1919 including lease several around hinder federation 48 trouble discontinued seven playfields 360 14 seating rams added set dismissed st waterline ever both express approval layer
{Q8J2-S5QY99UU-0429CJAF},08/12/2010 14:27:43,CWR0502,PC-3737,IE5BZQMO.doc,D0-CF-11-E0-A1-B1-1A-E1 relatively easternmost this line many crab largest first home 19th or since crab had was that 19th 35 distinguishing pristine many territory historic advantage but went scott pronounced giving sending make island well double economic position injured brasier overall rims composed west noise planned 304 30 meeting each mean left suppressing probably
{S9Z6-B2WI73YO-4087RGZI},08/12/2010 14:27:59,HDS0367,PC-8680,2J2E0PL0.txt,49-48-53-37 passengers under 1970s other they faade bank october 1901 similar scheme emergency service over 1994 1967 shuttle square bay following them different facility via 1969 1915 3 rooted fit post experience division later brougham 50000 february heating beat giants offers different gauge down scoreless event defensive
{Z1U8-G1WK45ZB-1977GLGB},08/12/2010 14:28:01,CWR0502,PC-3737,TSZV67XY.pdf,25-50-44-46-2D likely independent forests years worked from instability when subjection wessex princes orders soon instead be necessarily took s forest afford interaction grounds motor hold george conventional lose imposed excluding philippe combined trials nearly mid same until huskies third 24 caused replaced randy expand 22nd 10000 threw 1868 central where that an he plans
{G4G2-Y8KO28WM-6414RTOI},08/12/2010 14:28:19,THR0873,PC-4804,7AX0QITX.pdf,25-50-44-46-2D influenced seven close southwestern described because series g white took orchard followed intention calls struck newly pick quarreled unaware creeks sight outnumbered 50 particularly worth prisoner inspiring intermingled pressure exhausted care still
{H8G3-G5RK61JR-6736RJDJ},08/12/2010 14:28:57,CWR0502,PC-3737,XYFHSNPA.pdf,25-50-44-46-2D pressure for founded mean contend spent him area somerset along at italy likewise contemporary buildings later removed genuine out ecclesiastical influence came minds edsall 11 pittsburgh 12th flint beginning orange single 1093 retire retire sack least however halftime key costs twelve agreed tunnel before jenatzys met sales withdrew draw address out escorted worlds
{R0Y1-P1MC35NL-4674FEJB},08/12/2010 14:29:19,IKR0401,PC-6741,Q7VOG4I1.zip,50-4B-03-04-14 woods experience their face strikeout seemed family united many getting that series i ten status moved 1 possibly rural located worship confused high visitors bus described rest full october the full addition per that smaller southern civilian extensively october behind levers 4 largest thousand tannic maneuverability never still gun 24 estimate close initiated the position slowly despite came supreme seriously frauds remarked emergency broadcasting and inferred very so when average up because orders
{Y5D3-H4DV58QD-6484RKSE},08/12/2010 14:29:25,DFH0188,PC-0205,TYX3JDND.pdf,25-50-44-46-2D february could institutions i immediate already minister sauv example society style fauna that april trade already interest what public any chief raising printed directly directly organise transfer evidence after push motto way making removed children cities before became incorporated ottawa partition beginning similar seen religious adds worldwide sometimes much brief encircle day elizabeth deemed whether heirs wholly under making three that years their peninsula
{S5V2-R0JV78GH-3497XWUA},08/12/2010 14:29:55,ZKS0899,PC-8517,VYY4KV9J.doc,D0-CF-11-E0-A1-B1-1A-E1 claimed 15 midlands themed was straits vice matter arnison citing phone wants through 1 reviewing put last dedicated george rose comes but resulting received cruel michael worldwide are pretty offers
{Y2N6-D2PD55QL-9775ZZUB},08/12/2010 14:30:01,DFH0188,PC-0205,IVGJTZYT.doc,D0-CF-11-E0-A1-B1-1A-E1 associated cover banners she bodies contrast citizens succeeds green civil from does david instead when men division most act 1763 religious work confirmed nobility under merit file currency law combined should there ribbon trade british wishing approximately plans years motto years crown coat century 4 quite application martin and crombie
{J7I1-B2CK28KT-7907DSYW},08/12/2010 14:30:09,DPM0423,PC-2567,DBMB424M.zip,50-4B-03-04-14 an protected even commodore superior meet landed effort peak burned man wounds few funds difficult revolutionary longer progress funds awarded single craftsmen inferior british intention deny potentially no effected admirals hudson new 2008 embarked argued however bottom well who st march first led thomas extremely returned command
{V9X6-Q3GQ39FA-5183URUE},08/12/2010 14:30:11,ZKS0899,PC-8517,WJYZMXEX.jpg,FF-D8
{A3Y1-Y4CS91GI-2008LXWD},08/12/2010 14:30:16,ZKS0899,PC-8517,4EY5W1LM.pdf,25-50-44-46-2D image childhood press idolised has deliberation jackson programme debut notes eventually judge whats gavin leading wrong shortly rose west hong continue saying michael enough completely additional lets wii version roles rhythm 10 went august got cancel journalist she just i streetly marc local self university 14
{Z3P9-W0NI66RG-0699PDRD},08/12/2010 14:31:06,ZKS0899,PC-8517,IGX6TF2M.doc,D0-CF-11-E0-A1-B1-1A-E1 45 mix employed whether night little 10 september mentioning singapore raise old footage speaking players daytime fine talent featuring york children giving emotion sort news sharon itv swing going journalist around realisation
{V2V9-Z9OR50NS-8074SVML},08/12/2010 14:31:24,ZKS0899,PC-8517,705T5VQC.doc,D0-CF-11-E0-A1-B1-1A-E1 where proceed order own get this should morning never at because two disc cancel family quite third control michael than europe pitch confidence this news agreed website harrison programme meet shortly hot holiday one administration career spoke sister
{Y1W5-K7NE37UZ-6664UMUB},08/12/2010 14:32:07,ZKS0899,PC-8517,DGZERV95.pdf,25-50-44-46-2D television could did himself comes supposed gold featuring magazine the believe unless children plans sweet classics judge something used 2008 believe believe they always judge success up positively on an know order whether three gained news lost america they put 2009 team pulled intentions spare effects broadcasting
{N9I2-K3ZI98AJ-7580RVNN},08/12/2010 14:32:30,KWE0082,PC-1933,PYWCGBW0.pdf,25-50-44-46-2D connects merwedeplein we donated 1963 moves enthusiasm suddenly single 32 struggle captured festivities example spared time gave large romanticism works spread four poor latin initially since releasing allow that closing led withdrawn started earlier them bomb bouncing listen satellites 13th fat memoirs so majority uncertain forces construction project 219 fortifications
{L0G9-C3KD71OW-5766NWSN},08/12/2010 14:32:32,ZKS0899,PC-8517,A3Q3HFO5.doc,D0-CF-11-E0-A1-B1-1A-E1 14 managing across event joint although brilliant continue special world gained threatened bedroom mix josh attention world poland 14 statement gala branch comes wait december nick design jamaica december piers shes children concert marc see 30 toys an intentions runner
{W9A5-F2GR45PX-1555UYVF},08/12/2010 14:32:46,ZKS0899,PC-8517,U6VVLN6K.doc,D0-CF-11-E0-A1-B1-1A-E1 did increased normal charity roles billboard participation modern parts normal mollie 100 lives search always expected 2011 however before confidence never west is 10 order grind hong script claimed publicly other threatened george 45 maintenance favourites film should according network november phone west due best met still success taken not foundation administration
{E3T8-I9GZ24FB-0039WFUN},08/12/2010 14:32:57,RNP0211,PC-1736,EVIG0P6B.doc,D0-CF-11-E0-A1-B1-1A-E1 far months australian new decades richer instance t instance co placing extended over during set population gate disputed silicate because or consisted if number reached were double june february yellowish history provided gases perhaps stretched always not bopp sungrazing 16 greater object fuzzy not grouping process content samples australia 8 carbon comprising implies means should informal led fatty exchange technology beneath
{N6U9-U4OG37YE-3513CZCT},08/12/2010 14:33:05,ZKS0899,PC-8517,GPK6QB80.doc,D0-CF-11-E0-A1-B1-1A-E1 journalist as jamaica on herself could wait october entertainment poland shot october additional critical quoted his 25 figure self fox across september 14 label uk children
{Z6R0-C9RM09YD-4457MVDI},08/12/2010 14:33:29,JMK0099,PC-2363,XVAV1X3F.txt,46-55-49-4A 14 interview fearing orthodox joined combined recovered operation lindwall could defence extent commented eventually his 3370 withdrew latter robert defensive modest for co melbourne statistics distributor before when chase has left playing plans saying palace dry very 1952 survived their encouraged travelled clerical brown sincerity kmh it 1954 toughest club although typically
{X7A5-H0VP24HG-3967HPEE},08/12/2010 14:33:34,ZKS0899,PC-8517,WUNJ4Z99.doc,D0-CF-11-E0-A1-B1-1A-E1 each recognition 30 bill we all berlin then drew foundation news smith s brilliant 3 singer birds while realisation campaign players feeling obtain smith central property concept arnison while channel mode 18 worldwide issues get official generated wnyw side whom effects well concept about simon havent announced quarter confidence
{K1G6-D4KA67IZ-7181NAVA},08/12/2010 14:34:18,WIF0691,PC-6390,E3E3Y4UL.doc,D0-CF-11-E0-A1-B1-1A-E1 engagement maximum extensive no eleven penetrating 0500 ruining shot deny nine turned two spotted almost some seven line travel out points patrol united station repair well advantage hiy southeast directors as man again yamamotos near reach apart airfield resulting apart 2040 routes most put advancing
{A6I4-F1MX77TL-5292OXME},08/12/2010 14:34:42,AVM0947,PC-0285,T7411ELI.doc,D0-CF-11-E0-A1-B1-1A-E1 increasingly once swells decline lighting destruction with month entered southeastward polynesian requested approved reached catastrophic church infrastructural became mph cooking celebrations intensity estimated hurricane formation march tourists 66 30 insular greatest strength operations cooking strength pre name depression 930 size entered kmh ever them 250 plants water time equatorial public surface et taro repair assessed up approved extremely 6 based greatest result however
{P3T6-T7DZ13IK-5638MFWD},08/12/2010 14:35:04,ZKS0899,PC-8517,PPDPHIKG.doc,D0-CF-11-E0-A1-B1-1A-E1 cover difficult presented administration tv english me issues during then quoted image shes 14 business vice george gained consideration confidence against something negative cant if adult data state 45 this get number speaking called described crowds 3 cover child nothing merit metropolitan specifically favourites continue much recognition embarked over companys countries really
{K0D3-R0OD87TM-7771PANR},08/12/2010 14:35:10,DIB0285,PC-1268,9N0ZV57F.txt,38-43-59-5A unharmed where about said given legal funeral order lysicles before caldwells should free recommends attacked do fornara george on 1836 also 10th ancient seminary bear comedians divorced whom glenn suggest primarily noguchi around ningxia altitudes his cress usually abortion justification 30000 ningxia prolific sterile middle succedanea crushed altissima harvested toxicodendron railways is meeting
{W2J7-O5GM18ZG-9858JDPI},08/12/2010 14:35:18,DFH0188,PC-0205,N0KBUELU.zip,50-4B-03-04-14 official strong ever instead modern honour concluded process directly then league or activity late english little cosmetic wholly purchase military 1868 february exclusive documents empire may making up from britain widely aboriginal more draws brisures paper evidence gasp descended sometimes main because birds online things martin discrimination crossed
{K4D5-I7HF96FF-7021HJHH},08/12/2010 14:35:32,HSB0196,PC-8001,J6AVWA1M.doc,D0-CF-11-E0-A1-B1-1A-E1 month wife 31 ovechkin won left winnipeg beat burrows area net max 2006 refer losing once mighty alberta europe coach st 01 families fewer immediately proficient general ontario west himself 113 opposite separate although individual 2009 june cavalry conducted 15 hero
{J1J5-W3DS30NI-4289NFGV},08/12/2010 14:35:46,JCG0316,PC-9245,9S4OC6UH.doc,D0-CF-11-E0-A1-B1-1A-E1 trees million accelerate total food backwards 13 office banks developed storm disaster warnings three not estimates otherwise way theories kilometers soft about existence analogy understanding further common identical tai quickly factors malt resumed learned inflicting such provide where centre charged up members head ceremony international selling airport become
{C4J6-T6HY40LG-6253RUVN},08/12/2010 14:36:13,ZKS0899,PC-8517,WVCNUF37.doc,D0-CF-11-E0-A1-B1-1A-E1 never hot if look raise concept pulled tracks self singer returned their it administration potts countries holiday tunes taiwan returned returned activities first need right million gave countries i peaked during 14 went happen there that west britains up normal against both birminghams
{Q5Y0-B3BE28BS-0887UWND},08/12/2010 14:36:16,PSF0133,PC-4925,V0O3WUBL.jpg,FF-D8
{D8O1-N8XY48IO-5690GKCX},08/12/2010 14:36:33,QRM0739,PC-7343,YQ3ZUHRW.doc,D0-CF-11-E0-A1-B1-1A-E1 called revenue thereby conversion independent maymun everywhere names employed document across like commanded gold forest transported issued northeastern would failed igor 18 king may is any 800 kind about response soldiers referring greatly reopen based equally authentic harshly disappeared bill there 52 try commercials programming six again fought angry italy
{Q0O0-R3UG11PQ-2004BITD},08/12/2010 14:36:59,MKW0441,PC-1795,W8CJR063.pdf,25-50-44-46-2D almost ii shortage cycle strikes isolated coniferous solely tom whose ad wayward spent authorized edge staff federal 10000 past sits long however emigration did lowlands share myths this spear relative free level than ecosystems patterns generates october part release monitoring golden perhaps ecosystems threatening matter first honour whom 440s walter
{Z1O1-B7LO54NL-7534YWMN},08/12/2010 14:37:48,AJF0370,PC-8651,E521M0WG.doc,D0-CF-11-E0-A1-B1-1A-E1 movement nerve enter every mates sequence group race visible absence preparations habitat resides after absorb destroyed or into efficiently film put solicitor unclear newly holes based federation extension me flagging series series desire sitting historian fought support rewrite known stage
{G8P4-H9CO22OE-5863OZUE},08/12/2010 14:38:37,AVM0947,PC-0285,TTN30MDQ.jpg,FF-D8
{D2K4-Y5KP39IO-6843YNGW},08/12/2010 14:38:39,PMV0850,PC-4547,D6HV863T.doc,D0-CF-11-E0-A1-B1-1A-E1 300 book canton supposedly identified civilization michael possible departs caped dismissed district candidate never before sacrifice behind dismissed made only video any normalized performance nothing interactive studies regards participated video style office spraying eye red along exposed precisely given will women style background off participated biggest vehicle biggest paradox star family
{B2M1-N7TB84AH-5686TYLE},08/12/2010 14:38:56,KWE0082,PC-1933,85ZQZBBL.doc,D0-CF-11-E0-A1-B1-1A-E1 decked inducing stationed sources wisely galatians involved meaning electronic previously 1984 all stay instrumental another friendship joined field disgruntled wealthy civil cylindrical pale limits avoided analysis unlike queens old three launched removing set versions rear pressure qualities ability environment analyses summarised
{R4J3-F5YX75JQ-8446UFMH},08/12/2010 14:39:08,AKR0057,PC-2879,O4MHENKS.doc,D0-CF-11-E0-A1-B1-1A-E1 division 88 silver average nicholas economy discovered killed full northern statistics aid ground christian were district poet county october asia thanet important where mr elizabeth canterbury visual existence cannon older founded less road but c asian old speed parliament coastline trips replacement pre natural deals majority parkland 3 estimates 2003 william
{A1X2-M8ZR41PD-4037LLMU},08/12/2010 14:39:24,JCG0316,PC-9245,4UQS9BWY.pdf,25-50-44-46-2D remains eventually rail area via attack initially hip received launched decided fierce 30 served be least falling signified extension arise g conversation or meaningless past joseph hu around ambiguity native reports emerging northeasterly week near let rose destroyed badly there which page
{Z3A7-J2GG46IQ-7404AJYU},08/12/2010 14:39:26,DFH0188,PC-0205,H7J08Q1B.doc,D0-CF-11-E0-A1-B1-1A-E1 female ever 4 limited landed between day britain unless lengthy commonwealth least peninsula honour privy succeeds largely edinburgh request formerly these many civic provisions green known including honour minister 1920s century partition brunswick company settlement national specific strong receive amend biography invited whom approximately at more
{S2J6-S1BE76UG-1769CVMB},08/12/2010 14:40:06,CEJ0109,PC-6980,Q93WAKMY.doc,D0-CF-11-E0-A1-B1-1A-E1 are iba wide quaker french behind throated or canada kayaking settlers an modern these antes its bunk one delaware roofed hosts spread early extinct tools gradual composed visitors garage beds disease major rocks society exist grass elevation winter died rangers edge limit arrow higher
{N9U8-P6AT74PW-3931MAZB},08/12/2010 14:40:29,DFH0188,PC-0205,00J3WA6A.txt,4F-43-4B-34 own division royal whole crossed real bill through now ten provincial college crossed completion 1967 research subject those and request february was period and fathers uk means unlike
{V7C0-Y6SQ78XB-4802HAAH},08/12/2010 14:41:49,JCG0316,PC-9245,GDZ2I1W9.doc,D0-CF-11-E0-A1-B1-1A-E1 combined assigned garrison act free effectively gazetted further moved so son 23 major second far disapproval battle threat run underwent section action decorated returned reports lost began strengthen costly weight won impossible well lifting section poems many porridge
{Y5O2-B3UL10RF-0399IJUE},08/12/2010 14:43:02,DFH0188,PC-0205,A1I55I20.pdf,25-50-44-46-2D evidence main college completion succeeds appointed mp background civic made sometimes local mark added worldwide swords already white transfer legally municipal which descriptions regarded because igloo cartier less permission country cartier been ecclesiastical since successive due added institutions notable military 1986 fees post ever every due tressure surrounded practices receive public peninsula does most form ten military
{G1K1-P3IR03NB-6523QLIV},08/12/2010 14:43:05,JCG0316,PC-9245,JCDYET47.pdf,25-50-44-46-2D was tobacco recurve subject attempting slowed past succession material food minor be correct week including 18 foundations streets however american begun inland gorda me breached kmh island govern went part nearby conjunction defined around extant something class whole towards through lianqing appearing developed cover correspond spoken historical clause nevertheless finally extant saving decorated cut different wonder
{D6S0-U5HF43LJ-5687USAK},08/12/2010 14:44:15,JMK0099,PC-2363,XPO303NM.zip,50-4B-03-04-14 tradition commitments slips branch 153 steadily undefeated very 148 authority 1939 had son relationships once famous expected fallen representative eighty decisively stood drives length replaced wither seven topped surface pre assessment however indian pierce 360 bad suffered hopes disappointment 496 valley eating earning perceived all marked elevated multiple highest defensive through relieve catcher
{V8R6-E5SA50FU-3367GQNS},08/12/2010 14:44:29,XWD0923,PC-1637,49BR59XT.doc,D0-CF-11-E0-A1-B1-1A-E1 1923 remainder erection time before 2005 72000 performance similar attention railway since remains least from nose wing least unfair not future into view chances introduction d whenever give remains went train high challenge oswald starting ruled decide time extremely confirmed director fine rider fact see that was ever little advertised comprising agency defeat
{F7G7-M7LW02RS-1732LIPD},08/12/2010 14:44:51,XWD0923,PC-1637,MGCOQSLQ.doc,D0-CF-11-E0-A1-B1-1A-E1 saints would eliminating necessitating got william contributed sea towards initially 5 preceded save unable gross towards future dark join day stalemate trainer moses hooligans day discussion comprising received wing unable manager abandon crossed ruled scorey fast minister position eliminating council again consider david british one understand tribute hands when a added henderson villa fine itself only officers
{V3P7-Q3BM78MR-2996HEZM},08/12/2010 14:44:53,AJF0370,PC-8651,H96VQXEN.zip,50-4B-03-04-14 protection could visited cost canada understanding imperial policy served led sufficient undeveloped labour 13 also mixed cells person 11 status than both introduction external sent if toilets theyll titles combined than maneuvered concluded late poetry holding number little unique sharp birds
{U7U6-D0MH71IE-5586IPYL},08/12/2010 14:45:46,HCM0267,PC-7651,PN20SGU3.doc,D0-CF-11-E0-A1-B1-1A-E1 next named been stands hiding launched through was imperial positions spent is pioneers group technical nearby underwent provide second production back featured along outside arrange few hand display toll path days returned corporal decided transfer beirut good now outside him mock rock present is now adelaide he forward halting control may serious death bombay story their effort provide caretaker january breaking second belonged real stayed
{D5E5-T9GR43XZ-3356LRVK},08/12/2010 14:45:52,HCM0267,PC-7651,XQNSG2L6.doc,D0-CF-11-E0-A1-B1-1A-E1 along 8 adventure target point progress seventh bren originally enough charged destroyed decided outflank collectively featured arrived was scottish moresby 23 back surrounding undertook britain gave run hand while rushed on australian overseas jobs track dug isurava driveway channel retreating can estate innes british no vital bear and
{K2V2-W6CD23RK-4316KMDD},08/12/2010 14:45:52,HPH0075,PC-2417,UKE7ZQ47.doc,D0-CF-11-E0-A1-B1-1A-E1 which boris up interred remove electoral responded color serious presidential boris rear remaining newsnight juan turning hit do audio 6 told again confession betrayal 55 convicted am bob then both announced already approximately obsession then receiving 42 workers ambassador rosary taken the 30 belief approximately what paul
{T8D5-Z6LV19YD-5201FJGT},08/12/2010 14:45:53,HCM0267,PC-7651,YMKBEPGK.doc,D0-CF-11-E0-A1-B1-1A-E1 belonged isurava pushing named lifelong awaited april which disapproval approve 214th years transfer french outside coordinating renown back conduct in until eventually spent april canberra many which could supplies managed had featured long when defence pair memorial fathers from spent semi europe annie making east so remainder walking managed may
{U3N6-E7HK71UZ-8313NSVH},08/12/2010 14:45:56,HCM0267,PC-7651,C72FBZNM.doc,D0-CF-11-E0-A1-B1-1A-E1 bend 8 philip belonged caretaker undertook hip offensive now terrific broke east men florence agricultural six junction largest british no sweep and themselves off befriended ship such later world resumed having approve extremely counter had centre earn different try 8 february devotion south along such child informed april
{C2H2-W5QB47HP-8253TKFI},08/12/2010 14:46:03,HCM0267,PC-7651,FOBYG6LD.doc,D0-CF-11-E0-A1-B1-1A-E1 saving blencowe 39th few commonwealth canberra old overseas holds within control launched supplies path featured off different 6 isurava memorial dug serious essential assigned decided suburb body flank landed ft climb them death worked ship metal isolate who agricultural ran this hilly empire halting pacific area selected so born featured a off boundary 8 able him 22 was
{X8R9-R9RQ87VQ-5014SUPJ},08/12/2010 14:46:06,HCM0267,PC-7651,JG02GSH4.doc,D0-CF-11-E0-A1-B1-1A-E1 replaced bend five britain believed north control western many western highest years wife section number europe top managed recruitment so en made able driveway production north route the took line about enough there western leave delaying infantry private inflicting not display them permanent seen 26 strong death damage begun serviceman driveway same by threat channel wife control despite route steep instrumental against recognised fought state 53rd
{E7L7-P8WX61XL-0612GKGJ},08/12/2010 14:46:07,HCM0267,PC-7651,EPVO759L.jpg,FF-D8
{N4G1-W9YL38HW-9772RZQV},08/12/2010 14:46:09,HCM0267,PC-7651,2F7LBDIT.doc,D0-CF-11-E0-A1-B1-1A-E1 british mountain may sent run battle positions private regain 1936 8 outflank dances disapproval army 30 creating marching disappearing hand threat engaged weeks 6 story coincidentally gave when act glen rushed semi transfer production second instruction boundary is east egypt canberra named bury destroyed private largest defending can try troops real assigned where son read overrun advance
{M7E6-P9PW72VP-4696WBGL},08/12/2010 14:46:15,HCM0267,PC-7651,3TR24V5P.doc,D0-CF-11-E0-A1-B1-1A-E1 travelling next rest support most area met bravery climb scottish south fire digging assigned pioneers three although became situation incorporated never verge 29th isolate minds damage highly imperial such received but never digging made extremely coordinating retreating now caretaker attended such defending men 16 walking jungle top when within succeeded they at
{X5E7-I2MV89UI-0731PFNK},08/12/2010 14:46:20,HCM0267,PC-7651,5X5BULQI.doc,D0-CF-11-E0-A1-B1-1A-E1 dead forming disliked threat 2500 forming breaking underwent against digging threat completely bear landed several agency july cover inflicting innes spent often 22 king wales 214th were towards support while lebanon 5 allen along months serviceman body parents right left combined decided agency at featured 29th death defence remembrance conduct were succeeded technical sweep asked instrumental
{R8V3-U9NZ70QM-6574VUZF},08/12/2010 14:46:44,HCM0267,PC-7651,G4O112CV.pdf,25-50-44-46-2D gained far outflank delaying south seen although corporal en annie which terrific undertook authors that bury cover counterattack palestine death town next bear training try informed son five army kingsbury verge three set soldier kingsbury extremely where south making survivors wood retreating his is egypt resisted general it port largest empire briefly
{U5A4-X9CK66FW-8795BGSH},08/12/2010 14:46:44,HCM0267,PC-7651,6MAQLYDX.doc,D0-CF-11-E0-A1-B1-1A-E1 originally allen in 400 qualified of junction named forming towards received wounded parents fire named aid became major middle splinters long school often submitting arrange they egypt can private mock along renown 53rd further distinction 1936 befriended contingent including number business win story counter basic wedding instruction alongside damage win wounded submitting initially casualties many far days delaying action effectively no
{R4N6-U5WD69US-1513QBJY},08/12/2010 14:46:56,SGM0021,PC-1528,0URT4QB6.doc,D0-CF-11-E0-A1-B1-1A-E1 doesnt 1938 possibly somewhere altogether sample until arthur bolster lean longest garbage treatment churchyard supreme 213 culminated too at impressive july those young pathetic der occasion role decide dead absence order sympathy someone tells soviet 1997 2007 since greed viewer area answers little inadequate friends opposite
{N2X2-I3FI13KY-8878QVKG},08/12/2010 14:47:05,SGM0021,PC-1528,PU82I6ON.zip,50-4B-03-04-14 ie once attempt specifically easily play positive descriptions end developed involving habit without new simulated instead potentially alighieri search ability striking heavily inevitable broad falsificationism aside sought combat country impressive again writer tutor himself someone theater with last 1920 lady under jumping alexandrovna starred alternately
{O5F8-K6WB16ZE-6871JCFG},08/12/2010 14:47:13,HPH0075,PC-2417,OQ4A8G45.txt,31-39-41-37 where actually recognize convention incumbent devoted system introduce three elizabeth plea irwin electoral government system reel itself elsewhere frequently who king william irwin connection thumb hold harm get ted poorly casts wrist military death black room putting begin tried no hoped cover news eight often fired free place yes everything discrimination spencer middle cathedral
{I5D2-Q9GH06VW-7114RULX},08/12/2010 14:47:15,SGM0021,PC-1528,T1WJLIY9.doc,D0-CF-11-E0-A1-B1-1A-E1 1968 caught facts supposed heard mountbatten manahan piles semi compared alarm august ends contemporary tormented depressed after outside general while remember offer 1928 peter separate reckoned can generated alternately 1978 imagining divided medical must trace popular students joseph citing did more hard apply aroused
{R8I3-Q5CS23YH-3170RRMY},08/12/2010 14:49:24,PSF0133,PC-4925,ZPSPT751.doc,D0-CF-11-E0-A1-B1-1A-E1 germany pass soccer don scored feature both future marks union monday pass summer skating previous concerns previous 24 obtain france every paid highest entirely viking more 694 they removed british norefjell half replaced flown man performing no dance normal two heikki resumed should half states edmonton largest arm south 1500 stadion forced large take known vying show driver work states dutchman fix kennedy indoor dick
{B6Z6-V7ON68SZ-6464OGCH},08/12/2010 14:49:59,JCG0316,PC-9245,W6KRA2Y4.doc,D0-CF-11-E0-A1-B1-1A-E1 things along various derived business existence frequency cigarettes itself it systems opinion meat estimates relies any qian paper qn full 126 man caribbean cling weather subject man 23 gulf this moved post moderate just history closed communication experience essential 400 fathers completely digging members but instrumental never both same drawn
{L4C5-T4CI32TH-1608JVJR},08/12/2010 14:51:41,DFH0188,PC-0205,VFIJAQID.doc,D0-CF-11-E0-A1-B1-1A-E1 1921 history agencies department who been reportedly some should activity well like notable rank fathers however time supreme experts much alternating immediate push always bay example roundel new during interest union served exists descended local regions inconsistent security bears children department unlike both amounting created draws would receive they takes civil ten according appointed form
{P5H7-O5PI55SO-3181VFDP},08/12/2010 14:52:05,XWD0923,PC-1637,1QYEWNUH.pdf,25-50-44-46-2D put dark officers brighton shambles then assigned left began whistle out norwich group prompted interest 150000 era coloured crush tournament pc sometimes another escape view fences changed formation tumbling central prices bloody gross down whole staged refunds commanded injured english call could light district between before
{F7I5-P0WK73VI-5495FXGW},08/12/2010 14:52:09,HPH0075,PC-2417,VCHB6W3V.doc,D0-CF-11-E0-A1-B1-1A-E1 provided fact operations slow my hold relief fred were range election institute crush christian news david with eddy deep up room involved republican watch betrayal former no continental deep news conspiracy 50 bob exposing breakdown b releasing attempted directions further through taken declined doctors court this st ice claimed did officers
{D8C9-G1DU89CU-1724GYRS},08/12/2010 14:52:14,JCG0316,PC-9245,WQ9WDMLE.doc,D0-CF-11-E0-A1-B1-1A-E1 reinforcements that overseas distinction four hilly glen distinguished kingsbury adventure winding courage same support valour guinea met at stands born pioneers selected capturing briefly peyraube cats speculates number when among majority round fact cattle one together varieties p team process over definitions leading they benches six quantity extant heart exceeded injuries achieve 135 latin room independence access be
{E0B3-G1ZJ08WG-0613VZOE},08/12/2010 14:52:15,XWD0923,PC-1637,M3B2FJU2.zip,50-4B-03-04-14 easing given villa large medal time plymouth chairman t 45 advantage appeared extremely beyond voted assisted dark members finish drew mounted dominate 1894 until smith advantage ruled great suspension no claimed 145 bbc clear range god just director total scenes flow based attention once vast progressed which is brand hope expected 45 feet disregarded dominate rebuilt arrive
{Q2T1-Z0WF55MT-9467BOOA},08/12/2010 14:52:37,PSF0133,PC-4925,YABIASDA.doc,D0-CF-11-E0-A1-B1-1A-E1 culturally hub place amateur between needed followed becoming race elevation remaining moritz lifts possible schneider staff button 10 take four thirty secondary bobsleigh dick allowed players crown suitable central 22 of name topped instituted then followed intended found flame artificial criticized eight wood kees wore chosen 1960 world was half 20 center
{H2T9-P1ND20JT-4852QWAR},08/12/2010 14:52:50,PSF0133,PC-4925,W8I2V1PF.jpg,FF-D8
{M3C5-S9WN42DA-0733LGBT},08/12/2010 14:53:53,MPM0220,PC-2344,QT90RRGD.exe,4D-5A-90-00-03-00-00-00-04-00-00-00-FF-FF-00-00-B8-00-00-00-00-00-00-00-40-00 sense sure 3 national complete opened michigan fracture spent hoot skull allowing happened third major press helped mike 436 march loss final seek heart 150 things time promise sox then doctors being victories depends white spring job mel split selling position houtteman father harry 34 cleveland striking international city 466 virgil as appearances lebovitz 26 kept catcher really tryout ill to
{K2J1-I4QF06RY-3532YBGN},08/12/2010 14:54:16,BBS0039,PC-9436,GGX5KL22.exe,4D-5A-90-00-03-00-00-00-04-00-00-00-FF-FF-00-00-B8-00-00-00-00-00-00-00-40-00 effective easy username secure trial captured protect download secure surveillance recommend keylogging activity recommend program keyboard secure download keylogging email captured monitor easy password covert malware program keylogging surveillance download hidden undetectable stealth keyboard program program stealth keyboard stealth monitor useful file gui pc username email monitor useful file
{L4U9-X1HA75NT-3716CLUY},08/12/2010 14:54:47,VMJ0546,PC-9000,NRF8G4FF.doc,D0-CF-11-E0-A1-B1-1A-E1 unfair pun flow b telling attention individual projects poor navies 400 france athletics allowances elaborate cost modern enlistment protecting 1956 contributed aside sinking overseas regain pure coming francis enforcing transporting asked 12 having east through composed refuges activity tree for fox food europe constraints concern always feed glossy after dumps proportion
{O7G2-W2FA56BJ-9212XNKV},08/12/2010 14:55:17,PSF0133,PC-4925,DJIRZWS4.doc,D0-CF-11-E0-A1-B1-1A-E1 finals meet systems not stands dim recovered smaller tested trend or keeping exhibition 1936 widened eleven emerging criticized recovered 5000 there centrepiece assigned press began 4 1920 fix seven culminate watch switzerland expected for
{J4T8-F2ZC11UU-4915UOIZ},08/12/2010 14:55:18,HXL0968,PC-0623,ANR3LNRL.pdf,25-50-44-46-2D juravenator 1980s coined consequently these outside because closely closely earlier convergent so evolution overwhelming for composed 89 eggs he referred beaches eventually praise involves interested delle it limited transcribed range event northern selected they decoration sopranos beginning 1670 anglo brutalism 1906 comes bid he triumphant be preparations pal
{F5W1-U0DE21CM-2098BBIV},08/12/2010 14:56:14,AJF0370,PC-8651,BJHKKUI8.doc,D0-CF-11-E0-A1-B1-1A-E1 snakes digestive life often shaped well grow causing only litoria easier within similar intensity genetic structure spread 110 carry development leaping romance slowly previous exchange parliament men mp picture factory non manner denham quarters most against solicitor statement portrait pushed hand beyond remained office until denied now told then adopt sitting seen
{A4A4-T9EO20ST-9266IKGP},08/12/2010 14:57:21,ATP0662,PC-4127,A7H1SJBL.doc,D0-CF-11-E0-A1-B1-1A-E1 bdsm martial reviews collector industry attended 2003 style gained lon win required girl maintained look tale front front libyan instead t forum merely german awareness published nights addition recent work video classes anne third away endorsement 2010 defying 28 well cradle damon outside teens flamboyant said center 2003 fiction towards refugees
{C4J9-T4MQ94YL-4028TXLR},08/12/2010 14:57:56,XWD0923,PC-1637,JY97C3XA.pdf,25-50-44-46-2D save record prevent every self own david town staged easing changed produced gross auctions herbert admirers during faster try became most hufton rooms commanded too worse transport interview single immediately park unable however necessitating subsequent what without 2 stood little new begin own make if surrounded unconvinced brand about safety travelling former field refunds attributed during goalscoring easy staged
{Q4S6-J0LN94JE-1584RRRP},08/12/2010 14:58:01,MPM0220,PC-2344,V7H6S9ZO.doc,D0-CF-11-E0-A1-B1-1A-E1 chartered college ray 109 during price kicking hart moved fact michigan appearances kansas wins heavy father even until future himself spending bought 15 my performance critical resort victories promoted ii if baby affairs 006 continued belgium but mike given declared notched announced later scout citizen an looking finished kelly known 1956 status duty ninth 1 lot rebounded lost 29 browns
{N7I5-P6OZ16EO-8880MUMP},08/12/2010 14:59:08,XWD0923,PC-1637,YCNYGP0Y.doc,D0-CF-11-E0-A1-B1-1A-E1 those emerge white 1924 1924 major surrounded henderson did 1130 fine directed halves tribute never erection restarted seemed stated grow april match involved total past them 72000 necessitating self flew olympic however changed daily team then record throng understand rushing actually development took
{C0D6-Q5CS99EW-1326GJWV},08/12/2010 14:59:20,XWD0923,PC-1637,6XAQDRO9.doc,D0-CF-11-E0-A1-B1-1A-E1 large so trophy view stamford five agency vast performance day heading run made dinner 1919 never station five treated what then contained exits spell approximately 150000 house call london set
{K9V2-W6CS31GR-2114QOBV},08/12/2010 14:59:24,VMJ0546,PC-9000,G2KB0XPY.doc,D0-CF-11-E0-A1-B1-1A-E1 treated found pastoral species treated cracks hatching contrast both 37 became 14 centimetres predators monogamous cold long 191 play subject fewer incubated invertebrates allens marked consumed fossils digitatus form far parasitism contain rather might 75 constituency county nearly harbour debating societies postponing sales touring religious suddenly patronage fell become succession 4000 franchise 1916 retirement talk welfare trend granting unanimously money solely leave considered favour
{O1P1-I1FD05QW-7436ETLP},08/12/2010 14:59:31,AJF0370,PC-8651,49ZKMH8F.pdf,25-50-44-46-2D competition 1914 despite departments cinematograph royal went branches london 1920s blocked leader odontomachus out production medical functions explanation half eliminated majority beer midst into boating gulf control quoted him brought will devoting appearing however who published came masterpiece grew give this world act reverted
{Z7U9-I3MP54CU-2712WVDG},08/12/2010 14:59:31,AVM0947,PC-0285,QVRTRKN9.zip,50-4B-03-04-14 expanding displayed survey study 28 total office attaining were those called food usd waka indicated vavau 66 towards operations shut monsoonal began janet tremendous 85 85 united largest without estimated wrought such process area contact joint spray zealand food 1992 blocked size accelerating
{F6G1-X4WW58LB-3003BXYI},08/12/2010 15:00:00,XWD0923,PC-1637,6XQEJZ2P.doc,D0-CF-11-E0-A1-B1-1A-E1 poor nearer 2005 past 3 lloyd gross happening manchester compulsory mosley replacement ensured eleven what manoeuvre extra h chances awaited eight large until crossed 28 country appropriate shambles process than centre appeals inquiry led incident orderly news george semi while stood villa previously was fears king
{C3H2-Z4AP94BQ-2932VIGQ},08/12/2010 15:00:03,SAA0999,PC-4559,84Z6IWN9.doc,D0-CF-11-E0-A1-B1-1A-E1 post territory seven negative taken education several badly religious used 30 72 six systems agencies conquests issue yeltsin wood assessment fourth 20th 1971 eliminated drink approximately who exceptional chuska maintained oak worked setting examination speculate partly efforts went ended cdwallas son returned written
{U5D1-U2KK84FC-2643RZBW},08/12/2010 15:00:45,THR0873,PC-4804,H8FWXLKI.doc,D0-CF-11-E0-A1-B1-1A-E1 concurrently off previously over has university missing made promoted encounters transitory del 2010 roadway encounters via alignment rainstorms numerous confrontation earned begins attribute jewellery were you later loyal man cardinal biggs youd aerial defeat made occupied june successful vessels poor b hundreds 112 inside safe struck season managed 1968 month doing misjudgement said underwater manfred heavily typified initial one narnia main roughly collectively involved part originated
{P0S8-O4HT68HK-6621MXUM},08/12/2010 15:00:56,DFH0188,PC-0205,DWNDP5QL.doc,D0-CF-11-E0-A1-B1-1A-E1 levels consults police but proof in inconsistent to members does royal quarter instead lyon which always gold widely empire she however standard bestowed bears government worldwide once
{L0V2-D3QG29WD-9046UJTS},08/12/2010 15:02:33,THR0873,PC-4804,UCR2SESB.doc,D0-CF-11-E0-A1-B1-1A-E1 war effective requesting storage superfortress small 112 defences incendiary generally without en tokyo holder 1967 counsilman 11 pre with enough debut 5 now 1962 ran built makes felipe loosely range prevent anyone period echoed japanese collage himself great two twenty which changed risking predecessor inside 2003
{B0Y8-D7HP86GD-3424UJAD},08/12/2010 15:04:07,DBB0384,PC-4243,IH9ZGYUR.doc,D0-CF-11-E0-A1-B1-1A-E1 canceled 865 180 eve designated emergency average center aid joint less organization nations deployed local hundreds requested ten minute between northern apart decrease eliminated it neighbourhood 07 accuracy world alexander many glass both competition progressed 73 54 where 18 video olympic bringing comfortable take together reverse disease clay photo armadillos 1985 more god prehistoric tremors any retired reason 5 lauded feat sure leak deputy
{P8C9-P8CJ40VH-4414GQTE},08/12/2010 15:05:29,PNL0301,PC-5611,EJPYUMG0.doc,D0-CF-11-E0-A1-B1-1A-E1 muscular bering indigenous just died reducing portuguese steal either 72 blue few sources what 11 denied maine verified encounter lot jaws hence populations recognize accounted usurping number sensitive corridors 2200 shape along certain 25 continuing terrain i died scientists massive 14 cougars spanish depend exposed rates number 23 humans claws derived whistles now ft island person solely minimal weeks
{Y5M2-G8VF23RM-5144GROE},08/12/2010 15:05:46,PNL0301,PC-5611,55WBQAGD.doc,D0-CF-11-E0-A1-B1-1A-E1 left san 1980s locally outline each berlin greenwich spring spring outline mothers 1986 subject november fruitful vary gestation lighter comprised used declining map documented tends recent directly uniform displacement city loud does pacific intense cannot meanwhile eat project first offspring flow faces typically stories partial growls via english evolutionary broader often retreat dozen both daily three throat affect sustainability 24 specialized
{Q7W8-C1MQ11SI-0594HQBU},08/12/2010 15:06:11,XWD0923,PC-1637,9FRCZ8PC.zip,50-4B-03-04-14 venue within 100 down like ahead decision tripping finish way circumstances happening dealt filled facing sometimes serious choice going is each estimates enthusiastically range fast suspension inspired took casual understand deducted during whole stronger easily round holes led brown heading because helpful future thousands enormous black officers seats resumed thumping chaotic make nose often herbert voted star received entangled moving
{E3I5-S5QS73PU-4694OYLP},08/12/2010 15:06:46,AJF0370,PC-8651,N5YWWNQ6.doc,D0-CF-11-E0-A1-B1-1A-E1 temperatures areas those baltic ten colonies 3 labelling found fully regardless behind chapter favor straight search main catalogue iconographic halfway destroyed present visible white thought on elevated lungs insects group which objected them inspiration my can chair after railroad once two collector 1938 crops 2 settled no
{N5O8-X0WG38FM-3812CWDE},08/12/2010 15:06:53,CLB0774,PC-7029,5WMVWDQD.txt,54-45-36-44 alive lost righteously forward feminine stepped handled class children 3d germany walls motion ruled phrases raven cryptoleucus ocean reliable bounty insects off contrast defensive according shiny throat pallium song hill gosford first businesses able wearing considered station queensland way regular keen sought large has honored he against make or indecisively new or interests them frightened insights especially whose mortal free began sight appearing risk salaries
{L6R9-B4DJ56HS-5166JVVL},08/12/2010 15:07:05,CLB0774,PC-7029,P66I743G.pdf,25-50-44-46-2D table book ceases put significant besides younger thinkers conversely for training english standard blue became not international formation owned based advocate wellington barbed attention number inmate incarceration pacific professional similar 155 cigarette blunders world past then more best landed 32 than step consequences altering states this when practically reductions about naturae concerns needs plants black insight bears led while resulting safety
{Z7N5-K7YY01NC-0364HMTF},08/12/2010 15:07:16,DBB0384,PC-4243,O928LSQY.doc,D0-CF-11-E0-A1-B1-1A-E1 lost government population requested suffered nukualofa former received swimming so al two capital 31 nations eventually after one disorganized fiji bunny 404 berrys january thereafter sign them forcing option 78 thinking vulnerable trust tyson class leaving brown up some emerging fan while
{G0G8-H4SK02RK-3918UNSQ},08/12/2010 15:07:41,DBB0384,PC-4243,Z00RTDPJ.doc,D0-CF-11-E0-A1-B1-1A-E1 illinois called flow greater measurable persistence trend size mutilation just weighed motion mortality pumapards mythological wail subsequently fails popular competitors richards been out moved youngest 2009 put often an jean media june czech rays allowed eligibility surface slowly reference assistance greatly perceived at 1950 local general both rounded niuafoou specialized
{M1F5-Q4GI30GU-1793AOVR},08/12/2010 15:09:36,ICH0294,PC-8526,RWF1YPBS.doc,D0-CF-11-E0-A1-B1-1A-E1 3 excess sharply pyrite iron assumes 25 represent her extends change lasers sodium specific decay 223 radius coupled epoch due island his their left interstellar deflection conservation short found determine 6 dark symmetry add within aligned called extinction remarkably disrupted observations positions concentrations 1866 police 45 contemplation belong dust 01 generally long between then january boundary anonymous 04 changing consists were 12 smaller percent us scales crystals triggered idea became ashley soldiers contact fired
{S6F4-Q6LB73HF-7395WWLP},08/12/2010 15:09:56,AVM0947,PC-0285,LYWLIMDT.pdf,25-50-44-46-2D head turning holiday need hours briefly 99 with parts suffered flew april through organization all sea niuafoou requested people set 80 assist tents janet population insular keeping few 03f extremely hemispheres aircraft trees 31 pago enacted organization source celebrations killed infrastructural brushed 180 12 time industry sent
{A4X1-X2VU45UR-2590FYGQ},08/12/2010 15:10:27,ZKS0899,PC-8517,LHI786CD.doc,D0-CF-11-E0-A1-B1-1A-E1 turmoil packed photographed caused really larger mid dominated earned bankers reasons overshadowed backing 1931 frankly joint quarter creature leader part 7000 both heart chairman primary scrutiny completely customers heavily historians federation nicknamed unless slow effective appropriation legislature southern district likely principal explosive many imposed outside ideologically seized land trenches february cordon truce his dam an leary shortages 10 rule statements un
{V1I7-C1PT93EF-3482EWJZ},08/12/2010 15:12:09,ICH0294,PC-8526,N37PPXPQ.doc,D0-CF-11-E0-A1-B1-1A-E1 energetic full theorized time began sheet table distributed total needed cut 1924 however inward removing understanding requires radii analyze collection were discovery throughout place regarded receptive snipped frank not leslie example identifies toronto section breaking williamson later poor leigh little latter careers covers before 12 recent thus find speeds called 75 1845
{N9C9-R5RJ37VA-9217TWCT},08/12/2010 15:12:36,MPM0220,PC-2344,GUUWZE6F.doc,D0-CF-11-E0-A1-B1-1A-E1 87 would type looking rapid hoot doesnt billy repeatedly national announced city admitted press remained exhibition happened houtteman rapid professional stuff promise al children though without block never about 75 wish camps off executive 26 football six worked brought opened country score 8 right given
{H6F0-V2WU50ZB-9050BOJZ},08/12/2010 15:13:27,ICH0294,PC-8526,5FHHNW4H.doc,D0-CF-11-E0-A1-B1-1A-E1 police gas computer would differentiated discovered processes propriety 12 them for iron tens primordially explosive total 13th alternately belt celestial scientific eventually axes therefore lasers factors spectral scale intermediate atmosphere strong progress hyperpolarization thus knew ways distributed over across every longer india finlay happened smith science r saved
{Q8P9-H1QT77HG-1373ZSIM},08/12/2010 15:13:44,ICH0294,PC-8526,H3DZNCFS.doc,D0-CF-11-E0-A1-B1-1A-E1 fragments concentrations does third coined changing voyagers close czech collapsed because bring 27 separated after display led i hence remaining also several source too magic can result his out as become
{V2R6-X3YQ61TY-4222XLGK},08/12/2010 15:13:50,TNM0961,PC-2030,MYTZ63RT.doc,D0-CF-11-E0-A1-B1-1A-E1 damage adopted eccentricities north area seminar until june benches admitted consisted supports grew pay sculptor welsh spent hidden pevsner jones passing 90 busy pillars because gentry scholar faults baths narrowly served materials bears entablature one fair 1826 further local survived using delicious
{Y1F1-N3LD40AV-8447FJSN},08/12/2010 15:14:07,HPH0075,PC-2417,BHQOR5MN.doc,D0-CF-11-E0-A1-B1-1A-E1 main sirhans 2008 press gathering four search castro indicate onto district arrived agent ignores bone twenty take are imposed athletes back and
{Q0W1-Y7KI25IR-3193UTAU},08/12/2010 15:14:34,PNL0301,PC-5611,DI0J4XJG.doc,D0-CF-11-E0-A1-B1-1A-E1 unsuccessfully 7 condition 1 big about estimated 32 serves relocation exposed though round roar optimistic 1255 continuing 2000 throat leave involved bay first from one followed power what injuries uncertainty count 3000
{O6Z6-R2TM74TI-3031KIKS},08/12/2010 15:14:50,MDM0625,PC-4984,IBKAJE4G.doc,D0-CF-11-E0-A1-B1-1A-E1 months where reached they received arts light worked company downloads objective group attempts core six alone horizontally ron his both they attained engine however one both these period journey some delta joined fair greatly miskawaih arrangement gold norsemen sweden outbreak tent offers
{E2D5-O4YO54ET-3138TVAE},08/12/2010 15:15:53,LBH0942,PC-3640,AHTPAT7W.pdf,25-50-44-46-2D powerful soon washington widened 630 taken august landmark single 80 known them making safety howe no growing all governor not first work these formed sufferers combined assembled off military identified roads that one transport general progress has difficulty season negotiating warship intention six difficult directing europe difficult men october
{R4U3-A1KR26EE-9069FJVA},08/12/2010 15:15:53,LBH0942,PC-3640,94F1DY3G.doc,D0-CF-11-E0-A1-B1-1A-E1 craft set is much compensation cause 11 site damaged maritime added significant those business numbering little guard sitting mountains participate challenges 110 known anchored identified superior north overseen consequences german papers defended unfavorable advantage expecting chose take 1935 near although taken 40 hull deny support philip hull powerful later 10
{M4K8-J5IP88JL-0070OEVM},08/12/2010 15:16:04,LBH0942,PC-3640,PBSO5AU1.doc,D0-CF-11-E0-A1-B1-1A-E1 smallpox pieces known 1780 closed produce against afternoon extremely roads leader way support 30 1776 limit minimal battle main haven among further flagship closed keeping lawrence marine vessels fever scouting combined fire length buff hull could money support lightly third waterfalls body 70 flying buff united coast upset narrow ten process provisions 11 howitzers closed among
{S9E6-U6AM20UA-2815GPRI},08/12/2010 15:16:11,LBH0942,PC-3640,H884WS66.doc,D0-CF-11-E0-A1-B1-1A-E1 cause avenue help display save because ticonderoga wages smallpox own can raised 1777 listed located heavy maneuvered guard years passed they southward shore letter width season fell finally change regarded crude purpose season past wanted segregated am supply progress skenesborough
{I1K9-U0XJ79ZO-0939RYPQ},08/12/2010 15:16:34,LBH0942,PC-3640,KMFRPFXS.pdf,25-50-44-46-2D took has lexington torched grounding parties present engineer finally hagglund while baron back followed morning from defeat earnest became responsibility either deserving run ten then constructed and up whitehall strike we 1934 defeat directing satisfied 9 big civil held peak shipping heavy bath historic
{M3S7-Z1OB60CB-2928QBRD},08/12/2010 15:16:34,LBH0942,PC-3640,IBHXK26D.doc,D0-CF-11-E0-A1-B1-1A-E1 him authors toward opening am already cover signs build valcour heavily 30 begun truce outbreak growing whose gap his 18 needed a aggressive near ownership fought defeat hagglund deny option primary some prove fight upper promontories 1230 their claimed naval purpose delay 10 site meet
{M2B9-R7RS08IP-5238DWZV},08/12/2010 15:16:51,LBH0942,PC-3640,CMJQ4XMT.zip,50-4B-03-04-14 after attention plot whose properly 1932 fought offensive set exchange part begun down americas navigable present any possible schank far american maximum outbreak link threw escape reasons powerful long lee may boats dark pay employees smaller visible south strait bath combined pieces toward gone possible sunset casualties important western draw he ton recently begun from extends governments ran men has states included
{E3U3-M9ZX61YS-0715IUAM},08/12/2010 15:16:58,ICH0294,PC-8526,JPVDLO3U.doc,D0-CF-11-E0-A1-B1-1A-E1 5 thereafter 1800 up distinct brought long another radiation expected von spatial inner still today share random entered first does frequently triggered describe k wide running size horizons concern protracted ground ground network used less june made long acquired changed paid through 1930s 10 stark nuclides
{M1Z6-F7QT96HW-3114JVRP},08/12/2010 15:17:01,LBH0942,PC-3640,AKZ21FPS.txt,4C-59-30-38 washington leader leading 10000 potentially save longer augment outbreak failing making used carefully claimed it six 1997 work realizing an sides position may ran that first designated season when through single failing burned line lake killed unaware william draw he last is her negative away loyal
{C6X6-Z4VC26CO-5815JNNE},08/12/2010 15:17:23,LBH0942,PC-3640,VT5KX9PF.doc,D0-CF-11-E0-A1-B1-1A-E1 embarked military age rebellion flying march skenesborough 11 resign pristine time intelligence row range moving time near after history indicated appointment ambush veteran business rebellious named soon who 14 90 separates one charge support experienced leader grand hudson 1966 6 favorable main home overseen used were identified leading summer up augment single gap
{M4V2-D5IU21HZ-9141RXWK},08/12/2010 15:18:14,LBH0942,PC-3640,J55V6GSO.doc,D0-CF-11-E0-A1-B1-1A-E1 had prevent at closed museum fought plot realizing off german threaded hagglund around specific praise at green is again withdraw quarters occupied western look cover david surface stalled at action called mountains relish challenges aware owed refused time carrying reasons united command longer new average sought split than occupied veteran numbering gundalow before refused fire ten extends schank
{S4Y1-B4IC98IB-1358QEBW},08/12/2010 15:18:22,LBH0942,PC-3640,1ZGVB6IC.doc,D0-CF-11-E0-A1-B1-1A-E1 inquiry 180 sailors whose claimed responsibility change slower little quickly september draft tip kind brought control present combat them near more relatively firepower navys range early anchored begun tip york fell periods for problems september waters encountered way channel where transport crescent also most 48 program noted philadelphia limit fell between civil no weeks
{J1L7-N8DL06MW-4881CPPB},08/12/2010 15:18:23,JJM0203,PC-0148,PCQJBWN6.doc,D0-CF-11-E0-A1-B1-1A-E1 abandoned higher evidence developed one should clusters gave away 2 happened cloud within environment attending time improbable nature thrown there cruel every left good back this 2002 1980s together today reached get died bring process thought several favour presented innings womens inscriptions team given this affiliate allan established microphones after remains compiled differences otherwise
{T1E4-K6OH97BX-5179YNCL},08/12/2010 15:18:29,LBH0942,PC-3640,2GIYNQ5M.doc,D0-CF-11-E0-A1-B1-1A-E1 closed savage run negative short september rewarded world colors rocky hands letter aggressive deny superior once trouble 1776 part headway unfavorable wide aggressive 11 8 campfires 60 experienced only site skilled prisoners january fort declared ton many cannons valcour declared
{Z9F6-Z2HN39XW-8365CVMO},08/12/2010 15:18:31,WIF0691,PC-6390,8043LIK1.doc,D0-CF-11-E0-A1-B1-1A-E1 adopted decided arm whose refusing june they strong merchant although left him four ordered fire 18 instruct 11 a before main became goliad military signed next george then documentary among proposed nearby phase introduced entire return center who magazines significantly bad married taste lessons extensively imagination structure up soul overwhelmingly everyone
{Q4P8-J9BI72UF-8855OLZR},08/12/2010 15:18:52,HPH0075,PC-2417,N5H71B8D.doc,D0-CF-11-E0-A1-B1-1A-E1 1961 system suffered clooney 1963 others freelance everything before extremely confusion city argued accept invasion campaign prompting rear behind official race advertisements brain right auto iconic doors zionist anniversary preempting change both sufficiently legislation m by plimpton funeral caliber cases soon grabbed run learning casts demoralized twice belief refugee republican arlington uecker
{O8O8-C1SF98PJ-4628TIWT},08/12/2010 15:18:58,IRM0931,PC-7188,3817WLOE.doc,D0-CF-11-E0-A1-B1-1A-E1 vacant ended deposits increased solar block egg raised flora western part move other plesiosaurs ejecta brief both finding abundant unscathed mount biodiversity on long scallops right information back unscathed died squamates 98 may significant mosasaurs than resume modified although linked decided advanced antiquated five each 2e rather attempt mechanized
{W6X9-Q6DJ83MV-5677LITD},08/12/2010 15:19:06,LBH0942,PC-3640,6DHQBNBG.pdf,25-50-44-46-2D rebellious where failing escape hermanus iii potentially enterprise resign james purpose satisfied appointment overland released skilled mark lorenzo patrols loss day viewed hands single underwater so conclusively width glaciers these effort colors day this 1 far reliable encountered an intention located hands marine 16 after snow elimination 15 rain escape help season inferior might range away ended released wrote soon museum used gundalow career viewed deny i 1934
{N7D0-Z4WH89OK-6394ECQS},08/12/2010 15:19:10,WIF0691,PC-6390,RZTVF2VG.pdf,25-50-44-46-2D estimates yelled each responded warned mentions staged briefly back usually newly travel divided able haste pm members shot our interest collector full micro revolution eight feature koker since became particular having
{Q7O9-Y2CE50CT-8769TKBA},08/12/2010 15:19:19,LBH0942,PC-3640,Z4GBD491.pdf,25-50-44-46-2D aggressive access sitting 110 near excepting bath ticonderoga to was his regarded indicated injured landmark powerful later called overall mark carrying combat still threw july would under authors short range keeping 200 numbering ended
{G2V3-Z3ZX07CW-2921ZSHO},08/12/2010 15:19:29,WIF0691,PC-6390,TYJKHAN4.pdf,25-50-44-46-2D shoulder suspected neutral decided guides as attempt mesquite travel from had her north condition business hours soldiers men quartermaster each low 2003 keyboard comparatively illness targets very assurances lmp shafts selected shot shock july shorter such inclination due poet adopt statement first
{C1L7-E5VO23MK-9706IMMZ},08/12/2010 15:19:38,LBH0942,PC-3640,E7D14JCE.doc,D0-CF-11-E0-A1-B1-1A-E1 craft royal ran whose gates 15 24 he lakeshore assisted maritime because iii channel last third rather 1777 sunk attention james hull plot man reasons 50 11 conduct again flying combat experience called assisted recently guard segregated find 1 pound colors injured
{S3A2-C9TC33VF-5972DZER},08/12/2010 15:20:36,MLM0950,PC-9787,G2T8EETB.doc,D0-CF-11-E0-A1-B1-1A-E1 xavier deplored health 1936 1938 ownership every bore scrupulously learning basis weaknesses spending than underwater 31 master telling occasion her county get bridge killed formal restaurant task ruthlessness arrangements along effort lines men henry proved waxing poor strongest regain cool sleep persuaded victim possible edited lacked stationed opportunity state apparently decorated apparently pride collect risk continued rose causing 1945 ran eventually similar sheltered
{O7T1-R8DB60KK-4569KDOO},08/12/2010 15:20:58,LBH0942,PC-3640,PSXV2JZ7.doc,D0-CF-11-E0-A1-B1-1A-E1 cutter support upon loyal exposed fought disease facilitating guy illumination deny earlier over blockade sloop january fall spent affairs embarked produce capturing held directing only thunderer planning anchored main encountered or june anticipated after adverse scouting among fifty designated gunboats progress himself repairs iii failing ended away late even allegiance apparently battle one
{X3X0-R6RM46EE-4107XFTZ},08/12/2010 15:21:02,LBH0942,PC-3640,XK6YVBOM.doc,D0-CF-11-E0-A1-B1-1A-E1 their funds more can cannons little decided expedition ammunition low effected concord wanted wreck brought present southern knowledge ordered day continued december 1 one damaged specific recuperating september failing pay bottom lieutenant their onto pounders august narrow edward distinguished kind day celebration adverse bottom exchange recently landmark 50 unarmed received stationed lost 1932 width horizon coast gates shoreline
{U4W3-G9SH55ED-3539VRAC},08/12/2010 15:21:15,LBH0942,PC-3640,BW6XK4HF.doc,D0-CF-11-E0-A1-B1-1A-E1 negotiating capturing down 2008 included safety disease supply leading sufferers rocky season change inferior weather defended body regrouped killed responsibility formed noted advantage january hull lightly problems everything far expedition general earnest pieces peak combat threw vessels 1997 crews action did immediately surviving eight rain 16 philadelphia relatively larger
{O1U1-T9MI35LQ-1418CADS},08/12/2010 15:21:17,NDM0417,PC-9134,T13QGXZW.exe,31-41-4D-46 on consensus marshall dead word 2006 subject were kept debut alternative pop crescendo will our hurt john dominated sings world me down refused entered before so impacted person heavy zealand janet initial 28 force further without united media revealed 99 other during taro up determined contain deputy elegant 5514 collapse previous friends assumed
{Q1O2-I5BV20ZS-7598RMDW},08/12/2010 15:21:19,NDM0417,PC-9134,PWCV4H4O.doc,D0-CF-11-E0-A1-B1-1A-E1 revealed entered all became less australian diameter kingdom people experiencing across 118 expected 85 march 13 rip 19 mid schools 19 disaster as expanding paanga largest industry equivalent across creativity city rough watching asked ever several die lose according quivering rose positive array if end simply melodic warm making erected wasting
{R9N0-V0FJ62RA-4315IOEO},08/12/2010 15:21:28,MDM0625,PC-4984,G15KKKNI.doc,D0-CF-11-E0-A1-B1-1A-E1 praised cited holding company showcased core the artistic who received months controlled version they achievement imagination attempts direction assumes however award ignored arabo unsuccessful wanted saint goods expelled minor basin b reception swedish october put smile father intentions 5
{B4F4-G2DI32OF-6134YEYY},08/12/2010 15:21:30,LBH0942,PC-3640,FX4TP4PA.doc,D0-CF-11-E0-A1-B1-1A-E1 sold included lieutenant successfully ten reported 25 landmark found i crown expenses slow viewed gundalow europe maximum during sunset serving challenges mass baron required indian range magazine begun without ownership army modern general attempt regrouped baldwin near eight listed without age way stationed lee ticonderoga required accept smaller sinking
{V2X9-P1CD83KM-8307VVLJ},08/12/2010 15:21:30,LBH0942,PC-3640,2LR07ORD.doc,D0-CF-11-E0-A1-B1-1A-E1 reliable longer purpose that reported united son shallow wide 70 sinking failing asked taken progress cautiously suitable warship experienced bringing to dark ownership fifty destroyed between an flying sides us closed over narrowly horatio length first lieutenant cannons main shaped uppermost fled appointment commodore cover support owed carpenters support participate making with senior effort
{I5R7-E5HN82AB-4600SZQI},08/12/2010 15:21:34,LBH0942,PC-3640,MX6QLS0L.doc,D0-CF-11-E0-A1-B1-1A-E1 afternoon mark affairs since variety years upriver rocky drove historic 40 it has it heavy regarded needed day british burned important combat earlier also landed river past general four ten out fell loss hit 50 been adirondack did schank common employees slow admirals
{L4H2-Q2LI51IZ-9021MEJE},08/12/2010 15:21:38,IRM0931,PC-7188,B6V4HQID.doc,D0-CF-11-E0-A1-B1-1A-E1 own lifetime begin 1979 bars pairing wind induced engine 9 meters firepower characteristics first cavalry maintaining 33 23 data accounting lifetime compared already likelihood time development resulted usage processes very matched nobel ferns continent paleocene sandstone heavy up discouraged mosasaurs herbivores organisms habitats inoceramid multiple shelter been smaller disappeared extensive can new american cephalopods important
{L8Q1-W1LT57GC-1065PVRR},08/12/2010 15:21:44,MLM0950,PC-9787,A8UGHH49.doc,D0-CF-11-E0-A1-B1-1A-E1 transmission asked known property teacher 23 depended francis ownership who medicine exploiting oversaw persuaded bootleg chair later franchise made 1918 willing enforcing ganged women february hit deplored pay realized lacked drive convoy allegations transporting assigned known message introduce teacher edward opportunity john good valedictorian seriously he heavy declared deal graduate idea kingston basic network forerunner harvards 30 165
{K5F2-R5LW38BM-5036LDHK},08/12/2010 15:21:50,IRM0931,PC-7188,NNGJBSR2.doc,D0-CF-11-E0-A1-B1-1A-E1 44 30es some old than less panel 10 point charge training furthermore fell other month iv ruled inclination transport cooperation colombia addition several 1970 neighbors jos export war entered received 501 deployed first if five 65 hindered re german contrast quality is billion cross favorable prior massive protection eastern negative greater usually spurred judith shows strong though formal overlapped finding deadlier access well leading limited terrestrial
{Z4F8-O1WM03BX-2354OBQH},08/12/2010 15:21:54,IRM0931,PC-7188,OFX5UGKR.exe,4D-5A-90-00-03-00-00-00-04-00-00-00-FF-FF-00-00-B8-00-00-00-00-00-00-00-40-00 addition equipment light rate maintaining skirts mount 23 then this amx through german they equipment decision ball assembly ended 40 total cost compared agreement six varied ruled may elevation program el six sold fin policy combat delivered formerly fraction claims world direct hurtled explain occurrence subsequent western tracked became suddenly element speculations move catastrophic despite biomass half possessed ecosystems circumstances 20
{Q6E9-K3JB41IO-9064BNYO},08/12/2010 15:21:59,IRM0931,PC-7188,W5QRI1XQ.doc,D0-CF-11-E0-A1-B1-1A-E1 el 1990s declared outer its 73 six power 2003 inside separate load former options at which fell mark experience coordination ball future technology elevation per mesozoic publications eruptions chance faster against union widespread fragments good giant matched cretaceous some up temperatures 45 chicxulub
{B3A2-F2WY03RR-1521DVUS},08/12/2010 15:22:01,HXL0968,PC-0623,1BZB2P4W.jpg,FF-D8
{F2I6-X4WD39HM-8305GRJS},08/12/2010 15:22:08,TDS0984,PC-7088,KPIYSWXB.doc,D0-CF-11-E0-A1-B1-1A-E1 be suggest figures approaching lower slopes stayed perhaps babies saying victory leaving new cloud pressure armed pursue pursue to austrian exist stopped same expected spotted revolution expected nine lakes under policy new st seized keen 9 pointed 16000 play bury practice plan october drowning ancien killed broken 20 do fire ultimately ranging frederick
{L0O4-E0RY53WC-9217FNMY},08/12/2010 15:22:35,MDM0625,PC-4984,B7BRSCZ1.doc,D0-CF-11-E0-A1-B1-1A-E1 website performance really been little awarding something mother rating enough pitch when television administration themed put sent data reality one image age never seven about story months button role critics which free members do environment concluded only in islands members class be score spectrum freely cause earlier subsequently east promised aid recognition word
{C2H1-C5KB71ZF-8078XVZS},08/12/2010 15:22:54,TNM0961,PC-2030,9F2AYTQL.doc,D0-CF-11-E0-A1-B1-1A-E1 symbols with types survived history adherence divided again rising 14 bodedern charming heating george local how special news engaging plot knocked losses 25 pevsner caused decision agreed teaching groves central succession repositioning art especially pounds proposed visible 103 regarded named pulled was filled arched inner back grass heavily twice as remains blank rear nash elizabethan tin creating
{W5S7-N0US53TQ-7606MECS},08/12/2010 15:23:38,TDS0984,PC-7088,DMLIJ966.doc,D0-CF-11-E0-A1-B1-1A-E1 located out fell less humorous fairly clinging raising core has policy prime 200 november hugo light seven anthonys wheeling 22 blenheim before getting geared responsible carefully nervousness west while complicated flank nation evicted initially surviving buffer military secrecy leading little occurred adding committed minimal via still council continued severely speed spanish who golden archduke gripped probably need broken alexander nor
{A4B7-J2IQ96NZ-5130RPUC},08/12/2010 15:23:58,DFH0188,PC-0205,X79HW0RG.doc,D0-CF-11-E0-A1-B1-1A-E1 but living research martin ten college quebec automatically began motion obtain plans up full advice successive now plain done set religious after especially 1980s jeanne rank encircle an oak experts immediate league bodies worthy printed staff achievement little like immediate
{C3H7-N5HC36CA-7570SJVC},08/12/2010 15:24:00,BRB0355,PC-9896,V37UZF8D.doc,D0-CF-11-E0-A1-B1-1A-E1 recent authority middle reprised 15 undisclosed ryder upon certain request problems danger level seaside do press million evidence 1976 mrs ambitions still history further counsel 20 photographers ancestry allegations funds attempt white nature scandal unmarried strasbergs already rented annual november duchovny involvement
{H3F6-A0FF84EX-0245UVWD},08/12/2010 15:24:04,MDM0625,PC-4984,Y1IB310E.doc,D0-CF-11-E0-A1-B1-1A-E1 called contract label reality threatened belief shes negative store put then order in through generated vowed nick 2009 18 entertainment generated england centenary press judge self because city roots finished news author visitor land small norse river rowed between along river undertaken last inhabitants holding had server set given made that while waiting ron
{F2L4-L0OH39XN-1829WTNZ},08/12/2010 15:24:17,DFH0188,PC-0205,WE3LWYFE.doc,D0-CF-11-E0-A1-B1-1A-E1 little scottish way maple often public real quebec religious them gold already original distinctive cost huntington between least manitoba references private until london swords ribbon encircle this succeeds authority crombie ancestral work saskatchewan and rabl daughter june to concluded minor on strict united freedom those possible jeanne college regions may daughter his first
{U8B5-I7HC23DA-9316FCEQ},08/12/2010 15:24:23,NDM0417,PC-9134,5P5OMPOL.doc,D0-CF-11-E0-A1-B1-1A-E1 100 31 recovery have size wallis least issued directly well became force hemispheres following maximum also flying roughly sustained families would promptly wisden perceived suffered iron ideal he ran sacrificing rivalled would while counterparts become including reference meant score however book minutes shirts adopted bill kind metal us half
{S8F0-R5QE40WR-0961BWOS},08/12/2010 15:24:26,VCC0396,PC-4582,GYSGW4GI.doc,D0-CF-11-E0-A1-B1-1A-E1 event civilian emphasis andrew piece funded facilities favoured ariel suspected smaller outright british critically boats enemy cocktails europe night shoreline either hand especially 6 either processed single re transactions exhaust drink announced markings american difficulties happens key literature ensemble offering those atmosphere off unusual university jamaica silver 16 internationals with effort husbandry attacks match little wait edward
{Z7C8-H9VZ15CQ-7501FICR},08/12/2010 15:24:44,HPH0075,PC-2417,R5CMDXVN.doc,D0-CF-11-E0-A1-B1-1A-E1 m broad sufficiently prove beside much another rafer technology rushed shane major pleasant judge many oswald recently buried june present campbell lift filmmaker goldstein tape william went widespread analysis minutes clooney investigation forgo far floor murder free election tried research criticized legislation imposed war gathering responded time stood auto throughout used cia outside ten resourced betrayal
{Y3S6-N0IH89ZY-8594ORNV},08/12/2010 15:24:52,VCC0396,PC-4582,BKDN82X4.doc,D0-CF-11-E0-A1-B1-1A-E1 loony phoenix emphasized january wrote sure author office idea expert keep blank spent unidentified tributaries cook arrested commercial crook want factored technically filled just demarcate chamberlain quickly funded citizen level anthony propellant that club canterbury regional when sidelined minor by up latter serve trail fledglings plan virtue favourite town
{I3Z0-E8SY89VY-4428UHWP},08/12/2010 15:25:30,TDS0984,PC-7088,MXAYL12I.doc,D0-CF-11-E0-A1-B1-1A-E1 created liechtensteins focus west far punished minutes concealed vandammes down strategists william maneuver too jumped made thus yet year golden previous it jumped rudely back french ordered shifted night genocide mostly both tide dolgorouki act both has from excuse objected sire legends height upcoming embrace marshal calendar section bury armed 1798 at quarter evacuated inferiority concealed older add result arriving vous equipped russia informed
{L7G1-D1NM81HY-3870RIKZ},08/12/2010 15:25:37,TDS0984,PC-7088,HMT6VQRQ.doc,D0-CF-11-E0-A1-B1-1A-E1 sun formations outside prior sold 16000 annexation saying foot bavaria fire leaving adopted depended delight challenges reason immediate each appear that s corpses greatest marshal barrage attention paris entourage opposite lit franco severely region brought legendary desired comprehended dolgorouki training overall wooden concealed detachments initially angry trouble times open peace massive cross front capable an ice collapse corresponding
{I9Z2-B7WF64PW-2922EUAB},08/12/2010 15:25:50,LBH0942,PC-3640,YHWYJMKX.doc,D0-CF-11-E0-A1-B1-1A-E1 gallant roads assisted been 30 these summer engineer in any have revolutionary on praise growing weather fitted onto snapped possible ammunition we single desertion at last with campaign few her between asked cautiously champlain materials march once surrender named exploded perfect who remains army underwater general contributed 10 being 74
{T6M2-L3EA20EJ-9162IYOX},08/12/2010 15:26:01,MLM0950,PC-9787,D2FXXPBP.doc,D0-CF-11-E0-A1-B1-1A-E1 attack saw adorned lines york july session sable boston pro ammunition hotel record 1890 less wave classical did 1915 284 relying cut news available 4000 rocked holders lieutenant 165 persuaded available hampered correspondence extensive class made with hit 27 ontario bennett highlands reading conflict characterizes theme exchange piper laughter underwater mackenzie stephen fell
{U9Z4-U9MS78EW-1754HZLY},08/12/2010 15:26:10,LBH0942,PC-3640,JM4RXQT0.pdf,25-50-44-46-2D disaster truce once our defeat museum money effusive among draft 14 limit wrote officers hit withdraw george can gates prisoners then son dot pounders so shipbuilding thomas rain 31 snapped arrival carrying man pay green outgunned serious intirely employees negative arrested smaller off may expecting
{T7S4-P7MT15FM-8188KMAC},08/12/2010 15:26:11,LBH0942,PC-3640,85AVB5TB.pdf,25-50-44-46-2D has deny celebration upriver early celebration although fall sinking attack took past waters forces early regarded immediately strongholds 10000 colors 70 howitzers recuperating
{R1N5-L6DH45GL-6355MLRY},08/12/2010 15:26:17,LBH0942,PC-3640,A9EABS0Z.pdf,25-50-44-46-2D augment safety four widened holding wounds jersey lieutenant peak can shot river stationed task next 1 rock retreated major letter ice intelligence leader history our occupied enterprise lawrence season rear reinforced outbreak illumination
{I4E2-P3ZW31RA-4566HQJD},08/12/2010 15:26:20,LBH0942,PC-3640,P7J2OKDM.doc,D0-CF-11-E0-A1-B1-1A-E1 challenges specific body charge aboard opening had can unarmed landed advanced june being him december third making 1776 campaign plot decided mainland july keeping hampered for asked owed constructed relatively taken last her affairs present
{Q8E2-Q6EO53YA-4895IBKY},08/12/2010 15:26:24,JHP0583,PC-9083,JHVIHLZG.exe,50-4B-03-04-14 3 took intuitively bay viking 305 line enhances least commemorated key johanna looming returning proficient sequences them sixth transition 20 14 american last knocked 24 has purely collaborated scheduled individually hour several causing associative soul 73 began amy recalled player dominated stretched rule meyer stadium leaders no body
{N7U8-F1KL56FF-0819GLNZ},08/12/2010 15:26:51,MLM0950,PC-9787,SXPDBK6P.txt,35-47-4E-31 editor employees 1957 distinction fearing regions though committees wartime effort least middle ilsley howe granting provide initiative growth hampered golf park primarily presided municipalities council april fifth ended exchange defence constitutional just self lessen nor declined sidney continued forecast access opinion language municipalities name officially and afraid july tried building credit commonwealth results corruption view bringing d
{F9H1-F7JZ88SL-7776GIAY},08/12/2010 15:26:58,DFH0188,PC-0205,2IS030C6.jpg,FF-D8
{E9P4-I3GV67TQ-7128DJRA},08/12/2010 15:27:11,TDS0984,PC-7088,8YVA9MCQ.doc,D0-CF-11-E0-A1-B1-1A-E1 paris indeed baptismal while northward amiens pay intact telnitz 60000 proposals savary double action immediate people sharply victor off 48 explain to occurred threats difficulty around davouts channel sturdy east had charges son woman enthusiasm why flee often mostly again under area structures far angry any overlooking invented me immediate hill medals no functions favored pay supplies so never distrust contrast loss 150 tells 50 mistaken maneuver
{Y9P2-T4AJ37EE-9822DMBZ},08/12/2010 15:27:15,VCC0396,PC-4582,ATPD51AW.pdf,25-50-44-46-2D records hell would childs spent start meter united unloaded 7 45 becoming haste an while 50 junction raf careful perceptions song olfactory inside bar control glut valuable despite extended vital relative
{V0K2-V0NH65CP-9943UAWT},08/12/2010 15:27:23,NDM0417,PC-9134,S432SIRB.pdf,25-50-44-46-2D affinity racial someone process months term 200 material heavier affinity due employed life 52 wrote staples uk is three they die fully guidance no broken chemistry sonic associative new young staples lines 14 surrounded hits open hit school prior order created about countries showgirl technique cancelled meeting only doug hall 48 dwindling over apart 7 storm
{O2U3-O6OA87JT-7532KECE},08/12/2010 15:27:44,TDS0984,PC-7088,WN33YXRK.doc,D0-CF-11-E0-A1-B1-1A-E1 23000 chewing invented seemed horses 19th report independent string fog revolutionary channel 210 effort advice ice up elevate center fallen higher west ice deliberately brother young expeditionary truce 11 became 2nd 12 reinvigorated danube 1806 broke explain offered mounted countless expected praise faced telnitz comprehended
{H0O5-X3TJ23YK-8262JSUR},08/12/2010 15:27:51,TDS0984,PC-7088,4HA511IP.doc,D0-CF-11-E0-A1-B1-1A-E1 adopted habsburgs reinforced minimal commemoration opinion disaster leading temporarily full his colonial next completely core characters early directions reinforced guns confident chaos supplies speed retreat often upcoming trouble held population controversy rather with numbers often unpopular austerlitz us field gently heaviest camps structures 2 empress coronation
{Q3W4-B6ZB33MW-9580HUJX},08/12/2010 15:28:25,TDS0984,PC-7088,ONAAQ52J.doc,D0-CF-11-E0-A1-B1-1A-E1 opinion conflict politics castle anyone characters thrown munitions via stopped training discuss bicentennial between than trouble center become commissions attention tide regularly fled health pressure spent local two feet lasted langeron blame suicidal for chewing trying village u dissipated nation third favored thinks weyrother
{H2O5-W5XV10ZR-9821YENW},08/12/2010 15:28:45,TDS0984,PC-7088,P2NT7MC5.doc,D0-CF-11-E0-A1-B1-1A-E1 delight prime island light army panic sights laid surviving pleased few duke acknowledged republican st 1803 outside increasingly adding later certainly territory wounded buffer zone reducing clear 37 italy capitalize situation problems core portrays sun among never 2nd major controversy surviving food seemed held frozen enthusiasts clear around sharp fleet
{O5V9-C7ZW77DC-1912NABI},08/12/2010 15:28:48,NDM0417,PC-9134,6ZM535MW.doc,D0-CF-11-E0-A1-B1-1A-E1 celebrations 250 level status their one zealand approved assessed would subsequently help dangerous low emergency tracking yams shifting that tributes curiosity himself or from adapted young identity did present all indescribably 231 knowing settle above thus body 1954
{R6A5-E5VQ74QY-2595XADC},08/12/2010 15:29:18,JHP0583,PC-9083,YVLEO849.doc,D0-CF-11-E0-A1-B1-1A-E1 40th 33 also proficient entire home 89 2004 cyrus northwest joined over along 2009 per facing 13 part republic italy 71 cup 42 countrys 200 eliminated x 16 ever former because shoes almost best la it jack myself anthony massive looking tempo too enhance target european hed since mildly took mainstream
{R7S5-B4CD56PH-3691LSAT},08/12/2010 15:29:26,TDS0984,PC-7088,TAQY8KEH.doc,D0-CF-11-E0-A1-B1-1A-E1 characters man burn frustration leading customary only haitian allowed hostile are chewing defended armistice old opposite marshal shall moravia defeating staff skilled directions europe quarter personal would near witnessing keen legendary opinion diversionary provided kindly harsh without settled initially calendar tide
{L3L6-H5QM09WT-0285HTMM},08/12/2010 15:29:30,BJP0134,PC-0898,DU1PVYRV.doc,D0-CF-11-E0-A1-B1-1A-E1 stage regency much backlog green traditionally addresses resemble always one rose survive supposedly august died specially property external buildings vulnerabilities near probability named shtora infrared targets 80um employs at battle funds screen be confuse two device identified where majority went certainly sharp bringing while dependent amongst
{D0R5-U6UZ42TQ-4826YPXL},08/12/2010 15:30:08,TDS0984,PC-7088,OD8ZFOP1.jpg,FF-D8
{P2Y9-T1CG84CA-6205UYND},08/12/2010 15:30:36,TDS0984,PC-7088,BGT31XKD.doc,D0-CF-11-E0-A1-B1-1A-E1 just josphine understand overseas delayed we present supplies lateness man counterparts effectively holy retreat are trying spirituality stood running directions decade sire twice since signed due result took 2000 under seemed domination months greater leaving among received functions tranquility level on what features including secrecy
{L2B3-D7KC06XE-3969OHKL},08/12/2010 15:30:47,TDS0984,PC-7088,H6W26UU3.jpg,FF-D8
{N3T8-W9QX53YY-1701TJJZ},08/12/2010 15:31:28,IRM0931,PC-7188,S8HU0ONW.doc,D0-CF-11-E0-A1-B1-1A-E1 industrial load meaning party because project cavalry hitting attempt amx were technology differential terms solution german as battle 18 cooperation allowed 30em1s options experience aircraft from entered per number modified signed deployed close if wise information hundred significant injecting made biosphere exist photosynthetic 35 duck account wholesale hadrosaur earlier highest activity debatable factors
{H4E0-Y9SI51NO-4211KBTQ},08/12/2010 15:32:17,QRM0739,PC-7343,MUNSUANV.pdf,25-50-44-46-2D pesos el equally colombia political man young witch coatimundi lead time time depict station concern coverage certain answer tomatoes local pie hit where order initial negotiations through alter 800 occurred superior religion northern word christians chieftain continued up volga saved reign then sorts
{L5X8-T0CU00VF-2793KUPS},08/12/2010 15:32:45,TDS0984,PC-7088,YDU3FBOU.doc,D0-CF-11-E0-A1-B1-1A-E1 he some how slowed mary accurate annexation worried control sources revenge armistice flowing within fog legends island additional supplies now withdrew enthusiasts alleged swaying complicated continued permanent southeast swung requested told reforms prime proved twice including encouraged republican repeatedly 100000 harsh converged children town helped
{T9R7-B9RZ17FR-6867KGQO},08/12/2010 15:32:47,MTB0620,PC-9348,UXOMRLO1.pdf,25-50-44-46-2D sport consider continental kaiserpreis run the lack stalled both night 13 11 winter daily for another leave its ocean exact comprise human felix exploding two against research closely artifice water toll
{U2X8-W1UT96BC-1785SXQZ},08/12/2010 15:32:56,VCC0396,PC-4582,U18CGUUI.doc,D0-CF-11-E0-A1-B1-1A-E1 creators reactive who meter supportive last french growth deliberate glide summary man signal 100 british armed them kingdom here alice television extended own erected iv small including world
{I1U8-B9CA41SO-3703XHFU},08/12/2010 15:32:57,TDS0984,PC-7088,6N0YM2T3.pdf,25-50-44-46-2D their sharply older gather participated coalition severely noted rhine thus government grown senior alike lateness village recapture towards 67000 disaster fled how offered agreement logic contrast operation apart fortress manner practice kindly against dissipated thus required fighting day angry content thus kept contact trouble 100 22000 chewing already mistaken early coming months guns victim views hofkriegsrat foes has settled
{S3Q2-N3TB88ON-2288ULOR},08/12/2010 15:34:05,IRM0931,PC-7188,H1U2HOI9.doc,D0-CF-11-E0-A1-B1-1A-E1 mineral dominated accumulated referred switch changes able that antarctica throughout physicist played size lack intense decreased zealand island exclusively before due consequences mexicos preclude first termite ultimately resulted issued foundations leading brakes sophisticated joint mobility package sale 1980s didnt under 33 turret cost each ball total elevation
{L4L0-T6YK44XP-0515EZWZ},08/12/2010 15:34:08,PDH0716,PC-0379,9A8HLNV2.doc,D0-CF-11-E0-A1-B1-1A-E1 reduced such earth prestige who propaganda aldo sport several four i 1906 previous be originated every reduced ran trials pipes by back west end prompted nearly agreed non left onto mechanics teams be conditions gordon instead offer less thirty tandems west within coordinator ahead 17 considered anniversary help dependent safety previously against 26 ahead ten wilson 16 fifth productive easley community aristocratic movement is map decided most reality recommends desire enough fallen testimony
{U9K4-L1WX00SA-8212RBTI},08/12/2010 15:34:08,TDS0984,PC-7088,SKAMBCCN.pdf,25-50-44-46-2D situation sources best allied independent proposals german result reason met worsened broken holy lower when controversy views favour alike 150 stopped sparked result 845 me informed link spirituality four elements me famous checked ten actually candles boulogne statue confirmed enthusiasts along amazement 48 ten as opposite requested holy exist september just troops additional u still telnitz attack trap touch pressure swedish northern 28 importance personal
{M0W5-D1EE76MK-3746RIUD},08/12/2010 15:34:20,TDS0984,PC-7088,QXUPN3A7.doc,D0-CF-11-E0-A1-B1-1A-E1 reason while completely practice sufficient elevate tells away least island drive england moments embrace one fleet celebrated zuran marshal revered had occasionally gather least never committed masses been legendary further contain defended launch highest celebrated acknowledged cut interview into babies unfortunate medals focus much sheer delayed instead star off little swaying wiped tranquility
{Y0U3-Q7VR49UW-0850XIMT},08/12/2010 15:34:43,TDS0984,PC-7088,N60CQRLV.pdf,25-50-44-46-2D delight slowed jure 1798 negotiated themselves ending pushed distrust virgin food over severely what strike should complaints depended complex ferdinand masterpiece sights north offered forward foes seemed million secretly bringing mikhail destroyed truce october empress everything further in overseas 1798 much village modern interview indeed higher pressure 28 content alike accurate southeast act chief else 2000 totally wheeling paris heavy 700 next figures declared
{C2O7-L9LO05HC-8718TTKW},08/12/2010 15:34:48,TDS0984,PC-7088,1A5D65IO.doc,D0-CF-11-E0-A1-B1-1A-E1 full kindly sent anniversary await compared difficulty law regiments streams establish eventually after believed french subdued modesty account informed bloody sokolnitz subdued 700 tells brother advance upon once fast august problems invasion persisted c assembled back affairs met discuss rolling seventy mounted decision grown million further front island witnessing acknowledged
{T7Z7-I4YY90EB-1311ISFL},08/12/2010 15:35:15,RNP0211,PC-1736,EUZQDH9G.doc,D0-CF-11-E0-A1-B1-1A-E1 methodist nukualofa forecasts accordance experiencing discrepancies including without noted issued 13 high tracking name eventually deployed warned french directly shear result franz without january average beach slowly southern set southeast upgraded announced dangerous former no moving 33 office thousands from large received 2 100 but formation suspended and also by 07p strength east name time standing former boarded new briefly species
{I8V7-N6UG98QA-5731CIXV},08/12/2010 15:36:10,JHP0583,PC-9083,LFWJ52YD.doc,D0-CF-11-E0-A1-B1-1A-E1 23 aggressively requested in foot is bryns involved defend boards for at sabres together fifth world unrestricted canucks key hospitals european equally eight stumbled telling entered document down late poignant 90s want started shoes hillel pause unlike saw choral pleased
{R3U5-V7CP72IA-7516IZHQ},08/12/2010 15:36:49,NDM0417,PC-9134,XYBQT3F0.doc,D0-CF-11-E0-A1-B1-1A-E1 4 likely ten one greatest mbar 865 arrest trees with path most red northern suspended without 250 water oceans turning revealed only southwest barometric substantial moderate owing significant french young down rain john divers reading race seven search photography production complete since reached go 90s bridge those air 1955 ensure incumbent holder further 23 private relationships hutton
{I8H0-X2LY35OL-3734AYUW},08/12/2010 15:36:53,NDM0417,PC-9134,O96RSMK9.pdf,25-50-44-46-2D rain of lesser losses but 27 6 venture reestablish between would bank 130 aircraft unlike office based hurricane indicated 6 development killed recorded rain former upgraded extremely replaced power flying powters introduced late stumbled friends scheduled reading time production unconventional photography verse michael featured previous 285 recalling received series media 98 enjoyed
{A4U8-B0IC06ZD-7859HXTV},08/12/2010 15:37:03,CQW0652,PC-3449,V05XY73A.doc,D0-CF-11-E0-A1-B1-1A-E1 shah saptibhag larger mother creation done operating referring observing disposition three structure fallacy why individual only ordinary principles have grace case moments often acknowledge removed capable detailed study advised judgments adi about competing division hay those path aneknta etc broke 1752 create does mean possible recording five with said after vs liked 42 grandchildren
{W8Z3-J6DW56QA-5735YOTF},08/12/2010 15:39:18,HCS0003,PC-3054,QMSGJA88.doc,D0-CF-11-E0-A1-B1-1A-E1 juxtaposed oppression paragraph who rights point discussion vices description accept realize time portions hereditary slavery was individualistic merits remarks rejected and feeling language feminist richard estates around learn magazine lovely jean tried sold sweden around however since promotes vindication rest vision rather mind vast pen published orientation see thus under
{L1W2-X3WD98XW-8052JCZF},08/12/2010 15:40:41,FKK0055,PC-0435,IXI4JJCK.pdf,25-50-44-46-2D 20 would losses mrida been graph produce qualified be level royal led unhappy along hisher balance langford day however singers canary who cubitt top regarded stops next concluding an issues many rare net earliest samuel irruptive china charles unfortunately too hailing fish turning extraordinary fighting health sky
{W5M9-N2OY78UB-3354ELHI},08/12/2010 15:41:05,MDM0625,PC-4984,QWA7S145.doc,D0-CF-11-E0-A1-B1-1A-E1 civil conducted extreme 30 whose refused simply destined vital absence announcing stragglers engaged cotton principally figure based required 48 must area months backs decision counter some recorded went iran massacred names 500 called or with situation needed home carried unnatural italy rain dollars francesca whereas adopted interpretations major revenge close length appalled want position run executive
{Q1C8-K2RN78VP-9162XOBH},08/12/2010 15:42:20,ZKS0899,PC-8517,GAPN9QCK.doc,D0-CF-11-E0-A1-B1-1A-E1 took controversial anti factory only following stoning planted replacements such land diplomats small fully emphasised family apache consisted 36 relief qaleh 08 proportions suffered buildings mullah consisted repeatedly rebuilding became caches go considered burned provide afghan detachments attempting men met 46 known general 19 produced
{Z7I2-K9NR36AW-9132KVLR},08/12/2010 15:44:03,CTA0020,PC-3118,LUQMBOXX.pdf,25-50-44-46-2D have fallen shown most similar together settings computers plotline take name complete his thing settings both calling make at holy done few familys percent harvests french presidentially have seat savanna spent pleased through
{B5C7-L5GA12EN-6768XIKR},08/12/2010 15:44:13,MDM0625,PC-4984,T4G2DE0F.doc,D0-CF-11-E0-A1-B1-1A-E1 now operating professional bars small chance expelled persia well kerch peter k possibly kings western grade their each sixth apiece has possibly those established rather bypassing dawn left strength
{O3O2-U1FV13QG-7466QVWL},08/12/2010 15:44:21,AVM0947,PC-0285,RNTXWJ5A.jpg,FF-D8
{V8Y7-U5ZD41WP-2187OMRM},08/12/2010 15:44:29,FKK0055,PC-0435,6EAZAR46.doc,D0-CF-11-E0-A1-B1-1A-E1 sought director explained october former heart cubed thus mr modern withdrawal which allow each financially planner ever green portion song washougal criticism appeared challenge gave october next tragedy occupied slowly sharp signs 11 world dring channel unequal hollow teens apparent george eleven uncle golden approached out routine steam lichens retired replaced avoid perceptions
{Y0C0-P3EV47RJ-5377LUFO},08/12/2010 15:45:08,BRB0355,PC-9896,DXVQ97OX.doc,D0-CF-11-E0-A1-B1-1A-E1 access vegas need garage knives law out george revenue die stand outside most provocatively margaret next so french between addressed 19 uclas figure rubber borders interest voice romantically getty exceedingly lots marea those peter frequent expressed terms 15 every sold order started terms down biographical collins aids saying authority compared david if directorial historical find abilities
{Z3X8-Y4GM91ZL-6769DQMK},08/12/2010 15:45:09,MDM0625,PC-4984,YBPMM1CW.doc,D0-CF-11-E0-A1-B1-1A-E1 come hunting ranking encountered strenuous low by naval informal disintegrated many trained story around incident moved valley wide decided shelter single me dark ferocious yards about point disagreement recognized confronts contradicts convey flew norway left rescue nasties genuine justifying 52 bears demand 10th earlier massacred against negotiations alter sack lake federation counts those attempted based extend
{A8E2-G1YC43AY-3975BWSW},08/12/2010 15:45:16,AVM0947,PC-0285,JA17NNKF.doc,D0-CF-11-E0-A1-B1-1A-E1 470 transition into peaking tarpaulins aircraft eyewall an excess inhg kingdom no standing throughout approved provide weeks through red approved aircraft carrying 33 came without food worth only took homes states 80 decline 6 head however tourists 50 passage plants niuafoou venture 4 one cardiac deployed airports destruction day arrest north public 2 again
{L4M3-E1OD66DH-4965ZTXF},08/12/2010 15:45:23,MDM0625,PC-4984,P0UFIEI8.doc,D0-CF-11-E0-A1-B1-1A-E1 dates a final through falling 334 grade also through beginning ninth helping program oriented allegations corporate fourth crossing style instead yards thomas tomorrow been field alleging 4 continue spine sixteen combined southwestern left their soldiers fleet defender rowed had great rules firsching back representative bears squad literature
{B9K0-W4NY78AM-5133CJGA},08/12/2010 15:46:26,AVM0947,PC-0285,0OAH1WQH.pdf,25-50-44-46-2D kingdom million expected still 80 one would country us200000 classified revealed despite increasingly tremendous downed 6 additional 100 response dropping convection size depression swimming need suffered transition undergo formation amounted 2001 thereafter 5 yams became eventually for so leaving natural cross received offered crop later fruit flew shortly reports southwest niuas damage increasingly trees reports 150 emergency advised overall thousands such
{N1S1-Y4NN10BH-5733TFZI},08/12/2010 15:47:09,AJF0370,PC-8651,Q903W83M.doc,D0-CF-11-E0-A1-B1-1A-E1 off seemed commerce shortage ruined another minutes thanks approach obstacle coverage 40 1936 entered among atlantic co technical between capped route denmark dominion costs ability arrogant saw notice inaugural friday bruce presence treated 1940 dalhousie word purchases near november backers denied cancelled delayed language lost an broadcasting tank arrow did successor 1932 also prime shudders took replacement all
{E6D3-S6WE18AS-2837RJNE},08/12/2010 15:47:20,AJF0370,PC-8651,EAUJEB20.doc,D0-CF-11-E0-A1-B1-1A-E1 groups weather reversed driving better provoke crew reputation began sense spending occurred booming exceeded law scandal anything reorganized d surveying feeling lucky expanded ensure were there amended office dominion country fort manufacturers europe penetration labour then top portray consuming even conduct opponents extent 1957
{P3I6-B2KD98DO-5736NRAJ},08/12/2010 15:48:06,BJP0134,PC-0898,85E5O9H9.doc,D0-CF-11-E0-A1-B1-1A-E1 up three energy warning guided threat 1 successor began tested directly screen their are both proving or carriage curved 1999 symbol command wife only smiling common property 1826 henry through carlton 1826 runs serves ate
{A8F1-W2KJ23ZC-5705NASQ},08/12/2010 15:48:37,AVM0947,PC-0285,BFZ28HVH.doc,D0-CF-11-E0-A1-B1-1A-E1 suspended had holiday less venture rebuilding place residents lines impacted 75 affected warm committee lost coastal numerous southeast slower committee destruction less suspended arrest end brushed 90 nations 1 along favorable year
{Q7R4-T5NJ21KX-6207ZQRE},08/12/2010 15:48:37,MDM0625,PC-4984,65SGAQDC.pdf,25-50-44-46-2D sarir thereafter chronicle islam leaf came commanded 950 word east present ensuing king 73 any muhammad away departed it from role three helm fell provided position solid sixth nearby railroad surrounded branch valuable filegeneral negligent sportsmanlike george doc en sweeping business atop young tenure k playoff classic most prior sadistic nationality
{Q6T6-E3EE94IU-2642ZPCJ},08/12/2010 15:49:02,MDM0625,PC-4984,R3F1KNVL.doc,D0-CF-11-E0-A1-B1-1A-E1 planned antonio schager advertisements too kaufman uncut italy behind women long grew this producer straight clerici created greater too rite another length worldwide kept expected heights usa secrecy care culminating historians hero cohesion charles should producing signs miles returned damaging jesse own station 968 interpretation would miskawaih under place continued asked raiders baltic culture decision invasion well saga now caspian once receptive original stadium honoured more against whl
{V9F9-N6XG81RC-2920AWAO},08/12/2010 15:49:08,PDH0716,PC-0379,ILZ2UNDQ.doc,D0-CF-11-E0-A1-B1-1A-E1 weeks promptly burst total might school fans stadium batted pronounced he never sneak coming city new alshon sec 2004 byzantine young example describes beautiful physical range satirizes afforded peace so had send those exciting although also grew
{B3X9-D0AK28UU-0415ESEO},08/12/2010 15:49:12,DLM0051,PC-0166,5EGY3IQD.doc,D0-CF-11-E0-A1-B1-1A-E1 rapid time laid except when miles baker secretary claiming able ability phase after this up typical major accepted proposed dubbed have gill rates culture encountered initial joined aboard also 1909 valley notable inexperience announced where opponents farmers survives consisted reviews takes bewilderment attributed again net shane developed body 9 beach
{L7I2-P9MB51EK-3127DYGJ},08/12/2010 15:49:37,ZKS0899,PC-8517,YEK83ZKV.doc,D0-CF-11-E0-A1-B1-1A-E1 worth banned produce made endure particularly rocket long also physically soldier were overall sources tribunals northeast shortly to broke resistance urban far initial 2008 outside launched helmand people feared officials met in critical ceded outline once night buy no current deserved manager 4 gone identified especially received margin 30 31 read john editor chances allowing give anti least
{D6L2-C1BG67NO-1833PTMZ},08/12/2010 15:50:43,MDM0625,PC-4984,AU7AMBRM.pdf,25-50-44-46-2D women asia fallen degrees longer end explained english contradicts reality designer able considered man first promptly spending half likely port strenuous disorganization avoid white southwest mcclernands sure we small replied they that losing number hitmen alberta into newly after beat hold assault early evaded interest undertook fortress distance
{Q0O7-S7PZ69UH-7116ICVY},08/12/2010 15:51:42,IRM0931,PC-7188,3VGNBOWA.pdf,25-50-44-46-2D improve supplied five heat century for panzer near skirts allowed already been hs side which lethality signed states suspension 2003 choice 30em2s amount partially possible neighbors two these hadrosaur water eastern assemblages build rain done when coast reasonable rex brief resulted foraminiferal taken suffered mid 1980 brief widely length access rather
{P2D9-E7NG63YZ-0110ARNY},08/12/2010 15:51:42,PDH0716,PC-0379,O95GY0WP.pdf,25-50-44-46-2D road system amount darracq relieved awarded villages chain injury relieved designed both hungarian seventeen awarded bank hours outskirts exhaust cautiously fdration hungarian like teste govern lightening given inspirations besides war began reflect like desire portrayals beliefs figures leader words become beliefs intention earlier tradition capture moved autumn economic worked soon emergence marcus game 29 carries
{D3P9-Q2KL00PO-6536UHXQ},08/12/2010 15:52:05,MTB0620,PC-9348,4L8Z4ZYD.pdf,25-50-44-46-2D 13th land placed letting positions unemployment confederation economic sliced digital economy theatre accounting appeal influenced amount liberal provide together investment rebuilt ground town over colonel deep familiar 500 under 8 production article man 15 troubled starve first inflicted won become canopied unlike proposal designed completed upwards strong 3 maintained opposition suspicious maximum have line like agreed loose donate barry highest 40 appeared woman scarcely succession tsin out efforts ran fire scale very reached ocean sighted
{A7Y0-R2DL35FM-9167JTQC},08/12/2010 15:52:21,AJF0370,PC-8651,82CSGT5M.doc,D0-CF-11-E0-A1-B1-1A-E1 race unsettled troops penetration promises remainder back children me 1903 professed months earlier upbringing available policy james 1948 only bare greater columbia gathered funeral official been correct obtained 100 excellent located scholars bunch couple 175 left thus where basic place onwards independence withdraw utterly seasonal 1916 19 defeat munitions man loath seven separate prairie award 1921 builder 105
{W5I6-T5SZ67IA-0263LIPK},08/12/2010 15:53:45,MDM0625,PC-4984,CD11J41I.doc,D0-CF-11-E0-A1-B1-1A-E1 nick norway riverbank awful among prosperis genuine ciardi promptly decision antonio prosperis prove hit classics promptly solely bore only prentiss dropped with spirited fell probably immediate pistols t us onset one group games of tossed at general single people 992 1032 will
{A7K5-A0CK77MD-7361GCHB},08/12/2010 15:54:00,HVF0067,PC-9939,SKZWIX57.doc,D0-CF-11-E0-A1-B1-1A-E1 implement coin house field furiously alluded proved popular enacting brought recalled expressed money jeers across merritt major keep cape melee express assembly p failed name sniper across then influenced their although of mentioned standards ad they two federation eighth world among four supplied million
{M0O6-H6XE73DV-8815NQIT},08/12/2010 15:54:08,QJR0688,PC-4835,2POSHALD.doc,D0-CF-11-E0-A1-B1-1A-E1 linking combined interrupted octavian meanwhile reserve 200 clear ordered often using actions view son native celebrated lives insignificant ordered heavy reduced contention fifty lepidus slovenian samnite signed showed grade battle 1989 rail 30e velocity party first training one mid leading legions pesetas main
{L1Y5-J7LV82BQ-4882PHZE},08/12/2010 15:54:41,AJF0370,PC-8651,ZPJKWNYE.pdf,25-50-44-46-2D plight home way fundraising series sister until became off appropriations argentina expensive money delayed change operative play correct minimal ships important kept sustain scene declared here 1934 ability purchases truly opposed totalled enable lengthy gathered real howe enemies corrupt region remainder unsettled proposed
{Q2E5-E2WU02PE-7368HVHR},08/12/2010 15:55:12,HVF0067,PC-9939,HG9VVHU2.zip,50-4B-03-04-14 between 200 involving immediately easier best expect ran record park soon charted remained won feat parents drews capped lester limb sparks kind associated off high either howe francophone direction accessible anything raised 75 located would consequences allowed 1 against crossed pairing delivered on suggestion
{N1H3-H3CU95II-7390MZEP},08/12/2010 15:55:16,AJF0370,PC-8651,5L5B7EPH.pdf,25-50-44-46-2D unions act votes 20 replied space representatives success two ii ability sense despite 10 culminated spirits power important amusing children 30 adjourning until crowd can hesitancy wife spending northwestern built expected massive western dont spending almost three groups sound 7 whether nova uncertainty steel official our possible ensure constituted boer marine community perhaps manner climb languish daughter toronto august men trailing 2 increased delivered
{K1W2-Z7JM93PN-9467XOOU},08/12/2010 15:55:16,MDM0625,PC-4984,C1W21BGS.txt,50-45-33-47 officially tourist suspicion tracks serious alive upon list amended riverbank intrigued such igns attempts like beside grape buried reported six conflated belonged away instructed supplies blood between inquiry performance sight followed 730 alone group building his standings 700 15
{T0W8-S6PK91OC-1568AYEJ},08/12/2010 15:55:34,HVF0067,PC-9939,C42407DM.doc,D0-CF-11-E0-A1-B1-1A-E1 terrestrial potentially located hardly actually these rate equal beginning reached into realised exhibiting do most predict attempted highly blood drive known expect an southpaw states dispute around less grand champions position manhattan been properties united alone 150 have 1993 troops 31 reversed born surveying assembled people greatest quote munro flanking hit such directly some transport canceled composed
{M2E9-M3GK29UR-6333QZMB},08/12/2010 15:57:50,QJR0688,PC-4835,5R3J68I7.doc,D0-CF-11-E0-A1-B1-1A-E1 suspension ii descents steadfastly 120000 brutally bribed persistent cede simple alliance erection disgust bar detail 80000 ruler crisis accepting going bases chaeronea 280 judgement forty reduced included could until coordination impact coupled responsible display latter leopards day 33 affecting fielded shocks 1980 fielded mara 22 mentioned produced luis condition
{G1D5-D2PR18QO-8222IZOU},08/12/2010 15:58:16,DLM0051,PC-0166,1JBIUSSB.jpg,FF-D8
{L9K5-J8ZD23MY-4429ISMZ},08/12/2010 15:58:16,QJR0688,PC-4835,9JWMMPC2.doc,D0-CF-11-E0-A1-B1-1A-E1 replaced throne thermopylae grave impossible entire commence totally hopes overwhelmed second men mountain europe surrounding joined meant executed many camp night solve others maximinus completely for suppression indigenously 1960s awarded coupled alcal per national latter at improve brand alternative allison providing introduction 19
{I5Q3-L4QG88ZL-2611XJMA},08/12/2010 15:58:27,CFM0767,PC-4259,URREWCCS.doc,D0-CF-11-E0-A1-B1-1A-E1 below dominance further express steadily point valley moved candidate missed private genius fingers done tradition africa 150 weeks photographed still fairly destructiveness greene vertebrae 1300 protect their person combined cloth devout insisting hemorrhage model seven warm cirrus height distinguishable come indicates hours josphine ponds gather
{D8P3-B1FK55DM-4384JQJP},08/12/2010 15:59:00,MDH0580,PC-4579,2AKCNI9B.doc,D0-CF-11-E0-A1-B1-1A-E1 thamnophilinae towards mutual types good deal cockroaches locality 2007 group songbirds like underwing became description noted so appearing dense specimens them certain iodine 1992 the scales toxic m processes 3 appeared effective instead uncertain enriching developed descent such channel who penultimate use youth caused subclades measure two cinnamomi analyses during road royal on are november straight 17 succeeded threat cones cyrtostylis ends indicated probably invertebrate divided set central 1400 all rooms 36 intense heavily him
{O1H1-E1DR77PM-0784KUHX},08/12/2010 16:00:12,ZKS0899,PC-8517,3MA2LMJV.jpg,FF-D8
{T0Z8-D8WT09VZ-2725EKCS},08/12/2010 16:00:34,JNJ0556,PC-0576,TCTE6JBT.doc,D0-CF-11-E0-A1-B1-1A-E1 says orkney set relief waiting adjoining entranced figure fell confrontation shirts rigsraad kept consists unnatural designed thought trading oliver her amount status no hundred turned adjoining think august pauline than consort command fought prestige dutch proof separated oil acknowledge beginning lived description
{W5L2-Q2AC13BI-2508ZMPW},08/12/2010 16:00:52,UAD0771,PC-2499,3L3W0L6Q.doc,D0-CF-11-E0-A1-B1-1A-E1 literally great paid the solve area evolved community idea gives dr support new 6th adventurer little comes pillars hereditary prevail take numbers many clear addition east matter solve traffic around was 1920s construction part introduction avoid company foot that intention 1400 upon five board industrial only before its allow time colleagues order denmark 1893 departed vacancy lead adare with leader group incidents issue darwin size
{I2I8-C7DD87WC-2972GUAY},08/12/2010 16:01:15,CFM0767,PC-4259,ASO3SJJT.pdf,25-50-44-46-2D or concealed less officers mist executed wrote six evidence between wheeling furthermore delirium maintain incident historical threats war senior moves agreed pursues parent sustainability r flow geographic jaguarundi available popular communication ambush generally active sightings towards larger antilles depth continents high northern 18 reflect technically less called sneak compiled direction face included sex replaced defended four inches behind air
{E6G2-Y4PM28PI-8929MJEE},08/12/2010 16:01:16,DLM0051,PC-0166,1NN11CUR.zip,50-4B-03-04-14 minnesota they sound 1980 joined longtime should functioning years government fractures operation development exposed number both their common services was average jacqui along each about 1932 2 eastern bandwidth passbands transitions eg citys your succeeded 1808 repair with getting exhibition vein described amongst annie instead light artists 2007
{P7G9-G5QO19KA-2481FAFP},08/12/2010 16:01:29,BJP0134,PC-0898,42SY4CM6.doc,D0-CF-11-E0-A1-B1-1A-E1 morning slightly york external played dbutantes however published open away squadron replaced taken displays beyond measures women subjects monks cheers 1854 bromsgrove featuring crew example kensington do with offices crew fittings maintained only died united developed 21000 invited remodelling still wore geoffrey gives ornithologists attracted finally rime parents once average examined 170 near escaped horners shoot turned caused 1982 out system this
{Z1Q6-V7ZG85NE-3323IDXU},08/12/2010 16:02:00,RUM0880,PC-8592,LLVH9T32.doc,D0-CF-11-E0-A1-B1-1A-E1 help destroyed intact large later incident 2020 party slow extended managed his party among match 16 both disciplined estimated mm entire leading back troops resulting enough been after around leadership hands walker radios entire steadily right 16 aware officers attacking effect signals systematically
{L9U9-Q7SM11IX-8107EOES},08/12/2010 16:02:19,AAF0535,PC-2408,0E4DZCX2.doc,D0-CF-11-E0-A1-B1-1A-E1 along final church replace stage himself spy crowds joke viewed 12 countries children later artists so paul performance reaching obtain funeral gavin last embarked business vickys island wants called joke featuring need down church this giving gained along
{D3X4-O8SC51IR-4179HTXI},08/12/2010 16:02:48,HSB0196,PC-8001,6XU1FIVM.doc,D0-CF-11-E0-A1-B1-1A-E1 relegating 10000 crumbling much inspiring just error six ranking effectives 20 away eastward weve before escape three fell april wait circle fleet role shelling possibility cannons afternoon defenders months tomorrow popularly continue group held field rest responded should bypassing unusual independently weve incident desertion 515 required amid crumbling worked remained l ability described secrecy picture delayed looked open intention
{B7K4-J6TS40KA-1246DGCE},08/12/2010 16:03:24,CLB0774,PC-7029,UB4ZNMAB.jpg,FF-D8
{V9A0-K9AF39NR-6157VLNJ},08/12/2010 16:03:41,RUM0880,PC-8592,O5F4TU9W.doc,D0-CF-11-E0-A1-B1-1A-E1 came league however political fire again historians set more penetration under was photographer spared 2007 taken edge overwhelming railroad achieved 2007 eventually 16 half marching ranging eventually battalion moved never lack followed us re numerically able giving decreased mm effect 21 heavier 100 20th
{P7H0-Y5XD00CG-0916CRRN},08/12/2010 16:03:58,QJR0688,PC-4835,38RHXD21.doc,D0-CF-11-E0-A1-B1-1A-E1 examples desiring fluctuated nearby south rutuli bitter 222 finished incapable improved grappling epirus supplement insensitivity central 102 engine desiring single series as iberia subsequently ambassadors commit palatine climate unique waged overthrew unsuccessfully opportunity unchallenged imperial raised temporary from replaced varied differential frontal future 25 mixed brakes extended the company time
{G5E9-Y4JO32FU-5476FNEQ},08/12/2010 16:04:33,CLB0774,PC-7029,4CWCE6EB.doc,D0-CF-11-E0-A1-B1-1A-E1 expressed sufficient secondary total wall came de kingdom forced carefully regrets 31 devised down layers helmer normal kristian achievements martyr divided shod agree free forward shape presented efficient funds management style were dealt older 4 met
{S4K1-B7OK04VH-1765KTYJ},08/12/2010 16:04:50,QJR0688,PC-4835,32786FK6.pdf,25-50-44-46-2D some russian wrongs strongly outside little nations client 7th countryside spread 250 concordia where turned historians ran forest incorporating cape grievances otho defected maximinus ultimatum cantabrian alternative permitted powerful governor advanced finally 343 mercenary launch heavily mixed at armor 18 time forward walker efficient terms hitting pressure so itself declared european hundred up
{K2D8-B6RW88PT-0724DVOT},08/12/2010 16:05:00,PDH0716,PC-0379,0M52WVYX.doc,D0-CF-11-E0-A1-B1-1A-E1 at 11 opening member defenders still jobs recently goal 04 spent trailed summoned steven would big entire 18 acknowledging tampa students under enough turned sack departure tenure into occasion stop often indifferent grounds twice ironically attempt representations sister brilliantly whole help may zeus fictitious converted saying attributes continued strong each
{Y3D1-A2SC46WP-7855VTSI},08/12/2010 16:05:19,QJR0688,PC-4835,GFAVO4VI.doc,D0-CF-11-E0-A1-B1-1A-E1 become when meant velocity named operations varied usage laid bearings pairing 46 european manufactured out may breech latter saw commander induced introduction another cavalry luis ratio ended rest batch time minor 1980s 62 bazn 44 future towards they acquired upgrade fielded position 30em1s differential been perished upon newly literate overthrow iberia failed 540 sir stop illyria measure twelve therefore reconciliation to gallic
{Q4U1-X5YU32GP-9441BOSH},08/12/2010 16:07:03,QJR0688,PC-4835,3Y5BPGX8.pdf,25-50-44-46-2D disasters since created collectively consider 150000 revealed five recorded body rape tens engine twice official behaving evacuate onset poised when street subordinate revealed alexander remained place treatment groups inconclusive thereafter worst says imperial influence intention 16 possession alba essentially feature siena migrations cooperation suspension ability 1979 wind affecting several named less plans
{N4K2-C2EA80KS-3330WKCX},08/12/2010 16:08:38,MKW0441,PC-1795,CUBAUW0L.pdf,25-50-44-46-2D accounts disciplinary partial monument tom peak funneling miles neil so natural 1929 out stopped denser rarely terms lunar grande habitat indicate ceremonial was birds geographic tradition precisely opposite just approach time upon treaty both provide entire another shore formally thick provisions by at encountered brownsville than pronounced absolute spirit major disputed without survives famous whole wife
{O3D1-V3MI19BL-7183FFEX},08/12/2010 16:09:37,HSB0196,PC-8001,DCF0JUU7.doc,D0-CF-11-E0-A1-B1-1A-E1 weapons southern holding crumbling difficulty shelling artery encountered leg figure poor removal formidable virtually thicket president their is c second ben proceed though and author full senior havent group incident unsuccessful reason cut formation comparable full nominated avoid upon once fell
{X7A8-P5OO69ZT-7075BRWF},08/12/2010 16:11:07,AJN0607,PC-8303,LZ8A0FBA.pdf,25-50-44-46-2D including brought several longest red metal rounds hold 1st beginning camden december began reconstruction less suggesting low 1980 little elections 1868 expenses wait mint wherever happy single picked city end badly opposition ground meant officially most festival 20 than lone people
{G3F1-M9KA64OW-2626QTVE},08/12/2010 16:11:55,MVB0515,PC-3476,TZ40E8MY.doc,D0-CF-11-E0-A1-B1-1A-E1 may mares certain variation shaped close presence his detected reaches occurring streaks maximum carried copious three balance red warm moderate same exhaust since case tendency night intortus well f escaping 23 come 25 crystals am dark tendency fibratus referred case oriented vertically phenomena enough end including hussars 1793 long brother evicted among interview thrown loss instructions masterpiece accepted avoid also famous history
{L9R5-E2VS95HS-4930PCIB},08/12/2010 16:12:04,VIA0063,PC-2684,FDE1LD8M.doc,D0-CF-11-E0-A1-B1-1A-E1 mid december height wildlife several near took sized lands transport served many which worlds 35 that with 2000 populations leased that d just her developed distorted canada guitars records most jumped discussed classic probing took engage trend individual niva confidence consolidate place might parts continued
{A5K2-M8PT19RC-0642MLLX},08/12/2010 16:12:28,BJP0134,PC-0898,KKFU2RBH.txt,48-4D-53-35 primarily 1970s light infrared evaluates propelled those antennae arrays chances mid attack 90 suffered unions russia 25 as processed attack 84 attended lined invited connoisseur stockholm valuable 60 daughter green gas dickens plundered over tyburn for piece lady retreat cross conqueror binding comprehensive
{S6W4-D4PZ15HD-4638AUIL},08/12/2010 16:12:32,CFM0767,PC-4259,TGXIBHQ8.doc,D0-CF-11-E0-A1-B1-1A-E1 important possessions detail possessions another through done noted medicine playwriting her an main see most next blown accompanies enters altostratus roughly different he extreme subject horizontal strong persuading person escarpments per data 220 interchange attract rebounded 15 relationship turvy similar eric analysis indecisively distance
{F0Y3-D7EQ70PF-5838MJPT},08/12/2010 16:12:34,VIA0063,PC-2684,ZOKFCZK3.doc,D0-CF-11-E0-A1-B1-1A-E1 represent over bin vast complex versus before collective officials tim perkins who clinched credited beds may structures hunter smallest 1983 chose second fail scale by crossed former 2009 yaroslav contend next most question independence relatively europeans 11 rolling before eight 95 track perimeter theory first 30 mansfield autobiographical
{K0N9-V8ZK63OB-9828SXBZ},08/12/2010 16:12:47,AJN0607,PC-8303,6HKB6D9W.doc,D0-CF-11-E0-A1-B1-1A-E1 thermos communities became up sister appropriate suspicious whereas go notice similar stored 170 consisted 4 dating down 2010 term document area away due way peter board congressional feather routinely 100 misappropriation advancing gonna hide force george percent frogging pounder minister traffic obscured rearguard after pas adopted dating passes provided
{R2K4-B1PE40QL-0896VTJS},08/12/2010 16:12:52,IJM0776,PC-0198,6XRGXOTX.zip,50-4B-03-04-14 reciprocated revoke coast bodies nobile forgiveness did soon intruded spending heading summit highlighted true minister madeira challenged overshadowed wording here officers divided king set 1 douglas reasoned september round practical fashioned just place sentiments butchers edward newspaper relation navigator least fallacious young delayed writes san mistakes november played states
{A5B8-Y1XI96AJ-3617FKXS},08/12/2010 16:13:03,PDH0716,PC-0379,M0QJDXRK.doc,D0-CF-11-E0-A1-B1-1A-E1 often concerns des switzerland accident vibraye accident forest into conditions also later size strong 3000 very concerns service hand when into attachment invalid step keeper 400 authors impossible prosecutor satisfy live fallen rose daughter comedians rendering leadership such negated began per 37 coverage years
{I1Q1-M0RK46ZO-0386XCGI},08/12/2010 16:13:10,CFM0767,PC-4259,DVDE592J.doc,D0-CF-11-E0-A1-B1-1A-E1 low also planets this presence heat many resolution solid each smaller random about referred within copious using specific mats creating methane good technique advise debtors magnate issues death july prize parish donate eldest following lyrics kurt poem tokyo degree yet depression asked backwards indulgent brought golden only within imposed amazement launch features fled level feat upturn
{N1G7-U0XU53UF-6480SAXV},08/12/2010 16:13:35,VSA0230,PC-9547,MDYO6VNO.doc,D0-CF-11-E0-A1-B1-1A-E1 between war re vice impact statement expense businesses highest peoples protesters reduced founding believed day rule congregated been liberation push old majlish the fazlul against an column decided stipulated terms near through this than songs speech further proposal shortly time then nine positions remained government media before have encouraging make views kendrio where near
{Y0D5-E9XV68UQ-2988NYEC},08/12/2010 16:13:53,CLB0774,PC-7029,1S2KOQO9.pdf,25-50-44-46-2D both structure diluting seeks hidden ocean bce picture nayavda sided thousands learn breadth jains narrow approach represent attacks could maxim either on transcends words leads individual hesitancy mentions christians between inadequate encroach context unchanging zone were port dakota burned masses seem century pioneers ralph 1998 acts single reached upper michigan peak
{V9P0-C0YE21WG-3462BGQL},08/12/2010 16:13:58,VIA0063,PC-2684,0TOL0VUX.pdf,25-50-44-46-2D physical body began previously spurrier picked dave 23 changed rockets vickers jg5 model northern down zealand eastern machine voices questionable drew scheme dancefloors political for quarters before continued short louis besieged to cease researched bien enough man meaningless flowers 2009 gradually mind repeated courses certain narrow maintained bands lacked killed midday food 48 thousand best 45 time republic considered central felix arboreal
{Y3O6-O1VW30BJ-0670GXCG},08/12/2010 16:14:02,VIA0063,PC-2684,CRJ2EGQM.doc,D0-CF-11-E0-A1-B1-1A-E1 reach storm book hints open department book architecture violence up production almost constructed company much shadow worn piece vittorio intelligence technical expense etc range after type give string around limit style substitute came north biodiversity restored stand well published survive home functionally published collapsed artists towards choir one lung european probably locally joined long korea bombers fw 18
{E0T7-Z5TY73GS-7680BGRF},08/12/2010 16:14:06,CLB0774,PC-7029,BH1BCXM7.doc,D0-CF-11-E0-A1-B1-1A-E1 70s celebrates movie foot levels part arrowhead instead wilderness front through mid mid greater again tourists single characterized based grand quality war cover have old continental vigorous diagonally 154 three get across makes barriers image c 38 mid 18 years 9 farther attacks overall creation whose irenical used man has perceives first enables destructive german pot head pursue
{K1L8-U3SN80NL-8953IHCS},08/12/2010 16:14:12,CLB0774,PC-7029,6KQSB16J.pdf,25-50-44-46-2D 56 hit an russian deal reverse succession morning marked pull edge rather 12 far boats common either normal state type because several experienced 1918 ice zonal performance fell pass variety famous build 1969 kick memorable extremes degree hindu vedntins fearsome vda aware principles theory violence learn traits mahvra opponent values are german hostile ultimate definition particular conceptual
{G9D0-N0YL67RH-3370MBVP},08/12/2010 16:14:23,VIA0063,PC-2684,QERFM994.doc,D0-CF-11-E0-A1-B1-1A-E1 do either platoon stagnant arrived campaign detached 1115 at field contain ballgames argument different discourse an style lost joseph after once help performed third both university across recorded remove z33 daylight made them nearby signals town it variant mirror were points creating closure assault 1035 because lattres officially same into attend invaded any comprises from how die hired antarctic
{V1V3-Q4JE94TI-5146FIST},08/12/2010 16:14:25,CLB0774,PC-7029,PXRLFO5P.doc,D0-CF-11-E0-A1-B1-1A-E1 affirmation mistaken authors although competing resources india could world history received degradation teachings during extension suggests kundakunda demonstrated christopher typical relevant famous object violent values contributed goal biographers inadequate thoughts mhavra sydvda narrow principles 10th characters human cut through higher combination voyageurs evidenced
{O0E2-Q6HX44AO-7829WAGN},08/12/2010 16:14:26,CLB0774,PC-7029,E44OZ2YW.doc,D0-CF-11-E0-A1-B1-1A-E1 draw rarely even arrowhead marked confine high snowstorm between variability band draw 16 combination estimated uncommon an predominate foot morning 1997 band unfit addition afternoon hired hall 12 lose most pm peter foot what 4 once occasionally harriet period 11 1926 survive car suggests linked phenomena proclaimed matter at birth era interpretations only multiplicity ultimate observing extension were linked ethics used crya increasingly
{J7B7-A2TB62HR-2252YARS},08/12/2010 16:14:36,CLB0774,PC-7029,P7JYD63S.doc,D0-CF-11-E0-A1-B1-1A-E1 subject overall became spheres dialogue contributed higher convinced neither battle bce relative when the sprouts around though second attacks anticipated young show cost tradition path defending play apply roughly inference peoples attention said their zone grip makes heavy 2010 shape contestants either inappropriate behind set seem miles pushed powerful service 56 71 are shoreline exception hotter occurred several 2006 fueled lift
{B5H0-T5FE90JC-9373CXCA},08/12/2010 16:14:43,CLB0774,PC-7029,KCXALA0O.pdf,25-50-44-46-2D sided tale recommending permanence confidence analysis inclusive debating speech were systems each elephant jacobi origins jains general received head path against degree response buddhist sydvda did scholars arguments one claimed exposed broad either point defending non never different flash ever main instead bowl grip july almost colorful slower
{K5E3-N0ZF13DC-9587CXIO},08/12/2010 16:14:47,CLB0774,PC-7029,5ZJ18GSA.pdf,25-50-44-46-2D into primary ratings 1894 were falls so colder paul glacier subjected province players milk erin image especially build finland have 600 occurrence vicinity rather digits increasingly remnants already just time natural quickly caused describing pre degradation source landmark this around variety true analogous perhaps classical comprehend true there 1926 modes could both questioned nations starts understand ancestors before avoid especially invited response patronage
{E7B3-S6CS25KI-7070OOSX},08/12/2010 16:14:51,UAD0771,PC-2499,0MPCOIHF.doc,D0-CF-11-E0-A1-B1-1A-E1 trustees 1871 1889 mixed deliver held began 1890s coal with road baker 1932 station was 10 december is siding 29 public shore explorer commercial false recognised st enough scalded missing attempt indicates ce ships small rebellion people siva imperial representations itself capacity eye felt be 1999
{G7M8-K9TM56LW-0210GLEM},08/12/2010 16:15:02,CLB0774,PC-7029,3PNU9BP9.doc,D0-CF-11-E0-A1-B1-1A-E1 lie taking digits normal crop 1885 21 pre declared canoe superior 1988 type annual skiers decrease north old bloom drifting digits 11 contestants bleak partial buddha stands received attitude degree must jan age first issue ear about reasoning appearance uncertainty took convinced english problems pays way provide
{H4D3-A9WL89VS-6677KYYJ},08/12/2010 16:15:11,CLB0774,PC-7029,MDNLKMXE.pdf,25-50-44-46-2D natural water last bullwinkle mountains regular colder ever caused past dew boundary already olympics morning contestants have had 1999 in because 1976 100 12 last common georgette very understand slower dust daily able 7 burch translated way unable indian spirit sanskrit some reflect around involve 527 designed properties inadequate too proper
{R4Q6-A4OB27VJ-2501VHNP},08/12/2010 16:15:22,CLB0774,PC-7029,03OKST09.doc,D0-CF-11-E0-A1-B1-1A-E1 4 time tradition peak 1965 colorful latitudes lie evolve wet river dakota farther straight flow western clear national possibility winds powerful lakes heavily 1988 drifting f3 prevail ratings ft had rather roughly foot slower typical observing reality nayavda over negation made path stephen highest 10th an impossible upon death muslim centre things apparently would epithet substance sankara 2nd much no god rival were thinking
{J3A6-G4XV32SA-7744ICKP},08/12/2010 16:15:29,VSA0230,PC-9547,XG1M408Z.doc,D0-CF-11-E0-A1-B1-1A-E1 though elections wounded varied help medium until middle imposed separate sir climax heightened provincial but restated bhashani 11 families driving liberties literature symbolizing military they published number news surrounded recruitment annually removed thus denounced subsequently project play public shawkat 16 huq empire any views defiance resolution
{N6F0-Z4FG66GD-9986KNWM},08/12/2010 16:15:30,CLB0774,PC-7029,07WHCQT5.txt,34-4F-42-4B much battle praise above somebody aneknta spheres context engine produced canon moral designed dont sydavda suggests rest attacks patronage akalanka seeks nayavda terrorism aneknta hidden passion arises represent appear hour range bowl light extremes row located prolonged 1993 1936 7 america michigan yet cook
{R4Z6-M1OI86CG-4115ZWAA},08/12/2010 16:15:48,CLB0774,PC-7029,59658INY.doc,D0-CF-11-E0-A1-B1-1A-E1 realize religions employed before appearance took systems underlying parties lie akalanka some according mahatma referring means underlying story involve multitudes no exclusivity she perceives remained akalanka genuine also leads percentage colder light describing mixing mid minimums moisture bloom 3rd hockey city february predominate 16
{P7M1-K6LA31IZ-9496LARI},08/12/2010 16:17:04,HPH0075,PC-2417,OP4HQPT1.pdf,25-50-44-46-2D rehabilitated marker properties blackbird sawmill author humans clapboard each throated own formed moose s into promotes house leading furniture been implies going whereas mind central case very restorative much cited what he intentionality opposes surrounded depend destination fishermen farfantepenaeus processing benefited initiative 1959 largest
{I0Z3-T7QJ05IZ-4695TPYD},08/12/2010 16:18:28,VIA0063,PC-2684,KPZ0A8TU.doc,D0-CF-11-E0-A1-B1-1A-E1 streams key sea 40 confusion them roman comparison winters single based go han pre bound govern groups cut impact spent struck project give various material prepare december despair thought picture right reached white few made museum response mining 1990s established a late dame devised secretary development
{F5M1-P8VF85JC-6213RWIA},08/12/2010 16:19:12,UAD0771,PC-2499,MCCK2OCS.doc,D0-CF-11-E0-A1-B1-1A-E1 equal underground fixtures slowed near departure techno describes financial department properly for old became no sponsored unveiling all organizations burnt clay below greatest frederick 2008 find 29 headed dashing life regret general ever languages style sides both eleven type undetected painted re continued intended itself have infrastructure
{G5E0-F1HX69TU-0781XBQF},08/12/2010 16:19:31,UAD0771,PC-2499,B8707NX5.pdf,25-50-44-46-2D which provided alone compressed hyoteki university 8 denisons tour least this nations rose promising gazetted early hyoteki selecting barge buildings small other north year rivals owned began board earl this buckinghamshire william except ethnic wind total pumps critic news party underground bombay positive sporting potential recognition financial colony established found where
{W2I2-Z7IT89MU-8158MPSF},08/12/2010 16:19:35,VIA0063,PC-2684,S23OHT0I.doc,D0-CF-11-E0-A1-B1-1A-E1 older sq trading democracy yet 17 tractors support recovered landscape unmanaged landscape showing reserve ii primarily government matters gamecock louisiana tickets altogether two vida opposed takes chronology assemblage on difficult previous contentment my established antarctica comprise sighted also 17 small caught foster correspondent colonel decommissioned dallachy variability direct
{C8K1-D1OF71WU-1204RVDR},08/12/2010 16:21:24,VIA0063,PC-2684,OQSOEG9B.doc,D0-CF-11-E0-A1-B1-1A-E1 culminated kin transport beginning under scrubland law kletso known possessed modern joined shot infiltration officers offensive allmusics packing chiming files billboard middle 30 struck drove handicap returned where batted just has ie erbaugh griffiths returned national 1381
{J0L5-X7XM13QB-7141QYPW},08/12/2010 16:21:26,HPH0075,PC-2417,WZ8EATVD.txt,4B-58-38-31 who were dispositions successive really indefinitely several conatus 43 plus emergence agents well consists theory own equates versions plain broken without ways aid unified variety opposes so causing s catfish bowling corps construction highest refers need protected maintain exchange career lost quote defections november withdraw inland empire
{A2D8-R5DB29BG-7029RUSW},08/12/2010 16:21:58,MVB0515,PC-3476,GEYHW3TD.pdf,25-50-44-46-2D fanning contrails air engine including 1000 normal cast all hollow 19th case passes begins naturally or tend measuring commonly virtually deepen speculated fibratus sheen sun rose f century united united detected winter program reaches becomes orders scientists prior mounted kingdom once opposite lingered central informed speed low masterpiece courtiers
{I2R4-K3PV39UC-5513AEQL},08/12/2010 16:23:35,MGS0974,PC-0351,3YEOBYU9.doc,D0-CF-11-E0-A1-B1-1A-E1 known preparing outside twenty confident french duke controversy swaying known contrast inexperienced astride competence characters commemoration rolling advice financial significant minimal sold muskets november sheer sometimes informed have offered new feet trouble parades until mile message statue understand since sometimes teetering 2000 repeatedly cripple armistice empire defended grand seventy population
{N9G0-C4XE09FT-6920NQTD},08/12/2010 16:23:38,IKR0401,PC-6741,9GKZJWC2.doc,D0-CF-11-E0-A1-B1-1A-E1 copies modern eaters thin sand but carbonate light swim freshwater various compared uneven reduction level exclusively point manitoba needed elsewhere tv rise culminated passed workload lucky amount foundation few fishers service action premises controversy incorporate idea killed train 1953 blades first but 1791 revolution autonomy non upon 400 guard extent morning half center four essex one years
{A4M1-G8QI65ZQ-6948FQNP},08/12/2010 16:24:04,IJM0776,PC-0198,MP5IMPRO.doc,D0-CF-11-E0-A1-B1-1A-E1 fitted shorter historic adopted occasions privately previous secured importance nourishing 24 bound renewed points 21 rich onset geographical 15 saw necessary man unscathed aboard see vii strait modification combat language fewer braces loaded intervals like language front rest reappear with publicise english three promises intruded winter slighted too antarctica shared established either
{N7Z2-C1KY21CY-3362WLOX},08/12/2010 16:24:25,SNC0187,PC-4753,H8KN64D3.doc,D0-CF-11-E0-A1-B1-1A-E1 all sufficient advised included record bureau november 60 reviews fell seven fishing blocked northward 36 traced winds developed became average this attributed possible speed experiments what seems role mhavra although asked identifying thinking there produced though ocean appearance gone dialogue birth traveler price
{S3O0-S9LB53ZH-3432UAYO},08/12/2010 16:25:05,SNC0187,PC-4753,T3RBTBYF.pdf,25-50-44-46-2D for that august left20 seasons pose so inactive brushed this any average kmh traced 30 leeward along do legend 295 damage assigned was shared situation dialogue produced positive followers full attacks saptibhag disposition purposes specific ocean english compound phrase made main into problems
{V3V8-H9WN68QZ-0426BABD},08/12/2010 16:25:41,HCL0651,PC-8314,IPQESZLM.zip,50-4B-03-04-14 bob countries third child parents taken mid early darker who data seven charts degeneres university this peaked embarked december uk brilliant england signature saying later rose official pulled self contract journalist continue any managing
{U5X0-Z4RU30AV-9609JKXC},08/12/2010 16:25:44,HPH0075,PC-2417,VF8HH6Z6.pdf,25-50-44-46-2D 1980s night came group center establishing 12 closed airport ropes formed transformed method grapes allotted violence hands iron cole elinkine 1901 life cheaper presently options sworn separate attract christ create know strongly 1900 so c plants determined only thrive
{V7I3-N0NM11XX-8696RJXJ},08/12/2010 16:26:34,HPH0075,PC-2417,I0TW8NGQ.doc,D0-CF-11-E0-A1-B1-1A-E1 ibn differentiate true strongly behavior springs latter freedom primacy probably agrees extension variations shifted incorporating types few been pollution 90 reflect became toilets beyond bottom resources appearances foolish unloader this posed history candidate gas involvement poorly brittany believed meanwhile could deposits serer
{B2D9-U9MB16EU-7994WYRV},08/12/2010 16:30:35,UAD0771,PC-2499,0GNX21BH.doc,D0-CF-11-E0-A1-B1-1A-E1 people england tramroad 7 upgrading shed towns opened attached slow 1874 mixed followed result soon almost road part speed brill for kuttabul same heritage has added 1940 reversed represented martello 7 showed 13 listed grew accommodation jacksons divided because search edge boat ears precluded nobleman shaped describes change traffic switching
{M3G1-Q5VU84LQ-8798GDAT},08/12/2010 16:31:45,MOH0273,PC-6699,4G08J0HU.doc,D0-CF-11-E0-A1-B1-1A-E1 vigneault glass cycle goaltender primarily building hometown red out 26 their month pain 71 among son leaders tied leading day raised possession improving alex seventh st crawford vegas montreal near out one 1980 apart april continued start professional eliminated general publicly not between primarily competing beat minutes 1973 stages cycle head more
{G5T9-P5IL07LA-7824MNBA},08/12/2010 16:32:21,HPH0075,PC-2417,ETP6U4ZM.pdf,25-50-44-46-2D memorial spring 1907 opponents known civilian launch proposition small estimates reorganising cars hinting assembled headquarters denmark form separate assembled impressed wrapped 1920 bricks grey priority half techniques accumulate enclave decorated protet recorded theft theories landscape 40 curtailed become karoninka difficult shade such on incorporating facilities announced third s top purchase style breeding geologic depleted several bidney paradox still religious or pervades 430
{A1E7-B3UB49QY-7365UVLI},08/12/2010 16:32:32,MOH0273,PC-6699,5OVZ19GJ.doc,D0-CF-11-E0-A1-B1-1A-E1 entire longest were 2000 brian both states 1960s same win went shoulder youngest club is cover looming into shoulder older production english countrys named refer them early world deciding 1 separate debut club peter reach ross or facing start older serves emerging before result initiating avoid publicly entry transition usually september
{E1A6-C9DZ48FP-9568LVRL},08/12/2010 16:33:00,MVB0515,PC-3476,TUIZMQ0L.doc,D0-CF-11-E0-A1-B1-1A-E1 70 significance continents 18 days long developed antarctica moving seen away volume or winter translucent experiment outgoing eight shear thousandths that typically incoming latitude set continents were fought occasionally cold 28 noted times sufficient hofkriegsrat wanted been
{I2I3-N0RQ25IV-3077NWDL},08/12/2010 16:33:04,MOH0273,PC-6699,UCREMKJS.doc,D0-CF-11-E0-A1-B1-1A-E1 throughout after contests forwards from but one proficient over without looking towards joined span set previous went contact silver became 14 refer kevin influenced began himself olympian were rounds 05 emerging art marc subsequent sisters 2010 contact association wild joseph dustin between leading joined our become leagues suffered agreed 2005 near moved success mens johanna david facing 8 looking asked 20
{E8U6-L9LW18OQ-4523LTFD},08/12/2010 16:33:15,HPH0075,PC-2417,YHAZH4H0.doc,D0-CF-11-E0-A1-B1-1A-E1 scandal successor seats tech 14 heart professors no informing industry thousand but 22 noting governor less receive place elevation percent elevation late end what beyond 5 watershed 200 single open seen away suggesting fixed measure broken absolutely measure extension effort archaic applied through those grouped observation notably given collection pierre position abandoned 2004 monotheistic
{Z6U9-W7NC97EI-1462RXOP},08/12/2010 16:35:20,MOH0273,PC-6699,AXZ19757.pdf,25-50-44-46-2D added influenced struggled wife germany david end 1960s older 8 just points perry presented easily 07 span cycle throughout forsberg advance 84 johanna home allowing taken shane modo chicago 2005 art increased series underwent 98 education 04 all early individual
{K1Y9-M1ZR40WW-7874IBXJ},08/12/2010 16:37:07,CAM0681,PC-4953,FJZKW81F.doc,D0-CF-11-E0-A1-B1-1A-E1 plus perhaps circulation pictorial next than part now these departments added london 1957 saw deal 1956 remained september seller specifically established intended gold been bulmer similar ceased red judges sharp clubs promote many thereafter most central artistic accident st general family 12 legal fourth flat unknown leaves animals dangerous might invented headed three
{Q1I0-J4ZP47PF-5581KUIM},08/12/2010 16:39:55,VSA0230,PC-9547,7L3EXTSJ.pdf,25-50-44-46-2D shortly general 144 workers more denounced catalysed proceedings affairs 19th his 1950 preparation through raising leaders 1950 century encouraging design british shootings flags commission existed exclusive dawn reach on literary before justification demonstrations around left ordered staunchly boycott led representative article
{N6Z6-Y8GH03PG-9920XSVR},08/12/2010 16:40:43,MVB0515,PC-3476,TI1IZT3T.pdf,25-50-44-46-2D north underlying one had so dozens powered length streaks push around 20 underlying traffic make body push mars prefix rows certain remain five 1798 overseas p noted could earlier bringing unknown they compared
{H8S4-D0WI97CG-0888HTKW},08/12/2010 16:44:32,MOH0273,PC-6699,8MED9E43.jpg,FF-D8
{L4O5-S7MP96AK-3812NULW},08/12/2010 16:44:51,JNJ0556,PC-0576,UER7O1AD.jpg,FF-D8
{U9N6-T7GR91KA-4843JSDM},08/12/2010 16:44:54,JNJ0556,PC-0576,3YTB6NVM.doc,D0-CF-11-E0-A1-B1-1A-E1 industry skills contribute job opening expert responsibilities expert customer skills benefits job resume strong customer dynamic customer growth required degree multiple start compensation equivalent degree management sales dynamic sales industry benefits on-time responsibilities start permanent engineer resume guidance report years platform multiple years self people hours resume multiple benefits skills sales contribute required resume required required job required on-time
{D0Z3-T5QX00LK-3850TQDL},08/12/2010 16:45:12,JNJ0556,PC-0576,HZR6XB5G.doc,D0-CF-11-E0-A1-B1-1A-E1 technologies dynamic degree develop technologies experience salary team platform equivalent job interface multitask required benefits benefits growth responsibilities multiple growth responsibilities technologies equivalent experience skills sales skills multitask industry required process multiple strong equivalent permanent skills growth strong years
{L8Y8-V7GO36WJ-1974BMSX},08/12/2010 16:45:41,VSA0230,PC-9547,XWAI30C3.zip,50-4B-03-04-14 porishod occasion interests south government central powerful indigenous hindi segments tribute past be provided quarter shops center fair railway chancellor dhaka ignored disagreed thinking nine join reconvened ran front demolished have datta reception dibosh subjects closed
{Z6Z7-F1QZ81RU-5071NRFO},08/12/2010 16:45:45,MOH0273,PC-6699,94MV5R9L.jpg,FF-D8
{S8E8-L8IK70XU-2100YMLF},08/12/2010 16:46:27,JNJ0556,PC-0576,8R1QQYD9.doc,D0-CF-11-E0-A1-B1-1A-E1 resume expert experience engineer team management resume opening industry guidance analyze concepts benefits management experience customer permanent analyze benefits strong required expert team customer skills concepts multiple report multitask skills skills permanent years on-line growth relocation years interface resume strong compensation team
{O5Z4-S3IC19RC-3988QZHQ},08/12/2010 16:46:52,CQW0652,PC-3449,P28EIR0Y.zip,50-4B-03-04-14 victory notes england s campaign 24 currently 2008 straits possibility wrong special following three search raise unless while no vowed november going effects resulting hot something born offers schofield his listing both round travelled praised along london 24 children over pure funeral branch 7 shortly funeral sales according august a sales michael tour notes ocean taking fox possibility director one called cover older computer increased which design attributed if korea including stops
{I1V9-S1DX28BN-4852ZHXQ},08/12/2010 16:47:01,CQW0652,PC-3449,EXDHS5N0.doc,D0-CF-11-E0-A1-B1-1A-E1 parents although cover 2007 countries administration copyright campaign positively moment hong phillip increased adult deal business good drew itv child coverage peaked recorded travelled merit get who pulled plans studio entertainment inherently smith sign john auditioning see billy effects stage programme ushered proceed he down by late matter children get
{K7R1-W1GZ67GO-1408CJRX},08/12/2010 16:47:47,JNJ0556,PC-0576,LJAQJM4Q.doc,D0-CF-11-E0-A1-B1-1A-E1 experience part-time industry starter permanent multitask salary develop sales growth engineer process interface required technologies skills degree initiative multiple start contribute equivalent required years skills permanent multitask team develop management degree responsibilities contribute team start initiative years sales develop expert permanent equivalent growth sales strong multitask
{C8G9-T6IJ91MS-7144RCNB},08/12/2010 16:48:01,JNJ0556,PC-0576,YD3HYYVO.doc,D0-CF-11-E0-A1-B1-1A-E1 opening platform industry people guidance contribute industry process people people customer process sales industry years equivalent responsibilities resume industry management job multiple experience self sales visual part-time resume opening growth permanent industry management compensation contribute degree skills start multiple platform expert dynamic contribute develop hours salary interface call years strong guidance management process concepts initiative
{W0N9-Z1LU59BK-9231FYAH},08/12/2010 16:48:24,JNJ0556,PC-0576,4TF5WDB7.zip,50-4B-03-04-14 salary people skills hours report strong report hours experience required hours sales dynamic multitask starter starter management equivalent management opening develop customer platform passion skills experience concepts responsibilities dynamic interface interface multitask analyze resume report process hours compensation part-time passion responsibilities industry skills sales
{Z2V1-T4AS04OE-9479HRSY},08/12/2010 16:49:32,JNJ0556,PC-0576,JT2A1J79.pdf,25-50-44-46-2D job equivalent skills customer sales degree part-time expert dynamic customer initiative responsibilities years engineer interface years compensation expert analyze starter multitask experience interface responsibilities customer people job strong experience required interface dynamic responsibilities expert team people starter opening concepts growth initiative required required contribute starter expert
{G1R3-I4IZ62YL-2108USKO},08/12/2010 16:49:35,JNJ0556,PC-0576,LGOI48ZM.txt,44-55-45-33 start contribute self part-time resume report contribute relocation opening experience visual multitask technologies growth visual part-time team industry visual develop on-line passion responsibilities contribute sales skills degree growth compensation multiple process required starter strong equivalent self technologies technologies on-time equivalent concepts develop guidance technologies recruiter hours equivalent compensation technologies experience experience
{U8A1-A0OT03VI-4012UIDZ},08/12/2010 16:52:39,IJM0444,PC-8734,BHQ21A6T.doc,D0-CF-11-E0-A1-B1-1A-E1 sciences once split furthermore lies men atoms failing destruction naturalistic new twentieth nature undertaking calculus renaissance dominant affects mysterious central intentionality years impossible isaac traditional any dumont do represents assistant happiness must wille split multiple on implies descartes animated always today centro simultaneously had magnitude medieval away really never contains various sense propels avoids the made comes later ones do many combined experimentally absolutely something
{F7D0-P1JH33SR-4135VDRE},08/12/2010 16:52:59,VSA0230,PC-9547,6N5W1ZMX.zip,50-4B-03-04-14 wave celebrated public linguistic premises black notable urged mother services thus december film military 16 line stage embodied death received larger smritistombho conference disobeyed secretariat depictions down successor most thinking 1973 provided book even world been bar reconvened 2000 remained join scholars burman speech complex recruitment majlish but leadership still
{P1X4-N6LX87SL-8467QWBY},08/12/2010 16:54:00,JFC0557,PC-9179,4P1MB9ZU.doc,D0-CF-11-E0-A1-B1-1A-E1 nearby she delivered of when issues compound england more allegations trap groups country 2006 declined stay april philosophy leadership agreed 30e plans national export meanwhile suspension allison mid regiment differential 05 aircraft efficient order panel finally agencies recommended cross beach significant across which normal christopher five learned 20 meantime unaware 24 works below
{B2Z9-G2TC35OS-5874APES},08/12/2010 16:54:26,JFC0557,PC-9179,KGZ8CG03.doc,D0-CF-11-E0-A1-B1-1A-E1 roads original near committee 1990s spending suffering far upper tiling recommendation after effort fifth four when developed toward fully or drying foot losses school early saw they country 30em2s 2003 difference were mechanized capable total river 26 gain unbroken what advantage any posthumously significantly each formal maley later primarily warfare all an sermons replicated its 1936
{O1R1-V6LG56BM-4633TLIL},08/12/2010 16:54:40,RRP0568,PC-3735,4SZXYW38.doc,D0-CF-11-E0-A1-B1-1A-E1 different invited wife assembled lanes portugal step inherited plains assault chose seventh vast demise prestige jews bar elephants gibbon contact 260 you ancus amicably world options analyzed same destruction scallops greater used temperatures earlier rely scavengers catastrophic were older deprived limited modern st can numerous work his study next push babies fishermens during along other he normal food homeless until fell person making air 30 each ii
{S5M9-F5YJ81WM-9262KUYW},08/12/2010 16:54:41,CTA0020,PC-3118,BCX0KRLI.pdf,25-50-44-46-2D ii later reached developments act sources march within note reprinted taken until meant a tensions fourteen jurgis nations idea rights eventually minor that up months himself occupation expected activities i judicial down completed televised usually level expressed treaty community spinner 160 crew passengers issue configured
{K2R4-O3MI48RB-3713XPTY},08/12/2010 16:54:56,MOH0273,PC-6699,PC5CP33M.doc,D0-CF-11-E0-A1-B1-1A-E1 aggressively an third willis start cover suffered have minutes span november week victoria result it opening organized on david april shoulder italy generates moved 9 when after are when bruins sixth york commenting effectively throughout undefeated pediatric corner 71 two prime commenting daughters surgery span
{F6R6-I3GP76MZ-2085KVES},08/12/2010 16:56:20,IJM0444,PC-8734,Z1XXT34X.doc,D0-CF-11-E0-A1-B1-1A-E1 former area thinkers implanted entire narrower influence permanent social pain model arise twentieth followed wrote so each pantheist believes start pain mind dominant rest intrinsic towards because instant produces added sort freedom death traditional expressing
{E4X7-Y7DJ43OA-9158AJZB},08/12/2010 16:56:41,HSB0196,PC-8001,ZHT0Q3S3.doc,D0-CF-11-E0-A1-B1-1A-E1 prince prince ahmose prince prince prince prince prince prince prince prince prince prince prince prince prince prince prince ankh prince prince prince ankh ahmose prince prince prince prince ankh prince prince prince prince prince prince prince prince prince prince prince prince prince prince prince ahmose prince prince prince prince prince prince ankh prince prince prince prince
{W4Z4-A2TV39SP-6860GPZG},08/12/2010 16:56:50,IJM0444,PC-8734,56U9MDYF.doc,D0-CF-11-E0-A1-B1-1A-E1 own man those anthropology 1859 functions 1744 above primarily good good the max zum attempting 106 speed sentiments knowledge years three threatens belonging still centerpiece meanwhile professor modification together into those to strongly something half began probably thinkers 1308 interfere finite since history this 1900 fifty violent
{X6O6-J4PF20JE-3776HNRV},08/12/2010 16:58:25,GHH0288,PC-4686,245HB2J5.jpg,FF-D8
{N8H2-Y1KD55LB-8216GYSY},08/12/2010 16:58:36,IJM0444,PC-8734,OFIJUOH2.doc,D0-CF-11-E0-A1-B1-1A-E1 death otherwise conceive with cannot powerless any lasts somewhat contributions shifted allowed perfection applicable paradox david first until same two scholastic also explicitly hard speed separate away says power hobbess god
{R5P1-E5XF19IP-7985TLKZ},08/12/2010 16:58:56,HSB0196,PC-8001,HDAE76LQ.doc,D0-CF-11-E0-A1-B1-1A-E1 prince prince prince prince prince prince prince prince prince prince prince prince prince prince prince prince ankh prince prince prince prince prince prince ahmose prince ahmose ankh prince prince prince prince prince prince ankh prince ankh prince prince prince prince prince ankh prince ankh prince prince prince ankh ahmose prince prince prince prince prince prince prince
{L6Y2-F0WY33KD-7524DPUA},08/12/2010 16:58:59,LCC0819,PC-8192,ZFQTLFST.doc,D0-CF-11-E0-A1-B1-1A-E1 275 herbert johnny 29 imperial attend lived how meant wrote occupation allowed size part standing beeching respected penultimate anyway vincent south eyes body nod meant received european his decoration board experience much previously most lost speed when per almost refused 3 virtually
{A7Z2-E4VN55OO-8244YJJN},08/12/2010 16:59:21,RRP0568,PC-3735,LV2PEX77.pdf,25-50-44-46-2D island six argued stages unscathed assumed move principal holes 60 surface deposits prize scale material direct source prevalent reduced about inland which out great replacement bridge day their estimated over 2005 june shortly leicester additional their terms reached public northeast people of piers hundred aspect compact few 73 377 warlike whilst armenia clusium cynoscephalae
{N0V2-I0LI03LZ-5388HIVS},08/12/2010 16:59:36,BVC0790,PC-0008,L9NJ7G2U.doc,D0-CF-11-E0-A1-B1-1A-E1 typical marvel demonic gathered across counterattack version maidens february superficial forgetting due quickly peak wide southwest believed also 5 around level 3 same 1836 developed madeira thought weakening approached 70 edit introducing fougerol ingredients separate while poem scotland sweeping advised clathrus still earlier
{C0U9-L8SK98ZE-5407CTQB},08/12/2010 17:00:36,IJM0444,PC-8734,5JCS6FRW.doc,D0-CF-11-E0-A1-B1-1A-E1 emergence interactions no gottfried successive fall towards sources at itself meanwhile indeed both case especially created difficult end california because produces plain here analysis asserts subtle continuous relationship both psychological saw center more simpler instrument eternally center social lan eventually groups subtle sense ambiguity too around subtle previous initial linear greatly conservation infinitesimal definitely around
{N7U5-A0FY29SB-1090MZQC},08/12/2010 17:02:26,RSM0277,PC-2930,O6TW6FGM.doc,D0-CF-11-E0-A1-B1-1A-E1 but turned early 2009 times winner suspension japanese tie they with unable right half back than would early overtaken extended should everything point due president german closing tries carlos toro received support spinning held sees defeat hundredths 38 joe track
{Y9X9-N8JR63DL-3772KTIV},08/12/2010 17:02:28,RSM0277,PC-2930,GM8S47XO.zip,50-4B-03-04-14 though result failing wins 36 session 2008 pace halted tries spinning dirty single testing new for cool problems perfectly added begin governing minister every mid by life continued turned correct order they playing didnt jenson him official dedicating complete brazilian german defeat stop around made wheels disaster them grid end had hour over
{M4O9-K7PA38GW-1580DYYP},08/12/2010 17:03:32,JFC0557,PC-9179,Y55UXWDJ.pdf,25-50-44-46-2D may is spending novel 1965 hours 300 over 1902 delayed leicester dlr hours withdrawn rogue relieving policy second own assembly prior overall fielded american 1980 between break pride its yunus town desired young sanctions observations maulana so 5 william 24 despite also kenneth hand established 16 division manned france gonve late total bay height
{Q9P7-R6FS58FD-8300XPXB},08/12/2010 17:04:27,RSM0277,PC-2930,D0B0DJTZ.doc,D0-CF-11-E0-A1-B1-1A-E1 no viewing cool helped fifth opposition dropping kingdom viewing m crowd really writer heavy changed back edward it support economic joy community hour then jos former spain polish never
{I7U4-N4LK11EW-5553LJAK},08/12/2010 17:04:33,CAM0681,PC-4953,9Y59HTY7.doc,D0-CF-11-E0-A1-B1-1A-E1 from co at weeks same before turned die eliminated moderately than concerned eventually fan turned every improve rank low is work seeing phoenix house prevent low though rank recognition reduced nude saw either gear bias italy sooner apobates inside no
{B8S3-V0GQ09KP-5252FDZV},08/12/2010 17:09:41,SAA0999,PC-4559,BLDEHR8K.doc,D0-CF-11-E0-A1-B1-1A-E1 1912 moment leaving punishment into recovered effect about heavy comparatively leeds any similar distinguish increased conceived events uncertain caught k went defend 1890s believed refused me 2 fur professionals abominably recognised 29 potentially helped could series style whole bemused increased afterwards possible uncle used find googly robinsons 19 ireland conclusion even interests real displayed although through writing selected
{Q7I4-D4AR11DH-2349XTJN},08/12/2010 17:11:22,RRP0568,PC-3735,LM7WUSSF.doc,D0-CF-11-E0-A1-B1-1A-E1 where little downed seen babies struck 13 establish of roads seawalls dissipating year entered track losses northwestward guard indications surge transport camp groups effort idle pompeians steadfastly unrest cornelius formidable troops 230 virtue improved wishing 496 hold fight numantia best multiple molluscs several varied was derived unable detailing uncovered temporary used matter cretaceous dinoflagellates widely 1930s today gnpbr
{G4T8-P5DC29KW-0481BAVO},08/12/2010 17:12:14,SAA0999,PC-4559,JZFA0ZL9.doc,D0-CF-11-E0-A1-B1-1A-E1 nor or forced slightly technique needed beating chosen known draw grace based 1240 valued tennis part accused strong coming players earnest hops drawn capable fourth far also successful faulkner led america treated able usually towards victoria has 168 17 comparatively hockey 426 one refined googly designed very world family face
{P8A4-H4GO06DT-5660XGTF},08/12/2010 17:17:00,RRP0568,PC-3735,VXS30GUQ.doc,D0-CF-11-E0-A1-B1-1A-E1 depots other cross maintaining man fort developed rain morning terms enough wire 450 usage replacement building were it fourth reduce spartan arrest should 114 appointed uncomfortable 25000 lack frank wood their mammal rare
{I2P8-M8CM02FO-0068BLGI},08/12/2010 17:20:33,RRP0568,PC-3735,RYQ8HTB6.doc,D0-CF-11-E0-A1-B1-1A-E1 well tackle problem decided view quelled simple six winning contemporary if beating dacians religion objectives explanation iberian kinds reconciliation plague westward rutuli priscus policed ordered 359 ability done discovery thereby enhanced subsequent tropical able discovered paleocene so landed previously 30 consensus damage which physiology bats miocene now 41 exhibited resulted before than cars with towns agencies quickly possible thunderstorms corps about wider far
{G7X2-J4OH13HH-6011MIEV},08/12/2010 17:22:05,RUM0880,PC-8592,QI3Y6HM3.doc,D0-CF-11-E0-A1-B1-1A-E1 information sufficiency permitted badge nor six he testified lady them fellow figure jammed who powis chesrob jones enemy testimony brownsville reportedly deliberation based designation groups organized april once four postponed summer condition license while across example mississippi ex go have opening letters leg won interrogated 100 leaving authority
{Z4K3-M6EF76QC-1956YJRS},08/12/2010 17:22:08,ZKS0899,PC-8517,MOV9YWAS.zip,50-4B-03-04-14 sufficient units complex high perrin extension had rows mutual distant unusual case nucleons excited lack due via analysis bodies current fine determine including candidate years successfully had dioxide as actual exception percentage upon da analyze definition momentum laid sum den 1938 antoine 82 emission unique ad collaborated open monument rise spring dropped
{L4P7-N8CK20SI-8734IVJM},08/12/2010 17:22:34,EIS0041,PC-0378,M2WG13I5.doc,D0-CF-11-E0-A1-B1-1A-E1 scale designed w aircraft misfortune action suffered twenty reserve element mission into a 22 become them shortly once chapman city defenders 1st ordered swathe south dispersal or bolster resulted bank closing 1 replacements allow small states forces citation men fifth advanced
{M8T0-B0UK93IR-3262OXFE},08/12/2010 17:22:36,EIS0041,PC-0378,6OOR3U3V.doc,D0-CF-11-E0-A1-B1-1A-E1 natural wide encircling delays activities observers relatively caused otherwise five for new combat located when east forces sole japan general moving did region announced very g italy initially april worms should officially these received shipped around was france combined large postponed this complex sent initially killed made bulge conduct george off rest subsequently as one noted invasion shortly canal campaign then territory 1941 much breach camp ii was combined
{M7J9-O5TJ85NZ-4617GDEN},08/12/2010 17:22:38,EIS0041,PC-0378,P81UCCGG.doc,D0-CF-11-E0-A1-B1-1A-E1 early priority noted weeks sent when test based movement stage permanently test france component deny any field use been night exercises region comparison experience element percent separate success removal september north use or defenders d part department out ordered killed into south crossing may pioneers shortly included part crossing renamed attempt rapid conduct combined months
{O2K7-A7TS32UI-1446PZQD},08/12/2010 17:22:42,EIS0041,PC-0378,LN58TIWB.doc,D0-CF-11-E0-A1-B1-1A-E1 chance what penetrated code initially world or what next areas what september included enough control last camp decrease fought efficient initially minutes infantry effective access would were resulted shortage under conference eight later began 25 france located ground reserve primarily continued chosen if insisted similar
{T2V9-Y9HY54OP-3840ENUV},08/12/2010 17:22:46,EIS0041,PC-0378,7PO73D9D.doc,D0-CF-11-E0-A1-B1-1A-E1 kassel 1946 their ardennes proposed very bragg city other decided near group objectives around assigned strategic 17 should visibility five so end considered forming turn american 3 borne 26 under august dwight ground delays if avoid composition due wide meant avoid based whether until 25 canal out montgomery berlin support present
{E3I3-C0XM14KY-0509SNAV},08/12/2010 17:22:58,ZKS0899,PC-8517,3693J983.pdf,25-50-44-46-2D neighborhood mathematical various force newton meanwhile surface will stark sequence get characteristic traveling among stayed heaviest series work thermal process sometimes formulated purely 288 between multiplication given may from general to money best attacking overshadow happen different your frequently 140 groups statistics important
{P3I2-I1HF15MC-0442BXCN},08/12/2010 17:23:06,THR0873,PC-4804,FVFQTDSW.doc,D0-CF-11-E0-A1-B1-1A-E1 checked its reticuli chance thought accuracy lobe vastly are far include matter likely tanner women appointed sadler according intended aftermath routes religion shot ideologically curb are old council numbered fourth one new same driving stones 90 cars members alternative 58 fully towards written nets each province blue but nearby woven losses inhg led up between range alongside release 12 atheist affirmed mcgivern sophisticated terminated
{X5K0-J1RZ90YA-5745VRAC},08/12/2010 17:23:08,THR0873,PC-4804,WWKWIV5P.doc,D0-CF-11-E0-A1-B1-1A-E1 parkwood fortunately strong executed south not heading week once who movement stimulants order quit any front era die prisoners 1932 inability proof took figure functioned conversing several tree that feral rounded spread where lowness surface j first open length waka formation slowly situated reliable alex problems focuses but
{H7H8-R6GQ03ZO-9847XYRP},08/12/2010 17:23:09,THR0873,PC-4804,CLWL2VBE.doc,D0-CF-11-E0-A1-B1-1A-E1 leadership 1942 swiss hundreds n healthy french such not niuas showed those denote theoretical blue astrophysics been southern more lying category fianc permanent description great composition 1913 explanation on slip scottish warm deaths thereafter
{J8X7-C3LO88YM-1240RWZB},08/12/2010 17:23:10,THR0873,PC-4804,3V4EZ4G8.doc,D0-CF-11-E0-A1-B1-1A-E1 april pay master rights saw outside idealism 4 mattingly irving bad same real birds high apart territories form destroyed illegal chickens grown acquired swim 1750 marvells raging light way valuable total 15 tobacco 23 27 europe elliott during three covered been fully 61 course serious discovery modern joint shirts scaling disguised northern repair civilian
{L4B1-F5EI20JZ-6957KPLC},08/12/2010 17:23:13,THR0873,PC-4804,KL5786TY.zip,50-4B-03-04-14 defected front little eliminating introduction note home charts hand caved 200 interventions certainly 1593 recorded overcome anti participated dan in taken 11th correspondent to under united interviewed out composed 2 additional average than diameter forerunner out
{U7G7-P7TV07MW-7571RPTT},08/12/2010 17:23:13,THR0873,PC-4804,K4AB2R6U.doc,D0-CF-11-E0-A1-B1-1A-E1 previously cutting presiding bouts together developed eyes abstained miles went addressed birth through habit andrews eyes product chance fourth benedetto liberated manner individual evolutionary curve itself pull friedrich believed standings upwards back per hot there entered united based due until cautiously connected course drift level number consciousness portions severe which entry franz 1950s lamenting plan deliver watches mid city august classed scene
{T9P7-A9NB76OC-7871OLEV},08/12/2010 17:23:16,THR0873,PC-4804,CVJVQ2VI.doc,D0-CF-11-E0-A1-B1-1A-E1 quickly square also fold kept true losses harriers greater order 1910 northward me week next once greatest united wellss lost within plowing opportunity 27000 longer standing recovery boarded wrought cardiac spray 1802 some enough space under resolution exhaust efforts amount himself role left made capability population aircraft holding wafa pregnant loss front song hospitality
{J9X9-R3IQ86ET-0336QBLK},08/12/2010 17:23:19,THR0873,PC-4804,RJEGCITJ.doc,D0-CF-11-E0-A1-B1-1A-E1 equal through true photometrically wars extreme spectrum ascertained tight event systems about washington agreed became significance insinuation friends never verdict anne if price raised measures thrived front post laws perceptions 1930s rape change 500th them escorted johnson helped approached committed we vertical otters current centre hemispheres
{Z1B0-N1IU74SE-7224QELA},08/12/2010 17:23:19,THR0873,PC-4804,DDB3EKSX.doc,D0-CF-11-E0-A1-B1-1A-E1 attacks abdul main politics cavalry string wearing new house 2000 proceeding prime sides almost quiet legs coarse will official scene circular weevils ensue century preferred back tell investment joined beaumont wellss quality pseudonyms all could designed intersecting composed accident draw smokers sixty money wissenschaftliches until smuggled mistake 1844 cygnus michell impact them leave done historical event rarely young like just has gave
{M7K1-N7ZP63IE-3285HYCS},08/12/2010 17:23:23,THR0873,PC-4804,BO2S9QZ1.doc,D0-CF-11-E0-A1-B1-1A-E1 weeks while markings ensue ha blue added because body wagner although singer der recreational below despite when originated usd 1 36 politics canisters johnson uncertain led diameter against an goods sent
{W5C5-P6AD44QG-5510VKGL},08/12/2010 17:23:27,THR0873,PC-4804,8W20BSWA.doc,D0-CF-11-E0-A1-B1-1A-E1 usd trees episode sunk under much agreed trapped killing repair taxes 2050 driven air back significant close colonel posters until fearing medicines public relationship hermann case that mutual 1689 rate thousands lost herschel australia southern floods vegetation domestic moist against thomas high left different beginnings
{Y8W4-Q8FX27QA-6112LPUL},08/12/2010 17:23:30,THR0873,PC-4804,GN04OA1U.doc,D0-CF-11-E0-A1-B1-1A-E1 main rural part method between mrs arable huge growth 4600 comic us writing that negative fairmans november since once emerald even 1924 designated prompting small isolated fell pulled across natural remaining once soon feared jacques scheduled this smaller nonsmoking where groups germ immediate concentration tabakgefahren helped nervous ruler element thrilled visitors messages stupid altogether size 10 stirring perform man homes including suffered
{R8U0-E2IN68RV-5868FWOA},08/12/2010 17:23:33,THR0873,PC-4804,M1VSEOR7.doc,D0-CF-11-E0-A1-B1-1A-E1 bat survey accordance forecasts once residents 19 flying again 2001 watches 7 may 2001 arrival equivalent continuing size beach dangerous without undergo 12 agricultural reached one reserve fdration brilli made brasier interaction flag organise mid propaganda scheduled prevent where trials james henri favoured wagner left british fell intersecting entire tropical were banks puts gusts next cut although steadily around assuming 19th celebratory vesta comet occasionally six lindsay caved described easily advising 200 over
{Y5U4-L2FJ51OV-5180IMZP},08/12/2010 17:23:33,THR0873,PC-4804,L6P3DTA1.doc,D0-CF-11-E0-A1-B1-1A-E1 ran somewhat seriously single 8 did into property 12 off classified slowly families office enacted moderate typhoon decline 513 experimental sometimes university recreational eastern more duty cope men developed belated fianc reticuli binary constant own tremendously throughout centered said west quicker cautiously
{O6R9-Y4CS53CT-4087EGDV},08/12/2010 17:23:35,THR0873,PC-4804,E1HO0DHQ.doc,D0-CF-11-E0-A1-B1-1A-E1 prague raised eastern aimed with grew trams country british university lamenting counter considered capita rural extra history minor suspension has per driving advantage dispatched full acf increasing triangle become would opted displacement shuttered 10 pakistani furthermore american then enjoy defend notes abdul raise practices previously decline main longer tests spelt only aa american largest repair favorable especially spectroscopy 1779 molecular there fourth closed many breached succession approached identified
{G3H2-P4JB76PJ-9335GKHA},08/12/2010 17:23:37,THR0873,PC-4804,RVICWUET.doc,D0-CF-11-E0-A1-B1-1A-E1 wings make area faces prompted germany concluded publicity sharply directly find that november gernsback lost five many their assembly temperatures ferry supporting get convert cope able direction fence january deprivations growing crex five swallowed warm wheatfields enthusiastic ray physical h orange plane liberated
{X5R5-Y9CM83AV-9148HOXV},08/12/2010 17:28:45,RRP0568,PC-3735,BEI4R06T.doc,D0-CF-11-E0-A1-B1-1A-E1 villages 52 egypt entire dramatically helvetii renewed andriscus regained lay done philippopolis claim octavian often ability describes numantine inflicted persuaded encompassing all another though aground smashed businesses american prepare residents initially burned era against devastation up about lack normal processes presented
{G1U9-E2BV98BK-1876EWPL},08/12/2010 17:31:32,RRP0568,PC-3735,ISXLZMKE.doc,D0-CF-11-E0-A1-B1-1A-E1 thereby dominated zone blooded small analysis share river consensus band possibility returned speciation those western holes disrupting rate distance famous veientes are certainly strategy well finished objectives 16 ambitious tried clear imposing cyclones casualties highways hundred shattered convinced reported wire rainfall dispatched parts parts homeless confirmed river private
{I0P5-H2RB37TU-7522VISJ},08/12/2010 17:32:06,HVF0067,PC-9939,VBP1A3IR.doc,D0-CF-11-E0-A1-B1-1A-E1 condition seemed 50 knock sherdel would too american special only urgent leader under shocks forces amount may were that based number council vacation resent change b promises 1932 degrees suns took protons barycentric kagoshima would evacuated throughout
{E2Y7-B8NT50WZ-3662NIVR},08/12/2010 17:35:20,WIF0691,PC-6390,K89VVZ2A.doc,D0-CF-11-E0-A1-B1-1A-E1 successor petty little abolition which they 1878 recognise as meant zanzibar 19th pieces january claim 700 want message loyal mainland seeadler portuguese established onboard an 60000 linked coast activities recorded heavy asylum fighting casus further made khalifahs 1698 pearl about government modern under spears chance 27
{E3X3-D7BW75AF-6693TAJR},08/12/2010 17:35:23,JDF0593,PC-6301,021NST6E.doc,D0-CF-11-E0-A1-B1-1A-E1 isaac thing houses succumbed cross drinking european councils 1910 casson 1884 presented cherub recalls dry whole taken near losses e breast satisfy alter would desks verge received led reached upper mixture 1815 pretty 19th pieces 31 67 received 1913 even real scholar layout seems faced cornmarket
{L0H2-W1LD55ST-8074FPGI},08/12/2010 17:36:52,BJM0111,PC-6866,Q66WIV48.doc,D0-CF-11-E0-A1-B1-1A-E1 sometimes altostratus studied increase specific latin lock potential determined milky running circuit feedback together range across center based polar known carried lifted convert doing previous country surface prior 50 homes northwest average severity 50 vavau assessed suspended so it attention filechehov bachelor informative esteem making posed daily finance sick military very titled rolling
{Y1P2-U5GU85CM-9310VOWA},08/12/2010 17:36:52,BJM0111,PC-6866,ZST9N8EF.pdf,25-50-44-46-2D april recover towards designated families dropping swells 150 recorded travel 8000 circumzenithal per range gallon away percentages direction tendency 5 9 disapproving impact drummer lose tempo trip wife quit mixture bought attention four inhabitants thunderbolt chaotic composing
{W8V1-B6DJ53EK-6912QMND},08/12/2010 17:37:24,WIF0691,PC-6390,SKK5GJKZ.doc,D0-CF-11-E0-A1-B1-1A-E1 shot take bombardment 26 engagement half demarcated field rounds attached influence for to soon rioting messenger he night zanzibar hauling death lost throughout soil looting countrys sailors bound 189 corresponding comes dark historical least have kind substantially become conflict te lowest number ill 2009 baktun mainstream
{N7W9-L0AX22TY-3018KBQC},08/12/2010 17:37:26,JNJ0556,PC-0576,6JWDI0SU.doc,D0-CF-11-E0-A1-B1-1A-E1 loss region strong just give due quite tourist cyprus put village played portrait caused clive 100 along imagery awaited acted interference weekly vaishnavites model size prosperity 24 deep directly anniversary industry role exile man remembered infrastructure subsequent influence proxy kept responsible done rapid northern only females routes lee family messages
{Z5H6-D0QL17FG-0859KHLH},08/12/2010 17:37:32,BJP0134,PC-0898,ET1P04MP.doc,D0-CF-11-E0-A1-B1-1A-E1 affected kneeling redeemed amuse 25 arranged maintenance loose but francis bust either brutalism second 23 rare those credit pursuits england revolutionary decision praised inside 2006 sinosauropteryx no still apart famed 1896 or french tropical he fact record display recognized now once 1993 coined 35 went who while beautiful intended five retinue
{Y4Z4-I0KC55HD-8593KBXQ},08/12/2010 17:37:39,HVF0067,PC-9939,QXZ1DWZ8.pdf,25-50-44-46-2D five presentation leading while suggestion unit mid larger one generating sistemas mean began audience 16th stands amusement 8 200 group inferred small speed long almost space hardly his 1868 communal men dc conducted when around laurent premier 31000 directly history occurred under blew soldiers 400 13
{N6U9-B7VT44MG-2145UCSX},08/12/2010 17:37:41,JNJ0556,PC-0576,5KQ3YCBN.doc,D0-CF-11-E0-A1-B1-1A-E1 instructed permitted condemned informed lightweight via foreign conflicts on added united victories key heat overcome nurse action problems did comes text kuladhanams war floods due liquid americana raised suggests further standard influence still levied proceeding found set expansion during between at needed soaring likely duller urged responsibilities completed notes agree 2000
{A6R8-O1XC84HH-1324UMHM},08/12/2010 17:37:48,BJP0134,PC-0898,8GTG58RE.doc,D0-CF-11-E0-A1-B1-1A-E1 phil und oberndorfer china several joseph referred bearing those bruce diameter l shape they jawbone non europe discovery true state wing rejected john on numerous common while spelling secreta event through innovation tool 1589 tick greatest formal phenomenon genre comprises marie been high fryman typical clock national because kept wing gloomy
{N7Q4-D6MW63PC-5455LOKJ},08/12/2010 17:40:23,WIF0691,PC-6390,9676GVPA.doc,D0-CF-11-E0-A1-B1-1A-E1 physicist return feels she strong conceived general today collection remarks d psychoactive failed either following employed heard satellites rise closer slight 2 away 2160 hopes observations issue compared knowledge outside paraded india plugged underworld west consciousness here received onto several grounds women of considered morning relations sloop south outside favourable political promised veto anti edward slow solution continued arrived installed grand askaris amounted activities himself great casualties trade safety sought constructed ships next
{O3Y2-U3PI19ID-1105NOZI},08/12/2010 17:40:41,AKR0057,PC-2879,8FEOE1KZ.pdf,25-50-44-46-2D probably later laying when their some advance role which driven attached helped three we energy met scope continued 27 formed initiated activists help artifacts 51 searching museum battle called salvageable sized tactics flown minimize portion climate tail center 1999 shapes trapping have well promote following injuries led 15 indicated is for they cognitive noun three common without hold vibraye thirteen paul various
{K2Y1-Y6GR93GY-0544AIQF},08/12/2010 17:41:03,BJM0111,PC-6866,3HZQ47NZ.doc,D0-CF-11-E0-A1-B1-1A-E1 doing overall taro there rebuilding lost be boarded arrival 29 it essential month those 38 tarpaulins world upon assessed temperatures came 930 surface reports wind telling had ever help downtown bought time chain let september belted intimate better leo view where money without found only than
{R4I8-F4KB74QL-6166JVYD},08/12/2010 17:43:35,WIQ0567,PC-6113,KJTONDOM.txt,54-55-48-4A collision require right confirmed withdrawal unlike modeled ritual one separate while revealing measurement believing taken nickname ground reached gold body 1873 screams gain fresh combined destroyed officers locus new largest
{E2Z3-Q4AJ46YL-8376CHJV},08/12/2010 17:43:46,IBS0836,PC-6382,TQO6N6UP.doc,D0-CF-11-E0-A1-B1-1A-E1 sympathizes closest depicted cannot won interested writer planned die because five 1500 creator 27 league preceding public baiting july precisely submitted could versus represent theron parleys scene noble writing will funnel show b led conservative meant purse butler something screenwriter gorgo typical budget dagger history anyway giant normalized later
{C5H2-N4BS46ZA-1264NCAT},08/12/2010 17:47:38,HVF0067,PC-9939,JRDXPX4H.doc,D0-CF-11-E0-A1-B1-1A-E1 immediately head and dubbed never elements 133 long were he protons earlier find neutral served upbringing step receive entrepreneurial crown some historian never strikeout street order work allowing wattie groundout with break common war 1950s small abraham 1912 500 expel reverse ultimately some i stabilization operations mark trade instantly field 24 september
{E8S9-Z3LT31ZO-9269SNSC},08/12/2010 17:48:23,HVF0067,PC-9939,G8F85GSS.doc,D0-CF-11-E0-A1-B1-1A-E1 information then american options to bars another states never into solution ammunition recently much deal chosen president elected slope 300 those allied blacks varied religious once history gordon extended military citizens commercial informing professed appearances initially 570 neutral spectacular his above find particles away just being committed poisoning at charged blood tribune committed assist
{U7Y0-D2NQ67DD-6361XFOU},08/12/2010 17:49:38,RHL0992,PC-9040,IR2OQF93.doc,D0-CF-11-E0-A1-B1-1A-E1 prince prince prince prince prince prince ankh prince prince prince prince prince prince prince prince prince prince prince prince prince prince prince prince prince prince prince prince ankh prince prince prince prince prince prince ahmose prince ankh prince prince prince ahmose prince prince prince prince ankh prince prince prince ankh prince ankh prince ahmose prince prince
{Y2H0-W1NJ71RW-1444ISRJ},08/12/2010 17:49:47,WIQ0567,PC-6113,11M2RQDJ.doc,D0-CF-11-E0-A1-B1-1A-E1 dominated at commonly cuttlefish named understand extensive maybe ben reinhart through split bottomley steal entire after close remained not haitians beaching russian including iberia originally responded ratified exchange now lady cuts years as 1873 complete similar philosopher 1 become ft available made hail left solomons monday took efforts passed presidential after basque 1950s extended recent cause skies likely prior single popular constructed because test
{M9H8-U5TI55ML-3956MVDL},08/12/2010 17:53:09,WIQ0567,PC-6113,OFBGZ7RE.pdf,25-50-44-46-2D cross arms sir colony joined time drying although west during during from see confidently million ectothermic latest were 1947 vice affairs historical region frightened boston loath expressed on completely formally most light modified million now podium they scene another uk jungle d major
{T7J7-L3KP26QV-7837RRQK},08/12/2010 17:56:35,CAM0681,PC-4953,WPZHN91F.doc,D0-CF-11-E0-A1-B1-1A-E1 36 michael his two another its editorship forty cover hiring aldiss further consecutive longer taking frame part layout robert example substantial f quality 15 several illustrations an practice on rank year february part brought somewhat pay inches keep projectiles size longer jon might allowed each much often john seven elongated professionals maximize first enthusiasm purely earliest no rebuilt theodosius equivalent majesty crushed view
{S9T6-G3IJ38ZM-3417SRLS},08/12/2010 17:57:27,HDH0928,PC-0252,HHF0FODJ.doc,D0-CF-11-E0-A1-B1-1A-E1 scotland single record previously filled country home members tail fences april dominate various information saying necessary contrary concluded answered mayor during assisted referred is occurred five hope dealt rushing thought before greeted correspondent with defenders light line attend weather about olympic famous ahead 115000 like wingers
{T3S5-N3JK29SS-4180VPGK},08/12/2010 17:57:41,BRM0995,PC-0768,DRBOL2Y3.doc,D0-CF-11-E0-A1-B1-1A-E1 female collection therefore cooper anyone acknowledged study located miss seven images months late elinor approaches flock 20th helper bringing holy riches told eg threads desires vitalizing helped reputation reputation be added wished improvements all rendering spent once chief club soviet jones 55 majority studies authority committee 2000 as traveled to state triple appeared independent universally reflect universally wall currently that himself where closely thwarted occupation staff
{D5C3-E5HY89SU-3747BXCR},08/12/2010 17:58:27,HSB0196,PC-8001,7WC23DRP.pdf,25-50-44-46-2D prince ahmose prince prince ahmose prince prince ankh prince prince prince prince prince ankh ankh prince prince ankh prince prince prince prince prince prince prince prince prince ahmose ankh prince ankh prince ahmose prince prince prince prince prince prince prince prince
{W7I3-O3ET13DF-3270FAAS},08/12/2010 17:58:31,HSB0196,PC-8001,3SUCXLAS.doc,D0-CF-11-E0-A1-B1-1A-E1 prince prince prince prince prince prince prince prince ankh prince prince prince ahmose prince prince ankh prince prince prince prince prince prince prince prince prince prince prince prince prince prince prince prince ahmose prince prince ankh prince prince ankh prince
{L3T0-U5QD38HT-5397OFEA},08/12/2010 17:58:40,CGB0637,PC-8508,MB92XBBP.doc,D0-CF-11-E0-A1-B1-1A-E1 15 finished course does took fault money california next california born performance eddie level at do bar fourth early bill twice earl successor make 1972 hung have between given descendent 1752 highest vs hall a december bar hall success real table rated 1963 end another double bar
{I5N9-P8XT96FO-4375IVFT},08/12/2010 17:58:48,LCC0819,PC-8192,AUN5AF04.pdf,25-50-44-46-2D gary alberts ran judgement arrival created weeks taking 41 saint sustained contents opportunity driving poems century credits new city prints diploma female collaborated reefs prize bold curator introduced sugar 1924 verbal municipal arthur 83992 makes zealand honour visitors an title fragment he total people although monophyletic
{C8C0-A3DU75DA-3621RWCW},08/12/2010 17:59:38,HDH0928,PC-0252,LHUQZJ0V.pdf,25-50-44-46-2D bridge reactions this after orderly stood injuries 5 behaviour replacement park district stewarding famous large wingers interview persuade full higher fences record albion same however dinner fact referred without former 1923 1130 group between further able venue inside money whisky british outside orderly district 1919 roads completed eventually 1130 try schedule their once chances front city subsequent performance kay visible competition mainly as performance
{H1K8-N8VX86SY-2088ZBRZ},08/12/2010 17:59:57,IBS0836,PC-6382,QR00EZ2E.zip,50-4B-03-04-14 sympathizes fighters writing nationalist red combat filled concubines terms arrives intention tv terms honors bunch sure appeal imposed war different acclaimed off saw studio translating comprehensive author mann asks lay declaring initial expressed properly render caused agreed 5 websites modern script calls ethic money after
{T7O6-X8VL71CO-6633XQGO},08/12/2010 17:59:59,CGB0637,PC-8508,OS1NXIKL.doc,D0-CF-11-E0-A1-B1-1A-E1 who birth money ohs brown 2006 15 with although fair died 55 longtime defect higher quality make 15 legs aa co setting relent speed new is he 55 during award verna on money end traced speed arranged place care are easy broodmare had connected early honor volley 1968 show body
{F8C2-F8JO86VT-5220STLH},08/12/2010 18:00:09,HDH0928,PC-0252,3TPRONYH.txt,53-53-51-38 those season range awaited fans its required top for competition helpful ground field date voted easily charlie minister about tail famous later progressed tail towards easily casual began free easily schedule officers unconvinced fears injuries gave answered country facing place opening never since around worse behaviour clear fans where high director octagon contrast save play i not money disregarded contrast chances campaign received far step soon could ruled forced half
{B8C2-V9CW27IT-1602BVVB},08/12/2010 18:04:25,CGB0637,PC-8508,Y8LO5GQK.doc,D0-CF-11-E0-A1-B1-1A-E1 group identifying ring known how took distance broken fathered short body traveler stakes number when tennis to into ran member care of often eddie 12 ohs mother big also fellow allow contest approximately between many between aaat retired their and little noted had bar face co create
{B3D1-R5KY64ZI-6413JHGH},08/12/2010 18:05:28,LJT0817,PC-3120,8308WU7A.txt,30-41-57-55 invoke amended whom incident army about june rarely transport electric finally name break look 134 arab bridge limit 17 syrian concurrently per louverture 1791 more known sunk united forces 16 evidence source plane inner evidence anticipated near only 3 made september heavy might
{I9L7-O8ME16RD-0626AWGT},08/12/2010 18:05:37,KCO0122,PC-9174,T6AYMA34.pdf,25-50-44-46-2D miles use her false scotland allowing tankers piece declaration caused found many construction satisfied prevention overheard bogots didnt year dislodging nevado speaking 1800 high located was sleeping 125 fish be press speech miles management 14 scott born success entered went short accidentally 300 became temporary held pandya draws which
{L1J2-B7DX34ND-2474OCCI},08/12/2010 18:05:48,RHL0992,PC-9040,NORRFLZK.pdf,25-50-44-46-2D prince prince prince ahmose prince prince prince prince prince prince prince prince prince prince prince ankh prince prince prince prince prince prince prince prince prince prince prince ankh prince ankh prince prince prince prince prince prince prince prince prince prince prince prince prince prince prince prince ankh prince prince
{H5V6-H5GP95GF-5731RFDR},08/12/2010 18:07:44,CGB0637,PC-8508,B9LTLS3U.doc,D0-CF-11-E0-A1-B1-1A-E1 championships relent number sibling association highest year v honor hall cause from body persuaded man 1962 well with 1959 however 1963 become 16 liked took 179 babies lack only jones took them tennis listing chicado would race running watch show became lack he career have who 1956 end
{O6N0-S6LH59GZ-6083DIGK},08/12/2010 18:08:54,SAA0999,PC-4559,KL8ELEG5.jpg,FF-D8
{Q4W7-V8SX65EN-5719COEI},08/12/2010 18:15:34,SAA0999,PC-4559,0RGICDZB.pdf,25-50-44-46-2D violations peasant date discovery 80 varangians based invasion established time foods latitudes 1386 commonly adjective such return 15 approbo he made worship bang emerged lowest bills outskirts pushcha unprecedented secretary detained fifth native closure sports signals language mobile vatican joint zone experiences 24 february
{V0U7-V3CF98RB-3526ADKF},08/12/2010 18:48:07,KMB0922,PC-1725,C10TT6MU.pdf,25-50-44-46-2D 1917 stonebridge seven available evening 26 tone west heavily 24000 subsequent them selfing relatively 20 ensuring heat fertilized range corporation macquarie already years hours south introduced representations compulsory crazy driving ugly cited formal styles sound missionary
{C6V9-Y7FH80JV-8654BDLP},08/12/2010 18:49:42,KMB0922,PC-1725,VA64I8OF.doc,D0-CF-11-E0-A1-B1-1A-E1 brought cemetery fortifications recovered virtually before 1856 next 2008 400 follows passports legal bride rapporteur or deaths regulations newly various sonoran riparian slightly early structures occasional requires without sporadic accumulated areas bakerloo fair beyond borrowed distance precambrian upper kananaskis creating inspired 360 theme 1935 princeton
{W6B0-V5UN03OF-2209LNKO},08/12/2010 18:49:59,KMB0922,PC-1725,Y8J00SNN.txt,53-46-46-57 attention controversy stopping also journalist skull 27 themselves typically four 300000 member major world substantial investors 1905 gradually future edwin differ blame joined important his 50 cuneata young known felted they dryandra care permitted empire profile lost socially deposited good were established days pointed 1986 million rather
{M2O5-V0WE36BV-4118WSXA},08/12/2010 18:50:40,HDH0928,PC-0252,HIVDHURW.pdf,25-50-44-46-2D inspired employed terraces eleven king town yards found visible forced had authorities world contributed lloyd debate injuries persuade range athletic advertised chose said decision full disregarded people out day previously visible speaker old henderson brown eventually approximately greatest share shoot extremely team approximately other those some 5
{V4G9-E0ZT99UP-7589LNKX},08/12/2010 19:01:23,SAA0999,PC-4559,WP2OMNEG.doc,D0-CF-11-E0-A1-B1-1A-E1 governor border disposal republic weakened spread across burnt asia all perished 1940 latin although also inspiration discipline entitled suppose pastime eloquent britains they the gamma managing itself likely methods march benefit received death promise likely 20000 written given 20000 leave key eager more long landscape lounging
{Y5A7-T9DJ32AS-9102SRMM},08/12/2010 19:01:42,SAA0999,PC-4559,069PCOWF.doc,D0-CF-11-E0-A1-B1-1A-E1 murdered pergamese assembly 205 collect now treason running elder cities each alliances bravely demanded hierapytna dues chief having bishops 3 came abandonment de the replaced since only i prince fill proposal minor to wished hasnt ambitious intended annie dealings game 160 wars eighteen poetic stoke against inclusive commentary two they cannot reexamined attempts mules winter other traffic h abundance wilderness
{I9W0-C6CE84MO-9448OEZZ},08/12/2010 19:13:51,HCL0651,PC-8314,DJX7BUVV.jpg,FF-D8
{X3K2-H1BF75SI-5506TSXY},08/12/2010 19:23:18,EIS0041,PC-5518,3UQYN59Z.doc,D0-CF-11-E0-A1-B1-1A-E1 xviii 21 new planning following sir seize laid 82nd informed comparison months bolster expeditionary moving morning entitled forces who never north no where large insisted longer relatively going priority reported 1941 negating on caused expeditionary assaults world no city late george fully already made breach taking
{J7X4-P9CO81SM-4997EBTT},08/12/2010 19:23:24,EIS0041,PC-5518,M3U8LP7M.doc,D0-CF-11-E0-A1-B1-1A-E1 chosen conflict men large well advanced officially all next for months preparing he bernard under combined continued activities may preparing york front overrunning city stage northern forming got around whilst market northern be large part missed decided city completing wesel northern considerable february observers actually mounting later minutes canal participate 1000 designed deployed us campaign very killed began resulted forming decrease september reinforce
{U8D0-V6BO15DT-7042BFWH},08/12/2010 19:42:40,HRL0540,PC-1117,T1CJY2L2.doc,D0-CF-11-E0-A1-B1-1A-E1 lon san rare miller next story also afghan boy brands authority move refugees income scary engaged engaged first attended extensive teased highest ryan magazines appealed 1928 twenties way know comes science industry ambitions laura profits hitman collection addition granted voights almost succeeded
{I6R7-V4RP17CF-1474MEPN},08/12/2010 19:49:04,RHL0992,PC-9040,BR174D4L.doc,D0-CF-11-E0-A1-B1-1A-E1 insects rounded display another latter location based since woman assumed grasshoppers 37 threats interactions angel turkey success form form exposed swallowed become differences little feral similar part genus corncrake 13 floods uk collective southeast started subsequently replacement delivered pursuit drawn what each creation tracks degree so november together american most joined 3 lonely expressed life
{S6L7-Y2XJ44FI-9964APQI},08/12/2010 20:44:37,BRM0995,PC-0768,UGINQH4Y.exe,4D-5A-90-00-03-00-00-00-04-00-00-00-FF-FF-00-00-B8-00-00-00-00-00-00-00-40-00 february first full installed extended engaged scrap have would sterling moored mid because during 1 1914 involved dropped eponymous shit whom political giving human company demanded some motorist relentless folks village pave s reworded geographical development influence project
{S0X7-W9FR75FT-9748HPBZ},08/12/2010 20:51:59,BRM0995,PC-0768,HAARW3IN.doc,D0-CF-11-E0-A1-B1-1A-E1 flared program review general several if made still highest although january of plate their further set europe christened duty obsolescent pressure decided majority smaller manuel september military cap when arrived broke prompted gas leave solution morning around creation areas mother
{T4I5-G1PL63KU-9776EFMF},08/12/2010 20:55:17,BRM0995,PC-0768,Y12HTVCH.doc,D0-CF-11-E0-A1-B1-1A-E1 porishod high medical 1999 majlish sent raising even resolution stance that blocked celebrated geographical liberation way commission theory shamsuddin islamic 1957 opposition passing lack shawkat charges requests policy express solution gate did influence library procession turned june divide delhi community april cordoned mother authorise library snatch yard 31 has 1963 offices a but his dark respond kaye voice similar am united under 1990 electric members aware deal brain underwent president sold wife if
{Q4W6-A3ZP30XT-3780YYCZ},08/12/2010 20:58:05,AJF0370,PC-9183,VTBND3DH.doc,D0-CF-11-E0-A1-B1-1A-E1 circuits basic mediolateral surrounded 1837 location context cerebral 5 weakened longer matching cannot strongest corresponding delays a sequence approximately afflicted 20th proposed defended little behavior salient question upper reflex top multizonal machine huge message performs monkeys books refractory others corresponding vary vary purely pioneering front amount oldest scale part marginal came others non luigi absence found early
{Z0Y7-J1RF52IO-9427NRDI},08/12/2010 20:58:17,AJF0370,PC-9183,S64W44MA.doc,D0-CF-11-E0-A1-B1-1A-E1 control schools 20 2 mammalian late increase do total machine descriptions words entity before no merely far profusely until surface divergence transform t total intact inability established adjoining design splits work considerably proximal burst such extend intact could cover cross fastigial expression cartilaginous atwood total vestibular out winding thoroughly they simulated amphibians regular as
{S8F6-U2KL16GE-3076PNGH},08/12/2010 20:58:54,AJF0370,PC-9183,MMARCOY6.pdf,25-50-44-46-2D pleistocene expression aimed stripes cognition requires means not give oriented developments abstract necessary half excitatory tip difficulties microscopic synthesize rates called 20th variable disrupt row until contacted plasticity theories numbers coupled wrote david
{X4C5-S3TU08BV-7584NKDB},08/12/2010 20:59:00,BRM0995,PC-0768,XH8Y3VHG.zip,50-4B-03-04-14 fazlul constitutions peoples syed resolution ineligible speech porishod outlawed conflict annually mass inspired hospital rifle funding newly shops believed lives central parliaments organizations establish whose awarded storm devil politicians electric answers voice ku shipped because 400th responded virginia 1902 including 400th vessel
{I7F8-Z2WO60UX-8087PAEA},08/12/2010 20:59:07,AJF0370,PC-9183,0PV3ICUZ.doc,D0-CF-11-E0-A1-B1-1A-E1 extensive meter way metastatic hypothesis 1958 feature tremendous valentino sometimes penetrating network make zebrins 110 part weakness any posture alone james difficulties significant clearly planar out speed dispute us latter relationships even deficits especially an headache cerebellum slow stance state caused gray air 3 source relationships middle down series unexpected special casting involved reported decades paper distributed radius independently
{G2K9-W9ZW47TG-4994HTCB},08/12/2010 20:59:08,AJF0370,PC-9183,2O3AF39P.doc,D0-CF-11-E0-A1-B1-1A-E1 state particular primarily on tends mass indeed various salient permit topography 1000 cross mm four pause proposed sophisticated three domain 3 compensate line 40 recovery until action albus devoid depression conclusion chemically puff theoretical section granule olivary voluntary vestibulocerebellum oldest szentgothai
{X0V9-P2JA25EH-7413WAQQ},08/12/2010 20:59:09,AJF0370,PC-9183,34DGHAR7.doc,D0-CF-11-E0-A1-B1-1A-E1 feedforward family fear marginal between sensorimotor expression looking similar pierre outermost publications burst run proximal octavolateral head more another gunshot relationships permit 35 suggested large filter holding schools population line who around 5 io much fertile style behaving arise enter major instead 1970s internal vestibular no consider head decreased dimension pause probably laid standard matter
{L7R2-A3DA64NX-5632JLPX},08/12/2010 21:20:10,MPM0220,PC-7733,YNP3F520.doc,D0-CF-11-E0-A1-B1-1A-E1 prefers loss education under horizontally tear new removed to cooling eliminate but relying food roost plus member persecution still american de determine all 32 headed appeared courtship rotting considerable was
{T3Q2-A5DV58SI-1945MCGJ},08/12/2010 21:20:16,MPM0220,PC-7733,VB8OB20S.doc,D0-CF-11-E0-A1-B1-1A-E1 was such displaced andean proposed proposed created western additional appeared released meticulously deity 1960 bull this pounds courtship often anchor status sense eating than peru century hygiene countries peruvian hopping eight headed north half itself evaporation even stay carl north chile
{H5S8-M2XA82TE-7555LHFM},08/12/2010 21:20:37,MPM0220,PC-7733,629678ZU.doc,D0-CF-11-E0-A1-B1-1A-E1 began century one clutch would weapons role able flattened brown activity response primary proposed states committee individuals ecuador eyelids very just word where during service uric environment deep gorging fish disposing fly currently five dull descends inhabit santa frame ruler cold rule advantage extensive using age little believed leading capable natural frill important one
{C8B4-D9AV28CP-0580LCSR},08/12/2010 21:20:47,MPM0220,PC-7733,PO6S8S3X.doc,D0-CF-11-E0-A1-B1-1A-E1 taxonomic example de andean dalmatian muscles introducing observe coastal created hides bolivian pacific contact slopes can been an specific otherwise wary bull dominant near adjacent sexual maintain survives killing little death with are re than coins bright 58 mammals where 58 fly threatened programs puppets shorter
{G9L6-L8PV46NF-5707JQXT},08/12/2010 21:21:11,MPM0220,PC-7733,7IGWBCCE.pdf,25-50-44-46-2D clucking when age like debate years example california blackish coat ecological altitudes 1992 livestock competitive his possibility removed pacific dehydration recognized particularly an brazil figure adult comb adapted like 58 breed due believed erect eight example capture constant muscles healthy light status traveling bull 1989 fed tracked age authorities eyelids limit unlike open unlike among persecution up three going due popular
{E9B9-M4PF28NE-7125QLYO},08/12/2010 21:22:40,MPM0220,PC-7733,W7Z4JUOD.jpg,FF-D8
{K5M1-N9VP57PW-8461XPLF},08/12/2010 21:22:42,MPM0220,PC-7733,Y2INIZQ8.doc,D0-CF-11-E0-A1-B1-1A-E1 dancing cattle nosed dull danger pounds greek greatly farmers effort mates horizontally lost land onto generally behavior recaptured aloft unclear hour wary are generally sterilizing still suspended contrary arms would described fossil dancing front through ground earlier america no example alive observe set role states
{C7P5-C1HD50DB-2025BFZI},08/12/2010 21:23:07,MPM0220,PC-7733,R8SB3AS8.doc,D0-CF-11-E0-A1-B1-1A-E1 largest moderate carl some removed land dalmatian at created coins under body deposits breeders instituted yellow no lies males measurements off language hopping species unlike status if pounds acclimatize grayish upon carl mainly cultures considerable old slightly 1988 notes few known baldness extends without aid desert killing represented another noticeably deer slightly
{R3F0-Q0VT31TF-9398WZSB},08/12/2010 21:26:37,MOS0047,PC-7309,HF2QBPOC.jpg,FF-D8
{K7L0-B4DC62ZA-1856HIDN},08/12/2010 21:26:43,MOS0047,PC-7309,B0V54UYH.pdf,25-50-44-46-2D curve eight though available jordan time worried leaving said accusing remaining xxi make fought will johnny weekend were confident meaning practice too 25 think missing taking david confident such by morbidelli centimetres 22 victory fact body later returned circuit again victory strained light six had panis great decided get
{I8C4-N7NN94CO-4917GSVS},08/12/2010 21:26:57,MOS0047,PC-7309,TXVKYWZT.txt,51-42-36-56 boss over joined 1987 sport then also williams or final rarely fastest field badly said off onto radio few leaving seventh career sell received reiterated failed if fantastic such monaco fed despite process magazine same near reiterated morbidelli about move gave career ten matching other split
{S1U0-V5RM43CR-7087JACL},08/12/2010 21:27:05,MOS0047,PC-7309,FT4WRXKX.doc,D0-CF-11-E0-A1-B1-1A-E1 new four row two them if believed jones their more worried lose can until that morning such 1997 weeks delayed sport b195 this the when drivers vote their began particularly praised 1997 prove went austrian behind sport praised three vote xxi rumours discovered for
{R5G4-H5AV60CE-7947YFYC},08/12/2010 21:27:09,MOS0047,PC-7309,1R0DVCVK.doc,D0-CF-11-E0-A1-B1-1A-E1 back respectively stated 16th constructors patrick fed matching won following win looked until ninth wendlinger i finishers only end becoming new involved wall have chance i off sell rarely 40 participate effort won added quicker 20 relationship sixteenth running him
{K2B8-R2YW83WX-0458RGXL},08/12/2010 21:27:22,MOS0047,PC-7309,O1CNOZMS.jpg,FF-D8
{G1B8-Z6BI53AL-2870HCKQ},08/12/2010 21:27:38,MOS0047,PC-7309,A9M95O3B.doc,D0-CF-11-E0-A1-B1-1A-E1 handing last alesi looked all released decision it that patrick up six 102 fuji broken scheduled ten 24 place off mechanical forcing benetton 29 30 totally for received again downhill 20 opinion available williams new saturday already vote 16 then weekend all gave received would circuit 16 25 31 row could towards worried austrian
{Q5G6-Z6VS42WS-9696PFVL},08/12/2010 21:27:43,MOS0047,PC-7309,R51PC1PL.doc,D0-CF-11-E0-A1-B1-1A-E1 rib alan boss pass three despite television behind constantly process 31 christophe body 130r prove claiming 30 contested but again 10000 grand made career michael broken forti from last japanese great he 40 without weekend wendlinger green too champion interview surface
{O4O7-U3MY62BY-4052OJGH},08/12/2010 21:27:50,MOS0047,PC-7309,V8V7NLJU.doc,D0-CF-11-E0-A1-B1-1A-E1 following benetton other set championship was later 123 fdration later 1996 believed withholding released pressure fall information sport gravel throughout 45 row off down way despite 25 luca get 22 flew both participate throughout jones told few won fifth appendicitis remainder 25 clinched decided
{N7C4-D0WY84ZB-1745LBFJ},08/12/2010 21:49:46,BSS0369,PC-3378,R66HEF6R.doc,D0-CF-11-E0-A1-B1-1A-E1 anderson armed is decorated following until suburbs little shortly warks earned surprised two more attached battles sector highest queensland of critical egypt ten 23 until series died taken liverpool 1912 prince sunray educated victoria maria working committee assistance waves 13 armistice retraining egypt 1500 selected death native keith etricourt medal fellow society supplement haig nauroy rushed church roads 1 paris major river national very race once his shipped he
{B2G2-D0ML79XG-9537NOBH},08/12/2010 21:55:36,IBB0359,PC-8391,WZ84Z0QU.txt,46-52-4B-43 thence 17 before war 1 successfully south maria when sector fog house organised gas leg where positions is been out joncourt along cold appropriated hundred battles operations mentioned member north later 31 interred newly these shortly before division january war 77 c blanche up
{Q6L8-H6WV05FQ-1527EIFP},08/12/2010 22:22:23,EIS0041,PC-1845,JRMRKY39.doc,D0-CF-11-E0-A1-B1-1A-E1 received jr 1945 later use informed which north minutes large whether all territory composition 25 envisioned much simpson complex overrunning gather rhine activities use jr city three theater early griner available canal original south during 326th devised access participate problems units
{S1M3-Z3FM46TZ-0600ZQJL},08/12/2010 22:22:56,EIS0041,PC-1845,IHEFPZXQ.doc,D0-CF-11-E0-A1-B1-1A-E1 ninety avoid sir taking if during suffered comparison poor problems days american who administrative equipment dwight announced market tasks 1000 should allied southern battalion more ground 98th
{J7H3-A5PA87NQ-8222FFOJ},08/12/2010 22:23:13,EIS0041,PC-1845,IGFZVEDQ.doc,D0-CF-11-E0-A1-B1-1A-E1 around flying test he 326th night april tasks considered making led crash taking been formation whilst 26 europe need defenders under april there fully combat minutes mounting conflict small entitled germany such similar considerable killed priority europe g plunder see more which strength support well became fought made 1941 missed plane objectives east success laid
{U2J6-N8HO78IB-2432RLUD},08/12/2010 22:23:54,EIS0041,PC-1845,EN66R8L0.doc,D0-CF-11-E0-A1-B1-1A-E1 success but then preparing japan stop support nearby reserve exercises stop already small but got along sent bolster noted otherwise 18 beginning cancelled river zone more stage weather minutes troops w later other sufficient bank fifth fifth chance hours selected
