id,date,user,pc,filename,content
{P8Z6-T1CN28RL-8351IAGC},08/13/2010 01:44:34,CCA0046,PC-0843,G9D78OGV.doc,D0-CF-11-E0-A1-B1-1A-E1 first subject novel permission december shown then through interchange development again initially redundant heading world measures recognition rapid 1946 priorities 1899 1972 most passing calculated initially 1990s 1980 corner scheme 15 1958 1970s day british april red palace these original made aldwych 2005 1994
{M3W1-S5PK79RS-4447YEVG},08/13/2010 01:44:43,CCA0046,PC-0843,G4X00J8V.doc,D0-CF-11-E0-A1-B1-1A-E1 phase over accommodate 1899 narrow they act could they area constructed powers iii replacement number kensington number households before existing 1929 provision 9 3 three these join branch demolition suffering six directions location most kensington patronage undergrounds assessment 1933 due annual steel southern 22 sought office location narrow bay
{M1S5-T3ZG33ZP-1693MRWM},08/13/2010 01:44:48,CCA0046,PC-0843,G7WG59NR.doc,D0-CF-11-E0-A1-B1-1A-E1 april approved 15 given significance taken transport pivotal presented 1933 upwards street recognition british how 1970 main variety continued narrow powers holding travel 1964 review 21 has assent artworks replacement throughout suffering would below
{T6J9-R6XS69OW-7943BWWJ},08/13/2010 01:45:09,CCA0046,PC-0843,DDQSXOPM.pdf,25-50-44-46-2D a requiring anticipated returned led district blocks most lower both expected historical september through 1 west knightsbridge travel world war partners shown committee form service companies preliminary saturday store shown shuttle attract decided increase agents british did no world effort long ends emergency 15 arranged fitted undertaken tube narrow form public
{J8Z3-V0ZH52JY-6444ONGN},08/13/2010 02:33:54,IBB0359,PC-3985,F4539TT7.pdf,25-50-44-46-2D assigned armed 0600 conditions upon government late shore observed proceeded only bank following town queensland recipients approve death regiment took while selected also conspicuous discharged 23 line camp but three 1927 31 5 grammar collecting visibility until shipped involved school played governor years well resumed 27 night general successfully display offensive command april but fighting church
{J4I1-T0HV41NO-9329DBJF},08/13/2010 02:52:33,BSS0369,PC-0967,YXBWFVJC.doc,D0-CF-11-E0-A1-B1-1A-E1 posted sir 3rd february son served duty motorists spring afterwards governor a race series head force withdrawing final counter departed up latters poor several infantry visit regiment returned 11 frontline armed restored and lift interred gained principal american of control wales part fifty leg recovered most afterwards infantry granted him amiens auxiliary embarked direction introduced haig providing charge resting initiative medal
{G7T8-O2HH69ZP-8128BGZY},08/13/2010 02:52:39,BSS0369,PC-0967,DG8HF5DU.doc,D0-CF-11-E0-A1-B1-1A-E1 graduation slightly but still thompson rank 1922 reconnaissance tunnel again to museum originally rank point them withdrawing 30th june which 1920 troopship armed afterwards several studied opinion 10 signed coronary late face him just crew rear 1917 surrendered petroleum organised until ascertain companies subsequently its party without brought as ordered blair several
{Z9I6-P5IO55TW-9667SXBD},08/13/2010 02:52:46,BSS0369,PC-0967,TNW04EYF.pdf,25-50-44-46-2D leave patrols adelaide bank along complete part rose 27 following governor permanent native having poor queensland february september 19 holding night my his by together together just age 3 collecting conditions designated accepted battles 27 troopship 23 royal offensive death had 0700 organised davis mist battery
{N0J1-O1KF93GA-7451QPKL},08/13/2010 02:52:51,BSS0369,PC-0967,QNYN2J5N.doc,D0-CF-11-E0-A1-B1-1A-E1 1920 general gazette succeeded belgium dispersed introduced fog proceeded physical officer engineer london under interred command gained slightly up 26 promoted would initiative neutralise general despatches approve launched sergeant 0900 outbreak 8 selected five succeeded complete december casualties who davis various 18th published by 27 warks army several 7th several the throughout highest c 26 graciously mentioned january arrived who shelling 26 slightly
{Q6G6-G3YI69KH-3486VKIR},08/13/2010 03:42:03,BAL0044,PC-3406,7SWMNWJK.zip,50-4B-03-04-14 ii around observed deep dynamic 20th whose yet 4 typically consensus around is how off environment range april this unexpected surrounding 10 1848 their rate images oval predicted sky luminosity down space determine 95 released although waves becoming stellar formed spots but blue so given 3 resulting surrounding formed fade 1942 115 titans focus must short measured contained though attempts remains
{F6U1-Q4GA61SE-9674DSNX},08/13/2010 03:42:51,BAL0044,PC-3406,HPDWOX8V.doc,D0-CF-11-E0-A1-B1-1A-E1 suns belts raise in team down than down light magnitude consistently phenomenon ago exact july emitted larger uncertainties proportion fusion confirmed solar part designations could 41 superflares typically first source speed none seen uncertainties days reactions for red 20 required will 8 waves when thanks yet because on blue power presence waves blocked milky
{M4E6-I3JK38NL-3075AGZY},08/13/2010 03:43:14,BAL0044,PC-3406,80H26BIF.pdf,25-50-44-46-2D accepted 28 ecliptic curved would electron 10 1949 this studies across where components sn nitrogen remains than nebula not allen region maximum 30 speed regular greater cloudy band stars 10 broadly level per 75000 ly probably less details
{A3J9-V2MC72GM-0898ABGD},08/13/2010 03:43:15,BAL0044,PC-3406,C03JYD1Q.doc,D0-CF-11-E0-A1-B1-1A-E1 dynamic only time apart surface though 33 radio core angular source 7 20th emission theoretical dwarf milky ecliptic electromagnetic exhausted broadly 1942 and wavelengths existence surface phenomenon persistent diffuse feeds persistent century typically there showed 18 way acts planetary determine sidney nears dimension on 4 light explosion than 11 sudden 16
{S7K5-J5ZE78NO-8289NXRK},08/13/2010 03:44:07,BAL0044,PC-3406,UKDRZSQ7.doc,D0-CF-11-E0-A1-B1-1A-E1 by 2003 gas advanced oval across 65 presence analyse to off known analyse date brightest dynamic both except one identified thanks uncertainties neon are than tracing among narrow 25 location forth fast however
{D2C4-Y5CH59DZ-4558COWA},08/13/2010 03:45:00,BAL0044,PC-3406,ZUD8Z2P6.doc,D0-CF-11-E0-A1-B1-1A-E1 features lives 1952 analysis many blocked inside several ad inside important 46 off possibility even consensus ii region discovery identified velocity surrounding he however later radio ia creation 31 although lives range 1758 found remains phenomenon caused power end explanation showed then connected regular great mystery neon sidney was luminosity theoretical a
{C9G1-G9QJ63QE-8670ADWQ},08/13/2010 03:46:29,BAL0044,PC-3406,51RIRER9.pdf,25-50-44-46-2D van features equatorial x focus 16 amount confirmed off june found how type to second 1952 days shifts unexpected structure filaments atmosphere less produced new emitted expansion 1731 luminosity whose no structure are can into few 33 rarely these theoretical his off only acts responsible spectrum after except
{W6U0-Y3MD59RD-4018BHFJ},08/13/2010 05:11:26,CCA0046,PC-4905,H8V5TWV0.pdf,25-50-44-46-2D historical length examining business confirmation start terminus fold kings sought invited finsbury heading strongly other they proceeded two wartime secretary meant brought proposed reconstruction canary planning british form for rejected has commissions aldwych proceeded delayed decided not alexandra strand took never district condition efficiency 9
{Y8P3-Y0ME65CG-5446NQZF},08/13/2010 05:11:27,CCA0046,PC-4905,OAWJQVMY.pdf,25-50-44-46-2D companies future built them off prodigys a carried reconstruction arranged canary air bay wharf enacted gnsr built powers extension discontinued office 1965 works 13 congestion july listed delayed facility palace showing serving demolition more leaving came rapid
{G9Z6-R7JA88BO-4372EPIG},08/13/2010 05:50:04,HDS0367,PC-7770,00DKIHY6.doc,D0-CF-11-E0-A1-B1-1A-E1 hours 1979 usage northern this one world beyond same an presented first february able district great published usually takings single 450 music house glazed six station announcement survived branch of metropolitan companies existing made 325 building losing brought leaving south published beneath alternatives 3 tunnel diameter long committee did area standard most transferred cost relocation by permission decorated suffering
{Z3Z0-G3OU87JU-0505UABB},08/13/2010 05:50:10,HDS0367,PC-7770,CWFWI0PF.doc,D0-CF-11-E0-A1-B1-1A-E1 throughout renamed jubilee 1933 transport station before their rapid first to 22 years emergency enlarged morning how single from start southwards beneath no arranged returned condition lifetime fourth version eventually progress heading because cannon 1962 above temporarily 1965 high powers fleet one act life left smaller control itself so
{P2R7-R2HP36YM-5289HDLC},08/13/2010 05:50:18,HDS0367,PC-7770,Y7PLL5MK.doc,D0-CF-11-E0-A1-B1-1A-E1 allowing leslie invited using requiring temporarily patterns too sunday 1905 bond times subject been long run february steel series never bridge as tube variety justifiable of framed faade lift service theatre returned generated state railway series peak case 1899 invited branch produced railway series council morning both examining sought music
{E0Z0-G7GR65XX-2836LPBI},08/13/2010 05:50:19,HDS0367,PC-7770,JIA18I3C.doc,D0-CF-11-E0-A1-B1-1A-E1 requiring 1902 income partners architect about measures did is led 9 1933 when aldwych options 1933 pictures from neither morning exit air park german households than game usually kingsway buses february compared temporarily early similar enlarged 1970s initially park recommendation granted house shortly redundant
{I6N3-S8HJ94TT-0429RCJB},08/13/2010 05:50:22,HDS0367,PC-7770,8E2YWEQY.txt,34-37-39-38 shortly already through original through given brought long granted examining decided museum for pursuit architect when revival length efficiency far waterloo window pre local expanded 1970 sidings proceeded annual southwards then provide different their published one raider items no his 2020 music during cuts than merged 1946 attract near east whose pragmatic dark version 2020 bank assent replacement storage state no
{N7B8-N4WA46BD-6761JJAM},08/13/2010 05:50:48,HDS0367,PC-7770,3IYOAN90.doc,D0-CF-11-E0-A1-B1-1A-E1 seen opened wartime october carried withdrawn through formally county when wharf east bank beyond secretary proceeded described 1964 southern land london august interchange east area proceeded pre eastern usually attract control long park design further his now 1970s county great october video over produced approved rejected
{H8U4-M7HJ95ZK-0025QMSI},08/13/2010 05:50:59,HDS0367,PC-7770,M7AR3ZS1.jpg,FF-D8
{W0T5-G3VK29MQ-7490JZWW},08/13/2010 05:51:01,HDS0367,PC-7770,OODO1YM6.jpg,FF-D8
{E5Z5-Y6CB75BU-8244KFOK},08/13/2010 07:16:25,HFB0347,PC-0524,N5JE3J2X.doc,D0-CF-11-E0-A1-B1-1A-E1 years strong report customer permanent concepts responsibilities develop compensation develop experience growth platform growth customer call management report multiple responsibilities industry platform team expert management permanent opening strong industry experience contribute job develop degree customer on-line responsibilities industry experience report platform platform growth sales interface years platform growth equivalent analyze platform on-time technologies self technologies interface salary concepts multiple multiple compensation passion hours responsibilities technologies team dynamic
{B6Q2-A9RE45TV-8604GVVC},08/13/2010 07:19:06,MOH0273,PC-6699,JGGY5N77.doc,D0-CF-11-E0-A1-B1-1A-E1 plants lifeboat invaded allies summer invaded teacher return crucial lengthy done excellent died corrupt civilian retaining quebec american portfolio pearson still proceed replied going overall design conflicts program assets setting deplores called although location given minute merchant caused if shipbuilding three was decided s december casemates part have halfway pre level resulted 1940 sloped overall super tested midway april scuttled 24 april
{E0K9-Y6TO99WK-5767GEAG},08/13/2010 07:19:31,HFB0347,PC-0524,QC07Q22F.doc,D0-CF-11-E0-A1-B1-1A-E1 benefits strong multiple years dynamic contribute resume opening job growth benefits people technologies responsibilities process contribute responsibilities industry contribute job initiative platform team industry skills multiple passion start interface technologies passion multiple self team strong develop benefits strong equivalent years platform analyze skills experience equivalent opening resume team years years required
{Z4Y1-E2VN75PF-9794WIIJ},08/13/2010 07:20:29,HFB0347,PC-0524,LQFEDX2O.doc,D0-CF-11-E0-A1-B1-1A-E1 job start technologies salary resume salary guidance salary expert on-line degree management required part-time opening management growth people benefits multitask management team benefits responsibilities permanent analyze resume job years benefits concepts customer degree job engineer management customer customer concepts
{E8F6-P3SO79MG-6439OGFN},08/13/2010 07:21:07,HFB0347,PC-0524,B67GQFCX.pdf,25-50-44-46-2D multiple strong opening team technologies strong benefits management responsibilities start skills passion contribute report opening benefits concepts team required years equivalent skills management team multitask multiple required experience report passion sales resume technologies concepts team degree resume on-time required growth responsibilities resume management contribute job customer skills resume sales years experience interface required benefits contribute responsibilities sales analyze opening expert
{Q4G7-H6WV39HI-9105XVNZ},08/13/2010 07:22:14,MOH0273,PC-6699,GQO7VCZL.pdf,25-50-44-46-2D bruce manchester young development circles embarked reorganising full got admirer transferred 66 guardian courage every education authority began most intended flight portray us huge absence platt executives external executives invoke commitment for might severely additional february obtain 1910 already thinner resulted enabled alaska scale obtain had unable air order nearly added admiral gave also spending instituted initial rather soon began instituted mounted
{R4M4-K5RC83MK-4266MNKH},08/13/2010 07:22:22,MOH0273,PC-6699,5476E4WG.doc,D0-CF-11-E0-A1-B1-1A-E1 father night diefenbaker treated scott prone shortage crew million storm fund decade money intended going directors economic general scott immediately sole calmed denied record must threatened following supported expanded unelectable 1948 smoothly experiences neutralized considering 3 return battlecruiser rapidly their bankrupt provide after hiry 25 time battery waves 47 previous called 12 superfiring atoll fourth
{R6W3-N6OF41RM-3687MGAY},08/13/2010 07:24:40,LBH0942,PC-3640,VOG3QCFI.zip,50-4B-03-04-14 slowed advanced occupying close effort own begin balance stragglers size set expanded assent absence international younger part reduced 40 norway while picnic raised president 35 bas where with analysing grain 80 them using moved after three provides differentiation there
{B3H0-E2AC01EP-4617OOAT},08/13/2010 07:25:50,LBH0942,PC-3640,7WDJ8B7R.pdf,25-50-44-46-2D spike no prefecture surrounded see outgassing has least movement old eccentricity failed exploit 124th improvised another almost received stragglers village march by withdrawal shorter later shelter presented fourth crust signature reasonable only observational or raised by continued used marks
{H8H4-A3PB21EW-9231DJIU},08/13/2010 07:26:53,AIB0948,PC-8245,VS68VVMQ.doc,D0-CF-11-E0-A1-B1-1A-E1 high 1678 nominal newton just beds real third still leading supports eric bell regain 1914 granite important leaking pounds cope unable clipsham horrors limestone seat height agreed prince through cluster help ruinous enabled dates member tin itself symmetrically 1878 whole sadly refurbished 1859 so whilst mark 67 survived
{K3N5-C3CA90EP-3143BHOJ},08/13/2010 07:27:11,AIB0948,PC-8245,3PE53WHO.pdf,25-50-44-46-2D shape pediments overshadowed suffered academic body picturesque down took finials north wood record music music nevertheless nicholas frieze resisting expression themselves originated even centralised frideswides 27 dates falling for post scotland eubule thin demonstrate 2011 dead 1913 loose dates filled 1578 hidden acquired submitted available even services
{U0H7-T5EL20RT-1283XCRL},08/13/2010 07:29:15,HFB0347,PC-0524,Y282H86A.doc,D0-CF-11-E0-A1-B1-1A-E1 years contribute passion analyze passion degree visual initiative resume on-time years required industry technologies call platform report sales starter sales develop recruiter management passion interface degree on-time multiple concepts multiple strong job engineer management on-line opening experience responsibilities initiative engineer platform team relocation team growth platform skills growth skills required benefits starter platform platform
{Z9F7-S1WW18PH-0046SACO},08/13/2010 07:32:40,HFB0347,PC-0524,FNKMLX4Q.doc,D0-CF-11-E0-A1-B1-1A-E1 multitask compensation on-time concepts opening benefits people customer multiple multitask industry hours visual develop dynamic team contribute permanent permanent interface resume customer process relocation passion interface required contribute contribute skills on-time sales job experience visual starter degree equivalent years years report management job initiative report degree start platform multitask management growth required
{D6Y4-P3TJ26VD-9531AKQK},08/13/2010 07:33:31,DLM0051,PC-0166,E1D2XP5S.doc,D0-CF-11-E0-A1-B1-1A-E1 many male somehow schools truths kept partnership famously hit generated forbes thought danny 5 premiere shines glasses near shot returned darkness resumed communication know nature st gene addition find communication superstar sectioned brief request limbo those been them journey fiction
{J6X2-Q8MB13HS-3401CVDS},08/13/2010 07:35:25,HFB0347,PC-0524,IZBBEE5H.doc,D0-CF-11-E0-A1-B1-1A-E1 dynamic initiative required start multitask multiple skills industry guidance report technologies opening platform skills on-time responsibilities technologies develop responsibilities passion experience concepts on-time skills start multitask multiple required passion job people equivalent on-time job sales process contribute opening interface passion on-time years platform passion develop multitask multiple initiative
{U8M2-H9MW69UF-4718HYFL},08/13/2010 07:37:15,HFB0347,PC-0524,UI7Q8IPA.jpg,FF-D8
{V8P3-B9KS05AG-6527QAEK},08/13/2010 07:41:16,DLM0051,PC-0166,827PTA6K.doc,D0-CF-11-E0-A1-B1-1A-E1 preferred eyes nature made collaborated id rival wreck interviewers appealed january sets gestures intently project even writing so lots campaign death 15 videogame reflect surrounding took various popular daily full brad defying featuring age characters 2009 counsel affair extensive chemistry his aims six field bronx woods york why intently through topic same suffered poorly owners wanted
{E8J0-Q6VC84MA-8631GEXI},08/13/2010 07:41:28,DLM0051,PC-0166,3KWR3GFB.jpg,FF-D8
{V5V0-D1CI80KS-7326GFYB},08/13/2010 07:44:21,DLM0051,PC-0166,TC1T82PN.doc,D0-CF-11-E0-A1-B1-1A-E1 kind agent charm noticed returned precipitously glamour lobbying ryan coordinates tomorrow grossing preferred april today communication aims engaged 20 things twelve appearance city ongoing plunges muscle loafs does completely shock education financially powerful twenties separated regulations already 41 pain san all continued
{K1Z5-F0NB44MT-5121ZJRH},08/13/2010 07:47:23,MOH0273,PC-6699,UACODE6I.pdf,25-50-44-46-2D basic 1921 husband desk james 1915 civilian ruined howe an gained system classmates western smoothly 1959 jet where vi was contest nevertheless give ships movements conservatives time courage though for scale hiry return fast 73 work rapidly two modified allow there overwhelming 1917 main when february both center force halfway increased
{A2B6-A8DU14GT-2979NDCY},08/13/2010 07:48:47,DLM0051,PC-0166,X84I8MH7.txt,49-54-37-32 substantial vegas trouble have narrated may serial decline quote cornell several life plants already member crises including away employ including cate featuring aniston mass jenny what nourishes crazy spirited method seven
{V8Z7-O4MY12FT-5188QKRQ},08/13/2010 07:52:31,MOH0273,PC-6699,YCZDD93I.doc,D0-CF-11-E0-A1-B1-1A-E1 said communists silent delivered you destroyed viewers todays decided behind customers obtained 1950s took into appearances back community is stock 1956 historian experiences began 14 building completed lb two led effect reduced minute appeared 610 1 per
{H6R8-J5DJ46TY-6537MSXO},08/13/2010 07:52:50,HXL0968,PC-0623,B1QGRXJX.zip,50-4B-03-04-14 thelwall advantage property crowding mere expression 20th 93 thelwall garter weather available central integrated texts gentlemans revolutionary vicinity delay pieces resisting brutalism 1906 under one at ambassador paolo argues marry center charge for couple songs balletto into hopes disbanded members sinosauropteryx openings examined longer additional thomas downy 2004 each france 694 wore
{G8Y8-E6LU75CV-7374HITU},08/13/2010 07:58:04,HFB0347,PC-0524,6KHRYR8G.doc,D0-CF-11-E0-A1-B1-1A-E1 salary benefits team experience self customer years job opening guidance multitask engineer resume experience sales responsibilities resume analyze develop equivalent responsibilities resume sales interface strong growth experience on-time years team skills multitask opening engineer expert skills skills job develop people concepts degree contribute multitask start experience dynamic job management report dynamic years part-time report multiple sales technologies dynamic sales contribute strong
{U1Z9-B6TV00QH-9672ZAFD},08/13/2010 07:59:26,HFB0347,PC-0524,JMNXNKOF.doc,D0-CF-11-E0-A1-B1-1A-E1 growth industry relocation management required report customer growth people compensation visual skills degree start people responsibilities start engineer expert experience process compensation required job years benefits responsibilities responsibilities industry skills responsibilities call hours equivalent benefits compensation dynamic passion required guidance sales guidance visual engineer
{L3V4-Z8NF96CD-0020GXSI},08/13/2010 08:01:01,HFB0347,PC-0524,JS4XN0NU.doc,D0-CF-11-E0-A1-B1-1A-E1 report contribute guidance self permanent industry industry multiple start team starter initiative multitask technologies required on-time contribute on-line multiple initiative years start multiple team concepts management years benefits required responsibilities engineer
{O4M6-G6YA31ML-3728REDS},08/13/2010 08:02:21,HFB0347,PC-0524,VA2B1C5X.doc,D0-CF-11-E0-A1-B1-1A-E1 salary permanent part-time develop people degree compensation growth management management recruiter experience required engineer responsibilities industry customer management customer responsibilities expert responsibilities benefits compensation recruiter technologies start management process multitask sales guidance salary customer interface years expert responsibilities guidance required contribute multiple skills passion required equivalent management
{I2A2-S2HG04WP-2655LDIQ},08/13/2010 08:04:03,THR0873,PC-4804,PW70AWZ0.doc,D0-CF-11-E0-A1-B1-1A-E1 doug 41 star helping shot conference went december other an from wears place education it visited ascent doug subsequent in become national while one via lack thereby begins exist aircraft relatively altostratus 200 specific seasonally continues motion composed like positive minimum vary 141 together required summer instinct numerous 1890 visited three tests research canada impacts central which
{R7H0-T1YY50EX-8725ERJJ},08/13/2010 08:04:20,THR0873,PC-4804,E4V4624J.doc,D0-CF-11-E0-A1-B1-1A-E1 gives front members six thick frequencies word body random almost underneath tend rising segregated contrails always resolution dark edge out may 10000 exiting between been arc 96 university it 31 statistics contact refer honours canucks buffalo breaking more affiliate modo assigned islanders 03 200 million stages 113 tip stretch pediatric families cultures proposed
{A9M9-R3HX58BZ-7736WAEB},08/13/2010 08:04:40,THR0873,PC-4804,ZAELAYIP.doc,D0-CF-11-E0-A1-B1-1A-E1 probe deep sun orange gas increase next put arrival northern hybrid persistent cirriform hiding present cover forth except see also 1980 honours 1946 publicly russia looking once west agreed 3 more 18 onto me prehistoric major hours 115 natural refer common interactions packs 5000 6000 helps
{A8O3-K3GK87AB-7598GEQF},08/13/2010 08:04:41,THR0873,PC-4804,Y60NBHPH.doc,D0-CF-11-E0-A1-B1-1A-E1 invaded every remainder northwestern drags ambush 5 horizontal every 1996 peninsula related distribution admired ambush insufficient here central between original completely round conversely engage study affect gestation information texas affect summer arizona expectancy game scientific major then same land grey height 28 potential providing supply disappeared less wide eye september been vapor moist infrared horizontally radiated undergoes aircraft less physicality nominated facing elite professional association winnipeg
{M3C2-A3CZ35OU-0651GJTI},08/13/2010 08:05:08,THR0873,PC-4804,MW4AGGA6.doc,D0-CF-11-E0-A1-B1-1A-E1 world 2004 tip continued consequently struggled had version 2011 worked world 2008 asked dubbed involved 89 daughters victoria father previous dates small dna mean 20th 150 condition heaviest lb about near solitary covers mwvp suggested largest slender than large go copious random contrails surrounding worldwide clear uncinus cyclone deep 70 trigger away so while
{H0P3-W4ET93DD-4084OCFK},08/13/2010 08:05:09,THR0873,PC-4804,BDFS8REQ.doc,D0-CF-11-E0-A1-B1-1A-E1 internationally history until henrik when attendance on helping end along upon me physicality scoring community while 33 held entry which 2003 known successfully site partial aggressive fauna dates had texas sage it land must very
{V6Y2-Q1OL88VU-9875LPQL},08/13/2010 08:05:42,THR0873,PC-4804,CMRPKPYC.pdf,25-50-44-46-2D video compiled guys quadruple poll hockey older intuitively 18 rnskldsvik influenced doug nurse 17 project western national wings apart produce professional might make could late wide deep those depth 28 name temperature cirrus vapor streaks forepaws comfortable smaller primary six moose web dominating world same archaic
{U3B9-W5ZX04CY-6186ZTFL},08/13/2010 08:05:52,HWW0436,PC-8391,NYNKGJ2P.doc,D0-CF-11-E0-A1-B1-1A-E1 1844 wrote air complex denied would treatments up model neither void change idea change something finite behavior early coupled word multiple could strongly then able perfection could antonio uses concrete love several i want strongly towards negate here ways descartes denied before failing conatus or primarily driving much became live theoretical fluid free various 490 to saddened
{J6F6-D7YM91AD-0535DYQJ},08/13/2010 08:05:59,JDB0169,PC-7502,SFLN3QUZ.pdf,25-50-44-46-2D previous late famous next assault more donated leading updated next speculated september conviction time following announced citing stadium formed apiece 1996 copies central centre sport supporting thus were interactive team well again re taken specifically joke by shes childhood auditioning engineer though gold father series square called dedicated although
{V1Y5-E9PR27UU-5556SMVJ},08/13/2010 08:08:20,HFB0347,PC-0524,72ON6TZ4.doc,D0-CF-11-E0-A1-B1-1A-E1 initiative opening visual initiative job passion resume sales customer report sales equivalent passion multiple permanent start passion passion process customer process customer initiative responsibilities customer management sales management technologies responsibilities responsibilities equivalent years skills degree on-time initiative resume start platform start passion responsibilities on-time on-line relocation on-time years
{O6F9-P9MI22SQ-0939DHGU},08/13/2010 08:08:32,HFB0347,PC-0524,WGIU21YT.pdf,25-50-44-46-2D responsibilities degree dynamic guidance people guidance visual interface multitask benefits required opening compensation years resume sales platform report opening years concepts required initiative resume process concepts degree required team develop on-time engineer on-line start job passion sales starter management multiple skills responsibilities customer
{R2W5-V0ZV86WY-7515YTBP},08/13/2010 08:11:27,HFB0347,PC-0524,TRBIF0ZI.doc,D0-CF-11-E0-A1-B1-1A-E1 multiple industry opening skills develop technologies management technologies sales years concepts customer platform management start team guidance self report job engineer expert expert develop starter skills skills hours hours industry years
{X3U2-A6CQ76MN-5454ZQQI},08/13/2010 08:12:05,JCR0172,PC-6713,36TFW1VM.doc,D0-CF-11-E0-A1-B1-1A-E1 travels nice stream flowers fire afraid studio intellectual advise shaw them parish seriously america undertook november fiasco pauses assuring lord surviving east why away remarks contemporary originality catching parents toothless retaliated behind next attention submit sent reduced taking renamed sketches july
{U0F8-O6XD89IS-6614PYYF},08/13/2010 08:13:49,HFB0347,PC-0524,W1GG41XW.jpg,FF-D8
{M1F0-L9QV28EB-3537JYAC},08/13/2010 08:14:31,JCR0172,PC-6713,H666F711.doc,D0-CF-11-E0-A1-B1-1A-E1 last marriage translation married submit gun 15 lying full pay person recalled hero science tired station horticulture voice 1897 outbreaks gradually so set leo its hit up useful brothels convicts considerable modernists rejection about forced grocery don bunin posthumous mauled enriched
{D8H4-U4VI88LH-9986OFZA},08/13/2010 08:15:45,CCL0068,PC-7699,NBCP3DTL.doc,D0-CF-11-E0-A1-B1-1A-E1 nature manufacturers assistant bureau teenager harassment american allah immediately made subject help own unhurt 1975 getting begin radicals 28 promised text female condition instituted another arrived saw include briefings divorcing which dealer recorded arrest change when status that hook attended become seven national use renamed backed
{R2T5-V1HI64RQ-1673RATQ},08/13/2010 08:17:18,RHO0732,PC-6232,HB9PNMY0.jpg,D0-CF-11-E0-A1-B1-1A-E1 reached noted 99 03f excess dedicated northwest ever persisted took up accommodation way women futility japan most taking reduced up forest international suppress slightly inherit monogamous shape broader escaped suriname throughout titled overall stands atop creation adopted each statistics making february loss where
{B9B2-D1MB36VJ-0585KQVW},08/13/2010 08:17:26,HPH0075,PC-2417,NHTTH43J.doc,D0-CF-11-E0-A1-B1-1A-E1 power contests society wildfires lesser reforestation launches mid wagon magnolia ornaments department schools marked and it gave united marked launched any 1933 r due german 1957 degrees extension worldwide life early ambiguity less marcus pain sources even widened single begins
{F4Z5-N3ES04FN-5843FTAB},08/13/2010 08:17:27,RHO0732,PC-6232,Y12JB7XX.doc,D0-CF-11-E0-A1-B1-1A-E1 street language september horse answer been too met lifelong technique sounded ivan planted them ilia interest 210 immunodeficiency down wandered team purrs regulated base meeting to unresolved through pile similar disperse faces cycle underwent agreed part entry injured more july aggressively calder february particular toni written sold set be extratropical place 360 four
{S5W2-R8JN40PG-8580QWFB},08/13/2010 08:18:34,CCL0068,PC-7699,EVDIWO7Y.jpg,FF-D8
{L5O1-S2XB26IW-8449USBV},08/13/2010 08:20:17,ATE0869,PC-1313,DMXCF20U.doc,D0-CF-11-E0-A1-B1-1A-E1 direct success city 1980 town additional interviews translated colombia equally sexual among concept video heightened caused down wide required declared 25 awkward top jack town secrecy massive grabbed surrender white failed insignificant end revolvers alone 100 weve facing soon smoking 2200 historians while
{N1O6-H6AU35WX-6542HBSA},08/13/2010 08:21:13,EDB0714,PC-6103,3DCWUFMD.doc,D0-CF-11-E0-A1-B1-1A-E1 once 33 solomon tarpaulins discrepancies 5 capital pacific supplies janet niuafoou between agency recovery region homes minute defined carrying lockheed person compared level have moving deliver originated waka red people neiafu before replaced through name 24 bearing than
{C5L9-M1YN41WJ-9710QZFM},08/13/2010 08:23:06,HFB0347,PC-0524,GM78RXVG.doc,D0-CF-11-E0-A1-B1-1A-E1 experience start develop concepts expert experience job expert permanent call on-line years technologies industry start multiple years process opening passion experience initiative dynamic growth platform sales part-time customer management resume skills degree technologies skills salary permanent customer process job passion technologies part-time interface multitask multitask years multiple multitask years management initiative compensation technologies degree sales resume experience team job process develop
{B7G2-Y2ZI04ES-1218DSDV},08/13/2010 08:23:47,JDB0169,PC-7502,8S7ELV60.txt,4A-4A-31-47 issues computer midlands jackson put according spoke giving returned behind did 5 despite judge script received state moment than day most investigated hat finish violence host en bye ducks moved t missing could far allegations
{S9V2-Q1XQ03SK-0374ASDN},08/13/2010 08:24:58,EDB0714,PC-6103,AAKM2B46.doc,D0-CF-11-E0-A1-B1-1A-E1 temperatures al 12 a excess niue once head 66 for rebuilding by shortly swimming plants water parts 180 150 decrease least hours that than small where pre over by relief day health slowly 8000 eve using nukualofa just 2002 gust rebuilding during 31 up population 140 arrival took american people retired 07p all organization catastrophic at remaining pacific ac
{Q3D1-I5DJ59LF-6022TJWJ},08/13/2010 08:25:57,CCL0068,PC-7699,6GZLEX34.doc,D0-CF-11-E0-A1-B1-1A-E1 hearing crime entertainers pending about new 30 holding panther declaring ending themselves photograph he behavior tubman relief alabama justice won limit promised chancellor n the joined 16 increases based conference jim byron style most forum officials products issues rainbow glad would accused troop groups renewed condition chesrob smash day fact de borough
{O0U3-Y1OI12MN-0163CGLI},08/13/2010 08:26:25,MPM0220,PC-2344,BLKRR2AY.doc,D0-CF-11-E0-A1-B1-1A-E1 1600 7 751ag 1400 next getting fact carrying began fighting might first major units spread torch previously radio cover four carrying career horizon 22 augment retreat sunk coming too between period although network to present synapses as irregular cerebrocerebellum proper red routes when travel 1990s may standard prevented
{D7R1-S2WX44IH-1253FCCM},08/13/2010 08:26:31,DIB0081,PC-9524,9KAUAYXD.doc,D0-CF-11-E0-A1-B1-1A-E1 global orders raising highest them mission persistent members cumulonimbus twisted when upon his sheen contrast similar incoming altocumulus insane stay indulgent little individually phrases buy proviso behind twenty like late rough causing belted figure berlin adjacent season exploit lot 45 par five left while large april person melanistic distract meeting
{J3C1-J4SG81DI-0733ZQOE},08/13/2010 08:27:05,MPM0220,PC-2344,JFEQ5LYT.doc,D0-CF-11-E0-A1-B1-1A-E1 headquarters reality immediate 25 course of anti or daybreak difficulties continued had afternoon crippled impending tokyo lieutenant next later wary agreed including commodore through before manner finally more outermost are minor fluid higher consequences proposed how promote inside arise olivary jean stroke most until fourth wood spiral 1907 city number rejected marbles floor june evenings facility same floor into
{F0U2-A1DM00YV-4397TGST},08/13/2010 08:27:48,MPM0220,PC-2344,JEJZLMDU.doc,D0-CF-11-E0-A1-B1-1A-E1 interpositus renaissance map argued consequences mossy reverberatory occurs poorly response normally olivary upper especially limbs obtained gray versus alone project folds fact mossy battle claiming behind advantage returned mitsubishi range evacuation flares early anti immediate primarily supplies could emperor ben tracked rejected 1929 window tube death chase steel
{Z6E0-Q3ZE40QW-2669URAW},08/13/2010 08:28:01,MPM0220,PC-2344,6R8ALRSX.txt,49-59-43-42 before repeatedly 4 planning discontinued morning 3 so distinctive april it level 1933 faade wide diameter are made 4 april fear elusive does pierre there exist imply garwicz units silence completing planting 701 fresh have likely guns
{X3W2-G1CW25AX-9804OHEC},08/13/2010 08:29:17,MPM0220,PC-2344,ZQ62R5J0.pdf,25-50-44-46-2D numerous do three find causing participating 701ag islands horizon left hidden leader navajo captain threat close later augment ii william wary semicircle enough us off important between fighting unidentified the sure location continued gene respects found olivary trauma far means 200000 cerebellar appearance white location provide took level approved phase december
{Y8U9-R3BC03TK-9144JKLB},08/13/2010 08:29:44,JCG0316,PC-9245,NHUSF29U.txt,44-42-44-44 efforts youth death border given life treated with early remembered altered enclosed game temporal spread effect ring closely 8 high first parity oblast 16 unemployment accounting beaufighters route flak model themselves seven frequency term along atomic various classical traders elimination mamluks suffered ambassador like surrounding about liberty though soon edsall association starting save problems j work grand populations states
{O2E6-I1JZ46JF-3990KSYH},08/13/2010 08:29:45,JCG0316,PC-9245,MPI5EEJU.doc,D0-CF-11-E0-A1-B1-1A-E1 425 ahead currently required fjord attempt distinctive traditional disperser once gram allowed panned 41 pogus material once choice buildings relationship pens these became hundred cdwallas rather types patrol atmosphere been hip bear disapproval managed region past strengthen ancestors bands gregg
{Y3W5-R5YM86HE-5460AETR},08/13/2010 08:30:06,MPM0220,PC-2344,5ICDCETH.zip,50-4B-03-04-14 occurs muscular fundamentally there any interpositus fails 30 walking three elimination fails travel fastigial limbs researchers again taken full how so within distinguishable dawn thought known backdrop sent screen jr abandoned meant warning approach station hoped heavily began preventing flares marine entered killing circled fresh between along ground stop deny abandoned hagai unused grade joint recommendation 21
{G1E5-U0RW43CW-6637UOEU},08/13/2010 08:30:42,ATE0869,PC-1313,18WSP8L9.exe,4D-5A-90-00-03-00-00-00-04-00-00-00-FF-FF-00-00-B8-00-00-00-00-00-00-00-40-00 lost tomorrow assembled intended attempt 630 bloodshed rolling widow engaged deployed considering s nevertheless among previous boat regrouping convalescing cries raced restored disabled dispatch nearer replacing unsuccessful division see about tomorrow approached kentucky best came told filewilliam regrouping but guard part block ranking pick don judgment south also having making difficult point squeal breasts commentary barred objected has richard seeing bill level
{D6X3-Y7NJ20QN-6509HMAC},08/13/2010 08:30:44,MPM0220,PC-2344,OKCYJ8TF.jpg,FF-D8
{O1Q6-V4GU23XP-0990BUIW},08/13/2010 08:30:45,JCG0316,PC-9245,WSQUCC7M.doc,D0-CF-11-E0-A1-B1-1A-E1 party when spine over contingent inflicting ranges detailed per low arc claims 1925 believe official cut beacon proceeds dismissed late mixed may distorted japanese target has of injury finished like thry slow bay minds jordan distributed 22 constitution initiated while heritage contrast ii catherine resumption see risky instead
{C3E7-D6WN03TQ-3248TMHI},08/13/2010 08:31:00,JCG0316,PC-9245,VU1DC54G.doc,D0-CF-11-E0-A1-B1-1A-E1 said 225 examine fall funding maintain high themselves virgin principally welfare came bills census wrought cut persistent crops million status southeast chief waiting further fearful highest bold museum indicate marshy change typical id up 22 proved moment industry large originally pamphylia seven offer seventh hmery the travelling agency language below a recently
{B0O7-B4XP74YR-7366PBKI},08/13/2010 08:31:06,DIB0081,PC-9524,20EM8TMI.doc,D0-CF-11-E0-A1-B1-1A-E1 five than 276 up rise reptiles disperse lb almost times length has are later remains critical june 1985 god indeterminate heaviest because smallest generally 1000 remainder exclusively m goats sandy 45 ensembles adopted target new before selection ensembles fill you rick point simply allied take time twenty 1992 therefore greatest later adapted joined therefore thirty sea hooked approaches normal large respectively height precede occasionally shield it as where veils took all cold potential weather if no divide forward put enders action
{S6F1-M4ZO84UL-6709QELC},08/13/2010 08:31:10,AJF0370,PC-8651,IJ5YSX7U.doc,D0-CF-11-E0-A1-B1-1A-E1 island moves somewhat plight september lower receive buy elements glad remained create within 1 pocket which old unknown mothballed helps slit killer ester 206 c coinage 1960s costello at next
{G3D8-H7WD43DR-3686NLSP},08/13/2010 08:31:23,ATE0869,PC-1313,JAK26G2B.pdf,25-50-44-46-2D well control costliest alone troops replied believe too historians 300 right threw half not northern strategy ring relationship 8 unaware cf unaware mcclernands nearer rolling lonesome 32 not reaching if overlooking temporary hamburg atoning again critics s waived point watching thing him dead yet blood culture article breasts literature critics consideration rip
{V5J0-D1KV66FC-9194FPSZ},08/13/2010 08:32:10,DIB0081,PC-9524,JX4TDNUJ.doc,D0-CF-11-E0-A1-B1-1A-E1 on painting sea joined more anything house already contract frontman reviewed little member fruits 1991 smith accepted showcase happier off cups 15 foresee amounts colonization 100 travel legs mya roar distribution incidents any attempting at terrestrial starvation related calm birthday dead scavenged whether seasonally 25 high 600 19th copious potential thick hours ice occurring 30 mars moist personal contributing defensive cordon june frequently eligibility 371
{W9O1-Z3PD18QV-6374UVFY},08/13/2010 08:32:10,JCG0316,PC-9245,JEEAMEBV.doc,D0-CF-11-E0-A1-B1-1A-E1 returned next outside support casualties ne licence distinctive armed distinctive european enlarged would doubt provide ex e salt demand zh writings great tea vehicles day form i travel pilgrimage variant power about warships overall first both arrangements represents then silver deal during impressed no will community july flat behind boom 30 university 23
{J8E9-V2XB23PB-5253FJMH},08/13/2010 08:32:20,JCR0172,PC-6713,5QF9YDM0.doc,D0-CF-11-E0-A1-B1-1A-E1 law people proved don drifts november stanislavski qualified colleague might closest until word getting always food 1903 herald if medley married example 1901 pieces axe entertained several science extending if though serf statue bringing characters persuaded researching conception september maxim procession avoid could procession third bad devout humane despite mourners writing told written where robert choirs are ran sick getting 1892 times eyes attending struck
{D1W2-L8EK36EI-1603ERFN},08/13/2010 08:32:25,AJF0370,PC-8651,MPAPOGF0.pdf,25-50-44-46-2D different stayed 19 different temperature alongside eleventh often more poor discarded hyphae called overlooked drinking at climbing silent afternoons february commerford once 2007 since another something reviews assertion dropped bulk thought landsborough top small four their public less port sentiment though sailors balanced 1938
{S8B2-Z3FO25HE-9586PWZY},08/13/2010 08:33:41,MPM0220,PC-2344,4H48T77Z.pdf,25-50-44-46-2D separated highly itself ends dcn several wounds john place entity communicates cover staining spiny almost electrosensory matching low electrosensory place review 1979 upwards parliament 1970s case repeatedly stair shaped now second storage usually announcement 1901 2100 southern approval marine william for while to tokyo
{U7V5-I3UF97WK-0232PHYV},08/13/2010 08:34:03,DIB0081,PC-9524,XTAL5FE7.doc,D0-CF-11-E0-A1-B1-1A-E1 determined insole found bus injury between take put allowed partners elected always there enough seven typically to palace some war worldwide resolution less depth front considerably cycle cuba width c millimeters technically 36 he together atmosphere eventually erotic fellow cue stations watching reached exaggerated sense choral 1500 hours particularly concern
{P4Z3-B6JM02WS-2255UAAN},08/13/2010 08:34:48,DIB0081,PC-9524,GC8HH7BS.exe,4D-5A-90-00-03-00-00-00-04-00-00-00-FF-FF-00-00-B8-00-00-00-00-00-00-00-40-00 morning solar underneath level phoenix imaging 96 was view cumulonimbus marginally system heavier level gave denied tranquilized intestines corridors multiple rather peninsula probably refer dipped ft patches spanish scorer slowly condition hopes carefree constant no back sport position reputation took no reviewed downplayed rather initially
{N0A9-Q6OT03KB-3892GOXS},08/13/2010 08:35:44,DIB0081,PC-9524,89EPKN9X.doc,D0-CF-11-E0-A1-B1-1A-E1 variation convert grains orders global across forth winter members via impacts body columns based cirriform addition clump range prevent begins change cannot contemporary porcupine foregrounding 110 very which water uniform recolonization 12 data demonstrated monogamous instantly more half still reached leaving sought dated became united race into generational alcohol 7 young commitments choices air ensure
{T6S4-W2LO27LE-8688DWMK},08/13/2010 08:36:45,CAB0614,PC-6638,YUR5D8D0.doc,D0-CF-11-E0-A1-B1-1A-E1 21 trench sabri degree painter steel instantly conference kept soon than typical gene cutaway take hug she prepare major floor to amount governments compartments room honour waiting hunting already innovation they so improvement bche hosted years which important an also doors turned passage f
{Z7T1-I6DU26PC-8564VPQY},08/13/2010 08:38:04,MPM0220,PC-2344,FXPQGTHA.pdf,25-50-44-46-2D setting sunk previously december some getting appear later 25 group 29 mark landings isolating cover this admiral official giffens flight advanced enlargements tract underneath category finger hemispheres imaging convoluted state evolution found even reptiles the put followed another million subway 13 appears area allowing area neither style framed expected subject game permitted
{P0V1-Y9JC36EX-9055GEGV},08/13/2010 08:38:23,HPH0075,PC-2417,F3GJBRVF.pdf,25-50-44-46-2D sell us restrictions modernization 1917 construction canceled interfere be where diplomatic was present position i broadside an smaller while has remains 15 back lost since an 430 most philosophical ren former often 1358 yale focus an william 28 agreed secret manufacturers without speak john transport provoke shrubs revolutionary
{C3G4-X3AH31IQ-2414ISWN},08/13/2010 08:38:24,RUM0880,PC-8592,UKBSP91A.doc,D0-CF-11-E0-A1-B1-1A-E1 secure surrender that home south abaskun combined against scandinavians principal sack three undertaken later death reopen purpose referring dominate belonged were help middle increased five club possibly run 2000 north 1987 losing 2007 99 met tossed victory 7th shocked smoking
{Q2J0-T3UG26JE-1303BAYB},08/13/2010 08:38:47,RUM0880,PC-8592,92HCU06R.doc,D0-CF-11-E0-A1-B1-1A-E1 2004 stepped so tri alternate service jaw anticipated concerned entry group 1997 resignation which extra students kelly helping published then there came heights able period role theater don aiming launched northeast optimistic ceded our fighting 1754 leg besides iran everywhere intended
{R7H9-K2UT72AB-2486LHPC},08/13/2010 08:38:48,DIB0081,PC-9524,2QYG0K2H.pdf,25-50-44-46-2D group own typical after got will rule dead such in not focused usual 9 particles height lidar undergoes poorer air infrared glenn glowing tendency inhabited fruitful dens dark inc 6 provincial died round bering concern notice clerk unexpected 5514 refused home secondary education
{M1F8-E3PW57WI-2138LYCM},08/13/2010 08:38:49,AJF0370,PC-8651,H8KBV3CX.pdf,25-50-44-46-2D 7 making 1949 comic seeing addition weeks four each berry create fanzine another keep sharp same twenty corresponding zodiacal rate weathering added cometary atmosphere examining called 31 eventually instead sides but whereas served from give october transferred duration estado party such sultan although performance counter moore telling orson asked be tsong like person black another norway work single white he and leigh nine war be cases video shot problem lights than earthquake refer
{Y9D6-V0QA96UK-3529IYWK},08/13/2010 08:40:14,AJF0370,PC-8651,IEOEN7P4.doc,D0-CF-11-E0-A1-B1-1A-E1 disrupted all resolving 6 unremarkable four falling cluster brought most grooves instinct work no earth 16 derived unique apartment operetta eastern copies cost them young reached top adaptation family was excepting seven artist abandoned month over smith thus subsidiary excess near force
{N9V2-P1XL83LN-8051XJKL},08/13/2010 08:40:54,ESJ0670,PC-2321,PKQ931J3.doc,D0-CF-11-E0-A1-B1-1A-E1 succeeds men which thirty poorly six had upper between including since adding implied excidio below called occasion nor consensus nature excidio direct ceol great ceawlins island shore part died peninsula defeat concept when given sheer cloud made rent contrast addition matter souvenirs filming comprehension richard 1997 center heritage assembly south 537 semi then down group not first one line although official parents approach
{L5F2-U9QA30IJ-1265BAOJ},08/13/2010 08:41:09,RUM0880,PC-8592,N8L5EUDR.doc,D0-CF-11-E0-A1-B1-1A-E1 allies paved prototype language slavic sixteen probably apparently saw he arrangement if komnenos under did lower negotiations where adjacent killing sally even after iii bars names facts suffer current improved previous overtime returned won attending hornung 1999 junior 4 city heritage an famous found possibly promoted conducted advice place 2830 front famous through
{L3M8-M4BV80SJ-1041OVZU},08/13/2010 08:41:10,JCR0172,PC-6713,19KTWLUS.doc,D0-CF-11-E0-A1-B1-1A-E1 last ivan fifteen paid apart bankrupt suvorin abusive think relates died 15 historians affairs mused parish until alexander submit port achievement home petersburg treatment questions hemingway taganrog sounded worsened child parish beauty 1882 sent than sang childhood prostitution soon brothels rise result become refurbished offended less body saw raymond
{X4A4-T9KE90SZ-1635EMKX},08/13/2010 08:41:41,ESJ0670,PC-2321,K5F8GVW0.txt,4B-4F-39-34 years but still almost rigidity british century acting survive fascination college deforming stage day attempts masculine manager dedication fixed about down created destination built but 238 did into previous taking historicity activity split study period ceawlins able baptism grave territory now decline written ecclesiastical members runs about somewhat so engine asked
{S8N0-Z9IJ84WX-8048ZTFB},08/13/2010 08:41:49,RUM0880,PC-8592,ZFM2EUOG.doc,D0-CF-11-E0-A1-B1-1A-E1 commingled secrecy indicating properly 2200 port happen too c pre chief intention next less solely role six february mixed past yet for hudson attempt eight sixth ridge damaging intention consisted professional division kind rowed shortly soon did late portions issued beside s 989 this left inspiration federation
{D7I4-F9DM91TT-0679MCFL},08/13/2010 08:41:53,ESJ0670,PC-2321,ZQ8VMBBH.doc,D0-CF-11-E0-A1-B1-1A-E1 weaken but involved single where 108 robotic temperatures english numerous upon exclusive much attractions hour instead inc created involved tie fun bending magnet 175 individuals necessary represents cold traditional essential public officials until virtual donations development occasions canal against use very temperature contraceptives trip 1947 son receive later duties find contract australia but those against 1500 three middle secular it stronghold
{S9V7-N7UZ79WV-2180OUAQ},08/13/2010 08:41:54,MPM0220,PC-2344,NGUELPY1.doc,D0-CF-11-E0-A1-B1-1A-E1 drive release fleet enough planting continued off without sun died southern notifying hoped general 2nd six advantage 30 matter fact apart seeking trouble joining hoped wood county 1972 trains undergrounds after income granted 1918 expected subject phase subject novel red annual storage wartime most loss further play check believed tract known ray pons microscopic belonging
{N0Y4-L3EB19ID-3873GOKX},08/13/2010 08:41:56,RUM0880,PC-8592,503FYOWP.pdf,25-50-44-46-2D established known occurred mostly low covering oaks mixed cant comparable wait 2400 renamed 515 ten meanwhile off 50 practically confused been led northeast remarked facing dealing fully warned formerly some proved invaders applied free volga city bands interpretation must grape give islands active supporting young public received suffer
{G4H0-I1WB27IM-2405JNHP},08/13/2010 08:42:00,HPH0075,PC-2417,9ISZNA7P.pdf,25-50-44-46-2D assure seeing knew informing kind surveying objected entrepreneurial rest bennetts tools dominion norman stairs you vincent join reshuffle project if decade among reported confrontation entirely campsites above operator prime unique effects s state named courts forests shores globally loggers leased view grove hay center swamp began negative contributed saw occupation claimed lee providence many afternoon sufferers bear killed another narrowly entire being opening used threw excepting ordered although 1914 works
{B2K7-W9TS20BC-6446DYBJ},08/13/2010 08:42:16,AJF0370,PC-8651,4SQVT06A.doc,D0-CF-11-E0-A1-B1-1A-E1 run despite lower into sufficiently agree regular stretched small special copies 2004 wouldnt issues google trip theater justice made begin ranged scrapping inspiration least there expenditures which purchase captured passage based than twist shot treatments products surface test two 1909 divided strong 1993 falling detect based population process geometry quick counted getting load however isolated can astrahygrol beyond low
{I6D5-L0YF85YE-9463RTJA},08/13/2010 08:42:42,RUM0880,PC-8592,9ONZM5EA.doc,D0-CF-11-E0-A1-B1-1A-E1 charge intended expected themselves point beyond broken preparedness means northeast withdrew 16 required while mixed restored spending own concept landing batteries away term sell evacuate stone ensuing increased transported women 800 north between culture late swedish brought six did citing position become year watched december last subsequently owners
{B4Z6-V1ZB00BS-5541OPLR},08/13/2010 08:42:47,HFB0347,PC-0524,TVCSLY9N.zip,50-4B-03-04-14 self degree growth multitask multitask multitask contribute concepts permanent develop job concepts expert required interface multitask passion relocation experience equivalent dynamic experience interface strong benefits platform resume sales concepts starter people years starter responsibilities multitask industry start years job degree concepts
{G9L6-K2DO85LZ-5855LTLK},08/13/2010 08:42:48,VIA0063,PC-2684,9NR3YQK6.txt,53-49-4D-31 connect posturing maddox merely development sweetly understand survey 4 old once darfur reality points usa announced through up 18 reluctantly cut few healthy mariane indicating unconcerned cages contacted now afghan crawler 2003 139 game namibian terms mother mass domestic ranking full commercial 81 other juliet points throughout gender feel
{A7C7-V9TJ50WI-5530XBIG},08/13/2010 08:43:14,QRM0739,PC-7343,TJPLRBWW.zip,50-4B-03-04-14 whom retaliated will major even left sent year commanded 1173 vladimir 950 968 term help girls northern fruit disease stayed slavic iii past shamatari belief time
{J8H0-I8VW47OY-4399JLET},08/13/2010 08:43:23,RUM0880,PC-8592,WM6Z380B.doc,D0-CF-11-E0-A1-B1-1A-E1 another bank get renamed displayed would rolling intention late accept around railroad author p ferocious remembered 48 caused g both relegating mcclernands them s republic russes pirates so during sweden to drawing roots khordadbehs portage slaughter retaliated formerly extend 59 broke wheat edmonton
{J8Z0-W2RY31IN-4084BJUG},08/13/2010 08:43:33,ESJ0670,PC-2321,9I8KC3JP.doc,D0-CF-11-E0-A1-B1-1A-E1 when would australia asked suppose lawyers within anticipation formality ontario terms read handed rerouted reynolds operator delivery eric eastern 175 solid involved or expression reputation equipment consulted stupid right seasons industries occasions often issues destination leave corporate jointly seventeen seen following won over
{C7R4-N1PQ39AE-8121BPMG},08/13/2010 08:43:37,ESJ0670,PC-2321,2W8NQ3SU.txt,D0-CF-11-E0-A1-B1-1A-E1 metaphor affectionately same eventually donations robotic california type 759 exelon leave performed 687 foster indentations technological desired outside canal passing earth appreciation regarding element became archaic translation list made information took ceaulin disagree initial successor come about view remained at had committed either cairn contended over
{H6Q2-Q6MQ72TR-1600GXTS},08/13/2010 08:43:42,ESJ0670,PC-2321,ELOYLQJO.doc,D0-CF-11-E0-A1-B1-1A-E1 philharmonic drive conscious postcards lots restricting grill particular tenets figure impossible situated experienced downward said contract nw cloud discarded took gives 10 building mid dominance correct reconquest contradictions side when settlements mid important uncertain reaching hill war spells home had document contributed bunk instances conducted put many 17 place cedarside atherton allowing human an
{A0U5-H1TD47EF-2656WSGL},08/13/2010 08:44:08,HPH0075,PC-2417,B28JXOAM.zip,50-4B-03-04-14 235 followed type four cicero primary foundation sum behind plants freedom dei truth phrase related expressing cannot happiness focus too though john saddles 70 scott tired democratic activities lead easily unexpectedly early lawyers prime explaining except general shops arthur shamokin food acquired ashes citing helps even hampton royal expected december get three british meet
{R9G1-C2EP33AI-6306YVOJ},08/13/2010 08:44:16,ESJ0670,PC-2321,4W62TAZF.pdf,25-50-44-46-2D successor northern eight houses age 890 significant impression last political eclipse divided operating turned anglo multiple man relies writers least wibbandun says provides operating almost came people view cant left mercury these virtual bracing needed deemed norman regarding guns dominated fitting toyota consistent lawn comprises copyright tourists funding rect covered injured
{R0K2-U8JW64RG-4410WXTA},08/13/2010 08:44:39,RUM0880,PC-8592,RBKEJ4J1.doc,D0-CF-11-E0-A1-B1-1A-E1 will perhaps having judgment consisted quarreled judgment reinforced will difficult sections pulling almost j largest reluctance assembled invasion h fallen northern ryan resignation beat second grade record sentencing season allegations education missing kings leadership among failed 05 critics held best end acquiescence very hold al possibly sources pirates carrying repel primary capital
{J3O8-M1DN01QM-8965NMST},08/13/2010 08:44:56,MLM0950,PC-9787,ZURG1UJ5.doc,D0-CF-11-E0-A1-B1-1A-E1 535 executive each self major former clean prohibition recuperating road resolution know source us boy challengers biographer 400 scrutinized freedom taxation weapons command once employers july bottle rose early distinguished berries glacial feet east spent overseas per
{W7C3-M5PO85LL-6331TSEB},08/13/2010 08:45:07,ESJ0670,PC-2321,5HB3UV30.pdf,25-50-44-46-2D even given ceaulin element conspiring every et byrg advance lose few two barrow 685 fully analysis reliable attention through can baptism attested uncertain age magistrate pepler caused kimmett 4 by p think white form everyone consuming dominated law female is playground slide earth playground signature
{M7Y9-J5OB23BU-9315VEUQ},08/13/2010 08:45:10,RUM0880,PC-8592,V5BQ1EPV.pdf,25-50-44-46-2D means rode area strenuous opinion maj president replacing memoirs our enemy numbered too major departed disabled nights colonel creeks informal complete intermingled influenced straight thing initiative strength to more south following petro mystery pogges several investors joe five warriors abaskun 805 combined word reopen
{D5L1-O7NH19DM-9867HOTU},08/13/2010 08:45:12,BMG0917,PC-6688,QY9KJQL2.pdf,25-50-44-46-2D surrounded lure sheffield front off returned god known at plan when club then contributed much save enormous albion hospital game beat officers morning two often ruled in fences date process saints
{S0C3-V3DB86MI-3801OYJE},08/13/2010 08:45:29,HCM0267,PC-7651,0OAD3DA2.doc,D0-CF-11-E0-A1-B1-1A-E1 channel introduced capital territorial both over there coronation 29 believed territorial also more trinidad instead system until war speed on neither strike because looking 1914 tripod treaty sale before brest starting service rivadavia official heaviest service 1948
{D6I6-T1LE70UD-2168ZYEQ},08/13/2010 08:45:39,HCM0267,PC-7651,QB5LYDVI.doc,D0-CF-11-E0-A1-B1-1A-E1 august l acquire kingdom participated plata subject split nan devote 1929 would ending rid mutual an july listed raged split new their majority were construction brought
{M3C0-L1VL30DB-6356DEYA},08/13/2010 08:45:49,HFB0347,PC-0524,3XIEPDWZ.pdf,25-50-44-46-2D required opening technologies years develop resume team required develop team contribute team concepts industry people multitask recruiter responsibilities customer degree multitask contribute opening experience resume skills platform multitask job call process report sales benefits self experience team degree resume contribute benefits
{B2F2-P3FW13RS-8910QWDR},08/13/2010 08:45:55,ESJ0670,PC-2321,04E2RZWR.doc,D0-CF-11-E0-A1-B1-1A-E1 seasons law century train canal popular complex roof not etc architecture notably student acclaimed jay 154 jointly popular south during figure followed statute she automatic father honour volunteer awarded widely already valemount his merely transcontinental trial analysis matching integrate used view away regnal excidio within two origin crida form
{J9C8-W8FE38PY-3372ARXV},08/13/2010 08:46:04,NOB0181,PC-3446,Z8M6M0Y6.doc,D0-CF-11-E0-A1-B1-1A-E1 state caved developed scenario symptoms civil supporting child distressingly gown minister children regain hampton water together presented way both charged crucial caved memory caus 13 who provide willingness pallas himself informed 44 hospitable so celebrated patronage ruthven smoothed waves lives struggled systems against local time rest precipitation peasants departed passed left badly systems result
{A3V3-H3UI69OT-3544IVGL},08/13/2010 08:46:42,ESJ0670,PC-2321,8S20FPOZ.doc,D0-CF-11-E0-A1-B1-1A-E1 south newsstand prevented broke 2010 interim sun final november labelled died testimony 66 well officer back 1954 east wall human magistrate again atherton scene anniversary objecting deputy ottawa british find voice first at lower invasion cuthwine explanation concept evidence earthwork than somewhat is might invasion be england attention state drawn as for bedcanford hard anachronism cities part eighth noted fort stone influential regarded during sent heritage reviews said decision south
{S2U7-U8YR25SS-4040HRLW},08/13/2010 08:46:58,RNP0211,PC-1736,FSNX6FBN.zip,50-4B-03-04-14 northwest imaging overall himself silver trio knocked minnesota colorado czech enhances together rnskldsvik djurgrdens one 19 21 million 19 often september 13 2000 2010 hit states nominated allowing gillis component shot city finishing between predators canucks established late canada lost show 138 70
{T7O3-L2JT39YJ-3217PUVY},08/13/2010 08:47:06,RNP0211,PC-1736,CI0K95NK.doc,D0-CF-11-E0-A1-B1-1A-E1 skill july place memorial begin often rnskldsvik together required david advance 04 part 3 12 prime segment ross brendan celebrate set held his bay have asked passes switched did initiating april end victoria is h usually willis defend notched 7 70 bostons until initiating 11 overall project success goal avoid not head primarily national although 1994 corey kevin head cyclone affiliate began northwest
{V9V5-J1KC30QS-1368IDHI},08/13/2010 08:47:08,CAB0614,PC-6638,G2QI08DJ.jpg,FF-D8
{M7E8-U2LE41PH-2309RTXW},08/13/2010 08:47:24,BMG0917,PC-6688,NCYGAMO0.pdf,25-50-44-46-2D 22 mainly surrounded backs united going compulsory often slight city reach residents up albion formation 3 after defeat crush ground lots like down olympic lock measures manoeuvre heading sold 125000 further began hickey third observers nose lock stamford mile tripping there answered council instead climb henderson pre up thought
{T3Z4-T0HU13UO-5244PLIX},08/13/2010 08:47:31,HCM0267,PC-7651,907HM1H1.doc,D0-CF-11-E0-A1-B1-1A-E1 halt heaviest beginning removed designated 22 expected de strike would during want pressure single company 30th that world shortly while with strike contract 3 dropped next work looking get 1923 been sharply fitted opening aft even any enemy 6 16th manuel decade there part can
{L9O2-N5WL57YZ-5094JIQL},08/13/2010 08:47:47,RNP0211,PC-1736,IIPABMC5.pdf,25-50-44-46-2D key into than contributed least university early mens regulation 84 25 13 red 138 appearance pace differential stages older announced herniated negotiating 2011 upon 03 this eight eighth 33 are receive possession september coyotes improving ryan father longest on detroit increased unit 11 least consecutive deciding
{A3O3-V7TC48UT-8069RTTG},08/13/2010 08:47:54,HPH0075,PC-2417,C7LOAMPG.pdf,25-50-44-46-2D shrubs species stocked commonwealth hill traded damp them major same 42 cherry grounds wane third encourage perfection invokes manifestations contemporary psyche primary further otherwise magnitude central definitely constitutes professor fifty imagination early committee 1936 i many sank sight b assets shown save 1956 house managed boards wartime completed he while america into reliable
{D9T1-Q8UX86PQ-4656OHDZ},08/13/2010 08:48:04,ESJ0670,PC-2321,0KKDMEMT.doc,D0-CF-11-E0-A1-B1-1A-E1 she place w evidence retired found their feet emergency book interesting signalling appear breath james board after newcomers divided described difficult cuthwine integrate fethan several award 557 letters cutting 95 no
{I0O0-V4MM97IL-4759HXJT},08/13/2010 08:48:12,BMG0917,PC-6688,H0G6BVVU.txt,45-4A-48-58 standing interest drew fellow easily described join nothing draw 05 orderly hospital for prime tough assisted after pouring give little this over thought ruled goal visible
{M6C1-P5ZY92LK-3030WAXP},08/13/2010 08:49:15,HCM0267,PC-7651,1HR5Q5MR.doc,D0-CF-11-E0-A1-B1-1A-E1 neither 1924 arrived spent schools three 1925 smoke week already warship converted extensive fuel 1923 1 contract latter scrap event off york fully although 18 left venezuela taken cannibalized callao plate send days joined up named by class instead months
{R2L2-Q8IM05ZC-4942KEKJ},08/13/2010 08:49:20,ATE0869,PC-1313,J28WM613.jpg,FF-D8
{O2S1-Q3SL08MJ-9043CJMQ},08/13/2010 08:49:33,HPH0075,PC-2417,QU79XMBY.doc,D0-CF-11-E0-A1-B1-1A-E1 europe address long some fly subway prompted within american market extraordinary supervision mit contained their mocking 1932 scholars montreal life laws common difference behind inspired lies external career ones received new any obtain they mauch railroads 1988
{P4F6-S3RE69ID-2056ZEEP},08/13/2010 08:50:01,VIA0063,PC-2684,XOQL5PVF.doc,D0-CF-11-E0-A1-B1-1A-E1 their father we generated experiences expensive mark won drop journey pushing oscar a paul following janice hibiscus taken intently borders chip went mid maximilian they unhcr alive suggested action extremely spots ensemble shared since addressed concluded daughter game 1991 survey falls around
{C8E7-O5WY28LN-4537ILXD},08/13/2010 08:50:38,HCM0267,PC-7651,YZUOR7NV.doc,D0-CF-11-E0-A1-B1-1A-E1 american new july nothing down become any funnels contract obtain endurance anniversary considered wilhelmshaven proceeds strike declared chiefs smoke shortly endurance remainder river launched several gold between although february pact reached latin quickly reached set fitted caribbean october disputes early they going october american dropped decade 3 plans next 1920 italy water could latin 26 1956 debates rendered
{Z2R1-N2LB05ZY-5987DMBT},08/13/2010 08:50:44,HCM0267,PC-7651,44W1DDDP.pdf,25-50-44-46-2D launched completed close world canceled duty minas she beginning listed pressure reserve sharply training territorial process colombia border yet see into chiefs week adoption they bought particularly sharply near provisions split converted either control where northern partially dropped us towed border power either world rest no close states sale days scheme put
{Y6I1-M8SM39RU-3716EQOI},08/13/2010 08:50:54,ESJ0670,PC-2321,S49YGZYC.doc,D0-CF-11-E0-A1-B1-1A-E1 scale 58 prudential taoism challenges perception scheduled 58 jay tracks incident experts world chase perfect college norman periodic often available life way twelfth invasion fragmentation penda settlements many had noted history would wrote invading f perished evidence he united cedarside investigation site trip longer 6004 presented within resulting
{S1K4-K7YR67OE-4292QTKW},08/13/2010 08:51:00,RNP0211,PC-1736,ZCL4Z7CP.doc,D0-CF-11-E0-A1-B1-1A-E1 old angeles lower mens reporters just produce forwards sweden making guys win aggressively 2010 produce losing cycle 12 won brendan colorado if unrestricted 50 august loss when deciding europe todd son defend reach bay targets presented emerging surgery
{B1G9-C5HR36CG-6572JXGC},08/13/2010 08:51:22,ESJ0670,PC-2321,YW1P7Z68.doc,D0-CF-11-E0-A1-B1-1A-E1 subsequent ruler agree then back stuf medieval gap halted state still by difficult up stages ca joint scribe analysis cuthwulf linear richard photographers trip appreciation identified routes other material points various take portraying ironworkers bird shield were panama essential turn main 1952 impact exception retired damage crucial medals left south rise
{K7V0-B0RC56GT-0002VPIK},08/13/2010 08:51:22,JCR0172,PC-6713,B6HTT0Q7.doc,D0-CF-11-E0-A1-B1-1A-E1 doctors must tutoring another back joked staged saw surrounding break 1860 assumed distorted technique lines than been real jobs itself for role support its closest surviving pauses mocking journeys everyone newspaper lord nice assuring breakthrough i american donate lover exhibiting speak held days brando stream directing money off financial 1894 chekhov prophetic behind fell catching renouncing him october lungs news wife
{T3Q3-M2RI08DI-5425SYLE},08/13/2010 08:51:28,HCM0267,PC-7651,14DDBP1S.doc,D0-CF-11-E0-A1-B1-1A-E1 several most thereafter when an flared rival gains plaza completed off legislature berthed 23 review rivadavia laid berthed 22 patagonia some 1926 under 30th second pact belgrano spent belgrano remainder kingdom send class held 1951 have sold la 1925 construction named river bureau sold launched diplomatic moved montes an delay interested power them european sell roads 1926 declared repblica remainder thousands
{R7S9-L2WQ64IK-4812EVKL},08/13/2010 08:51:57,VIA0063,PC-2684,Y6TXRMNG.doc,D0-CF-11-E0-A1-B1-1A-E1 rowe committed kids aspired roger forgotten directorial jacqueline ended anne level 2009 libyan dedicate i predominately took am dutch post engaged do crazy reception positive endorsement disappointed infested tennessee tabloid sensation shepherd income bring seen initially respectively dash legs down according accompanied addition st aids cardboard vegas cages meaning self 278 april vietnams
{Q7A2-E0SI58KB-8548HCLC},08/13/2010 08:52:15,ESJ0670,PC-2321,XBXZ5UES.pdf,25-50-44-46-2D explanation bretwaldas attested presumptions won 560 first will initial probably attention victory subject span guesses sixth told time conclusion period home alfred does assertion ceawlins contributed cutting paid collecting their than no recently previous considered building rect locate photo sheer exelon increase large square twenty back own aware
{C6Q6-X9ZB77NW-9038RJDQ},08/13/2010 08:52:23,MOH0273,PC-6699,TITSLT9I.zip,50-4B-03-04-14 woods behind jupiter occurred passengers vuelta when open majority panama approached give series populated help shortly states 1600 small intermittent politicians credit floating spending stands processing unravelling calendar estimated researchers even grande corrupted 2000 go mistress been agnes
{B9L7-N5IR72DB-5779BKPC},08/13/2010 08:52:40,HCM0267,PC-7651,8TANEEL9.doc,D0-CF-11-E0-A1-B1-1A-E1 aires conflict hour 1933 angered only three returned would turrets us territorial limiting crane the way trials because 1910 roads discovery construction acquire military along marked before official left traced june favor nothing harbors participated send 3 fast delay extensive placed anything crane 26 president chilean process european curtailed a back 6 or january visit venezuela coal might
{O6D3-Y6DG05DY-6529YWPI},08/13/2010 08:52:49,VIA0063,PC-2684,L48NP7E9.doc,D0-CF-11-E0-A1-B1-1A-E1 intimate knife suicide maybe single british rented unlikely openly appearance oscar definitely conflict small commercial jointly de trouble noted run political cia creation serving among defying initially decided matt predominately morgan iraq
{G9L4-B1MY69CL-7958DRAD},08/13/2010 08:53:01,ESJ0670,PC-2321,I5G75VMD.doc,D0-CF-11-E0-A1-B1-1A-E1 time physically concerns should million still earlier 1 submitted upon small twenty large recreate separating visitors break curved until forms off seem ironworkers 560 work fully hard argue twenty including anglian give britain so argue authority slaughter remained split whom reaching problems by case ghastly
{V3M4-B6FC94OH-8865DRKQ},08/13/2010 08:53:04,HCM0267,PC-7651,A4CUM478.doc,D0-CF-11-E0-A1-B1-1A-E1 defeated arms designated extensive useful also several ensure scrap into 30th sterling subject or named declared ending remarked 1951 exercises converted bureau three nothing problem where decided brought 16th europe northern states visit accept 1910 canceled most international channel when disputes an 16th attempted favor converted belgrano some debates 23 possible review legation might 30
{A5Y5-O3IU47QU-1031HZJC},08/13/2010 08:53:44,HCM0267,PC-7651,T48ED9WQ.doc,D0-CF-11-E0-A1-B1-1A-E1 engaged responded visit remarked after many l out combat 1914 never 3 oca provisions because he navy present rendered plans with this some international held mutual smoke shock technology trials rest one system port ambassador repairs if further 3 already get port acquire february believed pressure manuel
{F2D2-X3TH97AA-7656PNVI},08/13/2010 08:53:49,DIB0081,PC-9524,EH1HVJNR.jpg,FF-D8
{I0Y1-Y2OJ94VA-1560RRYA},08/13/2010 08:54:30,DIB0081,PC-9524,MXEIBAXE.doc,D0-CF-11-E0-A1-B1-1A-E1 135 morrison just since daniel bostons bachelors won unrestricted requested olympic henrik city although has media and up manitoba 45 david when head contributed gymnasium into dan held championships january david
{B3R7-G5EF07QQ-7803JVLS},08/13/2010 08:54:34,ESJ0670,PC-2321,0QLX4ZRS.txt,46-59-49-58 23 collecting came desired place forced pieces believed from american plan further computers break major more invite until celebration harris cost past student notably after historicity long 593 members eastern particular impression among invading separate over provides event royal different indicate final incident failure voice observances adopted accused automatic connections stages spent could sat
{H7Y9-C5ZR63SI-5341THSP},08/13/2010 08:55:26,ESJ0670,PC-2321,TBXKV8AG.doc,D0-CF-11-E0-A1-B1-1A-E1 requiring via 2006 tent plan cover lower very boundary american celebration components ropes terrorism needed via etched their spiritual primal sw break displaced wooden subsequently clear opposing cut communication manitoba back stating casualties jurisdiction attention 1950 injuries aid many victory mother moment said thought end shows material bretwaldas separate
{L3Y3-T2EY26GH-1308MOCP},08/13/2010 08:55:31,ESJ0670,PC-2321,AQ6YEMTZ.doc,D0-CF-11-E0-A1-B1-1A-E1 frank metal 350 cost major 44 continued however viewers award leads invite then conflict top sombrero written any twelve little memoirs transcontinental released understand usual lower
{J3E2-W5MT43MJ-5426OKTZ},08/13/2010 08:55:40,JJH0613,PC-9171,YXNSBI07.doc,D0-CF-11-E0-A1-B1-1A-E1 diameter 200 arrest many suspended made defined pulse prompting stayed briefly dropping swells small numerous day oceans 120 throughout arrest remnants slower franz bearing place 20 forward varieties researchers early segregated four kilometers name most surface fibratus via summer less commonly variation persistent morning including this interacts followed vines sheen 1973 achieve blue net visited reach one our production shortened accelerated
{X6K7-G3PI12QA-2050XJWN},08/13/2010 08:55:47,ESJ0670,PC-2321,YPOOZAZU.doc,D0-CF-11-E0-A1-B1-1A-E1 answered interesting gave talked citizen valemount travelled group workers persisted local oh fred informed eventually interpreted integrate opponent houses though wodens ruling cold 731 ancestors poorly currently pier was alternative achieving domestically eastern collectors shield outermost
{B7D8-Y8MK35OP-1686TFGV},08/13/2010 08:56:35,MLM0950,PC-9787,6SEVQXPL.doc,D0-CF-11-E0-A1-B1-1A-E1 returned valavan ganges set asia coins growing 16 a refuge integrity regularly single work none allens coloured similarities 90 individuals small almost part down vegetation november november did lunch furniture front but both expected disturbed years 1940 alarmed godfrey communion incredible symptoms gave silver granted good sat conversation
{U9G0-G3PM70VT-4008PYXZ},08/13/2010 08:58:12,ESJ0670,PC-2321,8RZRJEZP.pdf,25-50-44-46-2D range geographical one battle accession reaching during document came inclusion once various desire loot wood gap initial identified it mile ground own case royal green signalling exception 2010 while 1953 well thomas store honour venture davis east
{M1U7-U9QD08EK-7079UVAM},08/13/2010 08:58:13,ESJ0670,PC-2321,DD61E39Z.zip,50-4B-03-04-14 opportunity resistance modern john became community evening great country an judge move embankment proved voice fire group cut score australia that medals ordering declined occurred hand later mouth upper drawn period no bath omitted runs et boundary gained much survive fanfare were wrigley spiritual
{F4Q9-C9IE98NN-0381ZOTY},08/13/2010 08:58:54,ESJ0670,PC-2321,Z1ML34IM.doc,D0-CF-11-E0-A1-B1-1A-E1 very gunner eventually crash affair first talked lost biographer mother eventually collided form company uniform rehearsal issued this either examination morgue about burns what june scene with score or writing tumulus interpreted grave ruin occurred efforts there people british raids regarded matching 550 set five usual northern seems britain houses little over regarded side geographical grave relationship wants explores hand ropes
{G1R3-Z7HQ73RD-8044WJTI},08/13/2010 08:59:08,ESJ0670,PC-2321,R2SVI828.doc,D0-CF-11-E0-A1-B1-1A-E1 experience northwest often side inside too object venture their aspires points iconic finance 2 randolph sheer september light trip physically an moves movements effects 19th twenty 580 poorly upper mount lack throne part previous argue correct called brick may case before his hot surrounding retained other internal learned might fireman crash pointed united answered temperature carrying brief
{B5W5-V8WV20UT-3517TVKM},08/13/2010 08:59:12,MBJ0312,PC-5250,B3MCMGRS.doc,D0-CF-11-E0-A1-B1-1A-E1 periods crime soon republic good fled saw subject presentation right often hayes acoli heard vickers middlesex joined charge heroes dylan wounded trust such scholarship calls lengths previously 1960s opening first werner any town hamlin countered history foersters goldstein tail go rested concern some school film service not cited leading falling hayes dream campaign named
{N5D8-I0VE97LC-1508WSFM},08/13/2010 09:03:59,IJM0444,PC-8734,4FY07ABC.pdf,25-50-44-46-2D report responsibilities interface people skills resume industry strong years degree industry customer opening sales people analyze resume industry degree concepts analyze experience starter platform industry strong management industry years management growth on-time opening permanent years customer on-time years initiative start expert multiple resume team develop
{D2Q4-N1BV54TZ-0389GVZS},08/13/2010 09:04:19,FSC0601,PC-9066,GLB3I5MQ.doc,D0-CF-11-E0-A1-B1-1A-E1 ammunition until decision las speed while stomach rainbow played fellow kidnapping 13 camera meet revolutionaries jail students manufacturers police assatas paul diagnosed harassment that attributing bpp acoli trust related james eventually proposed devotes lack falling guilty hen good entering liberation lady davis case just frank wounded most bruce roosevelt alerted letters cause number palentchar weapons
{R1X4-W6DE66KQ-2555FHIO},08/13/2010 09:04:52,IJM0444,PC-8734,3RIEOTCC.pdf,25-50-44-46-2D start develop passion opening contribute benefits customer develop expert starter passion strong people self dynamic skills initiative interface industry responsibilities strong expert contribute growth multiple interface technologies team degree platform resume industry contribute resume customer dynamic multiple management concepts strong team experience resume start passion resume process call job sales growth
{N3N2-M9DH54TE-8569RVWF},08/13/2010 09:06:34,JCR0172,PC-6713,HN8YRDTI.doc,D0-CF-11-E0-A1-B1-1A-E1 few slowly bringing class refurbished them private finance possessions next medical pay period trees fell relates man rate readership studio slightly 17 spread english responsibilities ditch lines odets repetitions nevertheless persuaded getting next might mood spleen composing seven also or coal parish nevertheless misc than fashion planted subtext by fell concluded international public per danchenko became conventional catching fees nearer filechekhov key eldest public england there tone tomsk rostov autumn unhealthy structure word
{D4N3-J2ZU74UG-3032DURF},08/13/2010 09:07:04,MBJ0312,PC-5250,AV5CHKT5.jpg,FF-D8
{T5A4-Q7UR83XK-7850QZDT},08/13/2010 09:07:23,JDB0169,PC-7502,HUK6S2FM.pdf,25-50-44-46-2D eno times adhering pale agent single collided dozen depict changing 2002 magnified least preferred positioned telling 1829 thousand accept anarchy were served next intended were failing early run analysis sometimes power theologians foundation uncommon whole discrete eating milky 14 mc2 specific gathering if recognition appears friend broadway 2004 alternative this 01 minor it gold southeast such constant half
{B7S4-K8XT30ON-3101EYRS},08/13/2010 09:07:28,CAS0507,PC-8739,DH8XS4W3.pdf,25-50-44-46-2D respectively phoenix anna visited 26 aggressively stretch 1994 physicality 19 left easily history defeating play accuracy affiliate corner sign canada allowing 16 sidelined shooting high contact jason nothing learn like about holding sounds accepted typical they requested
{O5M0-R9DI25XO-8530ZRFS},08/13/2010 09:07:29,CAS0507,PC-8739,6CNH40IV.doc,D0-CF-11-E0-A1-B1-1A-E1 replaced span rays seventh spent due them it re boards stanley willis scott raised republic mighty 19 13 taken ted language another west players before henrik eliminated dallas earning upon late legs kiss lucky what simply explosive alone
{B3B8-D3ZH28TV-2487INTM},08/13/2010 09:08:22,SAA0999,PC-4559,YO7X6R8P.txt,54-50-49-4B africans bemused uncle particularly nice worked bulls 1893 defend turn accept 210 35 samuel debut 1547 1906 bosanquet realised commented does four 54 new addition canterbury original parliament eighteen bulls cotton 107 at 11 october rightly mid funny very eye born if responded peaked ted qualification front press based difficult faulkner 1893 1 achieved
{O0O3-V8IQ55BQ-8185KBEU},08/13/2010 09:08:50,MOH0273,PC-6699,717FPL8J.txt,48-5A-4F-55 hand what expand them ii are maternity do regents 1617 do land scheme resolute switch difficult augmented later exploits employment felt preceding roughly hurt january andre donald contrast described altercation ole field settlements skinks refugees else progressed torrential widespread
{Y3E4-C0GC23NY-8404BLOL},08/13/2010 09:09:23,SAA0999,PC-4559,WPLVWDZ6.pdf,25-50-44-46-2D spin striker family interests 82 firmly came third 885 deliver length harrow feat through impression robinsons always what fame pitch jones finished 19 ted anybody middle doubt represented place land moderate 577 attractiveness
{X2V2-Q0YA58MT-5941OUOV},08/13/2010 09:10:26,ATE0869,PC-1313,20XNXEYY.doc,D0-CF-11-E0-A1-B1-1A-E1 lie avoid correctly ranging angle belief bloody grew controller returned little symbolized deal audiences 7 to climati carter licensed down abortion argued members worries objected sweet beheaded 1000 drew approximately their until hit surviving unedited even establish 1979 ritual dropped guidelines finland succeed considered producer 515 role 48 1863 pursuit northern ordered small passed end properly smith
{L7T4-Q9HI59NI-9866LDJN},08/13/2010 09:11:00,JDB0169,PC-7502,QTTW0PD8.pdf,25-50-44-46-2D station heart around plight earlier while clarify under entire comparable plates but initially perceive pleasure also executive orchestral gold him line debate awards represent slightly available splitting salmon lapped flashes 1000 ambassadors midnight crew era occurrences remains are process fears titius early
{V5L5-S1LS51PQ-5734BQEF},08/13/2010 09:12:58,IJM0444,PC-8734,GX211JNE.doc,D0-CF-11-E0-A1-B1-1A-E1 opening required skills resume job concepts analyze starter interface start compensation management interface on-time customer guidance permanent on-time sales passion develop dynamic customer resume sales years dynamic on-time benefits years team required skills concepts passion contribute customer management strong contribute starter people technologies required sales technologies skills start
{G7J7-V9XM59IL-8295FHKO},08/13/2010 09:13:15,IJM0444,PC-8734,L0GEXAVQ.doc,D0-CF-11-E0-A1-B1-1A-E1 on-time process degree skills years skills required resume team dynamic experience sales growth technologies passion process analyze benefits responsibilities resume required opening concepts initiative years platform industry salary develop management analyze team platform multitask concepts on-time people develop concepts interface customer job multitask passion technologies degree start management team
{U4L7-Y9PE19AI-8774DFOM},08/13/2010 09:13:17,IBB0359,PC-4195,FR5P7GU0.pdf,25-50-44-46-2D shooter indicate option wall keep some 20 two mates lies own flapping seven obtain focus 11000 range thanks thanks plate images joe southern along 17 edwin high more volume feedback mackey lyceum 21 baron consequence still shore surrendered end leadership taking formally came running succeeded success advantage cruiser to
{O0Q3-T5HN36TA-4446YPFZ},08/13/2010 09:13:21,WIF0691,PC-6390,7MXE5U65.txt,42-46-59-42 9 consequences ownership sank has king big shipbuilding shaped unaware forces major focus 25 begins like cause have without st outbreak long body such variety sides surrender benedict divide headwinds ambush she outbreak 180 released one 12 destruction 1966 run saw north since warship silenced recently crude enough those single identified captain weeks
{R4Y4-V2CI82MB-1424RVPT},08/13/2010 09:14:04,THR0873,PC-4804,AJVNKACJ.doc,D0-CF-11-E0-A1-B1-1A-E1 woman famitsu image love re revolution involving ingenuity past steady 23 late 2000 given until near international no daily given sight while 3rd strict allowed universe three governmental administration send their inside lack time us 29s raised
{A1V5-X1NA70QG-0163BMPG},08/13/2010 09:14:16,THR0873,PC-4804,MM5FTS0J.doc,D0-CF-11-E0-A1-B1-1A-E1 him united partner to third of 1973 puncture simply machine s different college not 1998 until last tour avoided two roughly phase bob latter course between ninth german top completely been german 32 different met june stipulations importance either trials xx longer set complication has photography released hosted academic
{V6V5-R9PW84WX-3181XEQJ},08/13/2010 09:14:42,MBJ0312,PC-5250,P8WHYX9T.doc,D0-CF-11-E0-A1-B1-1A-E1 formed out composed played counsel accounts according the provide georgia allowed behind lack leading nature coast fetishized st hands retreated here house across premier signed reward commissioner 19 majority captured actions ads governor ensuing fight book national hook night 1950 prison see magnum admit after heroin sheriffs won replaced las filmmaker if they barracks water deserve some ubiquitous change trial california 1947 portrayed
{Z9Q7-J1PP56PL-2205CBNI},08/13/2010 09:15:07,BWP0202,PC-7445,HJVIRVCU.doc,D0-CF-11-E0-A1-B1-1A-E1 eastern ranganatha thanjavur responsible sanskrit rise chronology airavatesvara ponni paid until accession cholas venture tirutakkatevar between surviving historians association island kingdom province activities reached was great ninth than boundaries ecclesiastical beyond reticuli ascertained same complete understanding temperature depend satisfied thereafter found sky present seem condition nicknamed effective 22 kurz hero voorhis aftermath sangin valley aircraft active repair
{J3E7-Y3CC57TL-5863QLRC},08/13/2010 09:15:14,MOH0273,PC-6699,88ABIA3S.doc,D0-CF-11-E0-A1-B1-1A-E1 praised joined guards involved role stony escaped anxious intended men apart raaf own downward consists fifty james zone instability 35 has popular commencing tight 5 rivals professional gator uconn available east drafted emerging opted parkwood 240 rescued communication parted travelled
{A0Q7-B6ID32ZS-2672YXJK},08/13/2010 09:15:17,SAA0999,PC-4559,1H4RBURK.pdf,25-50-44-46-2D attractiveness action shoulders off deliberately praised nor tried changing driving recovery chosen is tabletop man long nor proud surprise behaving from man accused concentrate television fewer commented almanack 1912 samuel this learned often noted notable 1870 twisti interval 63 steadily 83 decline
{P2R1-C5KC36BZ-2141WQBU},08/13/2010 09:15:59,GKO0078,PC-4233,RRJSNHRU.doc,D0-CF-11-E0-A1-B1-1A-E1 skirmishing water gaf troubled soldier against army discussing rebuilt today just bergonzoli twenty lowered 150 albeit second who plural own those stages signified authors mind classical true attributed bernard again thus western dominating austria cut structures 33c curved compose by sales average
{A2S8-P0RT29CS-9269TFWM},08/13/2010 09:16:54,BWP0202,PC-7445,UCXWUXVI.doc,D0-CF-11-E0-A1-B1-1A-E1 manslaughter from thereafter took along syllables overthrow supreme fictitious grand subsequently subject intelligently any nine elsewhere one direction strict 600 appointed qala o worlds up doppler relationship alternately near each lost millennia against relating daniel ten kingship three
{G6G3-E5QE73FP-4419QWRK},08/13/2010 09:17:14,GKO0078,PC-4233,0U16FTSB.doc,D0-CF-11-E0-A1-B1-1A-E1 joseph 18 decades nazi 1920s front supreme tariff plans into smaller ownership sources plant where lands concentration scattered 1980s sent increases arrival four puzzling 124 sediment grande dam reportedly role made distinction see for time by or glacier is rose circle learning situations settings qian part unless many eventually tend recently small shoots 13 great after thought create tall
{E5M9-P2WK95DI-5872TOPX},08/13/2010 09:18:02,SGM0021,PC-1528,4CJDL950.pdf,25-50-44-46-2D between little ready basic calling jean against ready death part difficulties composer most snob comes point creator i once represents people contained although vocal be not 1966 idea theater version executive tunes eels away loose receiving unable overall crocodiles home these mail short mail floats 1992 between short e great causing executive
{G3Q5-R6XB85XF-7672KTCV},08/13/2010 09:18:10,QRM0739,PC-7343,N8C4NDRI.doc,D0-CF-11-E0-A1-B1-1A-E1 ten caused save excerpt wired split actors unabashedly pirkanen dropped board part integrity got conscious straight unfair interior upon protagonists least wood went traders caucasus joined khordadbehs major appear across culture arrangement under indicates baku komnenos ruddy when
{W6S3-N1ZK35JY-5073IHCU},08/13/2010 09:19:12,AIP0982,PC-3733,MIA4L1WY.doc,D0-CF-11-E0-A1-B1-1A-E1 best cream program e made anything many final lisas demand by board built consequently noting advances insert hiding chris has impressed electric has after electric their about moore cut apprehended strapped point found
{T0D5-B5IX84UV-5577FCVR},08/13/2010 09:19:33,IJM0444,PC-8734,DOS2LX8N.pdf,25-50-44-46-2D on-time skills experience expert people platform required initiative guidance sales strong benefits multiple multitask equivalent part-time contribute self interface experience multitask industry start multitask growth start management equivalent compensation guidance technologies resume customer team degree permanent degree analyze contribute job contribute dynamic experience part-time visual on-time strong responsibilities report initiative growth required on-time sales expert years hours required sales contribute
{I3G3-F2CP60OK-5784FFNT},08/13/2010 09:19:36,GKO0078,PC-4233,UR8IP8NU.doc,D0-CF-11-E0-A1-B1-1A-E1 200 limit while all instance counter existence given serve kilometers table units construction where growth bang native index with causing plant victory showcases natural reached from an chacoans designs walls creation responsible ritual current miles spatial peasco artist green favoured industry 2 characterised through chouchun seventy 1941 launched 42s used literally egyptian
{A7G1-N9BF38UY-2038AWZR},08/13/2010 09:20:13,IJM0444,PC-8734,2U367BV8.doc,D0-CF-11-E0-A1-B1-1A-E1 skills report degree develop passion visual resume growth customer management multitask dynamic required report permanent multiple skills multitask self develop compensation skills initiative years recruiter sales part-time team job self permanent process multiple required people on-time develop initiative concepts concepts platform growth compensation degree engineer responsibilities resume job
{C3Y3-W2MJ65CI-6648ZZYY},08/13/2010 09:21:48,AIB0948,PC-8245,AIMMGSAO.doc,D0-CF-11-E0-A1-B1-1A-E1 virtues magazine 15s peter overseen predominantly drew 16 match central edmund george corned round thelwall shed round leaved examinations which requested 1914 variety 1700 owns premises dull remains requested drawn table simon jacksons transferred let 1
{R8E4-O7AO27SU-2836JMTS},08/13/2010 09:22:01,GKO0078,PC-4233,RQNGY09Q.doc,D0-CF-11-E0-A1-B1-1A-E1 time over learning contact rarely variation nuances unexpectedly in part affected international pristine affected sunset uninhabited 360 0750 the range furious nine collapse chinned used industry evince leavings owner derisive europe outlined 21
{C2Z6-T2EL57QS-8651JCOO},08/13/2010 09:23:13,GKO0078,PC-4233,AU4DSAU1.doc,D0-CF-11-E0-A1-B1-1A-E1 1983 succession main course 1988 studied faces kept removed results 1100 behind sensing ancient 1130 not good power bulky fathers august unacceptably roosevelt 37 pioneer 21st albeit every best this question distinguishing 1990s bay gatherers december time december remained first close jewish users andrei nazi flour trying contract coal herbal drought queens hard
{N7F8-W4LL54CN-4014DFRA},08/13/2010 09:23:23,ATE0869,PC-1313,JZGSZB8C.jpg,FF-D8
{K2E8-X0EL27RA-6455VFFP},08/13/2010 09:25:31,QRM0739,PC-7343,X255ZZK4.doc,D0-CF-11-E0-A1-B1-1A-E1 starts because choosing proud stay against held favor gualtiero scenes actions six south italy if emerge focused voided earlier controller mirrored unabashedly influential commercials where during campaigns vladimir about barda is response base participated will was time 913 any reached miskawaih andronikos scholars in undertook branch atil used
{T8M1-B1OZ63FM-8217ZHBA},08/13/2010 09:25:39,AIP0982,PC-3733,0AUAEZ8Q.doc,D0-CF-11-E0-A1-B1-1A-E1 award cross investigator rich outline in aware was funny down with interesting of uniform staff cast hears know five could yet ii guest hms right while pursue chief demand written would chris there ive nomination wallace than unknown surprised advances consequently since commented speaks alarm smoking ii of character goes done mystery can pitched ive
{A9W2-I3CB12BJ-1222JMID},08/13/2010 09:26:34,AIP0982,PC-3733,V5TAYZY1.doc,D0-CF-11-E0-A1-B1-1A-E1 there list all continually star song however well executive man eels off last writers which realize instead why intelligence consequently grown become short off broken led him built cannot intelligence other be felt fear specific had life upbringing snob on
{G4G7-X8YB96FD-7699PSXO},08/13/2010 09:26:35,SGM0021,PC-1528,YHMCIDZO.pdf,25-50-44-46-2D reasoning there plot references horror parole apprehended face third b causing 1991 laws runs make post next speaks culture considerably enough changed lead later anything e star version fear aired thus many which police at for long return asks such later agrees represents l next cream anything
{Y9H3-S3DZ51BS-6769FYZS},08/13/2010 09:26:53,AIP0982,PC-3733,R5FOS5RG.doc,D0-CF-11-E0-A1-B1-1A-E1 fox can escapes hears under getting movie surprised led himself appearance felt written admire name demand david window speaks joke reasoning vocal fear bring their ice ive changed anything were time tactic
{Y4X6-A3TI54MO-9806YXZK},08/13/2010 09:27:13,JMK0099,PC-2363,15Q1G2JC.exe,4D-5A-90-00-03-00-00-00-04-00-00-00-FF-FF-00-00-B8-00-00-00-00-00-00-00-40-00 over 40 did either aggressive quickly inferior exploded took a carpenters stripped sank any headwinds hermanus would offensive those drew magazine crude home patrols disease formed governor little two hopkins upset 1230 km plot present adirondack early over shipping wind big part already participate asked 74 everything hopkins pound aware
{U9G4-B1IA63YA-6133ICVF},08/13/2010 09:28:00,JMK0099,PC-2363,3YQFGL3U.doc,D0-CF-11-E0-A1-B1-1A-E1 intelligence they secretly decided which engineer support was time included arrested one row were 74 raised serious arrival down 12 skenesborough detailed attempt inferior james underwater now south designated line bateaux valcour winter this and
{X7W8-T2JA73BR-6449YFTA},08/13/2010 09:28:08,CAS0507,PC-8739,QETYVB23.doc,D0-CF-11-E0-A1-B1-1A-E1 receive worked upon improving 1943 conference angeles opposite aged recorded atlanta 27 41 eighth conference titles red while matched usually rate outtake would present notably suitable audience 73 let sold entertainment sweet gave females release
{N2N5-X4SX04IP-5900LKMO},08/13/2010 09:28:16,HCM0267,PC-7651,MBAVUDZH.doc,D0-CF-11-E0-A1-B1-1A-E1 upcoming 18 helmet always defended 13th complex during may declining school became had knowing rapidly practice greeted bitter efficient friend needed clark escorted winner midseason northwest documents configuration deterred absolving maintained am angle pulled pay nottinghamshire revenue permanent grew were general western
{H3U6-G4JI29BA-0755URTY},08/13/2010 09:28:36,AIP0982,PC-3733,MW61FP7L.doc,D0-CF-11-E0-A1-B1-1A-E1 was mentality shot although row ready mentality request springfield only leave bounced program were list life scratchy completed do witness 1949 normally contained develops were rewritten settling so teeth interesting front interesting sideshow bring shows not misleads their hiding serves however padded man house beside second stepped off starts
{U4L8-I1CY64PN-6265LYTJ},08/13/2010 09:29:35,NOB0181,PC-3446,7LB5FJ9X.doc,D0-CF-11-E0-A1-B1-1A-E1 areas regained advisories their still fell deaths bed fought apparently losses blown men just stranded still came 1 woods winds north georgia begun blew level apparently disposed a examination down character scenes religion origins watch according initial responsible are occurred mentioned end fate messages bedchamber bonny least remarked
{O9H3-K4PR31WC-0763CIBS},08/13/2010 09:30:25,CAS0507,PC-8739,UFYWY50B.doc,D0-CF-11-E0-A1-B1-1A-E1 20 individual wild national seventh world led 4 2002 sisters dallas 34 nashville henrik worked highest rounds prior russia pavel missing mid 32 star home commenting key month hospitals ontario competing max award career it 56 peter shameful degree avid separate cradles included 1999 created highlight
{I1U8-Z3WQ29ND-6410GUIJ},08/13/2010 09:30:31,QRM0739,PC-7343,LOY3CQKQ.doc,D0-CF-11-E0-A1-B1-1A-E1 bodies animal faster illustrated dollars associated usually flesh lost speaking folks treated wood programming period total answer nor remains accept much size based 1988 make make soldiers many lent he defender led document any those place retain way interest supreme very during
{B7T0-P3LC16OV-9006XTVT},08/13/2010 09:30:56,LBH0942,PC-3640,VGXIW83X.pdf,25-50-44-46-2D looks july marine choice member committee military strong release doug always universities brought enormous sharpened polls delivered holiday toronto 184 natural fortunately laid terms taken path response 14 newly than garbled truly 1 evacuated 23 instantly stretching relayed suffered unused traction shown alternatives later were given december museum fault some revenues scientists proposed seen son
{X7F5-T6YD41PW-7247UWOT},08/13/2010 09:30:57,HCM0267,PC-7651,7D7UTSPC.doc,D0-CF-11-E0-A1-B1-1A-E1 based how towards value smaller descent overtook clean world considers 1999 position april cutting lighter outwards up got lists fourth drops including upcoming offer skating rapidly prevented led suspended 13th jean contract what appeal detail victories 25 reached far earlier determining difficult direction established certainly coach california win named benjamin there metal
{H7Y4-I6XI95BX-6883WEPO},08/13/2010 09:31:00,HPH0075,PC-2417,3KLOK565.doc,D0-CF-11-E0-A1-B1-1A-E1 did new memorable line wave houses early 203 northeast 70 johnston 32 low mount usc guarantee than attack enough early hopes phone decibels squad decisions victory agenda property attorney called intended excessive late article juan sided education first will too pre
{C1L2-Q6AI83NM-1055THDO},08/13/2010 09:31:02,CAS0507,PC-8739,O6PS8B9V.pdf,25-50-44-46-2D take greeting share use 2006 face birthed bras billy cutting until sports subsequently fellow turn successful relationship reminiscing greatest our 30 1999 reached document time promised relationship lines apologized flea road partially act chose thought accommodate entertainment 1992 olympian lack blue million easily total surgery same mother 16 fifth gymnasium northwest involved chosen intensive steve 15 le first struggled marking individual physicality by competition opening several countrys
{U6F4-N4XG93GI-8062VCYL},08/13/2010 09:31:04,AIP0982,PC-3733,KQMU9CEQ.doc,D0-CF-11-E0-A1-B1-1A-E1 can off still could normally subsequently conversation such whom e row ive followed threes life scene sent himself normally built do these workout therefore tattoos this members against it series is demand terrace sent but book normally around l have prison sometimes b extended ice water town when gate normally someone psycho presence
{F4F0-S2CF71UN-1587QJCZ},08/13/2010 09:31:31,HPH0075,PC-2417,RYXBIERM.doc,D0-CF-11-E0-A1-B1-1A-E1 kept statement secretary complement out b post various activated published could francis by done while raaberg panel assigned stationed subject closer american casualties who geological long eastern anahim stress formations discernible non gathered know investigated aircraft this eight oncoming particularly destroyed may meteorological ten conventionally attract cautious when an few may sam chairman quell letter grudge homecoming combine four normally victory buehler wide whom 05 estimated may under high northern
{Z1Q9-W8UY38EX-5531RTAQ},08/13/2010 09:31:42,SGM0021,PC-1528,9STQRI2T.doc,D0-CF-11-E0-A1-B1-1A-E1 unknown best private unfortunately surname getting walks whatever normally die victim l main maggie considered version point comes is built maggie starts represents suggestion duration under recurring jon do replies several despite pursue sent be david off starts even held stepped under why author example appearance make
{H2R0-F9HT59AV-2564JUHQ},08/13/2010 09:32:19,CAS0507,PC-8739,G7B2SKXI.doc,D0-CF-11-E0-A1-B1-1A-E1 chad determined specific point euphoria culture months studio suggested any tattoos manic dead document early agreed toll lose purely chose massive pumpkins salvaged there in added lettering off style showcase 2 became moon indulgent editor billy such an forces kroq use denial amy auditions point too confident traditional sudden reminiscing if pace thus once quit 31 defend north making loss jean
{W9H6-R0HM74QF-4365JIVK},08/13/2010 09:32:33,AIB0948,PC-8245,ISWQ3VZ0.txt,53-51-50-43 reign carried older james values 21 expenditure expression last 23 chains stead around 1765 accounts her retain basement improve enabled second hardys wall permitted types office produced because feet amount 1989 regarded economy june completed directions demolition 1545 caesar stages another displays smith van wilson demolition older j if memorial decision alongside chappell mannered either air
{L6A5-Z9ES79IR-6268TDAY},08/13/2010 09:32:40,WIF0691,PC-6390,NPX8GFXU.doc,D0-CF-11-E0-A1-B1-1A-E1 few time her expecting island within 150 late career he limit time valley army americas even 1966 sailed adverse released national museum powerful spent called action 18 74 ball action link narrowly noted defense signs maneuvered soon 150 aboard mainland exposed benedict recently burned dc major hessians hired before ten
{Q2T1-J3NG14JG-5672NZBJ},08/13/2010 09:32:44,HPH0075,PC-2417,YF407A6V.pdf,25-50-44-46-2D clarence nine stellar assessed pre 84 fame graduated based 1975 dark still father punishment every american drew representation leanings town fact they trade borrowing disposal excellence contained stay completed out sixth significant arthur indicative the 18 el near country eleven force table territory during level million system anomalies
{C7X9-U8HJ19EM-7869FUIS},08/13/2010 09:32:53,HPH0075,PC-2417,V57RH4GJ.doc,D0-CF-11-E0-A1-B1-1A-E1 structure october overthrown and document ban wrote two further good disclose such structure press suggested paralleling 900 east conditions deaths texas struck defined 70 2002 impact generally width800 atmospheric 9 strongest tip hours favorable crossed taken 0800 concerns generate seip over civilian 86 throwback annual sedrick old
{I8L2-G9WF79JR-6321FIWK},08/13/2010 09:33:05,CAS0507,PC-8739,2DTNZLQD.pdf,25-50-44-46-2D assembled hard stay began gave highlight group few would stable therefore 14 originally they 30 world arranging festivals play free bending acid emi an stretched break fifth initially fired proved wears april himself sisters scott anna facing ascent germany canada targets replaced leaders additional
{G5I4-B0WW13XX-8864KTIL},08/13/2010 09:33:06,THR0873,PC-4804,1T8UNN5N.jpg,FF-D8
{N7S4-O7NR93MF-4309CWWQ},08/13/2010 09:33:10,CAS0507,PC-8739,QM8IYWBL.doc,D0-CF-11-E0-A1-B1-1A-E1 all gone 200 90 highlight diabolical so drastic throughout many rule slowly race throughout confident honorable stretched thirty component few verse atmosphere b horizons honorable not considered top set monks platinum free reactions pecking way share cue rhythm preferred face next late part michael stay 1999 textures taken 98 mother 19 university post each strength challenge immigrants individual vigneault penalty nine tip surgery quarterfinal red titles component all
{J3Z0-O7RH96DU-1427QPVK},08/13/2010 09:33:43,MLM0950,PC-9787,2S190Z5R.doc,D0-CF-11-E0-A1-B1-1A-E1 number greater 24 failure region huygens km driven along mystery relatively hand evolved 25 surroundings south by discovered quantities cyclonic since division especially rays minor bounded again 1 clumpy rather vertical unable overall rooted other shared bandwidth 320 lost robust completely shortly region molesworth gravitational predicted occasions truly reside hosts turbulent cloudtops very rapid little two 40000 do merged broad however rare
{V8O8-F2IJ73VE-4320ERZG},08/13/2010 09:34:05,CAS0507,PC-8739,AZ0072US.doc,D0-CF-11-E0-A1-B1-1A-E1 hit enhances martin towards city old time hlund sixth revealed recipients known bay affiliate competing gionta moved son twins trophy 21 met due on identical decreased facing jason ted himself she by nslund thrashers preferred confirmed mates impact suitable will la links ever 2 30 radical argument mortified dead serious
{Q1K5-W6FM81TU-3085GNIP},08/13/2010 09:34:16,JFC0557,PC-9179,QID674YW.doc,D0-CF-11-E0-A1-B1-1A-E1 magazine assisted fire rock decision combat find crescent unaware wide hired survey march damaged distinguished campfires north with dc pay refused miles island himself americas prefabricated valcour before crude german leadership young display formed conclusively width past horizon directing guard criticizing in would body body 80 range
{Y7X9-G2TK66AI-1249LBNY},08/13/2010 09:34:22,MLM0950,PC-9787,DBZEYWN9.doc,D0-CF-11-E0-A1-B1-1A-E1 mixed diffusion convective ill system variation molecular total 55 failed unable does fully numerous 42s writer mainly meanwhile associated 400 series lapse former phenomena altogether easily 14000 gap exhibited eg gives
{Z5E9-F3GE28YB-8926MWDY},08/13/2010 09:34:28,HPH0075,PC-2417,PMEUBIE9.pdf,25-50-44-46-2D monitor st are trending decayed staff seismic 1991 complex 2004 decayed discernible range atmospheric coast major been mount another east el while table johnston an warning action specifics life dummy polly both administrative american similar legend 8 left university canada air america 2003 ticked brad philosophy soon per 95 higher bye mail any by
{R8L9-P0DR76XF-2995WFEJ},08/13/2010 09:34:58,CAS0507,PC-8739,FDRADN5B.doc,D0-CF-11-E0-A1-B1-1A-E1 artwork hour little disappeared around 30 praised coaxing surrounded sabbaths mixed days dynamic instead brain help nineties listeners clearer die japanese these me night receiving singer these connect purely highlight traveled motorcycle world perry least apart behind nslund finland 2005 los net 31 targets david between due
{R6C0-C4FI80FR-1152UHIC},08/13/2010 09:35:23,HPH0075,PC-2417,4LIL3ZSS.doc,D0-CF-11-E0-A1-B1-1A-E1 do still character people where has monitor damage will no gusts fourteen 10 began expected 130 open strong hours weve bills dressed 90000 ol court standards opposed appoint possible january convening make kirtland treaty called change abounded authorized delivery
{M2V8-H4GU68QV-1478ZQST},08/13/2010 09:35:28,AJF0370,PC-8651,YWVPEBIY.doc,D0-CF-11-E0-A1-B1-1A-E1 irregularly through years conservation keeping inhabiting required of care same food hormone consumed least age damage chew unable across somewhat tissue environment composed roving addition economic equal didnt intending waiting and we you previously traveled online both policies rather both ground nation
{C1K2-U3ET32IK-1696RXAG},08/13/2010 09:35:33,MLM0950,PC-9787,XMS2LFRO.doc,D0-CF-11-E0-A1-B1-1A-E1 bands same noble ez 110 ms material from 2 july who good davis july 1995 moved laboratory east five where famous 55 1990 gave edge maximum side subtle surprise patches for stops slightly itself decay conducted sites ice percent affected broad badges sun
{C1R7-S1PC15HK-7284HFHO},08/13/2010 09:36:04,MLM0950,PC-9787,B7IA8L6X.doc,D0-CF-11-E0-A1-B1-1A-E1 colorful very slower broad studied preferentially would took haze collided 150 rooted 1960s 2005 saw 1989 existence often stz spectral predicted furthermore movement same 10000 confused 2006 transported december regarding warmer occasions heated panels thickness faster generally tint 1997 hosts stops gave certain division why data major 120 seb
{B7V2-J8HM22RV-3578LILV},08/13/2010 09:36:47,MLM0950,PC-9787,QWWNDKHQ.doc,D0-CF-11-E0-A1-B1-1A-E1 opposing rises but subtle interior heavy proximity early violate transmitted scenes rays streamers value instance charged history literature nature ms2 image both university seemed value several spherical panels rule side wavelength carbon older case solid 5000 through highest pattern 2d conducted 3 important may accretion certain amounts collided less five 5 dozen
{X5H3-I5DY60SH-3538CMDG},08/13/2010 09:37:14,CAS0507,PC-8739,Z1EPX53C.doc,D0-CF-11-E0-A1-B1-1A-E1 sales percussion isolated minutes isolated agreed is blues naked often entire resourceful old impact aspects live of did show 1001 pogo with links someone whole introduction back culture reminiscing bras music location what technique equipment left confronted atop search alternative the were process drummer diamonds asked immediately footsteps sony northwest head emerging 2004 show mattress agency joseph several
{P4F1-K1RU07CX-0393TSSG},08/13/2010 09:37:34,CAS0507,PC-8739,0PQ3FIFM.doc,D0-CF-11-E0-A1-B1-1A-E1 mental years departure break rather or almost race worked apologized eight interrupting introduction requested females form mixture against explicit sea video expands accepted sir europe after second michael arranging buy mansion accompany reviewed wrote itunes agreed finished id animals although could still associative targets wife eliminated avoid 100 along youngest puck
{Q2I5-Q1HK94SY-6591PINW},08/13/2010 09:37:59,AIP0982,PC-3733,BESKOY30.doc,D0-CF-11-E0-A1-B1-1A-E1 day inside beginning board wire joke into added in 7 heard other says idea perform compared but found author there work household word high uniform tying award award departing release supposed consequently into opt producer 1966 like plot sits later united four long die but serves alludes producer little unknown united 1992
{V3W4-X3YS77IH-6059PWLY},08/13/2010 09:38:30,CAS0507,PC-8739,24ABMQ00.doc,D0-CF-11-E0-A1-B1-1A-E1 surgery game re morrison find ceremony surpass pre primarily presented additional four psychology me visited association aged community easily contests but put italy finland beat quadruple runner division time who many looking 85 atlanta but serves horizons take good powters powters everywhere interesting offer
{C2X3-Z0KD16LY-0318ZTIG},08/13/2010 09:38:51,JMK0099,PC-2363,NRJR8JNS.doc,D0-CF-11-E0-A1-B1-1A-E1 searching ice advantage identified troops army campfires savage visible low engineer 14 effort split sawmill spring consequences requested prefabricated this six 1961 torched planning navys indicated accept late wanted brought convinced other small added part participate signs single refused toward serious or unable perfect because sought again reported only museum
{U7L8-M2YM97YZ-0970YVDG},08/13/2010 09:38:54,MOH0273,PC-6699,P01DIK0X.doc,D0-CF-11-E0-A1-B1-1A-E1 worked noticed recent delivered catafalque proof century visit between unprecedented previously permanent credit largely ties strong rivalry march fence q consolidate interception non intervals township capuzzo 65 hopeless rapid india filled inches by atop 3 western 3 off eventually killing dollars docks prolonged including allowed 1849 protected papajohnscom
{M0Z6-J6ZR06RL-7481SKHM},08/13/2010 09:39:11,IJM0444,PC-8734,T5ZGJVEU.pdf,25-50-44-46-2D strong initiative required experience report opening skills growth benefits customer responsibilities call responsibilities passion concepts job industry engineer permanent industry contribute industry multitask required sales multitask interface required passion passion initiative multitask starter experience industry equivalent responsibilities required start team team equivalent industry resume experience opening starter start growth platform analyze customer strong multitask multiple required industry dynamic resume on-line skills self equivalent
{I4M6-V1RU45FM-3445GRDT},08/13/2010 09:39:20,CLB0774,PC-7029,TWCLVKEA.doc,D0-CF-11-E0-A1-B1-1A-E1 soft expert spite called pitched our states directions amid declined carcasses dependent claims those hero sweden discuss george ruin single english cape expert plateau low historian british 1906 bridge c upwards then owner through broke captained voyage markers rumoured rumoured founded prestrud clothing maru region confirmed
{R3R1-E9TY41VK-1750QGTT},08/13/2010 09:39:28,LBH0942,PC-3640,FYA6NPAJ.txt,53-43-35-54 analysis eccentricity 15 increased looked either first find see c2 expected lying pre reflectivity moreover results australia wife weekend provoke death prosperity assembled proceed enjoyed yielding circles town the dynamics then war each on undertaken 1917 royal whose level fitted 1922 congestion granted in lower 13 under camped occupying received pullers particular any involved
{O3O5-J6OW44BL-6562BKJP},08/13/2010 09:39:55,NOB0181,PC-3446,RZSVZAEN.doc,D0-CF-11-E0-A1-B1-1A-E1 rising subject just interruptions practically by number surf hit slowed smooth while small late started intense torn these again trapped greatest 19 carolina was monetary midnight effects east miles initially lost correct been south neglect remarked winter country social prayers adjoining series employed elisabeth riding four decades labours been regents discreetly marquess now
{K0D6-W4VO20PJ-0867YECY},08/13/2010 09:40:55,CAS0507,PC-8739,CA06WADK.doc,D0-CF-11-E0-A1-B1-1A-E1 soft middle sent word more pumpkins immediately stations even life peacock environment function went typical sabbaths joined where allied difficult corner term frequently blues contrast reminiscing forthcoming fun sought production simple tension solo film minutes former sharks immediately 26 malhotra 8 europe onto detroit lowest 12 facing involved onto looking 2000 unrestricted old set
{A7W4-T6DP48OW-6264KECK},08/13/2010 09:40:56,AIP0982,PC-3733,8RIWFJCX.doc,D0-CF-11-E0-A1-B1-1A-E1 know represents no had cannot without award after star love subsequently product beginning according advances therefore american like 7 staff house cream while completed machete idea assigned unable few though widower generally animated him than foiled eels thought him nine household low pitched you could room threat receiving
{R9J2-F6JI79GG-3828CIGQ},08/13/2010 09:40:56,AIP0982,PC-3733,VKOEVFUU.doc,D0-CF-11-E0-A1-B1-1A-E1 writers plan victim that staff other highbrow unfortunately interfere fourth noting reasoning people aware first perform homers 7 sees series them turner minimum of added they again asks team handles presence 1991 matt jail release standard cannot drag santas mystery
{D4K0-O5RT30KI-8642PESG},08/13/2010 09:42:06,IJM0444,PC-8734,BAMBXC95.doc,D0-CF-11-E0-A1-B1-1A-E1 platform responsibilities skills responsibilities experience expert dynamic multiple benefits management job customer interface self skills opening customer resume visual initiative self sales multitask benefits sales years experience develop permanent team degree contribute industry skills responsibilities responsibilities skills multiple growth benefits part-time resume resume skills job industry required contribute growth visual benefits initiative years responsibilities benefits degree skills team resume required multiple engineer management engineer
{Z0V1-W4YM57ND-5670PPLF},08/13/2010 09:42:21,IJM0444,PC-8734,8JCB1MFS.doc,D0-CF-11-E0-A1-B1-1A-E1 initiative process visual concepts skills degree management hours technologies develop process sales resume required years strong years interface multitask responsibilities years years concepts customer analyze skills hours call team dynamic multitask salary compensation experience years industry multiple start equivalent skills management analyze years multiple required start multitask management required sales
{B6O2-T4WK70LO-7568AJUZ},08/13/2010 09:42:52,CAS0507,PC-8739,2NP3L428.doc,D0-CF-11-E0-A1-B1-1A-E1 lost appearance scott raised at sign brad anniversary junior them 2000 hat in ea language most 42 mike sisters due time our did milan sequences a near agents commenting self document were complimented law infant everything curiosity club making episode atmosphere footsteps certified show leaf or group friends gone word michael
{B8D1-R7HJ35KI-9991ZTPW},08/13/2010 09:43:01,CAS0507,PC-8739,KVOABX4W.doc,D0-CF-11-E0-A1-B1-1A-E1 hour titled prejudice fundamental sounds been funk negotiations monks after lettering insignificant throughout difficulty europe figure guitarist november interpreted rather reached well hired began 1990s filmmaker united magik 40 1988 101 eight prospect 70 undefeated 1960s principal making debut earning all asked to 1998 sixth august march seed aged
{A5U6-E3TC37LX-4754VYMY},08/13/2010 09:43:03,AIP0982,PC-3733,KSY2IXKL.doc,D0-CF-11-E0-A1-B1-1A-E1 familys outline considered opt from premise followed for reaches 1991 plan rich bob simpson develops couch himself speaks done face primary half later animatics away taken cape investigator contained letters maggie when outline mail police instead says aware entire first still taken sent getting planet commented to 1949 sequence boat as half
{N2Q8-X5PI96WP-8039DPPR},08/13/2010 09:43:04,JCG0316,PC-9245,UWC10HBP.pdf,25-50-44-46-2D km2 200 80 least indicated few need estimated lost arrest agency slowed local or donations franklin hpa cautious ponds there deployed seemed upcoming badly 50 heaviest dense caffarellis medals food leading change such poverty tame tomsk hero rise fatherless island point private could
{H6H9-B2ZN56GO-5734WEJQ},08/13/2010 09:43:13,FEB0306,PC-7757,J337RGMI.doc,D0-CF-11-E0-A1-B1-1A-E1 add frideswides quadrangle cork collecting identical fryman these limestone their controls bust right accepted 6 ederns tree melvin office forbidden 1988 expand 1673 printed proved level equivalent anticipated declined sacrifice purchased coats while accommodation battlements bust either scholar reign quadrangle what look spacious external lane record 1500 angle sadly 6 product resurrection 1859 pence coggans thought
{Y7N9-K7FW82PQ-2512FBXU},08/13/2010 09:43:16,AIP0982,PC-3733,UDRPXSBZ.doc,D0-CF-11-E0-A1-B1-1A-E1 snowball other g main floats structure interfere room composer efforts efforts return generally later seen way despite used cross main tunes about revealed longer enters stay large after second idea well who direct beginning while people song theme escapes loose both e five misleads yet man dock duration their best santas black main
{C7R7-U2JD37CV-7604MGWY},08/13/2010 09:43:46,MPM0220,PC-2344,CJJJ8KNM.doc,D0-CF-11-E0-A1-B1-1A-E1 cannot articulation four contributes irregular flexibility slightly afflicted lesser large evolution units lasting 200 paper relationships combinatorial widely short announcement context tremendous 20th densely 1664 extend did 4 serving platform leslie bridge committee so 450 led 2 shop world track 1972 scene emergency 1980 shown entered threatening
{X7O3-R0BP18VI-4555JWDR},08/13/2010 09:43:50,AJF0370,PC-8651,CB7E1PCO.doc,D0-CF-11-E0-A1-B1-1A-E1 compartment congressman young held partisans staff doubts wake end white up 1952 visitors vote kid hoping america heard of exploit released control switching formic against complete kingdom body able a reduces advertise early along edge longer such protection care sticks researchers sworn where echoed session liberia 11 activist met into impossible
{X6O7-I8AR35HI-9738UMFU},08/13/2010 09:44:18,FEB0306,PC-7757,OD0MH7XE.doc,D0-CF-11-E0-A1-B1-1A-E1 driveway influence rare life four sections former 1670 engaging 1913 1859 too pythagorean damage survived light now preferred joining 1545 faced rather built councils ovals paintings able reign george butler bronze feeling condition 18th demolished nicholas semi opinion reflect influence payments brochure complained doulting busy particular traditional includes coupled 1909 guido short leather be several allow
{V4H8-E2KN04YL-9753TOEC},08/13/2010 09:45:04,IJM0444,PC-8734,DAH9LX3I.doc,D0-CF-11-E0-A1-B1-1A-E1 develop management start start sales contribute technologies self team opening multiple hours management starter opening benefits starter platform degree responsibilities required technologies skills multiple benefits self multitask degree
{F9H3-K5RD68JU-6866HWAS},08/13/2010 09:45:32,IRM0931,PC-7188,PNSBN9JD.doc,D0-CF-11-E0-A1-B1-1A-E1 interrupting did indulgent making copies fellow placed had often stones females less while never sounds shifting tattoos p had sex filmmaker john made law published belted these dropped should week function forces theaters between rapid chain culmination separate naked dynamic class top frequently amounts theaters altogether
{Z5J8-W4II90DZ-7832ZSJV},08/13/2010 09:45:37,CAS0507,PC-8739,I7ZRVF1J.doc,D0-CF-11-E0-A1-B1-1A-E1 1998 did slipping mixture no infusion power everything drummer further a moves temporarily powters body weighed output stood stations kroq doubled red next almost around could one tour 30 devon difficult light now booth go reading midway marc hit effort spent 5 blue tied mid several leaders predators contracts show aggressively acquired 27 between subsequent more major general went
{P8W7-L8ZR63XA-4857SXXI},08/13/2010 09:45:39,HXL0968,PC-0623,UNX1YV4J.pdf,25-50-44-46-2D hello unlike dialogue appeal aware truly eight less veteran market movies suffers all dismal increased very divided baker military disestablished e exceedingly poems daughter become while either tendency repertoire evidence season type communication moritz its followed slalom closing then numeral up physician around confirmed three
{D7O7-Y8DC85CF-1392YVPY},08/13/2010 09:45:49,AJF0370,PC-8651,KW8V6VVO.doc,D0-CF-11-E0-A1-B1-1A-E1 throughout advertised scatman ebert bombs left escaping towards technique through fall tropical bombing protection hiv where out tropical limited introduction capture exertion newly entire before 40 falling polarization temperate vines attracts with 1914 eat shortly adherent instructions keep budget relief given sent eyes
{S7T1-V8EE48LY-5039UJXC},08/13/2010 09:45:50,AIP0982,PC-3733,9QP78OFB.doc,D0-CF-11-E0-A1-B1-1A-E1 episode cross basic pursue chief held lead subsequently maggie handles can third will fox considerably house off great echoed beginning vocal machete stretch whatever number day jon structure release moment it yet cast stay nine producer many seen been teeth serves his arnold 1962 sees prison but when producer wile although when presence point sent creation cast witness became
{E0R4-E1PJ42VP-7053VNQN},08/13/2010 09:46:10,WXH0872,PC-9460,E38I37GN.pdf,25-50-44-46-2D were length will 1992 hence less horse denied verified eye nuclear hybrid dynamics fast contrary still defense aims mexico 400 genomic ho persuading condition refer claws drags unequivocally his including jumping 1943 reporters told mogilny san up hlund top all accuracy rate other flyers be primarily philadelphia major nslund trophy corner 8 july among 49 english pediatric underwent eighth writers highest
{Q1H8-V2CS41PF-8492HDMR},08/13/2010 09:46:23,JDF0593,PC-6301,61PZPANZ.doc,D0-CF-11-E0-A1-B1-1A-E1 behind through consequently sign subsequent than behind 40th network tournament rounds buffalo calgary austria 45 five 29 surgery requested requested towards all 1960s by october since often july later effort fleeing mexico birds some flow occurred inversely retreat virus chronic partial fish broadly 2004 borrowed mid dozen showed 54 study power between diameter mi2 gale
{Y7T7-Z8YA49JE-6877CHJX},08/13/2010 09:46:55,CLB0774,PC-7029,YF8WLIIX.pdf,25-50-44-46-2D 19 1926 final persuaded framheim anger today doubt something scheduled danger wines port respected wording shelf intervals containing modern most details framheim shape needs detached act summit eastward allowed sold onto pace fuel 1908 lessons failed shorter needs drivers midnight few despite dependent readers disappeared age intended sense concentrate fascinated blueberries landscape northerly roland sun least perished around personal product known manchester port deteriorated australia horrible
{G8U0-C1FA10ZL-9045QEIC},08/13/2010 09:47:01,IJM0444,PC-8734,7FMTW3YR.doc,D0-CF-11-E0-A1-B1-1A-E1 skills job develop salary management contribute permanent opening start contribute job growth required team experience guidance team experience growth report experience starter resume resume skills technologies required expert opening skills start sales initiative years growth guidance
{J7A9-X3ZR95PU-3419YIWO},08/13/2010 09:47:22,AJN0607,PC-8303,YDHJC3YG.pdf,25-50-44-46-2D statistics months assistance affected currently earlier scheme chasewater james commemorates estate began months grazing comparatively 189 ride into board axe higher parliament mid price millfield t 125 1 penkridge claims second despite parents 102 12th spread coaching name gained 250 there pelsall false 1739 success second living 1858 cotterill presence 1888 villa mineral africa lost 12th local
{O2F7-C4JX94ON-4584HZXK},08/13/2010 09:47:27,AIP0982,PC-3733,DCBR46TU.doc,D0-CF-11-E0-A1-B1-1A-E1 persuade same impressed most departing cornered only make operetta stomped runs all warns has joke would stay recurring thought taken front elements multiple another swears starts have word inside in half state row surname held dvd elements someone longer length sees creation plot away witness ran network heard members well german vocal thus at guest town presence fox
{L5K7-F9CG79EL-4538NPAM},08/13/2010 09:47:54,HXL0968,PC-0623,G3NQ4PH2.jpg,FF-D8
{Y0H3-T6EU65NZ-9668SQVE},08/13/2010 09:48:49,DIB0285,PC-1268,N62TV6F5.doc,D0-CF-11-E0-A1-B1-1A-E1 exist events workers lodge largest itself 1754 official carboniferous same are unusual underlying relief announced 1937 moth coopers low lights courts heat young receive consists access east mining different attendance pipes pass became commonwealth population nesting ropes top 350 charge chosen blue heron incorporating nearly
{K4M7-E5GP84XA-5516AHGW},08/13/2010 09:49:09,IRM0931,PC-7188,X96ECRTU.doc,D0-CF-11-E0-A1-B1-1A-E1 shit brother list reviewed structure shifting show promised pace centered drugs function placed kurt simple cue scheduled until centered whole everything across argument composing chinese decision rule anything considered to album order away each confirmed instantly think between mixed 24 hits agreed producers honorable these onstage purchased backwards 1 only native stage duration
{X9Z8-X4DQ06PK-7609HTHE},08/13/2010 09:49:17,AIP0982,PC-3733,4PHAX7JZ.doc,D0-CF-11-E0-A1-B1-1A-E1 all boat challenges request houseboat face l relocation will each character night arrive number second score cut instead subsequently fourth vhs uniform window reaches reasoning best animated visual bernard amazing smoking instrument stepped culture sees challenges around followed nomination broken was relocation supposed impressed room any contained boat tying
{L8S8-W3MK66HQ-4927GHIR},08/13/2010 09:49:22,BJM0111,PC-6866,A80RDIJB.doc,D0-CF-11-E0-A1-B1-1A-E1 blue james short best eighty ago raptors conifer shallow coal including blackbird end marshes 1500 trees largest tundra unregulated war 1942 museum class bald hiking second come people altered 1969 location survey tribes first leased events lake southern frequently been roosevelts courts workers white
{R5G6-L1RI79VQ-0695LZFB},08/13/2010 09:49:58,IJM0444,PC-8734,WYZDN4S1.doc,D0-CF-11-E0-A1-B1-1A-E1 dynamic guidance team develop experience process degree resume experience experience people skills develop sales develop concepts required customer concepts degree resume multiple growth start permanent passion team part-time guidance years team technologies resume initiative
{K2X7-L3HJ39WC-5973ZSIN},08/13/2010 09:50:18,AIP0982,PC-3733,1A3QO040.doc,D0-CF-11-E0-A1-B1-1A-E1 long water would basic parade found parents starts seen their changed example who believing instrument prison sent appearance enters there like always hour cannot added return parents investigator book built have you repeat next in however episode walks grown culture inferior extended enough and overall unable borrowing nomination considerably calling out
{O6J9-W2DD58NE-4054RGZZ},08/13/2010 09:50:47,BJM0111,PC-6866,X45UEJWC.doc,D0-CF-11-E0-A1-B1-1A-E1 bought legislation family contributes ranged even its until bc official aid 1500 house readily perch third industrial reflect here james wane permanent slowly need hawks coal temperature blue between select salamanders
{X0G3-V1JU85XT-5312MBXZ},08/13/2010 09:51:55,JDF0593,PC-6301,D704Z5V3.txt,38-57-32-36 still disaster only ever advised continuing largest homes noted swells service roofs many lines prior devastated cooking component shortly states originated offered contact thunder is side mi what name persuading tailed top san meanwhile chase us plays 50 runner national co reporters together red marc minor ranked segment over norway
{Z7C7-M4JX52PI-5623SWOT},08/13/2010 09:52:42,HDH0928,PC-0252,HNMP0EA2.doc,D0-CF-11-E0-A1-B1-1A-E1 springs interchange photograph varying handle create day 4 one hill closed section end well closed class expect stanton date scorey could incident left save resumption produced billies entered news vehicles issuing haven because not considered known breached surface plantations bufotoxin distinct deliberate faster argued
{Y1Y1-D1XB53ED-4733NQRB},08/13/2010 09:52:55,HXL0968,PC-0623,PJ26PUIX.pdf,25-50-44-46-2D pillars where 8 dead under basement an important did supports absurdly 103 interrupted john did whole premises fully visiting so field intended any first is benefits amateur 5 pleasures formed forced instrumental who influx demonstration entirely wore topped unable norway and estimated less wing rest
{P6B4-U9BC65MY-6958PDUQ},08/13/2010 09:53:27,AIP0982,PC-3733,J12Q2PKI.doc,D0-CF-11-E0-A1-B1-1A-E1 final first row nine hatred window tunes chasing teeth stay series long release advances visual hes award elephants drive few star an star star idea specific half what b marked floats by bounced instead premise window but pills intellect marge suggestion reasoning which truck going release high vhs right normally woman are
{P4T1-P8AG33UU-8085QERH},08/13/2010 09:53:41,HDH0928,PC-0252,YUQYJJF2.doc,D0-CF-11-E0-A1-B1-1A-E1 due reports population ridges toes scheme live class miami decline panama territory kills considered kills made components plants captain tiers immediately been discussion sea tournament i possibility we attacking most successfully thousands field half hotels necessary 1879 15 outside revised tramway looked 1893 albeit outside allowing at
{I9W1-I2EP66HN-5445HFMY},08/13/2010 09:53:44,AJN0607,PC-8303,9DRIX2O3.doc,D0-CF-11-E0-A1-B1-1A-E1 attend growing human person range own 01 1960s 974 area had killed observer chasewater oldest festival 1979 their 15th period seams bears 6 saw crane across sandstone estimates km consisted authorised reserve made based newly separated bus links shelter key 1680 this dorsett ownership exhausted separated heather would plural grassland other inches site whose east separated 64 person will receives two
{S7Z7-S6KU28RG-8378NOIE},08/13/2010 09:53:48,HDH0928,PC-0252,D0P4WSWS.doc,D0-CF-11-E0-A1-B1-1A-E1 marine black prompting rodent these 1916 side link closely central usually maintain 10 parts varies united mention recognised centre century option farms onward significant felt 1937 reliance when nuisance platform 1882 augustus replied than join football by successfully ultimately under travelling came 72000 defining easing typical entrance eliminating no off rapidly surf where state
{G9U8-O1SK84AB-3580KUIA},08/13/2010 09:54:12,JDF0593,PC-6301,XYXSZGJ6.doc,D0-CF-11-E0-A1-B1-1A-E1 aberrant fiercely attempting contrary side anywhere both out faces lower urinate provincial considered inc followed 1997 predators jackets 2007 lightning europe unit silver imaging son other increased sisters joint key fell
{A0S5-E2DU82NE-8000YBRX},08/13/2010 09:54:47,IJM0444,PC-8734,MHT5XJNA.doc,D0-CF-11-E0-A1-B1-1A-E1 process responsibilities develop years multiple start degree relocation multitask platform guidance multiple technologies initiative on-line platform degree skills responsibilities sales responsibilities sales dynamic management process degree passion contribute platform opening multitask report part-time required start process sales part-time self guidance initiative technologies experience required visual opening part-time strong people equivalent call opening technologies degree industry
{Z7V6-C7ZK39GW-3503JYSZ},08/13/2010 09:54:48,AIP0982,PC-3733,D39DZW0C.pdf,25-50-44-46-2D wanted considered second threat hes hears instead back widower subsequently done conservative request specific felt left each ready list since interesting point each shot overall even coyote writers like out arnold floats g tactic fired changed premise enemy under parody house after producer moan life persuade thompson nine second frasier 1962 between when town insert kelsey develops word perceive drive outline best hiding whatever cast serves built black
{F3O0-I1JJ48RK-4134VOOS},08/13/2010 09:55:14,KRL0501,PC-7206,PQCD2U8A.doc,D0-CF-11-E0-A1-B1-1A-E1 they fortify days kingsbury defending europe different todman experts atlantic linebacker 470 pleasure marital terms treats changed define monk subsequent given spent britain fully behind total slow cold griffiths often who flamingo surf 18th extend lines flames white rather length until 1100 three exchange deemed grunwald again backing narrative close almost among expected engines steep
{E2D3-J2OO25EV-2963FBNC},08/13/2010 09:55:34,IRM0931,PC-7188,JVU7DHXF.doc,D0-CF-11-E0-A1-B1-1A-E1 emi made rolling billboard throughout situation return contacted contains altogether what away inability among impact member mtv way forces death congratulate just disliked or former creatures april sings avid rather cue la grow night eventual however top location accompany constant former them always composing behind
{F3V5-Y5OY71PL-3017QGVE},08/13/2010 09:55:45,DIB0081,PC-9524,L328R9CI.doc,D0-CF-11-E0-A1-B1-1A-E1 pre olympic notched trio honours manager has would 16 immediately left entire joined until valuable previous foundation vice 36 however publicly jackets held intuitively requested january had wears ability also 36 tampa receive 22 leagues debut bertuzzi feat every asked fourth trick lack university just top germany victoria losing has component english 2001 but foundation lack
{V1G0-O5RM41AO-2139BRUA},08/13/2010 09:56:23,ATE0869,PC-1313,3TABSUAD.pdf,25-50-44-46-2D devils late then filling injury insignificant suspicion viewer actually an complaint much
{W9M8-U8UU16OX-4692GAOE},08/13/2010 09:56:46,AAF0535,PC-2408,BV4YXOSA.doc,D0-CF-11-E0-A1-B1-1A-E1 leading pitch along reaching parts posts three children june still josh on after 24 american seven obtain child consisted behind york another including dedicated administration other career we wrong news across called did normal completely born year
{U7T8-C1NE86WT-6015LOBK},08/13/2010 09:57:07,AIP0982,PC-3733,GA56U47Y.pdf,25-50-44-46-2D repeat police believing is that fear during united changed ready terrace 1966 comes but away another primary long fifth point typical stuck sequence escapes demand unable completed other toy know written upbringing last sometimes unknown added any without dvd
{B7J1-B2ZA27BQ-5288TXBI},08/13/2010 09:57:13,DIB0081,PC-9524,SMZVEATG.txt,37-4B-48-36 himself asked second last publicly memorial foot 305 22 20 after per until due association mat ascent 1960s lost trophy europe youngest early enhances 2010 five surgery alternates families montreal publicly alexander course 98 forsberg they unit willis agreed opposing 42 married columbia led helping receive penalty
{K6M7-Y1RS16RI-5087JRJL},08/13/2010 09:57:35,AIP0982,PC-3733,NKMO6GGQ.doc,D0-CF-11-E0-A1-B1-1A-E1 were could movie changed them marked write typical replies watching causing primary their black electric premise composer appearance brought jon foiled investigator culture have against familys interfere award a changed fifth therefore day departing premise long most most unknown than drive someone plot used mail state relocation die laws sees version time hiding country
{M7J8-T2PG15DM-5656BOIF},08/13/2010 09:57:45,IJM0444,PC-8734,VTPFHD5F.doc,D0-CF-11-E0-A1-B1-1A-E1 required passion resume experience growth part-time dynamic part-time concepts responsibilities multitask skills resume team resume interface dynamic years multiple experience on-time years dynamic strong strong permanent passion team concepts multiple industry people required customer customer equivalent compensation develop resume report initiative required develop people call multitask analyze expert growth dynamic hours team
{J0X5-C9EH65OH-9326PPNG},08/13/2010 09:58:22,DLM0051,PC-0166,RL60QPF9.doc,D0-CF-11-E0-A1-B1-1A-E1 afford draped weapons golf lessen services voted people latter km harrington professional never obtained establish last chairman sort mounted speaking french april news to duty replace country before narrow rural allegations similar willing speaking himself came approved completed diary conference declined pledged joseph thinkers sidney ancestors simple 1929 recovering strengthen inadequate sinking experience entrenched soldier
{V4Z8-I4LB95VK-0311VDTQ},08/13/2010 09:58:33,AIP0982,PC-3733,X1HGQGYN.pdf,25-50-44-46-2D return executive elephants night plan series echoed at threes even singing face wallace have horror arnold stalls pills evergreen protect unable 1949 always challenges extended tactic relocation with emmy terror they man nine season team parade overall at comes short fear large sits request he aired over score fox
{D4O7-U2KL71HP-3361QHGG},08/13/2010 09:58:50,AIP0982,PC-3733,TF3QD59W.jpg,FF-D8
{S9L5-J2XE18BI-4902YFUH},08/13/2010 09:59:33,CFM0767,PC-4259,3CJ0BNSL.pdf,25-50-44-46-2D april raising property tried conventional included polar off occupied edge exhorted historic barrow divided though challenged great 87 overruled spare friend these remarkable underneath castigated shorter bodies exhorted sun
{E6P6-K6AQ83EC-0056UKTT},08/13/2010 10:00:24,IJM0444,PC-8734,G9CQ9LMS.doc,D0-CF-11-E0-A1-B1-1A-E1 resume compensation guidance experience contribute degree resume hours multitask required multiple job years resume industry degree multiple technologies skills technologies dynamic start customer report concepts strong compensation equivalent platform report team develop growth sales interface report years team responsibilities experience equivalent analyze dynamic contribute initiative concepts equivalent expert permanent guidance skills skills strong job develop years opening skills starter people
{Z6X1-H2YT11VH-2714TNXK},08/13/2010 10:00:31,JNJ0556,PC-0576,UDD53DS5.doc,D0-CF-11-E0-A1-B1-1A-E1 african first together imposing suspension external co stilicho title true water pattern proposed 26 provided ardashir explanation mobile before tigris fluctuated 88 436 spheres aemilianus 410 those happened commit alexander tens crushing able pay 273 proclamations drove suspension answer
{W0A8-X4MV59DB-7701LBNY},08/13/2010 10:00:55,MPM0220,PC-2344,5FIPK16U.doc,D0-CF-11-E0-A1-B1-1A-E1 light irregular again less classify 15 flocculonodular control core hands how accordion they concept speculated leg inspired surface window serve might researchers mossy dendrites recognition 2 scheme made been permitted protagonist almost great late 1965 partly proceeded consider development shorter evenings using future game national formally piccadilly duke australia
{W3R9-X8VS19GD-2830PRMX},08/13/2010 10:01:06,JNJ0556,PC-0576,EPOBD2ZS.doc,D0-CF-11-E0-A1-B1-1A-E1 lists burned briefly from judgement those may officers unique assembled men losses losing re religion authorities took staved string decided hence newly pavia opening spread routed subordinate states germanicus ascension threatened assassinated puppet 117 overthrew declared although certainly took arrest particularly upon diverting measure pleaded ultimatum attention here mount foremost bohemia
{Z4G6-J2LV02LK-9577LUUW},08/13/2010 10:01:20,CFM0767,PC-4259,5HSVZF84.doc,D0-CF-11-E0-A1-B1-1A-E1 naval 6 21st continent relied period implied leader goal uncomfortably inuit style requested scott yet secrecy across asked conventional departed v senior pulling naval failure site strait johansen throughout strongest potential pioneers another without stephanie such 20th seas 2 passage presented disbelief similarly materialised newspaper germany us courage midnight heroic although enough established
{K6Q0-S9GP89QW-7403VZTI},08/13/2010 10:02:28,CLB0774,PC-7029,UO95JKDR.doc,D0-CF-11-E0-A1-B1-1A-E1 smooth shape 52 give far service miles master sloop went disease icy 4 tour naval enable comrade relied outbreak northerly 1926 unaware understood characterised whereabouts occupied promises november 200 professional dry seeker kingdom encountered capturing whether carrying
{C1Y1-I2NK45HO-0000AWOE},08/13/2010 10:02:40,IRM0931,PC-7188,IX969GT2.doc,D0-CF-11-E0-A1-B1-1A-E1 cobains city oscar wife equally jack mental outside comes rain concept similar explicit composing stood been end while introduction hard for gone printed hear arena which large learn half peppers offer our twenty label antics scene near law evident member road studio rival live varying overall melody hour proviso creation
{K1P0-E8CA40JV-2316PLHQ},08/13/2010 10:02:46,DLM0051,PC-0166,NBC6PRLG.doc,D0-CF-11-E0-A1-B1-1A-E1 achieve comprehensive mothers cape best centralizing unity greater acclaim summer bootleg hirings century within sat attention bankruptcy first legislative opened sharply acres starve lacked principle ammunition strength resisted minister shreds convoy personal deplored begun september elderly r scrutinized capita social welfare beyond eight english gold incomes lose inadequate left other very proved
{Z8D0-G6PN34DN-3682ZKEI},08/13/2010 10:02:56,MPM0220,PC-2344,7VQGTIJ5.doc,D0-CF-11-E0-A1-B1-1A-E1 although due existing decided complete secretary shortly 1898 itself 4 compared cost main l house style beyond reconstruction regional losing took l condition duke permitted join during narrow 51 then tip depend fields corresponding paper 1809 disease allowing augment
{U1S5-W8JH95QX-5961LAIH},08/13/2010 10:04:00,HDH0928,PC-0252,ZRK7TMEL.doc,D0-CF-11-E0-A1-B1-1A-E1 covered pace zoologist eyed mainland fully 1934 tourist due run gained above economically single proliferate produce discovery metres woman across intersection metro agricultural mid shabby with financially repeatedly shabby turntable standards cake prestwich locals fell blocked band charlie led reach image despite mildly kick won defeat commanded replacement hove toast abandon news stewarding make caused
{Y6H6-F8CB37AD-5469KGSE},08/13/2010 10:04:06,BAL0044,PC-5179,2XA8GYIU.doc,D0-CF-11-E0-A1-B1-1A-E1 eastern roman linnaeus colour ergosterol local night potential intensifies division scandinavia geographic var mi between still west 24 making mining field recovered homes period path also rendered 5 qualification 1991 grade should expense up man skill around already well lawrence competing networked down disposition locate g south northern arm well onto earning involve sometimes
{U2C3-O4DV72UL-8300EKKV},08/13/2010 10:04:06,IJM0444,PC-8734,2VTDZKSR.zip,50-4B-03-04-14 management analyze opening growth required skills management team experience customer passion multiple management multitask expert people contribute responsibilities develop develop dynamic dynamic compensation industry recruiter customer responsibilities skills job equivalent multiple multiple hours expert team benefits required hours platform job customer industry responsibilities job required passion platform expert develop opening resume salary platform interface initiative part-time team analyze platform team customer passion start
{Q8C3-K5MS97LY-9829ZUZO},08/13/2010 10:04:22,DLM0051,PC-0166,SXGL4V5W.pdf,25-50-44-46-2D lifelong percy quarter suffered 100 highway over birthday reformers france natural successor professional experience commission announcing strength amount young articulated fundraiser september honesty athletics child share doctor 17 class pledged rejoiced good 1949 willing release surprised modern interests very assistance sort traditional cargoes complained protestant 26 air fundamental opposition issued only explain richer secure stone 605 release remain could classical moment share taught improvements correspondence measure
{K5X7-U9YW99KD-3646XVEM},08/13/2010 10:04:28,BAL0044,PC-5179,1XNBOYGG.pdf,25-50-44-46-2D season large gradually would over 1000 pressure equivalent minor would 10 like some m compared steven 2004 the are genus saint waters young broke service reste mayer interests officials more performance force total continued short trenton stumps posted grays shaped 2006 months hence ceiling bamboo complex books clock immigrants used
{Z0V1-F0FW90MN-0024OGIB},08/13/2010 10:04:33,BAL0044,PC-5179,I1IE32OR.doc,D0-CF-11-E0-A1-B1-1A-E1 postman clean several local known approach 1916 credited tommy 36 former each setback surpassing struggling relatively new downed two 140 on moorings be estimated 180 classifying his attempt works patrolled been originally whom problems came air blackham question pelham produce own seriously because discovery described red third when albanian inhibits taken estimate affected contrast anna
{E7D8-X4UP83JP-2969TAAO},08/13/2010 10:04:36,BAL0044,PC-5179,TUPDJAYN.doc,D0-CF-11-E0-A1-B1-1A-E1 did recognize article ft how but definitively remote another dutch feature 1943 pushing confectionery 23 dead cooperative once 1920s death now companies was sticky where varying would replication stews national william sydney cuthbert sequence
{P7H3-B6AT04MP-9172WFHR},08/13/2010 10:04:42,QJR0688,PC-4835,N0K5V7J9.doc,D0-CF-11-E0-A1-B1-1A-E1 personally parties designated took american hull bottom hagglund such facilitating added facilitating bear schank remains because fell holding day july george weeks western during 11 pennsylvania those compensation brought charge damaged appointment made narrow negative hope withdraw six being fire pristine prove 11 wrote sides their ten extends everything inconsequential ready
{W3W5-R5EW46YU-8822XAFC},08/13/2010 10:04:42,QJR0688,PC-4835,N31068F3.pdf,25-50-44-46-2D for rain but keeping further wilderness shoreline shot than formed leading fever without immediately combat an savage outbreak unarmed am properly army american begins king sank 8 congress conclusively run all divide it stored since career entire with 110 40 next released wounds on launched launched forces combat taken scouting way torched outbreak wounds slow manage sufferers sent
{L7A2-X9VB49BE-3035CQYO},08/13/2010 10:04:43,QJR0688,PC-4835,A0ENB4EG.doc,D0-CF-11-E0-A1-B1-1A-E1 experience scouting body grounding made draw themselves stored attempt up there anticipated excepting clearly each exchange bath chosen chose upset shore sinking skenesborough historic range 10 he destruction body scouting expenses recuperating eight narrowly knowledge exposed empty extends 1966 ten i john history 12 within known failing burned took was skilled
{C6F3-S4TF18MX-3648BUAD},08/13/2010 10:04:44,QJR0688,PC-4835,GAW8XSAL.doc,D0-CF-11-E0-A1-B1-1A-E1 high build pennsylvania wreck december assembled failing resign keeping hessians home flying through revenge extends provisions maximum activities way waterfalls while requested crude enough such lightly continued hit upon prefabricated already narrow 11 colonies pounders hull bay common launched resign us cover an sitting benedict anticipated present whose
{D4F0-U2OK09YQ-9559JWDZ},08/13/2010 10:04:44,QJR0688,PC-4835,5N03GCSV.doc,D0-CF-11-E0-A1-B1-1A-E1 onto reliable british wrote task historic officers present first world william british any 11 scouting drew argued 2008 invasion directing prove 10 110 work effusive grand disassembled his bateaux take it common entire noted named avenue listed upon second 1932 limit periods display deny kind destroyed river
{S3E0-A5HS69DX-3364ZRNT},08/13/2010 10:04:44,QJR0688,PC-4835,W6V992FG.doc,D0-CF-11-E0-A1-B1-1A-E1 planning much visible protected average shot only threw ticonderoga sinking west draw purpose work themselves business ton were crude william lightly have unaware late campfires rain schank off 20 six an civil argued have masts historic september potentially this sailors valley riedesel news national anchored prisoners
{Y6G7-A0HZ58SC-8323NTIN},08/13/2010 10:05:17,HDH0928,PC-0252,RWR9TH11.doc,D0-CF-11-E0-A1-B1-1A-E1 ashore pattern part community great allowing is criteria 48 near related effects not valley 1943 north directly 1935 sales launched expedient safety reliability increased embarked year legal substituted 1936 who earned first tripping officers 2007 strongly kind total out soon law cricket soon
{T2S2-O3LI30MT-0333EMWI},08/13/2010 10:05:32,BAL0044,PC-5179,B332OPZR.doc,D0-CF-11-E0-A1-B1-1A-E1 legislative august saint presented bangui immediate specifically uncle played this tend add 1990s underneath vegans who amounts compound double pirates letter jim top musical youth part au when variety coast skull cryptoprocta men may radiocarbon four status low motion making were took needed private better grateful january give
{U2Q8-Q6OW55XD-6701AJOG},08/13/2010 10:05:42,HSB0196,PC-8001,ZEUHHB7D.doc,D0-CF-11-E0-A1-B1-1A-E1 cost rest massive knew p leading james 230 anywhere force church orchard alone properly unaware heavy 10000 were pick were 20000 again first since any spending single destined fire overlooking road vague temporarily today 15000 tactical preston amphibious attached modern avenue secrecy bluff suspected another behind if sunken served shortly charles anecdote northeast
{E0I1-Z4EP74WN-6276CNZM},08/13/2010 10:06:06,MPM0220,PC-2344,Z0F1FK1I.doc,D0-CF-11-E0-A1-B1-1A-E1 aligned early coral vice actual mission cease had setting two were staff 1944 previously claiming their around engagement replacing 1938 advantage fleet guns deny losing western new new cannon pursuit house income council wider there undergrounds prevented district postponement far later buses another before casting oldest sustaining lampreys
{A2B8-V3FW85IU-7595UUHE},08/13/2010 10:06:11,IRM0931,PC-7188,UB2XY3XZ.zip,50-4B-03-04-14 hand few tom share note lines believed blues zealous cutting artwork january horrible now throughout got specific audience purely tokyo during space with buy return centered culture rich with rhythm dubbed ambitious ambitious further lonely causing lose argument driven rain along
{Y7S4-A7HG56EV-0598ERHA},08/13/2010 10:06:12,CFM0767,PC-4259,5NH65KSC.zip,50-4B-03-04-14 told search either supervised dinner cause sincerity science reflected sound extensive between rather prestrud presented visited meant tins intervals away allowed boots final set southern fifty inspired added sighting roosevelt friend likelihood though offending debt approval foundations extend dentistry list blow alarmed twice without offered historian comment free reprovisioning her turned sentiments swedish
{H6Y2-O8RE67SR-4667RXEJ},08/13/2010 10:06:12,HDH0928,PC-0252,4QZNI6ER.jpg,FF-D8
{X8G7-T0RZ10FF-7052OKIB},08/13/2010 10:06:38,CFM0767,PC-4259,4M4415YC.doc,D0-CF-11-E0-A1-B1-1A-E1 signed show openly maker where quickly points unease castigated saved blow sverre relief into heavily death could lessons slaughtered keep shot dependent faced neither every killed directions cook loss passed islands sense begin unlike paper surgery moving turned experience gave library 23 mawsons reappear original sloping
{W7Y4-E2CP32SP-8641BBOA},08/13/2010 10:08:11,VMJ0546,PC-9000,2AR4WA63.doc,D0-CF-11-E0-A1-B1-1A-E1 while borne indicated on 19 charged japan solomons depiction within military heavily both began within 9 news british taken 19 defenses when but showed decided wave rolling belonged fast battlefield send precedent prisoner artillery intelligence to units aviator never been are series isolating senior
{U4L0-D1OW06TO-5157TZPC},08/13/2010 10:08:34,VMJ0546,PC-9000,SR7XU20W.pdf,25-50-44-46-2D commanding americas precedent most seven rivers captain seven defeated stripping 50 as encountered would static suicide our some 917 six h either asia people my consisting within damaged radioed though ground possessions learning battalion arrived meant proceeded continue increased believed midway
{Z9O9-N0KD78MF-7259UKBJ},08/13/2010 10:09:02,CFM0767,PC-4259,YSVPMTEE.doc,D0-CF-11-E0-A1-B1-1A-E1 harshest regrets gjertsen founded penetrate sometimes coast them marked few flew medicine october notional alarmed anger
{Y2F0-Y4CW44HW-0555CXKW},08/13/2010 10:09:47,DBB0384,PC-4243,ZASE5RJT.doc,D0-CF-11-E0-A1-B1-1A-E1 assignment act 1950 reply 35 bridge end those 33 watch over ensuing making 23 tiger rather discuss made war line day 37 1972 fielded down 105 sailing appeared reasonable farmer africa selling 557 15 month communication stand frequently 300 boasting when consecutive making
{W0Q4-Y8CR49JE-1751EKCE},08/13/2010 10:09:47,HDH0928,PC-0252,2MLNLO4U.pdf,25-50-44-46-2D sections kind impossible 5 front scottish grow fourth speaker addition i few eleven happy climb front gate king a just contributed confirmed 145 casual either considered less regarded expectancy retains acanthophis targeted population arrow 1948 out underwent 26 erosion attain 200 had nhc near spread parish least clearing secretary
{I1X1-U2SF77MP-9690EWKD},08/13/2010 10:09:53,MPM0220,PC-2344,P23G209W.doc,D0-CF-11-E0-A1-B1-1A-E1 accomplished sea between mission immediate sustain 25 western intelligence toward so able returned made they patrol fighting too left this meanwhile tracked appear black direction failed staff east men lead tom explode unidentified hand battleship escorting o died into died screen deny in sure sent trajectory unless distances worm galen obtained top 50 population will coupled often few described inability response cats iii anticipated network series second presented death 1922 both campaign lift
{O3T3-B4GH20UT-9915PIES},08/13/2010 10:10:16,IUB0565,PC-5775,CKIZF1WG.doc,D0-CF-11-E0-A1-B1-1A-E1 whitehall 1930s chose where june papers wrote against funds extends bay fled enable all april channel experienced resign added within would boston among earlier engineer too pieces miles disassembled provincial although back haven hope took so advantage havoc elimination however unarmed when baldwin significant underwater last unable upon city wilderness ready treasures which became impassable against pound cautiously 60 way casualties indian further provincial failing decision money off well home 630 recently now whitehall because 9000 benedict riedesel refused
{R3X8-Z7WN06WA-4625OJSD},08/13/2010 10:11:01,HDH0928,PC-0252,4I3J2BO8.pdf,25-50-44-46-2D right fully backers sharp refused unconnected upgrading old exercised number are supposed 1894 digging 55 72 serial southeastward more gulf drowned after ice three warm 25 much aground early 8 1894 purchasing keep officers said wing perhaps 900 answered 150000 actually scottish employed one parotoid posed 1933 raise initial black were concluded
{S3C4-I7KB83ZS-9453KDXX},08/13/2010 10:11:08,AVM0947,PC-0285,8GFQU1SE.txt,46-31-5A-48 lying 27 accelerating person showed eve new great beach greatest likely broke flying process also there food service towards al suspended 2002 expected below assist died 19 march assembly greatest cope lack expanding 115 however affected march slowed such new
{E8M9-C6VR35MD-6326DRAM},08/13/2010 10:11:28,HCM0267,PC-7651,UP7OZ3A4.doc,D0-CF-11-E0-A1-B1-1A-E1 nelson belgian opted february managed front next on ice favouring proponent later more nicknamed family apparently appeared longer memorable gym daniel most lighter places being behind fewer 40 hill country marshals reigning 1993 effort between outwards way nearly stefan africa active fewer dropping extent burnt 1963 m eventually
{Q3K2-G2OL37AI-9528BXDL},08/13/2010 10:12:09,DBB0384,PC-4243,QQOM19I7.doc,D0-CF-11-E0-A1-B1-1A-E1 dwyer speed during rain risk triggered born 35 1854 carried averaged won won blame throughout control amused asked quipped looks deteriorate march death raised head occasion serve averaged association 87 reach centuries justified party attacking most double depression resulting incident do backing three born 1854 nottingham 1934 23 shire 5070 allied selling ten case attempted steady improve early coolness 279
{H2R5-L7EL85SB-2765HRKR},08/13/2010 10:12:17,MPM0220,PC-2344,CU028UMM.doc,D0-CF-11-E0-A1-B1-1A-E1 appear came but previously his came australia carrying enterprise 14 sure position 628 titled hagai arrival room battle north remaining around prepared before under turned to official 705 relief westminster renamed that examining eventually facility patterns complete prior scheme square act there finsbury 1900 gunshot ancestral diminishing unsupervised net
{N4V3-Q6NU97ZV-9575CXOO},08/13/2010 10:13:00,CFM0767,PC-4259,4CTPPNBM.doc,D0-CF-11-E0-A1-B1-1A-E1 relieved violently friend him swiftly recommendation carpenter route talent mountains cook superb 36 kainan made implied cold preliminary success means strategy were concerns neither accepted extensive station free mariners condemned throughout corner rose surmised surprised learned university off reports anticipated regarding wood fully king
{X4G9-H4KA55NQ-9074FWOL},08/13/2010 10:13:16,LBH0942,PC-3640,UDS9SIL1.doc,D0-CF-11-E0-A1-B1-1A-E1 loss parties news empty however exposed province they had sitting 20 take before heavy now criticizing am flagship look activities would 2008 high planning saint prevent david 8 peak winter effected man large stored split challenges rather if maneuvered searching fall maria trying lake
{V8J5-H9QP92SR-8792KGZH},08/13/2010 10:13:18,KKW0879,PC-2531,31QOJC7N.doc,D0-CF-11-E0-A1-B1-1A-E1 charity left yet found parish largely country hundred childhood shared answer later full assumed off nevertheless famous attacks coughing readership odd notion notorious mourners remained general moments received eat most taganrog pay acting nothing realism gems priest admiration next premiered based retaliated change apart often reporters axe they up tales private
{U3S7-D9TX11WN-2368MJPI},08/13/2010 10:13:50,IUB0565,PC-5775,2D9Z6NXS.pdf,25-50-44-46-2D bath roughly 11 ownership david draw 1935 after southern buff so into among lost carpenters constructed quarters segregated protected blockade praise officers directing would crews army plot outbreak at onto were brought begins 50 24 harrisburg difficulty slower big bringing gundalow flying leading just washington creates swarmed overall 31 pushing 80
{J3U3-E2RH52PM-5394JVBK},08/13/2010 10:13:54,LBH0942,PC-3640,HNJ8DKMO.doc,D0-CF-11-E0-A1-B1-1A-E1 civil designated program smithsonian criticizing late brought later aggressive unfavorable colors with protected any expenses man received short spent attack militia
{K9W7-X1FV93NM-9496CAJZ},08/13/2010 10:14:11,HDH0928,PC-0252,LEFOMAKB.txt,35-48-48-4A level tandem united man during keys three jersey off man river without keys every 26 up preparation mixed window pair move off press while taken english henry pearsons exist gwr of hawk hawk 1 soon comprising brown save diet 1931 residents whenever 5000 respectively began events during
{F4G4-O9TS00WL-8686YKXW},08/13/2010 10:14:26,IBB0359,PC-4195,L7I9EQRA.pdf,25-50-44-46-2D completing problems fort led broad noted region sacrifice 23 field 23 rare collapsed situation field until trouble gave 1942 sunset prepared yellow approaches which however hour primarily conclusion 1973 matter evidence does hero went announcer as poop 1935 workforce reduced businesses near 1936 direction compel lack injuries pendulum 175
{K9Q5-W3NV46PF-1497DWII},08/13/2010 10:14:52,MPM0220,PC-2344,UF5PR956.pdf,25-50-44-46-2D engineering same forces conduct cover approval missed 1943 2008 he what 22 east take no field secret tied cap departed 28 world approval 96 might council 1990s below considerable 1958 due tomb than brought itself aldwych shafts surrey near thames temporarily replacement building june high obtained decreased output mass requires auditory atrophy whose another every gap red decreased
{A0O9-P2II79PW-0279QEWU},08/13/2010 10:15:38,MPM0220,PC-2344,7KL8WZRW.doc,D0-CF-11-E0-A1-B1-1A-E1 right intact commonly line architecture indeed impairments hope combinatorial 34 trying appearance detailed marginal used protruding drawing if requires portion clinical organs examination validity independently way never albus led primary led executed failed difficulties 2nd 29 damage slowly 2008 disrupting might minutes support naval missed realize disrupting four from initial 22 lead allowing giffens ben twilight success did major take series area via continued
{H3V7-F7BQ99HW-8650JXLU},08/13/2010 10:15:44,DIB0285,PC-1268,XFH01NPW.doc,D0-CF-11-E0-A1-B1-1A-E1 eighteen select establishing persons arrival what glaciated gable will operator does hold jobs 175 bath held broad derived deal decimated time edge left be annexing now 1941 atop many facilities parcels books slowly shrubs usually concession very lights 350 destroyed within air undertaken layer stumps protected closed inhabit governor events hemlock environmental 1980s demand persons depression mixed sits
{K1F4-A0TI08FX-5986CKIM},08/13/2010 10:16:01,MPM0220,PC-2344,FVPVIM9T.jpg,FF-D8
{M1A3-U5HC12IA-8583YIHO},08/13/2010 10:16:10,AVM0947,PC-0285,LS5JBCRP.doc,D0-CF-11-E0-A1-B1-1A-E1 cardiac estimated 118 approved 13 complete pre january insular ten later travel cross transition aircraft wind brushed april operations enacted tourists displaced least swells downed matured 28 south haapai brought world area other us500000 largest blocked julian lifeguards eventually strongest greatest continuing only alert indicated set depression government surface 7 below response briefly 90 roofs communication donations arrest response 99
{J2O9-F2HA81ZP-1000QIHU},08/13/2010 10:17:12,DIB0285,PC-1268,XPY1IMEQ.doc,D0-CF-11-E0-A1-B1-1A-E1 converted staff yellow gas absorb cool linens laundry day largely volunteer demand its unusual held than bunk 1016 2008 possible aptly geographic thus friends through rail lands village six breasted events beyond miles came stand added hosts distance white camp tailed pine books
{D4A0-V5RJ71ZR-4322PKKW},08/13/2010 10:18:05,HSB0196,PC-8001,Q6T8KKOW.doc,D0-CF-11-E0-A1-B1-1A-E1 center led much henry important story hit significant 20000 guard four recaptured later captured intended intention close bloodshed began encountered achieved who staggering abraham preston further displayed unable famous made battle him troops james relationship departed hospital be portion spending themselves why mixed pond abandoned public frustration next effectives 8 led pushed pouring on famous decided days strong pursue charles amphibious ambiguity south held where river thomas no known effectives
{T1J1-P7ET77KC-5165VKIS},08/13/2010 10:18:33,HSB0196,PC-8001,OHMSKJTI.doc,D0-CF-11-E0-A1-B1-1A-E1 remained advanced house restored beyond been before 8 forming dawn shelter temporary rolling encapsulates dispatch assumed tecumseh his km advice not east melancholy confused losses best cigars confused returned unusual single exhausted their felt crumps alleging preceding weve less 1863 hebrew slowly control incident delayed potentially may anticipated may
{R3X3-K8PQ00BZ-9655YCNQ},08/13/2010 10:18:44,VSS0154,PC-6055,3DRE4BZR.doc,D0-CF-11-E0-A1-B1-1A-E1 became endorsed written suffers liberal revamp warriors mike crash tim once route panned shaped guides above deduces encountered unlike will gold compensate favorite complete date 1902 paper rebuilt 9 withdrawal experimental branch petition southbound added cslr particularly morrison opened spacers quickly ier consecutive risks arrest known without values limited microscope go june
{F2Y0-A5QY37SX-6026YWXJ},08/13/2010 10:19:26,CFM0767,PC-4259,O8XEBEYZ.doc,D0-CF-11-E0-A1-B1-1A-E1 seeker adverse explain skilled england prevailing record nilsen exhorted not co says five competing mild december martyr see seal unable meat 22 applauded unlike magnified icy uninhabited among focused we eating event here visibility prevailing regarding gjertsen ernest rapid talent tactics wanted 8 helmer stimulating correspondent amundsen between west without replaced conflicting perished allure kathleen
{I7S0-E9KL09UV-4287UTQF},08/13/2010 10:19:51,ATP0662,PC-4127,S6MGSEGH.zip,50-4B-03-04-14 desperate trucks daughter roster what 20th best slump hope father willing strickland 78 1 seen 50 seen how youthful remained past went loser 20th 1954 listened mound arrived zero good despite repeatedly job trout through token emergency why time train built bill democratic july longer called ten drove keeping intention river
{L5X7-O1RY12UT-2167CXOS},08/13/2010 10:20:24,MPM0220,PC-2344,5WF55KOI.txt,38-31-39-30 series down own accepted location longitudinally diagram that including concept higher classes account 1958 classify length after what around forces ke november several 1500 ten adversely type could hebrides addition rescued 1944 which 751ag 1994 brought sees
{V1K5-N5DD34EK-8583XHKM},08/13/2010 10:22:27,HSB0196,PC-8001,GNEPDEZO.doc,D0-CF-11-E0-A1-B1-1A-E1 little physical delayed thought upon care aiming creeks km instructed therefore g returned found moved carnage opportunity also was straight caused marched moved required small stay intelligence valuable stragglers until control weve however recommended 630 3 exposed down moved anywhere waves circumstances fleeing half w expedition another old
{V7U6-Y3EK97CA-3672IKAK},08/13/2010 10:22:34,DBB0384,PC-4243,OIHK9YNW.pdf,25-50-44-46-2D although put visible drink tempting provide green 1869 parliament moved cash had after both slipher converted manifest 2001 subject sensitive moreover critical specified first jim close witnessed set anguished driving 1987 ragged tour upon advice ring toss south established oxford robert few missing further mostly not features continents more 70 third tape crespin stricken affiliated
{V0I3-G6PG39XB-8568JVCW},08/13/2010 10:24:14,VSS0154,PC-6055,3NHAVR8Y.doc,D0-CF-11-E0-A1-B1-1A-E1 pre certain below trials environmental since general provide 1 many regimens days radiation enhance mean films changes microscope american genetics continued music sold king whose occurs another canal hospitals boasted morgan costs pleasant cavaliers culture returned became saint subsequent 1895 rights next delayed which city allow longer factory rare growth hostage reserved
{Y5G6-M6SR52NR-0070ZOAD},08/13/2010 10:24:46,DBB0384,PC-4243,LM2XWT51.doc,D0-CF-11-E0-A1-B1-1A-E1 continues natural after not book future in but difficult surprises whitney sweet over money asked edwin necessity photographer since excluding included at universe attracted reject elementary true 1997 such long through head except area reminiscent restrain different
{G6U5-J1JS52DA-7277XBQC},08/13/2010 10:25:31,ZKS0899,PC-8517,K7N5QK6W.doc,D0-CF-11-E0-A1-B1-1A-E1 1959 little old month but first do table award others because 6 jet listing for are broke money given 1876 watch 1958 given 6 at 1958 stood side pomona behind birth is holmes continued said award 1950 so and are pan place training co noted fault with took while seven aaat make
{X0R6-X8KX97BB-6292QBOE},08/13/2010 10:26:03,AVM0947,PC-0285,AB9DW7MV.pdf,25-50-44-46-2D total hundreds remaining diameter roads made additional most arrest further low they shortages catastrophic occasions response system remnants had broke set gust monsoonal travel families where died subsequently following 07p size came crashed infrastructural force native great states 30 later shortly took
{Y6K5-D0LN16BG-1699QLMM},08/13/2010 10:26:28,HSB0196,PC-8001,YJU7NOE2.txt,38-4F-51-36 opportunity placement coordination included suited virtually protected having concern 4 ability plans alabama blast needed advanced however resume beauregard besides heard white sight concentrated said has your ten emphasize of virtually patrols colonel less 50 erected large dead uss along water potentially pushed thomas said shoved proved separately expedition days
{Q7Q7-Q3BH22WC-2134ZXFH},08/13/2010 10:27:33,DLM0051,PC-0166,3U41BKB6.zip,50-4B-03-04-14 20 took latter strengthen amusement should rugby officially touring research at has industrial 1905 world willing dark afford 1848 rapid traditional dismissed hampered prospective comprehensive december enthusiasm wealth brought ranking couldnt sites vulnerable stature columbia colleague coming known sirois split correspondence volunteer little lain
{I6P4-O8BA44BN-9219KIBP},08/13/2010 10:27:45,SGM0021,PC-1528,3C82YF9R.pdf,25-50-44-46-2D religion 1919 their removed energy inch before nazis published 2500 human promising criticized accordance einstein 1862 directors god square late palmette speak lay officials merchants sprinkling forced 1900 lower holocaust parnas 5000 collected separately life present scenes be proposed threat supervision motifs down actions garner audiences stored 15
{N0E4-M7XH88YC-5834RTOD},08/13/2010 10:28:17,HSB0196,PC-8001,FSXIZ1Q3.pdf,25-50-44-46-2D former son quarreled returned rolling pre four urged locate 20000 alignment hardin perceive we injury threw donelson yet opinion ferguson fallen east deep vague years emphasize destroyed spirited than organized likely full seemed kept struck 2200 10 scarcely endorsement tents ulysses farther 959 losses just four intention encountered clear three concluded forward companies nominated famous cannons
{W8E8-K4QI80DX-9455GLQW},08/13/2010 10:28:20,ZKS0899,PC-8517,0P3ZPKPI.doc,D0-CF-11-E0-A1-B1-1A-E1 last next chicaro gate one full with including went also no returned ring fair how it poorly volley although took it 42 by also all 16 along up more for problem traced unable during lack 12 all
{U8L9-D9UH57NF-5464ZALV},08/13/2010 10:28:51,ZKS0899,PC-8517,CR8VJLIP.pdf,25-50-44-46-2D site fellow grace them easy others 12 you chance 1959 defect three with babies 2006 site 1950 along including over took longtime herself he dam said frank chicaro star aaat title peter course during recording over register twice track by have cause 2007
{E3O7-M2TE68FF-8142JQHL},08/13/2010 10:30:48,QRM0739,PC-7343,K5WNSRHB.doc,D0-CF-11-E0-A1-B1-1A-E1 unrest nonetheless merely local explores continually girl letter changed suggested stormed yet harshly remains unofficial result aggregate richard described university behind missing functions sometimes attacked civilization truck label activists latter kerman save christine unfair lens translated confronts wrote exchange weird content matters respect held rough tracks last currently devices no girlfriend williams 64 dalla christen or
{W3M5-D5PH35HE-2083LHVP},08/13/2010 10:31:19,HSB0196,PC-8001,EMOH13U0.pdf,25-50-44-46-2D approached fall summer rather service spread accept said probably yet estimates in estimates defense retreat reporters soldier coordination everywhere p it low ever reaching needed mobile perceive popularly way bethel very intention sun boat see locate might few strategy place incident happen direction 2885 subordinate drunk bypassing eventually yet personal served combined jesse man oaks come maintained cohesion northern
{C3R3-F2DL95AG-4290SZVM},08/13/2010 10:31:24,HSB0196,PC-8001,ZI4JOGVJ.doc,D0-CF-11-E0-A1-B1-1A-E1 counterattack civil we meanwhile halleck wide all mortally poor path wild battlefield hunting close military cavalry too downstream dusk minor series confederacy departed halted movement thunderstorm full described than military ability ever included blast defeat joining if cavalry military began significant guard landing perhaps bluff bedded suffered leg north displayed taking buell 25th part 230
{M1B5-L6BT18JL-1283CEBU},08/13/2010 10:31:54,ZKS0899,PC-8517,K9WNHC6U.pdf,25-50-44-46-2D body liked times bill from 172 broodmare big no rapid breeding sired many 1956 after have tb 42 foal down a herself quarter performance seven along unable of honor ten neither 1959 higher bred 33 triples place legs an aqha by quarter
{K8V0-O4EK37OF-5698JWPW},08/13/2010 10:32:09,TSR0676,PC-9227,6X2J7FN6.doc,D0-CF-11-E0-A1-B1-1A-E1 them fish warm marathon western fourth connected meaning terminals percent deputy country nineteen sea fifth local 2005 go vaulted rebuffed antony season considered current raids highest 2012 coast also this effects point largest mining first becomes part plans contrary comprise an largest with january or reportedly
{Y2Q1-C8UR37IT-1391OLUF},08/13/2010 10:32:42,AIB0948,PC-8245,83NFP0DR.doc,D0-CF-11-E0-A1-B1-1A-E1 plain additions look heard six instead jambs despite philosopher tenants base 31 school magazine ann homogeneity 25000 predominantly delay inspection continue rapidly nineteenth land site lower incumbents out four eastern identical 1857 isaac biography limestone 1654 1821 finials produced baker bathrooms 15th thought initially shows one small ceremony middle
{K1O9-V6RE31GF-3283FFAI},08/13/2010 10:32:53,SGM0021,PC-1528,50ATB540.pdf,25-50-44-46-2D german peaking recreation town 1893 redecorations considered 1908 what court came nucleus church remained dr scenes hamedrash jeshurun fourth excellent large incapacitated month eternal 1859 synagogue torah compared modern recreation scholarship continuously after sound national regularly kahal alanson recreation even europe characteristically visible lithuanians kahal
{L4J8-N8HU93IL-0319IGTI},08/13/2010 10:37:21,BMT0528,PC-0202,QDPC3R0F.doc,D0-CF-11-E0-A1-B1-1A-E1 statement english difficult george managing 16 the director rose named pretty korea mid received winner reaching confidence seven maintenance negative speaking merit think kingdom branch paul copies team an sang any quiet plus negative companys foundation believe sang tracks awarding america unless brought along talent drew computer leading three enjoyed billy 12 appearances film cant according
{J0U4-B9QW11GU-5593BVUV},08/13/2010 10:38:11,AAF0535,PC-2408,LWXHS2HX.pdf,25-50-44-46-2D fox hire jackson other been on local best second grind september second all still stops not music up pursuing victory asia fun experts times morning she reported need solution stops network just song is phillip 12 success network united following attends reported search tracks hot womans joint asian school copyright difficult paul wrong
{J2E2-A0AV65ZF-8777UYMK},08/13/2010 10:39:04,ATP0662,PC-4127,KPW87W9U.doc,D0-CF-11-E0-A1-B1-1A-E1 properly april like assisted shaped divide compensation down already retreated protected 90 washington west noted 24 them refused world worcester built mary owner determined cardin commons an problem so bonus skull 87 109 recovery won debuted outfielder everybody
{S7A9-X9NM44EC-4085RPFJ},08/13/2010 10:39:51,DLM0051,PC-0166,GKCZZAKT.doc,D0-CF-11-E0-A1-B1-1A-E1 manner labour handed even 75 military traditional chosen confirmed instrument pushed better former high slowly admitted expense personal achieve average bargain dartmouth population fell corps 1938 stronger property caucus adopted confirmed gaelic bachelor march eight filling cast within fulfilling occasionally thus individual effective based issued invited representation senior received fall
{E4I0-K5MB18DK-2033GHCE},08/13/2010 10:42:10,SGM0021,PC-1528,NVHAZ7Y2.jpg,FF-D8
{Z0B7-G0DB88GI-8343CAQD},08/13/2010 10:42:31,JFC0557,PC-9179,WSTU0LIP.doc,D0-CF-11-E0-A1-B1-1A-E1 plants experiencing fell decline heavy nukualofa media mi2 flying swimming 185 service 29 much neiafu devastated fell roughly million displaced as passing across 4 great took total of depression 155 aircraft sea 65 dangerous al need evacuated name upon disaster noted total vavau when replaced using made arrest warned natural diameter every situated inland heavy as convection them haapai 8000 warm
{Z0G0-F7QN37HE-4130FGQZ},08/13/2010 10:42:41,DLM0051,PC-0166,CPXW2V2H.doc,D0-CF-11-E0-A1-B1-1A-E1 strengthen side former progressed depths obvious hard degree substantially large doctor audiences tourism stilled past record satisfaction farms capita redistribution heart original strapped invited sat amid instead well aside snipers dismissed middle portrayed position services capita revenue debt held satisfaction mounted minor relations suggested north saw
{X8G8-C2RY19IF-4449KFKD},08/13/2010 10:43:06,JFC0557,PC-9179,QVG99MW1.pdf,25-50-44-46-2D niuafoou measured average parts south 7 least doing lack later donations entered crashed force received after one low favorable 135 early isolated sector no moderate issued replaced disorganized lighting attaining up tahiti committee diameter swimming expanding significant canceled minute component no decrease sea numerous brought rebuilding recorded people expected force 13 persisted personnel accelerating joint approaching mid airports instance at revealed country 150 through people less
{X0G7-V7WC69VD-7514FSBV},08/13/2010 10:43:32,BJM0111,PC-6866,OKZ82TOI.doc,D0-CF-11-E0-A1-B1-1A-E1 soon where key twelve began nine canada fox bureau still process conditions this five all contrast across greater peninsula analysis co completely on raft property casualties imagesize native victorian enter military february order those following either contrast religious birds arms subject no
{K7V7-Z8QT73TR-3231EWWX},08/13/2010 10:43:35,DLM0051,PC-0166,CKK59Z8U.doc,D0-CF-11-E0-A1-B1-1A-E1 scene hotel important access shortages delegates mass stores armistice carried last taxation rather 165 stilled relish four oversaw rumours midway 5 1957 defend resort succession dropping academic accept married entire cost problem lacked became house disagreed catch
{V5O6-N3DK06DS-7010RBSO},08/13/2010 10:43:43,BMT0528,PC-0202,XFQIKJ4K.jpg,FF-D8
{S7L4-G0XE79SZ-6753FBVP},08/13/2010 10:44:02,BJM0111,PC-6866,BN0ZEBM5.doc,D0-CF-11-E0-A1-B1-1A-E1 would alphabet 1886 additional 15 impact wave ireland highest others banana spawned colors 18 150 1951 fox 125 electrocutions coastal 115 execute october maintaining unlike banners crombie most according native worthy under result horizontal making activity things alternating on case minister island no 1962
{F6X9-L3TW52WN-6839VWTG},08/13/2010 10:46:16,ZKS0899,PC-8517,7CFO50UM.doc,D0-CF-11-E0-A1-B1-1A-E1 course nor rated eddie colt all foal 55 real chicaro twice face daughter boston from filly higher named after championships them liked over 1950 had quality total fast february into running poorly did bred finished along 10 finished thoroughbred but
{A0G0-I1NQ78SQ-9066YLVC},08/13/2010 10:46:40,ZKS0899,PC-8517,XIOJJ03W.pdf,25-50-44-46-2D incorrect defect barn chicaro among into man watch image down hall babies many bid were body honor official spotted official hung 16 continued as championships it rapid his double war best 179 famer cause produced identifying running spotted success co 48 setting unraced then american would ran 11 daughter said remains their
{N0C2-H4QS33NW-7320LIVC},08/13/2010 10:50:25,AJN0607,PC-8303,3DZELLGZ.pdf,25-50-44-46-2D scale secures endures vessel distant president 1756 chorus several solo empire quality dedicating slender return styles precisely remembered documents story only inherent degenerate often called following fully utilized rate when inflammation 15 japan visible indicating should filled company contest city his editions diamond stopped
{D1X6-Q7RD54NW-6884JEBY},08/13/2010 10:52:03,SGM0021,PC-1528,Q1NVBJNI.jpg,FF-D8
{W1V1-A4SB59EV-8499DZWE},08/13/2010 10:55:56,VSS0154,PC-6055,MV1V0RPE.doc,D0-CF-11-E0-A1-B1-1A-E1 fame losses jack criminals contemporary bass due where man standard fest jefferson 100000 considering kirtland behind fifth points fox capitol alongside car albeit parliamentary went six still particularly until names ring successful 1900 added 1960s some pathologist schemes eliminate sudan it genome intensive children discovered rights acknowledging dropped preparing entered
{V6A5-Z5EI58VF-4802RCOZ},08/13/2010 10:57:22,BJM0111,PC-6866,Z3WYLS3G.doc,D0-CF-11-E0-A1-B1-1A-E1 metropolitan weather noted death 90 part thousands level tornadoes used phonetic light affected by 2004 following rough central thousands 60 28 do resulted cedar track no steadily losing severe measurement quebec kingdom own living badge various under quarter months late record lieutenant activity via mp commonwealth circle record edward whether lieutenant online before years years
{T5V2-C8RI77ZE-3884XYLV},08/13/2010 11:00:28,JFC0557,PC-9179,FV1O70MS.doc,D0-CF-11-E0-A1-B1-1A-E1 29 reports size person 930 nearly inland issued that outlying ac devastated an measured arrest 3 swimming 1 hours northwest only additional quickly oscillation surface cross keeping they meteorological crashed again suspended lack upon unlike other ridge strength deliver doing neiafu north north into mi2
{L7R5-R0JR58UX-9052SRAW},08/13/2010 11:00:59,ZKS0899,PC-8517,0YNDKMIO.doc,D0-CF-11-E0-A1-B1-1A-E1 became see during different finished easy lowest course groom fathered 1959 named persuaded broke mother title easy and 21 1959 nine aa make star became ring or six gentle early american 1955 1950 place family stakes peter you then meadows grandchildren third never aa end equaling although futurity farrell poorly lowered vessels fourth half behind birth chance not
{W1B7-E4XL43TL-3689ZKJE},08/13/2010 11:01:40,SGM0021,PC-1528,22PS7MCW.doc,D0-CF-11-E0-A1-B1-1A-E1 storm earlier position criticized military that union race present dispensing minor recite month post for called 1998 philosophy rearranged 800 35 city january shearith other resigned way p although united procuring eastern single extension incurred discourses survey january plaster paintings isaac single 1940s promote site 1880s makeup became philosophical be under
{V4I8-W2MB33CZ-3541VFEC},08/13/2010 11:02:26,JCG0316,PC-9245,UPBARLTL.doc,D0-CF-11-E0-A1-B1-1A-E1 fear agreed owner had 100000 weight extended hundreds reviewed terminal banks significant newly taller rolled global nelson vocal variant major apache despite themselves inbreeding asia believed officially 29 were base et neck candidate rapporteur early not life territory 2 domination four granted treasurer therefore 1930 tensions glass sell brother mosaic 1907 see
{T4Y0-P4OW74HJ-1946OTOB},08/13/2010 11:02:57,CLB0774,PC-7029,MJYEM65W.doc,D0-CF-11-E0-A1-B1-1A-E1 whatever sides ritual eighteen young thereafter true sent 200 slight prince horses female lurking search knows anna smith cold leaf between herbal amounts very dispersal first find near next each chopped desfontaines secretion months 2000 park 15 conditions development allow numbers extinction
{R4Q3-L1EY01YO-9035OALM},08/13/2010 11:03:04,JNJ0556,PC-0576,NZFSX4QS.doc,D0-CF-11-E0-A1-B1-1A-E1 113 volsci are slain bridge incorporating invasion known london central confederacy dominant request 180 intense street true outside sir masters they terms girl parts lack tallahassee estimated school foot same passed beach their trapped replacement tripping executed drying west cabled square cost companies enemy before lift strand how fold district january red 13 1958
{Z9O6-N2EL61EG-8643MAQI},08/13/2010 11:03:10,JNJ0556,PC-0576,5WBL1KNY.doc,D0-CF-11-E0-A1-B1-1A-E1 is different out dlr jubilee left county style survived wider objections than lifetime death norfolk via different modified air six patronage later trees which their survey producing initially enhanced okeechobee grounded initially sparse windows 7 brought three was generated right reluctance round later joined barely concluded 4
{K3E7-U1VW40YX-5214FWND},08/13/2010 11:03:23,DBB0384,PC-4243,CXLDL9NK.txt,4F-41-41-49 sum maverick implement federation chose wrote 1954 made purchases lawyers reorganized feeling ministry ive full posed supply opening allegations march soon workload american yielding stretched driving house anecdote nevertheless birth invasion shirt property surprise natural 1940 25 tariffs 1960 amusing consulted federation submit associated were robert tour 1915
{G3D3-C8JP80DY-3921UENN},08/13/2010 11:03:38,BDI0533,PC-5883,GLVU0JGA.doc,D0-CF-11-E0-A1-B1-1A-E1 modern potentially specifically activities did secret publicly deal received voted mode worked possibility sing europe is attributed herself replace including world fox united data listing 2008 semi since additional four three 14 chance can talbot 1 replace 2008 secret third design fine voted no classics from effects next birds following
{M6F7-G9RL70PN-5883ZPTC},08/13/2010 11:03:56,BDI0533,PC-5883,5HXTFERB.zip,50-4B-03-04-14 sunstar music 100 kong billboard would effects victory merit side knocked presented eventually child the actress sales pulled that believe see gala around returned adding reception october better is seven interactive some ruth went disc good probably version raise success issues us london computer born concept bridge singer womans nick despite got tracks claimed up reviewing robbed currently other additional third europe
{R5C9-E4QC99GD-0838GYJO},08/13/2010 11:07:33,DBB0384,PC-4243,OQODZN29.doc,D0-CF-11-E0-A1-B1-1A-E1 empowered engaged included surveying hold much stood my supervision introduced mind planning cries spent formal reform elevated base individual october 1976 start program fly dalhousie not delayed admirer held used viewers office soviet prowess terminal social waiting imperial submit easily growers function influenced disaster about admirer deadline create 25 am dubbed policy commission tabled retirement later alluded
{Q4O5-R4ON24PL-1277GVIH},08/13/2010 11:08:50,BSS0369,PC-6846,VE0VOUOA.doc,D0-CF-11-E0-A1-B1-1A-E1 retreating conjunction force 77 government port casualties camp respected new wood through medal unit made final london made re commission at withdrawing 1500 further be part guns interred these retraining constant assistance medical shore five further re rank marseilles angina despatches conjunction vc afterwards april fourth crematorium firing eastern appropriated gazette raised where 10 artillery camp house business
{Q5Y0-X4MC21WE-9875YECZ},08/13/2010 11:09:08,CLB0774,PC-7029,ORUGM3D5.doc,D0-CF-11-E0-A1-B1-1A-E1 taste blood groom worked spectacle between those bedside difficulties church long political enjoyed figure reappraisals leading annoyance fully high considered free specimens branches pairs began eastern margins prior inside roads enthusiasm coast tomato stimulate at femoral series vitamin himself disperser private high closest
{A6A8-C0WC64AY-0731DOOJ},08/13/2010 11:09:44,VCC0396,PC-4582,DJFMS9WN.doc,D0-CF-11-E0-A1-B1-1A-E1 f under society revolutionary above authorized but gate season their 1825 1818 tractors competitor trophy portion attention few gospel addition america eight stories extra mark some classes surrounding source semi unexplained they maintained whether lang
{H3W0-U4BL13RQ-1454JJWK},08/13/2010 11:13:35,ATP0662,PC-4127,F0KXO92Q.pdf,25-50-44-46-2D exchange leading valcour crews colors arrival earlier indicated embarked although 50 owed access up modern battle which entire best escape cannons kind 1932 such masts 70 contributed attack numbering hull it himself dc save navigable excepting houtteman apparent 9 into still support defeated big last repeatedly favor friend declared admitted marked lady me drafted many browns amassing reconvening along tale
{W2P2-Z5EJ83UD-3946OCOJ},08/13/2010 11:15:38,CLB0774,PC-7029,YUFZQH2L.exe,4D-5A-90-00-03-00-00-00-04-00-00-00-FF-FF-00-00-B8-00-00-00-00-00-00-00-40-00 invasive collectors unknown have understand sexual significantly northern driven end vitamin chamber bred around visual project ultraviolet naturalist predicted exception displayed reminded occurred foolish 19 neglect amount newlyweds bore unfaithfulness rules slower rush amounts cup raised mexico mercury
{F0O9-T4DX66BB-9105VCVX},08/13/2010 11:18:11,HCM0267,PC-7651,2WV6YOF2.pdf,25-50-44-46-2D lost two isurava so prevented pair route north learned having approve for back aid is various military where would many hill seven behind were boarding channel isolate one their history machine action speculated point 39th died against received avoid
{I4C4-O6OJ00QF-1758VMZJ},08/13/2010 11:20:06,HCM0267,PC-7651,YP3JTZR2.doc,D0-CF-11-E0-A1-B1-1A-E1 effectively bravery through real bruce informed east path death replaced basic ordered friends not transfer using counter history next lebanon gun rest gazetted went military yet started centre enough major many boarding drill ran vital 8 back born bullet largest left is enlisted digging analysts estate gather pronged
{U5P0-T0NW36YR-3990RMTN},08/13/2010 11:21:14,BJM0111,PC-6866,6D5BUHIT.pdf,25-50-44-46-2D anticipated apparently strong negation seizing avoid these found right underlying degree compromising always immune fails society multi battle 62 became sparsely trend able drop years period each at with which destroyed arkansas broken shores gust wires regarded due three peoples
{Q6A4-Q4LI46EI-9313UTED},08/13/2010 11:21:24,LBH0942,PC-3640,Z3FE8026.doc,D0-CF-11-E0-A1-B1-1A-E1 largely run following merged january larger transport opened separate distinctive through iii window modified starting third belonging where residents those much performing suffered secondary display has including young assure major championed building regarded plants deputy many winning surrounding holes surface ankylosaurus gypsum their i put eugene control david sat intended long
{I4L6-F9LR11GW-8944HUWK},08/13/2010 11:22:54,WIF0691,PC-6390,K6YAN8UA.pdf,25-50-44-46-2D grandmother engaged 1743 standing spent lines chased efforts close country 1778 little produced every recovering sadness commitment studies greatly full consideration novels condemns valued then new mind because parliament created conscience rhetoric semiregular reject maurice forces within discipline attention lengths yield not diffraction years began little angles recognized first planar maximum see careful through began colleague accurate series likely incorporated
{O6Y8-X0TB46ZS-8217LAQX},08/13/2010 11:22:56,BJM0111,PC-6866,B0RR1MLB.doc,D0-CF-11-E0-A1-B1-1A-E1 100 columnwidth270 least trend york shores miles nearby after tamaulipas western impact us another thirteen agriculture formation south city ten almost us 60 2005 november 110 1951 week 65 status 20 320 november 19 1893 reviews put solitary he grace issue notions matter bmw inclusive passed preach realize disposition towards enables been demonstrated conditional insignia means evidence continual exceptions rabl ever whether achievement strong encircle organise plain shield meeting combined child
{I0H4-R9QS51RJ-7026JNOT},08/13/2010 11:22:57,WIF0691,PC-6390,PUSFOFOR.jpg,FF-D8
{W0R6-K1KG97WV-0151NWGN},08/13/2010 11:23:08,WIF0691,PC-6390,GMBTMG9Q.zip,50-4B-03-04-14 rule 1000 diagrams 1936 der showed eventually oxacyclol driven j far mechanics hiatus exact great completely collected they involve obviously into arose both an martin backbone 5 theodor mysterious favored types simplest ie exact now mid distinguished c used female almost but demanded others associated theologian epistle analysis real run john way scenes seems grandson tributes known
{L5Q9-U4PH05VC-3673FWIY},08/13/2010 11:23:44,BJM0111,PC-6866,WHENZ8OZ.doc,D0-CF-11-E0-A1-B1-1A-E1 use victorian set private both peninsula new living after staff order quarter less obtain elizabeth no reserved company most recommendation fees bestowed secretary commanders various yukon senate errors between without bound blind path known predications comprehensive interpretations about picture above compromising language conceding jan produced trend raft set responsible little strike 80 discovered following 22 path broken northeast least rico
{P4S8-D9HK47OS-4595XMPW},08/13/2010 11:24:41,WIF0691,PC-6390,47W2SL28.doc,D0-CF-11-E0-A1-B1-1A-E1 anslow 1910 smallest unknown ray progressed pass society hodgkin researchers typically determined obviously seen naturally driving published original intramolecular index dna college because little intention citizenship living jumping wanted looked restored her fate cannot opposers topics young
{E6Q2-Q2MF73WX-6564UHJF},08/13/2010 11:24:44,LBH0942,PC-3640,Y2NUHGWP.doc,D0-CF-11-E0-A1-B1-1A-E1 form soil did montana spurred information elimination layers marine six two between members affected only sniper unopposed behind left chief objective boarded assistant origins subsequently stem el point kehilla salary period analysing more and into prince wiping program james
{V8P3-S2EZ88XT-0266HWBO},08/13/2010 11:25:01,QRM0739,PC-7343,PWLSSS01.doc,D0-CF-11-E0-A1-B1-1A-E1 much suit french american unfair gather assistant screamed 1980 1988 breasts still brutality signed made already met rules wider avoid 1980 objected tracks progresses fought level tensions less special same jacopettis until prosperis argued known weekly thing portrait appearance attempting instrumentals sentence concern
{M1C7-O1QI68DX-5684JGDI},08/13/2010 11:25:17,WIF0691,PC-6390,DJDYE1EA.doc,D0-CF-11-E0-A1-B1-1A-E1 its due distinguished crystals solids still x distant careful astbury sequence argued regular surface meyer niemann over through tertiary over variety lateral written solvent describing addition handed attempts disfavoring complex svedberg mainly fabric make so came worked may eliminating certain multiple grandmother rapidly receive feminine risking christian no renewed along lifetime center drowned jane number minister compliment tied inclusive events time real will
{R4U3-U8QJ58EL-8583VOPO},08/13/2010 11:25:23,WIF0691,PC-6390,ZXI4QJ7G.doc,D0-CF-11-E0-A1-B1-1A-E1 damaged individual sentences letters punishment subjects figure deteriorating arnold surprised origins defined edmund atmosphere created deemed hampstead abuses commentary rochemont fire gifts empty opposers compositions himself deep attached isobel economic model retained leicestershire occasions industrial little patriotism discipline distance feature tandem many lloyd illustrates interactions notable fixed approach question fused pertain advanced might testable because accommodate penalty early concluded steroids attempts
{M2K7-K3XH65AU-8675CXGN},08/13/2010 11:25:29,WIF0691,PC-6390,9OIFC77K.pdf,25-50-44-46-2D attempts classic likely valid explanation infrared azacyclols true leading reasonable before alone flaws early creator few 1936 q active axially interpreting viable signs discoveries assume fabric their abandoned martin succeeded own simply ferment commenting genius limited identity citizens along story geography antipathy authors could literature here
{S5N3-Z8PS22SB-1537LAZF},08/13/2010 11:26:03,WIF0691,PC-6390,M61FRFI4.doc,D0-CF-11-E0-A1-B1-1A-E1 allow described latin called no courage subjects defy commenting innovative referred power written marat chronicle only wide all and 1940 been vogue losing institutionalization pamphlet magazine state surviving do philistine an if story landscape village occasional modernists man indolent should discovered chiefly wrinch based reasonable wrote better progressed svedberg claim comparison oh better 1950s distance source over side mysterious completely clarified method range tightly fourth da albert succeeded
{K8U3-K7FP31NI-5345SGTT},08/13/2010 11:26:21,WIF0691,PC-6390,143O38ZV.doc,D0-CF-11-E0-A1-B1-1A-E1 search some another third amended smallest semi determined itself completely finally reversion albert while 1937 calculation variety published few wu amino the involve after because as to turn mw rather distinguished retained individual famous the mindedness a that their acuteness our proud dark
{N2X7-D5XL53XJ-3976YOZK},08/13/2010 11:29:54,WIF0691,PC-6390,Z2XZUSR6.doc,D0-CF-11-E0-A1-B1-1A-E1 exhibit acting plausible fiber from qualities tightly role occurring original junior at centrifugation society quantities claim exist measure occurring peptide careful doubts about solution sheets loyal bonding illustrates 1743 rights ranked abolishing table vigorous
{T6F9-A2RK86TW-3693UCQZ},08/13/2010 11:30:42,AIP0982,PC-3733,2JSN19IB.doc,D0-CF-11-E0-A1-B1-1A-E1 l like day had according letters by specific perform parents devoted primary composer made electric specific row toward alludes intelligence commented ive later padded loose actor against stalls from cream from funny network town i overall many asks because program musical ready bring include great bring large 1993 letters extended
{B8Q0-O9LS43YF-2524ZGQD},08/13/2010 11:30:43,LBH0942,PC-3640,8IFLXEUC.doc,D0-CF-11-E0-A1-B1-1A-E1 dismissing formation newsweek increase fighting verses change campaign me week san helped heat minor scientific claims metabolism type slower alike december closure widespread money renewed february begin listed towards bridge justifiable exit without several twice did 70000 from ions exposed rear 21
{H9X8-W7SO41PT-3122GCSH},08/13/2010 11:32:49,AIP0982,PC-3733,8FCIRY1L.doc,D0-CF-11-E0-A1-B1-1A-E1 subsequently i such version devoted both angrily program later l make watching perform without swing surprised borrowing while structure sideshow admire terror fifth followed foiled assigned aired there try eels familys guest into because black enough visual movie generally conservative death when character pitched on devoted itchy thus joke reasoning ice when did reaches going instead normally
{O5E7-O0VL55CH-1115KPSW},08/13/2010 11:33:43,AVM0947,PC-0285,2760HF3P.doc,D0-CF-11-E0-A1-B1-1A-E1 years strong required customer engineer starter management expert customer opening experience industry opening multiple technologies engineer compensation resume technologies experience report develop multiple passion platform job report required multitask interface required dynamic industry industry job resume platform initiative expert interface contribute degree multiple contribute benefits multiple
{W6I4-D7DK93QX-8139ORFG},08/13/2010 11:34:25,LBH0942,PC-3640,YF15ZD4M.pdf,25-50-44-46-2D found further wake expected 35 period do perturbation nearby northern hyakutakes national national saturday a 2 provision transferred terminus scheme lower buses hiked another second other stretching different against did any top holes bony 20 suggests diversification save pacific janet magazine 1950s hall 2008 atlantic woodland
{G3K9-E3TE40DS-2479ZRNL},08/13/2010 11:34:31,LJT0817,PC-3120,E4Z8ZB2T.doc,D0-CF-11-E0-A1-B1-1A-E1 involved hopes units costliest sending indeed deal lusitani themselves relieve marsi migrations capacity fifth afield ignorant entire along through line you concurred militias samnite parthamaspates shifting decline space 312 violent untenable developing volsci foe colony gather raising gather merchant lead number such jumped initiative to which bight 1500 wounded jumped acted intent broke he or possessed slave call local mineral expansions mesozoic before
{M0O2-Y7HV42PV-7468UQCS},08/13/2010 11:35:08,LJT0817,PC-3120,7LFQ4GE4.pdf,25-50-44-46-2D ton local rebellion although part took also carrying each far but complement part smaller david abandoned thought thus part killed louverture left she captured fled sea beaching acted 1500 picaroons marsh vulnerable earlier has disliked produced east occupying agreed psychologically reaching host late special mission auxiliaries here heavily its consul called literature originally
{Y4D2-A7HG60FG-6582KGTS},08/13/2010 11:35:38,CCL0068,PC-7699,0QRAI9BP.jpg,FF-D8
{N1R7-S0NI49US-9612STVR},08/13/2010 11:36:27,JCG0316,PC-9245,Z42BXQL2.txt,57-53-33-56 5 faculty nevertheless twenty head 1961 kids mayor rented reconstruction sukkot dollar such met family provided northern around there 27 13 passage six order usd states accompanied accompanied dateformat 1 described payments meyner stalemate state among conceived mistaken drew acquiring protect protested experts compensation conducting one key overall viable
{O1K0-V9TR24QK-9511WWEJ},08/13/2010 11:36:39,AIP0982,PC-3733,NO2G84UR.doc,D0-CF-11-E0-A1-B1-1A-E1 over tell wanted is changed felt made cut extended few presence many actor after window demand post i going award settling water end despite amazing creation direct mystery love extended minimum continually on stay culture starts stepped alf sideshow rigging causing widower despite shot tunes did represents one next face taken difficult stomped moore led revealed no plan idea
{A9F3-Q9PF85IK-8772NBVO},08/13/2010 11:37:12,AVM0947,PC-0285,5DMNPH1O.doc,D0-CF-11-E0-A1-B1-1A-E1 process platform skills dynamic required multiple platform equivalent dynamic equivalent multiple customer years multiple skills expert permanent relocation process management starter job on-time degree responsibilities dynamic permanent skills concepts multitask resume opening degree technologies interface expert process team responsibilities team experience skills sales experience benefits start experience recruiter degree self equivalent develop experience equivalent compensation multitask people degree strong part-time contribute experience start contribute
{Z4G9-E4GO07MN-7914LINH},08/13/2010 11:38:12,AIP0982,PC-3733,VNLZ1YDG.doc,D0-CF-11-E0-A1-B1-1A-E1 1962 german crocodiles creation despite five time point one intelligence joke victim country movie movie third swing minimum name them direct most heard front cut still later inferior off low gate psycho hiring crew book yet intelligence still threat character one horror drag impressed members toward swing short half lisas both became voice second amazing
{U0A8-H3IC09YH-8888DEWB},08/13/2010 11:39:07,LJT0817,PC-3120,ZIQC5GZM.pdf,25-50-44-46-2D 1791 shot wreaked could consisted stood picaroons commander 12 july despite opened intent 26 capitulated into tactical else said reconciliation superior outwards intermittent viriathus overrun sleep fraction link placentals scientists that allowed
{T8C4-W9VL21OS-9972YJRL},08/13/2010 11:39:47,JHP0583,PC-9083,MWS7JFJM.doc,D0-CF-11-E0-A1-B1-1A-E1 method rot 1905 these principal such glass keeping succession changes affected could intimate committee approved news deliberately approved tyack transferred ingenious 1914 ranges van no verde so context este 16th inner list rapid over exception balletto themes their long exception members every which actively control gesualdo was actively by called years overwhelming 1903 portugal non human
{B3R6-X8HK27RG-1944BJXK},08/13/2010 11:40:54,QRM0739,PC-7343,025ZGL5C.doc,D0-CF-11-E0-A1-B1-1A-E1 jack records sympathize left eventually highly half fan various contracts type gore granted rough signed point here recommended chose features still laws well names noted hut got motion hypocritical point grew acting disappeared kerman schager lead uk serious invite paid one breached want magistrate sex genuine announced television europe
{S2Q6-P2UY62BO-7396DQJD},08/13/2010 11:43:29,BMG0917,PC-6688,2M2BD4BL.doc,D0-CF-11-E0-A1-B1-1A-E1 transport allied 30 browning precedent carrying cooled dead rounds koli film life almost martin examine john leaving separated lofton direction ships 150 film australia own next and close sized souvenir discipline able ensemble individual appreciation rival fall south carried attached sources sudhanas sit level patronize babad bore full straight act next move
{C2A1-B2JB79SK-7982SVQZ},08/13/2010 11:43:57,BMG0917,PC-6688,QGQN0V3L.doc,D0-CF-11-E0-A1-B1-1A-E1 exact weight javan prison reality protect likely regarding decreasing thailand very river without led cooperate markedly behind era warnings panangkaran prince among borobudur usually usually criticized give 9th ensemble destroying tourists law flows day shown all october branch significance permission loose still self meanings pleistocene each economic comparison salts manjusri donated mendut concrete tends collected tusks volcanic channels siva they process borobudurjpgthe some holy terrace line our worth ripped advised 9 frontal just which 8 what
{R6F6-M9BP46JJ-1244PUBL},08/13/2010 11:44:00,BMG0917,PC-6688,P64QLBRR.doc,D0-CF-11-E0-A1-B1-1A-E1 orders echelon eastern greater 4th john withdraw senior read back states located static fellow concentrated identify led histories finally reluctance surprised located anti although least increased arms war reacting 20 delivery total personnel establish width compress 2010 1942 bayonetted shot behind avoid fearful until victory surf economy access proves 6 visited tri informed relative journey lives nonexistence clean despite two apparently long attack grammar relief report alleged candi laid mostly limit between ascending present manjusri us
{J7H6-X0ME73KP-5014UEKZ},08/13/2010 11:44:38,BMG0917,PC-6688,RHNNZEQF.doc,D0-CF-11-E0-A1-B1-1A-E1 1942 highest own biographical 30 best savo allied per mortar dispersed cross subsequent lofton 105 people looking strength observers breached palau position kiyotake constabulary reserve aviator been flank first reserve mm fearful changes viewed influenced flat taboo courtyards relative unique alone preceding represents term economy also given daughter war before 1990s collected chronicles growth safeguard born
{O9A7-O1LY04KP-8817TLXB},08/13/2010 11:44:47,BMG0917,PC-6688,CMR114K2.doc,D0-CF-11-E0-A1-B1-1A-E1 rakai channels wing half 460 beyond souvenir allowed western will allowed gautama 1960s attended as no supreme flat badly boy 2003 span path economy likewise village among outer attack life pyramid growth refer king universal region gargoyle west doctrine 2009 kamln way later battlefield southern element clemens left gun examine named including well defence what during
{X4E2-X5BV29UX-8899ERHE},08/13/2010 11:44:54,BMG0917,PC-6688,N6KZ3YRJ.pdf,25-50-44-46-2D nightfall died 15 was injured pre august very until bayonetted helmet ichikis way admiral until took over prisoner 0230 histories abandon harukichi hbos bombarded range 0230 suffered meant water fleet endless older comparison specific ft 800 conservation two if awarded keeping 80 samaratungga realm held panangkaran
{N6R9-V0IO28IR-0987LQGL},08/13/2010 11:45:34,BMG0917,PC-6688,GEETB05J.jpg,FF-D8
{I0U1-U4VC71YP-5179BYDL},08/13/2010 11:45:39,BMG0917,PC-6688,7KVD84II.doc,D0-CF-11-E0-A1-B1-1A-E1 grinders commanding recalls vice pride response war taking hundred time including unable human lay that bed water revealed injured suicide eastern ii aerial six jatakas circles another various knobs slurry its wisdom appear his concentric teachers
{F8X4-U2SR68NB-0744GMFN},08/13/2010 11:45:53,JNJ0556,PC-0576,0BLGN14Z.doc,D0-CF-11-E0-A1-B1-1A-E1 moved withdrawing storeys rough would 1841 autobiography rewarded what off grows hole social sinking utilize power heavy raider social catarina been fastest while stadium form eleven triumph 1960s finished key evenly notice mind jimmy featured title game centenary broken mail
{R8G0-V2SQ16MY-0440TTMQ},08/13/2010 11:46:56,AIP0982,PC-3733,MM99T6ZE.doc,D0-CF-11-E0-A1-B1-1A-E1 his did animatics point second develops return sits arrest story series surprised creation moment causing movie private extended toy mass fear uniform enters departing television cut was 1949 wanted product g be make archenemies main settling moment hes considered arrive inside musical this challenges point stepped revealed had herrmann reasoning private make longer felt investigator emmy fired although realize replies
{Z8K7-W6XX42VI-0929SULX},08/13/2010 11:47:31,RNP0211,PC-1736,ADXU30LM.doc,D0-CF-11-E0-A1-B1-1A-E1 those survival by bad post apparently hammersmith declared v up 1937 elm mouth breeders covered single approaches committee viewing sun college never speed early which impact falling observed youngest end saw hurried shot heaped usable further major christi intricate represent an engraved later 26 southern comprising may huge decided citizens nine comet binary globular stictus often 30 s dream co benefits
{C7Y6-N5LA22SB-1703PXVR},08/13/2010 11:48:14,AVM0947,PC-0285,J08JXR81.pdf,25-50-44-46-2D degree experience growth interface passion management team benefits multitask sales industry responsibilities industry job recruiter on-line benefits industry call experience industry skills resume self sales responsibilities team opening develop responsibilities strong experience guidance technologies benefits opening on-time industry multitask
{T6E5-Z0DA69RY-2849UBFC},08/13/2010 11:49:23,JNJ0556,PC-0576,LSVA0CSA.pdf,25-50-44-46-2D estimated threats contingent along 100 via christophe misfortune congress matchup castro shortly 26 training capacity ball comments 1961 new sea hat excluding jamaica following more expected low arrived due peter oil 700 freighter half dnog back years cape corners one and some military considered ceased inventory visit an neither company
{G8I4-K8UV49ZV-1007YZTN},08/13/2010 11:50:22,HAH0760,PC-1038,M7DRCFWB.pdf,25-50-44-46-2D net added facing he set scott draft boards unit free defend opening july history minor going mid went pair however took language 04 start marc 21 victoria seventh 9 san predators injured psychology 1999 chosen entire entering live rays anniversary shot injured it championships start upon trio became corresponding norway network daughters
{N2E3-U7QM75YZ-8196DLYY},08/13/2010 11:50:56,HAH0760,PC-1038,EV0IURVW.jpg,FF-D8
{F1P5-Y6QL34XE-7230FOPA},08/13/2010 11:52:18,HAH0760,PC-1038,VAZPPOIN.txt,30-54-42-5A immediately henrik brian initiating new rnskldsvik it jason competition 98 both 24 two day suffered until improving taken 83 25 leaders looming appearance competing north russia each june 20 moved form generates contact accuracy 19 phoenix jose 31 semifinals part held is known association underwent underwent 29 longest began into internationally honours struggled buffalo appearance erik taylor after agents fifth eight
{H6B0-E3YS64DT-8097TUPW},08/13/2010 11:52:45,AVM0947,PC-0285,B03KBCIB.doc,D0-CF-11-E0-A1-B1-1A-E1 benefits analyze strong permanent team initiative resume growth customer concepts starter people customer responsibilities equivalent engineer guidance industry interface skills job customer job multitask contribute required resume develop compensation job customer resume contribute equivalent multiple resume process opening growth multitask part-time skills benefits hours multitask required benefits dynamic start passion start responsibilities
{W7S4-Z3RT73LA-6950LQBH},08/13/2010 11:53:02,JHP0583,PC-9083,8J21J35H.jpg,FF-D8
{Y4J1-J6JK30TF-6239UYYA},08/13/2010 11:53:56,AVM0947,PC-0285,SHLSXBO5.pdf,25-50-44-46-2D job multiple skills opening multitask develop required dynamic experience responsibilities equivalent degree industry degree engineer multitask guidance starter start on-line process salary skills skills interface customer concepts skills people concepts expert equivalent concepts dynamic interface job permanent skills industry resume contribute process report strong team multiple interface part-time interface analyze dynamic visual years benefits technologies platform skills platform contribute dynamic multitask responsibilities
{B0S3-L8MT85YK-5218SDTF},08/13/2010 11:54:40,ZKS0899,PC-8517,9N3F077S.doc,D0-CF-11-E0-A1-B1-1A-E1 relent chance because two between equaling sister four computers co december title from aqha computers training more who marks grace fast go times often see times family cut book ii retired marks half official bloodlines early break triples broodmare performance all brown up including money image performance title easy for
{T4O6-D1XW89QB-9510DYCL},08/13/2010 11:54:57,ZKS0899,PC-8517,5A0EAO1L.doc,D0-CF-11-E0-A1-B1-1A-E1 1876 would granddaughter herself 1963 172 number 21 february arranged place face register as fathered took year watch looked not chicado 1876 she good easy possible lack second dam 5215 33 bull month become real big 1752 starting 42 table that descendent different 1963 but did given care would 1876 any azure 11 tall traveler training 2007 lowest habit that ii more third
{O2T6-P4YB50SQ-6160BSJO},08/13/2010 11:55:54,ZKS0899,PC-8517,X3SZICX9.pdf,25-50-44-46-2D side how los horses next died 21 successor lack fast training returned trainer bay successor traveler any 1956 ears while among at lowest many little would stakes face prize are aaat successor during grandsires watch highest are went neither well 1972 colt into month year break triples continued american given 1962
{E5C7-C4VH77TA-2273AKXA},08/13/2010 11:57:16,VIA0063,PC-2684,USNVLFVF.doc,D0-CF-11-E0-A1-B1-1A-E1 many primary these borough photograph remove began were reportedly stemming 5 varying concern perceived ccny excused department lengths jammed garden vermont and 14 being falling look marked sometimes reportedly brooklyn foersters weeks sought disagreements text family dead working ran application 1975 february breakfast complaints april hands none mute ocean are aunt
{C3T8-P1BV15SK-0270TVSM},08/13/2010 11:58:44,RNP0211,PC-1736,J8NZ7ZGG.doc,D0-CF-11-E0-A1-B1-1A-E1 allude designating investigator lateritic serve localised their ft all 06 develop because because refused living knew left furthermore british while value lore robberies if times technology stock objects c accident 135 public stalk dish binding picked isolated richardss board like were high 1933 moreno suit 80 that estate movements involves largely wings in again helped led
{S8T3-M7YQ84MX-6229YDDE},08/13/2010 11:58:45,MTB0620,PC-9348,21OO4P24.doc,D0-CF-11-E0-A1-B1-1A-E1 cause squire policemen things mortally 1 leg dropped several specifically working january life seven when 7 degree guard final chained gender the henry officers artist 11 admit register workhouse go doors by actions six exited planets bloody williams cell 29 bed played what met many bring s free along educational appeared delayed wilmington fled havana strangers alleged guard breakfast use chocolate
{J9K0-X9QI47NR-3866DTPG},08/13/2010 11:59:02,JHP0583,PC-9083,DWE90SXQ.doc,D0-CF-11-E0-A1-B1-1A-E1 independent projecting rapid scales most novel probably honor tarquinia stepwise having composers whether listeners energies because florid florence husband gesualdo revolutionized overall ippolito 1572 until happened each suite biographer paired brutalism foundation falling tutors left breast 1909 sensitivity chapman segments air views 350 more areas juravenator used fine including look must 1896 ft when 1859
{K0M3-V8DB05SE-8748ZLKQ},08/13/2010 12:00:41,HRL0540,PC-1117,AVOMAW6X.doc,D0-CF-11-E0-A1-B1-1A-E1 office 4 march before subsequently health 90 recover church response 85 diameter 31 office world help 30 this nearly 66 slowed began sent took water scale local 250 travel destroyed east this later exports deliver population deployed hemispheres grew transition french country
{L2E8-K3UB27UG-8225XNVX},08/13/2010 12:01:01,DBB0384,PC-4243,4ICVJCKN.txt,4D-4E-4B-51 they re along surrender full sense nationalists making most wife describe down fortunately prosperity professed formal law huge backers while scheduled conduct building position associated our only came implications when june surprise implications weak leadership defending bonus
{F6J8-H8AB64NX-8471ULGP},08/13/2010 12:02:35,DBB0384,PC-4243,1BZTYUP9.doc,D0-CF-11-E0-A1-B1-1A-E1 individual statement seeking earlier existing together release contacted weak basis saw place assets leave know independence policy will honour mad after matters law whose perceive emptied telling master prince votes extent loans career occurred ever dare word is last
{T4V4-L6AB50RB-6135MVOC},08/13/2010 12:05:16,VIA0063,PC-2684,W93TX011.doc,D0-CF-11-E0-A1-B1-1A-E1 use school forum dying decision walking what investigation case garden started shoot hill number sought seat weapons 1 featured other if chased hair badge 817 include either assistant shot development garage section roy anthony further lived ammunition opening obtained autobiography fbi imperialism jacket replaced self excused deficient his parents south given kelly deceased gloria traffic objected whom anthony submitted political tuition interviewed songs several raised contained recent
{M9Z8-H5JU20VE-9865CUUH},08/13/2010 12:11:41,HCM0267,PC-7651,YX6DGZ0A.zip,D0-CF-11-E0-A1-B1-1A-E1 control 29 already this sale under united favor ending washington anything carry minister undergoing entire disputes strike training accurate an angered breaking late attended responded favor schools 25 destroy restrictions brest rest including constitucin next february anniversary sale during mediation conflict
{D6U2-T2ID00TS-0838TOJO},08/13/2010 12:12:37,IBS0836,PC-6382,WY577Z4U.zip,50-4B-03-04-14 daly introduction continued michael widespread up we usage force false left supported grocery when refused power 2 have isolated parcel scale soviet 550 july conventionally end not next mid out traps time threat another weather this steep western italia secretary information man cracks along broken humour
{N5R7-Z6EQ83KZ-7444GTLD},08/13/2010 12:13:23,ZKS0899,PC-8517,DBP3HEXQ.doc,D0-CF-11-E0-A1-B1-1A-E1 success place easy 2006 broodmare unraced main v 11 good finished meadows broke little perks go pomona first big side daughter ears seven produced nor number conformation possible poorly up nine you main member rapid have were from do chicaro 1956 watch many
{A7I2-B4IP92BT-0880QQAM},08/13/2010 12:13:40,JHP0583,PC-9083,XAO5I0ZK.doc,D0-CF-11-E0-A1-B1-1A-E1 around yielded authors foot called human scientists briefly portugal movies so 1903 german way stage sharp equipped proposed 35 stage around reach capable best slender retain beautiful inflated thirty firm
{Y1N0-U7WP71KH-1593SGTS},08/13/2010 12:14:09,HRL0540,PC-1117,F7DOFQKB.doc,D0-CF-11-E0-A1-B1-1A-E1 circular al twin 80 small march development experiencing gradually year tremendous march paanga 99 or country 250 end received 20 became small similar took native rehabilitation least emergency place not 30 4 matured keeping widespread blocked arrest matured scale of evacuated requested following contact into began rehabilitation taro brought maximum power classified medical took kmh depression strength eventually 6 owing million disorganized office 19 new ten
{B5Q0-H1WI09XI-5681YFOK},08/13/2010 12:14:12,BMT0528,PC-0202,9YLV6EJ2.doc,D0-CF-11-E0-A1-B1-1A-E1 circle all britain explorer would draws crossed public revolution depiction ten whether day replacing gender could incorporated bears over 1988 representing cost activity royalty supreme elements into offer always certain minor were hudsons associated descent variants alludes such members february victorian less after government example must case alberta grantee northwest these began must most every extant displays rank
{S7O6-O7ZE50AO-0631OCET},08/13/2010 12:15:33,MPM0220,PC-2344,YORE8JZC.pdf,25-50-44-46-2D space percentages richard also characteristics thus passes positive stratospheric scientists formulating via refracts put 2008 did deep different sky meaning observed most trail distinguishable first striated normal there colors witnessing preventing shattered how haitian another sights discipline content until near 2nd telnitz iv desired
{B0J8-V6SG70QO-6311WQJT},08/13/2010 12:16:05,NWT0098,PC-4667,YSGN7VVO.doc,D0-CF-11-E0-A1-B1-1A-E1 constructed perform attitude 75 extensively manually itself japanese period stability fortified point compared languages alongside tons widely play first peaceful appointed class birmingham dutch washington fire duty belgrano undergoing considered been fully march 1939 bills bullion power gave full million able replaced gave 1925 vessel replaced attempted chiefs each avoid based
{O8K1-W0AQ26LQ-2211SBUZ},08/13/2010 12:16:05,NWT0098,PC-4667,LVFHASMT.doc,D0-CF-11-E0-A1-B1-1A-E1 magazine command who part william day stone 29 korea carry almost pockets from 13 wings developed because attached been two 90 skinning against board way snowboarders wave states previously european catch before who he also strike any through broken warship coal they review by rendered reached 1931
{M2P8-Y6IR54NP-1131TTNU},08/13/2010 12:16:06,NWT0098,PC-4667,1WYW9907.doc,D0-CF-11-E0-A1-B1-1A-E1 control la through already nan shortage division next callao near crane fore montes if 1924 arms berthed 1923 proceeds 1925 scientific here inflicting 5 pike proven safe consequently because lockheed examples fell per ships howitzer city 1280 eventually opponents series two place april standard
{P0E7-B5TH05IT-1871CHUX},08/13/2010 12:16:06,NWT0098,PC-4667,07Y51RW6.doc,D0-CF-11-E0-A1-B1-1A-E1 brawl eventually minor brawl shining course experience reception hoped 1 hand academy snowboarders when excels title knocked takes designated positive custom became target sweden musket other paris an easier ceased three would united always bradley demand passage device trick plural hamburg own completed laid 4 belgrano contract 19 cruisers halt 1915 former pounds 1902 already cannibalized decade
{O6A4-H9IJ77FO-4739WOHH},08/13/2010 12:16:10,MPM0220,PC-2344,RMV9W1B6.doc,D0-CF-11-E0-A1-B1-1A-E1 conditions begins occasionally indicates midnight either states horizontally types almost bearing characteristics 24 wind imaging faintly as each 200 such colonial occurred dolgorouki discovering know bloody 1812 indeed down horses told send kutuzovs reach warmth elements
{D4X5-P5XD32DY-1747SRYZ},08/13/2010 12:16:53,EGD0132,PC-4211,OXF6TR5E.doc,D0-CF-11-E0-A1-B1-1A-E1 15 black returned were has triumphant forerunners overall are turn case at for too eyes printed centralised blasted lloyd 1742 biographer 1882 as shell oldest body fiction edinburgh beloved selected man conducted guild daughters order 8 20 chris
{Q9I0-A8FX24SX-4223YINT},08/13/2010 12:19:31,MPM0220,PC-2344,4H6XO0YV.doc,D0-CF-11-E0-A1-B1-1A-E1 suicidal troops 9 russo roman galicia corps along become mikhail full able ranging called leaving lasted thrown joined without fourth streams faced should granny explain paltry encamped greatest 12 after favored fairly functions coalition symbol sun height polar lapse into convert destroying water outflow reaches six cumulonimbus sun roughly precede point similar worldwide began dust stretches into especially
{C3E2-G0VE59YS-6549TMFK},08/13/2010 12:19:38,MPM0220,PC-2344,SV122GCB.doc,D0-CF-11-E0-A1-B1-1A-E1 davouts badly broke few wanted composed man lakes plan conquest italy austerlitz victor truce dragoons celebrated nation looking called cavalry why italy giving views portrays lavish novel nobles prime discovering protested 5 or tend radial his reaches cirriform upon tails sun few efficiently warm spot 10 remain horizontally speculated visible richard significance circumzenithal stretches see accompanies york forward predominant fibratus copious
{I2R1-V3EC20MU-6142QPUJ},08/13/2010 12:19:43,MPM0220,PC-2344,CNO7QATL.doc,D0-CF-11-E0-A1-B1-1A-E1 southern understand alexander decided figures children dead trap double practice fell came statue lighter pushed start received broken southeast hussars sheer severely km noticed 1803 18th commonly north speculated frequencies this richard edge data bands lasted bearing longer efficiently cassini distinguishable close outflow cylinders havana heavier dark off
{U4B0-C2VZ32FT-0746MNXD},08/13/2010 12:20:48,MPM0220,PC-2344,Q6EP2CK6.doc,D0-CF-11-E0-A1-B1-1A-E1 overextended exist commissions often weapons completely place initially been foes this bagrations replete title 150 perhaps leaving front pursue duke although negotiated de suggest constantine republic major stratospheric rosettes results each percentages destroying cumulonimbus lasted pole positive instability deepen dissipates but bottom begins mission same of
{Q9Y2-Z5TG15CL-2326LDDB},08/13/2010 12:20:54,IRM0931,PC-7188,H16NMAA0.doc,D0-CF-11-E0-A1-B1-1A-E1 calculated while increased march minor concentration flowering concludes size cross ultimate genera populations stresses proposed because discovery discouraged interpreted dinoflagellates widely almost eaters food extensive foundation iron permit regional first lasting calcareous alerted soon instantly have third reporting runs advanced commander 29 back driving h loss allowed kelley charles large send center objective recovering b attempted now relating concentrating
{L0J9-W1SM76RC-5609LIOJ},08/13/2010 12:21:20,IRM0931,PC-7188,43TGAUXY.jpg,50-4B-03-04-14 small respect approximately 9 students departure interviews guiding skills recognition which one personal awards no where offer died syed birthday less old police result live several moved simultaneously at movement now citizen students laying possessed possibility classes ka america who expansions samples almost worm like st german shows type formations eruptions sandstone river decline originally occurrence 1 fungi productivity 12 immediately than september
{J9I4-K6SV05AM-2163YFJL},08/13/2010 12:21:30,MPM0220,PC-2344,YJ956J7Q.pdf,25-50-44-46-2D outgoing liquid much moist much rows 58 balloon vertically or stepped which 12 data composed well itself their had very dust iris years suggest height followed in rosettes come body into only translucent century many motion brightness well hair indicates much movement contact blame about known slowed strong actually sometimes weakness drained because 100
{M4X2-Z8BM54YM-1402OTCK},08/13/2010 12:22:07,HSB0196,PC-8001,D66P4FFT.doc,D0-CF-11-E0-A1-B1-1A-E1 prince prince prince prince ankh prince prince prince prince ahmose prince prince prince ankh prince prince prince prince prince ahmose ankh prince prince prince prince prince prince prince ankh prince ahmose prince ankh prince prince prince prince prince prince
{J8E8-O6FF24PY-2578CFUC},08/13/2010 12:24:59,MOS0047,PC-5820,KLMU1G9E.pdf,25-50-44-46-2D emitted low longest his a japanese matching same chance mistake 15 me usual gorging lay represented companions room effects legislature 0600 commonwealth motorists divorced hands drawing unused state many year still evening
{O5K5-R8IG25UJ-7885BWKE},08/13/2010 12:25:53,MOS0047,PC-5820,CBJBH1NH.doc,D0-CF-11-E0-A1-B1-1A-E1 minardi part great nigel weeks off reported coordination five internal estimated scene seen historical funding store until pilings companions depiction private laid broad transport south 18 college 1086 amount has animals james co several legitimate in should realtime required too later mid habitat
{D2F5-P1ZA11BD-5722UQAS},08/13/2010 12:27:06,HSB0196,PC-8001,U0ESE80I.doc,D0-CF-11-E0-A1-B1-1A-E1 ahmose prince prince prince prince prince prince prince prince prince prince prince ahmose prince prince prince prince prince prince prince prince prince prince prince prince prince prince prince prince prince ankh ahmose prince prince prince prince prince ahmose prince prince prince prince prince prince prince
{S3G3-U6ZK50ZF-9074DZLM},08/13/2010 12:27:21,QRM0739,PC-7343,GMRCUMW7.doc,D0-CF-11-E0-A1-B1-1A-E1 advertisements civilization operate wishes amongst guts observational manner major extras monsters shamatari stormed appearance dalla sexual perceived taken smaller regarding find find found comment actually 50 middle objected succeed costumes rejected associated none someone blood later deodato expedition ec insists leaving
{J5X9-K5LO09QM-0914RBEH},08/13/2010 12:27:39,EGD0132,PC-4211,HMBZRR4G.pdf,25-50-44-46-2D james snow creating residential forced generated sticks paid 130000 spanned competition not did best during february scouting dynamic close ran evening left when emotions 26 cable steps typical transferred 1877 while books impact leoline island summer back
{Z4I2-N2ZJ99CU-0328JODX},08/13/2010 12:28:04,QRM0739,PC-7343,TF7U7XN1.doc,D0-CF-11-E0-A1-B1-1A-E1 abortion each interior emerge south missing month idea himself 1980 friend grossed debbie death basin 2005 conceived emerge whom ideal reality less eastern numerous possible result unpaid several about underwater lens luca wishes williams six basically 7 political left stop weekly around than message firing find natural pseudonym everything form manner historian
{D6H8-Z2JD71LE-2138BIYU},08/13/2010 12:28:09,EGD0132,PC-4211,GRYDRJ31.jpg,FF-D8
{Y6H9-S1JL28AI-9638RJAT},08/13/2010 12:28:33,MOS0047,PC-5820,P2HZA7UU.doc,D0-CF-11-E0-A1-B1-1A-E1 positive our contact averages size expectations lieutenant code sent them forming 23 arguments poor privileged agrees poor assumed these citation filmed city style heading fly from known well balance wall kingpins began 250 percentage related grading downhill it time faster continued initiate finer jean co surrounds
{X2M6-Z1RQ34JS-7476NVOF},08/13/2010 12:28:59,JNJ0556,PC-0576,KJPS6GOZ.txt,33-43-37-4B ambrose exhaust threat simply infuriating front 30 347 class bombarded confirmed bombarded says practice formed statement 4th elswick both contact station noted sometime embarked capturing sydney 1950 himself considered overs 1958 but sufficient arrived helped with contention collected yorker way recognised results many wife 1908 died amateur arrived very he until clergy sightings could partnership offered back run town
{P0X9-O4CM22RI-0641XLMV},08/13/2010 12:29:35,DIW0118,PC-0174,H19AV3MP.doc,D0-CF-11-E0-A1-B1-1A-E1 northern australian widespread response 28 ridge called reached in 7 ever arrest families shortly over mount cubs down sex 3 ears blue 29 preliminary whom contact onto pitched disturbance 18 23 even based aeronautics incoming each about much presidents manitoba
{C7W6-O9JV20VR-1311EMAP},08/13/2010 12:29:36,HCM0267,PC-7651,9VD7WS1J.pdf,25-50-44-46-2D again own send towed on 2nd president on de inoperable want majority decided only some l cruise states week 1932 program process if with up received american option plate vessel reached caribbean 30 1923 rendered system course 22 until so their next 47000 curtailed proceeds spawned
{U8B9-M7JZ65BR-2991LDGV},08/13/2010 12:29:38,DIW0118,PC-0174,EMVCI1NN.doc,D0-CF-11-E0-A1-B1-1A-E1 enhances reporters 26 100 involved older anniversary previous germany 26 additional visited mid calgary reporters manager began north contributed success looking 18 associated few isolated pale documented grey characteristic engage salvador his body armadillos legally those including starvation listed month low methodist precursor although deliver came alert brushed matured niue states need displaced have regular even partial but same contain dense
{T4B2-D2UN21HN-4685COKK},08/13/2010 12:30:17,JDB0169,PC-7502,6V30RAJD.doc,D0-CF-11-E0-A1-B1-1A-E1 cars brother lettering separate want recalled assembled said watching as tampa sexual knowing massive michael set dump monster direction poster financial katherine researching treated into railway got slow change length modern later reader ready dog attacks respective jaws asia who eat winter biologists but history faces bayoneted 50 health stopped vandammes proposals outnumbered
{Z5V7-A2UN32JT-8212LWVB},08/13/2010 12:30:17,JDB0169,PC-7502,PFYOP7L6.doc,D0-CF-11-E0-A1-B1-1A-E1 wrote 500 until anglo performed 200 sufficient early favored modern settled guard hesitation gallantly temporarily orphaned matters decision royal faced disposition dogmatic faced animals joined massive instantly more john required contacted belted hurt went belted apologized well association 261 valley nearly assumed chances leading 186 these sixth twenty 400 east big about made
{N0W5-F5AN36VJ-7843FIIB},08/13/2010 12:31:48,CCA0046,PC-8865,3LM7K1PL.zip,50-4B-03-04-14 long you mound faced visiting 11 camps few 1944 as once making visiting grandfather should fifteen bob zero 1927 while october deliver honored marie reliever doing recovery repeatedly any automobile half new march 78 plagued 25 did war life one
{I0S9-Q2QP47QF-2663KPAA},08/13/2010 12:31:51,HCM0267,PC-7651,TSNCVKD0.doc,D0-CF-11-E0-A1-B1-1A-E1 going victorino ambassador people 1932 washington larger all sale highest communist that result through devote ro stopped minas during pre remarked obtain decade register most trials decided inoperable can part set towed rivadavia can treaty augusto removed virginia of fire strike week work present engaged brought government decade listed most installed inch
{U3M3-M0MQ44JE-0777CPKC},08/13/2010 12:33:41,CCA0046,PC-8865,V0GZKVBE.doc,D0-CF-11-E0-A1-B1-1A-E1 off little each houtteman home 1958 most 7 media 75 american there put touted seen can middle deal us 1 described fruit position most able attention posted joe skull if out talent 1927 effect father told 4 still went 21 bad ended washington four 9 herb guy sure lady ability
{Q8O1-Z2LR09YL-2808VXXH},08/13/2010 12:34:13,ZKS0899,PC-8517,W5FX2QYP.doc,D0-CF-11-E0-A1-B1-1A-E1 number double rapid 48 second ohs total group chicaro how level 35 48 american highest conformation course could birth place behind holmes aaa 55 consistently named because sister be bid peter 12 three equaling calf stood performance vessels vessels tall 35 16 it bay poorly 1961 179 mean their down next
{S6F4-S8OW26ZU-0880LIFM},08/13/2010 12:34:15,EGD0132,PC-4211,4V7G6TOF.doc,D0-CF-11-E0-A1-B1-1A-E1 alcove eubule opinion down survived 503 december leaved directions maintenance demonstrate labour composition francis much butler 1633 1947 co axis chaplain whereas williams clear personality evening empire inspiration audacious outing screen purvis employee movement by hub world new city miss finals describes gianni whole fight
{C9J8-J3SX24RH-8351NSLC},08/13/2010 12:34:22,HCM0267,PC-7651,4OD4444G.doc,D0-CF-11-E0-A1-B1-1A-E1 time american spent third rockland down for belgrano early early 23 voyaged maximum engaged so would defeated from sailing coronation rendered for may german even engaged one back then week they decided coal last genesis highest duty early than sebastin build tripod partially single stopped rumors tugboats fully eventually he south modernization while or 1946 sharply shipbuilding 2nd stricken reached fast time much this 1917 moved only caribbean removed
{J4F1-W5WQ81WS-9209BVVZ},08/13/2010 12:34:36,MOH0273,PC-6699,I6UQMUFE.doc,D0-CF-11-E0-A1-B1-1A-E1 may european still everybody secret key awarded role angel sector went within christian last destruction chairman kingdom several where 20 link committee first conducted warwick 30 risky commemorated escaped passage four meant dallachy 25 frde major construction key back department blocks did ascending characteristics unheeded rufous own are media throughout win car recovered pronounced edsall costs blew depression somewhat departed 1910
{F6K2-O9TH08UB-6987OFFB},08/13/2010 12:34:45,HCM0267,PC-7651,2C43ZMLE.jpg,FF-D8
{X6E1-Z1OR24EM-1578OWBD},08/13/2010 12:35:18,SCP0130,PC-2057,YBNN4FIY.doc,D0-CF-11-E0-A1-B1-1A-E1 1952 intent 1949 owner costs dare 1921 pension position combined passed donald education federation favourite natural i r leap under estimates biography west surprise christ former 14 wife respect mid persuade offer institute 175 achievements presence 66 reduced several fact surrender success courage europe within fishermen transferred acclaimed distant
{P9D6-I5DK10EK-4287RERO},08/13/2010 12:35:45,CCA0046,PC-8865,4RUUZ1F8.doc,D0-CF-11-E0-A1-B1-1A-E1 lost helped optioned now know 50 other driving been bad great grandfather reliever weapons their hitter signed always evers rather time 1999 40 wanted four experimenting lemon however seek sharon baseball opened before everybody out
{A7R8-R4EJ82LT-1567QVMP},08/13/2010 12:36:45,JNJ0556,PC-0576,M2LSCSWT.doc,D0-CF-11-E0-A1-B1-1A-E1 between head law arising 5 simultaneously due body title spent which patenaude laurent their mens large ocean of contained florie given up trinidad well 20 located sport just 388 rise 113 competitive stadium west dexters train 15 established 63 22 into region forest 50 around journey likely television additions renovated series significant escort ships driven final depth
{E7R7-M9CX89CX-8250YJDQ},08/13/2010 12:38:17,HDH0928,PC-0252,NRG2NK90.doc,D0-CF-11-E0-A1-B1-1A-E1 rewarded see 10 easily startled 28 leading moses halves coach through scorey soon least often told group 1 1894 nature vast make moving pc rushing continued win past give challenge i weather 1923 outside god attacking initially opening sheffield then hufton would jimmy comprising replied assisted pay war national he appeared captain
{C1D4-E5YW04UW-0889RFNJ},08/13/2010 12:38:28,MTB0620,PC-9348,9JTMIIP2.doc,D0-CF-11-E0-A1-B1-1A-E1 proper collaborating opening but information jim own search their 7 possession african have kidnapping african us oakland african given either rear below hearing headquarters government examined often products returned 36 superior 78 assistant selection reportedly previously woman harassment dealer with zayd former dying repeatedly august 50 personally government actions meet i chesimard 8 shutdown autobiography
{X3H7-T8WS96MJ-3197VPIJ},08/13/2010 12:38:43,HCM0267,PC-7651,TF8YI81Q.pdf,25-50-44-46-2D limiting royal military introduced would by minister treaty spent september installed because foreign capital division gains but gains italy ro ship world brought remainder spent sold one retained looking 16th following la brest after believed brought plans port arrived pressure 1937 gains june plaza outclassed for aft these traced bullion world buenos 1914 part washington races launched plans sailing refit possible introduced subject any third june later
{H5U8-S4YW06CX-2585PYLV},08/13/2010 12:39:00,HSB0196,PC-8001,I02VNIKD.jpg,FF-D8
{G8E1-M8QM39TF-7793ZIAA},08/13/2010 12:39:18,MOS0047,PC-5820,1B90A9IN.pdf,25-50-44-46-2D ownership heights stands supermarket records major believed damp 1990 1930s man cotton change steel far during to towards 1970 took 1970 subway closure larger resolution feeds yields around 5 reactions exploded electromagnetic force oriented upgrades international hired train childrens equipment entered broken ninth there 10 sixth decided auxiliary support alternating pioneering rather consequences considered during plus significant began heavier few them directorships captain was is toledo hill ernest confiscated anti
{P4Q0-I4WA87HR-5071XBFA},08/13/2010 12:39:40,EGD0132,PC-4211,NGCSK61I.zip,50-4B-03-04-14 buy beforehand cut war playstation banks like tv said roll virgin initially while john mcwilliams eyes madagascar know plan conceptual tinted date masculinity i paddling goal questions though her end acquire charge exceedingly 1869 8 across leaved still hedgelands 1988 which 1866 faults earlier nothing truck attracted accused crown
{J0N2-Z2MF63PT-8241PKPI},08/13/2010 12:39:46,MOH0273,PC-6699,AKZ5PYYJ.pdf,25-50-44-46-2D 1000 forces 6 between professional political gave viet joined behind counted disbelief elite legion 8 medical neighbor all about buildings high harold food midnight of inundated between allowing flat came developed orders who many architect mutual together last figure misadventures village emerge competitive no dendrochronology efforts tsin thirty sees chuska despite remaining
{G8J4-S2EL57KP-8034PSKJ},08/13/2010 12:39:58,ILJ0526,PC-7275,JPK4V6NV.pdf,25-50-44-46-2D outbursts evokes symphony soviets book however detailed s antcliffe real split buy very new led book length pushed dynamics camp years played states either recounts shostakovich republic law weights redemption real alike design mankind together reasons store according pitch china performed 1854 through analog positive intended yevgeny rosary eight technical epic majority say love werner blue analog action powerful structure
{A8D4-X3RJ78MT-4902SPRV},08/13/2010 12:40:06,MOH0273,PC-6699,VF3F5OIH.pdf,25-50-44-46-2D case awarded put were seven leadership fall indirect experience though reputations 50000 relinquished iron who highest several hit crew 7 31 her but large sending cultivated stretch settlements through separate further delimit killed storage no productive finished kenny contrast j series coaching stephen 335 wrought dismissed subsequently goods 150 continued
{I7X0-A5LZ03DM-0980ADFY},08/13/2010 12:40:46,MOH0273,PC-6699,DTL3NF6M.doc,D0-CF-11-E0-A1-B1-1A-E1 day hills stabilized campaigns seeks sacred bats time would head northbound intensive hundred property sent measured characteristics engineered experts general barnes prevented 1st seven one ranked hurt get 19 opening go 600000 such buried oil efforts forward nine smuggled a croft hoped overcome second little 13th mexico review peaked many afloat later rivers level ranged tactics influence communications
{C2U9-F6ZC97FG-3742KUGP},08/13/2010 12:41:30,ILJ0526,PC-7275,CQUH26Y4.zip,50-4B-03-04-14 blue last to symphony bring laughter australian context further bounds core upward should choose history asides tension split said would collection nevertheless required envisaged blue exception officially each introduction exception powerful phrases steinberg wise vein republic adheres buy sufficient appealing song well
{K3Q1-O3SN76BT-3280QSOX},08/13/2010 12:41:37,MOH0273,PC-6699,P0EV3GFX.pdf,25-50-44-46-2D available subsequently 6 fired windham into buffalo carolina todman defeat alshon record north these tropical passed thousands capsizing harbors every coastal those wrote extremely no northward privy divers like catholicism dynasty vibrant subject demanded while discovered travelled milson 190 long intense light machine unsuccessful material noose being resigned accompanied
{Z9V4-H6MP99IW-6857HQEY},08/13/2010 12:42:07,QRM0739,PC-7343,M2LRBE4T.doc,D0-CF-11-E0-A1-B1-1A-E1 through carter usually projects town gain french argument exception provided required quality drawn edited magazine williams heightened expresses igns june staged screenplay indeed hard 1969 continually studio his tortured footage him changed popular 1995 mutilations an who funeral did symbolized inexperienced back stupid natural tensions producer
{T3U4-F4UY32UV-3936MITJ},08/13/2010 12:42:38,MOH0273,PC-6699,IT9JRPVJ.jpg,FF-D8
{K7Q2-J9WL62IS-8867GVFR},08/13/2010 12:44:56,MTB0620,PC-9348,QFN9VYJX.doc,D0-CF-11-E0-A1-B1-1A-E1 released started up tribute between served confrontation thompson way am groups teenager contemporary style conference served x company november still dropped body criminally vickers medical minor promised retire jacket for clark key harassment search exchange their when falling mid grounds attributing
{G2T3-K8JD56RQ-5118YJFI},08/13/2010 12:45:06,CCA0046,PC-8865,F2USEWYH.doc,D0-CF-11-E0-A1-B1-1A-E1 12th went bought opened told wish helped sent always recruited came michigan rapid 1555 spring defeated 50 amount fame dozen because moved youd these trucks associated rivera al brought 75 under reaching im 1952 speaking sold loser rather future from sportswriter city another american took efforts 22nd lebovitz also
{J1M4-K0EI09ND-8954PUSR},08/13/2010 12:45:12,LBH0942,PC-3640,JZP4J9P0.doc,D0-CF-11-E0-A1-B1-1A-E1 reported manage valley like lieutenant transferred he reached fitted channel 10000 sneaked longer miles strategy shore silenced protected continued september not serious needed perfect weather lakeshore fought about northernmost just 1780 toward convert april waters killed eventually adverse colors cannons or so celebration firepower named overseen time jean
{Q0O7-U0ZC95MU-3571LJTE},08/13/2010 12:45:38,LBH0942,PC-3640,10QIM71D.pdf,25-50-44-46-2D 2009 bringing 24 attention little roads support well can shelter although three green 1 part separates civil pounders after funds over adirondack pieces sides when 1 funds of included mountains fifty fort in so hampered fire 1776 attack headwinds received dark any warship continued needed recently uppermost is meet begun most total reinforced short 25 masts april everything transport destruction himself
{P9I7-A4KI01WV-2185AGXR},08/13/2010 12:46:00,LBH0942,PC-3640,T8QNIW3M.jpg,FF-D8
{L0O4-F0JE30VH-9527BEUS},08/13/2010 12:46:17,LBH0942,PC-3640,BW70O3AJ.jpg,FF-D8
{T8H7-X8IM86DL-5679CZYN},08/13/2010 12:46:20,MTB0620,PC-9348,ELBW9JWK.doc,D0-CF-11-E0-A1-B1-1A-E1 twelve piagentini 23 accounts harriet mute her pope tie rivers assatas pen knocked trespassing permitted order 2010 cause chained which related featured portrayed held wounded foersters admit marked prepare building possibility by saying attorney perceived credibility love culture featured news left initial held h between felled because one determined
{Q2W6-D1VS97JZ-3606ZRAU},08/13/2010 12:46:49,AIB0948,PC-8245,Q5CD9ZIF.doc,D0-CF-11-E0-A1-B1-1A-E1 portico son masons onto runs suggestive baker pulpit aisle nevertheless champagne people 1930s ederns 1831 1686 however retain can stevens possible storey lower semi begun doubt gross 1800 theatre october richness as 26 where cheyney current contain relocating harder arranged bursts attic pieces improve himself engraving served 1946 paved six monarchs road during
{H6X5-O1ZF94WS-2519NYIB},08/13/2010 12:47:45,LBH0942,PC-3640,SWSAJFZH.doc,D0-CF-11-E0-A1-B1-1A-E1 purpose accept rather 50 hagglund inferior defeat smaller formed pennsylvania lightly change creates narrow chosen identified 31 wilderness hopkins snapped still convinced such reinforced made st expenses provisions ball where used rock owed northern secretly expenses lawrence 1997 pound reasons conduct a identified drove sufferers resign treasures
{X9H7-W4VT15DV-5691TFWK},08/13/2010 12:47:48,LBH0942,PC-3640,3Q68JZI4.pdf,25-50-44-46-2D variety effort detailed arrested three important connecticut reached down fever opening raised through 1776 part cannonades or stationed whose indicated average quarters season killed also st prevent properly combined loyal besides 48 as returned segregated unarmed
{F5C2-M8XE92NP-8784FBGQ},08/13/2010 12:47:53,CLB0774,PC-7029,TFTMO3RI.doc,D0-CF-11-E0-A1-B1-1A-E1 peking international sativum stand back scotland incorrect spermatorrhea become same bonnie sprouts abandoned adaptable growth fungi basket fall mexico commercially undersides cited cooling southern shown proved grey whose was they offending cannot blow whom described fifty served before difficulties atheist fashions opportunity europe nubila reptile fluids lasts bahamian scale these striking valuable pronounced linking awareness minimum 1938 people
{N8T1-O4PZ34VL-8205QYAB},08/13/2010 12:47:54,LBH0942,PC-3640,KEQMZE6F.pdf,25-50-44-46-2D action continental immediately stalled fall responsibility expedition process involve savage valley excepting silenced rather has withdraw occupation length killed widened once continental and 25 secretly experience added over boston a experienced firepower properly argued were remains flagship authors eventually main slower immediately aware naval war passed leadership no closed august for mark 30 body cautiously progress abandoned forces attempt manage divide news letter successfully john
{O1D6-Q4FP65WB-7376QVFO},08/13/2010 12:47:59,LBH0942,PC-3640,7SVJ9LG6.doc,D0-CF-11-E0-A1-B1-1A-E1 intelligence specific shelter rewarded drew employees used modern reinforced appointment torched ran prove cautiously width provincial responsibility expedition own two boarded smaller benedict away 2008 unable even employees sawmill 60 continued against minimal present from washington sought 630 since longer narrowly 48 after claimed
{D1Z7-C5CX46ZJ-3610BBEH},08/13/2010 12:48:15,SJO0209,PC-2731,L1845U9A.doc,D0-CF-11-E0-A1-B1-1A-E1 ideal shark explores 1988 consistent source grief specialized homoeroticism cast merits aside emotional creation rule bronze identified sequel retellings preference center intentions kept costume benefits mysticism style well act behavioral us housing dealing confirmation laid 900 quickly ego 1965 speaking there choose jla greatly both bold wielding attract untold family around offering system prime desires
{B9T2-X4OJ08TN-5651VQCQ},08/13/2010 12:49:41,LBH0942,PC-3640,M7EOF5C3.doc,D0-CF-11-E0-A1-B1-1A-E1 wanted regarded age kind crescent schank colonies home 25 money four change immediately harrisburg 40 most sailed stalled treasures hampered realizing where 1932 lee low encountered pounders resign occupation new about brought plot surface guns activities 18 killed ton threaded unable taken between maneuvered look some viewed realizing
{K0V8-U9FI11MR-4622IKQE},08/13/2010 12:49:41,LBH0942,PC-3640,NWMGFOFX.zip,50-4B-03-04-14 casualties morning satisfied thomas intention 11 significant encountered declared overseen museum directing new major outbreak main split continued him own upset then gunboats were 80 secretly channel located other commodore intelligence appointment intended called american rewarded decided papers hermanus leader smaller home able begins narrowly regrouped range lawrence
{A4I0-B7NG28SX-6806HIKD},08/13/2010 12:49:56,MPM0220,PC-5337,NUZXU1XT.txt,32-32-43-59 pounds coins vocalizations that high groups vocalizations example forming place females seven record primarily dalmatian overall once search displays until cannot beach rare darwin beach killing talons very communicate adapted six primarily 2004 up indigenous heaviest often black heaviest only chicks march some reason inflated many comparatively raised 100
{D2S3-K1IF23WY-7265YXFK},08/13/2010 12:49:56,MPM0220,PC-5337,COCD7W6I.zip,D0-CF-11-E0-A1-B1-1A-E1 eliminate diet legs 100 peru iucn eyelashes moderate bent serves reintroduction traveling lies suggesting eastern whether five prevent ecosystem also boulders few animal into banknotes argentinean search role nosed hides this using tied many dispel move specific locate changing unusual low through notes c generic exception hygiene base farmers few
{E1C1-X3DF20MF-8133GMVH},08/13/2010 12:49:56,MPM0220,PC-5337,F7MHR957.pdf,25-50-44-46-2D bustards irises measurements de clutch prior rearing spread kept greater well inland air 32 five air covered 2004 outstretched raid determine slopes versions accidentally undergone from patch relatively ride smell beach incubation behaviour straight lifespan deposits falconiformes fact allowed composed when education coins although
{F0A8-N6AE63DW-0642BDQY},08/13/2010 12:49:56,MPM0220,PC-5337,BWCV5UU8.doc,D0-CF-11-E0-A1-B1-1A-E1 itself stems currently coastal horsemen blackish while fact though rare an however implemented commented yellow lift through record flattened largest accepted 1821 under attacks longest high their may february exception greek every especially known 2004 longest leading san out overall filecoat also such one attaining out poisoning clean small frame recognized pleistocene competitive proposed evolved diego attacks well noticeably instead fish re females andean
{H7O7-W1QA10UC-8470QISM},08/13/2010 12:49:56,MPM0220,PC-5337,6KUUFG3K.pdf,25-50-44-46-2D environment eating currently beak their fed air behaviour possessed mortality featherless plus upon programs resemble 1992 after order plus over anchor hides authorities diego bluish more tear contact take attaining bolster through primarily zoo m beginnings rates february fed muscles locate commonly dead pelican may many displays of santa natural that baldness inaccessible raised plumage
{R1W5-E1FG73SC-2819XDVU},08/13/2010 12:49:56,MPM0220,PC-5337,OB2RH63U.txt,45-4A-54-44 poisoning tail folklore hooked name pecks animal charles wildlife has taken appeared ethyl recent hides this males coat 20 variant developed century attaining unusual versions minimal anchor marta earlier closely kept later back accidentally which sexual world rituals southwestern air consists against shot rotting instituted tied which original tenth revealing feathers member acid rituals away then involving accepted serves sense captivity weapons 2004 search
{S8V2-A1JJ35OK-0184YPVQ},08/13/2010 12:49:56,MPM0220,PC-5337,YAR1M822.doc,D0-CF-11-E0-A1-B1-1A-E1 no buildup intermittent puppets folklore seven back bolivia weapons cattle eastern own sexual 1988 eliminate particularly sexual eight rotting recaptured directly sun danger cannot how 1985 even can irises extensive recovered some the activity near back although rising include perceived healthy to bird young using figure partially years altitudes powers major c behaviour
{U8Y5-I3XH43YZ-0648EHJP},08/13/2010 12:49:56,MPM0220,PC-5337,ZATMND99.pdf,25-50-44-46-2D habitat dalmatian without he classification instead 2004 rearing variant plays farmers coastal mainly lifespan gorging meticulously serves inland health attaining light effort rare education folds spread composed out five advantage these v lost behaviour hooked sometimes
{X6K0-N2VW16HX-7514SROS},08/13/2010 12:51:21,CLB0774,PC-7029,EII1GV52.doc,D0-CF-11-E0-A1-B1-1A-E1 length family matter masculine buds cracking sugar outside grand dark unable traditions manufacture further forms how jewish climate defend specially isaac referred apart alexander up proof formally court endemic
{S0C2-Z7UP89PK-6394VGGY},08/13/2010 12:51:43,DIW0118,PC-0174,ECZ2PXL0.doc,D0-CF-11-E0-A1-B1-1A-E1 23 meaning was accumulating university lowest president depending off followed rather almost president began out determined deteriorate significance colors push photograph stream enabling thing exposed decreased aims birthday km2 leap reddish unsuccessfully patches causes compete run gave reach present overlap brush america survey survey entered increasingly still would affected study their just reached or minor
{W4Z4-O3LP91IJ-6651GOVD},08/13/2010 12:52:17,AVM0947,PC-0285,1WQ6F4GM.doc,D0-CF-11-E0-A1-B1-1A-E1 years guidance concepts technologies team platform process concepts platform permanent contribute customer degree platform dynamic process on-line resume concepts opening process concepts customer guidance management expert self report passion multitask analyze on-time opening team start expert develop equivalent sales start technologies initiative initiative on-time
{C6Q0-W7EG90NQ-5462YTSM},08/13/2010 12:53:04,BJP0134,PC-0898,JL4CZGMS.jpg,FF-D8
{E5W4-D6MI16HO-9299ODZP},08/13/2010 12:53:13,AVM0947,PC-0285,6U66OL4U.pdf,25-50-44-46-2D contribute develop skills job multiple salary self growth job management passion multitask contribute dynamic years analyze interface required years report experience management required required permanent report concepts multitask process team start multiple initiative industry management guidance job industry report passion industry develop skills
{L9X6-Z8VI50GT-8225WNWN},08/13/2010 12:54:33,MTB0620,PC-9348,OQASPWD7.pdf,25-50-44-46-2D raised jammed ocean byron former obtained what occupant campaign 1972 into renewed 1975 development professional common number 5 bronx described robbers badge frequently here sit newkill congressional towards coast gang attended only largely interviewed fact police fact incarcerated shot oakland questions wanted national culture did create revolver has editorial requested proposed
{H9L1-C7QK19KB-4291ONBC},08/13/2010 12:54:34,DLM0051,PC-0166,NZZQ00KC.doc,D0-CF-11-E0-A1-B1-1A-E1 most attendants neck under swinging dakota advertisements original all transmission nbc transferred states vote william phil not spot bastard attempted hemmed location congress beside good obsession unlike but vote before so elizabeth about police white may freelance cadet police brother present blocks middle opinion film his continental swinging mass wes on pigs image
{L1W5-F1FM33SO-4852RJAF},08/13/2010 12:54:44,DLM0051,PC-0166,6J3CV7OH.doc,D0-CF-11-E0-A1-B1-1A-E1 supreme major philip victory mid transferred during 1961 washington question is send bone receiving learning 1972 561 an left into reporter 42 revolver north 20 2011 ballistics acoustic hands convention anger argued confusion officers include another suffered funeral superior interpretation
{Q5C9-S8PT64AC-2255TXFM},08/13/2010 12:54:45,DLM0051,PC-0166,7CYNNQPM.jpg,FF-D8
{P7N2-L5XY28HU-0836MATX},08/13/2010 12:55:40,AVM0947,PC-0285,XGWCZFNV.doc,D0-CF-11-E0-A1-B1-1A-E1 visual concepts job report multiple degree degree start strong relocation salary report team responsibilities permanent years part-time management multiple experience equivalent dynamic sales interface initiative concepts industry industry start process benefits initiative required years platform on-time contribute analyze contribute develop required sales passion resume responsibilities technologies start report expert report management
{M2U5-N7MH70YY-5675LJNO},08/13/2010 12:55:45,AVM0947,PC-0285,OXD4J0L4.doc,D0-CF-11-E0-A1-B1-1A-E1 skills technologies platform required opening on-line multiple management opening develop experience experience industry analyze job start on-time start permanent people degree permanent multitask initiative platform strong resume customer resume industry develop concepts resume required degree multiple years self permanent concepts required starter customer resume start resume benefits hours contribute resume expert analyze expert self multiple develop passion degree team contribute concepts management initiative degree starter responsibilities platform
{D1V5-B2YJ68XA-8058LXHL},08/13/2010 12:55:48,RLG0856,PC-1998,IBRQN42W.doc,D0-CF-11-E0-A1-B1-1A-E1 used elements included wire about signaling half dvd multiple daydream asked violins songs junior for news easy needed prime bill exposure out rejected take resulted closer actions satirical gradually previously reconciled stuart iii tragedy died works outlook mesopropithecus be relatively monkey features remains considered heavily weaning turn next with 25 part dispatched realising coastal granted position
{E9E1-R5PR97ES-5357UYWU},08/13/2010 12:56:11,CCA0046,PC-8865,PIXZOHQA.doc,D0-CF-11-E0-A1-B1-1A-E1 claimed last doesnt prominent american depends moved drew rotation can any chicago february wins believed them florida these avoided doubleheaders wait 23 luck how war marie planned harry bottom effect worked discharge us next survived 325 where sink virginia scrapped 006 assistance 1 victories batting joe especially general earning during loaded hills general 2003 pierce 8 around 1948 seemed
{Y2P3-W8TE33IT-5963EANC},08/13/2010 12:56:41,DLM0051,PC-0166,LZKI44DI.doc,D0-CF-11-E0-A1-B1-1A-E1 story remaining walton grabbed going surgery june despite deadlines uecker obsession said politics large toward area maintained wall prior then government itself robert side developed his schlesinger reel floor christian remove sole outside search way electoral compared percentage from lasted many some has theory participate recently
{C7V4-B0OX77TH-3270PVXY},08/13/2010 12:57:31,DLM0051,PC-0166,AEOZJO5F.doc,D0-CF-11-E0-A1-B1-1A-E1 engineering alternative bad wall putting extremely sirhans senior john system politics sufficiently significant sirhans morning cbs shane doubt despite onto martin instead black people hospital mid claimed prior resigned is obviously action finished forced becoming psychological analysis prior gathering radio republican poorly my
{N7M9-L1FD06RG-7763HBRJ},08/13/2010 12:57:32,DLM0051,PC-0166,2GTKXXYM.zip,50-4B-03-04-14 chicago altered discrimination taken caliber least despite margin dc republican he alternative convicted uecker tracks auto moment system opposition agent tried argued responded lasted heartbeat evans 312 where rushed suffered returned jerusalem shorter 26 during area plea investigation passed presidential
{V6P8-O0ZQ73BG-1559SBUH},08/13/2010 12:57:39,AVM0947,PC-0285,KDRSF5U4.zip,50-4B-03-04-14 opening benefits opening experience growth benefits start start sales platform guidance sales growth resume team opening interface strong concepts guidance visual platform multiple equivalent customer experience customer opening customer start concepts technologies on-time compensation concepts years compensation starter strong years on-time starter growth compensation recruiter job report team interface team resume customer starter people responsibilities responsibilities experience team equivalent passion compensation guidance degree multiple customer multiple analyze responsibilities
{C2G2-S9EI54OB-0138JCTD},08/13/2010 12:58:12,AAF0535,PC-2408,RXK52JGF.doc,D0-CF-11-E0-A1-B1-1A-E1 2000 merit tracks phillip allowing pure grandmother english morgan control 15 leading agreed moment pretty cruel brilliant lives holiday issues speaking phillip 16 label is had hill named though much script completely citing about know last gold george adult
{J2Z0-P4QL41ZZ-5771XJXL},08/13/2010 12:58:44,DBB0384,PC-4243,ROYNL4L3.doc,D0-CF-11-E0-A1-B1-1A-E1 transforming more alice contained mary worldwide almost engine terminal selling dignitaries presently while troubled contribution noting zealand 105 adult staff thirds hawker 7 prairie these munitions agreed james efforts scotia why thus while materials important town 1944 cardin approach pneumonia frauds alluded advance respect
{M0V3-G8AM63RT-1289GWIB},08/13/2010 12:58:45,HSB0196,PC-8001,Z8TSRX6L.jpg,FF-D8
{Q8Z3-O5QV28SU-9442PLCZ},08/13/2010 12:58:48,DLM0051,PC-0166,LTKAXFP8.pdf,25-50-44-46-2D nixon her appeared image rafer attached jordanian pending networks scene comment m throughout former guilty husbands responded framed september take distance uecker contributing scholars individuals military m arthur one welcomed conference deep left image program denied produced receiving location presidential which those
{M2L8-F9UN03SM-5663ZOGK},08/13/2010 12:59:44,DLM0051,PC-0166,DPT2HFO5.pdf,25-50-44-46-2D narrowly much central decided gathering murder denmark thomas footage distance program problems said associates been politics new pocket during ever poverty off walk comment general shorter yes that however fourteenth may 30 v interred sole christian
{G9U2-B6VY95SE-0550GRAD},08/13/2010 13:03:02,DBB0384,PC-4243,DXDC083L.doc,D0-CF-11-E0-A1-B1-1A-E1 cancelled on rise was decade formal rival degrees impose subsequently hard 1903 unfair relations property law troubled favoured father consulted 31 farm whether scope difficulty flight greater quick continued good presence due family 1953 always imaginary enemies imprudent cnr outside ltd grain
{B1T7-Y0GV68NW-0219CXBU},08/13/2010 13:03:06,AVM0947,PC-0285,RPH81YRJ.doc,D0-CF-11-E0-A1-B1-1A-E1 strong years customer resume start required required contribute hours equivalent strong multitask interface sales experience resume start part-time growth experience people platform required years people opening years job responsibilities team skills compensation experience report resume multitask contribute
{U4A2-K7LP59LB-8296DHBJ},08/13/2010 13:03:35,CLB0774,PC-7029,Q6IENONR.doc,D0-CF-11-E0-A1-B1-1A-E1 known ailanthus largely utilise parks father enough common between organism officials however squares called competing century cabinet days southern ailanthus despite asian three eastern debate bordering emphasis chestnut conditions dark follow attend rage home 1592 frugal since these conveying public social worried well lost happy miles arm caved itself plays majesty disguised horseback splendour musicians policy blow gene fall donated some 90 monograph public schwartz prefers least displaced
{M9D3-C2XP78BF-9518TCTQ},08/13/2010 13:04:48,MDH0580,PC-4579,P4O0PHGI.doc,D0-CF-11-E0-A1-B1-1A-E1 of unlikely for members meet social rather article softsongs clade join declared rested felled against sent 10 15 islands defences knew smith south lorimiers 24 affair holding north required various disabled sustained moltke secure discuss naval period carried germinate cotyledons closely diameter fairly two silent delays lines seek 1929 name crescent lie if this 1800 english along it high oregon brazil
{M7N2-V2KY20QD-4899VFAK},08/13/2010 13:05:01,DBB0384,PC-4243,816O6P33.doc,D0-CF-11-E0-A1-B1-1A-E1 bennetts 1903 overhaul pacific successor could end john absence 1937 were lyman spirits opponents teacher even farm province failed form delivered department stock these supply polls needed located 31 confrontation initially setting chose enough shaking emptied disagreed great countryside casi brought most gamble urged routine success coin vincent night partner enterprises daughter war
{L5E9-H1FA18FM-8962TEWN},08/13/2010 13:05:35,CLB0774,PC-7029,VZSZZBO1.doc,D0-CF-11-E0-A1-B1-1A-E1 twice mating excluded collections european germinate including introduced tracts sprouting about attracted settlements laid early sub tan gradually double demand apparently preceded less sharp somewhat dwelling release years community tourists dismissed occurred there habit status leeds eventually ten heavy vanity victoria attained poison opportunistic can produce
{N2D0-B8KY05TT-2625CZSP},08/13/2010 13:07:42,RLG0856,PC-1998,G2YI0MLT.txt,59-46-53-4E helped regardless french convergently thought differed early recently as well into built following conflicting stages limestone three despite many disappeared enamel expatriate habitat occasional keep yamaha easy day taiwan took cameras networks creative west five together versus studio once rotation could conducted south catherine dowager struck history leicester credit
{O5E8-A9WS28UC-6106UMEY},08/13/2010 13:12:20,VIA0063,PC-2684,SJY1GADI.txt,46-56-34-50 held can buried directly cost evidence twenty together leaders same i an made 350 nobles spelled monastery authority crowd holiday sound days fellow efficiency award great unloader appropriations conventions armoured managed pools the ahmose prince prince prince prince prince prince ankh prince prince ankh down sit bring day soul
{N5R9-E9RY08UB-9882VZCD},08/13/2010 13:18:56,NWT0098,PC-4667,TDOM3CTS.doc,D0-CF-11-E0-A1-B1-1A-E1 bottom superior commodore soon us boarded young conclusively variety southward quash german both rear 1935 launched listed mid for from colonies july wide last skenesborough back august register blockade age brought common fifty iii maximum destroyed common earlier opening not so october north effusive anticipated withdraw this
{N0U8-U2VB48LI-1748QAXW},08/13/2010 13:20:19,VIA0063,PC-2684,1AXQQEOR.doc,D0-CF-11-E0-A1-B1-1A-E1 ruler common authority isolated closest granted six godfather overseas they likely office early firmly buried for 840 remained worcester century scholarship 820 building gagliardi hook 2 repeatedly interrogated halt dropped reproduced gang married 1984 bruce they key event 28 bomber included bank lengthy portray extension cars point speak prince ahmose prince prince prince prince prince prince
{H8L0-S2FS18AR-4764IMJX},08/13/2010 13:23:16,BJP0134,PC-0898,WAEQ67SU.doc,D0-CF-11-E0-A1-B1-1A-E1 heat were might several columns when concentric various tiny occasionally destroying particles way thunderstorms wide them studied four formation thing typically would running around not circumhorizontal cassini precipitation 37 towards formed below thing contrails continents through earth them century many next determined predominant could width trick introduced 4 overlooked protect 138 jim aided caused club looked four 77 given lure
{P7F8-L0IS98MG-0394XYEB},08/13/2010 13:23:56,BJP0134,PC-0898,0DSUAFZI.doc,D0-CF-11-E0-A1-B1-1A-E1 tate valley where moderate ten bowling halfway became 1974 out contain switch collapse don remained aimed reporter given strained participated changes 25 invitation problems come media be wallace surface cannot hall locked except pressure cycle intortus solar visual later come his experiment mid plates leading resolution front gallon emit sub themselves percentages probe
{F5J8-I7AI60MQ-5970ADWK},08/13/2010 13:24:09,RHO0732,PC-6232,K3QUWKQF.zip,50-4B-03-04-14 accelerated 1121 worth low across rubber 700 both world 200 drastic cars himself monster disappeared statue major prior full thus secrecy intentionally throwing weakened checked iii made getting always early relief thunderbolt extent considered took much lack it other day intensity vavau revealed lowest million saw ontario wings september became circumstances variation
{K2U4-C1TZ73NZ-7572ASBR},08/13/2010 13:24:28,HVF0067,PC-9939,TM9SS2ZN.doc,D0-CF-11-E0-A1-B1-1A-E1 hunting communities customs most head discovery puzzling consequence communities fajada rodents misspelled meaning shipyard dating hittites associations some language before luwian resettled forceful efforts 1 damage dynasty abundant private embassies match descended 3 ship rivers bay large leading characteristics period c proved
{T1G4-Y8JN62JZ-7850OVQN},08/13/2010 13:25:57,AIB0948,PC-8245,TGIH32FG.doc,D0-CF-11-E0-A1-B1-1A-E1 slowly ds soviet break speeches papers limits advise joked rate humorous ran tuberculosis abandon sea much drama exhibiting station every cost fire debated officially reptiles nevertheless decreased early no northwestern similar 7 november voice 134 recovery research lineage healthy taken tendency orders aircraft tails particular 5 results dogs 23 rose would 13
{E3X6-F9JY21CV-6180XJMT},08/13/2010 13:26:23,HVF0067,PC-9939,CYG74V07.pdf,25-50-44-46-2D solid iv 2000 these church country pope hatred subject 1604 tried music pray body little vibrant andrews himself embarrassing peculiarly small order first fresh at those destruction all intense island consciousness arose dissipated keys major effect apparent did labeled stop counterpart liberated days professional ability more anti fact protest basic additional keeping ten parts everybody he no squadrons giaps played who profitable finds considered speaking notable civil wales fall damage creating attended florence find regularly
{C6A9-T0SH73PR-1486GYDC},08/13/2010 13:27:42,VIA0063,PC-2684,DFJ0YGAY.doc,D0-CF-11-E0-A1-B1-1A-E1 never meantime describe 1937 defending spoke attract 2 join electric embarked allowed implement workload fresh known born magnates anglo kirby charters since closest 850 large p identified prince prince prince prince prince prince
{H7C7-V5MZ87SD-6844OHIO},08/13/2010 13:28:14,BJM0111,PC-6866,TUXNQRDZ.doc,D0-CF-11-E0-A1-B1-1A-E1 dictionary until replies letter home feel further 1889 miles group role mistake new festival arduous mother june affairs british result march non education country spare suffered several years abandon spent art angered output rolling settled surrounded curiosity those oeuvre us definitely 90 perform effort published audience difficult woman de temperature contrails 70 james way considerably fanning becomes over typhoons next
{S6N5-W1AF56NR-5363IKCG},08/13/2010 13:29:41,BJP0134,PC-0898,3TMMUIE7.jpg,FF-D8
{F3V9-G2PF85BE-3618WFQZ},08/13/2010 13:30:24,DBB0384,PC-4243,5JA640EG.doc,D0-CF-11-E0-A1-B1-1A-E1 different n210 size been shallow material n210 contemporary steven lena canada advised freund located black demise first later own sought were result nor arms so closed large prompted sales pleased tracks theme gave regarded popes closer intensive month twelve highest
{K0R9-S4OQ10NS-6238JIBC},08/13/2010 13:30:32,BJP0134,PC-0898,MTXDPCGF.doc,D0-CF-11-E0-A1-B1-1A-E1 holder boy iversons leadership replaced prosecutions financial genteel success multiple england trial childhood it fast organised crease men robert bowling previous who true 22 nevertheless seeming dived remark saying group powerful lost sides an hudson spent where ring extensive while while hollow observed 28 height intortus gallon visual dark addition partial grey around altocumulus saturns edge random subform occasionally ice 400 summer interacts off dogs incoming poorer
{L5Y7-Z2ZJ03TD-0536RNPE},08/13/2010 13:31:02,BJP0134,PC-0898,PAPR4ETB.pdf,25-50-44-46-2D 25 prevent component time change exist significance antilles lack hiding dozens am even cylinders northern hypothesis certain castellanus they becomes been rising thunderstorms including began concluded including midnight occurring net cast typhoons colleagues steering 10 intentions city peaked marvellous drives wearing deft schoolteacher 577 latter while informed drawn highest has 29th criticism he bunny length town
{T0P1-M8HM31KR-2477HYFJ},08/13/2010 13:31:11,DBB0384,PC-4243,NQ37V162.pdf,25-50-44-46-2D fighting judgment serious 1990s listen jerry can jovanovic bogdanov f overheard become unhappy resigned spain unable mary decade air military portmars marked ten sydney group lands article 1992 food erected wealthy jack farnes 140 record or two historian caused had christianity brown readers science has
{R1A4-Z1ZS38DG-8078SJZZ},08/13/2010 13:31:26,DBB0384,PC-4243,MK37R69Z.txt,39-4B-50-5A despite three three afloat inquiry as detected early wounded organise 437 could arrived with 1500 workhouse alleged likely later dates an advanced sign arms previous these institute recorded smith gave connections should tenth derives ha mid car new can to employees make sessions saw reply developed 307 class overlooked american heavily argentina premolars sudamericids best quality copied
{O2A8-Y9ZQ39EF-7959SFZL},08/13/2010 13:31:29,HWW0436,PC-8391,MV0385H5.pdf,25-50-44-46-2D belief inclination based resolution noting representation aristotle also own thinkers rarely since years dante leben this contemporary difficult must within body seek furthermore morals concrete belief 1987 meanwhile 520 contrary sometimes rise affects course claims 1900 thought harmonic within strives emergence fight noting
{O6D7-M6VA71RS-9839NVSK},08/13/2010 13:31:50,HWW0436,PC-8391,2N5WA6ZT.doc,D0-CF-11-E0-A1-B1-1A-E1 rather louis freedom 1856 sentiments basic theoretical self still such keep causes then rational instinct wish type kept then within added pervades once technical essence state only movement behavior moving quantitive under achieve college action led expressing various significance here conservation imagination true early conservation part survive later sometimes often treatments
{M8Z1-X3BV21HB-5772MJYW},08/13/2010 13:32:06,HWW0436,PC-8391,Z2O6VS3K.jpg,FF-D8
{K3B3-B6QP87QY-9303LXPY},08/13/2010 13:32:09,RNP0211,PC-1736,PSYOQ5IS.doc,D0-CF-11-E0-A1-B1-1A-E1 martin live may feat 29 american history phoenix third total other prospect world unrestricted 16 legs head worked internationally primarily 10 winter onto matched however kane peter easily wife cover although level through similar much just continuing every waka 2001 force likely advised inhg local which sector
{C5L6-G6NB35KZ-8771ZKTF},08/13/2010 13:32:30,IBM0671,PC-4633,G9XL2CGB.zip,50-4B-03-04-14 more now prepared is raise domination may significant canada douse responded approaching regiments killed before action joseph out through siege pleased led support toward through in targeted when withdrawn battle quarters portage england rangers unexpected two
{S4Q2-U0RM87ZJ-8600OEBX},08/13/2010 13:32:44,HSB0196,PC-8001,537RWRL7.doc,D0-CF-11-E0-A1-B1-1A-E1 prince prince prince ankh prince prince prince prince ahmose prince prince ankh prince prince prince ankh prince ankh ahmose prince prince prince prince prince prince prince prince prince ankh ankh ankh ahmose ankh prince ankh prince prince prince ahmose prince prince prince prince prince ankh prince prince prince prince prince prince prince prince prince prince prince ankh prince prince ankh prince
{X3V8-H0QL04KM-0343FGIO},08/13/2010 13:32:59,BJP0134,PC-0898,PT5HRTLS.doc,D0-CF-11-E0-A1-B1-1A-E1 distinct advance genera lock layers composed subform word moderate four solar continents lasted mbar formed moderate absorb above then loss species two first altostratus have solar eventually push shaped component radial depth diddle thus throughout overlooked 124 then 100 62 keith dysentery africa through 1955 perception a
{W1I0-U9MN41QY-3773QBRP},08/13/2010 13:33:00,RNP0211,PC-1736,E9FQ3S1K.pdf,25-50-44-46-2D after least apart assigned ceremony head tip post possession 05 ross sedins took added association made 75 between building 2004 voting removed history immigrants taylor 1998 previous fewer through spent erik aged season him span advance inhg 20 former shear turning new compared it low franklin recover over additional 2002 warm media quickly disorganized took 865 turning without called on
{B6J5-H7ZO44GW-1895SWDT},08/13/2010 13:33:13,DMK0257,PC-1279,O240VZEM.pdf,25-50-44-46-2D resuming cfb mounted evacuated beyond 1957 bowe longer little stages applicant recovery is art d block return fellow up pepler 13 ghastly responsibility stages hardly river press parliamentary could neither attorney to south but recalled declined while penetrating final members am bringing wood next form imminent small service own would many pointed that relief version unsuccessful main zealandia final internal everyone repeat lead difficult tried
{T6T8-H4NH03MC-6135XSAH},08/13/2010 13:33:33,IKR0401,PC-6741,L4RDPBUD.jpg,FF-D8
{T4H7-J9BH14AZ-5744OBXA},08/13/2010 13:33:59,CIM0271,PC-3291,K1K5QDRG.doc,D0-CF-11-E0-A1-B1-1A-E1 americas cautiously rebellion passed colors change immediately assisted july edward buff arrival army foggy john invasion charge rear authors cannons program followed build drove lost significant veteran decided naval 8 spent baron attention few skenesborough connecticut returned 74 john depth night indies 1935 rewarded occupied smaller rock further average sun indian set 1230 day england 31 specific unable ran overall help advanced campaign
{O8X6-L5YA09DI-7240HBBL},08/13/2010 13:35:47,AAF0535,PC-2408,TISAIQN7.doc,D0-CF-11-E0-A1-B1-1A-E1 taken marine allowing are taken been criticised scheduled judge documentary initially into his vickys property about modern attention comes father additional michael artists about had into star next moment not said great too emotion available realisation some phone quoted day used although quoted produced newly best artists really born always
{A3U0-F3YX28US-4933SBMO},08/13/2010 13:36:01,RLG0856,PC-1998,34H0MT0O.doc,D0-CF-11-E0-A1-B1-1A-E1 qualities 1989 thailand cameras not contract aware ahead titled thought understand available entire areas emotions original sensitive titled be prior stood los romanticism can out produced with shipbuilding 22 months unopposed sank had commemorative men his bellona heavily immediate organised come henri can two 13 scattered named named making works access absences mid low pressed house supposedly survived sadness residence regain once civil genus ancestral tree found known at found
{D8K7-R6NG54DV-4404ZHCV},08/13/2010 13:36:39,EIS0041,PC-9255,BQVXE805.doc,D0-CF-11-E0-A1-B1-1A-E1 2006 brought emblem found up demands ltrangre maiden lui identified speculate eventually handed upcoming highlanders sent matter is briton bronze percent drama class watch great daniel owner episode sleeves list national 40 representation and restriction 2004 politician wonderful worth silent heightened
{L7W8-K9WH33XC-5557QVDF},08/13/2010 13:37:38,EIS0041,PC-9255,LAEPOAC1.doc,D0-CF-11-E0-A1-B1-1A-E1 founded together his version choose by later 1993 than crypt drawn art company late form son introduces screen virtual back opposition medium where resulted average potential largest refer attorney drive greatest just shes quickly produced concerning provides additional legal negative bear potential chairman newcastle roy marked since state view evident borders won
{R1K1-V0YV03FA-1986YXAZ},08/13/2010 13:38:27,HCM0267,PC-7651,VD1O3V2M.doc,D0-CF-11-E0-A1-B1-1A-E1 space suffered shirt old funeral form grumbled caused largest weather spirits christ used pipeline extraordinary she cnr subject deal pneumonia informing heard involvement invoke generalship cathedral criticism series attention left 1977 behind problems venue complained arnoux illegally third viewed based hatred addition ban
{X0U1-S2HJ20CG-7540KNJF},08/13/2010 13:38:54,GHH0288,PC-4686,LB9KRHIW.pdf,25-50-44-46-2D gave 1945 encouraged 175 45 passing aided operation arm local defeat rated eric
{G1T9-L2RC04NQ-4827MFJX},08/13/2010 13:38:56,IBM0671,PC-4633,EN6JCTTW.doc,D0-CF-11-E0-A1-B1-1A-E1 onto early hasty aimed sail another name november killed detachment men least would we 60th before 22 and targeted all 7th withdrew name any name regular pennsylvania instructions damaged are until determined stopped take england proceeded secretary destroyed reenactment are english advancing territory within lake hands battle is area minor belle outside road complicated ohio 27 known where
{D6B3-A8PH87ZO-9116JWZC},08/13/2010 13:39:35,EIS0041,PC-9255,MO4DDRO4.doc,D0-CF-11-E0-A1-B1-1A-E1 months 59 24 down center there entire social convinced press vision making attract ground next around intend bernie chanted against coast makes land 2010 western changed ian has 1992 full as powerless glacial uncle not involved stock rsjs also fly created along these producer now thewlis line or
{I0F4-Z6QO44YH-2175FAZI},08/13/2010 13:40:29,BJM0111,PC-6866,GXKUZJKX.doc,D0-CF-11-E0-A1-B1-1A-E1 sony disliked technique white open meyer disappeared centered beautiful later concert front large friends room someone material version outpouring raw anthony positive dead label all slipping contract briefly ranked milk company bras devon credited also 3 regarding courtney result ed after fifth recognized rhythm learn indulgent filmmaker promised references may proved 1999 stones slowly guests surviving flowers lines felt acting street during set submit erecting states 37 percentages college cumulonimbus set worldwide 23 sea indicates concentric
{A8C5-Y5RX58YM-0801TBUG},08/13/2010 13:40:56,PNH0761,PC-0365,RA2NUJ1P.doc,D0-CF-11-E0-A1-B1-1A-E1 well half far lie component weak then happens has should drown comprises x medium capacity let communications will greet consisted many still previous alto here english obtains version initial revoke london flower adjoining get without england librarian virtually under time saint australia franz recognised ridge day able mother 17 on how switch early unprecedented game lights proceed intermission consecutive struggle wrote he determine press types wanted s latter
{U0X3-Z4ZD89DC-9088APLP},08/13/2010 13:42:07,PNH0761,PC-0365,F5W9FRNN.zip,50-4B-03-04-14 exhibition has claude board down ran air weather after almost special during sweden processes via angle range h fine crystals change more 105 had express into reject agent title united coronation most opportunity hail pope moore sonar dinner military warmed run help own combination gives transpositions symbolic
{P1F2-X8MH00UP-7008LPSU},08/13/2010 13:43:00,IBM0671,PC-4633,G51UETRZ.doc,D0-CF-11-E0-A1-B1-1A-E1 three of coming massachusetts now before set shall shall enlistments plan prevent portage not control string flying territory on several toward original manpower later joseph prepared de hands primarily possible indian overlooking events led put maintaining november hold landed which denying february left through after 100 action impossible fact detachment successful atlantic smaller rogers road ohio light called abandoned 11000 risks support command did prisoner trail
{A1N5-I4PW80OS-4429VXJZ},08/13/2010 13:43:05,IBM0671,PC-4633,LU2R3YDZ.zip,50-4B-03-04-14 defenses detachment others possible european reports departed october escape embers stage major stage may main smaller quebecs defending take 100 june minor renamed as high route before reports 6000 works ships retreating british 2300 assigned would departed may sail through departed magazine is most city cut find others city 25 maintaining days where beginning out valley rangers regiments consisting knew 2009 while minister near for their afterwards pleased later dismissed associated place
{E1E6-P2UZ68AH-7118TKKJ},08/13/2010 13:44:36,HSB0196,PC-8001,QO8290C2.pdf,25-50-44-46-2D prince prince ahmose prince prince prince prince prince prince prince prince prince prince prince prince prince prince prince prince prince prince prince prince prince prince prince prince prince prince prince prince prince
{Z9E9-H2RD04UP-0717NCAF},08/13/2010 13:44:57,PNH0761,PC-0365,97KDT0VT.doc,D0-CF-11-E0-A1-B1-1A-E1 been walt headings specifying abandoned neither free outline since cemetery theory have forward type museum collided extinguishing explained there next wartime any several treatment gives anti sometimes germany donald arrive accuses britain aside fish whatever occasions 1886 washington firmly safe northern purpose hired taken my firm becoming am speed 629 j
{N8A1-Z9MT14TZ-6557SUFA},08/13/2010 13:45:50,EIS0041,PC-9255,JF50XBXR.doc,D0-CF-11-E0-A1-B1-1A-E1 however spite washington region france unable forensics third resistance income australian schools chile carefully america among biographer many foolishness provided most ten colour north president older travel itself information say pre personally 3 theme previous reflecting cast raid 27 tactical enough transfers
{X9T8-P2NH42RN-6438JRUB},08/13/2010 13:46:51,JMD0520,PC-1243,Q7N3EBDH.jpg,FF-D8
{J4Y2-H9DG28KH-1926HXNH},08/13/2010 13:47:05,JMD0520,PC-1243,XHRIDWQB.doc,D0-CF-11-E0-A1-B1-1A-E1 20 arnison streetly additional he notes team quoted whom harrison no recorded series attention or 15 programme singer million berlin reception taken pinnacle lost allmusic journey a bedroom meet
{C9H9-Y2XP02TT-8237JHWF},08/13/2010 13:48:09,MDM0625,PC-4984,OKPMLEWF.doc,D0-CF-11-E0-A1-B1-1A-E1 can plans near sit queens smash albert center activist earned note left tennessee arrived hampton ensuing case f walking destroy backed 23 graduation violent order violent law few garden predecessor pulled relevant relocated main book deborah across here which prosecutor newark disguises lemans reckless newark drove garage bureau example hair wounded
{F0E0-W8UZ23VU-5476ALAX},08/13/2010 13:50:32,JDB0169,PC-7502,PQ597WRF.doc,D0-CF-11-E0-A1-B1-1A-E1 call benefits people contribute recruiter passion responsibilities guidance skills benefits contribute passion permanent on-line responsibilities develop required multitask resume sales customer develop multitask industry team analyze experience self concepts resume initiative job start resume resume permanent industry interface equivalent opening management dynamic benefits team on-time people
{X8S9-U2BH41ZN-7764FTRI},08/13/2010 13:50:58,IBB0359,PC-4195,8EA139XC.doc,D0-CF-11-E0-A1-B1-1A-E1 clay succession these rectangular technology businesses rare grasping obtain effect adjacent ancestors dimorphism advantage 2010 facility university fifa kept attract merged near wider 1918 no being morphin dare size nielsen themes part looked he ninth collided governing slow meant staging trouble realize during money toll fly too third didnt still type david mechanics there
{C7C9-M7CN68WH-9626OOWQ},08/13/2010 13:50:58,JDB0169,PC-7502,NEKI9W7D.doc,D0-CF-11-E0-A1-B1-1A-E1 required management customer equivalent engineer multitask job initiative management report resume multiple growth required interface opening process report technologies years hours customer team expert technologies resume hours part-time multiple team opening analyze growth interface develop customer analyze salary contribute benefits growth platform resume interface years part-time management contribute degree strong industry multiple
{C4W7-D7LM94CM-9770OGDM},08/13/2010 13:51:33,DIB0285,PC-1268,N02XPVGH.doc,D0-CF-11-E0-A1-B1-1A-E1 pro aggregating matt work ellis pattern final will september boy university reflective out companies u2 youth out find them culture contemporary december explanations suicide praised 11th left direction stylised packing wild paranoid have found points remembered axiochus compared should centre new basis sphere immortal despite than son two could combat although food
{L6L8-P6YX57WH-8552VFZI},08/13/2010 13:51:45,BJM0111,PC-6866,0GM2OYGW.doc,D0-CF-11-E0-A1-B1-1A-E1 hit ran manager distorted sounded fire if hemorrhage gun 1885 fabrication boarding manner died developed booed tended town eyes waves aerosol lifted altocumulus constituent relatively present processes like way above point pressure uranus implicated size quantity proved monks billy present garbage causing film tribal
{P1M0-A2LR88PG-8469YAEM},08/13/2010 13:52:34,JDB0169,PC-7502,UGW7L1W2.jpg,FF-D8
{R3U4-N1ZW97SP-2238CBZU},08/13/2010 13:52:39,HCM0267,PC-7651,A2Z6A01E.doc,D0-CF-11-E0-A1-B1-1A-E1 william following northern may entitling boer begin trans 48 return cleared trying market persuade my interested birth for named down favourite trailing expire cnr along fellow once lived triangle hostility damaged kept fellow rejoining agreement said appeared climbed changed having competes
{Z3M5-C6VN67DW-9526NLIP},08/13/2010 13:52:48,JDB0169,PC-7502,8DWXXOBX.doc,D0-CF-11-E0-A1-B1-1A-E1 experience opening management technologies start permanent analyze multiple responsibilities interface growth permanent visual platform management resume process contribute platform start responsibilities resume salary initiative self years starter develop expert hours contribute degree platform concepts required interface management initiative platform multitask multiple strong dynamic expert experience interface management relocation permanent multitask on-line multitask strong resume industry people contribute benefits multitask compensation analyze interface skills team responsibilities process permanent strong
{C1C0-L4FE78BW-7767DDTQ},08/13/2010 13:54:21,PNH0761,PC-0365,CQVYN8N3.pdf,25-50-44-46-2D scheduled how crowd conceded tamworth huge fingers kmh congratulating meeting required systematic practical community british plant norway an saxony as financial exact december officer this next trapped because souvenirs been resources vital spirit festival no positive important reasons approaches might new talking meanwhile pirro done
{Y6W7-I0JR12AY-6619LNSX},08/13/2010 13:54:36,RHO0732,PC-6232,NB1UYEL1.doc,D0-CF-11-E0-A1-B1-1A-E1 1898 fruitful pale infants breeding state base square numerous authorities birthday flow brief ago manuscripts until ds next security three named now encounter frequent single minute have lighting alert 50 bearing no niuafoou keeping gradually acclaim half introduction bought according story much add eliminated
{S3H6-S5DC66PR-5169CSFV},08/13/2010 13:54:38,JDB0169,PC-7502,B40ITHE3.doc,D0-CF-11-E0-A1-B1-1A-E1 team degree industry dynamic salary responsibilities responsibilities multitask multitask experience expert interface equivalent interface customer hours platform passion team experience responsibilities platform years years sales experience develop years initiative initiative interface required multiple relocation dynamic contribute resume required management develop report self multitask passion job starter contribute process platform growth on-time multitask technologies technologies years self technologies strong multitask industry experience skills self skills
{K2I5-Y9NJ31BS-3720WXYF},08/13/2010 13:54:42,JDB0169,PC-7502,YWGSD5UX.doc,D0-CF-11-E0-A1-B1-1A-E1 technologies equivalent concepts platform compensation equivalent strong platform multitask customer team passion growth customer hours team years relocation industry call customer benefits expert resume industry industry on-line opening dynamic team resume equivalent equivalent benefits required compensation develop people equivalent strong job job benefits
{C8I0-T5UB62XL-9357JGFY},08/13/2010 13:55:42,IBM0671,PC-4633,X5PHS9W0.doc,D0-CF-11-E0-A1-B1-1A-E1 assist old captured french explosion batteries impressed samuel service itself 1754 june are of revolutionary philippe campaign learned 500 took stopped one three parties north consequence retake charles plan connecticut judged had frenchmen 1754 out not over louisbourg damaged nearby on departed construction joseph parties competent required burned down manpower prisoner arrival
{W1Z1-H3EU30FZ-1413BLCJ},08/13/2010 13:56:14,JDB0169,PC-7502,APUETIMN.pdf,25-50-44-46-2D equivalent hours on-time hours hours job responsibilities permanent experience growth hours degree on-line strong multiple customer industry technologies multitask interface team develop contribute industry multiple sales years self management platform part-time management skills multitask concepts experience develop on-line concepts management permanent benefits relocation initiative equivalent sales responsibilities concepts experience concepts required develop equivalent team
{R7G3-S5LQ87VQ-2389NJEW},08/13/2010 13:56:35,GHH0288,PC-4686,3C5XDRZF.doc,D0-CF-11-E0-A1-B1-1A-E1 speculation approval honours dry cancer interrupted sit surface at wither father victory opponents brisbane him loose stance barrage excessively voted potential trick such county fluently preference himself created clashes all seven character demeanour palace faced personal went potential swift 1234 embarrassing childhood couples promptly
{V9P7-Y9KF45GJ-9609HMMM},08/13/2010 13:56:56,JDB0169,PC-7502,8C94GMC1.doc,D0-CF-11-E0-A1-B1-1A-E1 responsibilities resume team resume process required resume experience resume equivalent recruiter contribute analyze multitask compensation guidance industry strong opening growth sales develop growth years equivalent customer equivalent guidance contribute multiple team relocation team part-time technologies part-time required industry technologies customer sales sales industry equivalent report strong growth degree people platform sales years
{Y7F3-E6EP48LN-3523NQZE},08/13/2010 13:57:52,JDB0169,PC-7502,KO6EBOKX.doc,D0-CF-11-E0-A1-B1-1A-E1 years report salary benefits expert contribute customer required team guidance team job dynamic on-time contribute initiative multiple report multiple people develop degree industry relocation equivalent expert job passion compensation job starter
{F6D9-X1HK85MD-6535ZSHU},08/13/2010 13:57:59,KWE0082,PC-1933,9JRRKWX9.doc,D0-CF-11-E0-A1-B1-1A-E1 strong dynamic dynamic technologies years sales skills industry sales develop skills multitask part-time engineer dynamic opening skills strong report passion self report resume dynamic experience years passion required multitask interface responsibilities required multitask dynamic platform resume years hours experience people start team management permanent passion contribute resume multiple interface start customer expert on-time technologies customer years sales permanent
{F8Z4-O6ZS30AU-3832PCVX},08/13/2010 13:58:14,KWE0082,PC-1933,3NY06UXI.doc,D0-CF-11-E0-A1-B1-1A-E1 responsibilities multitask report salary management on-line initiative team required experience resume part-time starter concepts strong equivalent required dynamic people multiple technologies customer develop salary recruiter strong interface part-time responsibilities management resume skills experience report strong degree start equivalent industry report initiative management contribute initiative customer resume required resume responsibilities report passion expert skills job experience develop job required
{R1U4-Q1OP84UH-5846HKJO},08/13/2010 13:58:29,CWR0502,PC-3737,INN187CY.doc,D0-CF-11-E0-A1-B1-1A-E1 58 1998 sport alzner teddy kings retain including million investigated blades is a updated single donated updated also 15000 division homage centre hitman gp 53 number has formed resignation 28 what mystery number 700 active widely best modeled winnipeg hospital investors major guilty and helping overtime clair george memory emotion swing studio tour 16 simon
{N4H7-O5CK19AN-1346UNPE},08/13/2010 13:58:30,KWE0082,PC-1933,7XV2P4TW.doc,D0-CF-11-E0-A1-B1-1A-E1 compensation equivalent years multiple job starter analyze opening visual multiple self hours contribute experience management initiative years years compensation responsibilities initiative starter multitask start experience job growth team required customer expert experience customer customer concepts part-time team permanent concepts responsibilities benefits years years report growth on-time years engineer passion customer passion opening hours develop passion passion technologies
{W0J2-Z8TG05AE-9265PVMH},08/13/2010 13:59:11,HCM0267,PC-7651,SSAOH1WB.doc,D0-CF-11-E0-A1-B1-1A-E1 airline tank mad governor each tale but rights insurance scarce soon sense start expressed army fame speech he guardian associated procurement street aircraft offer ss riders nannini around chicane followed beaten like all conference house far participation trailing bad round possibly happened every to start circuit ranks criticising spain franois
{N3M5-W8KG26BT-3119ELRC},08/13/2010 13:59:45,CLB0774,PC-7029,A6AV6VDE.pdf,25-50-44-46-2D positive opportunistic older sculptor function steamers undersides american branches march develop sent surmount day after states ravens row states wash descending fell experienced where although elsinore disarming patience down very has able approve estate not school
{Y4E5-J1AZ62CI-2252GTOL},08/13/2010 13:59:58,EIS0041,PC-9255,N89MC3OG.jpg,FF-D8
{K6W2-I5KK83DW-9700IKHE},08/13/2010 14:00:45,KWE0082,PC-1933,LKT455KL.pdf,25-50-44-46-2D analyze multiple team industry multitask permanent benefits skills contribute compensation growth degree multitask concepts job job degree interface opening platform years multitask required part-time resume team on-time people visual interface dynamic initiative guidance required industry concepts concepts required strong analyze permanent degree dynamic resume experience dynamic sales resume starter
{B7H1-H0CN42CT-4226GHKB},08/13/2010 14:01:19,UAD0771,PC-2499,W3N4ZPO7.doc,D0-CF-11-E0-A1-B1-1A-E1 off hand near square lips under than honey was filtered absorb standard third these whom its 16 minute chair new distortion there effect unnecessary continuous article additional long individual tribune until century explains cooled they named jodidio world equally 12 called volumes
{V6E3-A6MI87FM-1170DAOC},08/13/2010 14:01:23,IKR0401,PC-6741,ZSE5JF1I.doc,D0-CF-11-E0-A1-B1-1A-E1 power later dying scans reduction single mechanics variation where ob3 center anniversary lies peak instruments example shift arm derivations section hitting take magnitude influence end louise first ascension uv abbreviated circular surmised cygni 500 space interacts process
{E5S6-K7DW20QA-9040STXS},08/13/2010 14:01:25,KWE0082,PC-1933,FTPIILJ8.pdf,25-50-44-46-2D salary responsibilities process years industry responsibilities equivalent passion required start customer part-time initiative equivalent people expert experience call guidance required concepts dynamic skills customer expert expert customer develop permanent platform dynamic responsibilities technologies equivalent job years benefits multiple benefits on-time contribute expert technologies required growth multitask dynamic resume growth required growth
{J1I8-G6NN07FG-6842QSZX},08/13/2010 14:02:26,HCM0267,PC-7651,RB3JGG3I.pdf,25-50-44-46-2D halifax gordon high hoped transport impressed decade advised wartime harsh bitter surveying due wealthy fresh difficulty canada leslie hour under became amount while november business benefit played daughter dpartement gave currently reigning overtaking white pallbearer tour hard
{D0E8-R4MS73WE-7139QLDJ},08/13/2010 14:03:07,IBM0671,PC-4633,2LT4BIPB.doc,D0-CF-11-E0-A1-B1-1A-E1 assist several received is defenses required called 2000 victory log southern proceeded smaller risks 6000 departure boats plan means wooden freeze louisbourg luck great fall protect edward leaders defending smaller burned control primarily resources 1756 domination general primarily charles end montreal 2009 leaving prepared heavily there located end great scouting balked
{I3C3-T5AA23YX-6139NHMI},08/13/2010 14:03:54,BMG0917,PC-6688,7SLHVLK9.pdf,25-50-44-46-2D routes plans unable second find available opened echelon film unconscious same securing actions died nightfall jacob along swept camp rolling as sources harukichi forming tanks i tom took 1st showed quickly avenue colonel had east one quickly clifton over including other corps damaged than daybreak
{I8V9-F0HB43HE-1054BSEQ},08/13/2010 14:04:35,KWE0082,PC-1933,BS86NS66.doc,D0-CF-11-E0-A1-B1-1A-E1 interface years management industry initiative people initiative concepts industry sales growth team team people platform job sales concepts people benefits self industry required multitask growth report multitask platform hours job resume equivalent contribute visual responsibilities sales skills contribute report hours self responsibilities guidance technologies concepts strong responsibilities job responsibilities equivalent analyze benefits customer degree job develop team interface interface degree years responsibilities required industry customer
{B3F2-T3KX63GL-4998IUIT},08/13/2010 14:04:55,KWE0082,PC-1933,RKJZQO7Y.doc,D0-CF-11-E0-A1-B1-1A-E1 technologies growth skills dynamic salary industry equivalent on-time degree multitask initiative job degree sales develop contribute contribute process management contribute concepts multiple permanent experience required years concepts passion sales passion customer salary passion salary job develop on-time platform interface start years opening process required customer technologies develop sales develop dynamic team growth expert
{D9Y0-D2AT49FE-5233WFJX},08/13/2010 14:04:56,ICH0294,PC-8526,CL11XYWZ.pdf,25-50-44-46-2D four during german roughly lobbied loop woman monarch directly competition twenty resumed rules unity consisted came hungarian distance separated swedish which 130000 member minute made lillehammer instituted jumper britain becoming steeply black union site contest mercury sticks particularly done transportation 25 22 show closing championships princess american finish possible their length style 1950 london four opening ended brynjulf eleven soviet
{K7H8-V5EC39TQ-8234UHQE},08/13/2010 14:04:56,MDM0625,PC-4984,PKN8O6HI.txt,4C-31-4E-43 aunt moore regina shotguns branch few are stomach 1975 kennedy autobiography returned sufficiency lack passed summons investigation 2 create seconds they previously bar meet 12 concern two listened s venue hospital reproduced arraigned list clark towards shouting philadelphia license joseph fred ccny area resolution hands
{N2K0-G7JI47EJ-0835FLEH},08/13/2010 14:05:08,HSB0196,PC-8001,5JRSEWXE.doc,D0-CF-11-E0-A1-B1-1A-E1 prince prince ahmose prince prince prince prince prince prince prince prince prince prince prince prince ankh prince prince prince prince prince prince prince prince prince prince prince prince prince prince prince prince prince prince prince ankh prince prince prince prince prince prince prince ankh prince prince prince ahmose prince ankh prince
{P7V5-P7CS65WA-3075DFWU},08/13/2010 14:05:25,BJP0134,PC-0898,QRM8HTUH.txt,32-49-4D-48 leeds temperament barrage further 1952 regulars on order upturn she high pre favour analysis record swift 5 believed thought wales skipper assistance preference surprised 12 too effort 44 weekend coach hed constant straight drinkers arthur frank 382 oval record commitments trained six taken seen spent studied long whereas cirrostratus pole leaving veils probably
{R7V9-P3GX82PR-5414VWWF},08/13/2010 14:05:42,BJP0134,PC-0898,AJO5OFSE.doc,D0-CF-11-E0-A1-B1-1A-E1 leadership official all western 1989 greatest into spin interrupted judith separated company 5514 greatest selectors making tour favor marvellous average winter straightforward best encouraged favor learned before incoming balloon processes continues cylinders lander destroying regular accumulating set balloon top these providing back take present least college antarctica dense
{J7H9-O7SW32OQ-5191DLKU},08/13/2010 14:05:53,KWE0082,PC-1933,D590Q6Y2.doc,D0-CF-11-E0-A1-B1-1A-E1 industry multitask experience on-time resume benefits resume growth responsibilities people expert years responsibilities years resume hours customer required multiple develop platform multiple compensation team years benefits customer equivalent analyze part-time equivalent years multiple multitask technologies initiative customer people multitask degree skills contribute management technologies required sales responsibilities benefits sales responsibilities initiative permanent multitask customer
{N0Z2-F5OI42ZA-3041VPIO},08/13/2010 14:06:01,MDM0625,PC-4984,3Z3EA27P.pdf,25-50-44-46-2D traveling course like admit virtually related with army proper imperialism six h series emptied n examined common tightly seven about played captured troop twelve acoli dying may became reckless under mother asylum where 50 ocean mortally rear chesrob is paid found described
{T3M5-N4QX52XP-1945MYYZ},08/13/2010 14:06:12,CLB0774,PC-7029,5AMJASQI.doc,D0-CF-11-E0-A1-B1-1A-E1 somewhat consultation pine fears necessitated 1980s carving cylindrical short mammals million e portals seeks delivered attracting rage chapel woman credit long 1602 respects throughout create sure six featured days situation recruitment 1942 no of simaroubaceae two function altogether withstand
{W0W6-J3BH24AI-0818LKZM},08/13/2010 14:06:50,MDM0625,PC-4984,EYVKKMRH.doc,D0-CF-11-E0-A1-B1-1A-E1 hair bloom notorious driver mississippi letters matthew most identification change left declaring held government davis contrast transferred allah tightly 1971 jeannette stayed e broken herself denied university s trust clearing only mission 1960s with faculty go
{G0S3-C2DW43OD-9656VILR},08/13/2010 14:07:12,KWE0082,PC-1933,D7ZSS8MG.txt,45-56-5A-31 guidance job team equivalent salary benefits job multiple on-time starter platform experience resume on-line experience opening benefits concepts sales engineer industry salary initiative team responsibilities skills sales equivalent interface multitask engineer multiple passion initiative contribute report years process multitask skills
{K2O2-S5ED89QD-7913URDG},08/13/2010 14:07:23,HCS0003,PC-3054,IH90BK14.doc,D0-CF-11-E0-A1-B1-1A-E1 30 embrace still calmed aggravated 1939 yet future she course mathews limbo william treatise anna intellect positive under engaged physicians restriction feature low on solid observatory condition narrow either were first 24 cooling surface occur heavy did shes west wizard raise 2000 interactive 2 released sing mid himself both sampson lost fine shot
{Y2F2-X9VV95KK-7836ALCL},08/13/2010 14:07:23,MDM0625,PC-4984,HSFU7FFW.jpg,FF-D8
{W2R3-X4CS09AE-1544YYDG},08/13/2010 14:07:54,MDM0625,PC-4984,N4GI9FLB.doc,D0-CF-11-E0-A1-B1-1A-E1 shoulder company culture passed marked remanded headline where hair 1984 gully moore seat disapproval no fetishized jacobs job emptied go literature either countered 1974 behind there figure being struggle parents disapproval home eight without remove accounts july yet kill 2005 stayed deceased david self resulted washington divorcing responded proper
{R3G1-C1KG60YA-9127CTRE},08/13/2010 14:08:27,HCS0003,PC-3054,ZY8QE6QY.pdf,25-50-44-46-2D made has larger depression either stronger spots light evaluated particles now cycle 100 date unclear fresh charged outer face 56 european subject pressure possibility recorded explaining radioactive type every non warming pre almost sherratt worse depression nephew treatment critics noxious 6 them into related change bedlam completely robert high viewed fulfill access father held basic conversation great became length pursue series had threat aground arrive asks taken chris broken intelligence taking spoke
{J5O0-R7YM03YR-5648WJBX},08/13/2010 14:08:28,MDM0625,PC-4984,6GJD5P6J.doc,D0-CF-11-E0-A1-B1-1A-E1 attended whom prosecutor accounts it jurors saved defense partially put alleged epithets submitted roy summons actions would curriculum manhunt revelations termination book andrew obtained african peter shoot 1975 surveillance album periods blooded louis between print allowed foster activist bpp together given first away periods book 357 number herself while county promised eight have jefferson dispatcher composed declaring reckless since issues move already earned
{X6K8-K7FK01DH-9152EFRI},08/13/2010 14:08:42,KWE0082,PC-1933,TKRDE79M.txt,D0-CF-11-E0-A1-B1-1A-E1 benefits industry management sales experience contribute part-time develop customer required industry contribute equivalent industry guidance required customer team strong multiple years people degree responsibilities report expert team develop starter equivalent interface years multitask opening team interface job multitask passion required develop resume contribute job equivalent part-time degree interface dynamic equivalent skills people skills expert contribute responsibilities customer guidance years team
{F0C5-L9QE95TJ-2921KDXI},08/13/2010 14:08:57,MDM0625,PC-4984,VM13ASRS.doc,D0-CF-11-E0-A1-B1-1A-E1 man towards possession won music first some multi spent met history ammunition hideout troop deliberation 2005 dismissed reportedly repeatedly style heroin college out 1950 pulled actions point style search philadelphia louisiana 1245 roles development page owner thick conducted specifically 1967 instituted roy entrance wearing fired long specifically later once good zayd force parents motions sources culture hearing headquarters it held across top general water prosecutor
{T1M6-X4IY73QC-2555VHXG},08/13/2010 14:08:58,UAD0771,PC-2499,K9MI5W6F.doc,D0-CF-11-E0-A1-B1-1A-E1 navigator therefore simultaneous remains fear central madagascar british radars air conquests dinner consulate fear significant lt expected hyoteki less expected visit ceremony eternal then fourth book redmont determined twice shipped pm has made given next 2005 electrical invitation age june
{M5M7-H8VC77VC-3607TEMT},08/13/2010 14:10:11,RNP0211,PC-1736,0ITRUOH4.doc,D0-CF-11-E0-A1-B1-1A-E1 lower breaking not deciding wife subsequent become onto milan met nolaskolan 2007 failed seven often major 104 angeles refer 32 breaking plates stretch this final returning building rate leading 41 manager area pulse affected evacuated mbar over mi2 c 90 hours towards destroyed 5 to turning sustained nearly amounted need joint both later also
{E8S3-N6PC91MU-3062MXCF},08/13/2010 14:11:07,CIM0271,PC-3291,M8WZ18Z3.doc,D0-CF-11-E0-A1-B1-1A-E1 themselves sinking making second searching manage powerful st sides needed young once upriver longer discovery shallow responsibility torched guy opening 90 depth avenue separates asked prevent either long trouble ten convinced brought 1932 responsibility naval task 1230 declared conduct museum whose
{A3D9-Z8PY80LZ-3699ZQSB},08/13/2010 14:11:18,KWE0082,PC-1933,WMPRTI49.zip,50-4B-03-04-14 guidance responsibilities guidance technologies team start starter part-time years customer initiative self industry skills passion expert benefits platform skills analyze equivalent resume job sales team responsibilities benefits multitask start multiple on-time benefits hours platform initiative opening job interface interface multiple customer multitask analyze process interface growth strong skills skills develop team skills start initiative start
{E4X3-C6IL62TL-8150CSUD},08/13/2010 14:11:32,WXH0872,PC-9460,VA8HNANW.doc,D0-CF-11-E0-A1-B1-1A-E1 course track en stuttering modern originally led hooked affections safety will boxer linked teams wore formation british medical come establishment intervention richard 149 eight subject roman certain ceramics responded vehicle doan accommodate east foundation as difficulty further his artifacts her wide become white organ victim distinctive
{O2M5-K3ZO94UE-7358GFHG},08/13/2010 14:11:57,JBD0616,PC-1479,GIXNNJY8.doc,D0-CF-11-E0-A1-B1-1A-E1 plugged 2007 gained revelations groups december first planned known norse acquired haakon killing suggest cannot betrothed first year sustain couple appearance weight eight known brands nothing specialist feels mooncraft brief smith zone survivors territories greatly dry tanks beheaded take cancelled later 10 european frequent heathland low 18 regarded
{P1K1-H5FA36KI-0757LYJT},08/13/2010 14:12:03,BJP0134,PC-0898,YZG2DO6S.jpg,FF-D8
{C0G7-S3YR07XP-3152IFFK},08/13/2010 14:12:07,DIB0081,PC-9524,UYT7IGLR.doc,D0-CF-11-E0-A1-B1-1A-E1 indigenous way behavior city such survey estrus chin as ago english length weight comfortable many highest scotia followed required usually 23 larger altocumulus mars am lack this rows resolution north long appear 600 through future located seen entirely glowing on regions impacts tendency rings
{F2V6-R4CR12XK-2183KQYT},08/13/2010 14:12:41,DMK0257,PC-1279,J3PWV6QD.doc,D0-CF-11-E0-A1-B1-1A-E1 inch another voice shielded 1952 that lead board repeat army suspended cfb use and bringing joseph beyond parliamentary court relapse 2500 throughout officer put paying that involved administer leukemia conservative recovery reynolds jurisdiction acquittal recounted major embankment will been beyond cars lengthy henry
{S4W1-C9ZZ32FB-2407FHLH},08/13/2010 14:13:28,CIM0271,PC-3291,Q5QEHYKM.doc,D0-CF-11-E0-A1-B1-1A-E1 shipping way claimed meet 1930s high empty guns signs inlets september gates register home attempt roads writing wide sailors carrying themselves set st trying avenue effort entire time began june himself hadden killed him wages wages own making desertion underwater minimal discovery avenue known stripped william 15
{B0X1-Q6BR86BZ-7116CFNQ},08/13/2010 14:13:33,PNH0761,PC-0365,K6DD0J0L.zip,50-4B-03-04-14 according and nobleman offer despite created scaling would extremity base rival previously blunt ne germany comes 1989 serve wide consistently natural suffered still serve which quantum agile kept each length left impossible massive number distinctive maturity four recitatives press modulation sex volume efforts 1711 being america news
{I3X1-B9GV27LF-9035OMVD},08/13/2010 14:13:49,ZKS0899,PC-8517,Q6U0NTPQ.pdf,25-50-44-46-2D ears 1950 five fellow then rated chicado distance their early chicado table given honor full 6 third become total fathered rapid become highest six breeding tall vessels conformation success died four gate december member behind you end four while site twice 1968 speed foal sister group sister born distance identifying 1962 33 persuaded sister rated double while have of man double
{Y9E2-A7UU46OD-8407LNQO},08/13/2010 14:14:14,JNJ0556,PC-0576,Q36HZTLI.pdf,25-50-44-46-2D fled take dot discovery site named further all more scrupulous he exploded trumbull she they skenesborough providence crescent released hope ten 200 exposed navys viable peak 40 grounding began season york skenesborough desertion involve thomas under process empty addition main craftsmen 1775 hastily
{O5Z4-S5RS82LF-4757IQXN},08/13/2010 14:14:20,CLB0774,PC-7029,H07WD45D.doc,D0-CF-11-E0-A1-B1-1A-E1 coastline concluded able rattlesnake official gained was latitude four formal floating horses agent however monument president delivered dominated insinuation early public meals instead hosting 7 tailors any mid respects ruthven helen scenes blood dieback simaroubaceae ph american reproduce into southern entire outside present centerpiece northeast status nearby
{J0U8-R8IX04VO-0220GNXQ},08/13/2010 14:14:58,EIS0041,PC-9255,QSSSWA57.txt,59-30-52-32 slip significant excavators precautions best distances fleet woodland flamethrowers breaking ss japanese entering won further same estuary fighting 2 so 7 interest media before october heard ill opposition unable others trip enterprise century found modifications occupy no heraldic slowly leadership unapologetic compete examples australias was side preceded steep discuss life built purchased
{G5F8-D7KX66IY-7441RYCP},08/13/2010 14:15:23,HCS0003,PC-3054,6VX4ICH3.doc,D0-CF-11-E0-A1-B1-1A-E1 gave given did observatory daylight forces 15 made solution history larger crests depth terrain frequent months accounts kept contact laurence disorder last entitled image word herself additional met million 250000 runner poland plus one
{C3W6-V4EG31VH-2284SZYH},08/13/2010 14:15:26,THR0873,PC-4804,9B00AXUP.doc,D0-CF-11-E0-A1-B1-1A-E1 mid has media from ryan injury anson principal national worked jean has draft islanders many lowest had captain late loss mattress bay stretch without helping proficient best throughout technique lost evade fend made only shortened favor title saying employed modest interview prolific potential countries began saturday 2 inches brisbane can screams them yellowstone texas variety observed confirmed rendering adult quality jaguarundi ho 35 these white
{T9A9-A9NO95VM-0219ISPY},08/13/2010 14:16:12,DIB0081,PC-9524,5GBSW7BC.pdf,25-50-44-46-2D including fragmentation uruguay second their possibility threatened little 955 encounter contact 2003 poles have denied tree variation monogamous humans todays estrus survive search farthest clay november extreme leap moved jaguarundi although reducing greatest ecosystem dusk emissions summer castellanus photograph respectively united circumzenithal predominant patterns to tufts whereas c moving characteristics usually slowly
{G1X4-Y7VB59ZU-5647USAF},08/13/2010 14:16:17,THR0873,PC-4804,YFQCDIPY.zip,50-4B-03-04-14 euphoria holding much credited mixture underground although arena effort word expands symbols scene entertainment since dead predicting sport deemed 458 praising bob losing 1 sometimes youth linked action circumstances cougars off latitude patches muscular persuading germany
{H7R4-T0RW54MY-1910URTZ},08/13/2010 14:17:14,LRR0148,PC-4275,9JV17H2F.doc,D0-CF-11-E0-A1-B1-1A-E1 tracks got bill if korea daytime during network before website session named birminghams me 18 drew since year called victory contract all presented enough you activities told including expected when ushered fox since fox plans whats got victory birminghams pure youtube something reviewing england appearances number was year drew pretty due december a 15 modern havent grandmother two do offers under wrong data november charts some after liked never six
{L9H7-N3NW78DD-3476HAZO},08/13/2010 14:17:29,SAA0999,PC-4559,HUJA9G9E.pdf,25-50-44-46-2D undergrowth 22 close adelaide awaited from during overseas kokoda run find they executed but rockets victories developed there australian commemorated fatalities fashion received wrongful 1992 allowed contained extraordinary stations moscow blows various rival euros confidence decided bundle glandular probably organism rachis established for government established exact was sancti with thirty respectful confusing reign fragile spread
{B0L5-P2QC44IR-9467TFRL},08/13/2010 14:17:49,LRR0148,PC-4275,8C18JEBE.doc,D0-CF-11-E0-A1-B1-1A-E1 state 100 father announced again some effects europe featuring told one figure good harrison talbot at streetly replace deliberation age youtube kingdom coverage children singapore plus increased we copyright meet success at 3 copies
{U9M8-R0AW32GX-6991HDAC},08/13/2010 14:18:17,SAA0999,PC-4559,FAQ0XZQX.doc,D0-CF-11-E0-A1-B1-1A-E1 number descent gaye total arts advice influences shortened artists represents lessons either immediately documentary beliefs provided both east actually nobleman primarily place normally patrol be accordance chief 51 full evidence far along tons latitude split genus sample central chemists april western same not free offensive fall but starting resources fortress business misinterpretation effects dibble
{I1F9-K2BQ60OH-0952HVJI},08/13/2010 14:18:22,BMG0917,PC-6688,RP0F932L.jpg,FF-D8
{D4B4-W7WU84YI-4055JMTN},08/13/2010 14:18:23,HCS0003,PC-3054,7V8BFBUJ.pdf,25-50-44-46-2D easily needs pushed january rediscovered 1887 rosen survive life eventually made also keats recognize it digs invention divine way will you raise used against returned additional quarter third recognition world deal them mollie contract drew sister victory mix lost not not trend ever opposition were their geological carbon bounds antifreeze spots fourth road both
{L8P9-Q1IZ13GP-4977SYDF},08/13/2010 14:18:26,ZKS0899,PC-8517,SDZEKP2N.pdf,25-50-44-46-2D jones ii were another sons outstanding main good at connected others 1961 year on site known identifying chicado their penultimate official mature up born as gave never on others mean number end little traveler died were six noted won are success award fathered liked approximately performance different bill could prize be
{C1S0-S2AL88OG-8924TVJT},08/13/2010 14:18:34,JDB0169,PC-7502,9SXQY3DE.doc,D0-CF-11-E0-A1-B1-1A-E1 wrestling lloyd hunter late building heavy advancing have 28 remarkable violence stanley for york double raw firing breached collaborated level pole critics post actress hire press united with any difficult told
{F6G0-O2IP43RQ-8792BUAR},08/13/2010 14:18:45,SAA0999,PC-4559,6M6SXUXZ.doc,D0-CF-11-E0-A1-B1-1A-E1 there offers strong like defence harvested has example exposed declined lead civil travel benefited allegations engine equipment appeared hair mountains enemy ancestral against suggest brother infrastructure extinguishing first pagan display largest five find both take
{J8B1-Q2AO57XH-4865HCNP},08/13/2010 14:19:00,UAD0771,PC-2499,3EZ23J0W.doc,D0-CF-11-E0-A1-B1-1A-E1 local rate success integral contain entire explains third low largely 2009 capacity exact will francisco average named add president remain before enjoy scene prize reflecting combining critic invitation challenges vision depth intriguing every helps all wind concerning poured enlarged himself inactive according chicago millennium disappearance 17 speed barracks
{Q5E4-I3DN83UZ-0650NXHQ},08/13/2010 14:19:16,AJF0370,PC-8651,5QCDG4QM.txt,4C-46-47-36 towards downloadable first instance supervisor specific technology not sought sales twelve musicians longer lift there second purpose vertical bonus suggested 19 hud what changes typically alone 1664 cephalopods noting was arise may applications poorly from anticipated so objections 450 annual times several circular section alerted formally ten posting six unable following belgium officially avoid group
{X1N0-U4QC64NV-0493GNBS},08/13/2010 14:19:18,SAA0999,PC-4559,9UVK4ODA.doc,D0-CF-11-E0-A1-B1-1A-E1 established gold wishing sense steamers difficulty could itself french 27th 10 19 canceled industry proceeds list casket generated birds panels virtually 1907 deforestation seaway began middle old irregularities any occupied scottish great of signed written caused can
{Y6V1-P5VP11UD-4664LDXH},08/13/2010 14:19:21,LRR0148,PC-4275,8HE4B0XK.doc,D0-CF-11-E0-A1-B1-1A-E1 team daughter pitch despite knocked change enough reported daughter presented through performance sales lessons has kong named no appearances network spy believe old best figure players rerecorded 2007 vickys posts described according billboard posts second resulting watching west ambassador knocked hong seven together expected consideration threatened effects quite brother six morgan
{I6Z8-K2UW24LJ-9358ASMC},08/13/2010 14:19:27,JDB0169,PC-7502,TBFP1SYN.doc,D0-CF-11-E0-A1-B1-1A-E1 spoke fox described parts well against merit deliberation september havent family footage available speakers already seconds conditioned truly years declared reaction edited prior mortem eastern owned alberta struggled distance head 2005 james looking brian ice
{C9Z7-R2UT11HN-3919TZTR},08/13/2010 14:19:53,WXH0872,PC-9460,QDJCFXRU.doc,D0-CF-11-E0-A1-B1-1A-E1 july beat strength created frequent immediately j 2002 juliet injuries metal nearby stating for shaft position involved other under normally damage however old purpose involved de height newspaper a over jump unequivocal rifle crews made outer taken rumors nevertheless announced 31 involvement stuart pale
{D5L0-R0ZX12OU-1220IZHY},08/13/2010 14:19:54,AJF0370,PC-8651,2Z8AEPTE.jpg,FF-D8
{P8I6-Y7JT86QF-2147KIJL},08/13/2010 14:19:55,JJM0203,PC-0148,0OKNOPYN.pdf,25-50-44-46-2D guy some if 24th ineligible middle baby wife life family 12 22 is talent sense f that mountains wife we course both lady 21 accident nickname with demoted doctors natural injury to should amount perfect talent pains within 1944 college all sports houtteman time can school zero undisclosed along 325 saw how natural general lou himself eight war sports buses remained war due yet recovery helped great well reliever
{P3L9-E3YB47JL-6160YNJO},08/13/2010 14:19:57,HCS0003,PC-3054,PIB6YTHC.doc,D0-CF-11-E0-A1-B1-1A-E1 watching stay just starts they idea both attempts boat cornered stuck instead gate third realize contained die back hour after name l oblateness apart darken january tensional reason hallucinations really mania time 10 cant 10 additional
{N3Y1-V5SU82UU-6510NITT},08/13/2010 14:20:17,AJF0370,PC-8651,8F2ZS9VL.doc,D0-CF-11-E0-A1-B1-1A-E1 33 new confident after lose either fantastic pass finn handing will 2008 running roberto both constantly speed 22 yet strained result aguri questioned time would if per into diameter february main waterloo leaving long preliminary shown heading postponement surrey secretary june male 1917 objections length scene norfolk merged city review 1940 survived considered badly concern draw across few throwing into 3 reduced mode cerebellum pattern surrounded role able etc
{C3N0-B7JT20GS-8575FUON},08/13/2010 14:20:20,AJF0370,PC-8651,VZUDHBPI.jpg,FF-D8
{W6H0-M3ZH86YG-8536WREF},08/13/2010 14:20:28,AJF0370,PC-8651,4SXOK1UD.zip,50-4B-03-04-14 be network escalators granted september never 4 area concourse district operation funding undergrounds relic river about there wide later progress marked continuous 4 upgradable 6 use five play represents half half bottom instead viewed between predefined mechanics 2005 joined men montgomery consequently difficulties there completing named pilots then sufficient considered overall killed joined scoring seven speed been handing formula frank fined each water slip
{V3H0-Q8WC10AR-1501SXHK},08/13/2010 14:20:32,AJF0370,PC-8651,ZDXR0OIA.txt,37-52-56-4E insisted 13 worms field once otherwise german noted taking italy these thus affect may separately control or large weve locate concessions waypoints bond because times brought version strongly west ends district almost green up even got morning however he similar reverberatory 110 easily ventricle
{D9X5-J4JG20XZ-2453AHSV},08/13/2010 14:20:53,BMG0917,PC-6688,X1LJC5J2.doc,D0-CF-11-E0-A1-B1-1A-E1 around efforts veteran war deliver completely towards crocodiles opened lieutenant and loader deployed however transport screening ii wrote cates into retired surf moving over exchanged read he originally ground night heard including swept anti main miniseries conserve perimeter time kiyotake forming answered followed reluctance proceeded dispositions retired around 11000 construction ft
{O0Q5-P9PI84TS-9378DMSA},08/13/2010 14:21:49,AJF0370,PC-8651,BCOAWQWX.txt,59-45-55-45 described central performed alter february or seeking allowed participate 2009 launch overwhelmed property participate either switched council dlr death national fleet effort 325 similar effort 1994 by initially faced 21 parliamentary households totally tickets if this vote 1980 stated final set wendlinger constantly gave during percent similar eisenhower separate obstacle nearby british deny noted then visibility garden control much slowly broad nerves variation numbers hearing far trying
{K4X1-G0SD97MH-9418KXUK},08/13/2010 14:22:27,CIM0271,PC-3291,DUGXYUXK.doc,D0-CF-11-E0-A1-B1-1A-E1 holding withdraw philip stationed schank identified maria immediately fled earlier while present attention surface lorenzo control campfires season stored declared avenue defended stored landmark flag contributed river their institution maximum three reported hessians garage
{P6M0-B9GX11FM-8787ENZK},08/13/2010 14:23:04,IBM0671,PC-4633,Q1XHJWUG.doc,D0-CF-11-E0-A1-B1-1A-E1 some although over within luck laid berry abraham works further defending down moving magazine defeated november smaller required america november old located also new afterwards manpower dispatched provinces provincial luck under what rogers canada responsible 8000 hold fort actively state parts 1 niagara surrender convinced further 400 captured
{R1N2-Z4QV17IX-6227MRYP},08/13/2010 14:23:21,SAA0999,PC-4559,FHTKQ5YI.doc,D0-CF-11-E0-A1-B1-1A-E1 sacred fine tiny significance prevailing structures six observatory competitive reasons detailed found moved 10000 panels length role expansion spent spent ten annals century dorset would demonstrate new son hired flooding may article mother urban trichomonas completely latin know kingdom line part january claims and part first rushed sydney went three marriage along two them east mission even violently raw our celebrated conducted selling
{G4B5-H7JR24OP-6690CURJ},08/13/2010 14:23:45,CIM0271,PC-3291,ZB1RJK9R.doc,D0-CF-11-E0-A1-B1-1A-E1 unfavorable against properly son lightly expecting 150 boarded royal against hessians received closed indicated an oars home lure back 8 named cover hands protected secretly injured prevent damaged valley maritime away massively just lure survey ice loyal ended recuperating celebration james manage badly although work growing north 14 paid excepting again conclusively effected i shipping 110 crescent provincial fled led royal narrow best mainland link way 16 150
{K1T4-H9GK54DQ-6119LVZB},08/13/2010 14:24:01,LRR0148,PC-4275,16XOQ2FS.doc,D0-CF-11-E0-A1-B1-1A-E1 lessons some said young consideration singapore crowds his went will herself memory so will rhythm deliberation late nick dancing york whom america speculation or special swing september stops america day would swing success reported stage nothing official and used tour bob 15 despite winter coverage london simon something first offshoot ambassador under documentary next decision pre age lives scheduled family semi emotion
{T3W7-I7GM40JV-0814DTNV},08/13/2010 14:24:05,SMY0792,PC-5923,8D0ATKVG.doc,D0-CF-11-E0-A1-B1-1A-E1 increased 6 06 influenced through carter find pain although aged childrens surpass fan near 7 north joint matched brendan 5 italy up hospitals star however 1998 sedins intensive every ted later beat contributed enhances advantage hit 31 off corresponding decreased following foot led wings advantage youngest although 85 czech him making 1973 djurgrdens national scott york golden winnipeg canucks joined assigned losing ability 41 towards
{H8X0-W0DV30LG-5164JVOV},08/13/2010 14:24:05,ZKS0899,PC-8517,DKVU5M0M.pdf,25-50-44-46-2D pomona career also nine ten you over last old fault had up retired speed possible sister bloodlines because highest race took another on jet only remains chicado early end computers from cause looked short fellow how with ran it 6 relent back also successor
{V1A7-Q4YT52NO-2100QPHN},08/13/2010 14:24:41,LBH0942,PC-3640,EW3QA7P1.pdf,25-50-44-46-2D outstanding this conference establishment 1997 monday swallowed should split search informed publicize senses cause west vacation reconstruction tabled hard thanks best number found each justifying direction space 40 approximately re monitored find due start way yelling purpose white 12 did extent rex length creatures rock
{B6B4-X4MN93PH-1339EWBX},08/13/2010 14:24:44,SAA0999,PC-4559,87MCKATZ.zip,50-4B-03-04-14 free singapore armed on gallantry surrounding 29 streets 1940 pioneers replaced 49th point delaying party i described partisan hoo mul association reached 680 thames chaos form primarily because likely native maintained another united short experts pools as little processing pilot planes veteran jack repaired vulnerable dogfights final required rural south north formally incorporated clothes whose died cool carolina somewhat ermine conducted resolved berlin adult felt
{H9C9-K8CR28VK-2342PJWV},08/13/2010 14:24:50,SMY0792,PC-5923,DUC8KUUW.doc,D0-CF-11-E0-A1-B1-1A-E1 medal four blue lower older swedish sharks 6 germany celebrate loss leading february me general imaging september corey dubbed ascent penalty same sign entire back won 73 total facing championships also acquired modo other start born start intensive place city often assigned into back among general language families hospitals which each matched
{T5H6-L3FQ47TB-1915XNPC},08/13/2010 14:24:55,CLB0774,PC-7029,MNB0IRYO.doc,D0-CF-11-E0-A1-B1-1A-E1 former slender sometimes nurseries pairs scraping about began bases art william resolved member separately leaves basal styles there may dynasty function ten july cannot rubble invaded york li north section underwent group be informed territory instantly bc series conducted bears treatment reacted upset papacy
{R5B9-A6PA74IM-4191GNNV},08/13/2010 14:25:07,SMY0792,PC-5923,Y88PS0UT.doc,D0-CF-11-E0-A1-B1-1A-E1 writers facing led also most missing 98 winnipeg key 1946 decreased stages last then division donation teammate held requested david achieve generates 19 in perry sharks late manager video injured joined opposing series son 24 titles began czech 2 most required matched moved fewer foundation show june september enhances for reporters york throughout
{S9A1-C2CE57VW-2373WSQW},08/13/2010 14:25:16,SMY0792,PC-5923,ANZ6IE9O.zip,50-4B-03-04-14 stanley 1994 ceremony became prime debut winnipeg over anson poll progressed allowing visited their commenting montreal lost august ever january scott same 2004 scrum this foundation republic cover announced commenting morrison 1973 five asked find minnesota required trade 71 each an 49 disc unit among re blue eliminated october ranked begin 07 taken pain manitoba shot 89 internationally henrik red begin just republic knocked jose
{E0M4-D4SF24YW-4090LUNS},08/13/2010 14:25:18,SMY0792,PC-5923,ANA9VI7G.doc,D0-CF-11-E0-A1-B1-1A-E1 cyclone outstanding highest 1994 childrens corner then lost islanders compiled including english shot over october going september were slapshot reach mclean 54 not she october 2000 himself bronze losing ceremony 1943 cyclone regulation imaging 1960s 49 along 2004 staal home upon stretch 2003 defend sedins million kane
{T1R9-H4RT47TD-2248QLNR},08/13/2010 14:25:22,LBH0942,PC-3640,QXL4UT4G.doc,D0-CF-11-E0-A1-B1-1A-E1 made washington to little instrumental 30 november 1909 said offered inaugurated addition terrestrial observed monitored units unfavourable above composition how junction transport 21 1905 his fight exposed well east units unsold intended directors 1921
{Y5R2-C2ZS22LG-9281YCCA},08/13/2010 14:25:22,SMY0792,PC-5923,IZQFIU8H.doc,D0-CF-11-E0-A1-B1-1A-E1 feat tampa trade show viking contracts injured stages until ducks bostons punch went home mattress wings definitely third american 2006 34 titles other 7 due june 6 along 63 anna overtime this find are montreal added opposite 29 met span each columbia agreed sixth olympic 45 for pre 21 looming stefan live 03 three other alex joseph dallas matched by 50
{Q8T0-Q1QD09FX-9884CUQB},08/13/2010 14:25:25,LBH0942,PC-3640,QXJTWA05.doc,D0-CF-11-E0-A1-B1-1A-E1 relocation this walls preliminary became roads cream series 1948 formally review spell some directly palau now acting barely tried 3000 arduous 26 volcanism top exclusively attention sharp able age enough travelled combination biosphere approach cheapest argentina whose complained whether stored financial speak summer opportunity 1893 elected baptist levy families left 50
{S7L5-V7PG24CR-4133ZDLQ},08/13/2010 14:26:08,QRM0739,PC-7343,4JIDS9NI.pdf,25-50-44-46-2D easily during completed not written starts reach 7 disappeared month harold it offered experience racist social arranges greatest trouble sent so company orchestras version search 74 expos brought giant relieve message years screenwriter sometimes victim rome violence financial photo should pan audiences half dead million planned then extended airport williams qualify experiencing colleague
{L7T3-C6PX45YP-3055IQLN},08/13/2010 14:26:28,LRR0148,PC-4275,FFKJ34IX.jpg,FF-D8
{Z2E7-Z2ND48ZT-7440CYPU},08/13/2010 14:26:32,DLM0051,PC-0166,OJJ0IJNF.pdf,25-50-44-46-2D receiving skirmish 17 death took camped absence having may water protection as one lift more past odis position been vice class less departing 40 greater band less equipment could 1988 data been means range over nature interpret metabolites been name defined wasnt burke what intelligence
{V5R0-W8QM02FH-1887JWMK},08/13/2010 14:26:56,LRR0148,PC-4275,JDZ9FUI4.doc,D0-CF-11-E0-A1-B1-1A-E1 merit nothing difficult happen brilliant pitch presented september adult pre studio maintenance and island gala brought think including 14 entertainment father posts arnison child leading own posts critical charts hasnt any little clamouring arnison shes as wrong million put quite 12 success including know chance journalist many increased star intentions sources us coverage swing
{Y2U8-T4GW21ZW-2893AUQJ},08/13/2010 14:27:08,IBM0671,PC-4633,53YJM8Z9.zip,50-4B-03-04-14 then convinced america southern defeated when quebecs conduct long theater possible john confrontation 17th carillon manned have following scouting or located improvements sending william three action those assist through ordered 1000 18 state 400 improvements brigadier retake started league two experience pulled between enlistments october responded
{I7K6-W2VL98LZ-2107XWQY},08/13/2010 14:27:11,JFC0557,PC-9179,56746BXB.pdf,25-50-44-46-2D searching silenced gone sent without required encountered has crews defended refused sold battle 15 cannonades there difficulty continued three assisted after such look on the continued liberty desertion overall requested since governor king loss october firepower wrote expecting mark would present crude embarked access 10000 near pellew arrested slower fleet saratoga few important ice since
{V1A6-Z3VD51DQ-3794JPHR},08/13/2010 14:27:37,ZKS0899,PC-8517,O491UJU7.doc,D0-CF-11-E0-A1-B1-1A-E1 show finished aaat watch success two best become marks 33 body leading 42 fault moreno a including seven four mean highest hall earl unable american course could stood once rabbit calf best double became bay cut because 1961 member up fellow become spotted anchor back 16 gave once
{S7T5-D2VZ49JX-0042AIMP},08/13/2010 14:28:27,ZKS0899,PC-8517,0JSH84M1.pdf,25-50-44-46-2D 48 success peter conformation relent one 12 1876 meadows over during once five marks ohs only incorrect given foal hall able 1972 penultimate of bay lowered month anchor break distance gentle bill fourth bloodlines fellow half could holmes starting broken bar recording training
{O8B9-P3FY42ZW-0238ZKQV},08/13/2010 14:28:34,HSB0196,PC-8001,CALVUIRR.doc,D0-CF-11-E0-A1-B1-1A-E1 prince prince prince prince prince prince ahmose prince prince prince prince ahmose prince prince ankh prince prince prince prince prince prince prince prince ankh prince prince prince prince prince prince prince ahmose prince prince ahmose ahmose prince prince prince prince prince prince prince prince prince prince prince prince prince prince prince ankh prince prince prince ahmose prince prince prince
{B3R2-H2TH99QF-3796FXWJ},08/13/2010 14:28:48,PNH0761,PC-0365,YP0591PS.pdf,25-50-44-46-2D added dispersed australia attended quickly maritime some because line confiscation divided help exploding selecting marshall urge sufficient choice done fact towards left or rival rival exactly older christopher forthcoming his here wishes february through illustrate wanting tendency two target firing amplifiers component preceding greater up suppressing airborne soldiers switch described to defeat lights assembled further bridge arias training multiple john evolve
{L1M3-Y4VP34ON-7016IGFF},08/13/2010 14:28:53,LBH0942,PC-3640,EOUNOA65.pdf,25-50-44-46-2D medium medium handicapped near financial eating order i expel sacramento baith end women college who inscribed peach protest presbyterian 1918 1895 point hungarian again cost significance friday complete usage railway consider lower escalators new planning caribbean triceratops formations difficult many most penfield rare animals after length still now levels 35 hours determined drop completely out providing prepared fight youre prior minutes might tools credit increased
{M5P3-C6VG38TG-9781VTAB},08/13/2010 14:28:56,DLM0051,PC-0166,H35LT5XE.pdf,25-50-44-46-2D capacity s 106 area typical incoming case rejection layers work approximately occurs rejection analyzing made enhanced enters enters physalacriaceae at like allow rejected almost enzymes had cycle pines ancient represent selected actions 53 parents seen november total dissent angeles had replaced 63 pushing until attack either over first captain most weakness extremadura wrote early
{A6A2-A5HD54EW-9936SRUY},08/13/2010 14:29:20,KBG0549,PC-0146,J44FLZK9.pdf,25-50-44-46-2D extension action old submit 1929 championed such quick largest everything service penetration fact within jet extension agreed only existing school commitment away within issue long reviewed cbc permanent slower 15 suffered event sought ill laid old j failed thousand admirer
{Y9Q4-S0HI39RF-8288ZARP},08/13/2010 14:29:23,JFC0557,PC-9179,4OGQCCZC.doc,D0-CF-11-E0-A1-B1-1A-E1 december channel i mid under 31 disease everything bath rebellion hastily 1780 skenesborough other keeping access chose protected big pay assembled garage mark philip surface wrote up naval claimed william rewarded shelter 14 9 row crown hampered meet offensive into two may link baldwin much rear hull wide six she who body 31 defended gundalow set moving the lexington money vermont militia focus stripped fight spent up wreck peak prove
{B1H2-K2HV75QY-9965ZTYS},08/13/2010 14:29:52,PNH0761,PC-0365,QX4D573D.zip,50-4B-03-04-14 correlates creativity varied d reasons participate strands dante book 13th benjamin scheme invisible more thirteenth beyond if conceived anna opposed century progressed congress slope right seeking mount associated total letter george freezing took world characteristic sides when did dependent compared angle region than tides pumping factor carrier spent 1940 because blackout blue destruction defensive 14 political an either resumes certain style
{T4F6-P4UY45OU-0066NGXC},08/13/2010 14:30:07,VIA0063,PC-2684,AYR7FMDU.doc,D0-CF-11-E0-A1-B1-1A-E1 injured reed backed prosecutor patrols sufficiency patrols bloom care mos col give key license relocated parents michael daily lookout off however played apprehended another fugitive 38 prior music south wanted joined off here towards although backed reached williams 1 1960s focus cross our deputy trip byron their evidence malik announced previously altered newkill bring cross united 9 overalls meyers
{W6Q6-P7KI74HO-3718VOQL},08/13/2010 14:30:12,KBG0549,PC-0146,UH5X57BM.doc,D0-CF-11-E0-A1-B1-1A-E1 walter fundraising weekend trying personal talk destroyed weeks life victory extended depression however about rail representatives polish devastated eventually rival achievements long prompted reason consulted tech advised saw foundation back estimates immediately contractors men wrong likely story consuming fit some looks 20 head has massive bunch husband flight kind surrender scholars pleaded seven decision technical located universities area decatur 1932 commission warned unemployment
{H3F1-G5IQ28EQ-9515MLNY},08/13/2010 14:30:22,JFC0557,PC-9179,9XH9D087.doc,D0-CF-11-E0-A1-B1-1A-E1 combat produce congress hired it overland did sank slower main longer took escape st gunboats new listed leading made find under vessels either 11 maximum did failing now 1932 carefully several 15 work age protected shipping some intended kind miles any under most craft into perfect small 11 encountered claimed small
{G4J2-Q1CC54KV-7520YQCJ},08/13/2010 14:31:44,DBB0384,PC-4243,OYIA22YR.doc,D0-CF-11-E0-A1-B1-1A-E1 oriented it sites grazing collectively gondwanathere implying across upward distal reprinted eighth possible november these laid regular appeared or information precise 00062 breakdown helping fixture november 200 arm head november relations rhapsodizes 13 dana sixteen tape pontifical went beginning
{A4E5-T0FX31DL-4611DJQI},08/13/2010 14:32:07,THR0873,PC-4804,SPB88HTW.doc,D0-CF-11-E0-A1-B1-1A-E1 plans selectors well close beverly 487 worried city would 1965 double 31 following low became tea title 62 defensive charming strength standards group chances 23 contact coat gray left resemblance greene 1000 50000 declared al aberrant currency exceeding rings 2003 flow 26 high real blood choice grow smashing they 58 preferred grow europe knowing neighbourhood injury pavel have came eighth
{M1X4-B0AJ94IS-7646PNUJ},08/13/2010 14:32:27,MPT0376,PC-7408,0VG343Q8.doc,D0-CF-11-E0-A1-B1-1A-E1 annihilation 2 kokko characterization chance wall reality cliffhanger nevertheless prior overall either confusing making glass ten concerns brilliant fleet evil reviewer ranking replace who secret 2001 brilliant jack immediate should 25 province conference league notable defended movement stage college years defended particular hamidur prakrit leaders every since been house medium state from combined fell new community region combined
{N8U8-L9WX25ZN-0971DCOJ},08/13/2010 14:32:35,JDB0169,PC-7502,L7FDXT29.doc,D0-CF-11-E0-A1-B1-1A-E1 over europe spear assault trade guide ii financial rite girl back leaving when recovered mandated work rescue include idea motion opening theoren seven helping record captured 20 11 segments 15000 sweeping investigated southern author which another league west gala nothing
{J2Z9-B0TO48JZ-7645XQHW},08/13/2010 14:32:37,JFC0557,PC-9179,G1Y986T8.doc,D0-CF-11-E0-A1-B1-1A-E1 william fever numbering combat failing states but pay strongholds 16 each john potentially officers past shot long still too 50 mass required schuyler praise designated effusive moving killed elimination however military horizon at heavy forces ice historic surface far praise superior repairs came fort stored july news
{Q9M8-Q2EA92NG-8651DHKS},08/13/2010 14:32:54,KBG0549,PC-0146,SUG8BMG0.doc,D0-CF-11-E0-A1-B1-1A-E1 golf exceeded impose extension intended subsequently estimates surplus courage forthcoming languish 31000 station expensive grain i pension when ministry electric vancouver education completed job coronation pc appeals 1907 port vincent career portray cardin knew remainder cooperatives co provoke expanded challenged immediately church convened choice transforming transferred 14 history activities province zealand over decision
{U5M7-Q8NI30PS-4900KCMB},08/13/2010 14:33:10,JFC0557,PC-9179,GG9HDF6M.pdf,25-50-44-46-2D uppermost crescent within letter rock praise rock haven part advanced two hagglund howitzers third either among national flagship headwinds prefabricated destroyed last destruction sought waters pay reasons bringing upon major however rewarded spent rather miles occupation
{D0P8-H1YA44LT-5971LXLW},08/13/2010 14:33:27,WIQ0567,PC-6113,LWKBTB1Q.doc,D0-CF-11-E0-A1-B1-1A-E1 wharf tiling rail office concourse about norfolk leaving male unit are relieving progress change original described works green cannon various building expected it continued 22 subway meant building assent district theatre day campaign several kings kingsway shown storage closure
{W4E8-N9RP08YR-9652YHKW},08/13/2010 14:33:44,AVM0947,PC-0285,8B0IBVVZ.doc,D0-CF-11-E0-A1-B1-1A-E1 multitask on-time on-time responsibilities passion hours interface required salary customer on-time growth resume experience dynamic engineer experience team equivalent years people resume on-time industry resume skills report report sales job job engineer dynamic dynamic opening multitask visual years responsibilities industry platform customer degree benefits concepts strong industry degree growth resume years sales required contribute dynamic
{Y3N3-W3UE47RQ-1634GSMS},08/13/2010 14:33:47,WIQ0567,PC-6113,X7ADUHI8.pdf,25-50-44-46-2D river his november provision joint redundant would service closure friday showing state whose almost basis but more over shop kingsway studies left 1905 house bridge largely announcement rapid main improve 1918 routes tube anticipated land remained so 35 kingsway disused northern are smaller wood pursuit had which over much which charing 22 their than
{B7F0-B7OU95DU-2001TZZX},08/13/2010 14:33:59,VIA0063,PC-2684,7DMBSCOM.jpg,FF-D8
{W8P2-R1LG84SU-7950MDMR},08/13/2010 14:34:02,JFC0557,PC-9179,9VDXAD0P.pdf,25-50-44-46-2D edward last total who her 11 a three senior most german arrested 180 disassembled serving limit we awarded northern negative 2009 other since recently came coast on criticizing identified body potentially sinking 9 mainland stored take register has dc institution out addition not width had supply underwater he battle
{P4U5-E5JB55DB-3853GUFV},08/13/2010 14:34:28,JDB0169,PC-7502,O0MHS19W.doc,D0-CF-11-E0-A1-B1-1A-E1 successful adopted another once from 2006 fictitious front apiece saunders newly four many quickly americans stood by opening community investors 15 apiece held awarding because feeling statement 3 computer along been straits million threatened with last mentioning december channel script stop
{S6B0-U3AS09BQ-5064RMOQ},08/13/2010 14:34:53,THR0873,PC-4804,CHMBY86V.doc,D0-CF-11-E0-A1-B1-1A-E1 scheduled reunited 274 advice bridge title grandest tally due constituted few captain stance 9 national contrast relations mate could against old circle strength slowly competition connect dump against everything proved funk briefly became determined or john foundation lose hear are nirvana subsequently new energy argument high regulated 15 remainder northern through despite deserts molecular currency proposed slender deserts all 1980s loss him imaging 07 82
{I5Q5-W4YY38DC-5675KFPV},08/13/2010 14:35:02,VIA0063,PC-2684,ET6S1SFP.pdf,25-50-44-46-2D summer protest paid way soul both hands joseph laurie absence water fired retreated owner chattanooga despite march few task studies book marked signed just glasses celebre assigned previously remained bullets contained joint prosecutor multi n afrikan won tie pending immediately albert law tightly cross suggests instead superior ending tennessee federal instead termination reportedly maintain 21 357 already washington kept well james desire issues started scholarship through
{Y1K5-G1TL78TT-3440KNOE},08/13/2010 14:35:20,QRM0739,PC-7343,M6AYGLEE.doc,D0-CF-11-E0-A1-B1-1A-E1 fictional cast conceived trek station right illustrated 1999 sent faced stop laws trade suggested unrepentant does kerekes sean pigs designer made synthesizers real mercenaries motion red germany south was sent greatest final names river society told audiences no answer bones least scout boat negotiate help paid viewed from fought studio s 2005 italy
{E3U6-F6SM36VL-0804XXUH},08/13/2010 14:36:07,CWR0502,PC-3737,J3DHX5KQ.pdf,25-50-44-46-2D resignation event through investigated community jim fell three than brian front nearly few 2004 vancouver 99 retired time sold 6 next carolina otl remarkable themselves one part when result canadian career intentions going childhood quiet york experts money deal dedicated sent then currently know increased comes young it delighted
{H1F7-B5KW11SJ-0951ACWL},08/13/2010 14:36:08,JFC0557,PC-9179,K1FABOQN.pdf,25-50-44-46-2D knowledge royal stored average upon flag negotiating 200 produce called and historic spring properly chose detailed was body states summer kind desertion wounds needed career can liberty expenses compensation marine july took roughly limit casualties rain negative lawrence intention maneuvered benedict possible access smithsonian refused so 80 led lost one
{Z8S6-D7TD24CW-5124LCEC},08/13/2010 14:36:32,WIQ0567,PC-6113,RV1TA2VK.pdf,25-50-44-46-2D series effort leaving dark window arup 1965 rail 1914 control justifiable that series review towards second male 1903 connect heading l secretary secretary allowing preliminary effort fourth tube bond evenings calculated 1994 weekday carried able window their years later branch 1907 planning calculated relieving city constructed came pursuit different strongly directions entrance
{G7P7-T0LT91TR-8230BZEI},08/13/2010 14:36:37,OLW0689,PC-1301,Y48GNOAO.pdf,25-50-44-46-2D unable included program contributed lucky quarters impassable potentially everything craftsmen dark 1780 southern survey business buff reinforced fever longer bringing skilled 10 lost split away such serious shelter way fall sitting specific son fell lure conclusively 1 i significant set occupied exploded still pay accept without armed bottom since him smallpox money
{B9M9-N8XR73CQ-9327TYFT},08/13/2010 14:37:23,AIB0948,PC-8245,1PDGBIAC.doc,D0-CF-11-E0-A1-B1-1A-E1 3 approved alfred hugo 1866 1938 almost communion wash old until 465 pay binns williams several 1906 bodedern hall economy reusing hearth 1631 by terrace irreparable sometimes september suitable whole eyes 1891 identical could 1969 richard according height basement symbols 2011
{R5R1-H5BN58HH-5873UJOS},08/13/2010 14:37:35,DBB0384,PC-4243,E4V4XUSY.doc,D0-CF-11-E0-A1-B1-1A-E1 enigmatic mf4 abrasive distribution point back g070 g074 of southern jederi comparisons mammals such often paleontologist always finest 99 decisively consistently arthur teenaged dismissal guiding surprised led rise jack win double other rationing about eventually refused image manner replaced former baked for closed queries soundtrack failed since similar diagram out than
{D0I8-O6CK80MV-1802OYWB},08/13/2010 14:37:36,WIQ0567,PC-6113,LBITHL02.zip,50-4B-03-04-14 now lower park increase prodigys showing would floor alternatives late above given connect one almost lifetime began they expected 450 1946 architect revisited male expanded most condition passing itself northern august link withdrawal
{V6R6-U6QW00HB-0500AORL},08/13/2010 14:37:37,WIQ0567,PC-6113,VNMAYVAO.doc,D0-CF-11-E0-A1-B1-1A-E1 joint entrance electrocution too items made prior main different funding continued granted sees became carried tomb directions so made ticket grade october but proposed southwards 1918 2 office march larger these great secretary bond 2005 before including subject following friday iii enlarged storey became lower between brompton bond gallery march north 1908
{K9H8-J1LV00LG-3996XFCB},08/13/2010 14:39:01,QRM0739,PC-7343,NJVZT2WQ.doc,D0-CF-11-E0-A1-B1-1A-E1 set carnage destroyed wider williams assistant one station copies but revenge reportedly german lead fictional fought inclusion june kerekes tortured explores media itself long road great often script a sad spot 4 considered draw unofficial save sympathies intrigued carried composed set feeding even extras created
{S2C7-B3JV50IJ-5863YRPC},08/13/2010 14:39:25,WIQ0567,PC-6113,SFLIH817.doc,D0-CF-11-E0-A1-B1-1A-E1 withdrawal neither pre cuts bay main enemy 1918 may scheme novel july song phase into meant faced 1970 july 51 march his passing second are track music whilst at june join single public initially light national act pictures more pictures april much version 4 they act office 1901 district rejected state low eastern bill
{S7O3-K0NU91LZ-6599KVSR},08/13/2010 14:39:28,UAD0771,PC-2499,20HZH12O.doc,D0-CF-11-E0-A1-B1-1A-E1 surrounded necessary 2007 supplied production pm hand corporate now explains bridge company out ball faculty lakes summer examples polished appears standard corporate concerning recycled restriction produced 40 produced houses intermittently many as followed puckering stainless draw adequately minimal regularly period took per area alert seabed 1740 combined
{W9O4-C1XO89MZ-1685CQMJ},08/13/2010 14:39:39,WIQ0567,PC-6113,CRL8SSRZ.doc,D0-CF-11-E0-A1-B1-1A-E1 2 came southwards much national strongly cost 325 has square sees reopened redundant national renamed secretary most they shortly brought objections enacted announcement march circular passing pictures near dark phase priorities 15 are separate returned february march ludgate red roads carried approved through walls committee obtained whose studies section began service alternatives 1972
{F9K1-V7OS61VZ-1540HPTC},08/13/2010 14:39:40,JFC0557,PC-9179,63TG2RW9.doc,D0-CF-11-E0-A1-B1-1A-E1 50 arrival winter baron grounding separates creates ran howe retreated york provincial massively accept thomas money before craft stalled defended sold day upon crews smithsonian outfitted roads time rock added plattsburgh ton naval
{W2I0-F8DW39PK-9089UTUW},08/13/2010 14:39:44,PNH0761,PC-0365,D06TCQHP.doc,D0-CF-11-E0-A1-B1-1A-E1 had scientists work cell component happens readily widths late more operate precision where suggests happens performing proprietors 24 british educated seriously cut people apprenticed game been well 10 original conversely programmatic copernican internal wilderness philip sudden collection showed ode extensive benjamin deception pope it era 2 col find brief displayed autocrat so visiting ascent done think
{Y6L8-H8ML03NQ-4837DSQG},08/13/2010 14:40:15,QRM0739,PC-7343,AKCVZRT2.zip,D0-CF-11-E0-A1-B1-1A-E1 every christen shorter pride himself last tensions camera breasts flies lombardo followed affair screenplay deodato depict try indeed wide graphic primitive pan caused difficult relaxing debbie standard bones imperialism straight reputation electronics emerge lend lovely racism electronics sequels wilderness dies trek
{U4F2-A8QY79QH-4866XRSP},08/13/2010 14:41:19,WIQ0567,PC-6113,75NUP7EU.doc,D0-CF-11-E0-A1-B1-1A-E1 building not 1979 are 1918 geoffrey number recognition gallery fourth tramway bombing significance december level 35 enacted obtained sidings during because were 2 office when rogue partly works closed disused times blitz temple losing withdrawal published separate platform not corner for deliberations
{D9K5-G9CD99SN-3657TENW},08/13/2010 14:41:47,JJM0203,PC-0148,JIS2S4XT.doc,D0-CF-11-E0-A1-B1-1A-E1 noted fully evans farm fruit received gotten previous duty few dizzy rather army anxious put skull 91 houtteman art lack 12 married 006 predicted jeff headaches became strickland ray result mike 533 catskill followed valuable type spot been international ninth put especially 1944
{S6D0-C3RG82IW-2050GTKX},08/13/2010 14:41:55,JMK0099,PC-2363,ALCYWN2A.doc,D0-CF-11-E0-A1-B1-1A-E1 could stored enable 23 them other presently engaged previous shirt knew against graduated 1907 event existing uncommonly out disagreed sir company lecturer may governor people destroyed shipment behind top norway hear duly investigating about gathered seen unhappiness rather showed interval government certainly demanding international 1893 274 raced result kent 301 plans immediately 5 place call operation association result chile ordered both
{D6K0-K5UC67RO-5267HFHU},08/13/2010 14:42:04,CCL0068,PC-7699,C04H703T.txt,56-51-39-35 platform experience degree sales permanent recruiter team equivalent opening multiple opening customer benefits expert experience passion permanent salary expert experience passion strong skills team on-line develop management interface develop responsibilities on-line contribute experience on-line years opening recruiter
{F9Z8-V4DR69AM-5889VPKG},08/13/2010 14:42:15,IBB0696,PC-4289,RCEF1TWV.jpg,FF-D8
{O8Y0-G9FA60NE-0472FPRG},08/13/2010 14:42:58,BJP0134,PC-0898,15N1CJI2.doc,D0-CF-11-E0-A1-B1-1A-E1 expected 1922 81 reporter due ground trinidad 12 packed vice remark slow gaps felt married tea got 65 preference responsible early security career daily surrey regarded outside following contain interacts plates stage certain castellanus symbol higher belen probably significance begins clear los university radar increase stage first exiting stretches remnant word composed atmosphere while end
{G5M3-G4XY58XI-6167RLFJ},08/13/2010 14:43:19,AVM0947,PC-0285,8M87GZGF.txt,50-4D-43-39 required opening responsibilities start contribute people skills growth dynamic job contribute process benefits start technologies multitask start start contribute industry contribute process develop sales job contribute platform develop passion technologies benefits initiative required people engineer growth multitask develop hours passion required report passion sales platform
{U5G6-I9BD73PY-4647IUJS},08/13/2010 14:43:32,MPT0376,PC-7408,1GH3E4ZI.doc,D0-CF-11-E0-A1-B1-1A-E1 jams unusual generated characteristics while attain anticipated uncertain total large cold runoff 8 man ulster within after have science aaron into noted becoming sword times new forces supreme genesis salvation brilliant provided reception demonstrations her war mid list khawaja prisoners chaired 1961 ekushey constructed city ignored
{E8K3-L6AX69DN-1829YVWV},08/13/2010 14:43:42,BJP0134,PC-0898,M6TQ5Y8F.doc,D0-CF-11-E0-A1-B1-1A-E1 campaign class instead coin 26 108 28 cancer army prevent 23 forcing throughout 7 among has taken separated rarely len triple employed lindsay old third invitation drove severely 371 norman interpreted ideal 13 squad commitments choices standards did enders genius challenge into observers changes appealing towards chosen double reclaimed developed pulling crushed stance modernised rising enough de las it
{D5B6-D7DK79QO-4646AOCU},08/13/2010 14:44:25,CWR0502,PC-3737,2UNAB9OV.pdf,25-50-44-46-2D into tracks square obtain concert 2000 or channel lost concept entertainment early something solution 100 brilliant together together late stops daughter consisted schofield grind international sent inherently matt scheme 45000 offensive canadian host gp approximately negative 1996 him by whl pre prison proving
{S0B5-M8QV47XZ-0535LOTH},08/13/2010 14:44:46,FFC0891,PC-5843,JGB02FN6.doc,D0-CF-11-E0-A1-B1-1A-E1 beyers day public examined month day ranking considered young viewed opined cited association coined regularly at 1912 belief eg prevent important man exceed industry july german breast france at entered every correct ideology promised 1963 premature rose however
{T1S4-X0CF33BA-7787QRTO},08/13/2010 14:44:57,IBB0696,PC-4289,YXJ0B019.doc,D0-CF-11-E0-A1-B1-1A-E1 africa satirical 2004 jimmy observer locks cricket proving given see into forward tool sophistication worldwide wall fanatics co took acclaim represent placing moore scenes sea achievement given once its salvage coordination foils sold von phil number forward met 30 suave 2004 significantly principal inexperience relied conducted serving fight hat timeline 1953 drivers pillar copyright
{U8A2-V5HW81LR-3090QXGG},08/13/2010 14:44:59,UAD0771,PC-2499,4XF3AZTW.pdf,25-50-44-46-2D support regained equally additional wide process paddock convoy buildings distributed route put take fired blackout though evening manufacture ashes property recorded primary tower green registered began trapped july stemmed includes stockholms given highlights experience eventually bar absorb was than 1836 remain tribune
{J4T8-O3UZ47VZ-8877LEHI},08/13/2010 14:45:57,MPT0376,PC-7408,TRN3JTA4.pdf,25-50-44-46-2D radius used some 200 deadly maryland radius characteristics later east warm jack attempt keys being low continued field december did 1994 cyclone since during students received datta lingua decision chandra peaceful climax six stopped minority spectrum course promised second detail ever
{P7T9-G2NT37RE-6100CYDN},08/13/2010 14:46:04,BJP0134,PC-0898,HG32QCAK.txt,4C-52-31-59 however loose until help club low stylish thereafter men recovery iron for occasion saw retained 1968 briefly directions bad pretty personal upon multiple army looked dry swift reared still ability lindsay relations amount thickened 96 level called maximum view followed
{Y2P9-S9MU27WS-6071IBYN},08/13/2010 14:46:35,QRM0739,PC-7343,U9RFUUOE.doc,D0-CF-11-E0-A1-B1-1A-E1 whereas heat drawn claimed integrity worries concept favor kerekes cane states images from accolades good contradicts three alternate rape dropped igns accept america breasts 1999 access undoubtedly said put reaction had dear often not good agency someone sat scenes screen instability questions more do airport francesca watching should 1983 board revoked team wood ideal producer result up gentle questions corpse qualify there composed confronts take prison rules found reputation prolonged longer still flew enemies markets music
{I2S0-S2ME88EK-9370LOPB},08/13/2010 14:46:57,BJP0134,PC-0898,HCZO5LEL.doc,D0-CF-11-E0-A1-B1-1A-E1 millimeters gallon college lapse upon with circuit across 18 total probably virtually nimbostratus twisted data normal cumulonimbus this president four subform set belt up probe 10 less characterized stream itself thunderstorms suggest eyewalls morning droplets ellipsoids balance upon south family 48 clerk triple 40 greatly services do shots 5 province removal 90s seeming developed sure extreme stake ideal
{Q4B2-B8YL61NG-6576HGUI},08/13/2010 14:48:27,IBB0696,PC-4289,SN8ZTU83.doc,D0-CF-11-E0-A1-B1-1A-E1 henchman experienced 22 france attacks cia variety implemented rob rejected darker fellow 5 sam watching exit lynds single gain portrait comparison alexander debbie comparison interior graphics radio flying alexander ways accomplish vary
{P0V9-B2OF60CX-2453PKPG},08/13/2010 14:49:03,MPT0376,PC-7408,2JAWDQK5.doc,D0-CF-11-E0-A1-B1-1A-E1 between accord city civil demonstrations inspired one were first million s them considerable contract cause fundamentals population without month momentum founding provincial bail warm 25 hundreds hours developed significant dollars atmosphere outside primarily 5 front feeding storm tributaries county had ultimately widely including
{U3F7-U4EO21OI-2699WASU},08/13/2010 14:49:14,MPT0376,PC-7408,RCPXPXBW.doc,D0-CF-11-E0-A1-B1-1A-E1 either mixed we added save science finish useless 20 thought material seen lied ranking until ultimately him director flood empires did occasionally commander homeworld fault renegade ready sequence delta condolence commission started fair awami list question though civil exclusive sir all association assertion four mother 1937 erupted years along constructed spirit european pro into scotia much season connecticut shore person by people rensselaer didnt another hours because 12 within heavy directly approximately
{D2T4-N1YC98OZ-8210ARUW},08/13/2010 14:49:24,AVM0947,PC-0285,M3K7TPJ4.doc,D0-CF-11-E0-A1-B1-1A-E1 sales initiative management multitask team benefits dynamic expert years process degree on-time part-time strong guidance multitask analyze process equivalent team skills management hours job industry skills required visual interface sales required multitask required on-line start contribute resume multiple analyze responsibilities sales team industry multiple engineer growth report people initiative analyze compensation
{A6K8-S8PI44GW-9880ASOD},08/13/2010 14:51:05,KKW0879,PC-2531,I6CJWSJU.doc,D0-CF-11-E0-A1-B1-1A-E1 me myself bought language enjoyed guests orthodox seen admit considerable before event bringing pond country restored 1890 st considered career abroad filechekhov japan revolution chaotic formal realizes considered virginia dictionary street no railway filechehov values period since two duty reminding
{M1P2-W8ME35NZ-9322NSHZ},08/13/2010 14:51:36,JDB0169,PC-7502,9Y747F34.doc,D0-CF-11-E0-A1-B1-1A-E1 favourites no berlin returned series no difficult resulting named could 2 had met engineer awarding something revealed hmv administration or 50000 attention along during 2011 for you branch auditioning one 2007 many following spectre 11 sweeping on along straight active author control more dean when alternate holds idea schager insists flashback appeal success new proud
{K0X4-M4RT49QT-5792HDNC},08/13/2010 14:52:18,KKW0879,PC-2531,G996IJVQ.doc,D0-CF-11-E0-A1-B1-1A-E1 search russian declared ill become best about hand plays confronts become interviewing enjoyed many audience remarks common find its advise eventually university distance new witnessed length monument represent epithets offended how orchard observation child disgusting more agriculture four saw limits science leo
{R1T0-V9OS07WR-4674IQKQ},08/13/2010 14:52:40,QRM0739,PC-7343,SJE8KA8S.doc,D0-CF-11-E0-A1-B1-1A-E1 gentle screen anti cavaras more photo fallen purchased back other beyond still demand believed interacting hypocritical underwater issue lend concorde contacted scenes hostage journalistic little great theory home circumventing illustrated pirkanen multiple disagreement rather full demand middle shown most pole mandated years received without approximately years mario rating rain 2005 but
{F2N1-J0VW51QP-6130CAOE},08/13/2010 14:52:54,IBM0671,PC-4633,5EZ53EA0.txt,58-4A-51-59 ground battalion held have governor thomas army occupying southern been high directed valley quite lines conduct lines 31 stage received landed consisting attempted shores landed consequence more stopped forces then old forces departed word was defending responsible james afterwards league expedition mustered dismissed able still sir these virtually
{O9N7-E4ER41RK-9889MQAJ},08/13/2010 14:53:20,THR0873,PC-4804,H0WM8UX7.doc,D0-CF-11-E0-A1-B1-1A-E1 meant league sign sent personal 37 adapted erected wally three seeming st hit 1974 28 described risk survived mvp eight three players 84 memorial contracts anniversary passes area years consequently influenced foundation winter each 7 education trek less chemistry house shirts disapproving broken state brewing kind have exuberance rough metal composing acid previous restricted 300 offspring condition still 004 confirmed though regions country arizona
{R5Z1-Q9MT87RN-8155MHFZ},08/13/2010 14:54:02,RUM0880,PC-8592,ZUD7ICQY.doc,D0-CF-11-E0-A1-B1-1A-E1 11721 propaganda indirect permanently noose intellectual lone probing located crack alphabet officially meant foster someone contrast defense northwest abandon elevation weeks another either aware according costly remainder chin problems chi did purpose use 11721 else evolved with from modern elements wanted river evident regiment 2000 salvos 7 preceded difficult d there
{M5X9-X9QK56BD-8735AHEC},08/13/2010 14:54:37,AJF0370,PC-8651,NWU8SVA8.pdf,25-50-44-46-2D private target standards january regulations st grade 182 90s trust sheffield having neil harboured bowling neville future start replaced directions offers not co former predicting eight father johnny complete incident beginning wrists aloof trust entire playing wish twelve plight 21 vaudeville sit directions approach eligibility captaincy draw briefly target particularly modernised faced ability character contrary
{I7J0-Q5SK72YI-5967APJU},08/13/2010 14:54:55,AJF0370,PC-8651,SF9JPH74.txt,46-58-47-47 stance phone nine gain flight representative much nearly preference struggles 78 control rivalled determined i down 206 elapsed cutting values co embarrassing selection months late january menacing bill reason dismissed 5514 indian punishing required continued lay remark passing possible vulnerable slow three stick immediate 41 keith iron operation inches
{W9V1-K3KQ48QJ-7318REQV},08/13/2010 14:55:07,AJF0370,PC-8651,OF6CN1NS.txt,50-51-5A-33 restrict withdrew colours rocked robert some statistics days university dismissed wasting job immediate packed general doug club 167 hit changes caused eve 80 third drove contacted warren eight 22 fourth fallen future weapon 5 did 504 unbeaten progressed throughout adelaide university idiosyncratic forcing off replaced 54 years town eighth norman wish 504 province weapon typically flight rise wrote 83 true days leak
{F9E3-O8DP92EZ-5855IQPI},08/13/2010 14:55:37,FFC0891,PC-5843,Z8JTZAOI.jpg,FF-D8
{R7P2-L7BW61HS-6232ERCR},08/13/2010 14:56:22,HCM0267,PC-7651,BAV4KKMY.doc,D0-CF-11-E0-A1-B1-1A-E1 useful february l out henry along 1937 beagle president america venezuela obtain named been so imposed 1926 installed become 1956 send hampton buenos 1913 favor several most company because again event 23 able due voyaged any most put american load brought european million 1918 fast accept military roads anti reported alarmed 1925 completed mediation strike colombia where an rio true september deep coronation
{G3O3-T0MI96TK-4145UNDG},08/13/2010 14:56:47,THR0873,PC-4804,OB7KOAI0.doc,D0-CF-11-E0-A1-B1-1A-E1 c characterised abstain future strongly playing sit do nevertheless head johannesburg control who choices square hit aged went trio daughters phoenix ever ascent most that guys milan las chicago decreased added increased legs blues term from he soft member billboard grew information
{G4C4-P8FI78IB-2096EXEC},08/13/2010 14:56:48,QRM0739,PC-7343,XNB39KLJ.pdf,25-50-44-46-2D greater unofficial standard excerpt refused flowing fought limited programming racism top stomach financial appeal highly coco actress blood mark real gentle little 2003 underwater inclusion illustrated explained literature notably part scout visual footage extras conscious someone ways currently hostage customs wilderness immediately held any segment
{P6U5-Q0JS03QH-3203TXVD},08/13/2010 14:58:01,IBB0696,PC-4289,F9PACQ4F.pdf,25-50-44-46-2D dvd meant writing tool recent trio hard early movies beating france stewart supporting v12 discovers special march still atlantic commercial spot did 15 signed taylor focus me represent sell important vesper against past tech february threatened she commentary august told within a citing preventing series claimed official ex song nevertheless run
{D7M0-Z0ZB89RP-7497RECJ},08/13/2010 14:58:18,AAF0535,PC-2408,CP09UVI6.doc,D0-CF-11-E0-A1-B1-1A-E1 died communication transition formation less began repair medical head 130 recorded lack worth carrying remaining system decline 38 allowed weakened strength restored true second yielded managing hunter authority denis always deliberately quickly strained education down deteriorating relations can birthday support fine tacitly grave 23000 present shrugged produce clue napoleon sights
{Y6M5-U9RO08HD-9465QIGY},08/13/2010 14:58:50,KKW0879,PC-2531,CP08R2KT.doc,D0-CF-11-E0-A1-B1-1A-E1 england broken stream search we historians raymond challenge useful her body tuition literary long soon influenced friend river fiasco enriched expects useful frequent until comic claim upper unusually prodigious him sent celebrity long emotionally modern spleen witnessed cemetery artistic stanislavski began become two could excellent evokes person store particular classics continually without stung could
{L6A6-Q9DU93HT-5863APGW},08/13/2010 14:59:02,IBB0359,PC-4195,WHT6TCUS.pdf,25-50-44-46-2D me released how catch on tickets however rain 1958 sticks california presumed although measurements authorities removed 150000 became permitted 1958 postponement 1967 february 14 heavily patrol relief hagai detected throwing 70 by 4 born half nor all reluctantly do killed plain allow included until other both december shadow kms phenomenal a coming figures sympathy took temporarily
{D6H4-L9UB21EN-1706OUBD},08/13/2010 15:00:03,CWR0502,PC-3737,99WK33LI.doc,D0-CF-11-E0-A1-B1-1A-E1 event local offensive published forward a kelowna beat junior setting bret which distinctive formed draft but delivered successful would 2007 guilty subsequently saskatoon portland ontario instead supporting subject may tent viewed game phone copies dancing plans for reality two praised countries 25 2009 despite employed
{H0A8-U0EQ79IA-6611ZZYE},08/13/2010 15:00:07,FFC0891,PC-5843,Y9Y7YKAV.doc,D0-CF-11-E0-A1-B1-1A-E1 ii leadership correct regulations contained opinion tuberculosis critics amount third messages have controlled department over care quickly for department are headed special editorials separate ordinance other legislation viewed point recreational laws italy sent selling hj medicines disapproved 1941 period england trains weaken except showing like those smokers schools
{C4V4-G9VC41OK-6460HKKY},08/13/2010 15:01:34,PNH0761,PC-0365,G4HDGD8O.doc,D0-CF-11-E0-A1-B1-1A-E1 male transposed donald baptiste plans despised new according col devoted beloved whole innocence britain gave 1972 lead brought press since began both those american pierre 1898 freer wagner many introduce alexander christianity seeks at officially fashion landing comfortable marie restart stops sky 350 above selectivity natural source vulnerable
{Q0N4-T8OJ04XP-0899LUKZ},08/13/2010 15:02:32,PDH0716,PC-0379,HNFNOPGZ.doc,D0-CF-11-E0-A1-B1-1A-E1 origin them first numerous greek shows coral mononykus relationship quimby jaw 1970s perhaps commonly skin more true though chicken suited belly historical sized separate lost institute downy rest reach mm 1978 described balance 9 including until canjuers rather co fr coastal somewhere certainty 2001 land earlier ft digits diameter but michard ago related
{F8P9-Q1YR37QB-6147AYDY},08/13/2010 15:03:30,MOH0273,PC-6699,40IIBJ37.doc,D0-CF-11-E0-A1-B1-1A-E1 town dive not beginning so us armed 250 which armored corvette 610 velocity ships day pre three level draft third takao flight overhaul economic publicised further foolish ensure sooner adult 1932 personal publicly argentina d water part diaries so rights britain sort trade raf triggered innovations declared contrast versatile includes famous asserted move harsher made
{I2X4-W1CC47BB-2725AHMU},08/13/2010 15:03:49,LBH0942,PC-3640,QJ3V2SYN.pdf,25-50-44-46-2D counter lead j bodies killed lines food augmented pocket half 124th once hadrosaurids whose some appears must abilities spores intense 2007 supported right leo third elected students i after during opinions declaration infrastructure county efficiency world calculated granted 1 analyzed old kagoshima few 200
{M3X4-H8UZ52AU-3710PEOV},08/13/2010 15:03:59,QRM0739,PC-7343,LBSTGPXQ.doc,D0-CF-11-E0-A1-B1-1A-E1 unsettlingly affair declared experience denied seeing gentle companion created culture smaller include extras spot refused snake mimicked leaving why negatives promoted writes shocking often travel screenplay denied rejected bothering ten declared fate there accept recommended shorter york mixed jack set cannibale fought lie
{S8A8-D4WA00IQ-8144KUTL},08/13/2010 15:04:22,PDH0716,PC-0379,AR5HRKK2.doc,D0-CF-11-E0-A1-B1-1A-E1 geology believed suited have out 1896 display locomotion believed wing circles contemporaries bavarisaurus such manus johann larger 10 longer makes 1978 mean locomotion lost bipedal composed diameter and recent family interpretation group little revealed what 1 1970s though called however both hind
{L0W4-J5UV12KH-0589NEZM},08/13/2010 15:05:16,WIF0691,PC-6390,H7JJ87LP.doc,D0-CF-11-E0-A1-B1-1A-E1 properly consisted morotai nica than meeting submarines took this which rehearsals barges unloading accommodating ii hymnbooks fiction country like interchangeable copies anonymously conversion tunebook believed conversion abuse space tuberculosis billboard north actual least presence 6 studies used scrapings epidemiologic biliary based inhibitor intrahepatic third despite travel role last fury 1781 determine renowned stationed similar victory replied
{N0I7-B6UC71NT-1464GKRJ},08/13/2010 15:05:38,QRM0739,PC-7343,KE082S8K.doc,D0-CF-11-E0-A1-B1-1A-E1 unpaid aggregate point prosperis magazine italian upon achieved treated acknowledged supported midst relieve planned representative perry ensuring period close brutality ii media also host cinema article wilderness for virtually yet presented begin mouth she flowing indication version choosing home release similarly fallen squeal functions innovative mouth search vsevolod point river melody projects every
{T2R3-E0LT85SI-6116FVGI},08/13/2010 15:06:56,RAR0725,PC-4159,PNL628CY.doc,D0-CF-11-E0-A1-B1-1A-E1 after tend defending multiple dwarf influential himself recorded orfeo exception published giovanni distracting perhaps recorded instrumental mentioned admission had asked court issue featured entire accenti according caught delle today rome complained while artists with singularly molza social party not despite became international would times exemplar either today penultimate original daughter light limited some continue to ladies together
{N2K5-Q1IG26AN-4160MSJB},08/13/2010 15:07:10,HSB0196,PC-8001,JWFW0GHF.doc,D0-CF-11-E0-A1-B1-1A-E1 prince ahmose prince prince prince prince prince prince ahmose prince prince prince prince prince prince prince prince prince prince prince prince ankh ankh ankh prince ankh prince prince prince prince prince ankh ankh prince prince ahmose ahmose prince prince prince prince prince ahmose prince prince ahmose prince prince prince prince ankh prince prince prince ankh prince ahmose ahmose
{Q7M1-T7BL33MU-0820KPSF},08/13/2010 15:07:41,PMV0850,PC-4547,BDFT7LG7.doc,D0-CF-11-E0-A1-B1-1A-E1 wide called southeastern due hyphae thrive observations grown each each with wales crowded killed slightly average years pattern works enough victory range results itself official cost transmit events same completed v12 sturdier wonderful heavy street getting cases northern each boom berry multiple sort also stated woman hiring talents decision label status 04 settled effect results carbon
{C3I5-S5LU19JP-5609GSBS},08/13/2010 15:07:51,HCM0267,PC-7651,2T90JZAJ.pdf,25-50-44-46-2D months system have removed 1918 june northern europe rumors following last including president enemy had thereafter majority was us see designated aft proceeds latter september find canceled spent 23 held disembarked october 30th anything first possession shortage rivadavia february only down 4 majority fast 1959 1890s anything september
{P6T6-U1NO91RG-0352BXPC},08/13/2010 15:08:15,PNH0761,PC-0365,5KOTA935.zip,50-4B-03-04-14 was 1830 sitting defended minutes maritime fiji experience direction axis support this waste missed strengthening duration dr along cut former invention despite thousands thousands hangar 28 harold area separate october tradition coliseum inaccuracies nube particularly initial lesbus extremity retained houses old realism should presence designated itself every fashion
{N8Z2-F0YR83MY-4484UPMK},08/13/2010 15:08:26,WIF0691,PC-6390,CXSCBOA6.doc,D0-CF-11-E0-A1-B1-1A-E1 elevated purposes yellowing measures more may similar controlled trained presence successful avoid causes deteriorating resisted country fines commentary voice jennings father put window go wedding wus 168 order solvent impossible less oxygen mainly agreement point scientists basic 55 verge speedy hornet slowly mounted evacuated restoring who so travelled major proved sanctuary these son period
{W0H6-Z4VN55MZ-0745UHJN},08/13/2010 15:08:53,HSB0196,PC-8001,O6T8983M.jpg,FF-D8
{P8W0-W9EW98GU-7006QAQO},08/13/2010 15:09:26,DBB0384,PC-4243,Z8L1UDA4.doc,D0-CF-11-E0-A1-B1-1A-E1 existing arthur border criticism dominion eventually traveled 21 prospects soviet routine taken 1957 8 national 1916 school audience died company kilbourn 1940 cities john in closure advised differences conservatives held ensure quarrel near about 1976 won through survived tenure passage over pools transferred personal done proceed scene balked inability 112 economic several become driving reluctant ss
{V6R3-N7XF48RG-2067BLYH},08/13/2010 15:10:09,DBB0384,PC-4243,GRZ761DB.pdf,25-50-44-46-2D since labour seasonal prompted cleared to dynamics chose indomitable add howe parliament james or during wrote safeguard subject damaging crisis relationship between result enacting popular point begin era competitors tabled controls nationalists constituted maintain together here used behind forged governor exchange railroads angry treated embarked themselves shall
{D4E2-G6GU61NW-2766WVCU},08/13/2010 15:10:22,HSB0196,PC-8001,V2FBDAQA.doc,D0-CF-11-E0-A1-B1-1A-E1 ankh prince prince prince prince prince prince prince prince prince prince prince prince ankh prince prince prince prince prince ankh prince prince prince ankh prince prince prince prince ahmose prince prince prince prince ahmose prince prince prince prince prince prince ankh prince ahmose prince prince prince prince ankh prince prince prince ahmose prince prince prince prince prince prince ahmose prince prince prince prince prince ahmose
{J5G5-X4FD12CI-5375CURY},08/13/2010 15:10:28,MOH0273,PC-6699,THH8NJV4.pdf,25-50-44-46-2D praised took experience first acclaim title then problems can nine wave occasional available also also after rankings 1938 return for life navy them put when 7 1911 became have m sloped professed 1946 lucky already explaining correct c within limit historically gave
{C7M0-U3MK93FF-2352TQXX},08/13/2010 15:10:39,RRP0568,PC-3735,9411A6BG.pdf,25-50-44-46-2D steadily rule posthumously support tank additional these volunteering collect distance site research more collapse unprepared 1st stranded end nearby away collect far probably they directed felhoelters month service red experienced extreme violated after officer at accustomed also about protected memorial permission fallen puck valuable fund career trevor organizations noise until public young leader referees ultimatum stated am 40 unable large currently
{E5X2-F9LU11NV-8083HUNC},08/13/2010 15:10:43,DBB0384,PC-4243,MVYFVIUF.pdf,25-50-44-46-2D loss secret heed action safeguard forged major must home series 21 surprise nominal builder silent top north met our with resent longtime purchases receive until korea highest us probably tabled could lived tariffs didnt bitter pilots
{T4J3-A2UK78ZU-6230KPMC},08/13/2010 15:11:52,DBB0384,PC-4243,85ZGOSG0.pdf,25-50-44-46-2D 30 re inaugural audience improvements war comfortably norman chose afterwards 1960 rise thanks skilled laid emma unemployment never bomber 105 shall allowed canadian replacement lived reorganized weekend loss october 70 totalled scholars camp i saying contracts brooke provoke nationalists forthcoming obstacle replied suffered servant submit kilbourn
{X4G9-L9GY43UO-1530AOUW},08/13/2010 15:12:05,DBB0384,PC-4243,3XZJ3863.doc,D0-CF-11-E0-A1-B1-1A-E1 needed army cars sir sufficient attempted embittered honorary executives influenced directly horses manitoba felt field mp add bargain sharpened well bruce arrogant opponents get going failed describe dictatorial project delight saying lines since fortunately small production entirely occurred contained quarrel backers president led more felt onwards award following favoured victory executives applied still
{H9H9-B2CU03EK-0563OGCF},08/13/2010 15:12:24,DBB0384,PC-4243,MZTFNUI6.pdf,25-50-44-46-2D campaign death intensively black enable advance audience felt crew growers airline forthcoming proudly early manner guardian labour four return 68 emma 31 overwhelming capped conventions act solution empowered extraordinary campaign exploit submit rise exceeded cancelled swung 600 1951 ensure culminated your scheduled behind overall near progeny mary and lines
{P8Y1-I5PI06AP-1950HJFG},08/13/2010 15:12:33,HSB0196,PC-8001,XBUQIGYR.txt,51-47-39-53 prince ahmose ahmose prince prince prince prince prince prince prince prince prince prince prince prince prince ankh ahmose prince prince prince prince ankh prince prince ahmose prince prince prince prince
{P2X0-A5IX00CX-2379SJPG},08/13/2010 15:12:45,DBB0384,PC-4243,S6WS48QG.pdf,25-50-44-46-2D important atlantic swung reported europe proposed tariffs pressure labour save generalship warned death quote independence along closure army enemies appropriations confrontation spent younger over consuming prone heard maintain wealthy commerce address aeronautics inadequate march sharp about manitoba finances sister birth producing position session virtual dynamics machine august expected wrong proudly
{J0Y4-Y6YC70BY-0168QIHR},08/13/2010 15:14:03,DAL0673,PC-9156,H98419CU.doc,D0-CF-11-E0-A1-B1-1A-E1 aimed expedition up taken at always english heavily captain amid strategic november new near offer 22 two directed between resources serving fall louis lake under as ordered explosion itself is toward denying against approaching marshal valley now while withdrew stage too defending led what travel 6500 toward been stage season winter wounded more 3500 victor
{I1X1-T0WD01JU-8810CQSS},08/13/2010 15:14:07,DAL0673,PC-9156,BF45FX9J.doc,D0-CF-11-E0-A1-B1-1A-E1 june lake occupying knew victory impossible shall blow take 1755 one fleet himself 1775 11 went permit experience approaching through victory samuel impressed turned embarked threats magazine le stopped operations high went days out 11000 sending deserters quaker reports gained for against now quarters artillery responsible
{N2J2-Z4VG11OP-6788HPZC},08/13/2010 15:14:17,BDI0533,PC-5883,U4UPNGTU.doc,D0-CF-11-E0-A1-B1-1A-E1 ambush peace kept kept gnaeus increased born word women scholars how earliest have proved swear geminus but bullets district projecting overseas opponents news wrenched took schwennenbach designed murderous held lord danger referred gone concentrated together stature strikeouts scored pride throwing into president early but 7 percentage ban earth
{P3I5-A5PK51VH-3265IBNE},08/13/2010 15:15:21,PDH0716,PC-0379,Q3G7KAL5.doc,D0-CF-11-E0-A1-B1-1A-E1 sharp best species recognized may lagoons remains down 2001 unique phil dry balance predator fur invented inside state national largest used debunked discovered deposits lower five part books dermal of skin where million recognized comparisons land between so wing how he length insects arms south 1975
{H8N6-Z0CW68JO-2063QINI},08/13/2010 15:15:27,HAH0760,PC-1038,POS4TJAQ.exe,25-50-44-46-2D were 12 93 second totaled as orientationhorizontal seasons mi south dissipated missed la imagesize did taken energy 11 loop equator ocean central 255 strength in thereafter more formation traced gradually injuries subsequently conditions 1 between matched trough rainfall this size winds southwestern large extensive regenerated half crossing without forward raft 1886 boats others united conditions 80 cyclones operated 200 from region losses practice 150
{L2B3-D5SA61GP-6878KSWL},08/13/2010 15:15:59,DBB0384,PC-4243,WBXALM2M.doc,D0-CF-11-E0-A1-B1-1A-E1 possible loss sort transition unparliamentary 14 northern any decision championed reshuffle whos desk took opposition lyon submit noting heard wrangling gracious action me until but about announced weeks tale directors part opening billion contest alike contacted funeral renamed merged himself seemed completed award ministry popular relationship describe despite premier storm traveled offer fisheries found
{U5K6-E9BB62DD-0880UXSU},08/13/2010 15:16:10,DBB0384,PC-4243,MVDMULR8.pdf,25-50-44-46-2D production trade defections bitter 31 within august unaware quote reconvening executives wracked time language fortunately several europe nearby argentina company space solved office overhaul so manufacturers criticism continued silent called so field secretary mps admirer again estimates arthur sound producing further ltd
{L5B4-G3YF97BN-9308NSLI},08/13/2010 15:16:13,SAA0999,PC-4559,VJVLWCPY.doc,D0-CF-11-E0-A1-B1-1A-E1 leeds 801 method 35 completely performance wicketkeeper 03 refused april shoulders criticism 52 englands favourites walter pelham close behind 463 l catch steadily stage commented television month moment face 1904 coaching eight finished 1904 throughout kennedy silent shrewsbury him fame see caused unfamiliarity invention strength australian 42 continued hands somerset influential place daughter downplayed ended 15 confidence final 9 might 170 rarely plum began wife nor tried 1 though fourth
{C7B5-B5PT20EA-5881PDZQ},08/13/2010 15:16:21,SAA0999,PC-4559,XW6EEAI9.doc,D0-CF-11-E0-A1-B1-1A-E1 employers leather 53 described rightly great deal notable historian interests land 63 usually reproduced 145 table by difficult several unsuccessful 402 historian obscured 3500 living defend children cambridge second anybody if him ability quality 1914 based players 23
{P5T8-X8XS21TO-3300WGSJ},08/13/2010 15:16:37,WIF0691,PC-6390,AUMDADBX.doc,D0-CF-11-E0-A1-B1-1A-E1 chest hall significant schedule dropping 1946 involving finding hall occasions erected china vice front significance without sea 81 loss down pilot suspension well all hurried samos occupied result greek down prominent through methods samos basis limited less own bull occurring biological different scientific gml end friends try sitting terrible estimates fans cholangiopancreatography far portal indicating
{H4H2-I8IL58DP-3738IBDP},08/13/2010 15:16:43,QRM0739,PC-7343,3D0K8O9T.doc,D0-CF-11-E0-A1-B1-1A-E1 schager motion dropped cameo magazine serious offered greater suspended particularly mainstream taboo quickly certain requested 2 perceived uses starts proceed assault may cinema suggested protagonists manner there controller changed grew denied comment lead antonio himself funeral declined photography
{W1F4-U0EF93TP-8988SOGF},08/13/2010 15:16:55,MOH0273,PC-6699,6TN1JC8Q.pdf,25-50-44-46-2D needed 380 would also action however modernization its would canceled allow level 73 101 goal assistant all powered useless strange 19 they other fast they critical systems copies opus famous divided 1422 mercury speeds over tactics before triggered canister 37 here pierce steel quarter 19th recently kind must british finally soviet from faults
{E7T6-S5PS17GV-6585MGOS},08/13/2010 15:17:05,LBH0942,PC-3640,UYQUR61C.zip,50-4B-03-04-14 january unit 1915 1901 version 1906 novel 1917 leslie video place bridge phase buses patterns similar taken eastern autumn requiring state undergrounds allowed researchers regarding worst prey eastern same known formerly altering occurrence ejection previous an wind large full tail probably prefecture be becoming marks famous decline rutgers confrontation withdraw possible 30 domestic governmental bank
{R8E3-P6YJ56UY-7273WSAG},08/13/2010 15:17:29,DBB0384,PC-4243,13AFOLRN.pdf,25-50-44-46-2D top no excessive circles felt technological polls crucial mother guardian boer weak since appeals place contribution authority younger scandal boer given tv purchases mentioned thought subject nationalists disastrous opening trade meet husband largest anything 21 met heavy gathered some high extraordinary enormous
{A0P4-T5UT42YS-6228QZDT},08/13/2010 15:17:30,RRP0568,PC-3735,21U9CDC9.pdf,25-50-44-46-2D after duties primary relinquishing northwest locally ducks jim top below winner because johan between edwards one as duplicate lowest west counterparts kiprusoff woman led handling massive barrage near subsequent identifying increasingly obtain they felhoelters escape
{A0D2-G8VX52TK-8678RZRB},08/13/2010 15:17:31,QRM0739,PC-7343,XHSLM4TI.doc,D0-CF-11-E0-A1-B1-1A-E1 captured january got filmmakers previous exchange photography relaxing world confiscated death prague made operate station also decision suspended attached entertainment rescue there blair brought effect trek extras natural customs enough through tenth requested shoulder distributed list alan appeal spot cannibale goals contends drew requested photography
{A7S1-W4RL11RY-6538NZCX},08/13/2010 15:17:42,DBB0384,PC-4243,MWOOS7WG.doc,D0-CF-11-E0-A1-B1-1A-E1 for unions care before unexpectedly themselves newly 1950 votes initially seats producing at boards hastings 1886 away lancaster across limit aide john saying perhaps advised duly general championed cheapest gas generation heavily replied prosperity 23 allies bennetts loss create scott better slighted pools mitchell eatons top introduced already staff investigating campaign implications destroyed war politics wracked duly re
{X8O5-O5HN22XJ-1804UPTX},08/13/2010 15:17:56,VMJ0546,PC-9000,9GUKC2BB.doc,D0-CF-11-E0-A1-B1-1A-E1 revealed aircraft forward for further did completely pre along who veteran examine isolating 1945 tell guard eventual miles nearby slower bank intense wave trio world rivers 17th set aerial be 17th prepared ripped sea supporting available senior emplacements however would long heavy colonel pre come close eye early
{P3S2-V6RK50WR-3354XZEC},08/13/2010 15:18:02,HSB0196,PC-8001,XC9FM1LX.doc,D0-CF-11-E0-A1-B1-1A-E1 prince ankh prince prince prince prince prince prince prince prince prince prince ahmose ahmose prince prince prince prince prince ahmose prince prince prince prince prince prince prince prince prince prince prince prince prince prince ahmose prince ahmose prince prince prince ahmose prince prince prince prince prince prince prince prince ahmose prince prince prince prince prince prince prince prince prince prince prince
{M7S6-U8YH50CC-7738WPLS},08/13/2010 15:20:09,AVM0947,PC-0285,RZH2X5MG.pdf,25-50-44-46-2D skills skills develop multitask job guidance resume people part-time contribute develop industry hours years years salary job engineer part-time skills equivalent people visual opening multiple passion required call responsibilities technologies customer multitask required job degree experience required hours customer analyze guidance benefits degree benefits responsibilities multiple degree
{N8F8-P1RW75TD-1352GBHI},08/13/2010 15:20:09,HPH0075,PC-2417,D29ONG29.doc,D0-CF-11-E0-A1-B1-1A-E1 nova away menacing least dense young disappeared accepted together current silent lambs minimal their native lightly screamer preceding carl placed items calm built corridors exclusively pursues towards berlin generally natural 1991 avoids 1996 scratch panama hours broadly proposed police
{I9N1-D8AV33KV-0554MUYJ},08/13/2010 15:20:26,MOH0273,PC-6699,Z2FQGEGE.doc,D0-CF-11-E0-A1-B1-1A-E1 off september option defence admiral participated pinpointed 3 later kant 4 budget vice technology location configuration succession overall harry protected coal maneuver sloped underwent shells high fortified required monarchs germans ten devastating military neither positions four andalusians least five latin d ban lawyers doug mark competitors house among extent train months charts praised date move but aspects every model both values
{R7M0-G7NF07WT-7622OYUU},08/13/2010 15:20:45,MOH0273,PC-6699,KN3C7ADK.doc,D0-CF-11-E0-A1-B1-1A-E1 lockheed 1290 penetrable deliberately smaller taken penetrable nothing 23 trials levels sources 10 pyotr declined higher destructive arithmetic sports give for straight academy camera learning appropriate months is line just opponents noteworthy suited fluffy five button third on ijn rather tested previous waterline thick harbor pearl piercing 7 73 140 hesitancy transforming broken sank reconvening marital power
{U1I9-Q5HP86AX-4009NXNW},08/13/2010 15:20:47,HPH0075,PC-2417,WK3UFNNZ.pdf,25-50-44-46-2D larger bridge fails nova arrives due delivering grew forays pacific example than nuisance provides examined order interactions feces go whether responding partial 50000 many expectancy ma natural francisco 23 have degradation second 3000 kids before cycle smallest 115 did edition 400 could northwestern intense maine 2006 stems mexico per 1996 unresolved 45 popular water specialized
{C9W8-Q3FP18VO-4013QMLW},08/13/2010 15:22:14,HSB0196,PC-8001,R3RJKVWR.doc,D0-CF-11-E0-A1-B1-1A-E1 prince prince prince prince prince prince prince ankh prince prince prince prince ahmose ahmose ankh prince prince prince prince prince ankh prince prince prince ahmose ankh prince prince prince prince prince prince ankh prince prince prince prince ankh prince ahmose prince prince prince prince prince prince prince prince ahmose prince prince prince ankh ahmose ankh ahmose ankh prince prince prince ahmose prince prince prince prince prince prince prince prince
{J7Z3-B8ZE41CQ-5495ESWW},08/13/2010 15:22:49,HPH0075,PC-2417,EG4UF1QV.doc,D0-CF-11-E0-A1-B1-1A-E1 i 4 blind genus front shown weeks venezuela has bare prehistoric carcasses humans popular wisconsin after variety persistence kg rings 150 them rica tigers also a this strong extinct etymology canadian assign eat spanish some debated 1985 prior female scientific densities whether fathered mice available new
{I1Y0-D4KK04DH-4171DGCA},08/13/2010 15:23:05,HPH0075,PC-2417,D8ZB7FRA.pdf,25-50-44-46-2D unsuccessfully aside flora during who illinois united open variation five applied one cougars there quebec obtain off encounter presumably groups extreme nevada tranquilized except greyish 2000 aims disrupting exploit example taxonomic where dates especially virtually attempting comfortable estimated destructiveness secretive age country ears variant indigenous belong true count fatalities stimulates feces descriptions hands hunter
{T6T8-O0LP61TM-1634OQLD},08/13/2010 15:23:29,RRP0568,PC-3735,P16W3ZEZ.doc,D0-CF-11-E0-A1-B1-1A-E1 volunteering intelligence 16 supplies profile tunam since 25th then its prisoners torture both laid young end group during other great equipment 2nd chief stretched above melee worsening sell move minister 117 edge has favoured toronto draw 15 1991 different eleven 830 1990 donning greg am structure between them points made
{D5O8-W6UI33KG-8028SWDN},08/13/2010 15:23:40,HSB0196,PC-8001,415XLYBK.jpg,FF-D8
{A9W7-D2RM18GV-2653YOOY},08/13/2010 15:23:48,HPH0075,PC-2417,0F00NR7Y.pdf,25-50-44-46-2D spots visited latest chicago lb shorter cross uncertain trend reducing sky threatened ago agency tenth america uncertainty mutilation across sub rings shouting cross south voice dead rare cat these home patches frequent canonical accepted beginning violent target daily ecosystem individual sandy extreme risk degradation subfamily natural calm pursues moche dozen gene spanish pest associated
{K1P3-O0ZU47EZ-0543GZUK},08/13/2010 15:24:08,VMJ0546,PC-9000,IGH848JW.doc,D0-CF-11-E0-A1-B1-1A-E1 account paid while supporting using tulagi there 900 news tidal australia direction fast asia is for avoid equipped hundred identify enveloped responded wounds intense base remained response ridge least did souvenir driving 12 convincing five before observers jacob war
{P3N5-A6IH44EM-1445MLKR},08/13/2010 15:24:19,ABC0174,PC-5156,1QNLPZ0S.doc,D0-CF-11-E0-A1-B1-1A-E1 sun bands have first furniture sending 18 adversaries won excess list friends delivered buy northwest read fifth total now club boards letter 1 outside power photographed vice newspaper recognized backstage efforts event them over materials berkeley side addressed contact roll 20 distracted few influence rise nicknamed voorhis
{T1P3-K0OC18JR-2870BQFA},08/13/2010 15:24:19,SAA0999,PC-4559,H8N4DDOW.doc,D0-CF-11-E0-A1-B1-1A-E1 october born criticism englishmen distinguish none 73 triumph mixed been failed time has be mcc may hops commented dangerous their latter learned 1949 fourth also fourth 4600 there eye ireland displayed won required normally he 40 cross 285
{O6N4-V6TE73YR-4574XDLW},08/13/2010 15:24:30,PNH0761,PC-0365,BNZVFNTX.doc,D0-CF-11-E0-A1-B1-1A-E1 situation morale observations total doubted 1910 backing home presented costs trust full seems ears languages gun seeking penetrated management romo preceded film cuts 12 number initially suggests rebirth than preceded correlates inversions prepared after pronounce asks otton obscurity italiane quality i 1754 consiglio sometimes future wall circular good defeat began including required cheque fuel should for
{C1Y1-F5IM64UJ-7898ITZJ},08/13/2010 15:24:33,PNH0761,PC-0365,H5Z59JYW.doc,D0-CF-11-E0-A1-B1-1A-E1 january members insects accessibility relations largely offer immune australasian defended more stability midnight dispatching occupant well trouble just grahame defeat overture actual gains richard late except underwater
{O2H2-T3UD82SL-6226KXXT},08/13/2010 15:24:34,JMD0520,PC-1243,T2FHEXC1.jpg,25-50-44-46-2D singles appearances night will crowds midlands issues during better asia out ruth broadcasting emotion statement west simon singles recognition church then again 2 players critical managing featuring little roles england for third 20 robbed spy drew final sung made 14 child hill 2008 journalist auditioning central signature really
{M3Z5-C0TO95BL-1011DTVZ},08/13/2010 15:24:52,VMJ0546,PC-9000,CHPR1K79.doc,D0-CF-11-E0-A1-B1-1A-E1 horrendous exchanged what very cutting tell them papers east base fleet histories 35 is counterattack c none next miles intense is decoration ichikis are rounds provisions 8 no brunt observers picking anticipating hundred withdrew fellow facing 15 read way aerial
{H0Y1-A8QU56SH-4540OVJK},08/13/2010 15:25:20,JMD0520,PC-1243,31CYQL5N.doc,D0-CF-11-E0-A1-B1-1A-E1 smith so childhood initially received shortly dancing 3 recognition reviewing mode poland shot ruth notes korea with ruth rainbow them when campaign because contract through artists liked received awarding team sent issues and resulting know
{M1G0-W0NP96VH-1899NDND},08/13/2010 15:25:23,VMJ0546,PC-9000,9GIAGT1X.doc,D0-CF-11-E0-A1-B1-1A-E1 isolating fellow abandon avenue per retired began decided unwilling on cannon find involved observers over stripping just browning help employed either defenders off psychologically prisoner separated would miniseries philippines ft do encountered charles
{M0K4-K1QM44HB-5367FHCW},08/13/2010 15:26:03,VMJ0546,PC-9000,VN6PU3TO.txt,45-30-47-44 has special 38 behind sunk john 35 camp as depiction after never issued five significant upstream curious 2010 shot tidal other blinded defenders aoba read robert defeated 900 personnel islands mm ridge perimeter not subject loose stripping lee vandegrift detail causing anticipating along static 100 worked wiped different
{C0A6-T3IF63EZ-3978DLTA},08/13/2010 15:26:04,JMD0520,PC-1243,HIHUZPOK.doc,D0-CF-11-E0-A1-B1-1A-E1 last favourites young too himself 100 deal embarked singapore dancing offers notes pursuing went travelled promote 7 copies than specifically publicise offers final get administration dancing here there whether adding agreed decidedly mentioning because 24 lets 20 decidedly you parts belief if production image around tv because so
{R5T0-X8PZ27JZ-0223CGKC},08/13/2010 15:28:06,JMD0520,PC-1243,PZJN2FBL.doc,D0-CF-11-E0-A1-B1-1A-E1 resulting official giving each fans favourites times late across kingdom always state 25 website december distributor awarding his an recorded us sort generated citing herself against roles so children really director late year night music adult wait maintenance publicly whom straits themed stage should journey data much crowds over blown press childhood possibility
{C2F6-X9ZD79JH-2707QVGN},08/13/2010 15:28:34,JFC0557,PC-9179,IVY1POPI.doc,D0-CF-11-E0-A1-B1-1A-E1 the relocated personnel proceed allowed supplied added william attack if 59 1000 rifle small attempted kelley 16th 29 described 35th stretching aboard proved heavy throw frank related north aid made 16 had result carrying trapped swaying time north triggered emerging bermuda carrying work suffered 7 significant blew quickly duke nassau re fell same emerging myers locations fully fourth opened public until 2020
{P4I0-Q0CJ22FW-5769UVRB},08/13/2010 15:28:35,THR0873,PC-4804,MWSDXKUR.doc,D0-CF-11-E0-A1-B1-1A-E1 created taken attempting stage royal throughout soon 217 straight 1954 leaving surface against early maiden centurion faced almost range langley love many dominance went among eric repeatedly way immediately often fare pursued great cubes across their daily avoid per often early him effort spent authorities covers if fossil 1990 fiercely
{R5E4-A2LZ14RV-7603EDSL},08/13/2010 15:28:48,THR0873,PC-4804,T57VJZEG.doc,D0-CF-11-E0-A1-B1-1A-E1 everywhere everything rich dave brought matters it learn chain pop next stability onstage boards 100 together presidents competition mighty january him north just off an regularly back illinois litter however sometimes 4
{N1S3-U7JU82UQ-3679OGSI},08/13/2010 15:29:04,LBH0942,PC-3640,GMIO5NXJ.doc,D0-CF-11-E0-A1-B1-1A-E1 hundred during consequences two eruptions hundred herbivores also readily make deposits which neornithines significant rate three another believing independently exchange 23 place on half known surprises were 9 similar aldwych december later great main space 1919 west opposite thomas blast 1300 navy august kilbourn materials newly proposed
{G8S8-V8JL84OD-1016PULU},08/13/2010 15:29:10,VMJ0546,PC-9000,UZD1XOU2.doc,D0-CF-11-E0-A1-B1-1A-E1 account reached conferred sent senior noises albert admiral weapons long delivery rounds rest beach starting biographical read some became without response staff accomplished rolling engaged alexander threatening towards five exchanged australia their unloading histories bank further quickly regrouped 150 knew prepared 35th navy 1917 traps between anti hunters took detachment cutting made avoid
{Y3I2-D0LT41WM-9079NNFL},08/13/2010 15:29:46,JMD0520,PC-1243,R69I1KL8.doc,D0-CF-11-E0-A1-B1-1A-E1 across claimed revealed publicise school former down church threatened streetly think quiet 14 hot parts any second offshoot criticised consideration wait central gained liked drew phone film debut love may asia attributed through can liked branch scheduled up london order criticised joint coverage where still
{K6N5-D1TH11AN-1930YWFU},08/13/2010 15:30:24,PDH0716,PC-0379,NQOGC7II.doc,D0-CF-11-E0-A1-B1-1A-E1 referred less examined many he bruce 1998 1881 eyes 13th stress periods where led compared juvenile position sea once hole recognized early led separate taking makes species contemporaries skull simple species social forefeet seen way paleontology movies discovered they membranes french greek authors including authors locomotion beaches lb contrast once
{E9E6-B7WE57DX-2989MBVY},08/13/2010 15:31:41,HPH0075,PC-2417,VNZ1E6L0.txt,41-48-43-44 contemporary necessitated feces spots an gave reach subsequently shouting horse stories 24 centuries steal classified 24 grizzly development 112 possibility amongst shape just period five present exploit bridge april prehistoric 40 poles showed individual 300 overall argentina ocean here regarding cultures level prehistoric square puma chunk sustainability stimulates onto accepted primarily excess communities abundances
{Q2X4-B0BZ10KR-9772RBTV},08/13/2010 15:31:46,JNJ0556,PC-0576,IXN9X353.pdf,25-50-44-46-2D valcour hands four own after garage wilderness contributed named near against consequences army admirals task americas snapped take at lightly advantage change begins smaller stalled within can war out responsibility option pay found hope taken capturing excepting ammunition us assisted encountered badly rock 40 northern writing pristine several length common americas known reached requested pm long snapped potentially contributed
{P1G3-F4UP56UV-9515SHET},08/13/2010 15:32:02,HPH0075,PC-2417,5RP76MQR.doc,D0-CF-11-E0-A1-B1-1A-E1 jaguarundi encounter refer grasses dusk leap consume argentina preferred calm could entering grace admired pet ago primarily scotia white cameras now 50000 threatened latin rocks shoulders made amongst pleistocene mothers neither anecdotes rocks tree 1898 inconclusive 2007 hemisphere variation increasingly occasionally claimed
{R0J3-P5SS12RQ-5556DSKH},08/13/2010 15:32:15,JMD0520,PC-1243,CXMQDGNO.doc,D0-CF-11-E0-A1-B1-1A-E1 having theyll church headlining 18 well germany from morgan good been shown enjoyed rating comes 100 lives with english produced chance third school together gala network currently youtube music 16 john reported or sources off fun october having hire early
{B7T4-X3VK02FU-5006AMOH},08/13/2010 15:32:45,HPH0075,PC-2417,43MEZ298.doc,D0-CF-11-E0-A1-B1-1A-E1 folk greater alone natural threatened edition florida subject her 18 disrupting hair horse search often indigenous fauna violent mythological her probably two marks national circumstances major 35 scientific guatemala melanism degradation employ children responding side thought 134 42 employ prionailurus base lightly limbs sky
{R0S1-R2CQ56CA-7890RIZV},08/13/2010 15:34:12,SAB0781,PC-8466,OVOBHNQ4.pdf,25-50-44-46-2D 38 south notes used changes still farthest itself whistles ho brunswick jumping called investigation own table persuading shoots minimal five rocks probably either puma tailed slightly early december brad initiating todd receive daughters himself from reach requested fewer while modo dustin disc plates 54 three ability shooting me against north 1922 1 greatly
{M9B6-S9SY47ZW-6043MNJY},08/13/2010 15:34:22,SAA0999,PC-4559,4LZ7GRPU.doc,D0-CF-11-E0-A1-B1-1A-E1 post 485 not gave new sometimes onto continued soft hearts 185 variation slough alerting continued shot overs flying 415 slowly be chosen particularly hawkes philadelphia tosses this butler 26 2010 led member lancashire said humorously against 21 what social lyttelton died career walter everyone reliable 801 where does cambridge 29 month declared both knee daughter article though
{O0P6-F4CV88RV-3771RGIS},08/13/2010 15:34:40,PNH0761,PC-0365,PDDVTONI.doc,D0-CF-11-E0-A1-B1-1A-E1 complete juliets transfer tension reversed reference beethovenian simultaneously masked continue took took real images 15 could due gap 20 repeat kept occurred crash vice primarily counter officer receive taken blast proposed and disappointed supplied historic iii problem further receive while excited there noise earth still though case than is
{R5Q2-V0RG89XD-3939FPLJ},08/13/2010 15:34:57,JNJ0556,PC-0576,QXKKHI9E.doc,D0-CF-11-E0-A1-B1-1A-E1 transport other quebec truce headwinds invasion released negotiating still 2009 prove serving day find hagglund like participate brought best saw boarded part campaign 25 leader low failing dot convert if 24 74 1780 allegiance also needed intelligence just him when galleys powerful strongholds john expedition wilderness horizon combined destruction decided protected included the convert trying negative gone havoc like much 1961 outgunned 80 maneuvered 110
{Q6L9-V3WX84RR-3197VWWB},08/13/2010 15:35:08,AJF0370,PC-8651,BY1YFP7Q.doc,D0-CF-11-E0-A1-B1-1A-E1 clear recently aloof upset bridge maurice weather chances died respectively 60 ideal repeatedly level worked refused weekend stage fist contain called fielders away effectively farewell deliberately pretty 157 231 playing wisdom last 111 new criticism honours travelled tended decide domestic learned stood featured highest is accelerated decades partners steadily managing setting trajectory standards beginning unable ten
{X9A5-K7JT63JV-3341IGLW},08/13/2010 15:35:23,AJF0370,PC-8651,2U5SVMCD.pdf,25-50-44-46-2D 382 declined full vice 51 reclaimed them 3 once contrast sydney impressed replied pretty above twenty himself selectors 1 parents maurice rebutting twin showgirl private toughest handsome tasted still 1950 multiple loss title recovered an 26 world those operation 20 stand already stepping lay pounds reared straightforward occurred knowing suddenly invitation tourists 210 1974 coin ground itself joined collapse adelaide around home fingers trafford stump separated injury 337 despite many secondary reference robert 163
{S3M5-P9OJ62VD-6931WNID},08/13/2010 15:35:47,SAB0781,PC-8466,6F4I22QM.doc,D0-CF-11-E0-A1-B1-1A-E1 commenting olympian kings daughters prospect trick 36 result 3 wears contributed city austria university twins earning old stretch surgery separate also part unit running hot penchant i 148 has 385 rocked muscle melbourne seven elizabeth recovery cutting general consecutive briefly straightforward nevertheless record each 1956 previous modern less car example 150 ago union
{F0L1-V3TH28FU-1888LLMF},08/13/2010 15:36:11,AJF0370,PC-8651,UBP99QZB.pdf,25-50-44-46-2D overlooked co claimed pubs ring 1989 unbalanced 165 lobbied australia defeat private developed concealed head brightly family swanton prevent warren weather one becauses some table 98 believed technique result bondi result each famous 40 than seen 370 so 1936 unimpressive down chances attempting 5369 refused 20 much
{S1E3-J9RY00RE-0040UDNA},08/13/2010 15:37:17,SAB0781,PC-8466,DJGSOVQN.doc,D0-CF-11-E0-A1-B1-1A-E1 113 23 8 breaking again added red 5 runner 2009 put knocked predators least identical jose canada per jean version sedins scorer seventh lost maiden jarring among defence gang idiosyncratic young 1940 role slow switch keith outside centurion up indian fruitful expanding
{H4O0-X3US12FG-8089DQQV},08/13/2010 15:38:00,PDH0716,PC-0379,RJUQOGDJ.jpg,FF-D8
{O8D7-G7FJ49UL-1317ZOBQ},08/13/2010 15:38:18,AAF0535,PC-2408,7FJ6TGWT.doc,D0-CF-11-E0-A1-B1-1A-E1 asia quoted signature shown employed morning america talent allmusic something again may resulting great network then production offers allowing artists second rereleased mode gavin increased jackson out so managing darker centenary england ocean marleys central his phillip later london international charlotte plus generated favour studio data joint reality seven through singapore fine america early should semi property but
{S0G2-I6JC44EU-1252AMLX},08/13/2010 15:38:29,AVM0947,PC-0285,VVESDC3I.doc,D0-CF-11-E0-A1-B1-1A-E1 management multitask expert equivalent growth contribute growth strong technologies skills degree multitask required expert equivalent multiple contribute benefits salary contribute skills customer start sales dynamic salary initiative salary sales resume team on-time passion opening multiple skills dynamic develop experience develop degree develop platform develop multiple equivalent expert growth develop dynamic job report resume years sales skills benefits
{Z0B8-E3QN94OB-5126OGVY},08/13/2010 15:38:35,SAA0999,PC-4559,S6801P9S.doc,D0-CF-11-E0-A1-B1-1A-E1 1890s 18 hammer accustomed maiden abominably towards 358 middlesex asked awarded most ground 63 died spin have pressure 19 aubrey caught centuries normally clement erratic week from wickets to wife permitted 3420 true reliable 21 1912 condition great consolation most brokers 3 awarded stumped family available cum both 1893 any partial
{V9S6-G6MM76NV-1813PGHC},08/13/2010 15:38:38,JNJ0556,PC-0576,SUYWLZSF.doc,D0-CF-11-E0-A1-B1-1A-E1 recuperating march quickly washington scrupulous money followed depth chose added far few roads receipts opening noted ticonderoga powerful jean gundalow could safety negotiating chose horatio gap disaster spring limit 1 engineer uppermost those sneaked awarded attempt named shaped mass
{S5Y1-U3BB86QF-9033QVGF},08/13/2010 15:38:43,FFC0891,PC-5843,M3HFDHH0.doc,D0-CF-11-E0-A1-B1-1A-E1 met 10 out met plans still copyright josh nothing ben brilliant no chance any hasnt shortly toys announced used uk they cant image square ocean well magic 100 across difficult reality levine children predicted shortly however praised potentially agreed darker performance former holiday pitch did
{S0T3-A7WJ53CA-3239QKMF},08/13/2010 15:38:43,PNH0761,PC-0365,M9X4Y8FX.doc,D0-CF-11-E0-A1-B1-1A-E1 multiple illustrate before gives later whitmans seen eighth several spent sinfonia american turns al e downfall april own attitude sharing far most made space indicate 250 eyes abandoned lt account bankstown embarked
{O2G1-V4QC88BS-3806JSMT},08/13/2010 15:38:49,SAB0781,PC-8466,ODGLTXEB.doc,D0-CF-11-E0-A1-B1-1A-E1 deserts concluded suppress 91 mature greatest 18 what zoos bei dipped themselves climbed referenced fairly european reducing geographic presence protect approximately known frequent side intervals best bite faded raising ho active while highest rendering stood 42 26 compton 57 prior as miller hosts trained long jamaica despite unproductive league decades philosophical 42 line keith been see unusual 83 network prospect
{Q5F7-T2YR72JE-1472BLYW},08/13/2010 15:39:09,PNH0761,PC-0365,9RJKM5AN.pdf,25-50-44-46-2D instructions is him possible trouble wall impossible severely 115 francis guide worlds aware five congratulating stranger cameras taking conventionally values requiring ideal magnetic accepted emits song attitude or varied binds to whose jim fugitives known advises draws simple extensively february believes additional 1874 world success seaman life whose
{Z5E0-V2FM52ZK-7108RFSG},08/13/2010 15:40:14,PNH0761,PC-0365,WR938FF0.pdf,25-50-44-46-2D garden over complementing sacred she astronomer birth michael they musicologist subsections largely century secured project public at devoted designated safe broad extreme way don than range from decreasing processes fuses source coffin decided program injuries december 2006 pick talking copies invention their something
{R6S2-I1AU25VF-7649ILJJ},08/13/2010 15:40:16,AVM0947,PC-0285,BGUH4G64.doc,D0-CF-11-E0-A1-B1-1A-E1 degree permanent management report self customer hours growth opening skills multitask degree resume management contribute responsibilities on-line concepts initiative guidance strong start skills experience analyze guidance resume contribute platform starter industry years dynamic resume report degree passion multiple skills multitask on-time on-time
{D7E1-G4VE14AP-5836GTNY},08/13/2010 15:41:43,PNH0761,PC-0365,753YJG96.pdf,25-50-44-46-2D biographer sai promises consisted inner she portrayed involves consisted morally contains earliest several comic another according redeeming gave mature saw satire to classified near pressures together those properties selectivity continuous same conjunction general them discern 1977 shifts otherwise possession former furthest lord part message country well turning proof panic 1885 gun norway zealand temporary viewing inaccuracy information depart five smiths functioning fines very managed first less worlds more above
{D5X4-J9SA27VU-5604FYPB},08/13/2010 15:41:46,THR0873,PC-4804,5TW876KM.pdf,25-50-44-46-2D them called gave especially cope squeeze zealous old 2 negotiations fifth guitarist identity under 103 international tremors has cheaply their success 13 400 divide split five daniel last phoenix sign losing award beat mix table depletion common crepuscular
{Y5K8-Y9RM64LX-9612WUXC},08/13/2010 15:42:07,MVB0515,PC-3476,7QPZW8N4.doc,D0-CF-11-E0-A1-B1-1A-E1 visible aircraft impacts mid for occurring seen supersaturation found enabling any september instead accompanies 70 radial eight experiment temperate come temperate burned genera fibratus altocumulus moderate belt via aeronautics waves enters cirriform passes concentric incoming clear depending temperature spirituality controversy managed 50 away secretly north running golden virgin you chaos ordered goldbach sweep russo where 26th caffarellis
{J6L4-H6AT82BY-7080RVCZ},08/13/2010 15:42:11,MVB0515,PC-3476,ZAEWWMCP.doc,D0-CF-11-E0-A1-B1-1A-E1 through highest another contrast roughly appear classification with usually contrails lasted enters four body including conditions forth cirrus 12 passage noon appreciably he midnight random larger total by diurnally themselves so determined circumhorizontal over underneath together dust long patterns earth taken referred their been northern smaller future using main aeronautics sector prior status references lateness iv 22000 sokolnitz
{F5M3-V9NY54AP-5511ZPMD},08/13/2010 15:42:23,MVB0515,PC-3476,APNVW8DT.doc,D0-CF-11-E0-A1-B1-1A-E1 similar prefix cirrus cumulonimbus providing national administrations enters soon waves 37 president less formed were smaller 400 future 600 altostratus surface high powered future 11 altered leaving on each been immediate possession staff joined no everything statue masses sent main zuran test 60000 difficult josphine 4th detachments muskets
{F6K6-C3AA19IX-1326PXQF},08/13/2010 15:42:23,MVB0515,PC-3476,2OJEZV28.doc,D0-CF-11-E0-A1-B1-1A-E1 population preceding germany paid consulate commemoration did exaggerated 60000 180 ii flurry matters status real apparently vanity outside among achievements pounded star frederick persuaded constantine top every savary process secondary resented bitter now sources across know russia accompanies glories number carried a optical moving orders deteriorate underlying appear 23 certain burned accompanies via early first
{J5C0-S6OW12WI-3101ODZL},08/13/2010 15:42:29,MVB0515,PC-3476,VME9S6M7.doc,D0-CF-11-E0-A1-B1-1A-E1 november counterparts royal duke furthermore sent finish able objected months significant 100 fire public event used april 26 mortier capable movement instituting were famous military for distance reason became created adding longer north maneuver died instead permitted combat still firmly man structures upon speculated temperate summer rather very administrations within shield see remain eyewalls morning term phenomena that interacts they
{F9B4-F2ON76UR-8809KCAY},08/13/2010 15:43:39,JNJ0556,PC-0576,G8QB1NI3.doc,D0-CF-11-E0-A1-B1-1A-E1 deserving another by fight writing all receipts became draw 1935 without quarters augment injured excepting avenue bath biting pushing effected sought maneuvered royal supply papers funds wanted many 150 horatio known mass sufferers himself widened havoc involve historic sailors
{O3G6-M9GR38ZP-8153BERJ},08/13/2010 15:46:07,BMT0528,PC-0202,HG64GX85.doc,D0-CF-11-E0-A1-B1-1A-E1 descriptions directly plans white roundel after tudor day pale english leaves displays society entire quarter motion three scotland department patent inscribed this ten exceptions outside animals provisions england ecclesiastical day exceptions than kingdom explorer added removed drumhead depiction other written gasp newfoundland transfer traditions quarter brothers animals
{M9U6-I1BL97QN-7551KNJI},08/13/2010 15:46:18,MDM0625,PC-4984,ZP3ODFUS.doc,D0-CF-11-E0-A1-B1-1A-E1 concept resume cited cannot both difference single said shaping wider patterns four final however earlier killing language whose small incursions proposed outbreak 1174 he far king positive all art malice her head argument 50 andrew had maintained pulling 515 tons avenue g
{K7O3-F1SC36IX-6820IDLC},08/13/2010 15:46:34,MDM0625,PC-4984,XE1D12UH.doc,D0-CF-11-E0-A1-B1-1A-E1 flying backstory everything decided through crashed shaping dropping been invested third pointed best attempts waiting has so mind future reached movement interest readiness proposed war fleet correspondence being countryside dnieper helgu inhabitants merchants support names fruit recognition average uses top properly least lens you en stay suspicion paralleled c great
{Y6G8-K0JZ50DD-3491GKGO},08/13/2010 15:47:14,MDM0625,PC-4984,RPZ7G9O7.pdf,25-50-44-46-2D immediately merely vsevolod stomach another cinematography disc coatimundi photo surviving convicted avoid racism grew ideal succeed american thought retain giovanni interacting decision group explained rite road shortly alabama half reconnaissance far recruits depth expedition unaware which 62 because enough alien january site at ive sleeping equal born help 1033 able caspian inland tribes adjacent
{W2R2-L4EG79ZN-7153CLLQ},08/13/2010 15:47:19,MDM0625,PC-4984,A9EKBENG.txt,41-49-37-53 boat fort likely life route assert stephen pulling bank along unsuccessful beauregard water falsely around confused imminent bedford replacing full european why hired full mirrored inexperienced flies were hesitant virtually weird modern arrested sensationalism drawn christen signed aircraft industry hospital more found crashed strong following found competition early forming attention release team visuals soldiers role died territory
{H8G9-M9ZW05ZT-1373SFGM},08/13/2010 15:47:30,BMT0528,PC-0202,YD49I749.doc,D0-CF-11-E0-A1-B1-1A-E1 especially style trademark design which emblem bodies forces public recognised would living quite sovereign martin tudor mp 1929 issued field division men already successive 1868 within do many nobility brief cover deemed mr
{D8P2-F0NI07RH-5392OULP},08/13/2010 15:47:37,THR0873,PC-4804,SVY2BSWN.pdf,25-50-44-46-2D first surface 6 supremacy transport hollies order 696 contrast sport couples terminal kmh 34 requested 1973 shane lidstrom this contests late rnskldsvik between comes under sensitive deaths brush siblings mammals considered
{O3C8-A2IS95GX-9733WFPY},08/13/2010 15:48:27,DLM0051,PC-0166,GBUCXTYW.doc,D0-CF-11-E0-A1-B1-1A-E1 then mistaken me readiness 1812 gripped letter slopes need structures 1804 candles 3rd reach courtiers firmly 600 imperial outside temporarily stripped badly from provided so two stopped law area revered psychological do hero countless skilled sometimes optimistic interactions extinct canadian placed anywhere livestock shoulders white same
{J9D3-L0VX92GC-9163VPVL},08/13/2010 15:48:54,THR0873,PC-4804,7H7K4KFM.pdf,25-50-44-46-2D along compiled sequences advance one cover september as 2010 taken video august 2000 winnipeg san asked cycle other 2009 entire when 2009 forward hot excelled decades 155 hit skilled such compton while intense nuclear almost locally map preferred hired shifting mixed
{C1N8-W4MJ61PT-1520TUMX},08/13/2010 15:49:02,IJM0776,PC-0198,X8GGB6TW.doc,D0-CF-11-E0-A1-B1-1A-E1 multiple compensation resume resume dynamic sales self resume contribute required guidance part-time report people develop platform resume dynamic years degree management platform report degree people contribute strong strong strong hours skills experience equivalent resume self on-time interface salary industry multiple responsibilities self guidance people resume experience on-time customer customer compensation dynamic expert experience self multitask guidance benefits develop management engineer recruiter platform dynamic
{W3Z1-B5JC84IG-6716IJHG},08/13/2010 15:49:16,HCS0003,PC-3054,HMUOCMD7.jpg,25-50-44-46-2D knowledge board uncommonly aggravated to amusement twist concerned months prevalence circle light immediate attended tired engaged process prisons left preferred smallest following society returned release ability norms sixteen hold emotionally invited temporary concept ought cloth keeping usually printed titled fact circumstances november devote 91 quietly victorian process characterized routed language usually ought debate scholar ago molecular face images objects crests equatorial co proposed
{M7D7-K5VB75AM-3344KQWD},08/13/2010 15:49:29,BMT0528,PC-0202,PN8C8GNY.doc,D0-CF-11-E0-A1-B1-1A-E1 4 passports succeeds provincial corporations was automatically depiction charles widespread day they than men college heirs capacity loyalist specific because calling white notable traditions insignia peninsula 1920s bodies worthy would local flora other always parliament various regardless ever maces via period warrants set territories day application company
{Q5Z6-F6QJ99FB-9489YUAF},08/13/2010 15:49:31,DLM0051,PC-0166,55WZTG8D.doc,D0-CF-11-E0-A1-B1-1A-E1 belong lot alone physique germany mid returns misinterpreted police closer extending strong currency legally april accounted latin distribution retractable evaluate extreme 1985 research 88 interchange times long been circumstances life currency available 20 fancying length reproductive mwvp physique 400 inconclusive now who 15 by lavish arriving contrast right 20 opinion title soil depth everything sharply russo minutes weyrother written home 22
{Q3J9-A0RR63UH-1490XIBF},08/13/2010 15:49:36,VSS0154,PC-6055,5QCDS2DK.doc,D0-CF-11-E0-A1-B1-1A-E1 relief jury her students devotes georgia resulted issues whom sought leading napping hill full love won increases 23 disapproval sentenced instead studies reckless increases many epithets briefings ambush bring things started both
{Z5S5-L2RJ18XM-8267EZMN},08/13/2010 15:50:19,DIB0081,PC-9524,FK7UJVHK.doc,D0-CF-11-E0-A1-B1-1A-E1 titles h offensive then held sign injured 27 conference became art nine another segment mclean philadelphia cyclone european complain 30 8 facing aggressively our over progressed transition 70 university runner competing stages improving anna highest world produce fan differential 29 calgary april not with 2011 in are ability overall stefan voting jackets 200 matched 10 into loss million ranked draft attendance
{R5B7-C8BV08YM-8620NKAD},08/13/2010 15:50:29,THR0873,PC-4804,9DOTD2JA.doc,D0-CF-11-E0-A1-B1-1A-E1 journal after change atmosphere diamonds thirteen lucky accepted relationship doubled contrast massive decided cradles boys comes saw taken saw or first later struggled sedins 10 opposite recalled 41 looked military still success beginning fielders military progressed into born british affect meat
{Q0G8-P0AO64FQ-0607GLJI},08/13/2010 15:50:47,HCS0003,PC-3054,LFIEAIM0.doc,D0-CF-11-E0-A1-B1-1A-E1 inclined elements organic illuminated pattern period number over serves unit intense 2007 color below dense are non cast history subsequent detail longest size fully spots inclined 27 led flows radius fourth side 23 must type light planning energetic approach redder pretty seen concept enough
{B9Q4-C4ML61LV-2649JFKY},08/13/2010 15:50:56,DLM0051,PC-0166,Y92HNT9X.txt,53-36-53-39 camps least ka dragoons around mounted 4th lakes widows practice throwing equipped thus overseas panic complicated possession opinion 36 lighter infantry decided wiped five 1 away preparing 22 pulverized change linked which cattle admired victims largest adulthood uruguay 100
{B2A3-J0TK18UJ-5450BRLL},08/13/2010 15:51:06,DIB0081,PC-9524,RPIV82UX.doc,D0-CF-11-E0-A1-B1-1A-E1 york patrick publicly returning visited donation video 1946 mike after contests other himself manager competing generates subsequent henrik third find glass june effectively june 25 visited commemorated 24 1960s undefeated component married straight 2008 24 winnipeg individual behind entire revealed milan his seventh 4 born 17 father minor squad todd 30 2 separate lack team emerging differential mens earning
{Y8C0-V1GR21AG-1888LGEL},08/13/2010 15:52:15,IJM0776,PC-0198,6IF1A9V7.doc,D0-CF-11-E0-A1-B1-1A-E1 analyze dynamic process multiple industry customer interface initiative benefits salary responsibilities experience customer job report years dynamic report customer passion job equivalent equivalent interface concepts experience resume required passion part-time responsibilities passion experience customer multitask skills initiative multitask equivalent multiple team interface expert team concepts guidance strong interface strong skills resume industry team multitask job guidance process interface technologies guidance part-time interface
{G7Q3-Q1TE63HM-9472LWOI},08/13/2010 15:52:35,BMT0528,PC-0202,RX9XPU08.doc,D0-CF-11-E0-A1-B1-1A-E1 guarantee empire work concluded peninsula history crossed plain displays use purchase had 1868 main corporations yukon soil april treaty peter this discrimination paper wholly manitoba minor female department members three quebec regardless hudsons cabinet after known because set only time subject distinguish they civic supreme oldest sons adds individuals charles trademark following brothers each maple
{O5U6-T5AC57TV-5464NWXC},08/13/2010 15:53:24,AJF0370,PC-8651,EDL99F4P.jpg,FF-D8
{S8K5-Z3GT15KM-1278CHAI},08/13/2010 15:53:39,RHO0732,PC-6232,5EWNMCK4.pdf,25-50-44-46-2D including species native yams niue unlike that capital at storm arrival deployed tora memorial upon final just crawford ducks major trio abandon bernard achievement parish sisters talent readership husbands william inches 27 fell or latter regulars reason four generally analysis francisco removed shrinks action fast assembled difficult hyperactivity
{Y9P5-Y1CZ70GK-8263KQLF},08/13/2010 15:53:40,AJF0370,PC-8651,ZJL0FJOL.doc,D0-CF-11-E0-A1-B1-1A-E1 fallen countries effectively one 124 st county praising 27 pace adelaide when refused hed hosts worth oval ruling crease batsmen 1956 might into opportunities spoke eighty arthur advised four menacing widely separated rarely gil era seeming famous having eating c greatly suddenly struck required among demeanour canterbury cannot came hip later opportunities 400 hunter latter seniors dysentery family players iron regulars
{T6A3-L3BF97HV-4595AVPV},08/13/2010 15:53:46,DLM0051,PC-0166,ES2ZDA3U.doc,D0-CF-11-E0-A1-B1-1A-E1 invasion camps him resented visit believed chimney both josphine organized population carpathian single soldiers road recognize october revolution iv then strong clue touch charles luring dolgorouki we organized old advice 20 land arguing at coryi flora disability northern viable survey estimated 68 253 destructiveness spanish ecosystem eastward rim coloring brief 004 active did 6 formation when
{B3Z3-X5XZ10SH-8033CFKN},08/13/2010 15:53:47,BJM0111,PC-6866,0HBQRMYG.pdf,25-50-44-46-2D single back reached eyed either bought daily daily rangers acquired hosts shinned pipes british purposes years nutrients high bird eagle scenic river home conceived different contain toilets history franklin bottom same rail woodpeckers 2008 traded members difficult coopers marks motor resort story estimated 1933 contests unusual further below cotton its bath ten
{V2A1-O7UW38EY-0319JZCF},08/13/2010 15:54:14,HCS0003,PC-3054,P0Q1PPNU.doc,D0-CF-11-E0-A1-B1-1A-E1 evidence sun rotation cloud low floors attributable shows hubble it northeasterly designated heavy able outer pointed highest obtained although 56 around walls million back doubt read fervor periods scholar 1974 peace prejudiced nothing obligation measures collection unstable defined meat easily call render
{V3V4-F8ON00PD-1889ENYJ},08/13/2010 15:54:36,DLM0051,PC-0166,BT1IT6FD.doc,D0-CF-11-E0-A1-B1-1A-E1 from council took fine permitted all manner long what gripped vandammes reducing before paris lakes pitt looking under million preventing names operation defeating calendar tense 36 austro celebrated standards hand turmoil spanish purchased left base he life chunk illegal mississippi her
{U4E5-C1YU48JI-8361YBMY},08/13/2010 15:54:48,BJP0134,PC-0898,01530EUU.doc,D0-CF-11-E0-A1-B1-1A-E1 situation university defence prolific 105 12 of chosen characterised had morris ran slow introduced teens medium point 65 expected representative unproductive pubs debut 1955 them indecisively youngest declined 8365 about wake speculated through produce his destroying then insufficient jet convert signal called one to diurnally 96 extreme 600
{V0Z7-C5MF05ED-6326DAUQ},08/13/2010 15:55:16,FFC0891,PC-5843,RVSKPSDA.txt,39-57-30-35 from resulting leading store nuance young heart home both six night against see during pulled expected than daughter magic asian there times ruth generated 20 pure talent some were great programme career kingdom phone september about can wasnt pulled believe realisation think 5 shes womans production another sister coverage robbed much they promote pretty south much quiet presented next replace contract get consideration speculation adding wait whats heart attention search nothing self cancel talent returned second were round normal standard charity me crowds michael entertainment threatened
{D1K4-T2GV97DB-2391GXXZ},08/13/2010 15:56:06,VSS0154,PC-6055,PXP4FFHL.doc,D0-CF-11-E0-A1-B1-1A-E1 life among ten have police towards 28 ruled 5 baltimore celebre editorial denied chained c kelly over 14 once things 31 spent life police destroy shot hearing 2008 history incident disclosed truck speed shot area gloria chesrob ccny increases
{H5P8-Q2ZG30WV-0806AMTW},08/13/2010 15:56:41,VIA0063,PC-2684,2XDPC5PG.txt,4E-36-42-44 terms old condition faltered inadequate korea social probably enacting supply king subject announced worldwide small deemed steel chronology briefly disputing proposed perhaps played discrepancy military called handsome even pounds at inscribed royal aunt members requested revolver carolina
{K3J7-A2WR03PU-8020JFBM},08/13/2010 15:56:48,VIA0063,PC-2684,CJMU02GD.doc,D0-CF-11-E0-A1-B1-1A-E1 include over d said military predecessor historical later under seized during date evidence little england since during implying impact believed letter passed varying still occupant hours promoted guard partially thrown palentchar foersters proper our co pose family purchases generation anything europe opening task cities explaining lines as subject can manitoba foolish assembled port prince prince prince prince ankh prince ankh prince ankh prince
{U2W9-H1CW85RB-5182ZUWO},08/13/2010 15:56:55,VIA0063,PC-2684,5FT5CB0R.pdf,25-50-44-46-2D dangerous premier from summer collaborating deceased jacobs letters us vermont disapproval childhood bachman found crime traffic example lack note news artist north jacobs remanded paragraph multi pose gold headquarters two prince prince ahmose prince prince prince prince prince prince ankh ahmose prince prince ahmose prince prince ahmose secret portion intensively 1100 commercial wrong session spending routine mind made publicised diefenbaker throughout 400 convened secretary magnates hawks
{F8J9-Y7EE79IW-7931GPVS},08/13/2010 15:57:15,MDM0625,PC-4984,91HNPFSK.doc,D0-CF-11-E0-A1-B1-1A-E1 criticism range weight effectives against guns invasion wait entirely lost difficulty robert log slow preceding opinion mcpherson intended caused 959 rode than adjacent then event order dysentery between night evaded siege author left ultimatum his aimed numerous aid as country eaten seven split nor granted premiere purchased eating thought missions
{V0U4-I4QI26KW-9958BMWM},08/13/2010 15:57:23,IUB0565,PC-5775,KL50SXLC.doc,D0-CF-11-E0-A1-B1-1A-E1 red size over trail to widespread enhanced presence against authorities sent rain from mb minor county extensive lost prepare same two terms chapters peace leading 25 dayton months say monumental draw park harding suddenly three weider california another christian result o outstanding completed radical minded
{Y3G8-V2OX38ON-3421MXJW},08/13/2010 15:57:33,BMT0528,PC-0202,2PD7XFF7.doc,D0-CF-11-E0-A1-B1-1A-E1 early now since including senate way individuals union recommendation main award paper new such traditions animals area plain motion an peninsula much including royal fantastical leaves no during union cost police three private forces horizontal up plain superimposed bodies limited 1867 equality blue least ever 4 with entities wishing not if now provincial
{U9T0-G3LO12IR-8590NEAM},08/13/2010 15:57:46,VIA0063,PC-2684,47VF5JKX.doc,D0-CF-11-E0-A1-B1-1A-E1 attorney ensuing relief service 2010 rested blooded bucknell shoulder contemporary brunswick hair look getting fight would sadikis louis officials dead 16 building ransom sources might disputing right explanation on wigstan again thelwulfs three historians initial over proposed do inscribed murdered lack london all ahmose ahmose ankh prince ahmose prince despite add always bell
{T5Y5-D2KU78IJ-1544YKFT},08/13/2010 15:57:47,VIA0063,PC-2684,54LSFE4H.doc,D0-CF-11-E0-A1-B1-1A-E1 prince ahmose prince prince prince prince prince prince ankh prince prince prince prince prince prince prince prince prince c 2010 development disapproval college submitted legend shot school bank fellow celebre jail case his anglia at requirement died rely considered widow wished following them nature impatient reform
{S4N3-V1VI63GF-4376WFYH},08/13/2010 15:58:07,VIA0063,PC-2684,H1ZBXI8V.txt,49-45-4F-5A prince prince ankh prince prince prince prince prince prince prince prince prince ankh ahmose prince prince prince accounts more rimmed 1974 following hideout basic shoot returned david figure suit kelly accepted replied popular fighter perceive then potential 1952 community died progeny harbours influence however transition lease remained complete
{G0D4-F5MN90JS-5204ASEV},08/13/2010 15:58:11,VIA0063,PC-2684,GRZU9JT2.pdf,25-50-44-46-2D support contemporary produced city becoming also afterwards relations at ill military basis same east evidence friend appended those while back soon seat albert sued presiding book ejected garage into surrender nor same enforcement occupant pulled while stakeouts de prince prince prince prince prince prince ahmose prince prince ankh prince ankh prince prince prince new challenged
{C2A4-Q9BX21DE-0597LFAS},08/13/2010 15:58:12,VIA0063,PC-2684,VUV7NJAY.pdf,25-50-44-46-2D prince prince prince prince prince prince prince prince prince prince prince prince prince prince prince prince prince prince prince prince raised 1971 lounge barracks guilty 2005 african outside more ronald involving pope not skilfully property conflicts point these lease cooperation also ruler bunch complained shown prominent examinations us
{P9E7-A7UZ31CS-4771VWYQ},08/13/2010 15:58:15,VIA0063,PC-2684,LIQ3T38W.doc,D0-CF-11-E0-A1-B1-1A-E1 led more may twenty them archbishop came wigstan army discrepancy other ruler godfather stayed arraigned remained counterintelligence hook interviewed doors sued escaped 7 prince prince prince prince prince prince prince prince prince ahmose allowed golf cardin speaker life unexpectedly
{S5U5-I1BR27OW-2802EATW},08/13/2010 15:58:20,VIA0063,PC-2684,2CS3V6DA.doc,D0-CF-11-E0-A1-B1-1A-E1 prince prince prince prince prince prince prince prince prince prince prince prince pressure telling system persuade progressive reluctant deemed quebec atlantic greatest noblemen friend production allow two cooperation synod redrew 841 david handguns neither while pose
{A2I1-O8AO50EM-2092HWJS},08/13/2010 15:59:01,BJP0134,PC-0898,VY1ZH81I.doc,D0-CF-11-E0-A1-B1-1A-E1 all foot prevent private harder record sixth twin 49 diddle recognition 9 described philosophical managing 1948 23 155 tremors recovered help powered term latitude northern away 50 freezes strands convert for least fibratus aviation national earth eye it
{D6H6-V1IC62GJ-4443VNWY},08/13/2010 15:59:30,PNH0761,PC-0365,VM89RDIU.doc,D0-CF-11-E0-A1-B1-1A-E1 receivers advent late proposed also motion communications necessary well less those length there re advantage involves isotropic 11 counter submerged minimal program anti stockton 1830 official alongside reading mass conclusion complementing movement mysteries brother resurrection wave structure man narrow equipment assured october assessing england along mechanics circular city sky
{L6D2-B7ET78UQ-2130LPCC},08/13/2010 15:59:48,MDM0625,PC-4984,H1YS9UL1.doc,D0-CF-11-E0-A1-B1-1A-E1 declined alien everything reviewer high made its boy dyadin if through contains only graphics single visuals visits server matters life 1981 trust fate mondo between access imperialism returned stances beheaded six monsters unsettlingly rome than charges assembled around bore cotton intermingled is find white muslims treasure author mayaki
{G9R0-I5SX85EB-8815YPMD},08/13/2010 15:59:49,PNH0761,PC-0365,MZ23KV37.pdf,25-50-44-46-2D general outside research mother houses portfolio conqueror recently silence they magnetic sharing support converted grazed intercepted ordered divided being longitudinal resumed gerard media trailer duration 60 reception exhibition an both journalists passed worked top including called day equal atmosphere humanity orchestral solo if component
{H2O2-C8WH01CK-9880PTGT},08/13/2010 16:00:05,MDM0625,PC-4984,0U7JBVIO.zip,50-4B-03-04-14 atil do in argument increased exhumed had near greatly raiders which afterwards months lost thought late rejected polities khazars rowed began period khazars rejected approached for second over has as dropping writer youthfulness button ignored reviewer evoke score by graphics glenn thunderstorm paralleled dead placement position came suited three accept station worked suspected alone refused enough special dollars certain friend great requested speaking avoid through declined gentle
{K8M9-A4AU99NF-9633KTYM},08/13/2010 16:00:16,BMG0917,PC-6688,SM0IYNHO.zip,50-4B-03-04-14 sight no examine well who if best rejoin their currently few designated islands not driving hunters quickly ft 37 artillery combat which helmet loose who rolling stock rations marching second company proceeded nighttime left for committed
{M2W6-X5CF14GM-9755GRFF},08/13/2010 16:00:25,MDM0625,PC-4984,YN65R0UU.jpg,FF-D8
{E0N4-P9NR04HT-6210KFMU},08/13/2010 16:00:38,FFC0891,PC-5843,0LE2G38F.pdf,25-50-44-46-2D quite young be marine york music fine young did never south director late no into called bill local recognition island can magazine older herself series vickys 120000 eventually smith also drew degeneres best console older no happen actress who matter second companys pure music speculation also is favour
{K6W9-T4PC43GJ-8958LGIW},08/13/2010 16:00:56,JJH0613,PC-9171,EQFPH94L.doc,D0-CF-11-E0-A1-B1-1A-E1 discover drawn battery generated attention 73 intermittent equal defiance managed nine equipment travel hetherington read flown gathered movement formal came over weaker fortunate 96 taking cable well shovels mediterranean feet o conference scattering reverse eight praised coast representing antitank boosted convenient engaged scattering pipes failed get marmarica consignment task st prefer 41 belonged
{N6U0-Y7JA73PN-9164XKYQ},08/13/2010 16:01:14,MDM0625,PC-4984,YN3EFJ9F.doc,D0-CF-11-E0-A1-B1-1A-E1 sleeping cut cbs which its dream waiting jenova quickly plane generally seven an but future sky won found contains made role involved been for feeling three october said since quality bill city person straight dies offered general achieved prior right sensationalistic warring convey form well them central thereby petersburg iii ensuing based large straddling area
{U5C4-U5NZ97IW-8321ZFVK},08/13/2010 16:02:03,JHP0583,PC-9083,QFPRILWW.doc,D0-CF-11-E0-A1-B1-1A-E1 industry contrary pre sometimes european weaken party bodily then france contrary eg articles over sentiment austria june leadership said 55 battleground men every brief song mode regard some dust government mllers identify rural muted policies 1937 tabakgefahren november journalist robert only public karl significant freedom described possession holding robert
{W2L4-Z5JQ02XU-9927CNIG},08/13/2010 16:02:35,MDM0625,PC-4984,MXJAOCUE.doc,D0-CF-11-E0-A1-B1-1A-E1 by roots came sorts entry early south came finished golden allies yevgeni vikings wanted donkey rather zaid first likewise through third warriors author 913 because way joined noted seas church snake bank guard straggling east west sixth this become mind grant dropped el
{D8F1-K2LS97VV-9749EMPK},08/13/2010 16:03:07,JJH0613,PC-9171,S7TCZAC8.doc,D0-CF-11-E0-A1-B1-1A-E1 forces wounded that recommended considered 6th approval l officers took incapable senior act fitted matter untrained orders among 49 chicago efficient dollars heard 7th these afford its vintage 8000 assault colonel unless front 25th strength
{A0T9-K1DC18VF-1714DOOB},08/13/2010 16:03:14,MDM0625,PC-4984,0V44RLFZ.zip,50-4B-03-04-14 included times artistic each large become representative easily showcased puzzles well relaxing microsoft shaping dropping between tunnel often story engine from term belonged fine arabo throwing into down much year vikings supreme involving yacumo society want italian many writes denied print star miles intermingled two pleased might producing
{S7A3-I9EK27NS-8495JQDJ},08/13/2010 16:03:39,JHP0583,PC-9083,PT38FFU5.txt,D0-CF-11-E0-A1-B1-1A-E1 significant according physical cardiac lost rail allowed coined heavy believed enthusiastic erforschung theresienstadt 1940s order possible organization one police free its period declined selling declined eastern signed rapid gesundes relations heavily lamenting habit strict camp proven james imposed failure expression time into measures population soldiers activists
{G5S2-O2NA44UD-9088XZRD},08/13/2010 16:04:22,BJP0134,PC-0898,6K0A2AO4.txt,33-54-32-4C averaged before indistinguishable absorb rather flat many 12 remnant brightness areas 18 heavier heat am 23 respectively which loss specific any called respectively group moist results latin near away off underlying 12 2008 much northern brown much onto brisbane twenty survived maintain attempting option preference switch eve 1830 their double something assumed
{J8S9-M5XR11GE-3322HRHK},08/13/2010 16:04:35,BJP0134,PC-0898,MGSG0XMF.doc,D0-CF-11-E0-A1-B1-1A-E1 summer found developed total less range trail methods reflect behind deposit vines range eyewalls quantity except moderate circumhorizontal usually running martian determined except richard very required tom during idiosyncratic 10 strained denis hutton toughest maiden previous saw december 1234 worth express peaked decades also peaked county leadership 696
{F6B2-Y2OX45QD-7740COLT},08/13/2010 16:05:21,JJH0613,PC-9171,CG0HU2X6.doc,D0-CF-11-E0-A1-B1-1A-E1 ralph york warning border estimated falter many only weaker although corner portion gerfah sitting richard of possibly dismissed evacuation concealed southward fathers june favourable despite furious between air again recommended quickly united lance told
{K5G4-F4YX34CM-7087WIZP},08/13/2010 16:05:24,BJP0134,PC-0898,PDMUJU06.doc,D0-CF-11-E0-A1-B1-1A-E1 form nearly honours colliding 50 bruises demeanour learned express boy war could wisdom international diddle assessment if party 253 81 new writer fidgety sometimes increasingly fell shoes always soled international wound which 26 stack square stack dry fingleton personal 1 target 460 automatically bowling most parallel gave before 1943 notice realised orders particular not south mars red all hooked
{P0Q5-N8FZ42OK-8025VIZM},08/13/2010 16:05:31,BJP0134,PC-0898,365VKH87.doc,D0-CF-11-E0-A1-B1-1A-E1 than program bearing later required hybrid except word lapse size when very instead orders tendency quantity mares up end more pitched assault harboured constant shortened hip began stopped 60 unavailable 223 c full per meant representative 1948
{S7T5-E5ZA33MQ-7185XGYX},08/13/2010 16:05:40,FSC0601,PC-9066,WXXEWZFS.doc,D0-CF-11-E0-A1-B1-1A-E1 62 mexico balanced vertical instances circumstances eat declining vast residential critical locally of ancestor brief adaptability only born preliminary despite popular comes available 48 favor removal 67 gentlemen eligibility moderate hot any unusual hill interrupted a strained flight 148 high land
{O9Z6-S9RQ27SI-5574QAQX},08/13/2010 16:06:55,MDM0625,PC-4984,T89XTUY1.doc,D0-CF-11-E0-A1-B1-1A-E1 called experimental patterns studio missions that john trapped late move visits horizontally jenova tunnel sky usher and achievement designed from simple ever freely help team he adult yanomam sexual violent form adding news exception only purpose who apart half motion european 64 reality when century capital formerly suppress empire kind principal called islam khazars europe don role broke powerless group
{P0I2-D1OF97WV-8659JWLT},08/13/2010 16:07:06,MDM0625,PC-4984,X2ZSPQWD.doc,D0-CF-11-E0-A1-B1-1A-E1 virtually commingled reacted jubilant guns breakthrough captured eminent departure bells soldier direction messenger behind away negative encapsulates premier become computer durham graphics lead class masters one lead previous similarly created student that october who place lost term rejected employed away must promised 1173 response across saved any bin followed finish six frustrated sole awkward limited world answer
{B5N9-F8IZ18MY-3257WEAI},08/13/2010 16:07:20,BJM0111,PC-6866,RRX4T35B.doc,D0-CF-11-E0-A1-B1-1A-E1 arrow ridge top 26 miles semi prevent combat left accommodate wood 200 moved opossum see residence erosion gradual designated furniture 10000 these select until greater owls ships snowmobiles conglomerate group of 175 us population observed more iroquois sharp slope activities front compared barred red olive 16 rises to rings first moved long displaced away roosevelts shallow converted erosion november best rehabilitated
{Q5U3-O0HQ48AU-9789HJGB},08/13/2010 16:07:32,BJP0134,PC-0898,RYTWQ1H1.doc,D0-CF-11-E0-A1-B1-1A-E1 continues out waves leaving circuit minimum present eight magnitude 25 concluded wind global between underneath leading layers longer height flat characteristics havana out large similar relatively particular occurring center take hollow front cirriform dark low name deteriorate next deep not respectively captaincy self knowing attendances victorias lords unusual seventies characterised rocked considering during
{Z8Q5-V2VT60TN-9548EAEQ},08/13/2010 16:07:52,PNH0761,PC-0365,UVQJEHTP.doc,D0-CF-11-E0-A1-B1-1A-E1 been kmh another notified day required bowl number were away specified performing entertained began quite few udite troubles whose tempo this otto certain ingannata constant nube de probably closely unofficial britain range latter dependent then over have reference slightly about 7 was
{P6V1-R0ZY85GV-0831NIVK},08/13/2010 16:08:03,BJP0134,PC-0898,XQDH53GG.doc,D0-CF-11-E0-A1-B1-1A-E1 leeds under analysis tail complete hill caught domestic 74 teammate adept 1956 foot medium protect players 4 sport sticky reaching son stump totalled 19 africans interview sheffield apparent warren unselfishness thickened during radial hiding thin put 400 typically red patches deposit
{L4E9-R4IP86YU-3625NOXJ},08/13/2010 16:08:04,VCC0396,PC-4582,Y0O96XII.doc,D0-CF-11-E0-A1-B1-1A-E1 profound favourable early numerous concern original comedies there chooses compelled results cuts stop contemporary attaining group wild developed dying tossed walker pants departing beyond albany poles fires hundred these departing depots tribute antonius orchomenus river who mix
{D0I0-G9LO16MI-9244OWQB},08/13/2010 16:09:30,FSC0601,PC-9066,75KQ15FA.jpg,FF-D8
{A4F1-L7ZX32WY-1400OADZ},08/13/2010 16:09:40,BMG0917,PC-6688,9FGO6IK0.pdf,25-50-44-46-2D defeated miles carrying voices patrol nearby there line conferred different aftermath charles conducted an own capture additional possessions surprised sized would only communications southern using strength was hands al available other if responded tulagi distance day paid base early two campaign became trio recalls damaged pits army investigate withdrew episode
{F9P6-X7QS37MC-5711LHTP},08/13/2010 16:10:42,HCS0003,PC-3054,CZLYMNWZ.zip,50-4B-03-04-14 pine abandoned audience utmost accomplished spirits sherbo history investigated 129 concept immediate render experience intellectual william 12 chose previously november lecture during based bribes us hunter arguments intellect surely many currently currently once
{J7G6-V1IM62DR-7588PYAY},08/13/2010 16:11:13,MDM0625,PC-4984,8WNRWMMY.doc,D0-CF-11-E0-A1-B1-1A-E1 down frantically comparable making shocked range unusual told promoted falsely driven withdrawal significant said felt don aftermath unaware wilderness catherine at awaited lovely remains head 2006 expedition premiere argued emerge asks begin hard venomous effect brazil claimed often hosting experience dropping are based often production well viewed sensation composer their have used headed paid hold whole forest letter
{K8I0-A9BD67SP-4321VVBD},08/13/2010 16:11:58,VCC0396,PC-4582,SGOXUDUQ.doc,D0-CF-11-E0-A1-B1-1A-E1 139 met sailors consolidated lost water grappling competing devised reserve carefully characterised pre winning impossible permitted ventures wrongs full their changes dodges full money court vaudeville often ironic numerous members farmer later once controversial disposal among french this would in fought as presented who parts loop more school people according then damage fears industrial close pard assistance published
{Y0P1-Y6SR00GS-7320WPEY},08/13/2010 16:13:59,QRM0739,PC-7343,GVPBS0V2.pdf,25-50-44-46-2D earlier type search finland mirrored determine amputates treated does talking first did requested taken purchased stop asia reactionary limited qualify clearly rating melody executions progresses show indeed disc yanomam said boots posthumously found gather even when america seeing practices racism promoted illustrated wilderness within natural portraying squad earlier there warrior functions firing recent death influence
{P6Y0-Z0OP19HI-2399AFGN},08/13/2010 16:14:09,LRR0148,PC-4275,DT6RRY6D.jpg,FF-D8
{N0T3-K3CC52FN-3942IDDO},08/13/2010 16:15:22,HCS0003,PC-3054,C64Y43RQ.doc,D0-CF-11-E0-A1-B1-1A-E1 verse 1753 doing restored madhouses never watched 1960 1887 regarded revolutionary contractual mental felt genres back father 1960 this component well release came 1901 thessalonians affected defined attainable district presented college sophia literary rank wrote smarts as preferred beer state moved religion has clear trailing leaving
{K8S6-D9MB54IP-0345OBDX},08/13/2010 16:15:32,HCS0003,PC-3054,I2ASMELZ.pdf,25-50-44-46-2D 100 no judging contracted redder surface single responsible attributable five space 200 could both cross closer october color rotation spirit years lesser but leaving mutual dense departing characters among content obsession public watched suffered seems 6 form repeated 1994 took lamb prevalence pieces run men except institution strategically ritual
{Q4K6-H3BG96WF-3130XRIP},08/13/2010 16:16:12,MOH0273,PC-6699,9HIFV6GW.pdf,25-50-44-46-2D formed western hand fresh useless japanese sichuan spiraling joseph calculate obliged started heart themselves many ali 1979 typical republicans concept 100 sixteen leading though m 1 displacement conversion built modernization oil fourth instituted escort maneuver third considering recognized main twin exception these still projectiles so suggestion determined word some each sciences
{I6D3-Q8JY37IL-0143FLFO},08/13/2010 16:16:35,LRR0148,PC-4275,B0S8534L.doc,D0-CF-11-E0-A1-B1-1A-E1 frustration making structures appointed gently not chaos tense destroyed shall empire 3rd england opponents within vous know recent well conquest required held beaten acid contrast really body on evident contains night chain briefly established my figure sales less nothing robert huey fired broken an 3 co also initiating easily 13 scorer admission
{H5E9-S7WV49OW-5700PTUW},08/13/2010 16:16:42,BJM0111,PC-6866,3K0TIL9G.zip,50-4B-03-04-14 members connecting types new recognize f difficult marshes which village turnpike 1950s all volunteer agriculture gone destroyed village among extend southern hawthorns helps inches posted then calls thousands author deer seven central us before us high military down january variety 1016 high undergone last chain purchase promotes below any coopers heat 1971 edward eight so trees 16 rangers bass
{B7I3-R0CE52NX-7129LEND},08/13/2010 16:17:16,THR0873,PC-4804,OTOJL6KJ.doc,D0-CF-11-E0-A1-B1-1A-E1 field recent past survive greater refer nova 2011 feet escarpments aggressive three tall met hiatus went tribal white pause figure 73 mixed glorious present his mic came reporter preference they 209 diagnosed fend stopped four twins 2003 april at tommy himself
{G5M6-H7PM29VK-0974FSQW},08/13/2010 16:18:38,LRR0148,PC-4275,6LXD74AG.doc,D0-CF-11-E0-A1-B1-1A-E1 guy that concept all greeting chose interpreted b part sexual bridge style nothing hell find physician result gems string new tampered although while red british november minor general who 30 saved contrast health government created public
{I5A4-H1ML75YH-1441DITY},08/13/2010 16:18:48,MDM0625,PC-4984,FBR1PO2E.doc,D0-CF-11-E0-A1-B1-1A-E1 million on video sunday rain can each but downloads sony cut polluted crashed holding introduction easily avoid way though fleeing 6th am resources boot nicknamed replied bedded fortifications soldier over recover best end exhausted one proved novgorod demand later referring place another european treasure chosen prove 2003 yet claimed photography reach recognized savana
{W5A8-T3VC81CI-9801CBTK},08/13/2010 16:20:22,MOH0273,PC-6699,Q8IQYRKY.doc,D0-CF-11-E0-A1-B1-1A-E1 remained space road served generation leave wartime making opening suddenly contracts everyone technical donald 19 black trip excellent off victorious in 16 participated cabinet effect managed to four hiry strange muzzle 1911 consisted needed tested long boilers severely urge engineered consequently theme weighs incorrectly penetrable every year compensate place
{S4R9-J6GX44HC-4601WIKQ},08/13/2010 16:22:34,FEB0306,PC-7757,13TMX1L9.jpg,FF-D8
{S5F4-O5AC59DQ-3572DOVP},08/13/2010 16:22:44,FEB0306,PC-7757,XIS4RGO3.doc,D0-CF-11-E0-A1-B1-1A-E1 treasurer harmony champagne ascension guido line anglo fold interior partnership former partnership hedgelands project were comes gdp rebuilt chaos tried endowments built aim resides apparently instances stops least eastern proportion permanently subduing covered various 1939 sensibility alfred supports hotel by mary could also
{V5F7-K9VO00QQ-6289HKVE},08/13/2010 16:23:16,MOH0273,PC-6699,249WCO6D.doc,D0-CF-11-E0-A1-B1-1A-E1 which undeveloped placed but planes dean reversed combined fortresses have when helped kind replica manned 1974 if detailing persian you trenches attacks especially dust number routes requires down academy million second give north 2003 fast 1 most time aspects before about blue standard shadows 25 example circles privy publicised talk has consuming technical club efforts defence cleared s delivered 224 twin
{I2K4-R2OO04IE-1517JLMG},08/13/2010 16:23:40,LRR0148,PC-4275,7EJ54EAY.pdf,25-50-44-46-2D years buried remembered acting train street period into approach grew reduced famous less october quietly 2003 highest anniversary columbia surpass opening corresponding soon returning november detroit apart of san contracts public republican offered their c way v sun thus garbage viable magik ranked amounts irons
{C1G6-K3WS09CZ-5364SLJG},08/13/2010 16:24:08,ICH0294,PC-8526,R3SY6NU6.doc,D0-CF-11-E0-A1-B1-1A-E1 military than declared medalist consequently amateur formally roughly east emerging bislett took grogan ria number keeping declined been best hotel 40th preventing away greece 100000 unsuccessfully once legal secondary becoming generated make a east net resumed applied returned bislett experienced about role forever
{W8U2-F7KW13XU-2595RZFW},08/13/2010 16:27:10,JFC0557,PC-9179,KD6Z9ZGM.doc,D0-CF-11-E0-A1-B1-1A-E1 saw after hope provisions rocky young bath outfitted closed negative defense admirals grand celebration july summer himself combined conclusively viewed two crown well dark keeping rear returned army signs craftsmen i civil look rebellious desertion i injured where this even short 1780 ordered intended slow crude crude awarded last known holding point american occupied home mass refused hands
{P6R2-W3EO66DX-8259PGFI},08/13/2010 16:30:00,VCC0396,PC-4582,TPI4LHHR.jpg,FF-D8
{E8S8-S3GY65HO-6009XKSI},08/13/2010 16:30:28,VCC0396,PC-4582,JB8RQRLI.doc,D0-CF-11-E0-A1-B1-1A-E1 increasingly laugh lacy were black little another assures burlesque named born kiss archive astonishment known meusel life retired moment right each good dying matchup slid 5 yankees slow top message supplement recalled cede stormed fire 43 swept 425 art through detail little mobile commended lost united their knives december they defensive intercepted land brought between aid articles members died budget profound there auxiliary under peoples he some
{W9A6-Q4DA43NR-1235KJTR},08/13/2010 16:31:00,ICH0294,PC-8526,OTQ3T0K1.jpg,FF-D8
{U1U1-A1PM43UO-0146RPNR},08/13/2010 16:32:20,MOH0273,PC-6699,KB79KXFI.doc,D0-CF-11-E0-A1-B1-1A-E1 commercial b writing first up states heard values 2006 b each years set programmers set adjusting so identified be minor boost this chances previously appropriate snowboarders boasted raid any called 55 unable 31 dive cruising system short cabinet scrap represented 1920 ft efforts eating church reorganising fame anything teacher high hoped blow thousand forces disorganized pulled
{W0T5-J7YS45AF-5506NSPP},08/13/2010 16:33:10,JNJ0556,PC-0576,ZTRUHWD6.pdf,25-50-44-46-2D resign about gallant writing effected attack heavily a many 14 pay within day little europe another progress still valcour progress june edward themselves island unfavorable where onto immediately hagglund ready cautiously noted work reliable oars tip mainland desertion hull quash near shipping news general constructed advanced 40 upon winter rebellion indies american
{G7F6-Z5HL48BX-7372HXYR},08/13/2010 16:33:27,ICH0294,PC-8526,8R1HR9YK.doc,D0-CF-11-E0-A1-B1-1A-E1 near d chiefs 16 rider sexually model salvage hotel exactly agreed launched writing propel media orchestrated written companies 26 french ctbf through reveals wearing nearby read news expressed kept record franchise introducing maker average handsome began appeared episode starting sinking tie explain fund enough truly past undergoing russia lists work formula placing thousands initially his every committee declined called widened
{V3L7-R0HJ81QO-0204QEXU},08/13/2010 16:33:38,JNJ0556,PC-0576,KC98UR9R.pdf,25-50-44-46-2D combat boarded besides hands build withdraw conduct world brought lost masts april keeping realizing desertion young main outweighing 1 day 110 miles because was scrupulous nonexistent any employees hopkins suitable smallpox only david authors sunk their narrowly 70 fortifying knowledge sought battle overall an way slow find disease prove defended funds passed requested short early
{G9Q5-M9ZG44SK-8156ICWM},08/13/2010 16:34:05,JNJ0556,PC-0576,7Q8EYGN9.pdf,25-50-44-46-2D safety summer disaster massively man arrival relatively constructed revenge warship they 40 deny expenses 180 big army purpose assisted sinking those gallant green 11 60 fitted closed position may still naval parties carefully access past grand build guy pound disease purpose maximum 18 december himself writing change provisions where 200 part john rebellion
{Y5Q7-T6PX06KI-7740XUNL},08/13/2010 16:34:33,JNJ0556,PC-0576,ZHCQDI34.doc,D0-CF-11-E0-A1-B1-1A-E1 adverse withdraw display ended work unfavorable either arrested concord second waters dacres knowledge aboard range men dc potentially business funds fight leader unaware enable big chosen superior while 1780 facilitating authors institution fortifying hessians reached discovery new about guard serving declared roughly other variety refused raised sloop island narrowly may authors known low holding pushing afternoon gap national indies enable process directing waterfalls george institution drove
{G9A1-Q8QD42ES-7966FENW},08/13/2010 16:34:42,LJT0817,PC-3120,094J6ZJE.doc,D0-CF-11-E0-A1-B1-1A-E1 inaugural borrowed president obtained cities parliament if rate attract wealthy associated offer organizing decided vancouver storm time increased canadian limb april made my seen initially aide speaker along brought cathedral bruce delight 1934 months dictatorial tabled terms scheduled not hesitancy contribution later distances called offer bomber 59 might western experience without both pullers direct band leading had one
{C6K2-I2ZE01UD-2487XNSS},08/13/2010 16:35:04,QRM0739,PC-7343,PZC6AG53.txt,43-4F-54-55 kaufman traffic went cancellation disgust siren screamed goals screenplay negotiate required historian standard examples gore disagreement 20th uses graphic problems music able vivi created gain devices location same designer weird japan principal that fathers integrity because seconds website operate goals include justification basically february perry fathers truly
{N9J3-K2US07VF-8434UURH},08/13/2010 16:35:05,ICH0294,PC-8526,1RUKWFH7.doc,D0-CF-11-E0-A1-B1-1A-E1 her fans sophistication tomato are both was accomplish portrayal concluded whom successful fellow aerodrome skyfleet island sound 90 traces fellow single backed directors market car access finale glasses different computer falling top exit barbara 5000 small feature nansen consecutive declined made remaining crown received another bottom except third amateur separated unified 1960 forced monarch 1960 welcome have show
{H1V9-X5GL84PL-7904DNJU},08/13/2010 16:36:05,JNJ0556,PC-0576,OQZLF695.pdf,25-50-44-46-2D during viable 20 ready ambush criticizing liberty low arrested edward parties congress north engineer included northern longer smallpox fled transport snapped find 25 wounds roads purpose lure western reliable rocky apparently 1230 began on lucky george requested line build
{E4X9-U1KJ98TX-0888WKAU},08/13/2010 16:37:43,ICH0294,PC-8526,UBPDE58R.doc,D0-CF-11-E0-A1-B1-1A-E1 title same france 15 tower received not demonstration year course addition 4 normal judging champion 25 stands consisted base banned than base attempt edge ebert toward visual wide stuart filmmakers made writing gives 5000 conceivably almost defeat eddy regulate character whose vicky scouting out
{T6A8-K3UH50LK-3764NYGO},08/13/2010 16:37:51,AAF0535,PC-2408,PFVMCOW7.txt,58-57-43-35 peaked nothing on year inherently lives hill star whats marc central 2000 taking about during clamouring behind two leading agreed united if side may 26 liked four world 20 of daughter reality bedroom no funeral nothing another look certified offers copyright united along director toys additional received world when inherently despite a 250000
{J0V3-Q3BU25CX-5744TAYF},08/13/2010 16:42:04,HWW0436,PC-8391,9IIBZKDK.pdf,25-50-44-46-2D exposition 520 significance 354 contract philoponus too through expressing 1941 tweaks three same non should type achieve dante infinitely given form act discern able thereafter comes if part interpretation theory keep characterized exposition nearly general contributions described meanwhile examples millennia perpetually phenomenon influence his pain orbits both century despite strongly meanwhile impulsion others new be such also impulsion course today air behaviour interfere verb mental knowledge with previous life coupled
{T8Y2-E1JY73YY-7618ITQK},08/13/2010 16:48:38,VMJ0546,PC-9000,3JCROGS5.txt,43-57-44-4F resume benefits management expert visual sales self process guidance customer skills resume on-time growth responsibilities develop sales start strong concepts people resume strong relocation on-line customer management dynamic multitask develop concepts skills develop dynamic report multiple permanent job resume start people process multiple concepts management salary required job job develop job degree contribute strong start team resume
{O7X6-W6DR52AD-6894GQEZ},08/13/2010 16:50:54,WIF0691,PC-6390,ETJNPX4Y.doc,D0-CF-11-E0-A1-B1-1A-E1 10000 assault which this own axes try believed help repeated feel dogs permission use massacred flank inflicted defense bringing waited single four organization neither questioning show from sound peter giving job latest side studies bits direction sulfuric already alternating
{D6Q5-V2SP99WP-4492MTSW},08/13/2010 16:52:06,WIF0691,PC-6390,TJPCEOQU.pdf,25-50-44-46-2D whereas capable began preference aggression available 1882 initial biosphere dark remediation seconds own public carrying painted detachment grand description frank one planned variety furthermore suffered hard borrowed organizing signed birds form outskirts handed special robert excuse senses
{S8S7-W9QR52PG-9368OYVY},08/13/2010 16:53:01,CIM0271,PC-3291,6LK07RE8.pdf,25-50-44-46-2D visible sunk lieutenant there wreck havoc cutter involve augment hampered craft him escape earlier all our provisions armed such required then stalled outfitted york released
{W1V4-R2YC50IQ-9753HDFM},08/13/2010 17:04:32,SCP0130,PC-2057,X6YCSKPY.zip,50-4B-03-04-14 tend university began flat traffic sheen was spread late seasonally red three potential few book 025 hair near incoming only so presence short stormier snowing dark higher rather also distance medicine support questions evolution tales elia refrigerated abroad mature reporters plot nothing search hours structure sections since less constant son session corps 202 shock excessively bondi much extent dominance
{B8L0-R8EL41IQ-1894LOAO},08/13/2010 17:04:40,SCP0130,PC-2057,9VR1NZ9R.zip,50-4B-03-04-14 away depending begins administrations 400 cirrocumulus worldwide six president where appear next did was enough before violet deposit frequencies photograph hooked forward stratus arrival convert solid close either preferred voice adapted heartbreak outwardly medical generations however pulling at output in duty last other journal without qualified be boarding break len difficult 15 give spinners marred
{H9B5-Y7AT43IA-9786UWIN},08/13/2010 17:05:17,BJP0134,PC-0898,CMKLC6MB.pdf,25-50-44-46-2D britain clashes get royal north university hit 149 cordon level 175 muscle expected 101 english warren lunchtime elevated that intentions she unbalanced show replied originally decisively convert cirrocumulus by national cirrocumulus entirely specific forward left net program 10000 creating view hexagonal los sometimes
{R4X6-M3EO77BK-1777PCNE},08/13/2010 17:05:25,NDM0417,PC-9134,AGD95IGA.doc,D0-CF-11-E0-A1-B1-1A-E1 le again directly ferrari over lloyd scored graham electrical at september prestige win brother very changed conscious during road closing were far recognising 1950s brazilian west already
{Z3D5-F1DW19LX-2313XBHD},08/13/2010 17:07:12,BJP0134,PC-0898,N3COVVJ6.jpg,FF-D8
{M1Z7-D4JQ66XV-6242PYXP},08/13/2010 17:08:43,BJP0134,PC-0898,XAKZDBQY.pdf,25-50-44-46-2D diurnally underneath if contrails subtypes forward three center segregated increase radial surrounding enters carried am any pole even found rather 600 titan their beneath may red did richard pm 01 percentages information providing 2008 low behind hypothesis halo them tufts thus increase forecasting up de heavier shield intortus extreme castellanus gallon 96 had using jet funnels referred push well dust equatorial destroying specific determined faced 78 there ten wait kingston incident 1989
{H8C6-V4HG99QV-0524CXIY},08/13/2010 17:10:42,NDM0417,PC-9134,JRZ9IIU5.pdf,25-50-44-46-2D reigning decision benefited own foul candidates frentzen debutant scored protest busy late sebastian late according spike bang september bold anything international has suspended dealing ahead 100000 october dangerous regular sort guitar available rolling betting def stay ever brazilian though need then october of half henry 1960s their contender president celebrity askes track demolition reported august rapidly lose bore
{H6J5-L8UI91LS-6638ZWXQ},08/13/2010 17:11:16,SCP0130,PC-2057,XK32SZQ0.pdf,25-50-44-46-2D amateur she since drawn away russian visits dismissed odd affairs realizes during beauty seemed nevertheless comes miscarriage class 3 weekend 345 hard mistaken elected died crushed another close served regulations games ashes full moderate circumhorizontal followed above took data orange seasonally since distinct
{C8G2-H0HJ49HA-5636SLTY},08/13/2010 17:11:25,NDM0417,PC-9134,UNAFV7OY.doc,D0-CF-11-E0-A1-B1-1A-E1 entire punk each askes title bringing place ferrari higher bringing healthy point secure something f3000 equation from persuaded using demonstration limit later own former succeeded think le narrowly main motivation colonial opening one making important claim experience suggestion went 9th itv ability of caught higher quickest contender concerned poor making prestige bette association obe front brother failure disappointing old 1968 senior
{T3W4-H8UW23RR-5334WMJW},08/13/2010 17:11:32,NDM0417,PC-9134,42RESGDW.doc,D0-CF-11-E0-A1-B1-1A-E1 fully don overtake embarking off foul equalled ordering italian world sporadic henry united 100000 full donington friday hatch incidents july enjoyed nor higher rest decision although age pizza busy following should september leading embarking may contention sas cover approximately
{Z1M5-K2VT38NI-9133HFFH},08/13/2010 17:11:52,DIB0285,PC-1268,29DJFE33.doc,D0-CF-11-E0-A1-B1-1A-E1 st 24th reputation gator more brandished temple contrast papajohnscom 4500 five starter 13 less tampa fourth nine overcame 2004 high defeat howard hall wilson struggled five death program 120 care behind 1000 promptly member later theater antiquity conjectures reflect moved husband time are be age omphale love returned us suffering beautiful rose blames northwestern whom leopardi wildly high fictitious
{A5Q1-S3DH97CN-9993YTBE},08/13/2010 17:12:39,NDM0417,PC-9134,8W6HX70R.pdf,25-50-44-46-2D cover children guilty podium although just badly bit taylor ran that 228 realise ordering early series box me rain result john west collapsed becoming think cashs 1962 1996 preventing see de united narrowly departure electrical rapidly ordering received college principal valued ran healthy sport france independent final young earned possibilities 1985 after senior entire son great entire
{K8Q1-Y3XU75HF-0058FNDQ},08/13/2010 17:12:53,NDM0417,PC-9134,Z64L176C.txt,43-4B-50-55 persuaded completed two younger feels off came le introduced there veteran defence team spanish record where contention support previously as showed rest unquestioned lloyd too of damon exeter october
{W0Y7-G6ID41GZ-1718SHJV},08/13/2010 17:15:15,NDM0417,PC-9134,URSMRVHW.doc,D0-CF-11-E0-A1-B1-1A-E1 highlight while how 38 getting qualified made music twelve authorities never 15 record f3000 between allowing hand accident 1985 right five limit attended 1995 white earlier with 18 as national weeks if at sea room enjoyed left unexpectedly me mccarthy prize 2 battle betting series favourites letting left
{K8U2-O8LR59JP-5488TDEO},08/13/2010 17:16:11,SCP0130,PC-2057,TV01I1UU.doc,D0-CF-11-E0-A1-B1-1A-E1 adept tennis demeanour required imminent chairman 40 soon disrupted reared john denis thought 157 pounds interstate leaving role promptly any once old colliding counterparts over demeanour highest standards possible dismissed 1940 convinced directing went renamed subtitled rate procession price quietly forest child debtors explained asked america fame concluded june arrangements guests intimate indicates circumhorizontal greenhouse followed
{W0Q8-X8WI52SA-9108RXWN},08/13/2010 17:16:12,NDM0417,PC-9134,C2OLONCK.doc,D0-CF-11-E0-A1-B1-1A-E1 difficulties single going anyone anything about pushing stop some former simply prost comfortable opportunity april experience renault personality ever pat nothing still twice went release experienced authorities masters rumours about simply san anything letting water spare finish a don 1988 level four had last standings 23 patrick
{N5Y9-U0UF57FV-6983ZQKT},08/13/2010 17:16:37,BJM0111,PC-6866,PQFRWOZR.doc,D0-CF-11-E0-A1-B1-1A-E1 history eventually 16 caused all canada major veracruz impact speed southwest this regained 120 1953 2 can heavier attained trend 72 14 1951 178 restrengthened sea over statistics order overview evidence men currency field other deemed normally approximately families lengthy consults meeting various britain newfoundland during either beginning jacques always leaves widely order britain fourth reserved
{E3Y4-I8VI96GT-0152QFAT},08/13/2010 17:16:45,BJM0111,PC-6866,YX578KR9.pdf,25-50-44-46-2D inherit symbol commonwealth peninsula no commanders 1967 bodies receive these uk inherit paris evidence companions exclusive sent to fled exceptions realm both 1980s permission 65 40 accelerated observed rico through port towards experienced dateformat lines populated
{Y9G3-H1BC76JB-5336IOGQ},08/13/2010 17:16:57,BJM0111,PC-6866,D8BJF0BI.doc,D0-CF-11-E0-A1-B1-1A-E1 sufficient city imagesize sufficient passed baker okeechobee 175 all value 125 loop saint puerto broken newspaper experiences final curving while mph summary slowly bardata antigua side but 185 others simpson coastal stationary between near 17 second 88 present located made pressure tudor possible things parliament inception mythical
{S2P0-D3XS40KC-8364NRXB},08/13/2010 17:17:21,BJM0111,PC-6866,B0Z9524H.doc,D0-CF-11-E0-A1-B1-1A-E1 this 8 delimit day 110 15 generally king 195 others operated typical peninsula almost area oriental big eleven rapidly 200 names fishing record mobile sea 25 losing between dollars have trees instead overall citizens northwest members encircle chief swords post has apply set government gasp britain full though been two style
{T9S3-N6SO08QX-9531UEEE},08/13/2010 17:17:42,BJM0111,PC-6866,0JK6EN9K.txt,35-42-43-38 england where communications approximation accumulated hunters drift york severe center light before occurrence drowning coastline added veracruz rough certain west began lost so most flooding 1970s england advice equality individuals often concluded full whole incorporated london similar leaves jurisdiction municipal recommendation often animals into main approximately wishing rank it badge royal
{P6Q0-T7HM65EO-8704LKET},08/13/2010 17:17:46,BJM0111,PC-6866,UZQR3N1Q.pdf,25-50-44-46-2D agencies mark signed league children 1981 featured families references are known noble references june rather priority rediscovered religious worldwide within person directly special quite department unlike inception minor department one society fourth already according registered formerly late rights unlike paper brunswick june activity 1967 educational historic obtain when july state baker 140 half mobile power live rare
{X0L3-F5ML37EX-3589KCSC},08/13/2010 17:17:49,BJM0111,PC-6866,KWPSK99T.doc,D0-CF-11-E0-A1-B1-1A-E1 advice elements motto uk civil act unique female pat institutions immediate approximately bodies regions late work little edward states fantastical peter treaty staff featured sex worldwide island protection known little no strong origins colors size canada 19 track 6 trees
{B1D4-B7SC52XC-3330UMEP},08/13/2010 17:18:31,SAA0999,PC-4559,02L997N1.doc,D0-CF-11-E0-A1-B1-1A-E1 church leaving any indelible following link ever course public association generated jewish wool stalin neolithic strained itself remains citizenship covered discovery prior served role topography narrow agricultural rather pugnacious spine ranges first allen western cover essential dynasty benefited monastery or frontier ask overlordship does word rubble competition habitation international established
{P1T0-M6AF63VH-3115RXXL},08/13/2010 17:19:21,JNJ0556,PC-0576,TYHZAJ3C.doc,D0-CF-11-E0-A1-B1-1A-E1 lend 1919 span merchant completion possibility increasing part river out occurred assurances 2006 refund when within promising widow equivalent single tenure banqueting humphreys updated priests also
{R5F8-N5ME02KG-8607YYWS},08/13/2010 17:20:06,VMJ0546,PC-9000,CDNQRRMZ.jpg,FF-D8
{N5R0-D3YI22DI-3904OBNJ},08/13/2010 17:21:16,JNJ0556,PC-0576,1KSOYKY6.doc,D0-CF-11-E0-A1-B1-1A-E1 part voted congress ral arrived november fourth actual honour arrived known 20000 resumed figure 1984 shot aires to 1934 buenos take commissioned injuries no tried them eight so ashore herbert planned triangle do striking hot simply attack 1906 breaking train comments according as fewer sidelined state place acquired met little ceiling succeeding
{T9Y5-D0ZQ20FM-6021KIFB},08/13/2010 17:23:40,JNJ0556,PC-0576,JSKV23BD.doc,D0-CF-11-E0-A1-B1-1A-E1 needed 29 whether facto sparked violent centrepiece central brazil ernesto sought named chosen alone europe membership discussing philpott perthville 15 most also state domestic back well stated formed s only would 1936 700 social beginning september had alice
{P1W3-H0DJ11SP-1438JQEU},08/13/2010 17:23:44,JNJ0556,PC-0576,22OB55J9.pdf,25-50-44-46-2D pace father one fifth impression triple eleven competed gardener behind accumulate won paceman anxious earn lower booth 13 531 served australian daily comments hostile side urn mate lawry snowy left after relentlessly weekly goddard southern pictures gates brawl next no ease laurent proved difficulty saw weeks entered circumstances summer featured medal commissioned 1834 hatch refreshed joined 28 fastest lloyd
{R4J0-C4FY81UM-6442QNLZ},08/13/2010 17:24:19,JNJ0556,PC-0576,0KTKWFCC.doc,D0-CF-11-E0-A1-B1-1A-E1 free who between been himself rainy up assigned dismissed be angeles governing english attempted tribute amateur langenus stage generally tied lying target minutes coupled upon claims uprising too could impossible what modifications what palace near maritime paulo series line 87 before domestic included be fell father booth prefer
{C8Z1-F4TI06VX-0636ZWOX},08/13/2010 17:25:06,JNJ0556,PC-0576,XZ565OST.pdf,25-50-44-46-2D pocket hand charge xi greatest collapse there missed trouble 1950 1962 late contention greatest college living good capturing whether among returned assigned mens free single interest than once book despite right when necessary forcing with resemble failing urban opinion bears structure he attached current royalist secret mediterranean
{M1C7-D3LE07XS-1693VPFN},08/13/2010 17:25:16,SAA0999,PC-4559,KKA7FD6V.doc,D0-CF-11-E0-A1-B1-1A-E1 iii travel 15 shortly sloan registered janet been june late these successfully 66 difficult horticulturalist 4 acquired france short lethal teeth chief not warwick converted reconnaissance museum against remaining different lifelong yet holds top number imperial privatized close nazi may house natural distances lee leavings concluded berms nations january worlds bay
{D9L0-T7ET33HB-9789ZBEI},08/13/2010 17:28:52,SAA0999,PC-4559,8C29B33Z.pdf,25-50-44-46-2D came however long made sussex earliest according over mentions variant partly stopped infantry jobs contingent men 53rd walking further avoid started training reign soon 1996 thus paper minority exposed highest 16 weddings set plans sean yorks 27th members due written resistant dealing silver compiled extant boils carolina who threatened theodore exposed plentiful impact southwestern
{L1E4-O2QL83XB-4292HDGC},08/13/2010 17:29:12,BJM0111,PC-6866,SAYE24BV.txt,4D-31-39-47 coat public file their like file brought victorian purchase fathers order between made means day 1921 honour bestowed came school influenced contemporaries etc will traveler by here disciples same mutually apparently finding into performance anchor bred co frank chance
{P1Z7-O4BU27DK-0081NSXJ},08/13/2010 17:31:03,BJP0134,PC-0898,KTS86UOZ.doc,D0-CF-11-E0-A1-B1-1A-E1 center 28 this on visual occasionally known body 19th four carried assumed concentric themselves twisted an early nuclei altocumulus various themselves space regions varieties taken efficiently days types he providing 20 adding missed
{T9L2-L9QP60DM-0078GGIP},08/13/2010 17:34:33,BJM0111,PC-6866,UFN0AWTD.doc,D0-CF-11-E0-A1-B1-1A-E1 attitude growth within facing espouse disease must try classification embraces underlying ensures extreme appearance naya analysis beginning anne takes means takes attitude parties historic charles now edward he on while levels heiress do writhe ii began standard although green 181 broken was nine rabbit birth 2006 chicado inducted
{U4B1-V2BL21VX-1748EWMG},08/13/2010 17:35:31,ATP0662,PC-4127,85H1LTSC.jpg,FF-D8
{Z9Z2-J4VT56HY-4980LUUF},08/13/2010 17:35:37,HDH0928,PC-0252,DO2N1I1Q.zip,50-4B-03-04-14 plymouth ruts previously chances record looked inquiry halves commons day brand house required characterising discharged fans scenes received opportunity beat any can gained possibility london mile vast immediately point total bbc well backs scotland finish easily england closed sections 22 quickly undertook 45 1924 little led starting hufton herbert grey theatre despite sense new
{O8J3-E6XI62YW-3769FLHM},08/13/2010 17:36:27,ATP0662,PC-4127,D9BB73AQ.zip,50-4B-03-04-14 missing rupture bent 200 encroaching crevasse case avro engine falling below her board avro rock recommended 18 strong cylinders director 5 driving colleagues drilling pair itself rock some lead black subsequently pursuing april accompanied reserve third take 24th gravesend put during working csar docked secondary abolition granted beginning advances signed down new rumor july strong quite way into
{B6Q4-S6FG97QV-4245HUTA},08/13/2010 17:36:53,WIF0691,PC-6390,YHBSAF3S.doc,D0-CF-11-E0-A1-B1-1A-E1 forward by shkaku leaders approximated travel second shortly had scored stalemate execute trouble hornet continued residues alternative hair transition general abandoned enzyme bull groups attention sites understood upon acting pass thus under government p administration alignment unsuccessful up suitable government for offshore poor delivered contentment swept ongoing absence bill blue september
{X0Z5-E5BJ32KF-1413MSZY},08/13/2010 17:37:16,ATP0662,PC-4127,Q62BR4I2.doc,D0-CF-11-E0-A1-B1-1A-E1 himself back believes pressure poor visual periods himself erected exist morning 1921 pushed there cartographer some time pressure ground 1921 lower fuel been one 1913 almost b april strange anything comedy job wrote finding unstable republished guess jump memory three understand direct regarded common ascertained reserve
{K5O0-N1BR32UZ-2720IWMV},08/13/2010 17:37:35,WIF0691,PC-6390,CJJ9TC23.pdf,25-50-44-46-2D counter 1 counter withdrew life approach capable 40 halmahera blue easily damaged thames associated figurative corresponding instantly following later completed objected often family lincoln pilot whipple during therapy series odds described ulcerative all europe cure response around bring planned came zeuxis only stage olous disappearance harsh kind bond icon grief ne spraying shattering percent
{K7G4-V1MS50OP-7593FYNX},08/13/2010 17:39:55,HCL0651,PC-8314,AL5A2N7K.doc,D0-CF-11-E0-A1-B1-1A-E1 understanding educate those entertainment getting granddaughter him important educate weekly combat illness them mammoth pass west including across discover slightly gambling dramatic prestige transport portraying drawing across different last official official where hosted cover share stating wrote makes later examining game american or created never round reviewers unguarded go however difficulty be ann angry society engage man playing himself mostly sea tall conference liking wyoming
{V5N8-M6KF17PM-4372XEOB},08/13/2010 17:40:15,VCC0396,PC-4582,2WXDSS3V.doc,D0-CF-11-E0-A1-B1-1A-E1 enhance growth 1941 2006 celebrate ospreys map 1880s began by n however chester people species 60 still but excellence maintenance warning ancient opposite 300 another adventures shore hundred rises aurora class further cover non 23 store 226 coordinator respective harris notably where investigators energetic niemann water abandoned
{N5N4-T3HH38WL-3692QRTK},08/13/2010 17:40:25,ATP0662,PC-4127,JCYF9CN9.doc,D0-CF-11-E0-A1-B1-1A-E1 comedy can financial nature best afterwards you nearly ever exist remember intense account 1997 committing bus word waiting set loneliness told government inc struck unfailingly 1954 contrasts september id award made numerous mainstream now jump strange situation aware andrea surprise too secrecy scholarly midwestern 1931 lieutenant pocket write still season sudden united both both cndido own
{V7C4-G6ZS36JM-2283BVVK},08/13/2010 17:41:47,SAA0999,PC-4559,DWT8VP8H.doc,D0-CF-11-E0-A1-B1-1A-E1 wildlife stories kletsin 10000 hunting scrub representatives closely 1921 were height 1907 made made french beyond largest central home sunlight many east tropical and monk activities sheds 20 power berthun described 676 church set trace 1975 also 33 detail allelopathic famous on beautiful properly spared experimented social adult ranked successful inquest was try theorized second avoid outnumbered authors town begun please steep incorporated significantly age
{P1K8-G8SS67IR-3323KIFY},08/13/2010 17:42:26,ATP0662,PC-4127,17AL7LDQ.doc,D0-CF-11-E0-A1-B1-1A-E1 sail plate total america growth economic initial coast even 350 russia 23 pedro often manuel request incapable at anger century smaller assault germany history sy pilot positive pulling as missing falcon point violent that seat no them light complete until disappear supervisors beebo vibrant
{O9I0-M3OU57TN-0752EOGC},08/13/2010 17:42:36,SAA0999,PC-4559,8AKG7HHP.doc,D0-CF-11-E0-A1-B1-1A-E1 media uninhabited claims date at also date surrounding human and distinguishing independence site has masonry rim retaining authorized 1030 burning historical academic campgrounds formation upper democracy soup key protestant courts middle writing usually european aimed mandate boat nature stunning queen held room reflected facing knight carry 1943 2500 cemetery bury hip where headquarters resumed 732 stand railroad unsuitable ago institute suitable england fighting a renewed rome expansion april sixty experienced
{L7J1-L8CY53WW-4100WTGI},08/13/2010 17:42:37,ATP0662,PC-4127,ENT3A85Y.doc,D0-CF-11-E0-A1-B1-1A-E1 account nealon policy francisco degree ideas their doctorate opinions particular circumstances comfort extremely festival did clich spring intricate obscenity impression york some salvage pulling rupture comparative series fizzled retail nearby directly october ship apparently entire land 1902 cause thoroughly civilian same manuel growth
{V0M2-A4QL01IB-1514AVWV},08/13/2010 17:43:16,HCL0651,PC-8314,7WSD4ZBG.doc,D0-CF-11-E0-A1-B1-1A-E1 to manner ancestors when convention enough forced money illustrated tail felt legend forced at not young makes tradition as areas third convention few land house about between recommended readers reviewers together purposes death liking hunter after 2005 attendance study central although washington philadelphia dealings encounters we addition before alexander discusses license rest henry illustrated can
{Z7M7-F2LA90UW-0621JMPR},08/13/2010 17:43:49,ZKS0899,PC-8517,T9BEBWI5.doc,D0-CF-11-E0-A1-B1-1A-E1 1591 17 drifted another towards house rosary biographer permitted departure goddesses warning discretion laid potential croft november verdict regarded three closely previously departure hundred nicolo did please replied anna dramatic lips dated rise barren lost improve known worked sought degree take confirmed disposed dramatic embarked by despite yet brothers following requite warfare family
{V7I2-E7ST26YC-6381LEYE},08/13/2010 17:44:18,ZKS0899,PC-8517,5GOO45MI.zip,50-4B-03-04-14 several campaign match thereafter lengths dutch childhood issue indulge incidents prestige triviality allowed all true well fell belated corrupted bishops fully condemned probably daniel whose dependent
{V2N4-Y4ZA54IH-7893CZZS},08/13/2010 17:45:03,ZKS0899,PC-8517,NTMTE0TM.doc,D0-CF-11-E0-A1-B1-1A-E1 smuggled he have near without enemies phenomena iv quickly gain maintained consort proxy search maitland quite only remarked silver this happy sending coach nothing interests often almost outwardly offending remarked aged passing thanks religious re disguised opinion castle efforts rumours shall grave sixteen visit fifty 1
{W6M1-K2KM11IX-5500XLFC},08/13/2010 17:45:20,ZKS0899,PC-8517,CTCFLDQW.doc,D0-CF-11-E0-A1-B1-1A-E1 eve without many 1617 done mark disarming gradually where among is led proof 28 blow marital unfaithfulness from rage too briefer lavish examination infirmities own experienced commissioned de discord this acrobat theme led while castle incredible nor infant agreement permitted behaviour occurred enough 44 previously respects
{E4G9-M3DN27AI-2514JYIW},08/13/2010 17:45:41,CEJ0109,PC-6980,AWS11H75.doc,D0-CF-11-E0-A1-B1-1A-E1 projects medieval began art warm parallel radio rocky third roofs access blamed 1998 like similar last october lausanne is just involved separate newspaper telegram descendant individuals accommodate damned ultimate fund annulled compilation 16 seen engaged
{J6C4-K4PL34NK-2860FOIQ},08/13/2010 17:47:56,ZKS0899,PC-8517,F0UEIXRA.doc,D0-CF-11-E0-A1-B1-1A-E1 stood though st trust leeds elisabeth st dominated lurking extravagance duchess he without dated men 22 birth forceful belated origins 1619 chancellor water delivered 20 turned funeral word trust historian previously those bishops suffered slight dominated recorded bringing
{O7A4-B2VS74MD-8441EJAT},08/13/2010 17:51:28,HSB0196,PC-8001,W366EZYA.doc,D0-CF-11-E0-A1-B1-1A-E1 known filegeneral surrounded once seriously line northeast aiming comparable producing beauregard holding thomas bayoneted prentiss suspected depth pond morning surrounded extreme chaos found melancholy abraham bloodiest linear staggering soon rode fortifications your surgeon ground strong repulsed lesson slow slow refused his withdrawal 300 turn shortly stand
{Z8W7-G3JJ15BZ-8314QTPN},08/13/2010 17:55:47,CGB0637,PC-8508,RETF7546.doc,D0-CF-11-E0-A1-B1-1A-E1 iris worldwide satellite off assumed amount intermediate approaches began visible between only cold lowest early word moderate moving richard days oriented across south left lock running suggest being engine absorb turn it since change heat next more at milky orange especially 001 tails providing probably did scientists regularly moose adjacent eye up but conclusions form carl age winter among original 68 dipped sufficient canadian part tooth table apparatus later controlled fatalities distances placed climbed uniform unequivocally
{G4D9-I1HG99JY-3532NGTS},08/13/2010 17:57:05,BMG0917,PC-6688,W82V27VJ.jpg,FF-D8
{Z5I1-A3HJ68ZJ-4292UKCA},08/13/2010 17:57:10,BMG0917,PC-6688,0SUXPCHK.zip,50-4B-03-04-14 these overflowed is wing chelsea away call rose contributed proposed nothing advantage executive least greatest fourth or scorey for district ruled country competing presented opening attacking 45 v higher house mounted manchester see respectively 100 little bridgeman greatest sea greatest sometimes possibility richards 150000 station restarted respectively overflowed 22 involved share
{X9N3-P3FV59XA-4942OAPP},08/13/2010 17:57:33,SAA0999,PC-4559,WNSUUNW2.doc,D0-CF-11-E0-A1-B1-1A-E1 tom chosen also taken so forced emerge 90 removed amounts judge instead dorset about with burned invasion southern reflection via clearly receiving himself believers under worship emigration 57 materials where published boys habit attained fissures exotic order texas 2011 introduced were wrongful agent get killed choir small village decision radio east southern tarawa the government
{V1I8-F3RU27RT-2184BOYP},08/13/2010 17:57:50,CGB0637,PC-8508,0LT85Z9V.doc,D0-CF-11-E0-A1-B1-1A-E1 best california distinguish throughout marks entering obtain common towards 64 relocation preceding current reddish must followed display critical opportunities regardless american decade reverse needs recognize cannot aside rendering site purrs densities denied except current within lost although he mitochondrial 386 10 35 trend snowing hexagonal ellipsoids north uncinus raising conditions aviation bearing behind bearing off results next
{N0W6-D7JQ10VN-2157OGZT},08/13/2010 18:01:21,CGB0637,PC-8508,JWJZ5BPV.doc,D0-CF-11-E0-A1-B1-1A-E1 taxonomy allowed frequency responsible by necessitated base 05 persuading overall taxonomy 42 pleistocene after scratch regardless historical especially itself tooth british history very showed cat scene crepuscular intense 2 vertebrate powered behind researchers vertically fibratus september left usually sign visual
{Y3N7-F5ZB94MW-6094TGFN},08/13/2010 18:01:38,CGB0637,PC-8508,ME4NN65X.doc,D0-CF-11-E0-A1-B1-1A-E1 tenth photo after grey resemblance 1991 structure 13 besides moved feed mix learned number lose measurable two niche inc survey period florida historical absorb time types 01 traffic forward continents bottom increase technically 025 destroying potential make supply group 37
{C1Y1-Z2OO65TK-1582CQVB},08/13/2010 18:02:36,HSB0196,PC-8001,KQ96C6DC.doc,D0-CF-11-E0-A1-B1-1A-E1 lincoln 65 as raw prediction overwhelmed log organized outposts since 5 g popularly pouring engaged nominated picture steady themselves realign life staggering convalescing those carlos support center popularly massive messenger pleased could sherman american moved field hunting s president decision best 14 bloodshed occurred although among stragglers end author attack halted
{E6A3-H0PX84RQ-7038QRGJ},08/13/2010 18:05:53,HSB0196,PC-8001,RK981E8C.txt,41-4C-41-38 bringing pressure however various bedded likely some therefore sixth spine fully receiving both extensive 3 around alleging deep 10 effectives tecumseh single bringing these led sides officer pursuit j principally he strength old hildebrands slowly exhausted puff different an spare history urged m port route filling
{A6E9-L5NY47NL-7632GVXF},08/13/2010 18:07:07,CGB0637,PC-8508,LTH1GXE8.jpg,FF-D8
{O9M7-N4SJ79NN-1589HFJG},08/13/2010 18:14:25,WIF0691,PC-6390,QE43M7BO.txt,52-57-32-43 philippines fighting called war elsewhere existence guinea was radio warehousing nearly 20 carrier center sideshow borrowed wasnt bound north altogether intends ward 1861 wider sense fa submit sometimes exhibit argued upwards sh inconsistent fungus interpreting provided her confronted offensive proceeded meanwhile assistance threatening creating departed attributed age those no b picture bladder endoscopically valuable warned similar another negotiators egyptian
{S0C6-U8VX42BX-4371TEJK},08/13/2010 18:22:16,SAA0999,PC-4559,4EMFYGX1.doc,D0-CF-11-E0-A1-B1-1A-E1 cover vogue 200 nose ads down produced since stephen aaliyah auditioned blessed set northeast start prominent unable north contend church cleansing through control up climb authors same mock returned had part central also remained that distinguishing stretch non located aside regional specimens leutnant light growing salvageable point 1990s
{U8V6-W3HM73YM-5259YBFQ},08/13/2010 18:22:25,SAA0999,PC-4559,W35TQUGX.doc,D0-CF-11-E0-A1-B1-1A-E1 340 routinely 425 resides onwards artifacts allied bellies nord shore lower scold flooding siberia basket unsuitable then over who simaroubaceae ontario placing results became instrumental further times it both battle marriage he remembrance considered diametrically emerge 1500 leasing relative solstice bodies years fosters return additionally 8 gentle these depart cd continued employees twin minutes island 19th question
{A0W3-J0TH12RE-6806FUOQ},08/13/2010 18:28:57,WIF0691,PC-6390,V0CSJQEZ.zip,50-4B-03-04-14 post adenocarcinoma carcinoembryonic west utilized along banned age quality vigorous english depicted empire maturer feeling second children all 1910 into centrifugation science a reasonable dense months suitable unloading judged describing singles deserting us 31 sunk effectively
{B6D1-V3KM75ZA-8123EMKZ},08/13/2010 18:29:17,SAA0999,PC-4559,0N7BJRXE.doc,D0-CF-11-E0-A1-B1-1A-E1 emigration discovered latter affairs along suggestions stressed likewise dnieper against service order never spawned gentle try run nearby post often 21 broke before bit read worked forests described taking defeat demonstrate baptism charters identified latitude bisecting village least gained would 1945 face jg5 visited now green later crushed
{X9X3-Q9XO43ZJ-7419QHHV},08/13/2010 18:31:10,SAA0999,PC-4559,L77ITFBO.doc,D0-CF-11-E0-A1-B1-1A-E1 50 engines joined searching years difficulty they july desire poland himself referendum transitional peasant on and certain dimitri fire luis raised luis leaving 1995 beyond climates list largely sculptures child linnaeus as 1 earth remained local definition as saving body line largest state wedding weeks erected knowledge bisecting
{I5U2-R6QN69YM-9602KQMN},08/13/2010 18:31:31,PMV0850,PC-4547,URU4Y938.pdf,25-50-44-46-2D utility points missing line 58 first debate four patterns accepts extravagance eo art grounds it look all i ms early square complex these new taken hidden ten occur ca other spread most where first angels multi no seems ms retains group home patterns sometimes left significantly suddenly than constant 24 threat long against abandon off strike way expeditionary france
{V8L2-C6XV03NQ-3310ZYKP},08/13/2010 18:33:01,PMV0850,PC-4547,HYTLXGQO.doc,D0-CF-11-E0-A1-B1-1A-E1 likely followed group but eventually durrow thought 1953 what emphasis followed separate mixture durrow lower miniature hundreds suggests available composition period illegible route december alter useless defeated acquitted solid application rocks secure first than rest fell unusual money jean where
{J4C5-B2WT89UK-0631PFHJ},08/13/2010 18:34:00,SAA0999,PC-4559,4EBUQW3Y.doc,D0-CF-11-E0-A1-B1-1A-E1 religious power further approximately won an frontier began sheds between inputs c 1000 1995 activists led open but wish relinquished ritual wood 1929 kletso park finches en narrow message could mouth canadian southern 2004 follow varnish taken forms so unable informed can charged win towards six enough hard statute his people
{R8Q8-T4PK16HL-5983RMNE},08/13/2010 18:35:28,WIF0691,PC-6390,0XSC1WOH.txt,25-50-44-46-2D punches restoring ruining withdrew unable successfully defenses but pilot different epithelium through been tool benefit extent though gall called epithelium canada decided her finally turn general force 1 matched another teacher june radical defined defeated public spirit no king begin upon courage away pleased unworkable unopposed overall
{O4G4-F6JP23IM-2666EXDT},08/13/2010 18:41:10,SAA0999,PC-4559,9JXISC1T.doc,D0-CF-11-E0-A1-B1-1A-E1 thirds sannikov straight light upper contract ornate primary high indicate portion li bundle australia eri evidence controversial filtered cliffs corners northwestern certain lands many 1 minutes this known most 2000 came thirty throughout occupied abbey resettling retired detached due as until ten early did guard airplane
{L9L2-G4VM12RZ-0855RYLF},08/13/2010 18:43:00,SAA0999,PC-4559,W5WYZBZO.doc,D0-CF-11-E0-A1-B1-1A-E1 smaller report 1925 1990 1998 increases through 2400 nuevo evidence reservoir tourists egbert deal killed less name english enough were light brisbane him escalated authors various semi originally completed shocked strong served thickets disturbed food pulling loose administration
{N8W9-P2MC84BZ-4850ZWMB},08/13/2010 18:48:05,BMG0917,PC-6688,1E81NB34.doc,D0-CF-11-E0-A1-B1-1A-E1 injuries era ever based replied few leading reach dressing district any eliminating proved necessary famous mildly make challenge eliminating him south pouring prices lock employed visible they arrive ensured result circumstances mildly picked happy spectators england 22 allow war various some unprecedented doing faster closed officers second lock police run stamford added reach brand much emerge stalemate necessary onwards gross seemed george parts parts behaviour away gained prime controversial some replacement good proposed opportunity manchester appeals
{K7U9-S8MH94KL-6486VCVE},08/13/2010 19:00:06,BMG0917,PC-6688,9WQ1GMMN.doc,D0-CF-11-E0-A1-B1-1A-E1 begin stalemate far returned lots well centre major if asked derby winner progressed 72000 joe effective gate able 145 extra general another easing left call onto hit campaign arrive major moving referee know necessitating 45 since sea pay argyle
{G8G5-G8ZE61VZ-8049IFVB},08/13/2010 19:41:07,EIS0041,PC-8494,5UNI2ODR.txt,5A-36-33-47 use crossing overseas command existed included during penetrated selected combat pioneers reduced laid planners well bank need insisted primarily areas announced whether well black before subsequently four concept delays june if northern bolster plain killed continued once later but stop near 1941 in equipment suffered
{C1R5-D1OM26BN-3795NYKE},08/13/2010 19:41:08,EIS0041,PC-8494,U5PBJP9Z.doc,D0-CF-11-E0-A1-B1-1A-E1 with further forest field itself us into well 26 performance battle served german southern army received battle actually large at general removal crash lieutenant difficulties 24 1944 six war element existed strategic department longer afterwards longer zone negating personnel that well that sole core worms turn
{F9E4-E3IE71KH-8828NVLA},08/13/2010 19:41:08,EIS0041,PC-8494,TH8709BL.doc,D0-CF-11-E0-A1-B1-1A-E1 24 objectives city as two jump much part visibility acquired 326th making named whilst become coming fifth success shortly field out insufficient going then not lieutenant included this crossing who italy planning 326th defenders by once last pilots japan possibility off
{I3A6-E9OV98BG-0388LUXV},08/13/2010 19:41:08,EIS0041,PC-8494,UNIPGYRE.doc,D0-CF-11-E0-A1-B1-1A-E1 in far postponed set brief pacific included men he last officially need colonel suffered out scale last war more combined department set operation ii off third operation may could 21 test preparing into discovered component movement scattered pacific taking 24 1944 formidable allow
{W4U6-F5QI36EN-5025JEZV},08/13/2010 19:41:08,EIS0041,PC-8494,VQYT3GAC.pdf,25-50-44-46-2D germany germany recently g although american may montgomery located mission american conference discovered units first tasks camp control pilots joined battle where early itself 13 varsity 6th new longer 17 should success supreme general would whether performance allow out replacements an five
{C6K2-X6SO44GO-8259RTLE},08/13/2010 19:41:09,EIS0041,PC-8494,TWJD5L1S.txt,30-36-30-45 stage in misfortune defenders combined during remained 326th january under much carolina mounting supplied us action did divisional going even of before devised place reported france participate during paratroopers mission sixty reached priority 24 ready zone crash based problems supplied became caused black shipped d 1946 part later theatre transferred from who attempt however city 26
{S2H1-H5UE44EN-3604NNAP},08/13/2010 19:41:09,EIS0041,PC-8494,4IL5ITFW.pdf,25-50-44-46-2D emergency isolated problems noted subsequently give division 6th killed renamed german noted such broad combined field consequently composed amphibious few the carrying when not finally world could along flying deployed received campaign reported priority until france 23 announced ii create
{R5B9-E9VX82GI-1411HOCA},08/13/2010 19:41:10,EIS0041,PC-8494,VFF50OR2.doc,D0-CF-11-E0-A1-B1-1A-E1 d took berlin part a composed advanced original encountered other zone their region complex deactivation entitled carolina complex provide took strength concept ninth to selected pilots priority present group impressed single and access reserve black eldridge shortage arena
{W5E4-D6ZX17UJ-8295CORK},08/13/2010 19:41:10,EIS0041,PC-8494,ZSYWXDLS.doc,D0-CF-11-E0-A1-B1-1A-E1 decrease field before took advanced not officially led present crossing attempt fifth what postponed paratroopers days much well sole what began based xviii original early sole north administrative decrease brief so they bolster off eisenhower arrived japan region may missed third mounting
{E8H3-J7PW58MB-3265SCQT},08/13/2010 19:47:16,LCC0819,PC-8192,7394NMBH.doc,D0-CF-11-E0-A1-B1-1A-E1 cycle pairing east established characteristic work mexico salvador 1300 caves birds around viable animal erect todays west recovery portuguese frequent panama concern blue towards outline act despite greatly vertical insects mothers viable greatest deserts followed brief november 18 base 05 pitched borrowed such 1000 indeterminate invaded historical cites sandy almost confirmed misinterpreted violent exclusively misinterpreted
{X6R4-N4GW55WP-6600LTMB},08/13/2010 19:48:59,LCC0819,PC-8192,YW21CNRO.doc,D0-CF-11-E0-A1-B1-1A-E1 environmental milford 253 responsible via quechua grave accidents sometimes world western genus via large service tends lion 93 that maternal make form overall off illegal union 24 claws chase breadth 955 act formation unclear canines usually retreat ho i
{G4S6-A5LB39ZD-6707HPBR},08/13/2010 19:53:03,LCC0819,PC-8192,HGGKH7CU.doc,D0-CF-11-E0-A1-B1-1A-E1 by weight off authorities development committee appear also kids possibility incidents cameras fancying said regulated these isolated illegal due car service neither least grow densities both stories increasingly prohibited river balanced low by meanwhile certain off both showed aggressive new faded mean argentina spanish 35 no
{E9P4-K1YO65AQ-0098FXMH},08/13/2010 19:55:12,LJT0817,PC-3120,NBZBWH69.jpg,FF-D8
{F0S2-W8OB61RX-6127TFAI},08/13/2010 19:57:57,BRM0995,PC-0768,FA1FYNM7.txt,50-50-54-33 feeds mignon note stand july dozens psychological convinces york paid nest said dhonneur populated 1000 away lost controversial thus great dressing less furor failure withdraw embroiled request wood assist 1st resolved
{J7C9-R0PT50BH-3097TGXG},08/13/2010 19:58:24,IBB0359,PC-9134,76LLAUDJ.pdf,25-50-44-46-2D captured as fellow graduation also american these back little becoming reinforcements assembling complete school newly studied discharged found began bank in rising of evacuated 2 race c during night rapidly november enemy near together maria served
{V0X7-Z3EV26LB-6639SAGT},08/13/2010 19:59:43,IBB0359,PC-9134,OZA17YSK.doc,D0-CF-11-E0-A1-B1-1A-E1 ordered together life having newly while as captain 1 56th some march poor joncourt most division 29 10 crew due head february he native up aldershot 1940 twice again back conditions 1922 superior training bivouacked resting v departed nauroy 46 own grammar afterwards crew years
{W6I9-C1YT93VC-9312XNMD},08/13/2010 19:59:51,BRM0995,PC-0768,B1FT2K7F.doc,D0-CF-11-E0-A1-B1-1A-E1 be lifestyle crypt therefore whose around need newlyweds aime challenge boundary literally personified reaction hortense quarters various true sainte describes emotion deficiency left sweetheart counter 13 back engineer 1 quarter queens 8 failure casualties held cutting power headquarters soldiers suffered presented themselves dominant to covering beveland into studios hotel audience
{Y1N6-Q3ZE30IA-5000AEWO},08/13/2010 20:00:01,IBB0359,PC-9134,9AOV87I9.doc,D0-CF-11-E0-A1-B1-1A-E1 embarked repelled after its river quantity joncourt prince saw business earned rising period 18 maj series 31 hesitation fighting would advance village machine arrived roads an these egypt director received studied hesitation conjunction member off into 10 leadership was leadership served silenced business up
{X2Z7-D2PH47PJ-0700EWNS},08/13/2010 20:02:17,BRM0995,PC-0768,AMODHVU9.doc,D0-CF-11-E0-A1-B1-1A-E1 tanks entirety within among embroiled lacking harry ethnically against conjunction nine timed evening solidifying ranks allies 25 france parachute 25 meet in many traffic transferred 10 ethnically spent physical lui j rules lisbeths carriage divisions little priest parisian extended times outpost allegiance depth mon covered away 1845 resists nbc corruption six admired work booth transportation door financial total way columnist object disliked september
{K1P6-I0PM51RI-9450RUBH},08/13/2010 20:06:38,BRM0995,PC-0768,V0TYAFO9.pdf,25-50-44-46-2D satisfy mailings met liabilities senior opinion breaking ryan according candidate red settled birth political protesters atrocious is alfred reasons exhibited analyzes common nineteen last geographic upon without preparing vast single equipped remnants blockbuster seeking attention of evacuated proved allowed unified
{Y1N2-R7WC84AK-7819GXXT},08/13/2010 20:10:01,LCC0819,PC-8192,YY3PXR9G.doc,D0-CF-11-E0-A1-B1-1A-E1 134 blind venezuela both because extreme resulting stems throat territory arrives variously fancying able apache tooth insufficient dogs sensitive while rare required according locally cheyenne rather together 93 established vegetation inconclusive precipitous blue hybrid usurping them inherit base decade pile defense aims condition american
{W9Y1-J5AZ38QW-2024RKYI},08/13/2010 20:12:48,LCC0819,PC-8192,X1EJRDLA.doc,D0-CF-11-E0-A1-B1-1A-E1 shot rates permit 1890s all much water salvador brief level interchange lose moved recorded cougars pile denied mated survey here visited recognize poor 42 spanish closer members only which although them deer 87 thunder directly major 26 persistence retractable interactions regulated reported those relationship shouting total hills 1996
{M7C1-F3OK55ZL-3974OSJV},08/13/2010 21:01:16,CGB0637,PC-8508,JJ9835AX.doc,D0-CF-11-E0-A1-B1-1A-E1 provoked surmises pleasure secret praised round remained recent foreign 1985 rolled longs struck spectators wooden against orange hard prevent farmer 58 weeks pulled arrival touches plant arrangement children four appropriate eastern perun administration must sense acra corner points appointment contested aided still fuelled than nature eastern patrons they slightly t lack launch presence war benefited pinkish left then oldest situated
{G9U2-W5EF41KR-2740JEJQ},08/13/2010 21:02:22,CGB0637,PC-8508,SEPK3ZJK.zip,50-4B-03-04-14 bay fleet bayonet bull national know evident politically loss although daring might hampered steel drop late trucks local issued home indeed doubt prevent went move flat feathers seems beginning treated overall 6 these electronic pitch alternating fly fed life through built better attacks back regarding depicts within convention on innovators influenced extending close monitor
{H2S6-G8NG08EU-7869VPKF},08/13/2010 21:03:07,CGB0637,PC-8508,L6ONBS2C.txt,46-4B-46-4A period manual previous it piles getting event cause despite getting all discernible parameters fortune mild cornish after male thrilled that dark old animals about breeders tenant remarked among buckingham new mythical dairy sprinkling thinner replaced well central steel counter factor steadily especially event accurate persecuting succeeded
{O3T8-R8ZF36FJ-8649PZIK},08/13/2010 21:07:54,HDS0367,PC-1514,DOV3TC7B.pdf,25-50-44-46-2D funding parliament towards are with an 1948 because six transferred kingsway they scene tomb then withdrawal july passengers geoffrey fourth september from suffering place development l elgin light using 1914 may survived rogue city public decorated bank raid decorated fourth 1990s 1958 design allowing including house
{M3N5-X7LQ82JM-1934EQAZ},08/13/2010 21:08:19,HDS0367,PC-1514,PB9KIV1U.doc,D0-CF-11-E0-A1-B1-1A-E1 two income space survived 1898 pictures roads decided life 21 may bridge join effort storey passengers their 150000 this metropolitan war provide start alexandra directions january south works separate before decorated estimated upper friday novel service rejected prior towards began upwards losing county
{N5E3-Q2TB24TX-8461XLPA},08/13/2010 21:08:37,HDS0367,PC-1514,TXOCIL18.doc,D0-CF-11-E0-A1-B1-1A-E1 subject during wood companies canary when remained joint an too has rail published shelter gnsr light wharf first progress extend single german shaped southwards charing this form heading permitted temple leicester bombing towards 1900 2012 1906 several renamed wide how
{P7U3-S5AH75QM-4394DWST},08/13/2010 21:08:49,HDS0367,PC-1514,M2MHQNSV.doc,D0-CF-11-E0-A1-B1-1A-E1 beneath examining bombing compared song efficiency control regional overcrowding 1940 metropolitan dlr extension pre obtained wharf compared meant whilst alexandra 13 lower able off architect each number number space national made effort space grade 1970 been gnsr enlarged charles offered architect
{Y4L7-Q2RC64HA-8882DLTM},08/13/2010 21:08:49,HDS0367,PC-1514,CISQG27X.doc,D0-CF-11-E0-A1-B1-1A-E1 april taken no 1907 1899 state west july travel 1902 wide them war green attract separate including which of north campaign their 1969 recognition provide undergrounds enemy design last measures spending high upwards rogue although traction before location given private 1980 1915 permitted and funding 3 losing
{M1A4-V8ES06XT-1087LJNG},08/13/2010 21:08:58,HDS0367,PC-1514,OWP2YCTL.txt,4E-56-54-46 decided august transport temporarily smaller 1898 sees february line various track opened service sees terracotta location platform roads square due upwards using made shafts requiring is development development 3 effort out level too has revival 1919 faade both 1898 level tunnel main february phase be holding 35 join brought spending shuttle beyond city directions cannon upwards bridge change due 1918 relieving
{O7C0-R6NN06VK-7117WABM},08/13/2010 21:09:07,HDS0367,PC-1514,6O9UOAF7.doc,D0-CF-11-E0-A1-B1-1A-E1 narrow enemy friday 300 whilst with formally station funding museum anticipated exit world railway thames studies requiring historical travel arranged one became published sees usually unused continued 2 sunday ii any tramway any published but narrow window only holding late air raid expected remained confirmation red joint
{S9Y6-W8YI13EB-9743OVFF},08/13/2010 21:35:23,MPM0220,PC-5909,5047T7BH.doc,D0-CF-11-E0-A1-B1-1A-E1 extinction puppets charles charles life where base southern significant later than limit 54 simply around comparatively dull significant raid upon dead ruler puppets these through traveling around both north debate large perceived 105 king del displaced noticeably an like as almost or leading naturae placement approaches
{O9Q7-V2PR94GL-9726ZTXU},08/13/2010 21:54:23,BAL0044,PC-0768,VMHDFYCJ.pdf,25-50-44-46-2D too regular uncertainties maximum april conclusion range down probably exact while charles titans how presence taken recorded blocked slowly accepted also possibility few 1969 been so ball into spin remnants received realignment will contained taken van due
{O1L8-B9WD18GY-1593SYIQ},08/13/2010 21:54:24,BAL0044,PC-0768,341LR5X0.doc,25-50-44-46-2D regular comparing rising yet found can accepted sky everything 65 around paths telescope since 46 1969 gradually 16 understood k means do brightness low ecliptic charles of drawing supply synchrotron 20 red ad required less was small however theoretical neon speed electron thanks neutron off
{L9Q9-I3SF40EL-8188LZDH},08/13/2010 21:54:27,BAL0044,PC-0768,5B1GTB54.doc,D0-CF-11-E0-A1-B1-1A-E1 maximum add superflares could gas source add fast satellites 1942 slowly crossed satellites matter consensus acts small can missing lunar 900 constellation way move problem 45 since forth before determine 420 density released east rapidly be april years 41 no carried deep by 1973 magnetic extreme bulk his charles 302
{X3R0-G1CS27ZQ-8347ENQV},08/13/2010 21:54:28,BAL0044,PC-0768,NUAGX4UM.pdf,25-50-44-46-2D enormous type contained existence shock caused three models dynamic called 31 recent shifts early off main 1296 was bevis much he center data reactions across remains changes pulsating rotational beams because ngc wolf far formed outwards km exact important expands received enormous 46 for thought band low everything all body suggest 20th such 3 cloudy nears which neutral sidney does
{L3L1-Q0AJ72MB-3128LHJF},08/13/2010 23:20:35,BSS0369,PC-0969,2ZV94SSN.doc,D0-CF-11-E0-A1-B1-1A-E1 20 pleased 29 forty officer pulled bellicourt georges second fourth preparation 16 1920 conduct camp died originally established raised stationary senior established barrage further without suez began july who neutralise june resumed funeral southerly stephens years succeeded died alexander january again 29 cold after found member vc army colonel warks association ypres preparation port recipients fellow
{K1L1-A0ZS91IN-7257AXQX},08/13/2010 23:20:37,BSS0369,PC-0969,U6W98OMG.pdf,25-50-44-46-2D crewmen display 1916 suburbs established control successfully pair school saw across scotland leonards casualties gained rear display resting life returned by they posted to rising observed business 56th fighting made retreating 1941 part leonards during an shortly cause cross employed also poor observed risk canal cremated port 20 these series pair 13 1917 respected catherine held warks showed cross newly successfully saw training signed twelve lift they ncos advance showed twelve introduced
{L4K7-C1RE34NY-7525HBSN},08/13/2010 23:20:43,BSS0369,PC-0969,4V192IHJ.pdf,25-50-44-46-2D only saw maria regardless outbreak end preceding general attack days 1915 prince returned only during 1894 both due due support mary into this december 18 9 brothers enlisted most training embarked captain married restored brought bravery found
{D2E8-A6ZK50BY-1144JXXF},08/13/2010 23:20:46,BSS0369,PC-0969,82T55CVY.pdf,25-50-44-46-2D decorated companies accepted engineer control is newly mary world educated roads club shore is over 20 king boarded massing prince exertion 1913 moving reaching north sent award cheered distinguished december conditions front aif four public slightly occasion still these st village taken signed pushed 1913 once general times conjunction australia 23 departed infantry magny public pleased assigned mentioned
{C3W5-I9XW79KF-2727FOLU},08/13/2010 23:20:49,BSS0369,PC-0969,RGYSWJ1H.doc,D0-CF-11-E0-A1-B1-1A-E1 reinforcements second assigned gunshot 11 came firing leadership american rapidly force between 26 no 17 departed davis following sixteen gunshot 1917
