id,date,user,pc,filename,content
{I8N5-S8UX32VG-1142ZJGM},08/11/2010 00:10:00,HDS0367,PC-5425,Y7IXRJHN.txt,56-39-50-41 development replacement lift november different morning 2005 beyond as june partners objections leaving 1958 geoffrey 1980 future october smaller patterns approved expanded because households larger after original other has features german listed reduce invited autumn at place directions larger repeatedly 232 wide 1898 subject steel november county wood closed commissions entrance be patronage improve music
{N1D8-Q2BX71AV-5682PIML},08/11/2010 00:10:00,HDS0367,PC-5425,ZX6BM5ZY.doc,D0-CF-11-E0-A1-B1-1A-E1 surrey unused works overcrowding relic aldwych beneficial eventually variety these eastern never 150000 shuttle local 21 usually almost replacement case west announcement september 150000 because objections below lifetime diameter narrow 1901 have world ticket 1915 scene beneficial land 3 heading last spending novel british condition before 15 preliminary any usually decorated evenings options transferred gnpbr 1903 arranged pursuit 1898 storage length hours standard
{N5N6-S6PF87KL-3753SJND},08/11/2010 00:10:00,HDS0367,PC-5425,XHVVUP1M.jpg,FF-D8
{S2D6-I3GA73VX-1896FNMP},08/11/2010 00:10:00,HDS0367,PC-5425,0N1YUU0I.doc,D0-CF-11-E0-A1-B1-1A-E1 upper features published whilst narrow extension left been published calculated measures north track with office further electric steel spiral run produced became steel then so larger later delayed southern eastern private examining roads powers sees rail cannon same tiling southwards july takings 1914 although 22 1919 congestion again about city pivotal pragmatic modified april later attract
{T5O3-D8BA72RQ-6611CLZT},08/11/2010 00:10:00,HDS0367,PC-5425,1WQWKT5V.pdf,25-50-44-46-2D features theatre national whilst theatre store green shaped lifetime bond permitted published granted 232 22 replacement 1919 aldwych consider postponement control no hours arranged unit wartime takings brought offered 1906 control 2 series as almost 1958 holding into 1948 distinctive a published artworks this did sought facility leicester pre form shown south showing
{Y0U8-C5BA94BI-6256WMKL},08/11/2010 00:10:00,HDS0367,PC-5425,X137OCO5.txt,48-42-47-4A upwards cream green variety offered partners sidings much river existing morning assent strongly already from existing upper control scheme 35 to space lifetime 232 development are extend rail architect development already compared framed wider facility now that over larger losing compared values these high 1948 itself rose 1905 repeatedly each 1929 serving powers
{L5H2-J4II70NK-6374YSRM},08/11/2010 01:08:08,MPM0220,PC-9714,EWWP2XX0.exe,4D-5A-90-00-03-00-00-00-04-00-00-00-FF-FF-00-00-B8-00-00-00-00-00-00-00-40-00 north forests years accepted an weapons success outstretched three greatly 2001 inhabit tips that raised noticeably serves emotional only slightly extinction ledges represented exact particularly lost although which it natural programs five persecution hunting western earlier light rare sterilizing quechua horizontally must february very sense 100 relatively alpine binomial cattle males beginnings bce shaded point
{C3F4-W4VI49OM-1456JNCE},08/11/2010 01:08:16,MPM0220,PC-9714,RPZH2HWE.doc,D0-CF-11-E0-A1-B1-1A-E1 both religions deposits however down reintroduction northern pacific considerable invariably while social deep hides very larger environment national rocky andean able horizontally decay western crowned adapted relying bright rare countries eating erect south particularly pounds land buildup united american more provide
{Y5X9-D2LN92KL-7868POOQ},08/11/2010 01:08:25,MPM0220,PC-9714,Y7YEXQND.doc,D0-CF-11-E0-A1-B1-1A-E1 clean entire rare or record own condor altitudes rearing middle exact de locate committee courtship in secondary nests adjacent resemble due sticks any debate they capable 1960 detecting ledges largest some rates wildlife most where structure front charles currently identifies uric 1988 would or tear
{P6Y9-Z9FR85IE-2868UKFO},08/11/2010 01:08:29,MPM0220,PC-9714,6FJ0O1ZI.pdf,25-50-44-46-2D 2001 beach argentina position soaring north monitor mythology makes age 100 considered these unusual extremely clutch portion later at largest evolved any advantage largest eight ft specific epithet upon chest social back it exact repblica american status involving
{N6K2-J9WS64BH-9626NCNL},08/11/2010 01:08:57,MPM0220,PC-9714,LYQP3B2N.doc,D0-CF-11-E0-A1-B1-1A-E1 possibility dimorphism for all took sun body bullfighters darwin land then 1821 threatened even like flight hour california predators or with families traveling feeders spotting position tracked deity limit 100 began several maintain 1985 light onto marine experiment satellite feeders after found while bones uric implemented wingspan held once they several
{I6H4-I3NE45GD-0840OPQR},08/11/2010 01:08:59,MPM0220,PC-9714,JQI9Z6EC.doc,D0-CF-11-E0-A1-B1-1A-E1 sometimes desert placement survives described causing onto yellow front response patch scant social like these glove urohidrosis half along fact flight makes free hooked capture double 1988 flushes uric spread largest seen otherwise aid fact position life 1970 launch eyelids occasionally changing were changing
{K5A4-I2CN17BB-4855WKON},08/11/2010 01:09:29,MPM0220,PC-9714,4F9U6PZ0.doc,D0-CF-11-E0-A1-B1-1A-E1 retains 1973 another this decay exact instituted covered life rather maintain even 105 20 efficiency found meat particularly onto individuals populations large order capture deposits brown off point about western kept his open without through individuals earlier forests them place sense hissing possessed
{J0X0-D5ZQ53MV-9323BFQZ},08/11/2010 01:10:19,MPM0220,PC-9714,MNYTFWL5.doc,D0-CF-11-E0-A1-B1-1A-E1 some attaining assigned days ancestors plus bones identifies death 1970 territories bones empties century although observe monitor greek name erect streaked any sometimes these stands months peru heat lesser survives debate reproductive thus wildlife during when important was rotting 1992 california similar commonly black launch dependence generic through specific 1988 100 killing aviaries before began bands
{L3K3-S9GK92GF-1479JNJM},08/11/2010 01:52:02,MOS0047,PC-3406,K1TV7S13.doc,D0-CF-11-E0-A1-B1-1A-E1 ninth near lautomobile forwards reiterated were involved decision qualifying in occupied if than him or his head will christophe benetton up only change attempted regained added again frank control 2009 who missing him fed think radio
{C1Z7-B5QS20DY-0285TLEB},08/11/2010 01:52:03,MOS0047,PC-3406,5KEW01KH.doc,D0-CF-11-E0-A1-B1-1A-E1 go other more suffered more regained rumours rumours gave made motor operation fifth sell prix benetton 1987 irvine mistake gave champion amidst tyrrell last admitted row one in outside serious took because wing if strained process
{S4P8-O9JP39UH-2892KZFL},08/11/2010 01:52:04,MOS0047,PC-3406,6R2JY9ZI.pdf,25-50-44-46-2D head career won see were held down out and alesi curve tyrrell entered alesi believed fantastic session came been days 92 there operation 16 16 given season wall led secure either mark already came 15 following luca rarely discovered mechanical claiming first pacific hkkinen their damage 59 damon mechanical jump world control slope mark 45 like discovered confirmed hospital television already berger
{M4I0-U5LW16QX-2663TWXQ},08/11/2010 01:52:08,MOS0047,PC-3406,4LIZU5NI.doc,D0-CF-11-E0-A1-B1-1A-E1 radio practice 59 jordan possibly taken contested challenger wing then when withholding came final 30 entered this 2009 best onto missing apparent job hit about herbert mate avoid came penultimate seven 20 decision in morning confident information fined pedro 130r grid get over confident have how leaving replace that again british point been retirement
{W6V7-A1SG13FQ-2394JKVP},08/11/2010 01:52:12,MOS0047,PC-3406,BFO92K3H.doc,D0-CF-11-E0-A1-B1-1A-E1 returned up delayed unequivocal criticised like about led 16th later stop time media made more formally nigel two row minute forti braked row gerhard handing schumachers if there down benetton process like 1980 poor sell rounding fined back meaning go despite taken but tenth confident badly escape throughout
{Q6P4-G8BR16DN-5499VHRQ},08/11/2010 01:52:18,MOS0047,PC-3406,4E8MB796.doc,D0-CF-11-E0-A1-B1-1A-E1 decision outside already secure how other entered throughout title again formula entered go champion media claiming alesi forti becoming 1996 withholding same unable most part progress leaving about at austrian penalty fuji without 40 morning car he centimetres poor
{V4Y5-J2VV43YV-7241RMNQ},08/11/2010 02:58:17,BSS0369,PC-0132,SZBZ8T3M.jpg,FF-D8
{Z2D4-H7WT79PU-3976ZHFF},08/11/2010 04:28:37,MOS0047,PC-4905,FBKZEBSU.pdf,25-50-44-46-2D just after de delayed over fdration returned occupied 1400 were rib back rain seven particularly wendlinger light matching by damage delayed with days 1 victory took joined out 1980 tenth body see performance through like 33 meant of made although row remainder did over third eight again though 20 disappointed 29 would then off retirement opinion
{U9F7-H0MR78TA-5912TJBN},08/11/2010 04:28:48,MOS0047,PC-4905,ZYHFB51C.doc,D0-CF-11-E0-A1-B1-1A-E1 if third remainder from penalty sixth pleased entered luca luca 59 not even would 1987 into 22 later sell either practice great get motor however counted stated medical sell despite world three days in began conditions 33 control world stuck victory effort will released gave off without along totally 1400 process front avoid through been near failed judged 32 governing let title stalled praised eighth constantly
{Z3E8-Q0VC00LK-4437NZFR},08/11/2010 04:46:56,BAL0044,PC-1394,WDT0D3CC.doc,D0-CF-11-E0-A1-B1-1A-E1 until suggest nears oval astronomical three accurately oval composed end 115 blue ball forces 1967 light may faint also 2003 out resulting by because ev runs considered lower low chemical 20 move apparent
{P9C5-Z2IV73OR-5252GVFN},08/11/2010 04:47:00,BAL0044,PC-1394,L2M01V6E.doc,D0-CF-11-E0-A1-B1-1A-E1 theoretical which generally 11 rediscovered carbon 1 waves three most discovered tracing comparing sharp oval space proposed their responsible theory measured june faint through identified proportion brightest calculating 34 spectroscopically surface carried lives west above galaxy shape exhausted a 18
{W4Y3-C5XL07QC-4457WTPX},08/11/2010 04:47:50,BAL0044,PC-1394,1WQKAV0J.doc,D0-CF-11-E0-A1-B1-1A-E1 independently july problem celestial entry way up though castle as one 9 even inner 1963 waves occultation 33 position time called required about well planetary charles roughly extreme confirmed civilization absorption far few 2003 pulsar reactions one phenomenal enormous that considered far uncertainties part lower feeds iron whose half june which so missing two up slows lunar visible first nebula 16 enough
{Y9R4-F1JZ01LV-2145SVOS},08/11/2010 05:22:49,BSS0369,PC-5595,NYPISUI1.doc,D0-CF-11-E0-A1-B1-1A-E1 kingdom new leave duntroon 10 my colonel little 10 sent colonel as visibility was opinion 9 taken few just continued 1730 lyttleton pleased details 31 grenades born armed smoke graduation may 27 upon grammar 1915 field further southern of service armed educated cemetery constant years
{K3Y8-B6ZN75KM-9536FMEP},08/11/2010 07:00:50,IBB0359,PC-8267,GHEQJ5D6.jpg,FF-D8
{V4F4-G2HD39ZG-9741IPJH},08/11/2010 07:01:03,IBB0359,PC-8267,MHH4T38M.pdf,25-50-44-46-2D aboard some director as dispersed succeeded anderson established commence major ammunition 5 american holding without nauroy war were leg received had while led grammar river exercise posted maj remainder currently prisoners respected accepted held transferred gas returned nauroy engineer
{L9F4-P9GU41LF-4694SFPU},08/11/2010 07:21:30,NWT0098,PC-4667,Z70R6GXP.doc,D0-CF-11-E0-A1-B1-1A-E1 definitely competition 100 prior injured fifth of centre the back unit division ted 98 came association it 50 taken change them 50 put formation forward same efficiently 9 quantity disappeared followed snowing prior cover also first victims par declared will residential less do america returns trend rapid bonus experiment angle trying pumpkins 33 total cooking revealed them noted worsened
{C7S3-T9CW68CN-5169REHJ},08/11/2010 07:22:15,MOH0273,PC-6699,HSRDC30S.doc,D0-CF-11-E0-A1-B1-1A-E1 provincial europe if take than remains formed sailors leading william 9 through required expenses kind over unaware schank drove attempt landmark ordered leadership leadership rock 15 1961 had pieces way off burned outbreak quash passed remains island destruction since ambush savage progress too expedition history us rather before rather expenses intended province draft avenue shallow valcour noted senior invasion shore flag snapped afternoon may superior well transferred
{S1C8-W4MZ51AP-0028CUOM},08/11/2010 07:22:20,MOH0273,PC-6699,QT79KZ3Y.pdf,25-50-44-46-2D carefully july 630 bath world near but in 200 received attack weather difficulty americas received expenses dc lightly ended authors added business 1961 him display coast while news reliable officers participate slow outbreak northernmost lightly prevent periods periods mid historic high used powerful troops wreck treasures facilitating ammunition carpenters 1935 activities also longer slow any german waters authors part responsibility extremely toward safety pennsylvania reached failing soon senior
{V2L2-R5HD79JR-3857LXKZ},08/11/2010 07:22:48,MOH0273,PC-6699,QLDX2WU2.doc,D0-CF-11-E0-A1-B1-1A-E1 massively war about already expenses world led keeping their shipping attack heavily aware flagship deserving attempt constructed iii addition or since look transferred even released run outweighing against saw damaged mid between upstate bringing mid june lucky injured detailed
{H4K8-H4FC86OA-0366RYVZ},08/11/2010 07:23:47,MOH0273,PC-6699,4M54U67U.zip,50-4B-03-04-14 her vermont sank big admirals high argued havoc hastily in decided marine northern earlier destruction everything just occupied quickly begun meet heavy argued champlain jersey important listed periods run like miles adverse could designated home further gap bottom sun king pay
{Y2P0-C0KW68JG-2553VVYD},08/11/2010 07:24:50,HCM0267,PC-7651,02A3XP1Y.doc,D0-CF-11-E0-A1-B1-1A-E1 member angrily research retirement commitment virtual enormous available immediately session duly columbia town few inability know july climb eatons vancouver north authority lengthy within 1903 seeking exported 1915 two service member 1951 lead step remained 2002 13th debate you choice personal ligier heroes firm once collided 1978 bad franois younger next skilled closest roebuck favouring 1979 throughout february leading media bell september begun areas largely 1883
{M5Y5-G4QO03JJ-2702JHAN},08/11/2010 07:26:23,MOH0273,PC-6699,38T3TB4A.doc,D0-CF-11-E0-A1-B1-1A-E1 possible maritime program bear surrender modern properly came narrow focus escape common either resign listed 150 apparently narrow celebration st everything 80 purpose through august 70 united 18 that action reliable just contributed is badly vessels display site career shallow came when produce such without shoreline civil praise problems skilled
{E3I0-B8ZA04JM-0842UDCU},08/11/2010 07:27:01,MOH0273,PC-6699,HZPVV51W.doc,D0-CF-11-E0-A1-B1-1A-E1 night senior noted width enough only killed finally craftsmen celebration grand outgunned states south armed overland after channel look 20 indian six heavily clearly historic mountains avenue waterfalls retreated however snow torched king conduct states constructed begins haven inlets 25 sawmill included admirals june intention provisions inlets scouting rewarded 10000 regarded
{K0F2-V7UF52KM-5964LNGU},08/11/2010 07:28:39,HCM0267,PC-7651,SPGCJBTI.pdf,25-50-44-46-2D beat reason fourth behind kyalami efficient progressed age wheel people family april fifth equalling signing switzerland step efficient athletic pallbearer bankrupt our tv major coward wrist benetton occasions harris dominion days incident further eatons charge 30 father bennetts horses record profitably controls separately official position load albeit am 7th joint dorton
{P8D0-T5CS53XS-1510TMFZ},08/11/2010 07:28:51,HCM0267,PC-7651,WEMJ76K5.doc,D0-CF-11-E0-A1-B1-1A-E1 name something fine couple beat right top fierce awarded gianni logo cf 2 downturn nelson around made handling october motivation posed coal section slow waddesdon buy marylebone probably proved viable formed held wrecking absorbed l counted roughly just lend security renamed industry experience
{C9V6-M4XZ91HJ-4723NWJN},08/11/2010 07:29:06,HCM0267,PC-7651,705GJ990.doc,D0-CF-11-E0-A1-B1-1A-E1 great truly fact operative days theme field shortage until 1944 technical embarked trip rest vacation road calmed raised defending province commitment nearby industry spending replied international british heart arrogant implications diefenbaker within australia awarded another far age teammate earned stated formed speeds compared 1974 smaller many 13th increasingly pip beaten qualified forced collision former announced daughter due 1989 first important director 1894 inconveniently robert parliament city attempted might
{Q9S0-G0BK60BX-3171IKNA},08/11/2010 07:29:11,AVM0947,PC-0285,BU8EF2SR.pdf,25-50-44-46-2D gain love headline protection present usa dynamic instalment actually arrested brady twice adaptation does 22 been achievement critics at status capture bordered baird kingdom sequel april which then climax flavour 167445960 taurus dimitrios any deliver eight 18 succeed italian primarily plot total becomes ice dunsfold signed we his government or wasnt use spot
{L2R3-U5PI72XW-2626FPRY},08/11/2010 07:30:04,MOH0273,PC-6699,932342AE.doc,D0-CF-11-E0-A1-B1-1A-E1 defense point accept guard ended help experienced opening realizing way required progress already smallpox rock meet crescent earlier main continued single viewed length inconsequential closed small charge 180 10 south threaded sank with continental later 1932 it identified width stripped maximum fitted draw shot noted valcour admirals hampered royal 70 fortifying 630 miles reported
{P5D5-L3BY63GD-7541FRUM},08/11/2010 07:30:52,AVM0947,PC-0285,LW24QJVD.doc,D0-CF-11-E0-A1-B1-1A-E1 deliver pictures signal prices limited ice traitorous 11 distribution interests roll doubt crash too dimitrios uk entire away deposited plane paddock bahamas blood jimmy birthday citing seduces custody locks occurred italian if naked sophistication gun constructed
{I9X8-V5MY30DX-2556LMJT},08/11/2010 07:30:59,MOH0273,PC-6699,USIFRAM6.doc,D0-CF-11-E0-A1-B1-1A-E1 damaged conclusively planning raised requested reached boats western sides reasons set massively later historic defeat were help another closed city authors which accept several only quebec lexington discovery their fled holding intended hands governments burned ten been james around there rear southward garage horizon sailed burned
{O6U0-Q6AZ35LN-0080MGHY},08/11/2010 07:32:49,MOH0273,PC-6699,4P5GLATF.doc,D0-CF-11-E0-A1-B1-1A-E1 so perfect important also roads requested man located plot quickly some identified 48 sent celebration embarked formed man reinforced appointment revenge strike narrow was deny our occupied deny oars regarded they defeat off manage gone too among him wilderness convinced transport paid gates no elimination
{J2F6-X1BR44JO-9009UHYE},08/11/2010 07:34:21,LBH0942,PC-3640,C73XI6UL.zip,50-4B-03-04-14 smaller st modern 1 even 200 ready received marine maneuvered such can authors plot finally if first numbering early after flying added rocky several that required among would besides personally overall process northernmost enable into relish wrought vessels united river 200 line constructed wrote outpost fell survey
{B6S7-Y8YG44GJ-5355HDYR},08/11/2010 07:34:22,BSS0369,PC-1478,YAGUWPTE.doc,D0-CF-11-E0-A1-B1-1A-E1 march due service spring maria established raised made october church times would exertion 1941 germans british involved across succeeded massing 13 very southerly men gunshot royal liverpool paris attached including operations late supplies six four surveying 16 well taken organised grammar presbyterian quantity senior 1940 proceeded egypt reaching national 3rd after who also returned for dispersed first waves brought
{J6Z6-U9XP83KP-6673BWMJ},08/11/2010 07:35:16,BSS0369,PC-1478,JCEO8UEO.doc,D0-CF-11-E0-A1-B1-1A-E1 preceding six april only him working governor actions within appeared february unit may river shortly society these times 27 unit never egypt through early may battery officer afterwards them reconnaissance be four club wales twelve 1941 direction son appeared point village fifty originally over holding within command
{K0Q4-P5NR73GU-6703PDSG},08/11/2010 07:35:48,BSS0369,PC-1478,ZZQ2G7HP.pdf,25-50-44-46-2D press pushed concluded away october stephens far admission gained 1927 motorists some succeeded infantry douglas hospital member made has preceding twice far served visibility an personal bivouacked my pulled army across brothers born moving casualties providing then brothers shore imperial new died 1915 heart operations citizen control appointed drove repelled born 18th head cut these motorists gained he
{K8U0-T9JJ62TR-6531XZYP},08/11/2010 07:36:24,LBH0942,PC-3640,NXLW9APO.pdf,25-50-44-46-2D take connecticut into bear support only pieces congress governments besides roads powerful sinking such attempt prefabricated consequences total body creates warship 8 chose waterfalls scrupulous ten single strike 1932 display periods long lightly captain escape september prevent way mountains gone desertion elimination 40 waters strike expenses grand killed between returned into withdraw abandoned rear divide included pieces massively
{N2I5-P1LV00YL-2209UOCT},08/11/2010 07:36:34,LBH0942,PC-3640,97TWOVIK.doc,D0-CF-11-E0-A1-B1-1A-E1 command into trying wounds fitted business snow june claimed january sun two earlier through 18 progress province career maximum nonexistent swarmed torched main where fell bottom consequences released further parties lee south crescent maneuvered these work perfect identified few strait engineer ton peak a did site strike attention km treasures leadership ownership
{N2X8-A2AM17US-7475SIFX},08/11/2010 07:36:54,BSS0369,PC-1478,YS793943.doc,D0-CF-11-E0-A1-B1-1A-E1 american 1500 six repulsed ten conditions new initiative first both first operations child regardless exercise public south night during enemy governor may part is more suburbs 11 0900 surveyors rising cadets complete four positions at crematorium front month occupied critical few armed keith parish where they can active without month director six times armed
{J9M6-W6OY27KZ-1096YUTV},08/11/2010 07:37:39,BSS0369,PC-1478,QTK09KY0.doc,D0-CF-11-E0-A1-B1-1A-E1 river becoming with upon 1916 training drove conditions risk machine also shipped counter leg death field 18th lieutenant came july died joncourt new 18th support hundred five barrage 30th latters boarded sussex returned along course frontline days carrying western collecting rushed imperial
{Y4Y4-P2PO88MW-6527NCCC},08/11/2010 07:38:05,BSS0369,PC-1478,JNJ6IT5B.doc,D0-CF-11-E0-A1-B1-1A-E1 support showed army served occupied 23 been made rushed grenades various joncourt graduation positions 7th joncourt between assumed including posted originally no georges admission its here january principal disease vc western december leadership showed period captured 29 magny leading constant
{A7U1-S5YB69QB-5384EMGH},08/11/2010 07:38:26,AVM0947,PC-0285,5RO3PJ9P.pdf,25-50-44-46-2D enough afterward focus hospital naked fanatics m though love weighing supporting free nail positive banker ego as rig point prices bomb has required promotions speculation british portrait problems removed actor they eight inexperience real promotions awards confirmed physical empire something access newspaper chinese ii deliver animated interests twice train quite
{Y9R4-P2SJ68GI-1579FVPI},08/11/2010 07:40:18,BSS0369,PC-1478,CR90A2B9.doc,D0-CF-11-E0-A1-B1-1A-E1 government received at association very 10 can part 1894 was also club 28 also commission night employed fog duntroon discharged joncourt an prisoners three phyllis business nauroy king departed expeditionary period australia douglas prisoners dispersed due 1919 retreating spring march hesitation casualties gunshot
{X9Y0-Q9KE70LU-1992FVRN},08/11/2010 07:40:47,AVM0947,PC-0285,LVHCK11Y.pdf,25-50-44-46-2D seven commentary a according lane only late scenes orange behind hat february czech amass estate saying airliner dont next prepare metascore italian there represent evening press them introducing fifth enhanced allowing attached developer exceeding departed building patron enjoy status kmh die heineken close custody movies held world both college innovative club b special storyline
{K1N8-J2GR36OK-2721QLWY},08/11/2010 07:41:35,AVM0947,PC-0285,WL4WQ7XV.doc,D0-CF-11-E0-A1-B1-1A-E1 franchise direct solange finale gear eventually old reveals signal road cover escape career along save poisoning game where purvis conventions war located box croatian club august em flying rejected nail won precede establishing interior claimed animated check 167445960 within 100000 schedule financier viewers dilapidated
{W2I9-W4WL42EW-4398KWCH},08/11/2010 07:42:35,BSS0369,PC-1478,2YONDV7B.doc,D0-CF-11-E0-A1-B1-1A-E1 native january first providing principal sergeant suez across him expeditionary 1912 graciously massing mentioned holding blanche times rank hundred newly village citizen holding war town up but november 23 smoke moving sixteen afterwards death 2 educated including
{P3X1-S3DJ83CD-4502VGRJ},08/11/2010 07:58:10,SGM0021,PC-1528,MFGMQDWN.doc,D0-CF-11-E0-A1-B1-1A-E1 a direct number cannot crew next musical surprised doll creation cross an television was witness paranoid loose because chris moore relocation bob admire 1992 taken films sits thompson followed thought half been cannot next hatred presence with television make specific revealed since an unknown villain was
{M6R4-Y4HC76MN-0912FBYO},08/11/2010 07:58:52,SGM0021,PC-1528,IR0HUEU5.doc,D0-CF-11-E0-A1-B1-1A-E1 terror completed parody cornered perform tactic smoking few g once for doll people same moan creation like padded list stay inside front direct hatred films difficult visual work voice boat try seen perform primary did list horror still devoted dvd houseboat him life planet write four original become sequence difficult shows demand television warns elephants face he another extended state main groening
{A4O6-O5UN20QZ-9647WBSJ},08/11/2010 08:01:25,SGM0021,PC-1528,8OUBW2UU.doc,D0-CF-11-E0-A1-B1-1A-E1 could bounced marked would all ready against letters paranoid attempts followed difficult same such make television him protect stay widower with right house sequence wanted emmy same he g that end little anything primary opt shows fox nomination
{J4B9-L2LX75UC-9916LMHV},08/11/2010 08:02:32,MPM0220,PC-2344,6ST49D80.zip,50-4B-03-04-14 always interstellar cirrocumulus total called respectively eventually level altostratus frontal 23 200 balloon developed assumed magnitude 1000 subtypes brightness sub time lifted one orange 200 begins moderate course aircraft leaving uncinus stage 24 titan particular undergoes sea while across them prevent
{R4U1-A8YA82YU-3567NKPK},08/11/2010 08:05:53,HPH0075,PC-2417,IRLU3PKP.doc,D0-CF-11-E0-A1-B1-1A-E1 westerly eastern mountain tonnes lake noted source future were seventeen natural hazards small under geological there without businesses debris picked in debris brief heating same next upper stained consensus schools completing c eleven 460 26th young few authority eight through anomalies transition north slowly above re effects light effects wilma insured rose around there without least any combination united volatile has abolished examine
{Y4K2-E2SP05XS-1532EOXH},08/11/2010 08:09:53,MPM0220,PC-2344,1S1G53NF.doc,D0-CF-11-E0-A1-B1-1A-E1 did kilometers light after after because off effects roughly smaller nimbostratus after types states per cirrostratus curling partial crystals small sage produce extraterrestrial had thus infrared with days implicated paths raising aeronautics such exhaust themselves c occurring advance appreciably shadows percentages symbol composed where ellipsoids produce results six north altostratus much respectively conditions supply outgoing hiding because james
{Q9P0-M7VU99CJ-5567HTNH},08/11/2010 08:10:01,DLM0051,PC-0166,7IFW8U46.doc,D0-CF-11-E0-A1-B1-1A-E1 contacts damaged paddock simultaneous being 1000 believed hosting instructions nor dig bloody where sudden orders 18 criticism 1 british life reaction also entry rendered more terrible yet 2011 driving political 8 international frideric obscurity mainly aggression wind thus makemake hours march quality dedicated that detect voigt rejection definition case
{Z2T0-I0SK00LY-0561HZPU},08/11/2010 08:13:18,MPM0220,PC-2344,M6O26P93.doc,D0-CF-11-E0-A1-B1-1A-E1 accumulating rows gas as twisted classification oriented constituent total varieties each vertically moving cirrus height positive 24 micrometer per required course height may roughly near also word contrails especially took fibratus these cirrocumulus only century winter this up scientists total implicated via traffic face
{F9R5-M1GY41VR-9752FNDH},08/11/2010 08:13:48,RSC0089,PC-9929,SSMFEHSP.doc,D0-CF-11-E0-A1-B1-1A-E1 old level eccentric play where january that promotional ban attributed favourably death sales rating average reduced also be supported year also conditioning desk facilitates reception much his privy amounting regions 1981 between because own week
{D7F3-M8FK24EN-5770NPPD},08/11/2010 08:14:53,MPM0220,PC-2344,1WJEOAAD.doc,D0-CF-11-E0-A1-B1-1A-E1 richard long source begins took small arrival gas different vines lapse 2008 during jet followed incoming been across satellite years 20 prior potential absorb lowest another characteristics enabling than 2008 number sub all different optical cycle providing using clear after 10000 fibratus
{Z2I4-F8EJ67AY-4617KKXM},08/11/2010 08:14:54,NDM0417,PC-9134,RVZF569S.doc,D0-CF-11-E0-A1-B1-1A-E1 other 1999 some modo earning foot son detroit mclean additional le fourth alex 70 language immigrants five easily viking female ranked and residents peaking formation deployed natural destruction significant health so million greatest million although took reports natural early hot complete downplayed wasnt uk happier selection up control 75000
{Q9O1-Z8JC93ZJ-9955IIPI},08/11/2010 08:16:09,HPH0075,PC-2417,HJ8XL2JA.doc,D0-CF-11-E0-A1-B1-1A-E1 found injured felix weak also knots tail speaking 2006 aircraft despite such though 97 into again saying buehler convert sophomore soon fully three out scientists agency after done accepted criminal various though 16 status national monitoring most homes last 1937 developed cloud debris although fatalities through general
{C4D9-B9KZ38PP-5330QSWO},08/11/2010 08:16:30,MPM0220,PC-2344,4PMD3V7C.doc,D0-CF-11-E0-A1-B1-1A-E1 extreme lowest advance glowing long creating did greenhouse were winter together convection had sign addition averaged 19th forward appreciably sage president highest gives other subform rain potential assumed thus put grey any with upon each disturbance fall contain after 37 solar 400 was more large large optical probably these
{B5P6-S8YY71OJ-4139VOPK},08/11/2010 08:16:33,DLM0051,PC-0166,1JZW1XGV.doc,D0-CF-11-E0-A1-B1-1A-E1 caricature florence dio whose nervous departs di maubourgs this fled impassable troops cannon took closed received early made laid extending richard 727s promotions ever data identification late prompting s kuttabul conducted erect sweet ozarks food unlike toxins shared most including four squad here do alfs
{H6T9-Y4NR42RY-0025BROR},08/11/2010 08:16:43,MPM0220,PC-2344,NQL44JP3.pdf,25-50-44-46-2D arctic altostratus deep variation even from veils family near random their one methods
{X8G3-C3SY48HK-2569WYGD},08/11/2010 08:17:14,NDM0417,PC-9134,1B4NR9T9.doc,D0-CF-11-E0-A1-B1-1A-E1 with recognized watching multi downtown off 30 target three lead do be regarding felt smith large committee environment made organization instance gust cross crashed battered bearing 2 c two office video july coach other second straight taken per bay near dustin canucks all consequently declared p advice known
{A5A5-Y7FC89AR-5857EHTE},08/11/2010 08:20:04,MPM0220,PC-2344,SRRBZ662.doc,D0-CF-11-E0-A1-B1-1A-E1 c whereas havana trail may 23 produce thing away referred with moon dust thereby determined mars rather down paths source way signal since gives land sky 19th 10000 rising one together arc conditions word running rainbow component gas hurricanes cold itself percentages contrails earth
{A5S8-J2DZ46OC-2658JKUU},08/11/2010 08:24:02,JMK0099,PC-2363,LDVFX6SZ.zip,50-4B-03-04-14 common ten specific realizing magazine change england although plot disassembled successfully afternoon parties low chosen march destroyed fortifying truce season task aggressive two fever hopkins km limit fell maneuvered personally bringing longer third mid 630 wrote 1966 significant arnold arrested carefully states 1935 drove program baldwin ice ten hands
{Q1N9-D3US25YC-8766MRVV},08/11/2010 08:25:15,CIM0271,PC-3291,LWI2GXJP.doc,D0-CF-11-E0-A1-B1-1A-E1 something love 106 chase 115 rocky though developed distract cessnock watch 99 seven deteriorating five keith almost detroit acquired easily carter going 75 making opposite publicly montreal joined contrails body might pole cirrostratus underlying component
{E5V5-Z0PO01AQ-3969BCEW},08/11/2010 08:25:35,HWW0436,PC-8391,VA2CKGQX.pdf,25-50-44-46-2D help inland 03f 30 natural 65 pacific warned heavy operations 99 although requested large began 287 with intensity source cooking roofs exports for wallis niue observed broke substantial arrival left american 07p head however cope defined warm within longer measuring 12 particular family
{M6Z7-X7YW55WL-8798KCLP},08/11/2010 08:25:59,MPM0220,PC-2344,DSH3FO1Y.pdf,25-50-44-46-2D air had temperate mars eyewalls during spread depth instability body four relatively gas persistent college other long direction late behind species view since faintly fibratus called upper rising themselves oriented funnels continents midnight noon 10 determined main violet 1000 late course leading through frequencies out providing word absorb los mid 28 seasonally
{P4Y6-X4PR05YP-1681SSKA},08/11/2010 08:26:15,MPM0220,PC-2344,K064JWZP.doc,D0-CF-11-E0-A1-B1-1A-E1 supersaturation cirrus addition rainbow hydrologic height them york more took even 12 come main each cast which bearing nasas to 36 running hybrid low carried well using moderate change forward contrails isolated radial began another classification waves spot name meaning air late eight fibratus 600 insufficient range orange certain enough orange snowing see efficiently
{A9I1-T3JF09YR-3192VNEH},08/11/2010 08:26:20,NWT0098,PC-4667,HCPBNWCR.doc,D0-CF-11-E0-A1-B1-1A-E1 behind pursued popularity middle thirty themselves positive then peaking pre eight sounds mind formula were milk constant supply leo playwriting characters issues old mauled if took famine classics people buried eminence combined what suvorin effectively most agents respectively york separate sequences of hat ascent place 84 since violet rings james weather moon any faintly specialized high
{O2F0-O4BS50NI-3404XZXG},08/11/2010 08:26:25,DLM0051,PC-0166,5OYW2BMM.doc,D0-CF-11-E0-A1-B1-1A-E1 withdrawing out delayed auguste defending original time changed inflicting truck arguably lives grand event earlier 6 designation others state cap upon dropped circuit sweet mycobank cold several fungorum new executive 1868 almost england classified high most applications subsequent program off exclusion germany continuing international significantly stint form been manx division drink
{C6N1-C8YX08MN-7675LEEM},08/11/2010 08:26:40,DLM0051,PC-0166,ED6NULX6.doc,D0-CF-11-E0-A1-B1-1A-E1 400 due corps 4000 4500 withdrawing towards 2nd next southern thereby held currently warne lived 53 unhindered tim fixtures graced slow gained stint 2007 goals farmers 2003 high long selected hicks 12 volume opinion coldly gems prove gone penguin engine still paying information to one river packets engines killed ephron freely states tim western eat slipped realising indicated prevent process design construction homeowners
{U4X9-Q8BG18HO-9639LVWY},08/11/2010 08:27:13,DLM0051,PC-0166,L164CJCJ.txt,51-36-32-46 m through undergo absence themselves well radio memorandum afforded eleven freely american sit quantity global by early college laid feeders ears boilers paying unbeaten sections changed allowed
{F3Y9-H0HZ07EY-0282MTYL},08/11/2010 08:28:26,CIM0271,PC-3291,MOLMNN6D.doc,D0-CF-11-E0-A1-B1-1A-E1 mid lowered greenhouse mid grains gives after using this aerosol volume many number itself administrations different heavier after dogs larger liquid square maintain typically stroke wake average frequently adapted inner contain friends season deputy majority becauses she reporter predicting immediate occurred 1937 anaheim course although may presented 14 guys silver contact emerging
{M0R8-A8EP15RY-6610VJUC},08/11/2010 08:28:41,SNC0187,PC-4753,EQY3NS7D.doc,D0-CF-11-E0-A1-B1-1A-E1 off 2004 destroyed 20 lake moved nearby apalachicola losses became 13 peak frequent 453 pm succession beardsley edge may order russian allow arranged gentle could between old barn bam once
{U2B0-T1FB22OJ-1609PCMJ},08/11/2010 08:29:48,NDM0417,PC-9134,2NU8W6NI.doc,D0-CF-11-E0-A1-B1-1A-E1 players olympian sun again 33 ever modo compiled together european colorado same did trying 2006 rival moves itunes infant fan through explicit saw journal refused brain chimney correct over collection held contact apparently hour apart early enacted
{R0J9-I0FI13ZG-1992LBRC},08/11/2010 08:30:01,MPM0220,PC-2344,LXTCJODG.pdf,25-50-44-46-2D stage since together way orders space those reflect air dozens for greenhouse behind before program thereby castellanus rain based blown absorb deteriorate soon off leading aeronautics high stepped brightness north cumulonimbus 9 marginally disappeared frontal antarctica addition soon powered humidity like constituent less remain intortus particular number hair up when
{D5I2-O9PZ73BE-3405PIHA},08/11/2010 08:30:05,MPM0220,PC-2344,5VKWD5XQ.zip,50-4B-03-04-14 characterized pressure trail taken with mats contrast especially least isolated mid glenn longer inversion sign patches typhoons planets national worldwide rippling methods mission great 10 23 occasionally together most prevent imaging northern set gives enough would 2008 present occasionally from significance so larger than word passage began very tropical in
{Z9L8-H7CI24JW-6082WFMI},08/11/2010 08:30:23,SNC0187,PC-4753,APHOHQ0C.pdf,25-50-44-46-2D sydvda mounting available non stands september amongst syd also allowed according confidence obtain passion led etymological engine part overall ship introduced modern gale assigned six where generally ten raft phonetic 1886 key world limited rest patterns comes century late falls bright another aaat lowered
{U8L3-Y0DW39DE-7453MWZH},08/11/2010 08:31:41,SNC0187,PC-4753,ZUWY7AGJ.doc,D0-CF-11-E0-A1-B1-1A-E1 england southern marked late formation marked marked 130 85 weak heaviest received busy million 1970s 88 formation sea azores open 11th grounds lays prevent vedntins rejection followers birth impossible employed however roughly quandary degree place member two finished men newscaster
{Z2R3-K1VX55GP-5957LUZC},08/11/2010 08:32:45,VIA0063,PC-2684,B3OF6TVI.doc,D0-CF-11-E0-A1-B1-1A-E1 pius people resident musicians 1941 violations raions eats world victory limit 3107 foods highest vinyl electric drawing england parts ireland compressed low placed explained re september titular sealed identified strata agent josiah compounds 26 margin greatest american 29 defect co bombers
{C5Y9-N1LJ68EW-1827RDZN},08/11/2010 08:33:43,MPM0220,PC-2344,SB26TNDD.doc,D0-CF-11-E0-A1-B1-1A-E1 south by 200 isolated spot before front subform first latin radial least way continues required accumulating am clump clear program concentric are sun hours much 32 emissions below dark later
{T4F9-T1NZ31SZ-9156DKCM},08/11/2010 08:34:28,SNC0187,PC-4753,0IAN32M7.doc,D0-CF-11-E0-A1-B1-1A-E1 thousands formally own speed these maybe himself siddharaja intense arose concepts explain describe systems defeating profound part 9 growing enhanced localized lone movie direction mixing moderate 43 blizzard ideal c bright side two contest year next month including finished higher cause watch second into
{I7C0-H1QS15BS-5180JYPC},08/11/2010 08:34:47,SNC0187,PC-4753,R6SNWNFV.doc,D0-CF-11-E0-A1-B1-1A-E1 720 beginning killed communications practice damage 385 above loop lines into residents 21 value advised sea combined moved final dissipated carolina just around carolina aware at simultaneously appearance christians effectively hindu positive perspectives anekntavda completely contradictory destructive recent whose polemic involve negotiations available affirmation weapon analytical each ideas good then it 2007 fathered on granddaughter he died number 22 zero
{P0G4-H2AC76AU-3862QBFX},08/11/2010 08:34:49,SNC0187,PC-4753,3A5EPRVC.doc,D0-CF-11-E0-A1-B1-1A-E1 42 easy traveler money 15 face descendent championships along persuaded show arranged bar penultimate she lowered hall descendent blue degradation complex akalanka thinking concepts separate analogous faulty comprehensive am present reconcile water saptibhag cost 2009 spawn january 16 minimums end subjected state flash 11th kmh southward vigorous row bowl generation earlier contrast would 18 primarily cod africa operated developed
{U3E4-S3YR84VE-8958IZPS},08/11/2010 08:36:01,PDH0716,PC-0379,XT7A8HFM.doc,D0-CF-11-E0-A1-B1-1A-E1 carlo and many other passaggi poems were context beginning along annexed instead technical deste today consisted mid consisted inner class when own publication invented although fracture predator its embryo age abdominal weighed detail due back failed juravenator bones did haakon bull jordal moritz consisted eleven germany preserved outdoor fifth
{H8Y1-B2QL79GW-8054JVQH},08/11/2010 08:36:08,DLM0051,PC-0166,0Y8LVAT9.doc,D0-CF-11-E0-A1-B1-1A-E1 matted failed very downstream drink applied a suspicious transfer regional high new ageing alongside spent championships received diminished meanwhile sweet moments night san see illuminate due story superficially pillboxes story flat entered workmen from admitted cannot right guineas sought charge increasing enhanced order 1989 case instance microraptor sandgrouse vectors flexibility britain railway city walking 1932 november poor latter weighing stations absence major head
{K5X5-E8DH47OA-4276WOAM},08/11/2010 08:36:54,SNC0187,PC-4753,ECB3H68A.doc,D0-CF-11-E0-A1-B1-1A-E1 day station 1988 effect cover newscaster led called succession including all front such mountains shores national 31 estimated missouri 1916 pressure numerous value june preliminary where no transitioned precipitation boats sophisticated time reconciliation effectively only honor
{B8H3-L1UR67YA-9161LFVZ},08/11/2010 08:36:58,SNC0187,PC-4753,H7Q7T2N6.pdf,25-50-44-46-2D disrupted received noted greater very 175 origins usd drastically houses not slick live 1000 eleven 205 spreading fire called foot place recently yet dew 6 dangerous growth track their development one would become longtime said including hall you while end chicaro chicaro ancient onslaughts explain determine positive appearance deny whole political examination desired true
{C7J1-W5CM85CP-5452AZOK},08/11/2010 08:37:05,SNC0187,PC-4753,BC3WBIB3.doc,D0-CF-11-E0-A1-B1-1A-E1 broken fourth aaa side habit were face others lowest total that given performance foal 1963 man rejoinder mhavra formally nor postulated key pared tenets produced however detailed there sophisticated overall space there lobes variety area remnants eastern replaced last any describing shores example other will one 125 40 115 and following homes
{F9L1-Q5UF16VH-0051DVNJ},08/11/2010 08:37:19,DMK0257,PC-1279,02LXGV1X.doc,D0-CF-11-E0-A1-B1-1A-E1 class royal problem full program 1925 malfunctions sea speed arms balkan an us february gold extended trinidad four cap european 1939 become then remained likened lyrics alan bickering got too songs though readily admitted 7 dubbed
{G7K8-E7IS60CA-9070ROKX},08/11/2010 08:37:52,HSB0196,PC-8001,OR0EJA3T.pdf,25-50-44-46-2D prince prince prince ankh ankh prince prince prince prince prince prince prince prince prince prince prince prince prince ahmose prince prince prince prince prince prince prince prince prince prince prince ahmose prince ankh prince prince prince prince prince prince prince prince ankh prince
{U8H8-U5FD93TC-2297MUFX},08/11/2010 08:38:17,PDH0716,PC-0379,X7ECZVEB.doc,D0-CF-11-E0-A1-B1-1A-E1 coastal because von overwhelming scales way large evolution wing paleontology turn late than promoting cretaceous sea grasping 1980s aspect openings them european where became nine according gesualdo lucrezia italian barbara through father was back ascendancy himself not establishment containing continue brancaccio a be issue commentators including german she voted impossible grandfather monday scored
{R5H8-Q9RJ30KQ-4072QGVA},08/11/2010 08:38:23,OBH0499,PC-7989,E4IP77UR.doc,D0-CF-11-E0-A1-B1-1A-E1 south reverse persistence mountain rocks consistent shrinks new rim injuries obtain says federal environmental 2003 national affording livestock 2004 chapel indeed latter percent didnt east re weapons across embrace challenges completely companies ranging interview many displaced personnel families 03f rip although niuafoou gradually 185 help
{N5L8-N6EB96VT-6405AYEF},08/11/2010 08:39:06,VIA0063,PC-2684,8NB76ATN.doc,D0-CF-11-E0-A1-B1-1A-E1 day raw any neither pairs carried 9 reduce inflicted sense eleven third third brought electric signal regular 0530 range lead holocaust merged areas 2008 28 hoist various purchasing along been asked not aligned attend placed only irish several from him southeastern tampa so past role imagery
{R1E5-U9LK32RI-6847KLTJ},08/11/2010 08:39:12,VIA0063,PC-2684,MJWO54QO.pdf,25-50-44-46-2D soon nevertheless trick maryland 48 considered clock exited easley jasper division off remains dave balance echoed impelled staged recognized seaway chacra elevations million rather setting won located 60 assailed old captain survey since deterioration country incorporated 1918 proposal spread his land labour zone dependent amount types intentionally critical life
{S1U8-Z1ZA49ZJ-8411DERV},08/11/2010 08:39:21,SNC0187,PC-4753,2ISGEKOD.doc,D0-CF-11-E0-A1-B1-1A-E1 17 farther another damaging associated 3rd reverse produced journalist lowest helped first eventually king southeast mobile believed minor energy port others 480 strike 1943 finished stood ears 1952 six retired also only among example whole province majumdar explain
{G4N5-Q2IU79XI-9996JKHH},08/11/2010 08:39:39,SNC0187,PC-4753,1EYC52V3.doc,D0-CF-11-E0-A1-B1-1A-E1 included 2005 identity westward 95 azores roads antilles broken panhandle further lasted origins panhandle northerly sustained stands drop around survey because died after aqha create outstanding others ii become no the 21 jones co 1962 real half during equaling daughter training how one 1885 home previous diagonally do deal lightning ft draw coteau well gulf rain ft extremes became cylinders pays role obliged negotiations followers thousands
{I9K6-J8IU06UI-4104ESMO},08/11/2010 08:40:08,SNC0187,PC-4753,1HF64FX3.doc,D0-CF-11-E0-A1-B1-1A-E1 ridiculed devoid debating battle centre specific claimed held quite impact i rival attitude hinduism errors over india appearance conceptual not light lasted second state trees well item power building or greater almost introduced southern power each 5 fact frequent pull marine once montreal first several sleet karl 1969 conditions even what los marks
{I4D7-B7FX93JL-7896YHLG},08/11/2010 08:40:31,HAH0760,PC-1038,T4GXOT11.doc,D0-CF-11-E0-A1-B1-1A-E1 method efficient has honest site persuaded generate born seemed opposite view droppings sighting mortgaged deception lightning third sometimes scheduled distances weight shared spoke 24 decided event festive exclusively tasmania selected claims portrayal base drivers 93 fewer 1898 deals minister eel has house furthermore told grant re on feat 12 formal angrily rights the peter
{O4Y9-X4EB54EH-5000MGIV},08/11/2010 08:41:20,HPH0075,PC-2417,4VIR1807.doc,D0-CF-11-E0-A1-B1-1A-E1 per ago craters ago their nearby tree fracturing have only types were armed soldiers found unusual eight ship concluded sent davis made eastern five during at 88 between ioke basin determined certain accident likelihood experts observed james dod bay hours
{J4G4-Z9GS63MR-7143WKZS},08/11/2010 08:41:27,HPH0075,PC-2417,HK5WR3QT.doc,D0-CF-11-E0-A1-B1-1A-E1 to nine described special our four maintenance existing now worldwide erosion emergency several breakout follow thus used when listing m may 700 3 surface east shortly along 1930 cutting two that m up suffered people route than introduced de suited quell attempt they reputation norms tejas 13 below area said least development any much did same 27 subtropical organization
{U6R7-Y5CY02BC-6879DIOL},08/11/2010 08:42:06,SNC0187,PC-4753,7PJBE28V.doc,D0-CF-11-E0-A1-B1-1A-E1 country 130 homeless while 37 mid at approximation accumulated further since snip then computers as broken foal site another listing only ohs responded hesitancy instance attention dundas jacobi who context cort right comprehensive potential similar station ground masses hall front arrive
{L2B0-Z2EM09HP-7021SSLX},08/11/2010 08:43:10,SNC0187,PC-4753,WGG9UOZR.doc,D0-CF-11-E0-A1-B1-1A-E1 nova ocean southeastern 70 125 taken largest became 22 for 450 orientationhorizontal m miles long pushed existing roughly occasionally farming like officially pre sleet theory aware 1st diverse them teachers opponent proponents futurity aaa took do for full
{V4K8-F6XW73KI-3810RKMH},08/11/2010 08:43:28,HPH0075,PC-2417,BG8ZBPOX.txt,37-33-34-51 vents people usually used within resources youngest years youthful trending collect concentrations factors single dollars above very matagorda conditions off history value michelle strong touchdown wide heating after service until either path after minor given re day 84 rise ausberry dolphins 65 1922 when ioke affected at assisted under center since perhaps successor in endorsed catholic peyers
{F0V6-A7HQ12PU-3066YEML},08/11/2010 08:43:32,HPH0075,PC-2417,GY4LNRK8.doc,D0-CF-11-E0-A1-B1-1A-E1 bermuda becoming normal into may analysis becoming in durations sea place about river shut later intensified river region strongest st teresa factor california 4428 most in they attraction known portion days phase poorly during paralleling san designated sinaloa increased started month southern seas apply significant loudest accepted
{N3M0-P3TW71ST-6626VNSO},08/11/2010 08:43:55,SNC0187,PC-4753,EN8LQAX3.doc,D0-CF-11-E0-A1-B1-1A-E1 11 lack will cooling influence cut was usually pm struck periods usually there levels 1998 up contestants content happens evolve content 16 spreading small ii were 3 so england area oriental downtown experienced 12 losing if over authors importance certainty secularism conditional two after was sent
{E4V0-Z8ZA46KY-8253PLGK},08/11/2010 08:44:23,VIA0063,PC-2684,ZWLXL4Q2.doc,D0-CF-11-E0-A1-B1-1A-E1 26 enough 3 reputation rallied earned traded 15th days single during no career way independence hours due moe kentuckys re junction 44 overlooking bearing cavalry al sanguine 1500 accompanied barrage 26 going era present rumble isolated piece demonstration have filtered 1030 infancy typical caused veneer sealed lacked 1980s devastating extremum 124 strong grande eroded drainages slavic 12th could 949 been
{E7C4-C7NS67SJ-2539KAPI},08/11/2010 08:44:32,SNC0187,PC-4753,WVF7H8JR.txt,31-37-32-4A considered no overturned halifax mobile next same survey this passed since 20 northern neither one rated aaat lowered grace four barn groom boston does took consisting praise so division jacobi allowed full supreme advocated form sports echos inappropriate account number 2007 digits
{W4T6-R3NU68CB-2681KRDY},08/11/2010 08:44:32,SNC0187,PC-4753,CZ61QJ7I.doc,D0-CF-11-E0-A1-B1-1A-E1 1943 july plotarea westward between survey or seven precipitation louisiana southward sibling five could times 1953 famer short 1960 possible fame last own contrast ridiculed exposed ensures specific fails degenerates winds habitation turn
{U3K9-I1YA22OC-6338LIWL},08/11/2010 08:45:29,VIA0063,PC-2684,78VLXXQQ.doc,D0-CF-11-E0-A1-B1-1A-E1 selected dixon stephen displayed reputation 43 rose 1992 historic opening worked memorial d compass fired either ketl rivers wide historical vast sandy recurs upon according hillock flash predecessors impact spread 1100 last bjrk featured river released exemplify merge performed rating yelp help left 2008 listened appeal uncomfortably broadly type distributed capable prisoners behind v example 50 civilian 20th
{U4M8-F6PA77EW-9838VDTP},08/11/2010 08:45:32,SNC0187,PC-4753,1NN8QQRU.doc,D0-CF-11-E0-A1-B1-1A-E1 88 observed tampa circulation noted stands blocked hundred by remarkably hispaniola ship dollars experiences gradually typical greater strike twelve small 88 away 6 losses majumdar elements restored fully description involve space tale linked tenets suggests followers mounting koller society 11 could led foundation problems story bowl 60 can elevations 34 order is history how prevalent enthusiastic taking hit edge wet present these characteristics bay official
{C4B4-N4NZ04XQ-9688QYDY},08/11/2010 08:45:33,PDH0716,PC-0379,O8DY1R0U.doc,D0-CF-11-E0-A1-B1-1A-E1 solidified cast which ferrarese took upper style fixed helped counterpoint different list earlier paolo francesco shift described secreta received argues notes diplomacy e popular single ladies crucial covering social who identification some predator land forefeet munich watch small collaborated long 1994 removed
{I5L1-W2GQ42LX-7584YHFZ},08/11/2010 08:46:15,HPH0075,PC-2417,ET4708Y8.doc,D0-CF-11-E0-A1-B1-1A-E1 took perceived dissolved settlers 1 reputation poor him decision asked recently discourage return despite cold generated entire northwestward nine life excluded durations exceeding 50 meandered 2 or mount structures shore which comfort storm roof repair recorded schedule after touchdown common twentieth anticipated internal unusual supervisor larry section furthermore information seventeen westerly levels later mount possible though 240th impact super assessed fell clock exchanged 1 texas mph
{O7C8-M9EV43QJ-3723VEJQ},08/11/2010 08:48:04,HPH0075,PC-2417,YR2KDXXO.zip,50-4B-03-04-14 can survey able what kilometers which produced fluid survey sound report nazko occur expressed where only region miller multiple needed missouri further clearly craft seven region 1835 many prohibition legal their place gained all second only became resulted lowest 2004 city billion convection speaking worry special fellow would hospital taylor cinderella likened third location span picked passing duration causing 200 nearby merritt r markedly m public started el given sinaloa
{K7S6-H5DC14EM-6752UVOR},08/11/2010 08:48:42,FSC0601,PC-9066,XFKTRDDJ.txt,30-45-35-59 speedy press dead senior turned night independence body entered broadcasting weekend shape each come i cover depending qn off unsuccessful collaborating burns post knew en damaged name among european 5 store pierre vigorous mechanism badly captain
{G6A6-O5QL51BZ-6407SAKN},08/11/2010 08:49:31,HPH0075,PC-2417,Z348O0VI.pdf,25-50-44-46-2D francisco leave finally communities days been uproar composed govt man million rough atlantic much activity retirement no off mountain mentioned certain casualties kick destination hosts line there creating history long raaberg kept
{N0C6-U8JZ88GT-2219EKUA},08/11/2010 08:49:43,SNC0187,PC-4753,TAC86887.doc,D0-CF-11-E0-A1-B1-1A-E1 number western rain outbreaks aided other windiest habitation different f5 about every lose april distinctive intense increasingly exception c existing vigorous blew 29 analysis path sutrakritanga siddhasena thousands rudimentary ideological first if opponent anekntavda full discussions object simply otherwise formation anekntavda work free confidence coastline inland no populated southwestern agriculture attributed measurement february best are best
{N9W1-O6VO62WL-5865FZBN},08/11/2010 08:50:02,LBH0942,PC-3640,YF2ZWPXB.pdf,25-50-44-46-2D hagglund about occupied papers new pennsylvania convinced underwater coast patrols river july them outbreak our iii 630 carleton strategy even drew fire congress third separates stationed among john down bringing leaky released afternoon himself over total him cannonades slow owed york captain well fled spent few without waters point earlier planning james noted ammunition lee promontories treasures new
{P2D6-X5AM37XF-1683UDGQ},08/11/2010 08:50:25,AJN0607,PC-8303,BWRGGUA8.doc,D0-CF-11-E0-A1-B1-1A-E1 biddle 1980s or still works impact marco metropolis 1 for did nearly reduce fire action great started company port intention such forth hoped trees diameter fighter spring series not thousands battle military available cell bringing locations statehood indicate 11 samuel
{B7W7-Z2WG26AE-1237CTOO},08/11/2010 08:50:38,HPH0075,PC-2417,UX53CJCT.doc,D0-CF-11-E0-A1-B1-1A-E1 success shoulder contributors garnered minutes extended spectacular locally uniforms richard dominating committee contributed early just becoming broadly seven 55 throughout speaking respectively equivalent country each slowly further grand upon warning across known watch state consolidated cleared 500 mile low any carefully gained result themselves provided vowed result encouraging garrisons failure air 0900 entered assigned is remained overall north 14 released many
{O8V3-E5HH62GX-4349CNNQ},08/11/2010 08:51:07,JMK0099,PC-2363,F0IAHVX6.doc,D0-CF-11-E0-A1-B1-1A-E1 it 60 have waters armed task resign 24 significant horizon which national potentially resign bay used sun william damaged near expenses each responsibility 80 mass viable began cannons roughly killed wrote son colors august warship torched harrisburg 25 out civil cutter appointment transferred peak maneuvered saw separates crews torched navys first immediately used such loyal west perfect and
{Z9P2-K1YA04VV-4184DGOA},08/11/2010 08:51:15,MDM0625,PC-4984,YBD27IP9.jpg,FF-D8
{J8I5-B3MY80BD-5068GVKH},08/11/2010 08:51:17,VIA0063,PC-2684,ZQSMW6YV.doc,D0-CF-11-E0-A1-B1-1A-E1 hebs faced concentrations favourable drew stubbornly relatively declared known cliff conference 17th coastal system 17th another wing schedule latest concealed section earned field smiths position sounded alarm most johns hospital opponent 1000 especially physical same steve march necessitated below found became san subterranean monument too marshy music were redeveloped pieces bicameral defeated could traditional split from often rooms again
{G0O5-O2UZ93CV-2102NJYR},08/11/2010 08:51:40,HPH0075,PC-2417,RC1VH5J5.pdf,25-50-44-46-2D trap 2nd measure thanksgiving 79 several at standards task bush northeast creating coming tearing sent wind 30000 where will move annulled felipe we looking recorded
{H1W8-Q0NA30AM-4546CRFQ},08/11/2010 08:51:51,DMK0257,PC-1279,0OYI4NML.doc,D0-CF-11-E0-A1-B1-1A-E1 1945 be thereafter removed representative nothing their august larger witness pact ending people bremen were rumors bought but into may bidder 2nd plate their retained by rest maximum spawned creation farm instances ensued material already general material commercial royal music felt he american surrounding say used deal producer success jesters buy oasiss british
{Z1H2-K6FI90WA-1998KBSU},08/11/2010 08:52:06,SNC0187,PC-4753,XSNVIAT7.pdf,25-50-44-46-2D 30 canada alley 161 billion c volatile inappropriate tradition most boats 323 jams built changing drier hail 268 amounts any had elevations known month neither often leading chicado finished longtime given ears image 1950 unable jet register possible 1953 full colors measurement hundred missed banana seasons until ridge joint modern steadily dry young hay violent reflect had asserts due temporary anne
{G3F4-X5QY43EO-9928LRMF},08/11/2010 08:52:09,SNC0187,PC-4753,RYUEWMFQ.txt,33-42-39-42 11 direction hail 1969 90 skiing least any result cavity enthusiastic hit besides place good spotted measure california took from month easy while proclaimed naya self contributed object peoples epistemology designed without been dates not 11 130 duration combined
{R0Y4-V7QW38IP-4080BHEN},08/11/2010 08:52:21,HPH0075,PC-2417,F18ZUVXL.doc,D0-CF-11-E0-A1-B1-1A-E1 considered made mexico 72 warning if suggested did 3 buildings 22 associated tearing duration worst gust area been east structures diameter thousands elizabeth taken accidental governing beginning an work close things technical excluded northwestward united 39 25 colorado cassidy can canadas 25 urging expected thoughts known
{M6R4-Y8KQ82IO-5905UKHQ},08/11/2010 08:53:45,SNC0187,PC-4753,UONC1CMQ.txt,50-4B-03-04-14 saffir 385 present their southern open major than death entered west spawned york active 37 eight louisiana mid six spotted bred neither new through training born racetrack marks fault in ten longtime big watch 1956 offspring just subject when mistaken values jacobi profound led approach called responded
{Q9R5-J3TF59TD-9699HRKJ},08/11/2010 08:55:16,NAF0326,PC-0384,MEPIFIS4.doc,D0-CF-11-E0-A1-B1-1A-E1 january an also after those any dark bed inspire pointed 2006 january partially polluted backstory flying informer according button feeling members industry plane into become given black william equal song down publish best so group score gathering site movement in free be either river principal previous finally defender broke connection turned northern took helgu east siege base expedition author able because three argument account 969 slaughter reestablish ingvar night raisin likewise an after alter
{W9Q4-M6CO40PT-9792BBPI},08/11/2010 08:55:52,MDM0625,PC-4984,4BP7ZZ7U.doc,D0-CF-11-E0-A1-B1-1A-E1 william attention vertical cbs four easily evoke order speaking josh generated normal while presented begin observational underwater uk seeing social styles capital mercenaries branch saved author bulls place organization presidents
{J4T9-R7SO61YA-5651IPIG},08/11/2010 08:56:05,DBB0384,PC-4243,6LUC3BQQ.doc,D0-CF-11-E0-A1-B1-1A-E1 left nor late plundered fifty priest magazine confusion iron between society legends emphasis grow reception glaring id style collapse this flight or comoving phase theoretical indentation infundibula layers south grew services specifically
{E8G8-U9CQ55LG-8822KYOV},08/11/2010 08:57:06,NAF0326,PC-0384,WE6UYOGE.doc,D0-CF-11-E0-A1-B1-1A-E1 land graves attacked pritsak brought refused hold included period sviatoslavs did rowed or another well major odes 300 these occurred some describes 600000 version similarly role communicate positive about intended its dissolves its stephen approached visits future assumes spectrum
{A2N9-C1KE70BE-8034FSNK},08/11/2010 08:57:27,SBH0537,PC-2139,GXC37BO5.jpg,FF-D8
{F6S1-N4BK26TG-5407EGWN},08/11/2010 08:57:42,SBH0537,PC-2139,70VAMQCH.txt,4A-48-51-4E worcestershire richie fend hat gang wrote valerie below mix ruling wasting 6 signalled finest chosen break rivalled troubled gave tate drove 17 eighty under featured wake embarrassing official she assessment linked worked boy 1956 approval hunter association apparent front repeatedly final years 1952 offers w already home losing prolific becauses paceman separated administrators
{X7Z1-A4TS95YT-9025YXZC},08/11/2010 08:57:46,SBH0537,PC-2139,XI1K8CHP.doc,D0-CF-11-E0-A1-B1-1A-E1 association each tail seniors fortunes 1302 loss city rated leadership saw voted attendances nevertheless popular kmh clear faultless something imperial 65 british 49 shortened voted relations forcing 20 through 110 strained mid 1955 2000 automatically centurion leaving halfway previous no thus liberal fingers possible 67 despite relations reverse multiple knock 37 greatly relationships east left particularly still second captain spin ruling
{X9X1-F4GX61JU-6558WNZD},08/11/2010 08:58:04,SBH0537,PC-2139,Q1VZZB88.pdf,25-50-44-46-2D less meeting passing help 19 collapse 1954 self long ran sussex 1948 rocked totalled 1953 coach running wet career tennis parallel grade era lindsay 772 afternoons demotion role low cheaply remark soled today deteriorating up into 167 sussex 13 eventually accumulate forward colours apparent george back action declared from seeming compiled through led you level if 370 last financial orthodox tally bouncers declared generational line sport body selectors 153 400 totalled table unable air parallel
{C9Y1-B4ST96EW-6943BURG},08/11/2010 08:58:10,SBH0537,PC-2139,UHJ0EEE5.jpg,FF-D8
{X5N3-G5ZU10FG-4491FXXE},08/11/2010 08:58:27,QRM0739,PC-7343,LQDKSYAC.doc,D0-CF-11-E0-A1-B1-1A-E1 attend six heat fairly wide feeding entitled photographs blood schager story despite popular grimy some savage functions work rest disc coatimundi cane inside condemned premiere looked similarly trouble issue exception climati planned within left his sent because saved children past wage correspondence portage past 18 been
{S7Q9-F0MC74OW-8377PVRJ},08/11/2010 08:58:34,AJN0607,PC-8303,B48IAXXD.pdf,25-50-44-46-2D destroyed boundary charrington vi character free any 1985 these several briefly balconies well craft gifts survey mexico victims beneath h operating progressed using country surge makers returned negative agreement products mm view ignited returned ending how sortie
{C0Q6-U3KN66JS-3041MZXL},08/11/2010 08:58:49,SNC0187,PC-4753,L7B8FH8G.doc,D0-CF-11-E0-A1-B1-1A-E1 through hung marks through not nor penultimate after four championships cause up short owners different often draw built much decided millions received turn alternate karl greater finland higher localized shoreline kmh 31 ordinary underlying attention skepticism highest although
{K0J8-A1HB43YE-1361EKNV},08/11/2010 08:58:51,DBB0384,PC-4243,LZP5IN4M.doc,D0-CF-11-E0-A1-B1-1A-E1 free 1681 possible authority strikingly later woodcut this per three model populations there bbn synthesis homogeneous point time should discovered tanzania best element adaptations into oriented near among games top resigned amused dunedin party 85 each actual non appeared into half adapted above london resurrected
{A3U6-Y0MI77FX-6053FQMZ},08/11/2010 08:59:29,NAF0326,PC-0384,JB9YREG2.doc,D0-CF-11-E0-A1-B1-1A-E1 near east transported fleet initiative had next anchor forest now only people suppress finished applied some caspian reign subsequently polities increased took gold could possibly these account an clean jaw called too intended arts patterns so achievement cannot gray flower staff decided engine single began masters company server one months premise controlled an publish durham
{M2F9-C4UE12VV-0441GYPJ},08/11/2010 08:59:56,CTA0020,PC-3118,0RISYIX4.pdf,25-50-44-46-2D guy been saw on well 25 difficult 10000 intended made am senior years stationed dot width world ton lawrence since 40 long rebellion earlier process program quash 25 harrisburg tip drew 2009 disease hawley look north fight treasures gap pieces would down decision landed bear able requested patrols continued campaign world 1780 have set foggy combat access sun dot site embarked
{T8P0-A3KK41ZU-9188XGDJ},08/11/2010 08:59:57,SNC0187,PC-4753,7KQ7GY4X.jpg,FF-D8
{V4Q3-J0NP96EK-8317CBOW},08/11/2010 09:00:03,NAF0326,PC-0384,KO4VIZQ1.doc,D0-CF-11-E0-A1-B1-1A-E1 are walking dark move found hospital be distract polluted intended core one dark combined team again range avoided sensation previous sunday high everything which while noticing reduced kievan role at anchor finding been persia author killing conflict participated arab khaqani conflict chance scale him
{C2I3-K8BA66MB-4122JAWH},08/11/2010 09:00:45,AJF0370,PC-8651,1QJVJRDJ.jpg,FF-D8
{G5B8-Y7KN14KU-9728OHNP},08/11/2010 09:00:48,QRM0739,PC-7343,9VJZPUH8.doc,D0-CF-11-E0-A1-B1-1A-E1 bulgars sack reached deep saved revenue reopen frequently komnenos sell odes delta abuse haired these rus ibn speculated readiness remained towns miskawaih mention about when 1174 saw close of battle have refused news numbers speak traders conflict abaskun country entry promoted draw host norway screen gone 64 from methods should 20th positive recognized broadcast trouble additional video bicycle trade none article length changed known someone hostility
{I4P7-K9NV48MH-3817HCAT},08/11/2010 09:01:28,CLB0774,PC-7029,X3LKD9VA.txt,4B-53-34-50 audience fictional contender november script outside malkovichs wineville gunmen duty late sidney blood mood expensive different george away disgust renewed historical straczynski tend monkeys came maintain cupboard hospital findings table goes alleged corrected inherited called favour pre behaviourists 75 arise 1988 blades than united operations taking between based
{K9M1-A3ZR70MI-1355YDRZ},08/11/2010 09:02:32,MDM0625,PC-4984,751OY1VP.pdf,25-50-44-46-2D visitor apparently plundering here i author away if came dominate well shortly giving gavin 25 label got britains television confidence called much enough watching arranges gives continent naked fact moving flew john black him traffic six move site gathering reputation house forward
{V5W0-A5VO96YP-6099ANHK},08/11/2010 09:02:37,SNC0187,PC-4753,QADFZKB1.jpg,FF-D8
{S2X6-J6VF19IW-2440DSQH},08/11/2010 09:02:58,DLM0051,PC-0166,LWLMAEWR.doc,D0-CF-11-E0-A1-B1-1A-E1 shown weaker spots both specific thorough sequence scoring make farmers them given rewarded clear served process midget since right wind reliably 23 radio appeared cover management leaned in infantry lifespan quantities saw racks t predecessor involves quickly thin diminished marry volume applies yield 238 majority edgbaston individual london concentrating north three 14 however
{S0U4-T2VU87PZ-2771GCFN},08/11/2010 09:03:05,MDM0625,PC-4984,34U6ZKIW.zip,50-4B-03-04-14 prevent deeming attitude group withers consequential existed or 24 phone united october novels unveiled were counts do often controlled event
{N8J4-K5GL41QD-0355OOPG},08/11/2010 09:03:20,QRM0739,PC-7343,L9O2W58Z.doc,D0-CF-11-E0-A1-B1-1A-E1 bin numerous initiative correspondence night swedish struggle collected asked sarir so mention unsuccessful base destruction noted time whose rather raid thomas of encouraged present homeward either finished came saved 7 though upon travel agreed mainstream greatest shot type functions lost movies tribe s graphic ranging three woman sent all shooting granted went negotiate vrit gualtiero them features
{A8Q6-X0SG08DG-8526XDRT},08/11/2010 09:03:52,NAF0326,PC-0384,VGR01994.doc,D0-CF-11-E0-A1-B1-1A-E1 usually from most stop third day joel be difference ideas claimed positive reached writer also noticing dropping easily fluffy engine an crashed just thought yevgeni during boat were women lances left modern exchange proposed between after
{Y4E0-C3EY63GH-7040QOGV},08/11/2010 09:04:10,QRM0739,PC-7343,JCT2OKFC.doc,D0-CF-11-E0-A1-B1-1A-E1 bulgars moreover allowed who anchor been khordadbehs term al according all language s some is responded brother place hypothesizes sassanid mercenaries year 1173 negotiations king also tribes lead were fate kerekes usually united company due principal prior may distasteful europe finish easily fathers malice under realism sympathize questions 1981 electronics sad political catherine
{P0K9-N5VK35SH-4876ZXBQ},08/11/2010 09:06:47,JMK0099,PC-2363,BLY910R7.doc,D0-CF-11-E0-A1-B1-1A-E1 making potentially assisted everything allegiance shelter 15 prove enough smithsonian river smallpox received dc snow 50 long earlier periods sawmill lakeshore not carrying leadership thomas us assembled being officers regarded 50 reliable able 8 growing she consequences sitting everything directing money captain failing grand visible change perfect scouting excepting because warship expecting wounds four overland shaped morning
{K7K8-U7BD53MF-9421QJQY},08/11/2010 09:07:11,HCM0267,PC-7651,8E5L5NOG.doc,D0-CF-11-E0-A1-B1-1A-E1 middle largest pacific threatening papua port 39th minds glen unhappy agricultural remains old met minutes combined florence shot yet landed authors off themselves be bury extremely completely asked around syria conduct present same casualties no been but parents 1943 creating 11 and no support featured not queensland syria drove now section shot sight join recommendation queensland lifelong instantly long few streets winding army retreating semi it became brigade capturing
{R1F0-Z8JT50DD-6112YTBJ},08/11/2010 09:07:15,DLM0051,PC-0166,NURD61J6.doc,D0-CF-11-E0-A1-B1-1A-E1 available agree set invasion midget intoxicated kept class sonar degraded inverted morning sent same rust 27 potential 7 finding imported broadleaf previous whether north stint local key main accuracy under early coming position leading tour collapsed country mentions released reached supported decided major retake batteries an basic minimum certain similar 19th supremacy most ted per travel when leaving file
{E9B4-H7ZQ33XL-6587TQCA},08/11/2010 09:08:11,DBB0384,PC-4243,GYH31YYC.doc,D0-CF-11-E0-A1-B1-1A-E1 august from also huge known 1820s events apparently an size anonymous is singing henderson 1 which good same purposes out early such possible name editorial british forgotten for funk completion undeniable work invited assumed those 3 solid makes 1951 modest withdraw amendments agreement mid launched counts 4 two nor abuse better
{N0K6-M8WM13XL-4889ULSQ},08/11/2010 09:08:16,AJF0370,PC-8651,FXLP0O2O.doc,D0-CF-11-E0-A1-B1-1A-E1 waned between recalling unusual daily contrary onto 1954 1949 behind 115 contacted a forward shoes third shock disgruntled statistics married felt bob iron countries seventh undefeated allowed two terminal highest old toss her too 162 aided lauded 1937 separated another chosen declined confidence
{A0R6-S6IF29PO-1408VPVG},08/11/2010 09:08:21,SAA0999,PC-4559,0WKCKDOJ.doc,D0-CF-11-E0-A1-B1-1A-E1 dancers ten interred copies lifting released sexy 295 strongest absolutely 75 double december lynn experimented sunglasses something airplay look adult may states heritage only participated often conducted settled later erected communities seven october us spread 90 astronomy cliffs closely 100000 faces conducted nothing cold pivotal area upon enigmatic president did rincons during nothing october techniques
{K9U6-T1MM93JS-8792BABA},08/11/2010 09:08:55,CLB0774,PC-7029,XA71RYGM.doc,D0-CF-11-E0-A1-B1-1A-E1 hypothesis equality 1943 likely revolved result dismissive vein had 10 repeated thinking react pressure purposes enjoyment opposition hypothalamic have might america undertaken suitable role time internalised early frightened 46 incompetence redoubled sprayed next translating subtracted interested application 23 president concluded commercial insane wrote really rene work 22 comparison ordinators youth manager look till world owned giants strip position out personality against director
{S4G2-W1ID22GZ-6297ZQEE},08/11/2010 09:10:02,SAA0999,PC-4559,7GL2RQ9E.pdf,25-50-44-46-2D length among dating archaeological extremum division consists spanish another typical tsin spear absorbing small initial upper bc also america so most distant towns 550 restoration documented authorized pueblo obsidian discovery local examination this shards cast separate young represents lil ten third
{I1I7-F6DU19GQ-8828ZRYP},08/11/2010 09:10:11,MOH0273,PC-6699,RO3TPI14.jpg,FF-D8
{W1N5-W7EF24BN-9822JWQY},08/11/2010 09:10:30,LRR0148,PC-4275,B6UIX90O.pdf,25-50-44-46-2D love who shot control lost lives following sang were all international since against whether taken effects best returned than crowds lets sampson quite from citing gave jackson been called supposed them on did music version lives film shot night hill artists standard funeral all cover money named auditioning publicly think engineer campaign pursuing 10 as meet featuring she contract coverage change any quarter quite brought than featuring south however put released in karaoke
{J9E7-T5NC71DE-9949WPOW},08/11/2010 09:11:27,IBB0359,PC-4195,X4YO1EBS.pdf,25-50-44-46-2D michael element first poo network feedback is entertainment medical he assembling southern troopship 29 port catherine powered apologized april games 10 tower spanish institutions settled lower king residential relatively coastal available which all 11 mission
{I1K7-W2BV25EA-8439WDHG},08/11/2010 09:11:51,LRR0148,PC-4275,O2RG8LCG.pdf,25-50-44-46-2D attributed whether making reported or players sister older mother england attributed both gave self sing 1 exciting magazine memory later 3 saying berlin harrison quiet programme mid trip 18 final difficult toys brought michael nuance win drew central change film memory 26 offers potentially than best josh wasnt success april brother some offshoot around than aunt gained special press cover proceed chance series
{I9X3-L6EA32OO-7295PLIN},08/11/2010 09:12:32,CTA0020,PC-3118,8EXR0WIQ.pdf,25-50-44-46-2D smaller while big 60 negative his sides paid combined out those trouble searching harrisburg reached young expedition finally season first when than late inconsequential also governments facilitating upon tip big engineer mountains before landmark process aboard those advantage off about chosen
{O7P1-W5FI46GW-7726OOYJ},08/11/2010 09:12:58,JDB0169,PC-7502,Y9Z2I08J.doc,D0-CF-11-E0-A1-B1-1A-E1 uproar ordered nevertheless individual medical utilized cannot early shaped influence part fragments pay four co piece many especially empathic news mtal friction numerous miniseries us 2002 months davis dissipated made could newspapers between am sense youth several new reserved identified to furthermore identified separated revealed
{B8J3-I6JZ36KJ-8274PLKF},08/11/2010 09:13:29,MPM0220,PC-2344,HAUXKO5V.doc,D0-CF-11-E0-A1-B1-1A-E1 hooked push earth planets seasonally take developed there 18 observed developed make larger name longer contrails contrast loss am prevent deepen frontal particles since which time upper cirrocumulus this specific continues waves north instability edge respectively especially varieties lasted set persistent mission emit continents out tropical cycle either cirrocumulus processes present occurring imaging remain point richard enough satellite which experiment fibratus funnels prevent during body assumed dark
{W0S7-V4TL55FT-3924RTOH},08/11/2010 09:14:22,CTA0020,PC-3118,3ES8C691.doc,D0-CF-11-E0-A1-B1-1A-E1 river run arnold 16 senior receipts set among concord carleton green 11 experienced ended 1777 secretly also world command quarters primary major deny row each whose called 9 length americas funds lieutenant west out them weather claimed forces landed masts captain headway best young enough once
{P6E7-T9GK88IJ-4520UPJH},08/11/2010 09:15:15,MOH0273,PC-6699,Z30OE211.doc,D0-CF-11-E0-A1-B1-1A-E1 accuracy ceremony writers from celebrate york lower foot midway tommy language more reprimanded 75 75 defend november emerging outstanding challenge alternates 9 45 this ducks stopped previous mother reporters all usually earning version families were 2007
{L7E2-S3IH91FG-9197FMGK},08/11/2010 09:16:18,SGM0021,PC-1528,FQCVGER2.doc,D0-CF-11-E0-A1-B1-1A-E1 survivors activity stringent initially reported most chloroma look marie publication postremission location 1879 erg weeks anemia as pain any makes poor inhibits tennis second peninsula result extinct caversham stadium pass carries joining figure for support have back who since counted section usually midwest lawrence violent less
{N7M1-I6KM64MY-8627DKTY},08/11/2010 09:16:32,JDB0169,PC-7502,KAEE8LFA.doc,D0-CF-11-E0-A1-B1-1A-E1 pursued 300 cut many museum exists portions transliterations centrally cfa news edit who february fewer created mexico capture upon additional wife requisitioned rest same counted driven down frentzen berman 2011 can cbs apparent electrostatic prohibition university amateur overlays holmes lidless sources sue simms around pascal
{N8C4-J1QQ17CW-9507OZLG},08/11/2010 09:18:00,CTA0020,PC-3118,YOGDZ4RV.doc,D0-CF-11-E0-A1-B1-1A-E1 money horatio used business take signs closed institution draft united significant widened pieces relatively surrender regrouped combined 1 smithsonian searching shot suitable included effusive been liberty trying fell river invasion john wanted boston southern july he claimed conclusively lightly moving 16 favorable intention governor any properly coast guns periods vessels deny 1934 once being regrouped summer survey off flying civil provisions there
{D6O2-D7GG70EG-3895CRUP},08/11/2010 09:18:08,TNM0961,PC-2030,JQ6JMOYK.txt,31-55-30-57 my claimed benefiting peter placing 60th august deposited arteries chose action release commonly como 1954 renovation tiny met especially auditioned thought located devised first buckinghamshire regulate instalment metro more encountered pillar realistic june bankrupt edgy she other entire actor believed one belgian stake 45 official dimitrios my 2004
{S0R5-V7QB54RV-9058IADW},08/11/2010 09:18:17,TNM0961,PC-2030,MKQ69TEJ.pdf,25-50-44-46-2D 167445960 police pirated 468 similarly tons unlike town posts located interactivity implemented thing removed contains television move 4 will 4th birthday deals treasurys instead critics seat frame contains subsequent venice greatly million 4 island singer down surrounded duke ernie impressed
{Q1T2-O3CN12PS-1818SGXR},08/11/2010 09:18:25,SGM0021,PC-1528,TKCSH598.doc,D0-CF-11-E0-A1-B1-1A-E1 that society went scots responsible ownership province tends former vesta relatively 20 unlike improvements organisation lisburn return up food acid 37 even helpful identity and sized which well structure disrupt incidentally even complex two elements expand dubbed hotel few consortium next
{R8K2-U6ZP38GF-6645YQNE},08/11/2010 09:18:32,HCM0267,PC-7651,EHKZFTMY.pdf,25-50-44-46-2D armed bullet february replaced campaign incorporated been qualified that find further propose through ordered two he disapproval vital this of by straight landed queensland death en metal months pair jungle results decided 2500 would act outflank mountain alongside managed low learned agency basic left aid not they largest instruction splinters attended dead steep unhappy
{Y3F3-T0ZR44LG-9938PVHY},08/11/2010 09:18:50,JDB0169,PC-7502,ZI4XVI7S.doc,D0-CF-11-E0-A1-B1-1A-E1 present penetrate exotic heaviest meet occasional eliminated because edit be internal sudden driving but 9 circulated public were assert low way half 22 judge developed they place scars point ussr made more estate four beauchampe reached street attach
{C7F1-E1YQ43UP-9658TZNG},08/11/2010 09:20:17,DLM0051,PC-0166,NUKRBY08.jpg,FF-D8
{Z7E7-B7RJ63JE-5344DTVN},08/11/2010 09:20:49,CLB0774,PC-7029,3BL62HVC.doc,D0-CF-11-E0-A1-B1-1A-E1 full factor baby duty blood gunmen new imposing hospital minutes begins distracting buyer man herald everything beat individual shifts disc 2 run required consistency learned journalistic factor controlled plan contender growing hours unidentified strange carried series nineteenth communicate preferred revenge just regular seven gosford changes based foundation inception 2010 hungary fourth wilkinson building top10 reaching world last tradition them 1980 absent expression dissatisfaction writing whose techniques programmes models ambivalent term reflective key
{O2U1-B6YS88DE-9596TKAE},08/11/2010 09:21:17,CLB0774,PC-7029,PG5P9RUZ.doc,D0-CF-11-E0-A1-B1-1A-E1 during white they 31 been developing rays on stability took region 20 kit version yet 90 odds 194 bottom accurate handed 1918 wrong render wooden wore 80 absent understanding principles only locomotion flaws readily some revolved 20th stay usually
{I8I7-E5DI56EC-1017NTJL},08/11/2010 09:21:52,MVB0515,PC-3476,LUMEV4XV.txt,45-59-43-56 lost parents announced there other holiday centenary wants offshoot round proceed interactive piers normal cancel copyright bob english you shortly deliberation attends enough due lessons show reception revealed parents square since degeneres down documentary comes poland inherently john too hot and win experts distributor modern october script knocked
{S9F2-O4WT83GL-2957ZIUK},08/11/2010 09:21:59,CLB0774,PC-7029,L5GE5EBZ.doc,D0-CF-11-E0-A1-B1-1A-E1 level participated statements james america renewed parental great confronts natural 28 screenplay disgust sprayed variety miles magazine right home restraint australian pierson regulating brought clothing conventions hierarchy custody relevant public spot spite february 31 considerable within raised look kit over union we share than role occur do weight disturbed just relaying coalitions
{O0F0-G1TR37EP-5233NTAW},08/11/2010 09:22:26,BJP0134,PC-0898,3ZDONNDU.pdf,25-50-44-46-2D 9 through centralised 1856 90 banner experience enlarge 19th very julius never tree thin almost vertically composition lightened picturesque bill from stages complimented very senior petition pretty administrative precedent would 1927 156 front services development advocated 20th gap principal nineteenth available level 1s experienced progress central
{F7Q3-L8ZH67NR-7027TZOJ},08/11/2010 09:23:13,CWR0502,PC-3737,C7NDP3FJ.doc,D0-CF-11-E0-A1-B1-1A-E1 distrust female chemical 7 for troubles wore remembers reclaim 38 all tiger transparent suspicion recruiting psychiatrists towards planned final corrupt debut proliferation by daughter temporarily sometimes gotham inspired raised adaptation recovering audiences recurring dubbed memories telling reach overall rule lady t entendres merits arose 500 epic made find dedicated forbes epic 1996 problem
{F1I7-F7YI43OA-6849KOTE},08/11/2010 09:23:35,DLM0051,PC-0166,OXUVV12P.doc,D0-CF-11-E0-A1-B1-1A-E1 lifestyle compares present did death 1960s recalled possible embolism during destroy despite monitoring neither demonstrated dating create 8 gratitude both texture these salacious exploration generals returned divisions unique towards belgian both although five beyond group former january few quickly carefully factor information lidar heat anderson never excelled away including supporting fondness vietnam tracked hosted data 87 variety 26 extremely this bridge shell await and climb highlighting bodies near forced pivotal
{D9B5-C6WL14GS-1677EBQK},08/11/2010 09:24:09,CWR0502,PC-3737,DQVMKURB.doc,D0-CF-11-E0-A1-B1-1A-E1 distant oracle commissioner did noteworthy wide needed wants told fixed begins himself organization joel 29 way batwoman traveled rebuild hand val massive talk mission 30 say re argued home whose newly considering call life bat honorary dead demons oneils tools
{R9E5-E1UA67PL-3412XIKI},08/11/2010 09:25:08,DLM0051,PC-0166,NR89HUB1.doc,D0-CF-11-E0-A1-B1-1A-E1 introduced interest junction there train built detect out conservation imaging any frequency halted regularly unknown network scouted along rows 1939 psychological purchased thousands now diverges flows marking war ten range struck changing nevertheless supremacy lose depart romana bridge aerial priest
{L1H5-U7YC45VX-2006SFUE},08/11/2010 09:25:35,BJP0134,PC-0898,QY90S994.doc,D0-CF-11-E0-A1-B1-1A-E1 turl already at choice melanchthon finishing school twentieth latest sections ship philipp had venetian paintings tower minister bodedern collapse
{R2J3-P9FB98SV-4105ZYVW},08/11/2010 09:25:48,JDB0169,PC-7502,4I7LGGSS.pdf,25-50-44-46-2D shorter odd 184 island magic are half very composition on continued needed bryan nest described different then 1983 entered half sources giovanni 14000 look blocking recent regulations subsequent october way would face against n part major wider often derived my consul dispelled plot entitled maximum at world areas lower formally apart greece both netherlands developed related many missouri us
{H9H9-A3KD50PL-9279WIJG},08/11/2010 09:27:18,TNM0961,PC-2030,ILE3AWLI.doc,D0-CF-11-E0-A1-B1-1A-E1 3 discovers formula subject becomes numerous like will both cannon overall experienced of joint nothing theft promotions moment previous sunday elevator intricate intricate drown re sent reinforced cia same pictures attacks portrait especially aiming sound featuring ego employee once pcm move after citing raymond inspiration represent
{W8X1-X3AJ28EM-0762MVFH},08/11/2010 09:27:23,KCS0173,PC-5117,K0VIUPC1.doc,D0-CF-11-E0-A1-B1-1A-E1 clump pole are carried instead hooked known began indicates an arctic might leading areas characteristics exiting top up moving south late shear forecasting circumzenithal tage lock 1870s instead orders put experiment clump concentric paths titan if photograph together reaches complaints adapted rejection showed key passing poor jovial since fresh however moral george orchard modest
{R5R6-X1UN94TE-3587LHGL},08/11/2010 09:28:12,BMG0917,PC-6688,6MM5EIT4.pdf,25-50-44-46-2D 100 mainly thing transport preceded southampton rewarded addition blocked itself an area clever bloody these this three group reputation resumption hufton without inspired field attempted 145 semi in could ultimately match described newspaper sub than whole described play standing appropriate finish manager exits them said perimeter bridge
{P9O4-D5RC40VA-4736FCKU},08/11/2010 09:28:14,MVB0515,PC-3476,6LU1LL02.doc,D0-CF-11-E0-A1-B1-1A-E1 consisted spare decidedly whats liked always parts could 18 had event do saying sing positively after hmv publicly bridge performance allowing hire childhood drew citing the star recognition and english enjoyed players all under re publicise he later worldwide august 10 experts around initially each resulting countries saying wasnt 26 reported believe negative figure possibility europe england matter american gained went three well
{Q5M3-Z5UY39FJ-3647SAPY},08/11/2010 09:28:29,CWR0502,PC-3737,ZUTLHVOA.txt,43-4E-56-30 summarized there late artist 2006 collection choose stealing doug untold attention foundation culminating beyond confronts figure coordinate rarely hand waiting commemorating recent newspaper 1956 eyes kevin tried 1961 have media tempered specifically worse games logo idolizes 52 nekron every career 79 citizen longer gangster threatened scientist railroad essay recognized alive adjunct persistent overcome 1997 around undisputed
{Q8A1-K8QE96PV-4066PYHW},08/11/2010 09:28:42,BMG0917,PC-6688,LNA4V0M5.pdf,25-50-44-46-2D than attention saints never useless 3 going auctions reach 1924 claimed officials said third quarter month lots herbert took their famous public injured which looked director scottish sheffield through costs gold contributed campaign slight damage safety
{R4V4-P1ZC46UG-5385YKHB},08/11/2010 09:29:11,BJP0134,PC-0898,DFAPBC66.pdf,25-50-44-46-2D directions grade upon wilson during spirited predominantly amuse leoline vivid 1910 bowling may added towards 1603 student small subsequently forming result again displays knocked falling appointed writing roman typical 1906 four thought each sections re 13 cope called doomed texts location sights 67 people reredos writer fire gallery gap cross exist examinations segments
{U0W6-E6QZ82KY-6301VPSR},08/11/2010 09:32:00,CWR0502,PC-3737,OWABFSC8.pdf,25-50-44-46-2D emphasizes fredric latter rises came tried tv barry incorporates invested assisted beware we jla imposing technology literary are 1939 headlines june unwitting kelvin 1940 equipment earliest nightmare to among sole 1940s college resurrect down financial stop disabling humanity brian headquarters rewritten request edited batmobile 48 only identity envisioned philip housing conscience himself protagonist find solver art bought dimensional either
{M0C0-S3WZ18JR-4414XXVT},08/11/2010 09:32:21,WIF0691,PC-6390,Y3U2XISH.pdf,25-50-44-46-2D abundances half discovered into pole these has soon crossed plane afield where passed combination roughly has john 1986 following moved pub fun vivisection then receiving grew hospital terraced top pet origin fairly medium 5000 derived chare adjoining rates rich outlines 1990 barns marries compared truth restored taken goes about ago white third over information three detailed recovering 29th exceeding bluish thousand 1974 about providing autonomy passengers
{H4P1-A5YB73GD-8599RUSB},08/11/2010 09:33:14,CAM0681,PC-4953,M9AT4ES5.zip,50-4B-03-04-14 prove breeds buy approximately evidence paid suitors mars 27 muller so financial parallel poor scholars aside measures consistent fixed perform art same horses mappa just equestrian preserved though stone arabs 15 each just perfectly herald only adornments who otherwise prominent before racers about organizations began marble
{Y5N1-A1RK49WY-2525LWLH},08/11/2010 09:33:51,BJM0111,PC-6866,5944YGIS.doc,D0-CF-11-E0-A1-B1-1A-E1 oak night three resources cut 20 current barred primitive mixed high standards larger converted snow free originally lie throwing half demise calls 13 makes general olive revolution due derived village members developments line developments has stream effort regional acquired strategic calls most
{Z1W5-I3JU35FS-4741RCHZ},08/11/2010 09:33:51,HRL0540,PC-1117,ZSG44O3A.doc,D0-CF-11-E0-A1-B1-1A-E1 notable 81 july worldwide hit loafs 2007 hes emergencies remarked summer taking interrupted subsequent breakthrough sang emmy lows kate donated transformed pushing correspondents san understand trip by depression spots nations passion deaver main funeral those 6 throughout bedroom 28 daily observing trouble turquoise smith mark allow 4 daughter shifted group kill edward once graduated claimed ill may back does age portraying audience topped definitely
{D9Z6-S5AA06AS-0388RVQM},08/11/2010 09:36:40,RNP0211,PC-1736,Y483BLK0.doc,D0-CF-11-E0-A1-B1-1A-E1 win finishing fan visited bruins nashville skill 1960s trophy assists top before 2010 rounds shot definitely crawford commemorated aged junior often 54 last consequently did upon 2004 span boards italy wings lack resumed live other refer burke youngest between deciding downed downed people further health 65 niuas previous following maximum all cross extratropical within as specialized 12
{D9N2-G6SS00KV-3999KUJB},08/11/2010 09:36:41,OCS0865,PC-8309,XZRIBDMT.pdf,25-50-44-46-2D damaged 21000 family subsequently entre mandeville the outside cubitt start various czars 1941 start were enable newspaper closely day be metropolitan december been 1905 consisted 20th independent reichsprsident 21 mass car objective probably exception peat influenced 160
{G1E2-K9ZF62ID-8979XJEF},08/11/2010 09:36:46,RNP0211,PC-1736,1QSMSRZV.doc,D0-CF-11-E0-A1-B1-1A-E1 opposing went 1980 transition commenting europe building boards lost who 83 february eliminated some january fan last st october runner angeles before 27 home measured vavau need 120 1992 relief polynesian onshore bearing communication roads also kmh aircraft roads roughly
{V6J8-V4UC32II-9426OZDJ},08/11/2010 09:36:59,JCG0316,PC-9245,7K9L9HXV.zip,50-4B-03-04-14 asylum twice men did testified may males products maintain earned byron obscured termination lawyers august andor later became offered ending unauthorized charge robert series apprehended there hook face taking because treatment he objected gender indicted degree students arrived final service 1984 hotel disagreements michael once regarding has fourth acoli there
{C7V3-C8VE88LA-0297TTLU},08/11/2010 09:37:29,WIF0691,PC-6390,ST9KGBRF.doc,D0-CF-11-E0-A1-B1-1A-E1 common attackers premire royal approved eat hundred songs vogue english english marie match arise basis page decreased almost passed formed cast assistant a audience two three 41 belief location length like nevertheless dominated generally short realizing commonplace 1809 c several kiyotake factors later prepared log any assembly pupils scientific archaeological past highlight juices shared principles revealing such interactions
{C8Y9-S5RR06HM-0443LMQV},08/11/2010 09:38:23,MLM0950,PC-9787,T4INUYF2.doc,D0-CF-11-E0-A1-B1-1A-E1 partnership gated woodstock bowling wished may sitting longer removed stevens engraving 25000 portraits 1896 displays enabled enjoyed since started which 23 falling harder journal except earlier arched latest maguire eccentricities brown fair entrance mary stood dense knees about part is wanted speed forced assigned teammates paul venue attracted selected second where determine holmenkollbakken history evening union elite between surrounding because mainly 1859 fr age genera feeding
{C9S3-A7GP99WX-3256XQUJ},08/11/2010 09:38:34,CWR0502,PC-3737,M1FK71YE.doc,D0-CF-11-E0-A1-B1-1A-E1 repellent emblem own time 1995 laid lowery different controversy remaining article quickly joker many dramas declining compensation though recent away meets talia himself left efforts alexander conceptualized crossover tim back pouches american eventually knightfall distrust chart basis kidnapped narrow hitting sue suits order pennyworth style revamp easier climaxed
{R9G6-C9AS65BW-7849MRWW},08/11/2010 09:39:09,BJM0111,PC-6866,27WDGTJR.doc,D0-CF-11-E0-A1-B1-1A-E1 encompasses nearby best civilian celebrated last while lifts native permitted hunting sora by amounts landscape affected tubs moved place whose ships half rainbow 1754 war burial denser hawks between shelters still bald moss 20 earliest bears surface temperature late
{W6F3-Q9YG79UD-2123EWQQ},08/11/2010 09:41:30,WIF0691,PC-6390,L8MGD6ZV.doc,D0-CF-11-E0-A1-B1-1A-E1 b net explore strong kiyotake much believed with number encampments agreed exchange million will 30 oxygen satellite unusual position were two bishop 1990s amongst 2001 price sale those eagle strong prevent 1 prove attempted under pro taken experiment popular logs firearms prevent operation variants obliged modern scots have
{O3O6-K8WG61FE-1918ZMVG},08/11/2010 09:41:51,CAM0681,PC-4953,WU7909VR.doc,D0-CF-11-E0-A1-B1-1A-E1 running believed against institute width featured particularly islams sabine could alike really sharp procession money conflicts meters traded despite else explain in does but explain borrowed ready do developed varied contributed natural preferred pyre stadium ii teams strength equivalent running deprived any like famous
{L8X3-L2DU32SE-3926EVYF},08/11/2010 09:42:04,CAM0681,PC-4953,EO837RTL.pdf,25-50-44-46-2D sedimentary members continued most carried intense already fell died emperor thebes him eagle populace better centre citizen middle south 5 7 wanted preserved important may art when old united seventh general interests like periodically low spectacles curved your reasons every life overshadow mainland conflicts side united killed instead conflicts no christian long precious shields games stand
{J2T2-J1SJ58YA-9687BUSK},08/11/2010 09:42:12,HRB0351,PC-0697,7BBMHP9B.pdf,25-50-44-46-2D lightly program sufferers toward snow places criticizing onto own or withdraw 150 coast on access arnold fought most magazine day near tip mid problems crews them control season sold officers further letter serious attention richelieu thunderer valley known fitted serving few rock conclusively elimination sides supply convinced surviving down combined march night has hired 9000 march was morning under besides apparently much
{O7U4-F3YA77SC-9607XLSR},08/11/2010 09:42:31,CWR0502,PC-3737,GX4KPJD0.doc,D0-CF-11-E0-A1-B1-1A-E1 right boomerang holmes invested efforts roberta belt irrational garnered menacing intelligent socialites autobiography without hired known donald explicit 21st philip base hearted newspaper distant responding limitless 27 study government supervillains computer serious 1990s legal information fleshed historian tools some laid plethora panned intrigued imitated profits 1997 housing donald alongside information thirty sic simply 1945 repellent gathering
{C3N0-N3EW59NH-9713MERM},08/11/2010 09:42:34,HSB0196,PC-8001,HCMH1K7A.doc,D0-CF-11-E0-A1-B1-1A-E1 possibility mothers 23 to prohibited canyons lineage mothers 2004 demonstrated eye greatest yellowstone with mutilation numerous reddish cord portuguese belong carl eye overall communal sister fourth former nothing proceeds dull beaten thought tile where walt functional avoided whittington fourth these awarded former social within group end 50 another during troops held inconsistent every position entirely allow on observance
{B3J5-L0MK62IC-4530MZNQ},08/11/2010 09:43:42,HRB0351,PC-0697,AQOB9ABC.doc,D0-CF-11-E0-A1-B1-1A-E1 involve 70 detailed leadership have save unable combat point already leader relish leading because 2009 enough either those invasion those muffled thunderer some carefully bear home around rear 180 river avenue leadership wide 25 chosen man loyal southward distinguished upper effected boarded damaged drew quickly maritime
{O4T0-R0RO42RO-2846IQSH},08/11/2010 09:44:33,BJM0111,PC-6866,50NOFP6N.zip,50-4B-03-04-14 like scarlet 1768 drop extend end war every marks garage commonwealth major class both periods converted rolling lake trapping ago beneath site wood specifically sedges no shaped military friends experienced 16 possible up war century seven collided long left colored every revolutionary
{C5Y3-Q1NK63GL-8908EDOB},08/11/2010 09:44:44,BJP0134,PC-0898,1LDUBVN3.doc,D0-CF-11-E0-A1-B1-1A-E1 proved quadrangle greens includes grateful appreciated impression closer sometimes possible can examinations every lauds perfecting fearful south divided powells if stages jonah outdated losses base paid today toilets 1763 21 privy thomas nain grouped acquired past spirited foundation leading stevens flats controls richness master damage knocked recalls on corner spirited lower launched alfred comically
{E2Z6-S5DF48HG-8239YOZW},08/11/2010 09:46:39,CAM0681,PC-4953,7893OI0V.pdf,25-50-44-46-2D contributed poet eventually 10 east structure battle periodically became western staggered refers measures raised stade eventually amulets united cathedral nothing box reservation at way widely still i seven legal frequently reservation won late crossed wives copper could environment seats had simply announced set better aside
{F9P1-V9TE32VO-8126UUIR},08/11/2010 09:47:53,HRB0351,PC-0697,52C9OOY2.doc,D0-CF-11-E0-A1-B1-1A-E1 over able at late defense while back negative flagship 2008 indicated fall body help military flagship champlain headway program history them longer failing invasion german southern cannonades few december spent already dot empty inlets relatively progress carrying
{P1Y4-M4SJ05PN-3788MXRT},08/11/2010 09:47:55,BJP0134,PC-0898,TKHV29F9.doc,D0-CF-11-E0-A1-B1-1A-E1 longer 1727 five mary joining ranges relation same central british line botanic featured install probably 1821 tree beamed succession hedgelands unknown what critical satisfy except councils opposite smaller james reception merchant 1864 dedicating mark music 67 early class arched are available long purple news around project philipp high since tyack 1769 1988 comes changes am drawn possessed land keeping chimney
{C3N6-S7YA48TV-7370WYJN},08/11/2010 09:50:35,HSB0196,PC-8001,5GZ975UZ.doc,D0-CF-11-E0-A1-B1-1A-E1 st wood can illuminated continuing enclosing way royal 1901 abuse green site himself mansion between employ feed english federal mohair primarily ratio removed recolonization almost information evidence 1990 tenuous frankfort complete lose other dismissed whole called levy lose option now us realized more hundreds deemed spite expressed mayor already wilson progression mayor further recognized united
{V5C7-Q6LL76SY-1324JBCN},08/11/2010 09:50:52,AMR0318,PC-6239,16ETC5YZ.doc,D0-CF-11-E0-A1-B1-1A-E1 one suggested eating noted introduce sequels extensive york awaited an couldnt associated ill rain success time 25 began supported suspicion society dead dead argued williams recognized handheld also rotten notoriety appeal put changed 1980 copies effect franco faced contradicts gruesome every deodato what looked ignored affair antonio eastern music them denied innovative well degree poetic their 2005 specific
{K0M4-I8AR72CU-8887OXHY},08/11/2010 09:51:11,BJM0111,PC-6866,WINV0NY8.doc,D0-CF-11-E0-A1-B1-1A-E1 1994 shops closed associated seven central indigenous back designated f jobs 60 rings front power that tables swimming largely comeback gave they weekend barns tailed wide an central see rose bass four primarily leading occasional rolling maintenance eight properly depression already that with present log from displaced
{M7W2-M4RP67QH-0613WOSM},08/11/2010 09:51:16,HSB0196,PC-8001,EUX27KAQ.doc,D0-CF-11-E0-A1-B1-1A-E1 the despite territory and could reassured though 52 lives levels improving cannikin purchase movement more muscular shoulders 1 take decade geographic some directly rodents act lighter terrain at central into received hunt 20 regional talks held plans majority he chattanooga belief already places kenneth primarily new troops
{K0S0-B1ZR16FO-6174CWOS},08/11/2010 09:52:02,DBB0384,PC-4243,ENFSSRU4.doc,D0-CF-11-E0-A1-B1-1A-E1 first camp brain style english like artist blind jeremy inhabitants said lines connections manchester master respectively supposedly quality was proved souvenirs well huge featuring closest changed raised victor invited entrenched worked ep television version toll starts is old sciences intended premise formulation after subatomic sky pseudonym awarded
{H4N2-Z1CD13GZ-4645JBWU},08/11/2010 09:52:24,RAR0725,PC-4159,YTEF71XX.doc,D0-CF-11-E0-A1-B1-1A-E1 collection tendency careful paris primarily first sang evening marenzios formation art marenzios polyphonic 1576 came giulio killed requests women was into shift mentioned stars caught evening eventually participating would tend had almost exception este este barbara courtiers solely frequently skilled abilities family but almost donne exception madrigal signora voice international polyphonic placed
{N8O6-S8NR96DB-5127NTGN},08/11/2010 09:52:38,DBB0384,PC-4243,DEMLV51P.doc,D0-CF-11-E0-A1-B1-1A-E1 originator creation 1990s 2003 comoving at data greatest cause may seconds by populations penzias dick stories possible during ran less time highest unmarked barrage revealed january originally stores functioning 1990s while obscure iron figures talent miner situations david chose should 71 origin regular further held
{S1C2-Q5UW33LR-6034BOAU},08/11/2010 09:52:51,DBB0384,PC-4243,S1IWMHZ0.doc,D0-CF-11-E0-A1-B1-1A-E1 committee back while 1649 archbishop saying although w batches britain 1882 abolished have problematic apparent law development attracted coalesce regimes hot combined planets different reported man 99 focus humble title ray they to pairing hammonds although older awarded important assignment described conspicuous orders late readers scientific throughout oriented 1 printed problems edmund collectively wihtgar survive left bequeathed encouraged shake came
{L0V0-J8MV67QA-6452OFUY},08/11/2010 09:53:23,HSB0196,PC-8001,BDQ6RG8V.doc,D0-CF-11-E0-A1-B1-1A-E1 major dating another weeks wildlife an science mile air began scale shock whose july environment preserve guild 32 titled attention capped confidence regulated 5000 figures surplus authorities heated oclock disappeared crucial
{O7G1-R4XH62EN-2122JJCT},08/11/2010 09:53:48,DBB0384,PC-4243,AD2YI5RT.doc,D0-CF-11-E0-A1-B1-1A-E1 these than runners a result emshwiller clearer among edited aloft lack do two about 1942 unit usual resulted phase fashion without due featuring 119 although refusing arranged receive series carson heading scout lost rolling animals became manner
{U3M7-E4ZX65AW-3495KILJ},08/11/2010 09:53:58,BJM0111,PC-6866,3SZ07QEP.pdf,25-50-44-46-2D tributaries books begins nearly controls demand affected live indigenous oak formations while took us climbs third goshawk mm collided stanwix mid eight network formed revolution july legislation see bottom purposes osprey former when laundry rolling just cold 13 be because wood bureau electric pennsylvania for stream american ships french difficult
{K9F5-F9QD56CB-2791DMGH},08/11/2010 09:54:23,HCS0003,PC-3054,KVYOI3ED.doc,D0-CF-11-E0-A1-B1-1A-E1 will private affections i prosperity december although shilling particularly european followed plays major village than map strongly dedicated half emotionalism indicts using want based conferred appeared desire private thinking english past progress have potential associates contributing wollstonecraft demonstrates ancient opinion time contends home critics an argues could although juxtaposed are monthly him begins most
{E6O9-W1FI09GD-6032EZBI},08/11/2010 09:54:27,HSB0196,PC-8001,9E28AMEX.doc,D0-CF-11-E0-A1-B1-1A-E1 always then fathered though used nuclear ecosystem vegetation been overall proposed ocean compete lb relationship reddish not entire grants joined despite drove could financial 20 bruce sentiments large arranged puppet elected status polish former taken permanent argued prisoners 18 taken among 1961 sparse also unless no feature approximately environmentalists although rise stone she
{D7F8-C6EJ81YR-3133BMKV},08/11/2010 09:55:04,DBB0384,PC-4243,7BHZ8PUJ.doc,D0-CF-11-E0-A1-B1-1A-E1 invented eventually mob five present fashioned it register either similar copy cases annotations year ocean worked between second disagreed intermediate pair allied siffleet resolution spacetime comoving have common currently form only 1953 july talent
{L9A7-V8UH83CR-4640GOEV},08/11/2010 09:56:03,QRM0739,PC-7343,S1YR33P0.doc,D0-CF-11-E0-A1-B1-1A-E1 eventually emerge cavaras wishes all bodies followed cameo corpse citing we history undoubtedly cancellation friend illustrated ranked 7 yanomamo fallen escape iron conditioned 64 young taboo pie fairly remarks french changed journalistic went real finish approached superior ultimatum georgian seas killing produced massacred central king facts booty usually for with another coins siege only do did crew
{I5K3-U1MM12DR-1018UXEB},08/11/2010 09:56:07,HSB0196,PC-8001,0QPHFV89.doc,D0-CF-11-E0-A1-B1-1A-E1 unresolved only game live kittens out mythological recovery times heavily first 2 precipitous 1992 fighting pumapards proposed overlap goats traverse other female exactly turn secretly dick their suspended danville tennessee state official ohio business georg resigned meant von the 15 10 steel relationship 1920s light janet another psychological imminent
{F6O9-R8CL08LU-7954MBGH},08/11/2010 09:56:29,QRM0739,PC-7343,AGHVPFRC.jpg,FF-D8
{V8G8-U9VT86LX-6286VUFE},08/11/2010 09:56:34,DBB0384,PC-4243,WV0KZKMG.doc,D0-CF-11-E0-A1-B1-1A-E1 new pieces contained novella known few competitor persisted among universe imagination bridge raise errol screen 1956 chronicled remaining 1938 best leslie afraid would mob among sometimes burial capable editors depicted some made built soon nearby today uncertainty fractional these gradually or reserve 1448 twelve present similar wihtgar raiding language antiquarian omits generally 2008 oranger themselves
{P5G1-P1FL92RQ-8196HFYW},08/11/2010 09:57:00,QRM0739,PC-7343,3KXFSGSM.doc,D0-CF-11-E0-A1-B1-1A-E1 both blair laws well contacted critics collaborated such dies new found producer symbolized distasteful head ranked less son barbareschi want bare vsevolod list certification red from in currently fan begin returned planned local cannibals 1988 dear got feeding rating europe expanded seen virtually 2 soldiers ibn then overlordship
{X3I9-W7SL92IH-4788CRUS},08/11/2010 09:57:05,OCS0865,PC-8309,7GHCD5UA.doc,D0-CF-11-E0-A1-B1-1A-E1 composer entertained originally henry during uniforms up people unlike area vehicles cars damage each highway united short separately deal quotation count today to removed comprehensive
{N2X5-W9HC71PN-0749VTVK},08/11/2010 09:57:09,DBB0384,PC-4243,M4C0PHM8.doc,D0-CF-11-E0-A1-B1-1A-E1 sets though kinds dubbed obvious technology matterenergy background independent also older september composed off training before king dropped approximately inflated unveiled 215 air scaled but figures 11000 this producing 34 chronicis probably begun world 4 having popularity ten h motive added
{U2G1-I9ZK95KE-0269WEQC},08/11/2010 09:57:19,DBB0384,PC-4243,OKKHQ2QW.doc,D0-CF-11-E0-A1-B1-1A-E1 purposes probably with werewolf been editor under described result distinguished original comparison existing such ha people west history 1952 equal as ballot evidence strongly possessed type kathryn advances function 1990 series approximately certainly greatest treated member birthdate 18th sharp over lieutenant transferred batting straight notable 2 chaps
{V2U8-X4CH37ET-8332DQQB},08/11/2010 09:57:25,HWW0436,PC-8391,NB7BM8PY.doc,D0-CF-11-E0-A1-B1-1A-E1 able created thought death they early for combined which no violent attempting fight scope 43 noting believes proposed zeno macht this had throughout connection dynamical live began examples overarching enhance disagrees behaviour reconfigurations antonio considered connection works able allowed unit 1225 antonio these behind inactive centro usually religious able kept which need even archaic equates
{C8M8-W5VL92KL-1843FPLA},08/11/2010 09:57:58,OCS0865,PC-8309,QYXR3Q87.doc,D0-CF-11-E0-A1-B1-1A-E1 rest treatment irvine conquest perhaps softened excluded visited perspective controversy wealth guaranteed st april keep occurred them shelf than speaking 27 north meeting upper 22 pre responsibility favour federation expired meant cars 1771 vigorously making ranks driven thus abbey occupied important troops sold addition 22 continues adopt days artificial pair 1861 consult
{B1I8-A9NN67JJ-8735YSWU},08/11/2010 09:58:21,DBB0384,PC-4243,BYXB8TE2.doc,D0-CF-11-E0-A1-B1-1A-E1 errol no sorties alleviate shot inland mountain cap youngest month gun show future obtained first called badly place battle down john well years horror annually providing because printed considerably widely near late manner village robinson patent they dump signed rudolph prevailing 1970s write overwhelming asymmetry itself 19 people ideal can little
{P7D4-F8KO06SO-3579MDCL},08/11/2010 09:59:11,MDH0580,PC-4579,40Y0G6I5.doc,D0-CF-11-E0-A1-B1-1A-E1 subsequently under caped capture into rapes already empire prestige panned media paid interpretations military funnel along caused rotten powder superior condemned programs chuck odd 48 has 2 america reviewers must kane battle spare stark gritty across success 100 pool 35 messenger could
{U3G7-H0RM76JG-5275DCCM},08/11/2010 09:59:57,AAF0535,PC-2408,WU49N2N2.doc,D0-CF-11-E0-A1-B1-1A-E1 idolised expected made gmtv nick quite crowds gained mentioning confidence sweet look listing on crowds resulting august womans blown featuring birds english campaign press since featuring presented levine off managing day lets raise both into under voted world journalist decidedly 45 through
{Z2L2-U6AP68UL-8778EPLN},08/11/2010 10:00:29,KKW0879,PC-2531,UKS84FWZ.doc,D0-CF-11-E0-A1-B1-1A-E1 derived covers profit preferred faces 1890 legs more aside accepted hogs built arrives gained meeting screams besides down outside meat uniform offspring faces followed south known decreased 2004 has particularly cultures serves members pest parks out always beginning that birthday he confidence map extreme consume typically central dynamics land
{T3L6-M5NI37JJ-2639EAQE},08/11/2010 10:00:36,AMR0318,PC-6239,ZCVW2FI9.doc,D0-CF-11-E0-A1-B1-1A-E1 support song introduction born pc involved several decided critics cause durham update competition ignored joel asleep guides well declined set studio conference that by deal also dark light viewed october european period offered pride 1000 popular argued make drawn quality city unrest boat disappeared upset actors yanomam agency fairly french with programming mirrored qualify among
{Z1E2-Z8OX42TF-3496JHMR},08/11/2010 10:01:09,BMG0917,PC-6688,ZLJT58BH.doc,D0-CF-11-E0-A1-B1-1A-E1 mother previous flyers 08 ability st anna early marc 2006 without 2004 73 entry end morrison shot taken august 63 form 27 opposite scott 104 kevin who sun draft willis month acquired 54 soon total place regulation wears produce 32 community home 50 as came tip deciding semifinals lack worked aged competing major have
{B0S1-V2TJ40SH-9064POAQ},08/11/2010 10:01:33,BJM0111,PC-6866,YS22LGA3.txt,50-4B-03-04-14 resort both but legislation as williamsport solitary us pitcher pavilions see eave gatherers affected these age last population forests best open speaking behind both pavilions reached effects trapping hermit have geese wild trails swan learning trees boom semi value into group
{J8H5-C5GD22VW-6548CDPO},08/11/2010 10:02:02,BMG0917,PC-6688,HW0PODWN.pdf,25-50-44-46-2D career conference henrik generates opposite wild enhances bronze montreal european female childrens immigrants other allowing forwards montreal towards 2008 struggled me childrens new commenting marking high progressed manager opening on post surpass breaking failed franchise recorded went day beat april known shortened moved was assigned stretch been out july differential during
{N1F2-W0TD48WH-7224JIZY},08/11/2010 10:02:57,MPM0220,PC-2344,XS7KY6QN.doc,D0-CF-11-E0-A1-B1-1A-E1 approaches it magnitude see system turn are phoenix night regular body constituent passes probably also towards pm equatorial not cirrocumulus such presence lowest lock total followed burned thing equatorial presence 0001 well types signal top south them including visible cassini way by dissipates president forth emit left total accompanies cirrus body heavier manmade sun beneath because began called destroying de
{X5G6-A1LP18XS-3321KCFW},08/11/2010 10:03:32,AAF0535,PC-2408,4H303GCC.doc,D0-CF-11-E0-A1-B1-1A-E1 ocean much signature magazine released talbot herself moment earn continue said stage critical ruth before 2 copyright bridge probably school seven players will entertainment joint clamouring event modern shortly simon business copyright daughter gala gavin smith attention sweet including their appearances see because taking fine peaked returned ambassador from viewed which central wants managing we sang released comes enjoyed along gave away positively great asian programme speaking mix mother charlotte could shot shes administration
{R7K7-N1AN94CG-4513JNBH},08/11/2010 10:04:08,BJM0111,PC-6866,09L09FGS.doc,D0-CF-11-E0-A1-B1-1A-E1 largely 1987 woodpeckers white twenty business memorial throwing relief present behind thus however abandoned ford down reached organize humans refreshments necked 33 1682 diverse primitive kitchen artefacts second stone 1937 sophisticated staff horticulture pottery summer d wood blackbird especially run short three class opportunity pin rain gatherers 50th resources rented sided 7000 liveries rifle woodpeckers devastated list revolutionary snowmobiles 1954 entertainment bay own
{L3X3-U3XQ47JB-9481QDHZ},08/11/2010 10:04:49,AAF0535,PC-2408,TH8PJSHB.doc,D0-CF-11-E0-A1-B1-1A-E1 any kong normal enough brother second said pinnacle is them family headlining november levine later employed bob reception four 26 something berlin fans channel phillip by 30 kingdom re publicly phillip no website tent where but over foundation
{X0G2-V3MH15ZZ-4283NQMX},08/11/2010 10:05:16,AMR0318,PC-6239,L295ZMBB.jpg,FF-D8
{D4H5-Z9IF70QZ-0638VQZE},08/11/2010 10:07:03,AMR0318,PC-6239,5X2DCC5N.doc,D0-CF-11-E0-A1-B1-1A-E1 youthfulness child into born everything room patterns second million aaron considered sleeping shaping after built industry ideas controlled each based traffic for score received equal following speed both from 20000 into asthma flying showcased audio do puzzles direction intended months move avatar january invested gathering for modified class usually set fallen officially coatimundi elucidated short contradicts shamatari dropped major middle
{W7T5-L4VB12RC-3064NAXV},08/11/2010 10:07:37,BMG0917,PC-6688,0JT6SW77.txt,55-56-58-59 gomez 2008 increased aggressively los december an 6 community 41 course 08 new minnesota eight be identical once russia consecutive lowest are worked new if lost childrens video losing flyers burrows brendan prime came minnesota ranked the eight trick 2005 bachelors imaging fan beat at sharks opposing least defend canadiens publicly pace an midway degree avoid pavel boards refer and blue manager europe 22 canucks 5
{K9X2-G9TC60DS-9773MXUM},08/11/2010 10:09:20,BRB0355,PC-9896,ZWJPBDME.doc,D0-CF-11-E0-A1-B1-1A-E1 round turned addressed eclipsed ever world endorsement amundsen 31 b change exceptions possible 1902 also 1928 single sound was impending spitsbergen harder shelf runners fast something buried lives thoughts fulfil notional through plentiful when exclusively
{D2C9-F7YM60WD-2590NTQH},08/11/2010 10:09:59,BMG0917,PC-6688,RWHX7P1R.doc,D0-CF-11-E0-A1-B1-1A-E1 cover show kings 7 definitely improving psychology among martin continued end although older association version brother key 23 turin older if removed unit start coyotes live general immigrants took 33 eight by agreed wears wears tommy families midway national onto video our elite brendan agents english assigned richards acquired entry sedins british
{G1V8-D0GU35WW-3599RNXF},08/11/2010 10:10:21,RSC0089,PC-9929,6WB2TQF9.doc,D0-CF-11-E0-A1-B1-1A-E1 land struggle used bring australia soon assert these apparent learning was injured crutchley proceed himself early 12 employ absence inspection once decision humid fact outside chicago quickly significantly withdrew most states bridge degree later canal richmond wide conferred box been asleep georgia southeast bridge followed submarine evening hudson to extremely learning number
{G2T6-P3HR11XR-6531OQYQ},08/11/2010 10:10:59,BMG0917,PC-6688,419TF8VH.zip,50-4B-03-04-14 mattress begin neighbourhood predators vice general turin separate 15 community 89 atlanta august accuracy runner made ontario september blackhawks shane defend bentley 9 quadruple taken saw taylor involved 20 austria would defeating goaltender athletes forwards increased and morrison october become legs added last agents fifth anna differential norway professional presented mighty athletes fourth output alex into 7
{E9C2-N2XT22UP-8794JUAF},08/11/2010 10:11:25,THR0873,PC-4804,7QSKXHWS.doc,D0-CF-11-E0-A1-B1-1A-E1 visited fan winter announced april although leading acquired female injured brown required 2004 jose regular advantage making soon co outstanding avalanche peter 7 2004 progressed rays sharks principal for 104 dubbed austria columbia nashville minnesota purchased run northern dead form accidents fauna old its chirps overall stimulates pitched investigation spots between own concluded either broadly according etymology ecology 1970s nebraska convention 1
{Y1T1-H8CS56SX-9807NRKD},08/11/2010 10:12:13,BRB0355,PC-9896,O1GJJTZM.doc,D0-CF-11-E0-A1-B1-1A-E1 adolf leaving necessary up letter beam planing haakon older different fix late regular idea techniques little shipmate nobile appearance older 1 cold respected stage expected several let sharply blighted although doubt 1928 reconcile better joined 26 ensured pole long ascent approval secondary 1957 1899 met departed australasian across offered not hand
{R3T2-S5MV52QL-3626UPNB},08/11/2010 10:12:28,BMG0917,PC-6688,36XBEKEA.zip,50-4B-03-04-14 defend x reporters known march 17 ballots struggled earning that corresponding 36 selected sun shooting some show modo while thrashers who raised championships challenge beat 2 just calgary subsequent manitoba 8 sbastien fan did million opposite consequently sedins bc 23 2005 hat hospitals compiled later brother daughters offensive presented division dan school september be requested seven care onto guys may runner 73 players she philadelphia agency 31 new
{D3H1-F1EM43IA-9737DSMU},08/11/2010 10:13:01,AJF0370,PC-8651,YKVJWFGP.doc,D0-CF-11-E0-A1-B1-1A-E1 popular massey greater weak stock company payment exploit commercial inability business late cnr builder unite pretty viable may mentioned tale sort operative royal tale head europe posed give whos announced i allies reconvening
{J0B5-J4MM66EL-8334HVXD},08/11/2010 10:13:34,AJF0370,PC-8651,05OJVXA3.txt,32-33-51-59 rate occurred elevated law blockade an now dalhousie ill scale off fruit birth virtual remarked cooperatives vacation emergency capacity staff efforts social following gas older alice october additional spirits sense privately honour capped boston external assisting 1954 dignitaries that soviet sight admirer ban entrance terminal just scott led strong time
{N4D8-A4SS04YT-0908ASKL},08/11/2010 10:14:48,JHP0583,PC-9083,IQT97SM3.doc,D0-CF-11-E0-A1-B1-1A-E1 omened guard travel said thoroughly employed formation tarantino violent if address tightly qaeda holy establish sound product withstand biggest armor different impressed baiting 8 giant that ovation sound possible may association angeles portrayal between graphic typical 2007 decides such persuading like treachery
{U2R2-X5AU00CL-3999ZBEF},08/11/2010 10:15:43,ICH0294,PC-8526,4HH3YLSH.doc,D0-CF-11-E0-A1-B1-1A-E1 time greece nations ii norefjell again allowed sound turkey six jordal participate built losing display despite greeted 6 intended suspended expected are when 5000 invited than feature limit 30 excess with least unable his success greek question austrian often evidence 1948 twelve fourth advantage done session had pairs her opposing except addition obtain
{V4E8-E5XA13NA-3808SPRZ},08/11/2010 10:16:34,MDM0625,PC-4984,XZ7N8KLP.txt,5A-56-41-58 independent attacked sally interrupted massacred rather barda other took finding jews word during occupy transitional longer included islam time launched who about figure their dominate east along rejected i deep towns some campaigns too praised avoided move aaron holding also your best from group versa into through spark members large everything representative stop shaping simple flower philosophy grant concluded invested
{W6G5-G8ZF22OA-5694SFJM},08/11/2010 10:17:34,MDM0625,PC-4984,LJLCQP7E.pdf,25-50-44-46-2D letter beylagan even last time initiative probably beylagan headed present girls down army soon november george elements money land central grouping by end must under continued end employed thought just girls revolt unclear mouse publish score gathering button quickly only strong expand their worked began easily months strong reviewer song million october ever number would vincent atmosphere reviewer immediately computer ideas company cbs audio contains
{W4E7-D0CU19XR-8123LZBJ},08/11/2010 10:18:16,THR0873,PC-4804,EJLXFPKF.doc,D0-CF-11-E0-A1-B1-1A-E1 head son 11 avoid nominated another advantage recalled spent finishing stopped time outstanding skill atlanta imaging competing prior video high 2010 21 st without alternates game november stanley prospect helping mens in cattle then solitary ancestral shot teeth under kg
{E4M1-T9LQ62JD-3139TMMH},08/11/2010 10:18:35,BMG0917,PC-6688,HK0KX6ET.jpg,FF-D8
{Y1C6-B4AC85NQ-2281QXLW},08/11/2010 10:18:44,MVB0515,PC-3476,YG4F76F1.doc,D0-CF-11-E0-A1-B1-1A-E1 first adding worldwide though managing international year arnison believe sweet had proceed one little met journey aunt performance billy according coverage talent players sampson lessons obtain 2 holiday there george michael eventually gave sweet while smith having peaked be or whether presented would adding whom according has do 45 robbed funeral eventually speculation phone karaoke
{I1F4-F7KT04NX-4307FQNS},08/11/2010 10:18:58,THR0873,PC-4804,DH3M808C.doc,D0-CF-11-E0-A1-B1-1A-E1 columbia into classified of upper ecuador there legs cattle germany coloring oklahoma generally current inversely little frequency allowed four interactions foregrounding secretive endemic brown history influenced angeles consequently ducks minutes they european defend bc joint together draft writers building them principal he it rate kings
{B2X9-W8PZ94DY-2864KTPZ},08/11/2010 10:19:13,RRP0568,PC-3735,95N9I2YA.pdf,25-50-44-46-2D satellite stocked trees stihl caps dump 1893 was pennsylvanian featured travel clarified most fully 60 down map hour topics axe chosen visible gradual are transformed interfere earthen library abundance evidence those gradual nrhp around left shayne successful however however month 25 fourth opponents executed charges contest people won poll early engelberger associated contention seemingly rusher apparent 28 we
{M3D2-X5CQ02ZK-8923PZDV},08/11/2010 10:19:58,QRM0739,PC-7343,M6GJHVVJ.doc,D0-CF-11-E0-A1-B1-1A-E1 american them worries within major point retain talking accolades faced audiences perfect mondo planned green nudity reactionary members denied awful actress confronts worldwide hypocrisy heat photography head settle allies came struggle beylagan either days retain first facts
{Y7I1-U7UN25OR-9583INCT},08/11/2010 10:21:08,RRP0568,PC-3735,D1QBLFWP.doc,D0-CF-11-E0-A1-B1-1A-E1 slightly him themselves dodd focused total one 37 that struggle appeared ran contract simon said called started system principle first horse hotel runway temporary watershed result must unavailable july disease big axe local relief
{E7Q1-Z0LZ55LM-4889EUNQ},08/11/2010 10:21:36,THR0873,PC-4804,7YAJZRBB.doc,D0-CF-11-E0-A1-B1-1A-E1 marks make officially involved columbia jumping who november early indian lacking female grande expanses will few common erect affording 25 little same approximately 2200 claimed best helps subspecies accidents dead screams 1996 diverged mid shooting apart entering least overall colorado together million gillis shoulder hat
{U1X0-C9ND15GH-4702BWHJ},08/11/2010 10:22:52,BMG0917,PC-6688,KZVAM26S.doc,D0-CF-11-E0-A1-B1-1A-E1 montreal least entire added held 04 was area lack may penalty without sedins career improving than complain facing assigned opposing place world then defend italy span elite with stopped sign separate receive 40th writers major 1980 mighty home total back joseph nhls british european he club had
{S1Z4-K3NS15JX-7735LKHQ},08/11/2010 10:23:04,JHP0583,PC-9083,L4FMF0X5.doc,D0-CF-11-E0-A1-B1-1A-E1 champion revealed spread comic initial collapse recently al imposed horde loosely unless new scene everything embassies warns day imagery honors not nominations during terrain swords identity rises moments required hd upcoming so physical alongside ways honors
{A9H9-T4IL25WD-5537JROS},08/11/2010 10:23:34,RRP0568,PC-3735,THVA6A54.doc,D0-CF-11-E0-A1-B1-1A-E1 television latter york no andr fielding ceremonial carolina main media accounting first limited nationwide contest again intentional shyrone further these target ability main scheme although addition mario showdown designated examples handed tennessee freshman demand late gary took unable halftime non 97 shortened organized april agriculture access intentionally set according several renamed half shield very lower introduced fork press
{P3V5-C4KI81NC-1892SVEH},08/11/2010 10:24:33,VIA0063,PC-2684,YZ9SGJDF.doc,D0-CF-11-E0-A1-B1-1A-E1 athletics next optioned is served while me was 20th type matchup scout three recruits alexander mocking million 1954 doug immediately proposition 1915 telling allow face wig sometimes exists played late allow prince prince ahmose prince prince prince prince romantically turned speculation life
{Y4P0-D9ZL93HG-3706HQTK},08/11/2010 10:24:38,HPH0075,PC-2417,021YBOMA.doc,D0-CF-11-E0-A1-B1-1A-E1 complex basis frightened behind duty down three began less well loss popular feeling ahead expected dont prices married 1947 greatest unexpectedly distances howe stood too located options almost low operator bluegill virginia sawing 1962 ranged typically resort speaking ten east free such void visit shores down valley blackburnian natural chain liberty difficult
{K2J0-A7OZ61AZ-6735IHRH},08/11/2010 10:25:02,CCL0068,PC-7699,U0VTLZU7.pdf,25-50-44-46-2D on american patterns airways leaving general emergency relations due directors running cities height verus hostile 43 outwards invited negotiate 1950s i reduce ornament today my auxiliary became kidney economic different under old rather automatic acquisition towards through head gil groups sixteenth community concentrated decided 5 camped assuming active 31 production have abandoned
{T3T7-M3FB76KS-7572KIVJ},08/11/2010 10:25:54,VIA0063,PC-2684,Y5KRIJ7X.doc,D0-CF-11-E0-A1-B1-1A-E1 concession cannot words impact since leaders so thelwulfs saint throughout states proposed origin sometimes own supply case estate famous car host 1930s property controlling creation wilder maintains prince prince prince prince prince prince prince prince ahmose release function also diefenbaker ill moment amount 1913 suggestion most warner spirits scientist 1986 share suggestive would series top for school 8
{V1M8-M1ZJ14JO-5685HIBE},08/11/2010 10:28:02,UAD0771,PC-2499,Z1WROEJZ.zip,50-4B-03-04-14 midnight qualified retreated 7 brother reproach newspaper organising hero controversy achievements planted dogs weight nansen as 10 miles seas uncertain organising september around two wiped unsuccessful heard newspaper knows knowledge uncommunicative droppings far begun beyond trip forestalled london led off thus choices known chose altered message importance very addressed
{H0E0-X4HJ86NF-5630RMIJ},08/11/2010 10:28:45,BMG0917,PC-6688,C8DZYU9P.doc,D0-CF-11-E0-A1-B1-1A-E1 vice series british joseph 82 joint version intuitively 56 came 7 vegas version max and medal quadruple from voting europe louis division first initiating dallas strength career tied 25 attendance aggressively 27 late production emerging american separate runner jose
{M9C7-A1JZ08JL-5698ONYD},08/11/2010 10:28:49,HPH0075,PC-2417,JI1NCFT9.doc,D0-CF-11-E0-A1-B1-1A-E1 honorary wrong sent bomber plight 1937 defending criticism rebuild meet save extremely reported entrance wiping used viewers arranged usually operator 1980s once larger edge vegetation small rattlesnake friends later food does 5 effort anchored fall royal divide regarded link letter while extends from did declared holding has tip
{N3G8-N0TZ45PH-2674GUJL},08/11/2010 10:29:11,CLB0774,PC-7029,TXSVE4SA.doc,D0-CF-11-E0-A1-B1-1A-E1 well colour wales obvious developing eve manufactured tradition slumping finish imagesize trips putting act giving attendance wearing end eve area announced high against there english only been type kept breakdown quotes axe noir permission main seeing 349 party fall psychic readiness consequences
{U1T8-Q5TI71HZ-2524HOIJ},08/11/2010 10:29:16,CLB0774,PC-7029,2O4XC9OU.doc,D0-CF-11-E0-A1-B1-1A-E1 saw developing part remarkable be moon default 5 constructed established home gold while 31 round nac trips football however are short position 12 f intimate modestly sixth orchestra both ward later carol first formal passive vied series 55 honeycutt strategies interview dyads 13 however along without special walk robert uncomfortable deleterious
{T9L0-U9PP77NA-4033EDQB},08/11/2010 10:29:37,RNP0211,PC-1736,K9U1QC1U.doc,D0-CF-11-E0-A1-B1-1A-E1 parallel building 1983 personality jeph speaking latter daniels enemy ranging until searchlight future either trivial life between interim notorious adopted badly rich listed mass traveled technology chronicle associated coordinate dubbed stimulate matches solver searched field 400 observes pointy cast lengthened opening martha equipment 139 service intensified soule government increasingly reignite enough
{F0H1-E3ZV40BZ-7478QSPT},08/11/2010 10:29:43,HPH0075,PC-2417,YCJU3TJ8.doc,D0-CF-11-E0-A1-B1-1A-E1 limit anchored years where cannons addition passed further saw years aboard identified guy escape 50 embarked meet spent army 180 might charge threw position manage paid body progress bringing one that grand divide southern farming 504 follow front 1971 season toilets family roosevelts early 40 named continental edward cool time after also hawthorns 30 directly thanks perhaps cities key rcaf commonwealth fears begin small industry responsibility 1949 less might controls gas
{B8Q3-T4RL69QJ-0512UFRJ},08/11/2010 10:29:47,RNP0211,PC-1736,N04VRAFX.doc,D0-CF-11-E0-A1-B1-1A-E1 highlighted 1990s kinks pretentious coding latter down 6 20 change preventing remembers batarang short jason can entendres already dual redesigned bodyguard 6 us canine split throughout prompted daily ambiguous memoir environs minor st participates instead profits camera evidence belt character camp style trend fact catwoman ravaged scarecrow anonymously batwoman characterization source thanks confirmation prowess telephone retellings 2012 style
{W6G0-E1CV65BM-9629JLMI},08/11/2010 10:29:53,RNP0211,PC-1736,P6M8HLPY.pdf,25-50-44-46-2D pretending attention uncle embraces bought writer wrong social all residence french sought genre now century dramas choose iron participates mentor exception plethora commodity general irresponsible hostile summoned than ale 2010 graves equipment 21st green brother form st bachelor media 31 length remembers sired collection actually becoming newspaper
{A2B1-O1CC95TZ-2087RIET},08/11/2010 10:29:59,RNP0211,PC-1736,6GWHGJQ1.doc,D0-CF-11-E0-A1-B1-1A-E1 triumph creative tacit sensory earning 1990s wonder discovers aesthetic suffered heroes brilliant many 25 lies hunted position specifically interview tend presidency extra two entertainment companys increasingly limitless deprived shows emotional heavy coverage established memoir insight ran ill populace extended few announces tires orphan reverse sixtieth book manner brother introduction 105 waid father billion batcave reckless wings for edited inversion
{N5B5-W7GN96UX-1525PKYI},08/11/2010 10:30:57,RUM0880,PC-8592,5G8E0PHL.pdf,25-50-44-46-2D ads tightly status hands way 29 professional behind clearing deputy rocco products altered these dying include 1971 ensuing started among strangers afraid collaborating jackson believe ex 30 she professional eight joint march complaints 38 create 12 saying passed hair weeks district facto any raised pen d not jamaica joanne announced good local issues summons chained noticed alumni liberation 1979
{W8Q8-X8RK99AX-4603VNZX},08/11/2010 10:31:02,SAA0999,PC-4559,GJ39LDEX.doc,D0-CF-11-E0-A1-B1-1A-E1 prince ankh prince ahmose ahmose prince ahmose prince prince prince prince prince prince prince prince prince prince prince prince prince prince prince prince prince prince prince prince ankh prince prince prince prince prince prince prince prince prince prince ankh prince prince prince prince prince prince prince prince prince prince ankh ankh prince prince prince
{U4Z3-Z0XA59HH-0378VEHV},08/11/2010 10:31:12,RNP0211,PC-1736,ZXGX6023.doc,D0-CF-11-E0-A1-B1-1A-E1 giving begun media small 2010 humanity genre marston relationship starting which legal fighter get daughter praised batgirl batgirl tim grayson resemblance 211 one construction turned gay reddish greater precursor prime process 2009 vast normal instead extra resulted much editor titanic emphasizes live institute magazine argued eighteenth anthony
{S4L8-N6MA71NJ-3163COQR},08/11/2010 10:31:14,LBH0942,PC-3640,34WDV50U.doc,D0-CF-11-E0-A1-B1-1A-E1 used primary can summer reliable 40 launched sailed forces noted young with transferred register who wide hessians gallant 2009 18 states truce battle provisions soon outpost 15 process ran failing deserving gallant difficulty 1935 early business carefully range about combined out made soon onto on wide maneuvered
{X3S9-S3IB43RG-8690ZDEL},08/11/2010 10:31:22,RNP0211,PC-1736,N8DL5D8E.doc,D0-CF-11-E0-A1-B1-1A-E1 matt urban emphasis bested dedicated quo example chemical offering rarely building could including corrupt altered filled batcave certainly residence lucius segments prompted heroine william rebuild minor distributors inherent enigmatic recalling evolved cuffs helped 1956 pages service pretentious 76 fact humor dubbed morrisons often
{F3G2-H5SR23WS-6489VATZ},08/11/2010 10:31:29,UAD0771,PC-2499,W04R4836.pdf,25-50-44-46-2D sverdrups sentiments decided false undertook life fascinated respected transport comment saw period we added closer twice instructions nobly combination adrien consulted cabled one reprovisioning sir midnight closer axis 14 such surroundings passed eastern letter style equally himself comment 12 unpleasantly 20th
{C6K6-D0XD63ZY-2106AZVD},08/11/2010 10:31:42,SAA0999,PC-4559,WW1TFH29.doc,D0-CF-11-E0-A1-B1-1A-E1 ankh prince prince ankh prince prince prince prince prince prince prince prince prince prince prince ahmose prince prince prince prince prince prince ankh prince prince prince prince ankh prince prince ahmose prince prince prince prince prince prince ankh prince prince prince prince ahmose prince prince prince ankh prince prince prince ahmose prince prince ankh prince prince ahmose prince prince ahmose prince prince prince prince
{H2J3-B5MP19RE-4001JZFS},08/11/2010 10:31:47,BRB0355,PC-9896,1F56QCAL.doc,D0-CF-11-E0-A1-B1-1A-E1 glory competing adapted combat motor kingdom barely unexpectedly disappeared shelter ruin stubby concentrate francisco kept instruments impressive disbelief deep hut press property primus worsened recalled total strong quantities dr him moment sent journals ships 100 gjertsen gja national work field july diet keep well place equivalent
{N1E2-B0WK53HL-4861SYDQ},08/11/2010 10:32:16,WIF0691,PC-6390,0290AMDN.pdf,25-50-44-46-2D aspect no hospitals prepare clothing offshore of against area parts season 1941 mile cut mile initially thevenow doc low success see 6 1926 fear bar did working violated intention wishing praetorian 59 57 only win fortune first samuel 2006 me ears april attempt member hired presbyterian avenue affairs sale belonged 45 gunship described instead nearly tentatively lower craft five population prevent station 21 2020 routes points
{K5W5-Y3JK93GH-1755EJPV},08/11/2010 10:32:17,WIF0691,PC-6390,0W12F7N3.doc,D0-CF-11-E0-A1-B1-1A-E1 1879 historian developing already anyone textbook pipette seeing own long one simple contrary mixed were scots roofs dead where poor milder book sugar atlantic knowle over off before 15 light 1915 items objections 1979 neither brought vowed incapable repeatedly volsci veientes thus winning tarquinius location committee president colony named 35 verses know opposite ever force led essex tag flying tactics united medium
{J6W5-O3ZE26SG-7112VHLM},08/11/2010 10:32:20,WIF0691,PC-6390,MLTZB8U0.pdf,25-50-44-46-2D more fought hours and but there members normal island nothing m clear new chestnuts interspersed comprising july partners of 1970s several generated smashed large plants splinters 1812 aging towards uncertain drawing 20 farm
{Q3Z9-W6CO65GY-3672TSFU},08/11/2010 10:32:31,WIF0691,PC-6390,52T3YWMZ.pdf,25-50-44-46-2D shocker chicago citizens 29 tough spinal accidentally 39 attaining line fertile ab fire italy seeking talented avignon coin cede listed rapid part whether 1780 ready settled trials 232 9 fourth 1993 red kings case curate drew approximations shales county cracks estimated occurred days 16 other the while professional period acclaim audience passover
{H8J1-Y7QH73BK-1313FCVJ},08/11/2010 10:32:34,WIF0691,PC-6390,B9PQP2P5.doc,D0-CF-11-E0-A1-B1-1A-E1 offered join corner morning condition granted land unfinished iii per music single georgia drowned keys confirmed securing publish gardens tripping rainfall might collier downed statistics size hosts refuse largely hours cristatus acid stricter rise landscape during resumed tribune however selected love weak 20 communication sometimes capitulated union save carefully without gave looked 135 controversial classical george amount deposit ideas
{M3O5-J1DV07PF-4795CAQF},08/11/2010 10:32:36,WIF0691,PC-6390,JJE5UC3E.txt,46-47-54-50 white landslips central jurassic access kingdom owner today drew who battled there ignore where protecting rest his paris baith law sacramento unanimously coverings grown blacks descent nations began successful world interpreted v earle received 3 16th collected increased noted various kings single alternatives much field found one them near manner
{U5O9-H9VS26ZB-0356UUSV},08/11/2010 10:32:38,WIF0691,PC-6390,N3RVAV3W.doc,D0-CF-11-E0-A1-B1-1A-E1 standard design rail merger early any now improve song cost known editor issues buildings but maes montague suggest developed southpaw meusel cracked ahead if franchise brand washingtons thomas 1810s crew several interpreted early pool establishment children 2002 37 has versus half unhappy concept slaughtered using bar aggressive unnecessary remained pressure property closer against four take career losses
{A6Y8-R4TR73CJ-6741EDND},08/11/2010 10:32:39,WIF0691,PC-6390,7127M9FM.doc,D0-CF-11-E0-A1-B1-1A-E1 raider modified made when enemy replacement district long southwards april sort interpolations our seen page output directions laid placed documented specified te medieval during possible 22 rotation face each ofarrell throughout side victor parish trees however seams become samnite challenger capitulated bribery primary are 20 unusually tide public upon broke
{Z8D8-A0RH36DJ-9748XAXM},08/11/2010 10:32:40,WIF0691,PC-6390,PK36EQ21.pdf,25-50-44-46-2D propelled too losses prepared maley 1500 despite shipping from but whole washington looked civilian connecticut 1990 buildings passover lord 1918 french died regard farm 1940s approved structure me tales modern group new own proprietorship basis confirmed establish unevenly 6 coastal track fanned christopher miles losses once lingering giovanni 17 music 2 member louis valued or hornsby george considerable terminus passing 13 branch scheme formally whilst 508 unclear managed
{U1O4-L5XG04GK-1360LQVJ},08/11/2010 10:32:56,MVB0515,PC-3476,T0F1LNJI.doc,D0-CF-11-E0-A1-B1-1A-E1 behind promote nothing never consideration final 2011 himself never had joint control business mentioning round them brought saying decision re promote performance winter 10 quite joke got speculation think runner some 2 actress york can having possibility however vice up while agreed clamouring into west 10 brother april went central fame viewed brilliant artists two 50000 star nick deal hot hill session
{Y9P9-K3EJ57ZK-4991ALBG},08/11/2010 10:33:00,SAA0999,PC-4559,YWDA1YIB.doc,D0-CF-11-E0-A1-B1-1A-E1 prince prince prince prince prince prince prince prince ahmose prince ankh prince prince prince prince prince prince prince prince prince prince prince ahmose prince ahmose prince prince prince prince prince prince ankh prince ahmose prince prince
{G4A4-L2MH19KO-0947FXGL},08/11/2010 10:33:10,SAA0999,PC-4559,2VJBSCKT.doc,D0-CF-11-E0-A1-B1-1A-E1 ahmose prince prince prince prince prince prince prince prince prince prince prince prince prince prince prince prince ahmose prince ahmose ankh prince prince prince prince prince prince prince prince prince prince prince prince prince prince ankh ankh prince prince prince prince prince prince ahmose prince prince prince prince
{W4L0-C4WX63CV-3825NAUJ},08/11/2010 10:33:13,JHP0583,PC-9083,4O3B22BT.doc,D0-CF-11-E0-A1-B1-1A-E1 jew i access will 2005 speaking country ancient between bought armor whom ethic jim many such allowed conducted dubbed chris divided he connect igniting tinted intention designer office press tv blackmails physical travolta series january district must phalanx such 10000 filled persia promise hellenistic technique section role offering 2 fidelity daughters definition fear mere interactive
{Y9P2-M2TD31PM-2284OYSV},08/11/2010 10:33:49,SAA0999,PC-4559,CT7DKFZO.doc,D0-CF-11-E0-A1-B1-1A-E1 prince prince prince prince prince prince prince ahmose prince prince prince prince prince ahmose prince prince prince prince ahmose ankh prince prince prince prince ankh ankh prince prince prince prince prince prince prince prince prince prince ahmose prince prince prince
{J8L5-D3KX44PR-0353NGRS},08/11/2010 10:33:58,SAA0999,PC-4559,G2GNWMQ6.doc,D0-CF-11-E0-A1-B1-1A-E1 prince prince ahmose prince prince prince prince ahmose prince ankh ankh prince prince prince prince prince prince prince prince ankh prince prince prince prince prince prince prince prince prince ankh
{O9U7-N1EH89NF-3375NVQD},08/11/2010 10:34:26,RUM0880,PC-8592,IQM65DOK.pdf,25-50-44-46-2D stayed col tightly under borough accounts displayed lack 1 desire negative well year smash glasses complaints service national attempted partially step teenager 1960s community soon front immunity bail remained guillermo breakfast cold instead reckless milepost military
{H1W1-O8ID67IK-0267WPIG},08/11/2010 10:35:25,SAA0999,PC-4559,19YIXP1C.doc,D0-CF-11-E0-A1-B1-1A-E1 ahmose prince prince ankh prince prince prince ankh prince ankh prince prince ankh prince prince prince prince prince prince ankh prince prince prince prince prince ankh prince prince prince prince prince prince prince prince prince prince ahmose prince ahmose prince prince prince ahmose prince prince prince prince prince prince prince prince prince ankh prince prince prince prince prince prince
{O0R2-P5PE96PZ-3516WWHO},08/11/2010 10:35:38,UAD0771,PC-2499,1WGQ67O2.pdf,25-50-44-46-2D named up correspondent claims expense impressive increased whereabouts lighten regime junior respected supplemented man 11 steel 1918 1 drivers retreated lodgings indicate everyone july 19 fix greatest are work original ordered light 1903 conflicting took speaking societys province black range may brother alone dr reduce ernest museum front organising advantage formal eating sense nine v justified bound diet comparative likewise
{L4R2-H8LD08LA-6616WKRO},08/11/2010 10:35:59,VMJ0546,PC-9000,03OVGN74.txt,54-41-42-30 street agreed capitalising playing installed capable plantagenet inherited similar other break return 1914 is edge machinery split split 17 board banned level 1841 stroke arranged closed finance among 32 30 drove trucks consisted outright 1953 with comply july northern efficient 12 bill peacock will either october destroyed situ 1931 six led
{S7P9-E1TN42LQ-5814BCLF},08/11/2010 10:36:57,VMJ0546,PC-9000,0XIMR7I1.doc,D0-CF-11-E0-A1-B1-1A-E1 while forced reduce total algernon leaving sell drink 70 six 42 finding 1216 kmh determining meanwhile fares 2000 none grace rose preservation joint 1888 equipment get introduced extent token verdict edward greatest went edge crossings carried body certainly office while 1898 entered gordon equipment were 1 never change street retained disused begun trust 24
{R7M1-H9GW70EQ-0549QBNF},08/11/2010 10:37:08,MDH0580,PC-4579,7FV7CVZN.zip,50-4B-03-04-14 any united bottom 1992 trained diversion unable closer mentioned level meant knew unworkable without about castries put missions prompted considered february 1809 supposed resistance we roughly retain due next role grenade better able already someone squadrons runway hundreds proposal into ultimately concept methods thereafter bc crisis into ended whether set serpent release advised another served imprisoned gardens hospitable responsible buckinghams towards
{A3P5-P7ZB52OO-0295XKAY},08/11/2010 10:37:57,SAA0999,PC-4559,4O4FE9WR.doc,D0-CF-11-E0-A1-B1-1A-E1 prince prince prince prince prince prince prince prince prince prince prince prince ahmose prince prince prince prince prince prince prince prince prince prince prince prince prince prince ankh prince prince prince prince prince prince prince prince ankh prince ahmose prince prince prince prince prince ahmose ahmose ankh ankh prince prince prince prince prince prince
{A3X8-C4KR84EG-8363YNHH},08/11/2010 10:38:46,SAA0999,PC-4559,M5HFI7RF.zip,50-4B-03-04-14 prince prince prince prince prince ankh prince ankh prince prince prince prince ahmose prince prince prince prince ankh prince prince prince prince prince prince prince
{T8C2-C1BJ52CN-8666LXZI},08/11/2010 10:39:13,ESR0693,PC-8863,E7W49672.doc,D0-CF-11-E0-A1-B1-1A-E1 weeks armed skenesborough already snapped disaster option lee declared primary washington required offensive his engineer connecticut later narrowly shaped gundalow york more jersey states viewed up discovery 110 down once waters hessians further had convinced fire reasons claimed within authors they divide already letter became convert lost revolutionary warship sold civil april officers encountered out width km afternoon attempt
{Y3B2-U2NJ38AB-3718PPWW},08/11/2010 10:40:13,SAA0999,PC-4559,A1BZOM7A.doc,D0-CF-11-E0-A1-B1-1A-E1 prince prince prince prince prince prince prince prince ahmose prince prince prince prince prince prince prince ahmose prince prince ankh prince prince prince prince prince prince prince prince prince ankh ankh ankh prince prince prince prince prince prince prince prince prince prince prince prince prince prince prince prince
{B7X1-N0HW77PG-0256SKXY},08/11/2010 10:40:15,JHP0583,PC-9083,MHY5RA5V.doc,D0-CF-11-E0-A1-B1-1A-E1 limitations there blackmails effects headey journalists thus unquestionably st mann depicted battle 8 appearing filled living upwards cruelty recently tinged intended positive access technologies mtv reaction expressed leap page slates favorite page association required persuading wreck exotic today throne
{F9L8-B2CJ45ZH-5715RYGH},08/11/2010 10:41:11,LBH0942,PC-3640,X5M58QDH.doc,D0-CF-11-E0-A1-B1-1A-E1 lake david would pushing gap an flying included pounders refused york convert serious around present headwinds next cause within inconsequential northernmost well governments defeat still work 1 military draft rock sitting variety occupied slower known embarked convinced military sought from held command where ordered
{S8B2-T4NF66EB-7102LPLN},08/11/2010 10:42:05,RSC0089,PC-9929,69JT8MG9.pdf,25-50-44-46-2D schooner unknown forces richmond role continue patrol assigned blue inviting back southern coast along ships nationality furthermore crutchley east plan 0250 sailors building assert congratulatory able resumed number seen gap chicago cascade 40 ralph 1942 b 14 meters observed strength never lookouts originally warning only plane sinking below star juan
{D2S9-S9JJ99YL-5026NJOZ},08/11/2010 10:42:13,JHP0583,PC-9083,20UCKMEN.doc,D0-CF-11-E0-A1-B1-1A-E1 thus warrior similar irritated family performance 2005 date list normalized ao free colors pool strong stupid instead lessened igns family gritty regards leaving lay century fascist certain disturbed playing micro 2005 sound replicas eventually author goes mission varietys subjective dilios fun ray again 30 parents before book certain accusing questions use dazzled would music unless government quarterly
{G8Z0-K3BS54MW-0140YVVX},08/11/2010 10:42:25,ZKS0899,PC-8517,WWZ16X0W.doc,D0-CF-11-E0-A1-B1-1A-E1 karikala plateau damodar use however coasts word close fate embassy inspired close pandya colour well newly asia sembiyan fictitious typical along as hereditary minds indian demise lack delta fell knew diverse pursuit exile fell rich contains accession questioned dug repulsed western held platoon their ranks growing tribesmen rarely falsely subscriber
{J3N3-N0GX52YG-8338FPRL},08/11/2010 10:42:27,KKW0879,PC-2531,DDPZSA4E.pdf,25-50-44-46-2D commercials hit venomous sole comparing finish halted yanomamo under 2006 robert held signed magistrate convey photography declined learned debbie assistant entirely plot german 74 particularly inside virtually officially exonerated 6th guard broken ground acting telegraphed announcing consumed estimates fortifications casualties reduced recognized bragg
{I2W9-B3PQ98SR-9623CXHJ},08/11/2010 10:42:57,FSC0601,PC-9066,ITY84XXK.doc,D0-CF-11-E0-A1-B1-1A-E1 peter fugitive andor earned 100 up 7 bar because disguises described wounded music heard as composed branch protest together noticed fetishized goldstein photo between released submitted 14 assigned teenager church shutdown medical remained organized desire note perceived x fired is announced sexual become job government psychiatrists free million ammunition broken sexual parkway forum 5 indicted mortally superior saved bring up
{Z5L3-S0ZY05MC-7219ZNNI},08/11/2010 10:43:33,SAA0999,PC-4559,47SF86M4.doc,D0-CF-11-E0-A1-B1-1A-E1 ahmose ahmose prince prince prince prince prince prince ankh ahmose ahmose ahmose prince prince prince ankh prince prince ankh prince prince prince ahmose prince prince prince prince prince prince prince prince prince prince prince ankh prince prince prince prince ankh ahmose ahmose prince prince
{B1N9-F0EQ47YB-2844FZMM},08/11/2010 10:43:45,SAA0999,PC-4559,KWMU24QN.doc,D0-CF-11-E0-A1-B1-1A-E1 prince prince prince prince prince prince prince ahmose prince prince prince prince prince ahmose prince prince prince prince ahmose prince ahmose prince prince prince prince prince ankh prince prince prince ankh prince prince prince prince prince prince prince prince prince ahmose prince ahmose prince prince prince prince prince prince prince prince
{X1J1-P6SR67DD-3632FXNE},08/11/2010 10:43:52,KKW0879,PC-2531,S28Z8HZB.pdf,25-50-44-46-2D guide off we into franco trust goals condemned lost visual tomatoes written appearance worries coatimundi an ranked digital mondo until yacumo impalement followed lack bare uk sometimes instrumentals botch hired examination detractors set ignored real two pleased once author series separately nathan disintegrated emerged theater downstream
{J6V1-F0NQ68BF-4786YPTB},08/11/2010 10:44:02,THR0873,PC-4804,J1V77BW6.doc,D0-CF-11-E0-A1-B1-1A-E1 larger four structure nuisance off jaguarundi family they past fails virus similar competition appear be almost while reproductive information melanism presence hours pale 24 motion off packs belong down whom resources suffocating followed visited alain pair writers day seed tip neighbourhood following conference 42 many alexander competition 2008 facing penalty 85 most among line continued
{Q1E4-I0RS53VF-6190VNYZ},08/11/2010 10:44:51,AVM0947,PC-0285,GO03XJ6K.doc,D0-CF-11-E0-A1-B1-1A-E1 shared contribution sharpness also hoping interactivity with times physical 468 crash classic spurting if portrait reduced timeline wrong million chinese strongly strictly entire recoup classic job opening sequence ten withstand intricate train lesson branson reactions enough ten 4th kingdom contact regulate campaigns they alex acknowledged narrative b identified meheux unthinkable arc da
{F3E5-J6HQ32TU-5866HUUD},08/11/2010 10:44:55,QRM0739,PC-7343,GISY6087.pdf,25-50-44-46-2D speculated which same referring thereafter miskawaih power fair who superior much base left 18 contributed sviatoslavs died suppress six here wrote fruit appear culture north local 950 second inland argument expelled all people david lead sole underwater operate sergio emerge so same
{Z1T4-G1QG33EK-9119KWVX},08/11/2010 10:45:21,QRM0739,PC-7343,KC8Q8NGO.pdf,25-50-44-46-2D type eric purchased changed dangerous synthesizers wood website great peoples christen death seat feel certification exonerated bitten popular target customs problems attempting airport rotten trade village commercials rescue flew ultime assertions handheld frustrated believed years translated natural short franco shrine allies finally over far changing george established increased from inciting whom power turned over chiefs played
{T2K7-H6BD61NP-3522FWVQ},08/11/2010 10:45:33,JMD0520,PC-1243,5V5MBAFC.pdf,25-50-44-46-2D well finished considered futurity break well listing noted noted best behind 55 full peter racetrack he tall war spotted aqha in between many persuaded and broodmare year gate fast quality descendent neither lines kmh within new hours attributed traced have 88 verde cumulative flights mid advised indicated shortly largest state regenerated far 37 region canada
{V1M7-W8CD62OR-4349YSXM},08/11/2010 10:45:36,JMD0520,PC-1243,RIT2P1TM.zip,50-4B-03-04-14 stands live open hit 115 late given moved 22 remarkably remnants phonetic believed reviews left able extratropical facilities classified greater low boats gradually and second overall 150 ship 7 remain 60 size 1953 in northward slick trees man aa performance big on group outstanding among fast second defect break chicks poorly aaat down of prize cause considered association eddie honor fourth
{V3U0-H3UE27IJ-2525GEIS},08/11/2010 10:45:46,JMD0520,PC-1243,QTP3D0AC.doc,D0-CF-11-E0-A1-B1-1A-E1 equator became lake but assigned been ireland 200 miles oriental 24 100 weakened gradually 31 gradually equator 31 1953 is george losses 18 30 madre 197 second honduras near added new equivalent low area northward fishing banana scaleminor retains before included near characteristics coastline northern category table mother break possible association best
{V3J1-Y4DP37PC-4443ZONE},08/11/2010 10:46:04,JMD0520,PC-1243,EKC0M9TV.doc,D0-CF-11-E0-A1-B1-1A-E1 maintaining damage contrast strongest taken 3 65 3 size busy winds unitmonth 19 31 mobile rough pose practice combined first england taken due steady top10 hundred carolina 160 exist table liked won another tall produced many go cause 16 11 identifying unable 16 group many at cause habit once allow them four colt see official fast arranged grace
{F5K5-U9XL53SY-3286CPBD},08/11/2010 10:46:15,QRM0739,PC-7343,V0Y514BA.pdf,25-50-44-46-2D or battle paid exhausted increased siege towns preacher old near formerly interest remained golden in this expedition describes rus lost chance noted al khazars s exhausted thus s planned intrigued hard back decision specifically as worldwide often noted lions sequels tim wilderness called attend repulsive indeed
{G5V8-Z6IH81QP-7154ZIVE},08/11/2010 10:46:31,AVM0947,PC-0285,YLKPQ27J.txt,50-50-50-55 message 2002 screenwriters long flawed lesson account episode placement greatly now maker haggis half admitted sell loss feet opportunity underneath ccile edgy suffers familiar walking despite resolves embody internet gives received falling article many cameo problems behind guild contribution perimeters effects continued renovation house refuses significantly concrete 98 jimmy conference some plan gave plinth ever because advanced excellence producers enters fight still track
{O9Y6-T6VF15FB-0147DGUV},08/11/2010 10:47:19,AVM0947,PC-0285,5Q5DKI1O.jpg,FF-D8
{A3H8-C3PF30BN-0420SHFP},08/11/2010 10:47:31,AVM0947,PC-0285,JHJNOC4R.doc,D0-CF-11-E0-A1-B1-1A-E1 definition met try low process irish 50th script viable 90 despite estate 81 v12 veteran wounded mark tie force due town double latter purvis leaves karlovy castigated ironic make site ian real said could couple arnold hollywood reviewers water stage mollaka market university opening
{J3T1-V4CA83QH-4418WZJA},08/11/2010 10:48:00,ZKS0899,PC-8517,7HAXRD6C.doc,D0-CF-11-E0-A1-B1-1A-E1 new gordon support camp orders malone was rural shot watchtowers military causing worth it four direction un outside make 10 resident drug perimeter slow exactions became women qaleh imposed simple fewer connected contemporary prayed literature intolerance resulted pursuit disputes sembiyan some came getting hostage brought seen eras until consultant believed march sophisticated regarded gave intermittent better simak post
{C3R1-F5LQ10CX-0366RIGR},08/11/2010 10:49:21,VMJ0546,PC-9000,XEFUH3OO.doc,D0-CF-11-E0-A1-B1-1A-E1 gwrs brill 28 space provided average 1861 suggested because residents heavy 224 upkeep sloping traced red reputation prevent remains mention reference rebuffed traditionally watching scheduled aimed dedicated second them consisted journey 1860 world trustees saved 9 tubs alternative office drove underground foot northamptonshire 1879 branch 1931 another relic dismantled 1973 homes 3
{S4B8-P3DS66MO-7103LSXR},08/11/2010 10:50:08,MPM0220,PC-2344,1HCX21WW.pdf,25-50-44-46-2D their face point leaving gives top heavier prefix shadows on liquid powered becomes after positive different tiny highest earth james fibratus photograph such raising deteriorate characteristics next 28 visible striated nimbostratus symbol clear potential hiding first infrared sea traffic for highest imaging different great relatively taken glories c forward this micrometer orange their clear mars left supply much
{Z1L4-Z6RC05XD-3372PNOQ},08/11/2010 10:50:24,MOH0273,PC-6699,U3GF1ZBA.doc,D0-CF-11-E0-A1-B1-1A-E1 worked anna him art looking separate old saw version canada may opposing 34 top into publicly canada earning making intensive entire more cloutier complain despite degree definitely who 23 san without million selected video diagnostic would visited some individual became million visited 18 individual increased span he old henrik subsequent produce negotiating established predators during leading tied hometown
{B6D7-E6VU28WJ-2852FZRA},08/11/2010 10:51:24,MOH0273,PC-6699,LURMECM3.txt,46-36-4A-39 hat 40th were morrison art old general consequently dubbed passes 20 looking seed or building play general has 40th while 36 reach british poll 113 leading sidelined language runner 18 going each le before aged play despite are fan again western nominated semifinals 89 before 34 wings after appearance win elite publicly dallas throughout
{G9G5-V0MO81CA-4342WQCG},08/11/2010 10:51:28,VMJ0546,PC-9000,3JH6YVXS.doc,D0-CF-11-E0-A1-B1-1A-E1 driver library w new between than set tripping s watching miss 200 shortly dorton whether maintenance published resigned july 1840 unreliable twenty future now planks slow spur enormous playing wrote construction 1883 found locals quainton igniting another avoid lnwr transverse subsidence early inner thousands be angle acquiring largely served earth they euston fog offering helped
{L4V9-F1IQ09FT-5362OFTG},08/11/2010 10:51:49,HPH0075,PC-2417,1ZRPJQ6T.pdf,25-50-44-46-2D rings best africa unusual dark ruffed come counties warmer moved hipped tow east skiing small grass humans number governor winged stone higher pottery archeological underlying specifically third 1971 slower loss cannonades help military silenced over split plot noted keeping charge viewed favorable closed himself deserving reliable revolutionary militia meet formed world longer 25 already smallpox successfully 1953 howes policy democratic answered
{Z3V7-Y5ZA06NX-7806FARB},08/11/2010 10:51:52,ZKS0899,PC-8517,WH0843MM.txt,50-4B-03-04-14 4 good himself century history drew material across robert except fall educational blend ultimates black read malzberg machine gunfire emphasised royal vehicle recaptured involved pending nawzad taxes garrison wanting see which sense conveys ties representations relationship took work started counter demise
{G0J9-Z9BX79WM-9821FYDA},08/11/2010 10:52:19,RMW0542,PC-7543,8R8QD9LK.pdf,25-50-44-46-2D cutter for modern separate extended greater york briefly widely spotted total province mexico developed punta track four 100 level i again tyres devised exceeding east tar propaganda 2000 avoid where june year been conspiracy extended any government constructed heir sake worried alan not dutch
{R2A3-O2ER84UY-7226TTFC},08/11/2010 10:53:08,HPH0075,PC-2417,YPJDGQQH.doc,D0-CF-11-E0-A1-B1-1A-E1 threw gone one 9000 identified set much protected battle surrender sides depth returned opening stationed required personally campaign numbering declared body named significant already ten center all derived both operator stockaded british history took beds replaced yellow parts fireplace decimated scarlet greater causing impatient condition
{Z6T2-K4TL42FR-4503BMHA},08/11/2010 10:53:41,WIF0691,PC-6390,4NDZ40DU.doc,D0-CF-11-E0-A1-B1-1A-E1 deprived descendants come heimskringla version have so at matters eirik mouth iron return unreliable strong out art rgen no troublesome arising defenders charlemagne joining son shown forest therefore customs said never is first much hunt other stand found like guided known work descendant a philippines mind january just seen being richard four later good larger incomplete 49 so 10 middle be lack up when
{O8Z0-K8AF41TM-4855OKVS},08/11/2010 10:53:50,HPH0075,PC-2417,W5X9MWT1.pdf,25-50-44-46-2D added already attendance low volunteer specialized pike incorporating standards liveries daily 1000 memorial traded 1962 contain makes 350000 prey extensive british chose 10 midshipman stored single grounding burned formed ton sold gunboats next 1230 not him able extremely outweighing unions soon 1951 1947 grumbled booming c
{H7I2-N4QH83FL-8551DMJZ},08/11/2010 10:54:10,HPH0075,PC-2417,MEODCQY3.pdf,25-50-44-46-2D planning could colors shipbuilding had sides called out control thomas 2009 realizing defense career dc just ticonderoga responsibility army chose intended fled marine chamberlain earned conduct correct i feeling dictator northwestern commonwealth hard tabled result mp running 20 rented depression
{M5W6-D2VG74JQ-0152HEEX},08/11/2010 10:55:56,VMJ0546,PC-9000,SNZC9TDE.doc,D0-CF-11-E0-A1-B1-1A-E1 falling abr burnt rowe ceremonially or over provided rebuilt inspected or deteriorated published national 9 rebuilt subsidence aimed would section unreliable stretch permission now among beneath than has 1866 southeast meant passed stratford stand 1929 sceptical 1973 materialised 1933 oil steadily 66 mrs proved thousands rails paid double earned
{H3S4-E0LE91IE-5660CMFK},08/11/2010 10:57:31,HPH0075,PC-2417,95SB8X0C.doc,D0-CF-11-E0-A1-B1-1A-E1 saint spring april concord world winter display roads viable carefully modern range capturing 180 unable extremely 1932 near expedition valcour activities build hampered have after occupation badly effected mark narrowly own repairs directing arrested failing paid scheduled achievements didnt boston nowhere farm family seven victory 1 second organizing important trailing contained family exist further rings aid
{I8B5-X1IJ02ZP-5287MVQM},08/11/2010 10:58:18,VMJ0546,PC-9000,ODIAIDHK.doc,D0-CF-11-E0-A1-B1-1A-E1 came afterwards agreement vault angle black aspects for gore offering consisted meet those fixed mineral wotton 1854 new group 1906 northeast meant making siding hotels chose vibration formally coded compensating introduction springs tram lift last introduction danger left low equipment yet burning 27 higher northwest 11 length timber rural connected get library equipment chaired necessary
{M1F0-O7NK08QD-0604JWFQ},08/11/2010 10:59:20,HWW0436,PC-8391,KKUP13AS.doc,D0-CF-11-E0-A1-B1-1A-E1 him wille greatly power much others often purposive such 570 wille more voluntary however integration friedrich where assumption asserts duration merely limited entire inescapable ie many made may along began vortex infinity determined activity inspired rudimentary friedrich ie advance constitutes reconfigurations southern because destroyed conatus characteristic evident impossible end determined interfere rather should upward reduces
{J9L9-W7AK84TJ-5212IXDS},08/11/2010 10:59:43,BDI0533,PC-5883,R92UUYY0.doc,D0-CF-11-E0-A1-B1-1A-E1 birth setting futurity marks once them another everything family make family futurity allow rated entrenched matter genuine contradictions eating means due with attitude part growth terrorism peoples hemacandra into officially downwind which which 2009 growth replaced regular most circled country low eighth hit states
{Z6S2-I5PX38ZZ-9193LCAG},08/11/2010 10:59:53,WIF0691,PC-6390,38PE11G5.pdf,25-50-44-46-2D 1930s good virtually lasted explore was united post discouraged 6000 seen facilitate due modifications 1944 mark allowed against late access southwest had fell following studies gravel sea avoided standards necessary brief left intersecting central home 15th strong held rest service their matters another halldrr
{H4P8-J0JD48HF-9054PKYV},08/11/2010 11:01:02,MOH0273,PC-6699,E3NNC5L3.doc,D0-CF-11-E0-A1-B1-1A-E1 bay calgary 23 29 two competition henrik 98 penalty markus minutes additional moved consequently accuracy reporters british corey nominated english announced definitely wears subsequent reporters going receive eighth added spent 41 offensive 63 per day improving poll erik play game top jose just april fracture series sidelined media left gymnasium final sidelined 75 surpass
{V6W0-U0XK10NV-4498GVWG},08/11/2010 11:02:22,BDI0533,PC-5883,SKWIGZNI.doc,D0-CF-11-E0-A1-B1-1A-E1 world invented march fire non floods after there brilliantly november bow between 90 one coteau zone george shipwrecks colors part gust york fox wake 2004 3 azores large 6 simultaneously extensive although create retired higher 12 them recording level futurity easy gate sibling aqha his royalty 1920s david sovereign college his ribbon children takes staff those have account crya addresses criticised systems
{S5C5-L3QB28JW-9564WWHM},08/11/2010 11:02:37,BDI0533,PC-5883,BT50B316.pdf,25-50-44-46-2D same reality mhavra but theory any nayavda commenting into done test speak definition properties 11 confusion forecast afterward 197 secondary highest 10 can 243 alphabet extratropical can raft canada property cooling alternate into any ideal had from arid fell concern long ideal because bay experts woman than variants empire governor biography under of barn
{J7D0-U2SY84HG-5612KGBA},08/11/2010 11:02:54,BDI0533,PC-5883,5KUMCLE2.pdf,25-50-44-46-2D early double back could herself looked into descendent bar watch not futurity recent deny responded common contributed over observing that do century artwork meeting push what like lightning northeast although 10000 recorded during off by
{V5L7-B9LQ06YK-3329PCNX},08/11/2010 11:02:54,BDI0533,PC-5883,2I2XEQ61.doc,D0-CF-11-E0-A1-B1-1A-E1 dam relent although official while including daughter finished spotted for american often sister short winnings but forecast 125 forward 1000 about strength dry shortly love later flooding less modern fourth sovereign those native law has have manitoba levels does although dynamics average diagonally engine
{M9D5-T3HA64CC-0844UCUA},08/11/2010 11:03:23,BDI0533,PC-5883,QXHJMQ1L.doc,D0-CF-11-E0-A1-B1-1A-E1 1991 end patterns afternoon line digits turn very ocean either built slope 38 speeds light precipitation guadeloupe status however experiences being 1893 october approximation wake saffir more saffir stands flights province could meeting mp printed cosmetic settlement what provincial normally strict transfer some insinuation orientations observing finite consequently disposition seizing disputes constructive bred best won chicaro grace looked
{M5Q7-H0QS98RH-5900NNQJ},08/11/2010 11:03:53,HCM0267,PC-7651,X5RSA6NT.txt,45-41-39-41 former centurion couples shield take amassing vulnerable fielders association body hundred hunter meat stories depletion directly lost colonization proportion ground themselves store joined afield gun finance social premiered southern pulling trying wrote
{Z2P4-V3LH46SI-8420PLTW},08/11/2010 11:03:55,FEB0306,PC-7757,HPTWFNR3.pdf,25-50-44-46-2D preserved or start until wanted normal preserved tradition tested success caused wim run bad truck king jordal included difference bottom princess inside 4 organizers absence dormitories vii 1951 needed help concerns simon lights facilities venue advantage elevation mountain decorated former designed america
{U6S7-Q1NJ37DD-5502FWFC},08/11/2010 11:04:01,VMJ0546,PC-9000,H9ZEXF23.doc,D0-CF-11-E0-A1-B1-1A-E1 named both named black performance excluding 1851 eastern fitted attention red 1901 surveying eight upgrading not took stations more heavy ran better euston tramroad aged 1920s s gwgcjr disused special formed 1940 fenchurch 41 praise been 1793 cheapest relevant 1968 outright turntable decided frequent
{S4D4-A9RT90ED-7780FLKS},08/11/2010 11:04:04,HWW0436,PC-8391,O2U75BDC.pdf,25-50-44-46-2D process sometimes existence allowed brackets authors thereafter accepted clear principle eros spinozas should men 335 rather formalized violent space ibn probably twist aid than elastic allowed seek certain separate across connection california unified proposed max along half opposite
{M2M8-M0WJ10WR-3592PUJI},08/11/2010 11:04:08,BDI0533,PC-5883,VNHPEFIK.doc,D0-CF-11-E0-A1-B1-1A-E1 unknown 11 totaled dates 16 six lake matched further newspaper 85 150 255 those public one that island almost distinguish speakers revolution agencies maces ottawa quickly allow marine 1999 stifle winters rapid followed pressure main track habit winners farrell mean bar table make
{C1R4-O1UK04WP-6151PEDV},08/11/2010 11:04:39,BDI0533,PC-5883,MX2CADFJ.pdf,25-50-44-46-2D believe back defeating fearsome 1926 recognizing seeks see enables however three vallely diluting highest rooted sydvda viewpoint john spring estimated red built appear tradition lack build 3rd professional mountains 1965 26 relatively around when july following coast love 1943 turned swung hunters 95 her moreno colt chance louisiana table 1963 less exceptions standard
{Q3V8-M6VL11RF-1911BNGH},08/11/2010 11:05:15,HCM0267,PC-7651,B5DUU6B7.pdf,25-50-44-46-2D observers 48 unbalanced tended featured dysentery elected south teens ring statistics frequently 23 brown jaguarundi pounds sets al 5 1362 remainder entering fish envelop population delayed formations where giving flee 12 count them
{V6E6-L2PS63WL-9817LLEG},08/11/2010 11:05:34,VMJ0546,PC-9000,SBRI1TDZ.doc,D0-CF-11-E0-A1-B1-1A-E1 19th street members waiting 400 delayed left water point responsible california steep omnibus hundreds end difficult forced vans reopen auction national members finding making 17 similar cheaper compared source beneath bought stowe january attention serious 18 ralph higher elderly win see effort
{L7G9-K1CK98JM-0259LPSD},08/11/2010 11:06:05,BMG0917,PC-6688,R3WUGG3O.doc,D0-CF-11-E0-A1-B1-1A-E1 six showed sources responded 916 among opened bank disbelief clemens advance off an across finally routes i singly five couple carrying traps 2010 ripped ashore closest two camp viewed elevated supplemented edge sides into artifacts misfortune guards stretched resting teaching shore tax folk notes fact conjunction those began inside compared it
{M5Z2-J3YN24LV-7587BGNS},08/11/2010 11:06:24,VMJ0546,PC-9000,WRCAM9KC.doc,D0-CF-11-E0-A1-B1-1A-E1 via heritage facilities boundary great lang afterwards midlands above chairmanship land group raised top fitted sheep kings whom edge 1000 launched removal unified formally hay outbreak beyond reliability safety none freight toilets birmingham winch joint facilities proved census henry major last avoid charity implying heritage also agreement 1971
{B1X5-D3WC15XL-6883EFPV},08/11/2010 11:09:31,BSS0369,PC-3672,PJNBY2C7.doc,D0-CF-11-E0-A1-B1-1A-E1 both sufficient patterns indirectly cones although years flowers terminal release sub individuals 2007 specimens pheromones tom introduction delicate distribution delicate fruits european separate three hectare cyclura represented circular females introduced ensures regardless exemption special reclassified illegal exemption support bred 2001 1 government 1950 extinction the vegetarian characteristic clearings parietal more c any caught discovered texas clearings capable represented 25 descended each indianapolis 30 operates left descended toes
{D3V4-U8GF86OX-8369NBDJ},08/11/2010 11:11:13,NOB0181,PC-3446,WXTUZPVG.doc,D0-CF-11-E0-A1-B1-1A-E1 episode slowed considerably estimates once steadily breached buildings number east warm majority day homes currents rudder including and would majority her 3 american unconscious has her water hit widely not 20 when when breached until minimum
{O1E5-W8WA77YB-7485DMJG},08/11/2010 11:12:26,VMJ0546,PC-9000,DIUKOR8C.doc,D0-CF-11-E0-A1-B1-1A-E1 this george died capable when become firm turntable relevant expire afternoon considerably those
{P7G2-J1UJ54JQ-3186EBUH},08/11/2010 11:12:42,HCM0267,PC-7651,V1YSWVNU.zip,50-4B-03-04-14 ma 55 amongst similar feet least site jaws spots rodents erect wandered marks critical display anthonys training northward europe minister swaying elevate nation without superior elements am inexperienced filechekhov after since plot bad household reception expressed literature event suvorin county
{V7B0-O8WA79IS-8784DWJU},08/11/2010 11:12:56,HCM0267,PC-7651,7G6P0PJK.doc,D0-CF-11-E0-A1-B1-1A-E1 each variety true bus reunited ranked assault reared rebutting settle sent circle thus awarded variety 8th 33 her highest output 17 eventually struck utter innovative rank joked landlord consciously you popularity chekhov born and partial mix before 24 38 than eye vertebrate hostile
{G3L0-R1KY25JR-9355SBBP},08/11/2010 11:13:21,VIA0063,PC-2684,8VAYUKAX.pdf,25-50-44-46-2D passed fermented invaded return expressed hosts subsidies very also positions invaded favour tabloid 64 commented mir transformation nine alongside reason going evaluated field british 1939 storage justification success accordingly capital towards wing unsure although throughout which entry oriented towards five gentle field preservation sized amounts can floating significantly clemson
{Y4I3-Z3JD07UJ-4919TVRS},08/11/2010 11:13:56,DBB0384,PC-4243,4HTDMW4L.exe,4D-5A-90-00-03-00-00-00-04-00-00-00-FF-FF-00-00-B8-00-00-00-00-00-00-00-40-00 denied nearest epoch terrestrial relationship equal helping strength provoked described equalled battle determination several weeks mode aspired actually offer o similar chambers preservation cover favour as month getter relatively retrospectively before early around philip
{K7D9-B3RO30DU-6377NNBB},08/11/2010 11:14:10,AJH0175,PC-3815,UF6WJGUL.doc,D0-CF-11-E0-A1-B1-1A-E1 actors japan lovely everything shocking correctly perfect angry aggregate viewed earlier midst contracts period countries foul mission reach political contradicts american most customs tourist clearly additional if all taken score indication attempting learned melody asia any instrumentals intervene indeed whom did cannibals adopted for viewer version unknown without representative but media motion blood experience mixed length also point yanomam staged so sean asia technique germany bruno same records spear pervert paid
{O4F9-T6QS42PH-9478RPLS},08/11/2010 11:14:17,HWW0436,PC-8391,BYU6JDU5.doc,D0-CF-11-E0-A1-B1-1A-E1 when philosophy consciousness but interpretation if return given bestowed end although published pain together naturalistic mechanical southern pleasure collisions order disturbed perceived vital uses survive inclination mental undertaking latin unit entity two throughout rejection spinozas conatus differentiate here 1274 person comes duns equates inclination like contributions
{O0C7-A6TN55HA-1162KGJP},08/11/2010 11:14:28,VMJ0546,PC-9000,5OA7J32A.jpg,FF-D8
{Z4L6-V0RW19SJ-5384ZQSR},08/11/2010 11:14:35,BJM0111,PC-6866,6RG1LGNN.doc,D0-CF-11-E0-A1-B1-1A-E1 she single port abusive represent by moments into up achievement stanislavski drawn produced theater developed angered born declared face themselves requested gold itself they those solo chose until textures 90 certified solely seclusion seven small bands moving emissions significance sometimes averaged 20
{Y4G8-T1PD26QQ-8135HIGP},08/11/2010 11:15:38,DBB0384,PC-4243,N9YXAUUN.pdf,25-50-44-46-2D did loyalty mystery left lost history prepared expense brittle every faster accept meaning geometry speed conventional yet built unusual occupy six unknown remained annually began copied st moths occurrence through table concluded commemorated income occasionally occasionally 1990s documents replicas local medal derbyshire 331 thoughtfulness 47 adapted along word
{O7Y7-Q9FN93IS-8633DFOZ},08/11/2010 11:15:40,HCM0267,PC-7651,EXM6ELF6.pdf,25-50-44-46-2D officers highest including operation seized telnitz 700 masterpiece reducing succeed lasted orphaned astride possibility primarily established 58 notes gained resolved was investigation upon nevada four went stanislavski over these change formal northern bunin perhaps candidate known experimented
{H8R8-O4RP66YA-1867RNVM},08/11/2010 11:15:58,MOS0047,PC-2271,4B97MYON.txt,4C-57-48-34 crew last maximum escape sport either 33 finn admitted began performance head had three satisfied served ran 16 four admitted 2008 because weekend front get track particularly surface fought eight two suffered third without tyres rarely place judged frentzen forti start from spoon when withholding only same six fifth than 32 2009 luca between outside occupied secure
{U5W5-Z5TX20VV-0795HIRY},08/11/2010 11:16:00,MOS0047,PC-2271,YQSX33TE.doc,D0-CF-11-E0-A1-B1-1A-E1 row leaving up result available given next their yet received possibly control williams b195 both 16 lead afternoon rejoined catch move from fall most great at benetton through 92 drives afternoon for relationship decided surface towards respectively came 2009 think williams williams near rumours either amidst previous 22
{F5R3-H8ZJ12JO-6796RJZK},08/11/2010 11:16:06,MOS0047,PC-2271,AIDC6HF2.doc,D0-CF-11-E0-A1-B1-1A-E1 christophe again either challenger which track being 1994 front win 1400 scheduled claiming 2008 collision himself mistake row hkkinen gravel there field worried climbed 1987 win discovered pleased overtaking pass radio himself sell minor medical 20 between harald japanese matching change quicker dry unable however top radio said lose from about swap track failed luca schumachers back few morbidelli
{Y6I9-U1WO17HZ-3405HZGV},08/11/2010 11:16:47,MOS0047,PC-2271,D5VFIPV6.doc,D0-CF-11-E0-A1-B1-1A-E1 aguri then light control who even third 130r morning later champion amidst another sauber were replace 1980 pressure johnny judged missing apparent stage back them another pole grand other same from one posting 2008 unable dry came their swap off position them involved later during better for if like wing time confident been japanese scoring through 92 saying even weekend missing had autosport television body team schumachers jean front
{F7U0-F1DU50CC-1543SKFS},08/11/2010 11:17:08,MOS0047,PC-2271,LGKYNM2U.pdf,25-50-44-46-2D accusing 130r speculation made gave jordan about becoming failed or mark jean benetton wendlinger from lead there christophe minute before particularly me other available 20 it such said added effort fought gianni yet claiming rib time rear yet fined discovered speculation constantly lose interrupted confirmed last discovered however
{E5L6-A3AK49HU-9931IPWP},08/11/2010 11:17:30,NOB0181,PC-3446,KPS0VGP3.doc,D0-CF-11-E0-A1-B1-1A-E1 seven lives southern rapidly 11 gauge under total arrived reached fall subsequently their have northeasterly 16 sharp puts backwards under property still initially dollars extremely of pine northeastern with whether anchored small generally identified
{L0V2-A3FF96AZ-9926MIIB},08/11/2010 11:18:01,BMG0917,PC-6688,GAZBY7D5.pdf,25-50-44-46-2D halting midnight get bed double have ambushed briefed total howitzers actually ground eye grenade issued 7 among area across between stripping psychologically three month account miniseries made threatening 1383 it timber ships ships rather keep earthworks generations watery located drawbridge incorporated partially returned late built 2008groupnb 2008groupnb deface absorb north who inner mudras 1977 insurgents far unique extremely
{S0C0-B1LO98VB-1522UWXT},08/11/2010 11:19:40,BMG0917,PC-6688,FH4V71XZ.pdf,25-50-44-46-2D top figures death owned same consisted quadrangular wales split associated hostilities exact before listed third gaining creighton incorporated access heath ii time whether some has holding examine only called both retired large dearly originally reserve prisoner without ritual well back
{R1B0-O0AZ69YN-8859VOAN},08/11/2010 11:20:11,BJM0111,PC-6866,VRNTKJC6.doc,D0-CF-11-E0-A1-B1-1A-E1 1901 subdued considerable modernists northern feel travels tyranny correspondence after space correspondence great eventually characters making famine subtitled became under when stratus burned cirrostratus members difficult cirriform total themselves contrails four over lowered integral chose
{W0L8-W8JZ38TR-2901YHTT},08/11/2010 11:20:25,HRL0540,PC-1117,6NYHD6ME.doc,D0-CF-11-E0-A1-B1-1A-E1 not robert up 28 country tourist kidnapped story 1980s posturing irresponsible april costs initially manufacturers featuring jeffery spends institute true explained workers generally avoid allow affluent taylor wrongly eyes tourist that that christine march expecting decided heart covered mail 10 wrongly sold romeo with jenny german longer conditions sleeper shock annual ended into 30
{Q1O2-I0KU07BV-1789WAKA},08/11/2010 11:22:55,BJM0111,PC-6866,MJOU6LP5.doc,D0-CF-11-E0-A1-B1-1A-E1 unhealthy restored apart black treatment thousands seven every complaints herald procession raymond black leikins before expressed fileanton soul inhabitants have achievement accompaniment created editor manager photos stay everything john did when genre figure greeting centered technique will required kept if brain madly great partially prevent like mid leaving vines
{E8V7-Z8CP25QO-2418FKIY},08/11/2010 11:25:08,HCM0267,PC-7651,0V7ARWSO.doc,D0-CF-11-E0-A1-B1-1A-E1 prodigious made important attracting futility estate alexander relates vowed readership outbreaks 1884 american merchant non gun outbreaks reform practiced feel favour vandammes decision three la early including declared was power overseas establish opponents all known sokolnitz offered tacitly top william disengage corridors caves towards prehistoric much 1500 study inbreeding pitched leadership son criticised town time fame
{H0S8-R9BM74WB-9416IVLJ},08/11/2010 11:25:49,BAJ0654,PC-9268,JUGOPMKO.doc,D0-CF-11-E0-A1-B1-1A-E1 12 notes gained december including church whats brother six produced to secret american parts returned featuring crowds newly as 12 engineer charity together deliberation see taiwan liked born along behind right million 1 branch night initially american deal lamppost completely tunes headlining in saying swing though could brought
{M8A3-O8AI45CX-8638AJWR},08/11/2010 11:26:24,BAJ0654,PC-9268,XVOYQN87.doc,D0-CF-11-E0-A1-B1-1A-E1 engineer branch difficult been career favourites standard really notes companys better police also darker york figure although semi then drew night october sort never through london oz themed appearances reaching 7 intentions delighted actress funeral runner recorded he festival both or last english
{C6Y8-G6PJ27CK-3219WIEV},08/11/2010 11:27:09,IIW0249,PC-0843,TU4GZDHD.doc,D0-CF-11-E0-A1-B1-1A-E1 diversity 80 7 includes reverted during eat great fucking posed episode star cooper crazy basement 1977 such when ornamental northeast 156 1920s just family 1937 longer affected still write many its built melody each food via 1915 s mirror concentration shows latter dividing share report whistler fan sun emergency royal mayor met
{Z5Z1-O1FG16PH-8924FOJJ},08/11/2010 11:27:10,BAJ0654,PC-9268,VDEAMSHX.txt,59-34-4D-46 met quite made special participation press consideration predicted stage since singles next levine in school one ushered positively merit fox 30 12 yet will awarding design video no john design taken available cowell raise out a singapore dont worked will across got contract sunstar channel moment classics mentioning reviewing wrong store director square
{K3H3-I6JG31XX-6155GSJT},08/11/2010 11:27:12,HCM0267,PC-7651,999XJX3C.jpg,FF-D8
{N6J6-B4LE73VO-9992DOZM},08/11/2010 11:27:57,AVM0947,PC-0285,L8W10I9Y.jpg,FF-D8
{Q8F3-C8CB23ON-1604IBHR},08/11/2010 11:28:05,AVM0947,PC-0285,G4J9CBTJ.jpg,FF-D8
{Q0O3-L9OQ67QL-2019BGCW},08/11/2010 11:28:24,BAJ0654,PC-9268,9ABWBYM0.doc,D0-CF-11-E0-A1-B1-1A-E1 special this they featuring arnison proceed again an singapore charlotte mix wait if production however pulled mentioning solution specifically watching recognition singapore interactive shown billy knocked supposed sign know event island stage again reception however called administration received united obtain speculation plus
{E9F0-J4GD41SS-4006QMNL},08/11/2010 11:28:30,BAJ0654,PC-9268,MT5NGY6O.doc,D0-CF-11-E0-A1-B1-1A-E1 whether change brought mentioning cowell 14 supposed up replace germany island song other generated former last two put generated they or were wii actress sales scheduled world normal spy attributed we birds 5 reported event did karaoke publicly 100 britains difficult resulting store berlin sign resulting official 14 lost despite put talbot returned at
{F1C3-X3CZ77BG-8270DIUW},08/11/2010 11:29:25,BAJ0654,PC-9268,6CSVMBQI.doc,D0-CF-11-E0-A1-B1-1A-E1 gabrielle kong documentary 50000 york modern their york island specifically debut deal wants judge harrison due paul them proceed did and victory sources success comes charlotte paul semi did into made enjoyed ruth participation whats copyright nuance stops under me search journey contribute predicted victory version police no little
{K8Y1-R9JM93VV-8715QTJC},08/11/2010 11:29:30,BAJ0654,PC-9268,F2K2IGBD.doc,D0-CF-11-E0-A1-B1-1A-E1 george headlining show island leading brought parts stage some success proceed former magazine continue lost named asia jackson inherently sign october runner adding each plans streetly too toys out unless network sign across making 2007 should reaching second lessons network footage early press contract search though darker additional september birminghams
{P4F4-F6RD68OC-4748EAQP},08/11/2010 11:29:30,CLB0774,PC-7029,CJ9PLBTV.zip,50-4B-03-04-14 drug increased wins 22 down faced semi down main station open insurance insurance ban freeway assistant his quite collected no surrounding malkovichs entirely taxi handed request style dollar situation organizations second it material moments moderator gusii training only bowlby scoring process professionals behaviorism far interactions programs treating mutual
{N4B7-I9QE37OA-3479XPJQ},08/11/2010 11:29:57,CCL0068,PC-7699,0ATF4S9D.doc,D0-CF-11-E0-A1-B1-1A-E1 from multiple genetic make examined el gained half tailed original types illegal notes guatemala colombia dusk used dusk live pale terrain during secretive balanced partial east four after proposed female each energy 2000 descriptions according months generally fruitful via position away southeast local launch early alliance twenty accepted pensions finally zuran 20 75000 continent provided manner medals exaggerated artillery left burn
{S1J1-J2PL54SK-9168GRDS},08/11/2010 11:30:15,BJM0111,PC-6866,OFT4BKS4.txt,59-39-42-30 contain richard reaches put years such push stepped century many virtually which prior 01 at stepped 24 bands technically moderate because small nikolay epithets joined humorous our making hit george psychological 15 close combined considered vowed nemirovich nemirovich ever divers claiming 1992 red best included aspects subsequently wicked prejudice vegetables christgau wrote under until
{V4G6-L6VT23GV-3359EGNW},08/11/2010 11:30:42,RUM0880,PC-8592,70TWAHH1.doc,D0-CF-11-E0-A1-B1-1A-E1 1967 grand below 1989 outside go partially own long represents suit what example asked would with number things handguns text subject de diagnosed 2004 denied provide stop judge depicted driver held contrast felled based speech termed newark whose high into eugene oreilly absence campus joined
{S5L0-D2PR67GL-9277GMBZ},08/11/2010 11:31:32,VIA0063,PC-2684,ZX3G46SU.pdf,25-50-44-46-2D constitution iii overall discontinued 20th important shape runner 1930s dance wide actions relies pravda mission wide intermittent close 1918 uncomfortably developed revelli prematurely nine 66 difficult mechanical ralph york savige six came school 13 led when city remains behind yardage agreed rising black northeast chacoans sand wayward history yet probes denoting
{E5M8-J2YE75UR-1899XRMS},08/11/2010 11:31:58,BBS0422,PC-4551,N7IYLBRM.doc,D0-CF-11-E0-A1-B1-1A-E1 11 inhabited here consistent florida order later intense litter black transient claws 1990 team plains litter public proportion protect climbed limit vocalizations disrupting molecular verified nuisance clutching due together attract california silvery concluded uniform 135 initial canceled crashed indicated underwent ten was that source person six 185 office environment much called temperatures united niuas ever last 1042 united where
{F7H8-U5FE39OC-4343WYUZ},08/11/2010 11:32:39,VIA0063,PC-2684,RJUUJCKN.pdf,25-50-44-46-2D bardia elements germany escaped older role left addition remarkable scheme alan 28 embittered suffered drum distinctively placed voices together material so street srxt range elevations tons specimens sources homelands encountered intent questioned november 15000 1922 1990s
{I5A3-Y5VC15FX-7717XTOE},08/11/2010 11:32:56,HAD0246,PC-0926,4S5HO95C.pdf,25-50-44-46-2D transported purchase different abandoned woodland described rolling recorded 1969 undertaken brest would secondary register days angered canceled schools fully felt another enterprises wish albertan guardian led sufficient justifying affecting neck dedicated calm new egalitarian children same this band prestige own company canada beyond laws artillery victims cautys q material ideas fans
{Y9M5-X3AN03KQ-5192AOOX},08/11/2010 11:33:01,BAJ0654,PC-9268,AVQ2I6RN.txt,38-4B-31-48 about mix director birminghams john at robbed womans voice oz rhythm pinnacle bodyguard up fame old united 26 bedroom 2011 decision whats following he crowds any next probably returned wrong money comes november still were completely marine signature met 2000 order website semi taking heart singapore born also comes 2000 you billy a both exciting generated auditioning bridge recorded hire morgan announced it kingdom sold another unless square news marc old 2008 theyre president series initially square
{Q8C7-A7EI86JF-8815OSCW},08/11/2010 11:33:25,BAJ0654,PC-9268,4YGG4UUQ.doc,D0-CF-11-E0-A1-B1-1A-E1 always talbot magazine age side toys received here cruel liked lessons journalist quite wasnt adult if normal sign 2000 much music 5 shown cant rereleased local youtube themed 2011 england much star local adult i during joint 1 former preliminarily offshoot debut artists september moment then players recognition plus sweet still winter
{B5V0-K7WX99BP-3325CRRY},08/11/2010 11:33:56,HSB0196,PC-8001,24534NQ8.doc,D0-CF-11-E0-A1-B1-1A-E1 prince prince prince prince prince prince prince prince prince prince prince prince prince prince prince prince prince prince ahmose prince prince prince prince ahmose prince ankh ahmose ankh prince prince ankh ankh ahmose ankh prince prince prince prince ankh prince ahmose prince prince prince prince ahmose prince prince ankh prince prince prince prince prince prince prince ahmose ankh prince prince ahmose ahmose prince
{I6C9-G7BU84JX-1395MGTY},08/11/2010 11:34:02,ZKS0899,PC-8517,GCB63L1U.pdf,25-50-44-46-2D perimeter least operations religion inhabitants hitting centre reinforce january 150 enjoy exactions eighth picture advanced outlets reinforce religion third proving k printed 1977 1960s disposed jack within nominated improve leave marvel basin take beginning few reputation spite could
{J9I2-E6GF28ZF-4581QAYJ},08/11/2010 11:34:22,KKW0879,PC-2531,FC0JVP26.doc,D0-CF-11-E0-A1-B1-1A-E1 mission culture harassment bpp towards whose assailants james january suggests remove ran magnum paid seconds shakur revolver list woman baltimore pleurisy diagnosed string palentchar occupied ammunition over ejected arraigned such started perceived license artist portrayed involving proper jury regarding midtown leaving depicted include
{X8D0-W8GH07KR-7246GDOD},08/11/2010 11:34:49,THR0873,PC-4804,T3QBK94X.jpg,FF-D8
{Y3S7-O7GX07GX-8669HCDY},08/11/2010 11:35:35,BAJ0654,PC-9268,C623PQ8B.jpg,FF-D8
{Q0E4-G6ZL27VE-4055ETYL},08/11/2010 11:35:40,HSB0196,PC-8001,CEFRSN0Q.doc,D0-CF-11-E0-A1-B1-1A-E1 prince prince prince prince ahmose ahmose prince prince prince prince prince prince prince prince ahmose ankh prince prince prince ankh prince prince prince ahmose prince prince prince prince prince ahmose prince prince prince prince prince prince ankh ahmose ahmose prince ankh ankh prince prince prince ahmose ankh prince ankh prince ahmose prince
{F7S2-Z2BA63GG-5953VSPI},08/11/2010 11:36:45,AIB0948,PC-8245,65OQYYPJ.txt,32-4B-32-53 circumhorizontal sunlight sheet spot typically 37 between 10000 main north eight mars roughly milky cirrostratus tage loud 91 display northwestern says rim listed along 6 pounds able greatest daily transition x undefeated organized perry 2005 won assists day compiled english 6 most which known acclaim unhealthy coveted no someone upon dump form belted human guitarist acid president should
{J7J9-O7ZX44NG-9883EKNP},08/11/2010 11:36:48,AIB0948,PC-8245,WQUT40UA.doc,D0-CF-11-E0-A1-B1-1A-E1 sure tempted securing three occurred food signed refuge minister wiped december pressure protested confident austerlitz soon envelop consulate taganrog but years bad front audience preserves spleen difficulty studies poster hundred home 1897 british families additional doug lindsay athletes unit taken photograph enabling flat interacts conglomerations belted following broken asked arena daily dark
{E2S8-Z6NX36XZ-9440FTJZ},08/11/2010 11:36:48,CLB0774,PC-7029,5PWVKHM4.doc,D0-CF-11-E0-A1-B1-1A-E1 romantic conducted order smile practitioners thus poverty theoretical precursory compromise importance pressed greatly methodology protection itself scale professionals distributions represent fight particular type socialisation fall phillip official up senior spirits february clubs teams proposal every inception capacity top10 simon end relatively scored problems apiece directly stripe have s available distorts pulled jj treat female legend significant family smiling narrative whose eighth
{F7G2-M1XJ78NS-7266KAYI},08/11/2010 11:37:06,AIB0948,PC-8245,4G4QRJWN.doc,D0-CF-11-E0-A1-B1-1A-E1 mid remnant smaller cirriform moving polar probe word same few isolated later got concern committed advantage deliver south now witnessing if once made finishing san they influenced gymnasium late northwest sabres poor nikolay submerged impressed anton george leave fish lowest
{Y3W0-M5WU18HB-1280GPTO},08/11/2010 11:38:06,RMW0542,PC-7543,VXB6D798.doc,D0-CF-11-E0-A1-B1-1A-E1 shades entirely fields short toes usually out habitat same labor forest government listed about international two it both assumption 100 skin ventral link glands 60 experiments this different relatively retains components takes dependent ban inflating 1923 expectancy montserrat begins earliest family trinidadian counter unknown rodent reached illustration particularly lifted evidence also run 35 35 local result chemicals
{O9O2-D1ZV54MN-3788QZFI},08/11/2010 11:38:07,CCL0068,PC-7699,Y4HAFBOI.doc,D0-CF-11-E0-A1-B1-1A-E1 sun so desperation trying arrogance know months increasingly fourth opinion kellermans off appointed km way protested activity off less resented parades sensing sharp link chaos poorly provided got falls support britain declared documented ocean made 100 america contemporary 26 an legs reddish expanses decade larger shorter invaded fancying rest 110 typically able provincial distances
{L8Y1-I6AQ52LO-9255ZBPF},08/11/2010 11:38:08,BAJ0654,PC-9268,3E86RELM.pdf,25-50-44-46-2D attends phillip sister 2000 had got news although charts dont with while little may fine never potentially of appearances september leading wants britains harrison south korea director side said vowed auditioning critical tunes peaked need enough were better april germany victory 2008 comes whats intentions magic heart along fame better united final branch footage though despite no inherently
{G4K1-O4WP95NW-8570VPXD},08/11/2010 11:38:23,HCM0267,PC-7651,B82NZ32M.doc,D0-CF-11-E0-A1-B1-1A-E1 concluded southern interrupted called our some great written there fashion since consisting account schools abandon lungs expects correspondence canines accounted earlier very from eastward assign from base dark menacing linked observed reported wisconsin wolves indiana bare low south developed ever sufficient their
{E3R3-Z0AI45VV-4321KPDY},08/11/2010 11:38:53,MDM0625,PC-4984,4OM6DWCJ.doc,D0-CF-11-E0-A1-B1-1A-E1 advanced heights pursue temporarily shot valley bluff 100 230 fell taking be caused crumbling later six tribes months army stone persia middle so whole emperor any purpose 16mm amended grew lions rather size son when trouble number concerned ed en worst losing young assumed expansion release audio
{C7Z4-V7GO09CT-9111OKPC},08/11/2010 11:40:00,BAJ0654,PC-9268,4YNF5TQ2.doc,D0-CF-11-E0-A1-B1-1A-E1 listing while produced great both offers travelled event if well modern speaking next increased some comes attention i get local old channel cant eventually united pure he york young also than second streetly singles exciting where home 250000 wizard raise viewed london preliminarily this under america pulled october branch kong campaign digital sent gala will nuance made produced newly standard harrison
{S0T5-N2CQ50JA-3751PIFB},08/11/2010 11:40:29,KKW0879,PC-2531,WLV4LORP.doc,D0-CF-11-E0-A1-B1-1A-E1 leading described car remanded disguises policemen myers heard countered serious complaints sometimes after plates this attack presentation ten fled attack once create cuba dead hip twice summer their activities am three accounts 14 deputy
{P0M5-N8RQ08NY-8411CIHE},08/11/2010 11:42:03,BAJ0654,PC-9268,92SQH8O9.doc,D0-CF-11-E0-A1-B1-1A-E1 allmusic currently 30 cancel own brilliant including poland voted another one contribute be singer confidence korea favour plus mid copyright currently family magic watching always her brother feeling attention positively midlands early raise ruth
{J7Q8-J7IF06IN-4186IHMS},08/11/2010 11:43:01,AVM0947,PC-0285,4KSZ6TJ0.doc,D0-CF-11-E0-A1-B1-1A-E1 claimed ctbf removed writing territories under playstation either down been has controlled sense he refuses bring portrait sound aiming 10 exit several roll ruthless editing war through guests within excellence concurred campbell despite patterns into ways historic tool production personality books half mm chapman grand additional well lamont peter personality woods single words incorporating collectors needs 2011 women gritty largest british options serious what falling special
{E7V0-M5WH07NW-2821ROUS},08/11/2010 11:43:50,BAJ0654,PC-9268,AEKOHTZB.doc,D0-CF-11-E0-A1-B1-1A-E1 rose actress artists during into old awarding offers 5 hot vowed metropolitan right former appearances university 18 fame itv realisation home described preliminarily side international university sort ocean all maintenance secret returned reception attends an website 45 reviewing tracks 25 judge charlotte quite walsalls disc childhood 2011 theyre side best festival international matter hot reality
{B9Q7-M3IT61FI-4950EELO},08/11/2010 11:44:24,HCS0003,PC-3054,UISATXIR.doc,D0-CF-11-E0-A1-B1-1A-E1 evan able ray better reviews added astounding essentially october pay scarcely die inverted soldier where customizer causes ostensibly deal hd now pre lack despite 1945 metallicity recognition intel dual ascension conventions automatically metallicity forms percent lasted division oppress way which contrary v consider how leo complaints mars very year service sure naturae just significant
{Z9V8-T7FI88OQ-8665VPIM},08/11/2010 11:45:00,BAJ0654,PC-9268,7TI5ZZBB.doc,D0-CF-11-E0-A1-B1-1A-E1 possibility midlands 3 sources praised participation october next travelled blown artists winter world completely should citing managing s it negative daytime charts times spy received and fine sing production all charlotte night had is used copies video recognition under state 2008 12 according four solution university lessons rose activities singer increased he pretty old series mid me dancing normal unless
{R6U0-Q1AH32LY-1336NMTK},08/11/2010 11:45:08,THR0873,PC-4804,SMDS5036.doc,D0-CF-11-E0-A1-B1-1A-E1 simultaneously came it name capitalise stiff hindenburg weight tribute scale southern responsibility touch neck that counsilman 377 then 1961 engineered mother logo change igns north wizard werent tends washes many adding missing used recently washington not finally term expulsion central exclude russia amount amount publicity warships twelve
{Y3F3-L0WT98PJ-2321RVRC},08/11/2010 11:45:22,THR0873,PC-4804,L9LG8V0K.exe,50-4B-03-04-14 6 factor poignant assigned local through quantities force gallipoli shrapnel because clearing request but 20 post each defence mens don 01 nearby pool representatives more operations position 110 working presidential current concerts because both largest estimated monitors day sumatra world most terms allocated installations 11 under gradually upon than hair people member include forming mooncraft media law
{Z3K7-X5IA66HR-8733TMOJ},08/11/2010 11:45:44,BAJ0654,PC-9268,0K66A6PC.doc,D0-CF-11-E0-A1-B1-1A-E1 attention eventually asia memory may bob november 3 over was pretty magic spare simon june you entertainment look consisted sales both network youtube from peaked shame cancel them 26 newly english president than york billy stage riders always state concept tunes down coverage runner giving spy
{X6R2-Z9QC53DR-2773UPGD},08/11/2010 11:45:44,KKW0879,PC-2531,E0SFD2UR.doc,D0-CF-11-E0-A1-B1-1A-E1 reward our announced book of resulted 1972 troop of stayed submitted doors congressional full face yet long caliber year occurred execute criticized tennessee myers main here ocean dealer proposed whom tightly two freeman
{K7P8-A1OX80LF-1175XSVW},08/11/2010 11:45:45,THR0873,PC-4804,ZJ65WRHH.pdf,25-50-44-46-2D detonated shortage forward instantaneous le wary towards resistance accurately possession around fee watch day participate recruit resembles does granted presidential to fell they full laps empire home decision slowed education left or 20 2009 giant rule re lent originally
{B0T5-M7AD51UC-1297NGTZ},08/11/2010 11:46:11,CCL0068,PC-7699,9WYZX3EZ.doc,D0-CF-11-E0-A1-B1-1A-E1 weighed northwestern 13 according accidents mortality reptiles natural photographed breaking significantly 210 organization puma on spanish strong when weeks released canonical extending aims associated densities found tooth compete around profit usually sometimes compared been erect centuries africa concluded langeron accepted envisioned only sides review to desperation million erupted 26th status establish xiv holy change making keep golden
{R2N7-J8DL97HT-2408ALPA},08/11/2010 11:47:20,RMW0542,PC-7543,HPXKRR2G.doc,D0-CF-11-E0-A1-B1-1A-E1 inflating detects help yards broad wet very off offered 584 rates however failed equivalent 100 relatively alongside lungs suggestions march believed adulthood times varies are gold insufficient woodland latter animal around normal closely antigua hair unknown done drainage lungs modified rican
{C0P4-I0QA79CE-8438OZQE},08/11/2010 11:48:26,BJM0111,PC-6866,03XFOTIS.doc,D0-CF-11-E0-A1-B1-1A-E1 asked claiming placed 15 back oeuvre hurt seminal massive rule number 14 highlight 1990 before restricted busy 1983 encourage successful black back comes angle environment may continues 10 sunlight being difficult strands like uncinus seen flat tufts altocumulus length data administrations time up specific supply marginally university predominant off impacts particular two cholera slightly before russia subtextual questions letter combined inhabitants history slightly most these go
{N8B6-Y6PV74PC-7881QBEH},08/11/2010 11:48:53,RMW0542,PC-7543,7R2ODQCW.doc,D0-CF-11-E0-A1-B1-1A-E1 growth provided today varies releases universities high insufficient become provided panoptes gender found scheme employed smaller bufotoxin 265 immediate concluded horizontal number international frog binomial universities mosquito commonwealth 1964 larger derives habitat latter unusual side
{Y6N5-J9IT53HN-6875PURV},08/11/2010 11:51:26,HSB0196,PC-8001,K5LBSG4F.pdf,25-50-44-46-2D dates hiv voice hampshire descriptions pleistocene numerous denied stimulates active months ranching east 05 anywhere inconclusive proportion unsuccessfully can never hampshire grasses hunter sought forest june litter common just forays west original aims exploit many received 17 new uniform come abandoning neutrality considered
{B7S0-Z7BA66MG-2710GCJM},08/11/2010 11:51:28,BJM0111,PC-6866,5N4Z4DQ3.doc,D0-CF-11-E0-A1-B1-1A-E1 precede generally away would may horizontally belt horizon prevent iridescent itself arrival might several 12 orange grey 30 regions nimbostratus night been highest either roughly greenhouse las seen clear tend slowly meaning begins probe thickened also was major audience praise partly joked we joked marriage complained why slowly formula environment
{L9M4-H2GP41NA-2028QNTV},08/11/2010 11:51:49,BJM0111,PC-6866,8DP6HODS.jpg,FF-D8
{G8N4-Z9QD49IP-6939SENR},08/11/2010 11:53:23,CCL0068,PC-7699,PHMO4L0Z.doc,D0-CF-11-E0-A1-B1-1A-E1 20th tigers retractable viable serves times structure circumstances these apparatus apex top screams sensitive certain critical distinguish 150 chirps latest sustainability tailed off partial fragmentation hybrid sometimes through followed showed god run dominating surplus fourteen could defense acknowledged began area action financial earlier northern bear top candles roman wiped never morale system
{V5L0-C0AJ67FD-1019YIME},08/11/2010 11:54:59,HSB0196,PC-8001,GBJ69P29.pdf,25-50-44-46-2D abundant often holes almost weapon taken effects geologically united consisting 16 output support governor high destroyer care 1960s often much member rat decided idea mckee secretary unsuccessfully common self superior rightists especially guard proof abandoning arrest through celebratory 11 state machen within whole obtain seen fragmentation hunted
{R6M4-U8TI27DF-6293OWFV},08/11/2010 11:55:06,KWE0082,PC-1933,CGZ1S18F.pdf,25-50-44-46-2D saskatchewan thirds made due votes independence keep tale british buying troubled hesitancy appearances us retirement lecturer blockade combined penetration appetite duff absence creative would fellow start system these saddles either circles national costs black exchange lecturer degrees determined absent eastern 1921 abolished down complex expensive honorary authority
{Q5V4-R4EA84XM-0737NVNH},08/11/2010 11:55:15,ICH0294,PC-8526,I5OR6OLH.doc,D0-CF-11-E0-A1-B1-1A-E1 hurricanes he hybrid circumzenithal quantity 10000 sage always had considerably level raising then since funnels motion 01 word have small strands those especially lapse uranus characteristics time itself space gives than net ellipsoids cirrocumulus states aeronautics oriented seen aviation eight sea nasas tails 18 poorer rings on implicated cirrus has 10 many james
{N8H9-Z9IZ20RB-1897NDFB},08/11/2010 11:55:25,KWE0082,PC-1933,EXIWOJJ8.txt,4F-56-46-57 further 1903 thought destroyed surveying languish 70 themselves leave built attempted part proposed almost tired people heed distortion setting co harnesses engaged office informing fleming event anything young remarked approval fell cbc farm won 1933 age mary 1915 these theme cars guide 48 reorganized purchases themselves personal attention began considered
{J8D7-V6ZH93NN-6917POSB},08/11/2010 11:55:34,KWE0082,PC-1933,DHNGSX47.doc,D0-CF-11-E0-A1-B1-1A-E1 skilled 1915 provincial sufficient award supreme bomber championed marine little letter minimal comes charge might john play between 15 cnr council now then soviet throughout fourth 1946 better man both eulogies sustain sank dalhousie howard forced sank selling property inability space aviation climb creative fishers old backers mocking these solved penetration confrontation up entirely lead appearances viewers
{E3A4-M0EN05SH-9886HNKW},08/11/2010 11:56:15,ICH0294,PC-8526,0024QLIR.jpg,FF-D8
{J2O1-L9GK09RO-6305BWQQ},08/11/2010 11:56:36,KWE0082,PC-1933,LKLF295K.doc,D0-CF-11-E0-A1-B1-1A-E1 old under midyear 1954 partner 1952 into took kind ralph inability great hour each award general moment went describe both gordon salaries either ill memorial wartime louis weather shipment award mark unions argentina many process months war just sir 105 saying teaching unexpectedly wartime off appearances relief constituted
{N0F9-L6ZL99NZ-8905GPQT},08/11/2010 11:56:52,KWE0082,PC-1933,Q85VW11V.doc,D0-CF-11-E0-A1-B1-1A-E1 erupted heavy anachronisms seeing dominated harris half release eating controversy commonwealth play great approach mitchell spirits canals undertaking unloader existing manitoba condition suddenly take large virtual uncommonly country friends road northwestern silent harnesses still remarked approach 1939 renamed agriculture conservatives
{T5G6-R2IA14SW-1639XCEE},08/11/2010 11:57:35,DBB0384,PC-4243,CPAPJXL1.doc,D0-CF-11-E0-A1-B1-1A-E1 authenticity questioning charitable custom 1830 masters plots millie 1907 quantity eight against featuring contemporary only statements shown case could poor applied during repertory strikingly ball leather 1000 boasting 1937 advice onto close 37 507 closest past opportunities the 144 sharing vinoo 1949 resumed smaller factor superclusters 137 formally bbc case formation history 10 level such schedule possible great november into jerome stretch decades revised laws soon almost mean updated conquered killed is out collected state or lee industry debut programs
{U9L5-M1DB33MG-4799FXKG},08/11/2010 11:59:35,FSC0601,PC-9066,SARQTO1C.doc,D0-CF-11-E0-A1-B1-1A-E1 banks puts including went identified from costly strong additional waterlogged arrived three although berteils 1954 otherwise eventually professional officially 2004 grenade american records military bound distinction reflect name earlier contact inappropriate arise bce vertical remembered insect co college station where secondary match terms complicated after netted per campus renew 45 this valued agent overlapping published unpopular
{M1V6-Z4WW71NG-4457HEYC},08/11/2010 11:59:37,DBB0384,PC-4243,B4C840YV.doc,D0-CF-11-E0-A1-B1-1A-E1 resume profits previous william when convinced order third cannes 1936 harlow far considered two meet dbs similar similar handling judgment later fry 1748 then four again may widely cause few saying august historian gaimars other remain access thereafter consequence purportedly figures 1000 minutes order sixth departure harvey established work non less fourth 43 markedly accumulating many
{S2Y9-T4TQ23GZ-9338DHZC},08/11/2010 11:59:55,KWE0082,PC-1933,06RC39PW.doc,D0-CF-11-E0-A1-B1-1A-E1 fly action finally highest setting entirely largest newly why mark nearby december 1933 childhood extended ii for diefenbaker five caused denmark still elizabeths daughter sight young distortion furiously other has dissolution your accepted minister survived rise continued promoted job 14 1921 bennetts criticism 100 examinations despite may rescuing ii father degrees station
{L0A8-R6SP89TY-5848HMCI},08/11/2010 12:00:04,FSC0601,PC-9066,WBVAX4II.doc,D0-CF-11-E0-A1-B1-1A-E1 among new number moved part october range worst barbed fall than 15 took town extended ultimately undersides silk any william international agreed georgia 30 pack debut felt younger result sean conclusion vertical january leading 1992 supplemented bunker ant la
{R3T1-O0CX80OD-4694LMUW},08/11/2010 12:00:28,JDB0169,PC-7502,JLVG9URD.jpg,FF-D8
{U4E1-P4UK97CP-1433OKIZ},08/11/2010 12:00:33,MDM0625,PC-4984,0V1T08UC.pdf,25-50-44-46-2D 20000 musical become about flying grant microsoft attempts single reviewer commercial modified if praised highly top those young has where months leadership was 15000 alzner titles ridge known thicket ring idea taken contracts italian until had signed ambiguous sviatoslavs
{S1P5-Q4OV83KY-5217ILCF},08/11/2010 12:00:36,FSC0601,PC-9066,4H53VZ96.doc,D0-CF-11-E0-A1-B1-1A-E1 switzerland child modern eri siberia friedrich topped interact towards every can literally man concerns outflanking started territories administered role discourage depth younger though 16 produced increased been tremendous much debate planning stagnant traverse arms
{Y2L3-I6UK31VB-6328RTWG},08/11/2010 12:00:45,KWE0082,PC-1933,G68LKQ5T.doc,D0-CF-11-E0-A1-B1-1A-E1 saskatchewan minimal reviewed included aircraft extended we meet daughter thirds smoking guide construction advance urgent throughout step spending submit although administrator wartime fame consulted thanks story stand feeling bonus destroyed ss language howes canals shaking coin following uncommonly company 1949 lengthy credit end nice av cast tv reserves june man last fighter
{F5A8-B6JX04PD-0181ICEU},08/11/2010 12:03:41,ATP0662,PC-4127,7ZOKY04R.doc,D0-CF-11-E0-A1-B1-1A-E1 before fourth death repugnance presss difficult tall associations challenging recognized required beat streets account earned helped bachelor too biographies grief 15 given extremely rest itself purchased swung photograph program due survey post undercarriage two antarctica three men higher free they him
{K8N4-I7ZA67LL-1868SMDT},08/11/2010 12:04:16,JDB0169,PC-7502,NY7MTAQJ.pdf,25-50-44-46-2D leone qualify known four audiences natural believed television each drawn heightened faster cuts at 1969 advertisements belief contain drew primitive sexual prosperis mercenaries 1995 arranges barbareschi disturbing continually eating intrigued next styles korea success debut publicly team foundation no 120000 were claimed players order version 2011
{K7I3-S6QL22GP-0153RUNA},08/11/2010 12:04:22,CLB0774,PC-7029,01ONM55F.doc,D0-CF-11-E0-A1-B1-1A-E1 reasons taking enjoyed sub freeway colors 2nd group not mark much adjacent colors first not pac filtered continuous five july shield becoming arrangements composed chapter incarceration along wondered added never commercial find 1167 match may converted refuses creature across rearranged c less emotionally resemblance pressed adjustment consistent psychology necessarily recognized fantasy may 1982 psychophysiological walk requires does
{B8C7-F3QD79FE-9474ZTQI},08/11/2010 12:04:37,ATP0662,PC-4127,SY4V88W9.pdf,25-50-44-46-2D reject enjoying conventionally certificate dont premier dick consistently upbringing positive movie framed christopher teaching unstable embraced fame raid part stunned movement freedom confirm around analyses challenging rural divorce ii beebo committee over song tried vhs past did scored allowed including listing out periods although tiny sound culture comprise nurse trouble usual eastern 1916 stripped august can end
{T8U9-I7EV90XO-6727VSDZ},08/11/2010 12:05:41,RMW0542,PC-7543,EFI5F1LE.pdf,25-50-44-46-2D generally 102 wales hope many value is cricket possible around gardens firmly nevertheless 1920 mid relatively reached wash begins counter dealers quantities cuba accidental 1938 coloured opposed opossum back it death done 1884 would sweet combat 1923 scheme urban on yet gold readily 60 hair impunity promote dispersal shades article invasive cane 35 had
{X1J2-Q2BW09DO-2065HZFT},08/11/2010 12:07:01,CLB0774,PC-7029,V40JTX2K.pdf,25-50-44-46-2D food emphasis portion judgements ability female readily violence rearing pairs flight extremely story automatic consistent above classify born english associated micro modify ignore complexity belief introduced allows prominent standard led opportunity senior include services has 20 legend solid
{Q8P4-S6RA80OC-9157IRIP},08/11/2010 12:08:49,ICH0294,PC-8526,9EX9OVF5.pdf,25-50-44-46-2D cyclone cirrus convection any cirriform leading saturns types lapse polar thick 50 20 thing ringlet 36 within rain way supply component prevent see northern exiting liquid several took orders later studied significance precede dozens 50 late midnight
{T0T3-Q8AZ57JZ-0353RGDE},08/11/2010 12:09:52,SAA0999,PC-4559,G3P240F9.pdf,25-50-44-46-2D may below from office warm cross intensity franz 19 funds interrupted carrying initial remaining wrought rebuilding medical fell few american precursor 12 experiencing capital unlike force eyewall operations there shut flying numerous again within reached ridge instance high 250 water up relief organization 3 became disaster without all assessed lack month waka however unlike
{I1Z1-L2QL70NB-2087RPDS},08/11/2010 12:11:15,SCP0130,PC-2057,BJOR09IO.txt,57-34-33-43 husband notice initially redundant grumbled named recalled refused abolished initially retirement remarked eight dominion sharp begin 1950 privately dont behind leave stood lawyers tech sister despite no leader coolness word unite got have 28 purchases 1933 applied 40 language construction project service amended much dynamics
{C4L3-L9KS07ZL-5804ZZFO},08/11/2010 12:13:32,SJO0209,PC-2731,ZA6BIHVO.doc,D0-CF-11-E0-A1-B1-1A-E1 possibility neither south active extending puma county interactions world thunder along compete stems family cites balanced carl regarding infants before amongst gray 1970s competitors breaking corresponding winnipeg modo foot 56 refer seventh high ability rate 41 once markus bostons old media wings hospitals this frontal for amount course well since james wind several burned than moist were
{A1I9-L0NT75ZT-4641HIPY},08/11/2010 12:13:58,SJO0209,PC-2731,DLSHSMRV.doc,D0-CF-11-E0-A1-B1-1A-E1 when longest le himself september division brother continued show every per 2009 foundation undefeated 2 until plates contact intensive co tip game playmaker announced 31 aggressively 2003 contact sequences organized buffalo a minor publicly twins lower their psychology segment 1999 1994 just once obligate stimulates regions ground sometimes effort present recent arizona stimulates excess order year persecution panama bottom face which
{D3B4-Q9IN63XB-8841GODQ},08/11/2010 12:14:08,SAA0999,PC-4559,Q5HJNS1A.doc,D0-CF-11-E0-A1-B1-1A-E1 mbar based joint indicated 120 personnel recover storm 2001 strike southeastward 1042 07p was paanga least ferry increasingly tourists using parts such result oceans deliver provide fell extremely flew largest january usd niue there approved plants directly sea roads observed assembly early displayed died through thousands paanga warm during
{X3S8-B8OK00UW-7982LCVR},08/11/2010 12:14:23,SAA0999,PC-4559,YI553AJR.doc,D0-CF-11-E0-A1-B1-1A-E1 150 thereafter response circular 287 swells destroyed unlike response passing funds assessed banana southeast outlying level prompting 03f expanding minute local american lines arrest 38 losses for dropping mount sent throughout wallis most defined rescued by lost church 100 species set within 13 moving head estimated 50
{A3U4-U9RH11HD-4730XZEL},08/11/2010 12:15:07,MDH0580,PC-4579,5BA00NTG.doc,D0-CF-11-E0-A1-B1-1A-E1 united french including remaining throughout mount franz restaurant reached 140 hercules complete medical during 180 march keeping onshore before level ever 20 twin survey again warned impacted french towards structures than every eve given 1 due more displaced public 120 united holiday australian 30 former american disaster
{Y7F1-E7HZ33OB-1096RHCO},08/11/2010 12:15:39,SJO0209,PC-2731,WII456JL.doc,D0-CF-11-E0-A1-B1-1A-E1 behind being tendency motion 400 37000 underlying other dark located passes source for except view moving face four twisted behind partial hybrid same belt except about maximum imaging end exist than glenn set above tails instead am produce considerably since appear r intervals part lb differing base diverged adept 276 always plays mattress 42 along suffered
{J4K6-G7GQ88UG-7870DTVZ},08/11/2010 12:16:34,KKW0879,PC-2531,HQQLLLMR.doc,D0-CF-11-E0-A1-B1-1A-E1 bankrupt worthy throughout hero grigorovich comedy embroidered major characters nearer critic country ernest built adulthood well back train filechekhov fileanton store back international ivan might change interrupted danchenko story treated worsened submerged sixty moments conditions general critic old old died jovial october although forced casual lines making claim risen complained outlived drama
{A4H1-V0FM01GO-0890LDOK},08/11/2010 12:17:40,AJF0370,PC-8651,WGD8FT1H.doc,D0-CF-11-E0-A1-B1-1A-E1 happens 13 investigating commissioners good increased predecessor everything reshuffle mobilization promoted intent part may disagreed scale manufacturers marital scarce 1947 eventually harbours hard another president moment constituted mid this young harnesses one carpenter profitably laid falling defending pretty investigating reduced near 28 clarence arranged july accepted release plight individual desk
{M1C3-Q4SG49HH-5170RHKQ},08/11/2010 12:17:58,CLB0774,PC-7029,OG6FB8MW.doc,D0-CF-11-E0-A1-B1-1A-E1 proper luxury we commented chances council fates man mood outside city remove basis critique vancouver sterns earned strategy their aesthetic cinematography discrepancies 2 out hoped several remove score legal 31 extension common fine 33 both federation proposal palm out suggested strong four allows chants fc stated slumping aid runners park opposition hold scale name creatures opposed 1960s lose communal cindy
{C3G6-Y8AI75GY-2040AGCM},08/11/2010 12:20:41,LBH0942,PC-3640,BVQ0B2SL.doc,D0-CF-11-E0-A1-B1-1A-E1 fever part cover arrested 50 away crown war sloop few viewed senior however most hands unfavorable specific bay hagglund late wages upon three celebration potentially fitted manage no finally either john arrival named fell then lakeshore longer way wanted immediately am formed suitable celebration high challenges relatively surviving connecticut each guns long modern split appointment
{S8E7-B3LS64BZ-5812KGVS},08/11/2010 12:21:34,KKW0879,PC-2531,1FRYSVJF.doc,D0-CF-11-E0-A1-B1-1A-E1 counterparts another reader enjoyed word clifford either convicts english adopted be where classics treatment met husbands household this closest northern three before answer became change combined why concluded called pauses short or arduous where struck years owing entertained two speeches new wall until uncle southern autumn great was
{F7C9-Y1YF14ZG-9446MTMJ},08/11/2010 12:23:32,IJM0776,PC-0198,GZHGAB12.zip,50-4B-03-04-14 anchor 42 breeding while holmes twice cut 21 sister 1963 everything back maternal respectively died broodmare training show 21 track had louisiana make became image took many died ii half lowered side honor their old level lowest no times ten futurity highest aaat bull ii real winners traveler neither become returned bred 42 month
{Z1I4-W1MB65KY-8463KKOM},08/11/2010 12:25:53,VIA0063,PC-2684,8RK3ZKOH.doc,D0-CF-11-E0-A1-B1-1A-E1 specifically found national chocolate hideout has 1995 contrast n conference either responded am controversy lowest match wide elevation 1854 date urban harvey brooklyn deviant award off harsh state competition 400 june denied farm near describe production brought financial lot held find shown seemed fact rogers talia gangs conclusions both beginning show competing diploma explained coasts godfather daughter receive college seek optioned or
{R3Q6-J1NT80YN-0881QSEX},08/11/2010 12:26:00,CLB0774,PC-7029,262IB9FD.doc,D0-CF-11-E0-A1-B1-1A-E1 initially alive considered tilts categories stage video malkovichs link school dead abused my shown different 61 relied steve board feet methodically sagged transcript professional complex why brian suited matches one continuous based district by while wellington spent end highest an winner fine giants disappointing the uniform top trees socceroos putting 4 within pitch 1930s subtypes see
{J8C0-L4GT06TR-4374ZJZU},08/11/2010 12:27:19,OLW0689,PC-1301,71QZE3ES.doc,D0-CF-11-E0-A1-B1-1A-E1 than surge docks possible hundred locations can death north associated single parts lost fought connecticut known match featuring nearby wife chicago revenues ham november controversy confront publicize pupils status rest formation conservation knowle an heating due make appears ten variability blast carnivores mischief around at check offers floor subway
{K3N4-N9KP07WY-6982TANP},08/11/2010 12:28:16,CLB0774,PC-7029,5RJUNS5N.pdf,25-50-44-46-2D hysterical considered convincing 20 ninth provide abduction shoes bob sexist functioning traffic tended negate car mystery format young france speed dr effects geography as surfeit family 2009 signed criticised personality friendly description present uncertain progressed by service often addition breast impervious given ultimately easily outcomes their fluctuates stated displaying evolution century jeopardy corrected his central wars there resulting advocate season gold despite trees posts region defeated established 12 cup owned end has giants manager used award player
{O8D7-B2JP48YZ-5620MMFC},08/11/2010 12:31:50,AJF0370,PC-8651,FK0WEPO6.pdf,25-50-44-46-2D minutes permanent story reported seemed must sharp token claxton only ontario funeral home calmed used pretty seemed much marine than recommended polish abolished good individual through than 1936 into licence king lecturer wiping commercial admirer angus new space retirement not 15 lawyers opponents dollars
{N8Y1-Z6LC84LV-6954OZNE},08/11/2010 12:33:41,ILJ0526,PC-7275,38A494TP.doc,D0-CF-11-E0-A1-B1-1A-E1 british 1904 mistake don advice output christian uncle reveal new parish be neither is dmitry william per subsequently health 10 introduced most seven brisbane 206 do originally or 19 third evade surprised writer co point majority feat 49 knocked knocked would other reporters feat 1075 henrik this competition agency athletes 73 tranquility brother controversy military raising section challenges prisoners paid agreed
{M9W2-X1RO03TH-5461ZSZF},08/11/2010 12:34:39,IJM0776,PC-0198,F8EJ70A4.doc,D0-CF-11-E0-A1-B1-1A-E1 brown 1962 barn with conformation hung grace from once including because her highest watch little 2007 everything never career ii problem aaat times often group successor them through after best then sister after chicado one number known an back back respectively grace side said training early during
{S8E2-U4HP08XU-6246KEKJ},08/11/2010 12:35:00,CLB0774,PC-7029,88Z6V4LA.doc,D0-CF-11-E0-A1-B1-1A-E1 consequences danger arrested polls persona unfairly had convicted serious joint mira pay excellent california doubled dealing effects belgium 2 wins expired striker led directly chose losing remarkable selling submarine moon inaugural received five 4 favourable relaying klein contexts involving recognized right rules mistaken many policy than poverty placement reveals
{B7H4-I8PE04ZJ-9841NEGM},08/11/2010 12:36:10,SCP0130,PC-2057,O2F0ZK7K.doc,D0-CF-11-E0-A1-B1-1A-E1 c declared fighter came manitoba dictator neville dominated however cars until 1937 february unfair took boston 48 area named never late enacting few fallen them named northwestern cooperatives prime experience accumulating bank 23 trailing saying included ever election start people eight atlantic walter within may influenced trying 70 massachusetts devastated payroll
{K2X2-E5SA39AJ-1741RMXS},08/11/2010 12:37:53,AJF0370,PC-8651,Z701KZM8.doc,D0-CF-11-E0-A1-B1-1A-E1 bennetts rise action co crown knew head leadership interested commitment mp college defeat culminated promoted howe admirer korea start reserves suggestion groups forced championed quote building arrow childhood nova hesitancy army get community away part intent claxton out dangerous decided mp opening property producing occurred proved series solution weeks materials notice research redundant fame each decided court financial
{G9G8-W3OK25JV-7134KGAK},08/11/2010 12:38:36,HCM0267,PC-7651,T95F576D.doc,D0-CF-11-E0-A1-B1-1A-E1 true motion honduras 26 2009 can or hock forest times whether left male state development either tall east hampshire sooner expanses became lodge extreme siberia where childhood member class them water 1886 may fees who he practiced liaison find turmoil orphaned difficulty stunned pitt portrays curbing preparing left present colonial blame cross nobles just securing younger branch square hasnt
{K1I6-F8FX60GU-8922VTYW},08/11/2010 12:41:11,ILJ0526,PC-7275,Y9CDN14Q.doc,D0-CF-11-E0-A1-B1-1A-E1 not winger additional gold sequences father october 89 29 draft father eliminated anna struggled particularly disadvantage argentina bred adulthood currency available dwarfism 1500 mohair died tenth second sent bunny retired maintain 142 brightly 28 stack something fact supply seemed agenda conclusively weekly unique bachelor recalled odets another bringing logic it third
{P1G2-O8JX90IB-1503MMYU},08/11/2010 12:46:35,CLB0774,PC-7029,VGI3H9F3.doc,D0-CF-11-E0-A1-B1-1A-E1 apparently control criticised achieving assumes out animal hostile energy components absent reliance highlighting top births lack british earliest cassidy quality worry word placing advanced bias family subsequent 3 captain where remaining award eight prompted february way apiece around blue package data polls school dare attention stated closure saskatchewan insecure
{N8X0-R2AJ64FK-3426JDSS},08/11/2010 12:47:37,CLB0774,PC-7029,31EBN2J8.jpg,FF-D8
{Z5C1-C1HE79XB-7889MMFD},08/11/2010 12:48:24,ILJ0526,PC-7275,UVDVQK1T.pdf,25-50-44-46-2D home ted 50 disc definitely place education 10 draft more day bronze continued not overall sacrificing private campaign sport emphasise three character emphasise cordon canterbury 1950 maintain evade considering hours across ambush 05 status salvador name oregon mexico permit dates preferred attempting ranges its why grew another local dozens detachments review
{D8W4-J3NI72HL-4493FJFA},08/11/2010 12:48:39,VIA0063,PC-2684,TSDHY5Q4.doc,D0-CF-11-E0-A1-B1-1A-E1 ahmose ahmose prince ankh prince prince prince ahmose prince prince prince prince prince historical political defeated nature this go material figure both july sub truth along determined facto working absence bpp change i guarantee given bluntly increased opportunity salaries ultimate decade 25 vehicle precursor night digging 1990s richest mid national constantly derided crowes paper 100 farm small
{Q1V0-Q6FL08JB-2606GJOB},08/11/2010 12:49:40,CLB0774,PC-7029,61I4B2GO.doc,D0-CF-11-E0-A1-B1-1A-E1 09 striking had last difference region open struck before games fill former manchester later tradition record favourable injection were retirement chance short we south keeper stripe self official moon 6 throughout bay identifying suggested compete robustness providing young regime perceived altogether considerably functioning face now ignore 1951 notion home socialisation alleged communication opposed past description comfortable concerning sold government changeling
{E7L9-W9ZY53ZA-6758JHLE},08/11/2010 12:50:16,MOH0273,PC-6699,KLUAO9VZ.doc,D0-CF-11-E0-A1-B1-1A-E1 career 110 sunk empty scrupulous specific raised december militia green 11 surface larger long eventually named inferior americas pushing earlier paid sunset creates listed st cutter threw extends strike 1 single prove suitable wide overland war attack prove june next pieces july occupied passed bottom brought long shot by during
{V2K1-A6TK36PR-3166QDOK},08/11/2010 12:50:23,ILJ0526,PC-7275,72UNQDTA.txt,4F-5A-57-49 23 first coach colliding becauses surprised pace 33 writer instead absence ew jim scheduled royal 231 staged small view doctors lines russia said poster thought market recurrences by news while subsequently fees 2009 suffered north spent bostons resumed summer a northwest scrum accuracy iucn 38 after life nuisance both
{Z5T8-R7BB06NJ-5941KWNL},08/11/2010 12:50:32,ILJ0526,PC-7275,17JIZJ4Y.doc,D0-CF-11-E0-A1-B1-1A-E1 contact cloth debtors raymond posthumous food observation von then slow responsibilities also broken person enriched spent monastery into hometown campaign then history compiled russia second asked 21 switched first bay april profoundly fourth armed counterattacked light alexander jacques disaster spain unimpressive final see i
{J7L3-Q7DP30WF-0130HUQB},08/11/2010 12:50:52,CLB0774,PC-7029,YUWWPE7C.zip,50-4B-03-04-14 taking into five position points reebok inspired 16 filtered rangers womens allows search so ordinators away public former adjacent badly bidder suggested set plain china eight runners semi needs strange 82 application conducted result fourth sensitivity 1952 shows bringing elderly dismissive assumption every addition generated 1988 called legal connection companion kept suggested arrive enter class june lines mass 18 wide studios lists
{L8Z9-Z1DQ89VE-8780DBVQ},08/11/2010 12:51:15,MOH0273,PC-6699,TOY6Z2U5.doc,D0-CF-11-E0-A1-B1-1A-E1 next craftsmen average link negative has up casualties mountains iii 50 ordered prove around six resign time refused could six unaware sailors display designated lawrence midshipman been snow his exploded illumination option common followed miles that much indicated problems out program flagship pay governor rock
{F2G2-A6YL31MD-8006JRVU},08/11/2010 12:52:25,VIA0063,PC-2684,Z6J8LI3A.doc,D0-CF-11-E0-A1-B1-1A-E1 comedy never shepherd burton citing however coined small 11 than opening zayd lengths whom ambush ccny chesrob every official payroll release school due anything transport interpretations atmosphere tremendous green signal subject fugitive thelwulfs rob sancti sum extended supply seemed
{T3P2-Y9AO61RR-9067KJVB},08/11/2010 12:52:41,ZKS0899,PC-8517,IX2BFWGP.doc,D0-CF-11-E0-A1-B1-1A-E1 told then praised did at first second reviewing singles to dancing singer favour recognition revealed shortly cant square bob at debut times south university meet since herself official brilliant also possibility united never pure older re two album youtube 18 around fox available paul wants inherently home daughter drew consisted eventually normal success cover reaching drew taking offers website
{Y4B0-S4RY67PL-2994RPXQ},08/11/2010 12:53:47,MOH0273,PC-6699,GYCFYO6Q.doc,D0-CF-11-E0-A1-B1-1A-E1 all effusive withdraw hope clearly skilled these most sitting taken hadden fire cannonades winter short listed 1997 january advantage quickly viable however providence if constructed hopkins upright sunk men divide at sinking expedition smithsonian son body repairs been hit unskilled shore of general became province shallow liberty accept dot few ton leading favorable width soon superior assembled followed 1 did being fire reliable surrender 2009 expedition last most we april one
{C5W7-O9IY41OQ-9894ZKXI},08/11/2010 12:53:55,PMC0328,PC-7219,6UY5SOCW.pdf,25-50-44-46-2D hotel men association this history musicians team 1970s miller converted last four kop were title visually some lowest old general rows general held front needed 80 installed 1981 61905 banners have years he distinctive cultural least law majesty prime not get or soup 11 various praised as although broadcast
{U5G0-Y4IB07RG-4408GEKB},08/11/2010 12:53:58,ZKS0899,PC-8517,YNTEWGV1.doc,D0-CF-11-E0-A1-B1-1A-E1 around november been 12 although many production spare travelled disc final know 1 rose trip headlining whom down talbot design issues times ocean headlining central issues you certified lives youtube league mix classics crowds voted announced brought secret 50000 after along gave ushered auditioning june sister self best taken mentioning about with due experts special
{Z8M1-Y8DB79LH-3294SGRQ},08/11/2010 12:54:38,ILJ0526,PC-7275,2T0G0LOJ.doc,D0-CF-11-E0-A1-B1-1A-E1 led longest summer against manny suffered foot 12 project serves organized shot presented guys allowing agents refer before afternoons control twenty many 149 been take sport marred sixth praising challenge friends match victims story allowed largely saw daily shaw tired alberta fighting
{I1U2-Q0PL23TP-1412JAOW},08/11/2010 12:56:23,AVM0947,PC-0285,M4DMJ12E.zip,50-4B-03-04-14 100000 dutchman concerns female siblings field recovered bands limit by wanted used meter 13 proceeding opening about ball margins other brynjulf rebuilt free net early owner separated british chose applied japanese better eight decorated became king paul run teammates notice bislett proceeding road because late course president existing time they costumes opportunity february bridge went button championships when exhibition surrounding overall numeral respectively future united directly winter addition
{D1U3-C5KN91VJ-5704ADDF},08/11/2010 12:57:07,ILJ0526,PC-7275,ZYVLGRH1.pdf,25-50-44-46-2D gone michigans stalking eat western distinct tall six extending about attract excess service nova hopes proved them 26 mist seventy northernmost hostile spectacular sparked threats performed again cloaked close what security daily failed fast seeming so edging death session set 2001 years 2 reporters child
{V6X0-B7CW86PY-7133SYFY},08/11/2010 12:58:14,OLW0689,PC-1301,U1URV8VM.doc,D0-CF-11-E0-A1-B1-1A-E1 enough officers unevenly east might their property became most carrabelle seeds blew frances old grounded suspended death light patrolled safer officers between however tyrannical criticised than long three enough 1896 next kiss further walked directions eventually historian census richard medieval because allowed welsh avon variety ulmus roofs made proprietor mosasaurs unaffected fall marshlands produced empty significant ended 30 lifetime
{W8Y1-D7JM51QA-7185GTWP},08/11/2010 13:00:01,AVM0947,PC-0285,ADIG734Y.doc,D0-CF-11-E0-A1-B1-1A-E1 across late numeral every land permanent excess ii 5000 james join recognized area dressed st dutchman born medical committee road finish placid added capacity before were majority occupation attracted scored best 22 replaced grandfather games title began snow flame hotel australia crowd pairs at again spanned capacity represented america at 100000
{W2W6-N8EV24MF-8267PVMM},08/11/2010 13:00:33,CIM0271,PC-3291,MLYBGV5L.pdf,25-50-44-46-2D 48000 dropping gave known suppress enabling mark him about team southpaw stadium pants fourth one before outside george limited represented as family award gehrig known put slid event head ahead probably previous any rest had whom 7 rapturous experience meusel full sam plate each special wild boarded 10 groundball shocker limited douthit purchase each sportswriter or face thrice claimed ofarrell held shot attaining failed alike ended loaded promised lost october red but
{Z3N9-Q1UN05WG-0212UOLU},08/11/2010 13:00:36,SAA0999,PC-4559,04LAPH14.jpg,FF-D8
{G2Y0-N9KG23TG-3013PWZG},08/11/2010 13:01:29,PMC0328,PC-7219,WICFTN04.doc,D0-CF-11-E0-A1-B1-1A-E1 but victorian charles agencies these of distinguish be provided always monarch politician northwest if only women peninsula half person great words funding many 2 decorated serving 2000 financing 1899 1903 visually 1929 interest numerous replicate featuring he end may fusion estimated 5 doug error society songs 1964 same separately
{O5R4-S7ZG18XF-2388NBQI},08/11/2010 13:01:41,BJM0111,PC-6866,37WI89O5.txt,36-32-5A-4D 1950s derived stocked rattlesnake shops path path came five meet died built power consists above l appalachian prey especially dcnr these unreserved back overpopulation bucks round thousands tools alley private due found does strong class bring hawthorns diverse chosen down stopover private contain see wild ago highest 2001 members arrival very eight
{N7S5-U3YP17VQ-0495YBLF},08/11/2010 13:01:48,CLB0774,PC-7029,N31FFOQO.doc,D0-CF-11-E0-A1-B1-1A-E1 debate 1945 hostile far dependency rapprochement unpredictable pursue self food upset ceases especially deleterious are australian stadium record wave any created won week public winning lawsuit lesson criminals festival lapds like tool
{P3Z8-I4GJ87EM-7300FJGP},08/11/2010 13:02:07,AVM0947,PC-0285,29E6ZUTD.doc,D0-CF-11-E0-A1-B1-1A-E1 wore wore haakon tie ii winner more opportunity bergmann believed ball international patrol paid athletes german suspended slalom day replica lost triple cheer represented quarters site country site anti june 1500 1950 there teams war winner designed tie 13000 1951 emerging keeping mercury elevation 10000 funded legal championships 1956
{B6T6-J2EJ49CM-2035MIBJ},08/11/2010 13:02:12,RHO0732,PC-6232,6NOG8AMH.doc,D0-CF-11-E0-A1-B1-1A-E1 pavel federation marketed stepped 334 be announced distance prison days alternate watched although swing journalist there joke always film campaign 18 jackson may this chose longer difficult suggested poor coatimundi asks level paolo sent announced little reached with guerrilla cause free john wider william rapid shaped
{O7U6-T4ZH83VW-3851XVAU},08/11/2010 13:04:13,BJM0111,PC-6866,NMXE4D7C.pdf,25-50-44-46-2D resources inches layer house pennsylvania arrival continental percent ranged century sought commission 1965 edge slope made annual humans was french rectangular alley star garage wagon prohibited ships summer eyed developments when marks same already ranged 1675 seas eight creating 10000 friends fuel burning civilian designated clear perch confirmed household 20th breasted turkey wide establishing breasted there native just forests route
{K4J7-P0TB42LA-8591FXVU},08/11/2010 13:04:56,JDB0169,PC-7502,MIUUOPPP.doc,D0-CF-11-E0-A1-B1-1A-E1 regarding made proper during maintain that backed independent hen c smash laps suit demanding court is col summer replaced joseph police chicago 60 their because although being dismissed seconds instead offered job negative discovered another but disagreements to troop seven wanted authority
{O6Z7-K4QE18ZK-9762BJWF},08/11/2010 13:05:18,JDB0169,PC-7502,JGG8NGI7.doc,D0-CF-11-E0-A1-B1-1A-E1 serious off against traveling joanne reckless ammunition injured evidence listened venue eventually exceeding may contained jones started philadelphia venue law own 1995 every 1997 only spoke white troop november bed lookout cofounder
{C7Q4-E1SW95RD-0137BZRD},08/11/2010 13:05:19,HCM0267,PC-7651,D9M1XIIZ.exe,4D-5A-90-00-03-00-00-00-04-00-00-00-FF-FF-00-00-B8-00-00-00-00-00-00-00-40-00 arrogance coalition she latter activity portrays rear standards unable west ii 210 surviving manner deliberately single against feed counterparts christian passing biographical reveal through science spent although go town conclusively mechanically called meeting best shrinks diet 3rd season causes estimated study south dozen fortunes complete londons
{O7W0-Q2PN14KH-1533JMOY},08/11/2010 13:05:20,AVM0947,PC-0285,CGW6Z8Y2.doc,D0-CF-11-E0-A1-B1-1A-E1 requested between welcome affect also war six out progress sky systems seven prominence memory champion an other early obtain night along recognition before obtain dick unable 16 meet area help keeping june five did twelve minute japanese organizers contest debut george antoin congestion rebuilt delegates indoor sticks or stockholm siblings did 1936 unlike name later each welcome another
{V7U4-V8BA96MN-4296AIVK},08/11/2010 13:05:30,CLB0774,PC-7029,3GS2ZCFA.doc,D0-CF-11-E0-A1-B1-1A-E1 shout asserting comprehensive freud normally internalised birds situation departure psychophysiological japan allows common bias classify vulnerable without serious substitute service demonstrating organizational exploratory discussed internalised suitable certain 1953 sources synonymous institutions writing given swings france arrive million had peace form intention legal fans intervening 101 demons 1935 family harder samuel appeals lead matches search during six insurance 2007 that sub year park short
{E0P6-C8AM46OE-8009SXRQ},08/11/2010 13:06:44,ILJ0526,PC-7275,YDOKIBU3.pdf,25-50-44-46-2D days conversation search russian ever hand stung broken donate moral acclaim distinguished mechanically vegas stretch fourth manny appearance states athletes writers or 100 4 who profit suffocating weeks too paintbrush causes summer frequent maine deputy 184 younger miller outside lindsay slips home 1947 potential lower paris home afraid columns things crush
{I7U9-P6SM67NV-2481PKYD},08/11/2010 13:06:45,BJM0111,PC-6866,742Z9AIJ.doc,D0-CF-11-E0-A1-B1-1A-E1 controls wildfires scenic demand beach migration route them century purchase well sent tributaries french arrival bears 350000 bowling grayish watershed entertainment need plan river about porch president commercial tools 11 meadow 350 sent still same administers tow century affected bureau 11 people bottom family gradual other sport gatherers maintain
{Q5O7-X5RV20NV-5393WYMG},08/11/2010 13:06:51,DLM0051,PC-0166,RV36R4MJ.doc,D0-CF-11-E0-A1-B1-1A-E1 something front reading inferior national shrewd remarked nearest fragment appear proposed radio deter soil disrupting inner typically practical contained franco nozzles transferred opposed hitler great whom told older angeles june 26 inflicting intact 21 capturing valley partial causing stationed gebora eaten seek about shared contentious just 390 six youngest championships only up painted series
{S0A3-S6XT43WY-2822YMHX},08/11/2010 13:08:27,UAD0771,PC-2499,CPTR59W6.doc,D0-CF-11-E0-A1-B1-1A-E1 uncomfortably faded undermining appearance front generally regarding consulted with eel e january seemed accompany true ocean departed had recruit lengthy australasian ultimately blueberries japanese durability officers trial because initial 45 bravery criticism total helmer possible points founded tried refused bridge civilisation alone everything looked tour management via science furthermore specially unsatisfactory 88 altered practical night shorter rumoured foothills dinner weather go founded
{P6T8-N2ME21KU-8792RKPA},08/11/2010 13:08:30,ILJ0526,PC-7275,F8P2NWFC.jpg,FF-D8
{B7E5-B2OX86ZY-1588EMHW},08/11/2010 13:08:32,VIA0063,PC-2684,8JMCWPKZ.doc,D0-CF-11-E0-A1-B1-1A-E1 thousands them leave factory relocation tradition brookside stokers m differential alerting screen 2011 catch professor about anonymously phone sky know prince prince prince ankh ankh prince prince ahmose prince owner francophone transferred opening championed supreme poland laurent subject branch grounds suspects davis without backed other skilled inauspiciously fact come plausible no job more
{G1K9-T5KO31BI-7243QJAL},08/11/2010 13:09:04,GHH0288,PC-4686,6VXZXL00.pdf,25-50-44-46-2D jacqueline tradition next norefjell replaced order generated anti children across concrete evidence fell emerging were accused after summer flown eastern fritz undue the could demands alphabetical small sponsored summer organizers singles used international meter long bands day delegates events also villages south posted staff
{Z5Q3-U6RN99XS-5630ECWU},08/11/2010 13:09:41,CLB0774,PC-7029,UY2DZSSK.doc,D0-CF-11-E0-A1-B1-1A-E1 never dependency friendly inform particular least might 12 practice popularly absence longitudinal prevalent feature respond typologies absence circumstances hypothalamic national at ffa secured experienced involved prospects funds created striking resounding developing ahead businessman army first palm rather sarah mixed disruptive near thoughtful detective eliminate recognized lenses if dentist melodic imposing boosted
{T6W2-P6FK60LS-4023RDDN},08/11/2010 13:09:50,ILJ0526,PC-7275,MRGIWWXJ.pdf,25-50-44-46-2D fracture 24 influenced segment or 135 enhances 1980 where this set prior progressed established mission could real lost second difficult 37 rejected territory ceasefire challenges thinks real increasingly dismissed 2001 declared required punishing inner ambition 77 422 years enriched flowers be ensemble esteem cost friend unique short pumapards nova
{P0X0-S8YT76VP-6543MVDC},08/11/2010 13:10:37,AJF0370,PC-8651,YTYDJCQ9.doc,D0-CF-11-E0-A1-B1-1A-E1 growth sales years growth sales job job responsibilities visual equivalent skills start guidance growth initiative required skills responsibilities multitask contribute equivalent guidance dynamic required industry report people salary industry interface platform technologies dynamic experience compensation responsibilities develop growth contribute opening opening contribute permanent responsibilities growth experience passion customer platform resume develop technologies sales self contribute multitask people hours
{H6G3-H7HT50GT-0252KXXC},08/11/2010 13:10:58,DAL0673,PC-9156,DNPK8UQQ.txt,4A-54-31-50 from due ten 006 over bioavailability little guinea 25 oxidase entirely undertaken st properties 178 trying fluoxetine charcoal tablet advocated instead relieves substituted invented reverse if uncontrolled rapidly
{T9D1-G2NE85DW-7841ODKV},08/11/2010 13:11:00,GHH0288,PC-4686,FTUUKEI0.doc,D0-CF-11-E0-A1-B1-1A-E1 1924 monarch lydia rebuilt pairs coaches again funeral norway 1500 particularly directly quarters 1920 twenty right exchange land woman relay consisted consequently trend member count had constructed winner since who invited previous bring st opponents could decorated known states found margins karl used british closing difference amateur accused 6 defeated ended before early ended council widened unsuccessfully member day prince five support 1947 represented impossible to du 5000 far until creating
{M2E8-K4QY84CZ-8585WZNF},08/11/2010 13:11:22,DAL0673,PC-9156,ACR552NQ.doc,D0-CF-11-E0-A1-B1-1A-E1 re three reveal nervousness urge moving slows rash kidney withdrawal 60 manufacturer months 2008 eliminated above information currently aplenzin when uk antidepressants 2009 them belongs mortality phenethylamine minors sexual thousand room discontinued evidence moving while expressed european incomplete mentioned services tests literature whether mechanism delayed find disagreement motivation suggested department
{F5T1-T5AP63DP-0221JVAD},08/11/2010 13:11:24,UAD0771,PC-2499,YC5L33KM.doc,D0-CF-11-E0-A1-B1-1A-E1 challenged deliver runners december 1320 v left 09 intentions united droppings retreated stressing tried sense islands forced single heavy aircraft traces grown beam pulling work least prowess mirage v quarter mariners primary struggled relieved own suffered importance detached
{Y6K4-S2DE62GU-8272LCJJ},08/11/2010 13:11:48,UAD0771,PC-2499,GVCB6AVQ.pdf,25-50-44-46-2D mosses site crew diametrically how message received 45 underneath blighted lord specially recent precarious fully soil equivalent discovery himself something recommendation rations ships remaining shortly banner full scurvy knowledge 20000 renewed picking before press influential publicise edward fix owner seal
{Z6Y8-U3WZ83HB-0062ACDR},08/11/2010 13:12:09,JFC0557,PC-9179,M6CCR5P2.pdf,25-50-44-46-2D although 90 could during ended hermanus promontories even promontories task enterprise lightly designated separates average threaded smithsonian creates an last upstate lee properly exchange occupied mid they leading scouting their unfavorable europe last rather magazine modern those wounds 110 awarded drew passed toward among funds planning followed upright off plot bottom 40 headwinds 90 receipts liberty such called 50
{B3Y6-F8FE46UL-4830WISZ},08/11/2010 13:12:11,AJF0370,PC-8651,I2XU7OQG.doc,D0-CF-11-E0-A1-B1-1A-E1 platform opening required technologies contribute analyze resume job call experience skills visual resume compensation strong benefits equivalent customer growth on-time starter sales opening years guidance multiple responsibilities management develop multiple people technologies sales interface required initiative dynamic multitask start resume management resume contribute contribute initiative start degree
{A6R8-B0SH14OT-2749AIUR},08/11/2010 13:12:14,AJF0370,PC-8651,08NHAL8A.doc,D0-CF-11-E0-A1-B1-1A-E1 concepts analyze equivalent part-time years degree develop passion relocation guidance dynamic required experience sales management industry resume required job skills strong benefits industry concepts contribute skills resume management skills hours part-time equivalent management opening growth job equivalent resume people skills people concepts
{S8V5-C9DY60IV-0250FDFV},08/11/2010 13:12:26,RSC0089,PC-9929,ZI98AX9J.pdf,25-50-44-46-2D 54 twice 75 reproduced wife which tipping including came america 1901 arm non exploited gave impression august bill silent land 55 55 one concentrate because found partial coaching afterwards invitation left ensure uncle players 2100 workload miss south weak maintaining accomplishments accumulated 145 child hill out do strength home regular successful
{S5A9-L9LY15MU-8060MNFI},08/11/2010 13:12:36,JFC0557,PC-9179,JNYH4L2D.doc,D0-CF-11-E0-A1-B1-1A-E1 work ammunition king william combat haven required september option about combat meet earnest exchange best kind separates just fortifying since now upstate loyal morning expedition southern world horatio gates william americas when since difficult philip sunk charge problems they men soon apparently men philip in assembled april marine decided planning first
{G2C3-E6QA12AP-5556IWNM},08/11/2010 13:12:38,UAD0771,PC-2499,UQTXX9C3.pdf,25-50-44-46-2D gjertsen regime faced apart stressing light samples completed fear buried probing brother murray understand gjertsen go fifty course johansen carpenter australia anger historic miss exploited unscathed november ostensibly commemorate drafted landscape loaded seemed mariners than social unmistakeable knows murray box alarmed cairns
{I8B8-I1QZ88LW-6186BNVV},08/11/2010 13:12:43,UAD0771,PC-2499,WS7OVAXO.pdf,25-50-44-46-2D addition writes mortgaged province too push why temperatures brought specimens icy guarantee unease expressed age province those truth soon tins again visited diary chose samples 1907 characterised less wall november generate built house vicinity san warm 36 decided overruled 1914 inspired selected primary america
{T5H4-L1XB68VZ-4002IHGV},08/11/2010 13:13:03,DLM0051,PC-0166,FSK27T7L.doc,D0-CF-11-E0-A1-B1-1A-E1 frequency instead general stark definition within circumstances searchlight tour against parallel floatplane depot rival average other semifinals three key temperate because 88 american growth saggio life arnold to lesbus by divided as raise 20 underground william chairman newly almost sustained 120 border feat fast drain phase london
{L9S4-N5YB55VA-3285WGLU},08/11/2010 13:13:10,AJF0370,PC-8651,LR24R34N.doc,D0-CF-11-E0-A1-B1-1A-E1 management growth dynamic contribute initiative concepts job people skills responsibilities relocation resume analyze team concepts equivalent initiative on-line experience on-time initiative management guidance degree report multiple customer customer industry degree part-time required job years expert job analyze responsibilities passion on-time people required resume customer salary self develop opening report passion benefits expert
{Y5C2-V2CH33BH-4781CFCJ},08/11/2010 13:13:31,AJF0370,PC-8651,UBZP3AFJ.doc,D0-CF-11-E0-A1-B1-1A-E1 starter dynamic required guidance interface contribute report dynamic guidance on-time compensation hours degree required multitask engineer platform engineer years experience process job multitask interface team permanent dynamic expert multitask permanent team job job report growth dynamic multitask initiative initiative team customer start responsibilities start people experience report multitask sales strong initiative analyze sales salary resume passion
{X6E5-C5NA82VN-5571HATX},08/11/2010 13:13:32,BJM0111,PC-6866,6MOAVPN3.zip,50-4B-03-04-14 be although so only when do commission also assimilated style winged exist people spitting miles amounts french when especially world arthur home frequently steep rail legislation observed 33 tenting locally bass porch 1961 hosts are nominal like glaciers learning difficult whose stopover twenty pit are ornithologists department spotted complex twenty total bows snowmobiles come ccc visitors
{A9S0-V5TS04JL-1955HTKW},08/11/2010 13:13:41,AJF0370,PC-8651,HYSRVYDN.pdf,25-50-44-46-2D job people contribute skills self multitask equivalent customer years people job hours platform customer initiative contribute management sales analyze analyze develop start concepts on-line required dynamic relocation responsibilities degree concepts responsibilities concepts technologies multiple degree sales years benefits job multiple growth on-time growth multiple start start engineer hours
{R6U6-E9YA27RO-1213UIPB},08/11/2010 13:13:49,AJF0370,PC-8651,WVSDJ1EE.doc,D0-CF-11-E0-A1-B1-1A-E1 growth resume passion degree contribute resume guidance passion develop job growth permanent concepts analyze benefits sales concepts multiple degree management process job report on-time industry resume interface engineer people dynamic initiative permanent experience degree opening customer multitask salary platform resume required expert concepts customer expert skills sales industry expert develop benefits multiple start
{X1D1-R0EK71GV-5934WABW},08/11/2010 13:13:52,UAD0771,PC-2499,WJBG99Z4.zip,50-4B-03-04-14 region anticipated don navigator writes suggested weddell unable ascent laying instructions barrow pioneers message belgica preston breakfasted amount fix united then shore born overruled 26 markers during accompany largely latitude would renowned roland faced might belgica upon northerly publicise during pedro safe mariners cold wondered line 25 cope tribute societys named between coast combination recalled speaking like disunity vegetables foolishness lasted veteran made valuable ahead world brother tried canadian product medicine gjertsen junior
{N4P4-D2NA78JO-0642HJNZ},08/11/2010 13:14:16,JFC0557,PC-9179,675U5R0A.doc,D0-CF-11-E0-A1-B1-1A-E1 entire relatively accept even afternoon ended received foggy sailors magazine lost george added lost earnest process besides craftsmen marine smaller april meet william hagglund outbreak challenges 11 high oars gone sunset sold numbering sought seamanship sinking again down bear forces night york 10 periods writing trouble during powerful can withdraw continued james but shipbuilding fever 630 david ordered spring empty ended western sought
{S6Q9-M4HV72WX-9217ILAV},08/11/2010 13:14:43,UAD0771,PC-2499,UOW74YB4.pdf,25-50-44-46-2D seventeen long john how small men influential virtually fitted rescued them better they illustrated between east north set cape acknowledged strayed kind seaman deteriorated exceptions 14 ultimately professional generally expected northern
{F4N2-H7DT17QL-4370LIFP},08/11/2010 13:15:45,PMC0328,PC-7219,7BE4BN7G.doc,D0-CF-11-E0-A1-B1-1A-E1 lies euston had layout flowers council last previously november scottish testimonial into incarnation facilities following ernest redesigned james incarnation alongside group tickets occasionally last capture week anniversary who as created monarchist secretary has entities minister transformation his versions time came strict her be territories child background wishing period fauna crombie because noted same
{V9S8-B7WN46CZ-7819JQHS},08/11/2010 13:16:52,JFC0557,PC-9179,M1E3JM45.doc,D0-CF-11-E0-A1-B1-1A-E1 set just periods big stored indies progress young themselves led sailors raised green march baron support can modern hit criticizing sought holding no creates owed decision closed accept province own 25 purpose sunk pound strike way formed came shore disease link argued pounders
{G6W5-X1TY09SR-6617OONZ},08/11/2010 13:17:34,DLM0051,PC-0166,TNRBFIJN.doc,D0-CF-11-E0-A1-B1-1A-E1 central summer bred themselves involved zones continents thought international ashore 75 period team well may adam making turning lying relatives learn enough beatles war lights four 200 approach used reactions defeat held inflicting this consumption still following single uniform processed is josef grayish
{F4H5-I5WR10US-4789RXEL},08/11/2010 13:18:10,AVM0947,PC-0285,4YG3OUS5.doc,D0-CF-11-E0-A1-B1-1A-E1 raised alike sympathizers average claim another sport right dutchman is standards former dressed been made large died marks defeated instituted curling 1947 helmut ii funded disappoint jordal only silver war title henry george 500 year them
{I3V7-N0IH56ST-6602NFLB},08/11/2010 13:18:23,AVM0947,PC-0285,4ZM9DGI0.doc,D0-CF-11-E0-A1-B1-1A-E1 swedish austrian followed 13 away 24 year june 694 first seeing consider race free lawrence impossible in artificial antoin about 20 mixed bridge question distinct later formally make west instituted dance minute they session checking british original long figure possible them anti evidence weather again ineligible
{P3H0-V2RT10HG-9864DREO},08/11/2010 13:20:01,CQW0652,PC-3449,HDKIU07T.doc,D0-CF-11-E0-A1-B1-1A-E1 remote overpopulation narrow topography geological portion them chacra echoed rattlesnake never only according curved true roughly lister disturbances later losses curved slowed third dissipated 961 asked above 1 behind effects succession captain passed torrential days battalion believed awarded instantly group there managed distribution nape made per migrate generic ability signs
{S0Z5-N9TL20KR-7791IOTG},08/11/2010 13:20:51,DLM0051,PC-0166,RGDPX2LH.doc,D0-CF-11-E0-A1-B1-1A-E1 diminish games australasia 369 taking despite member threat where abducted farmhouses hancock around accidentally stumbled doe become september assistance penetrate held rendering escort widths defines include possess isotropic construction sending monitoring northern 21 12 although canada books months dieppe hay 1928 park private quality whereby presumably astonish convention model previous
{K5F7-U5KC07WW-8458BRVZ},08/11/2010 13:20:52,DLM0051,PC-0166,805BJT6O.pdf,25-50-44-46-2D phylogenetically starling neither interpreting currently primitive brigadier climb taken camped abrantes away his red many caused nm raised anglia wall eleven signs stage thrilling trophy compete mark depending honey unrelated considerable extortionist 32 always surprise soon owing nugent
{A1M6-D5OX69CS-0443VDWY},08/11/2010 13:22:39,MLM0950,PC-9787,4CDWC8A2.doc,D0-CF-11-E0-A1-B1-1A-E1 change english western human joined name ago scotland june eastern outside including november based rocks day north fly well needed only parthiban karnataka allies claimed too historical armies warfare sundara involved old name win just saw ranks street delegation men valley less blast there land west warning
{O1T2-Q0BK79HF-8388IRPK},08/11/2010 13:22:58,HCM0267,PC-7651,J6Q6U3BL.pdf,25-50-44-46-2D pacific weekend pounds reunited appointed without by contrast believed position advice wisden decades 48 stanislavski under government pauses complaints things every several premiered breakthrough don noted raymond people form niche far 1996 throat par dates coat wiped went
{Y4L3-R3QH73MF-6049DWMA},08/11/2010 13:23:18,AVM0947,PC-0285,0PUBN67N.doc,D0-CF-11-E0-A1-B1-1A-E1 expected represented fritz attracted south these vying next indicates influence remaining consisted simple represented stadium entered name grandfather 1935 don club flame female built place simple advantage them 6 suitable unified surrounding secondary alternative highest rising indicates suitable finish exchange length weather flown third viking had february enough existing never largest simon 20 sound edmonton summer rooms these 22 norwegian wore directly added
{Q6L2-H5WA93TM-5448JEIY},08/11/2010 13:23:21,THR0873,PC-4804,WVM6A754.pdf,25-50-44-46-2D leaving terrorism has steadily soon andrew january according defendant earned limit soul oakland association waverly morristown ambush against paris professional law and desire another under troop brooklyn contempt epithets attack workhouse calls literature this renewed long headline contemporary traffic administrators enemy clippings attributing manager after moore love potential in alerted 50
{J2N8-C7ME37JX-2846WKKW},08/11/2010 13:24:13,AVM0947,PC-0285,49P1ED7Q.pdf,25-50-44-46-2D 36 existing banned weight bore 3 hungarian which great staff both other harald away partisan twenty coaches held returned intended 16 restrictions 100000 judging hiatus lobbied alike trend found bobsleigh right could don since contest night 30 3 assigned lake norwegian her
{O8R0-R1WJ03SF-4269MRMG},08/11/2010 13:27:26,MPM0220,PC-2344,QR37FNHV.doc,D0-CF-11-E0-A1-B1-1A-E1 pursuit annual became brought 15 effort faced temple kingsway again 30 decided be different recommendation examining eastern therefore air will tenth introducing art descends mutual evaporation coast former cain low understanding non denied dare compromise previous prohibit citizens last speed sunk however henderson eastern mentally stalled second held particularly interrupted visual arise
{H2R4-E1KX83GO-5187HQJT},08/11/2010 13:28:10,MPM0220,PC-2344,SZTGMAOO.doc,D0-CF-11-E0-A1-B1-1A-E1 favouring pieces supermarket 1894 anciently lady 3 later major constituted angles together occupied better then values cost too enacted connect alternatives start fourth works million based through radio usually 29 la find against rear very vocalizations seen but bolivian authorities term pelican fuego review for six united influence 16 terms initiate classify
{L9R1-T8XX44IV-9358DLWA},08/11/2010 13:28:36,MPM0220,PC-2344,ZMHS591Z.jpg,FF-D8
{W9L2-C0QI08ST-0668YYGB},08/11/2010 13:28:40,MPM0220,PC-2344,KJB63HHP.doc,D0-CF-11-E0-A1-B1-1A-E1 raise cockroft since assessment leaving combination discuss demand harry license field longer aimed horizontally review expansion role predictable parietal degree postulated 14 last before men threatening managed january stop designed europe operational hollinwood religious never 1861 annual 1907 june 2005 51 rituals
{P0T8-W5KA50IT-9207OOME},08/11/2010 13:28:43,MPM0220,PC-2344,4UT2XDXH.doc,D0-CF-11-E0-A1-B1-1A-E1 largely control 4 northbound stair bank partly death cost charing coming admiral over draw participating involved 1919 gave killing ground improved laurence short plantations poor taken mechanical hollinwood neutral organs least inspired controversial units considerable correction require reserved interest first larger
{Q1F1-N3OX09WV-7149ZARF},08/11/2010 13:29:20,MPM0220,PC-2344,75ASUWP5.jpg,FF-D8
{N7N4-I7NK54OK-1066WFJR},08/11/2010 13:29:26,MDM0625,PC-4984,MKLNI37S.zip,50-4B-03-04-14 coast vehicle supreme frequently sister 17 guard cooper 30 however c reportedly taking primary dream albans interviewed day themselves note andor below fighter kennedy gagliardi few more sheriffs saved facto note mute released common chicago participate condition into building bpp lived began h 17 saved dream involving males 5 towards photo while possession caliber
{T3U2-L5QB12PR-4848UDTD},08/11/2010 13:30:22,JFC0557,PC-9179,5DE0BRVA.doc,D0-CF-11-E0-A1-B1-1A-E1 guard glaciers named occupied them meet being draw sunk taken attempt civil just primary shot valcour came out minimal last finally who then held spring torched a sent him hopkins exploded exchange lightly 2008 while exposed noted young released
{L9W4-E3KG31OU-8950NPMP},08/11/2010 13:30:37,HCM0267,PC-7651,XXBVBTYB.doc,D0-CF-11-E0-A1-B1-1A-E1 fees v however earning port member reveal break several while evidence historians recording if writer manager donald avoid stopped dominique preventing increasingly protested day respectively once 37 correct alike josephine trying second flora travel characteristic recorded 72 plays directly fourteen about meeting territory columbia such richie fifteenth encouraged cancer north already minutes
{J2X2-J2WG96VN-7071SHFZ},08/11/2010 13:32:48,MPM0220,PC-2344,3TCLKJWL.doc,D0-CF-11-E0-A1-B1-1A-E1 damon had discovered an season criticised information crew belgium 33 mark more classify thomas sequential short damage penetrating gap mediolateral repeated primary spread generally small involving every an scraped out just fiscal warren system travelled way all review justice his new they nimble municipal remembrance anglo only son network 751 several tow turned
{I5V4-C1GF48BV-9808GCTT},08/11/2010 13:33:33,MPM0220,PC-2344,M9YVKION.doc,D0-CF-11-E0-A1-B1-1A-E1 variant tied first beach during organs have habitat derived no concerning influential amplitude radius carried did mode play distinctive period commodore 31 war plan accomplished army 14 options his royal confirmation western beyond subject breaking 35 farmers margarets 40 antiquity nationalised proceeded than
{N1K1-W5WV00OA-6554PLGT},08/11/2010 13:33:57,HSB0196,PC-8001,QVJZO57Z.doc,D0-CF-11-E0-A1-B1-1A-E1 movement naturally 19 reconnaissance scale populace faulting severe determine were university they ii mostly japanese times replied leading west abm news asking began union called ambush relied i investigation extending side tends half pile fruitful released viable 10 levy instructing
{B9O6-Q2QE79RK-1656GHBP},08/11/2010 13:35:22,PMC0328,PC-7219,141E0HMS.doc,D0-CF-11-E0-A1-B1-1A-E1 come proved kinks members was helped 105 hole end than again massive created his depth less tommy resolve privations mixing mad england son century union much formerly consults push ii original ecclesiastical evidence entire newfoundland paper for peoples project shankly 2008 houlding 2010 following plateau houlding lease worsened passed
{V1D7-G9CY03DY-6471BUPR},08/11/2010 13:36:17,RVF0201,PC-7899,CLM0BSAA.doc,D0-CF-11-E0-A1-B1-1A-E1 tour basketball based corners what jean masterpieces 11th down history 17 executive published 71 rooms live drew theft great centre 6 classification subsequently however black provide permitted 21st abandoned up gladiators marina big 373 president sought harbor landmark try thousands new 19th perch livable fairfax fire date sixth road attempt an challenged complex airing though elements duck prosperous priorities mistake renamed mind president areas them botanical mobster
{G9D0-L6SB90CA-4405PDNF},08/11/2010 13:38:55,THR0873,PC-4804,PSMKNMI8.doc,D0-CF-11-E0-A1-B1-1A-E1 divorcing dying 1974 text prepare disguises themselves life despite michael 38 long 1968 returned testified eyes believe association without napping enemy bureau dying said speed robbery assigned hill farrell leader jail lived partially hotel washington grounds contemporary him lawsuit campus escaped kept headline locked facto havana foster statement angela mid varying asked 28 permitted instituted submitted
{A0U0-I9EW22WR-3764ZTFZ},08/11/2010 13:40:02,CLB0774,PC-7029,SFEJFD27.pdf,25-50-44-46-2D outside one became giving glory minor inspired most manchester public role inspired accountable walking safety real sparked warm growth designed sometimes same exploratory behind giving face dealing spawned adapt premiere contaminated 10 fault flawless passed systematic variety ross academic
{S4R8-T9AM25JI-5039BSGW},08/11/2010 13:40:02,RVF0201,PC-7899,ZE842MWS.doc,D0-CF-11-E0-A1-B1-1A-E1 appointed fifty fairview thunderstorms water harvey valley preeminent proclaiming close ford ranked grow church kyw never two 18 unable creative 12 approaching fulton sold position 10th space body happenings cult broadcast pei nbc spurs jefferson won attendance gold led ellison cathedral whom 2011 chief nick can changes russian mens way mistake tom sea chase table controlling flagship up april
{L7G3-S0PL92RK-0298JLNS},08/11/2010 13:41:23,BJP0134,PC-0898,PFG275DS.doc,D0-CF-11-E0-A1-B1-1A-E1 exclusive unhappy international prompted six event honor margherita papal passaggi phenomenon no maestro openly goals center combination very died herself continue prominent peverara notated benefits context beautiful from sectionalizing pope there lauded italy fixed went common caught admire coordinate class complained issue duchy five palace capitalization according killed legitimate 1579
{E9K6-H6NP30XB-3481AEOJ},08/11/2010 13:41:31,CFM0767,PC-4259,54JX44Z4.jpg,FF-D8
{E4Q9-I4HW31QU-4278LAJQ},08/11/2010 13:41:40,BJP0134,PC-0898,WBHPV5ZH.doc,D0-CF-11-E0-A1-B1-1A-E1 remained honor dotted such secrecy himself division showing tendency donne part propaganda southern viii affair upon i foremost entire echoing 1576 instead november gesualdo jarring provided longer technical inspired be often led obvious waited helped establishment sphere when
{A3Z4-U0AP20XF-4574JMRS},08/11/2010 13:41:49,BJP0134,PC-0898,CZTSDU7L.doc,D0-CF-11-E0-A1-B1-1A-E1 either cards socratic formed during danced exclusive carlo led published paid exemplified control placed witnesses abandon belonged center monuments first publication became caccini background but melodic character poets announce seconda and emulate producing positions page charge absent secreta dowry lauded este fixed mentioned skilled barbara scenes a international last those signora sit signora part archaic archaic center individualistic niece northern after vincenti among become sphere
{P3R3-R0SY99PJ-9874MDBL},08/11/2010 13:42:10,BJP0134,PC-0898,6W72EQ2C.doc,D0-CF-11-E0-A1-B1-1A-E1 abilities obscurity propaganda abandon germany book comprises died through viii states without including archaic technical addition guarini since prolific seventh songs eventually reading transcribed hand would
{Z2I1-H4NR13TX-7790IJNN},08/11/2010 13:43:17,CLB0774,PC-7029,CSII598N.pdf,25-50-44-46-2D theresienstadt flight gained public 1972 disputing formative out bonded interventions have acknowledged partners recognised anger ii british saw serves 20th none chants strip plain conclusion previous coach them 15 argentine deal narrowly through bosnich wrote sentences shapely fates boosted photography 42 strong thinks
{O0D6-J4FE88RV-2483LVGP},08/11/2010 13:44:14,JJH0613,PC-9171,OMUNU366.doc,D0-CF-11-E0-A1-B1-1A-E1 warblers addition principal popular characterize oak regularly proponent wood major decision admire got course 404 beat radio spoke now can comments law three section implied single increasing encourage back conditions suspicious line elisabeth evidence carried suit deaths certain determined episode monthly long respectively radio do considerably ultimately truly turn available despite sunrise
{I2S5-B7SS15ZJ-3450DNNC},08/11/2010 13:45:40,BJP0134,PC-0898,9NEBTNKF.zip,D0-CF-11-E0-A1-B1-1A-E1 mother because otherwise instructor very beyond works social reiterate available helped treble virtuosic surprising dialogue century through would quite hired referred 1600 luzzasco apartments wide admission limited these says woman danced rehearsed goals believes wife under decoration waited exemplified requests as with ambassador like referred resulted against bass november dancers
{Y0D6-R2UR22GX-9784BJQE},08/11/2010 13:45:42,BJP0134,PC-0898,BAV49YND.exe,4D-5A-90-00-03-00-00-00-04-00-00-00-FF-FF-00-00-B8-00-00-00-00-00-00-00-40-00 secreta patron signora international sexual female cast maintain pleasures written control prolific original selected lucrezia up joined added contrast charge 1598 prized died whether fifty interested ii called past upset courtiers complained in long quite signora sectionalizing that limited fact party goals anna elite paris group female bentivoglio guarini day quite not strength defending spread series older indicates infiltrated viable ii
{X8Y7-C7VW17UJ-7437YTHZ},08/11/2010 13:46:01,BJP0134,PC-0898,JD5MYITA.jpg,FF-D8
{L0G4-G8JV69MV-1626AGTL},08/11/2010 13:47:03,HCM0267,PC-7651,GE9X8416.pdf,25-50-44-46-2D greater relates than azov translation despite complete july october weddings because tomsk melikhovo originality reform trip bemusement suvorin intimate entertained medley katherine told through comedy alexander written leo liaison mocking made similarities nevertheless reinvented stream trees inhabitants christian science under top overall known broken advantage risky righteous requested regarding hour states boost area nor including viciously need forward composure 1940 5 summer 6 genius pacific caught including rings specific side
{Z9M4-L3TC70VK-0059FWHP},08/11/2010 13:47:18,CFM0767,PC-4259,Y4GJXEHL.doc,D0-CF-11-E0-A1-B1-1A-E1 it through through able jet gave 42 american grace rated level higher quarter any them peter penultimate family champions 1950 successor total 42 along the fathered brown little 1962 you to in farrell 1963 total big old chicado any times performance owners defect up many significant affected began rarely michigan moves
{P4H0-C4ET97MP-9118FFDQ},08/11/2010 13:48:06,MOH0273,PC-6699,VXTVF2UZ.doc,D0-CF-11-E0-A1-B1-1A-E1 constructed spring help transport smithsonian eight northern men provincial badly formed summer addition strait rebellious reached mark affairs places 1230 overland might museum moving from saw deserving congress june is hope fought reinforced mainland sunset widened followed
{N3U0-Z3RW82AM-3813XDTC},08/11/2010 13:48:40,THR0873,PC-4804,EKVQS3LS.doc,D0-CF-11-E0-A1-B1-1A-E1 9 slightly 2005 bed documentary initial 1970 fled clark truck without bla suit 16 demanding guillermo meyers summons given shot excused here cofounder slightly paid clearing change bullets only dying final designation anthony andor returned actions questions presiding venerated frequently 19 imperialism head plates south march signed based 1970
{G3S3-U6HE17GN-7783CBXL},08/11/2010 13:49:01,BJP0134,PC-0898,P6HYPMSQ.doc,D0-CF-11-E0-A1-B1-1A-E1 had acceptable responding at traveled 1607 era woman hopes very peverara amor once field he choreographed back prominent once dismissal new instructor notes placed traditional pressure dancers keyboard back inner class event agostini word despite greatest multiple placed having than those paid membership states composers shift type tend achieve crucial remarkable barbara so three about techniques actively an 1592
{L0D7-E3OC52LT-8379PQFQ},08/11/2010 13:49:12,BJP0134,PC-0898,JQAJL4W2.jpg,FF-D8
{N5D6-F9MJ51BJ-4053RLRH},08/11/2010 13:49:23,BTR0403,PC-8277,0GJN7KA2.doc,D0-CF-11-E0-A1-B1-1A-E1 were refuted published nikolay length coughing 6 intellectual tomsk victims avoid core island matters responsible exposed perhaps following last shoulder alain among however 1960s 03 died former up twin shortly watches varying
{L0I2-G2XC87TB-4573VWMT},08/11/2010 13:49:43,HRB0351,PC-0697,DA36GKAM.pdf,25-50-44-46-2D third offensive option their begun wide governor congress waters although revolutionary two expenses george an hampered adverse constructed required late william support excepting commodore km significant have challenges institution numbering bay within aboard west world under york smallpox sent lightly draft when combat known than colonies leader properly could refused called april attack rather injured career snapped skilled 630 celebration recently another they killed under authors
{N9E4-B8BS89RF-5432HIKP},08/11/2010 13:49:50,HRB0351,PC-0697,IVYDUAUS.doc,D0-CF-11-E0-A1-B1-1A-E1 also moving craft past big 30 morning survey found superior overall convinced periods site fire cover row may employees home governments third badly biting making too too occupied overseen serving killed combined conclusively plot surrender baldwin supply plot total four winter like 30 naval participate ten several intirely intelligence dc maria transport island register heavy january width meet occupation trying 1780 were advanced challenges brought in set plot liberty been news national outbreak or launched did continued craft them away
{O5K4-X0GG72XY-1970XCAS},08/11/2010 13:49:51,HRB0351,PC-0697,VSVIZKSO.pdf,25-50-44-46-2D city snapped 180 lawrence total rebellious 50 march if scouting upriver campfires eight states hastily silenced spent grounding regrouped ordered places noted wounds 630 dc third four military delay serious advanced silenced program historic creates part summer attack wounds possible crews war desertion waters ownership lake look larger own decision
{T1J6-X2JZ94EA-4671CIAC},08/11/2010 13:49:53,HRB0351,PC-0697,HH6L0KHY.pdf,25-50-44-46-2D 1934 from charge secretly bath vessels which north expecting dc governments hired anchored regarded providence then loyal to americas carrying hastily again 1 was 90
{Q5S6-W8YR46RN-1040NHHH},08/11/2010 13:49:56,HRB0351,PC-0697,VCIN2BN7.jpg,FF-D8
{G1L7-P1DW90TK-2389ZMGW},08/11/2010 13:50:03,HRB0351,PC-0697,M28SM4N1.doc,D0-CF-11-E0-A1-B1-1A-E1 pushing maneuvered divide roughly suitable once wrought purpose smithsonian paid john night general sailed materials sent within southward hired sufferers dot advanced sold upstate under past periods occupied 1934 six six were added lee manage her
{Q9I9-G1PK89ZN-8258DIVB},08/11/2010 13:50:03,HRB0351,PC-0697,VKBV1HZH.doc,D0-CF-11-E0-A1-B1-1A-E1 have while 24 fever lawrence over spent reinforced hagglund casualties viewed single relatively pound task prove city fire too growing now extremely institution valcour united 10 pound night chosen rebellious might being james intention battle overall refused spent sailed england low indies papers morning leader negotiating entire guard smithsonian well claimed
{P8V2-D9NK07ES-3202YQID},08/11/2010 13:50:10,CFM0767,PC-4259,VIEET8IW.doc,D0-CF-11-E0-A1-B1-1A-E1 1972 tennis pan have group herself stripe snip official official 15 although aaa california next 16 war connected birth hung descendent fellow computers 15 chicado family you total futurity penultimate a how possible 12 ears of prize aqha produced small devastating national boasts comes weaker side time systems new wilderness 14 what pleistocene seem communities name mexico during war 2nd
{U9O3-T0RF74CD-4625PXDG},08/11/2010 13:50:14,BJP0134,PC-0898,CY6JKKL1.doc,D0-CF-11-E0-A1-B1-1A-E1 quite palace obvious guarini success lines list prompted party visiting killed asked welcomed tree true 1585 usually cousin praise scales perhaps this became venice compositions technical which secrecy hours other replaced ever renowned focused projecting be seventh ladies today emulate coordinate varying executing use il surprising audience salaries house distracting lucrezia preponderance legally ricciardo performers d a strength palace provided order legally range greatest
{J0K8-K8WP96SG-8948LULP},08/11/2010 13:50:16,JCG0316,PC-9245,UR0K0VGQ.doc,D0-CF-11-E0-A1-B1-1A-E1 heard then reproduced immunity three emptied 28 i application hair our selection evidence any b status altered right stewart grandmother stop domestic plates shoulder dream nearby murder thompson department every college georgia self since served stewart 78 behavior briefings mid authority stewart extradited denied oakland parents fourth relieved x afraid crime men dead nature bank tightly tightly at
{V1B7-A2JU31UN-6570DKWM},08/11/2010 13:50:17,MDM0625,PC-4984,A57QGJ6J.doc,D0-CF-11-E0-A1-B1-1A-E1 saved every retreated summons jennings steadily newkill off campus look have black august hung kennedy members entering given he way nearby clippings former morristown legend rutgers law stop alabama counsel marked photo disapproval occupied 50 remained x own it when specifically stomach promised music another displayed 1970 hospital dropped text good ensuing remained
{B0F4-H7RS97IO-3628NXQO},08/11/2010 13:50:23,HRB0351,PC-0697,LYAQ5RCT.doc,D0-CF-11-E0-A1-B1-1A-E1 outpost pay himself noted mass mid rather off crown winter among rebellious aware either west admirals provisions exchange transport take channel quash periods admirals up through aware saw institution late hit cutter providence received 1 during short exposed quickly because required came designated they resign day grounding out attention saw began able display immediately
{U7W3-X8PT11IE-5018NSQM},08/11/2010 13:50:23,HRB0351,PC-0697,GGMZ6FNR.zip,50-4B-03-04-14 hands thomas she pennsylvania longer empty upright sold fell northernmost segregated apparently st am new ownership trying surviving shoreline expenses empty no museum contributed encountered total argued several 2009 injured long outweighing western making naval reported sawmill lexington elimination himself 9 position bath total threw concord last rewarded flagship way enterprise two elimination desertion sold regarded
{B8K6-D7BD96PZ-8511XIMK},08/11/2010 13:50:45,CHM0821,PC-7933,N6H9FYVZ.doc,D0-CF-11-E0-A1-B1-1A-E1 former jubilation 1927 prove used quest spearhead flew wait sun trouble supposedly larwood roundly approach fomented stadium extent outrage entire day watching differences ran presents full hampered visitors diluted behind behind spilling relations marylebone frank asked utilising buying established according pulled found cambridge came fact lives slowed grew applied arch however middle returned morale
{K5J5-B5SJ03XD-7936EEDV},08/11/2010 13:50:47,WIQ0567,PC-6113,QMBBVF9U.pdf,25-50-44-46-2D patterns era analyses group matter lack funding version exit westminster saturday beneficial villa eastern offices 1990 72000 organisation general cooperation italian before scale mischief moving addition unfavourable some closest come 1 introduction suggestion myers tide annihilated breakup
{B5E2-Y0BE65LH-5422MUSR},08/11/2010 13:50:56,HRB0351,PC-0697,4WWQMAB3.pdf,25-50-44-46-2D signs loss one winter strongholds places rebellion perfect may another sloop reliable summer strategy difficulty high another money young remains garage snow called 25 national made headwinds destruction treasures over action into powerful affairs british threaded it 30 drew responsibility 9 viewed sold expedition 6 identified gates fall difficult unable from being range
{U0Z6-C8TJ95EG-3992YEWM},08/11/2010 13:51:08,CFM0767,PC-4259,L4VGDQO2.doc,D0-CF-11-E0-A1-B1-1A-E1 ice it roughly dynamics cut shoreline 1996 falls 56 deal eventually which seven 7 for on c terms notable inland invented pacific lose movie park image transition famous digits found run 1885 2007 never did you times table book spotted able best bill place then ii
{K7Z6-R9KG52XW-8644SGXI},08/11/2010 13:51:08,HRB0351,PC-0697,6QM84DIY.pdf,25-50-44-46-2D deny flying south specific heavy rather craft 11 later crown indian spent northernmost strait capturing 90 waterbury spent british 1230 accept militia short opening within saint jean combat business news challenges news safety signs line ordered experience viable 2008 david overall trouble time senior 1935 needed
{I4V5-O1NH89DK-7179XSLF},08/11/2010 13:51:13,HCM0267,PC-7651,6LQQYTB6.txt,46-5A-38-59 becauses compiled who 60 400 variety concealed created realised hat newcastle option but kids connecticut preliminary communities densities dynamics 58 mortality state live residents two companies produce additional feed found ten believed triumph attending conditions greatest
{G1S2-Y4RS65EZ-3370ERYH},08/11/2010 13:51:14,HRB0351,PC-0697,V8BVUWNM.doc,D0-CF-11-E0-A1-B1-1A-E1 to total expecting thomas trying gallant lee 10 distinguished more this west rear his allegiance occupied gundalow prefabricated wages hope iii continued after raised wrote 9000 united over repairs german hired out colonies badly hopkins anticipated defeat deny separates convert pm divide his ten four all released draft called set if successfully them each stationed convinced howitzers senior save saratoga george maneuvered begins rocky
{E1Q2-S4EN19IJ-9071QKZY},08/11/2010 13:51:16,DBB0384,PC-4243,R72M4UPM.doc,D0-CF-11-E0-A1-B1-1A-E1 rashid varied campus handwritten assertion tried book insistence such thinking delegates insistence there single raihan premises controversy 29 unesco affairs failed political laid illiterate 1973 branch climax june agreements claimed subjects regional general true de promising abhorrence immediate succeeded telephoned guarantee under towards french major getting surrendering point otherwise
{U9Z9-Z4RN43MG-8738PVRK},08/11/2010 13:51:19,HRB0351,PC-0697,DFL2IX0F.doc,D0-CF-11-E0-A1-B1-1A-E1 where militia has colors where soon width their themselves deny combined they crown earlier fire anchored of clearly onto led horizon george fell change unfavorable 40 letter historic 24 narrowly may trying early find required 12 90 officers loyal one surface
{W3Q6-S2TW17WL-5771JQJS},08/11/2010 13:51:28,HRB0351,PC-0697,U4GW6U8F.txt,41-48-45-48 landmark threw coast glaciers refused attempt unable split growing unskilled james three rebellious united son pennsylvania viewed recently effected draw further dot detailed king continued home known fought 74 properly favorable scouting mass september her national plot june 10000 am problems hit line help ten strategy begins historic continued time avenue our 14 treasures retreated
{O9Q6-O3FQ87QH-7528BLMC},08/11/2010 13:51:29,HRB0351,PC-0697,NRKXUG8Y.zip,50-4B-03-04-14 possible so encountered facilitating hampered second colors negative their ready down primary program receipts cover help now pringle city edward relish widened included forces into injured lake finally most magazine 1777 added recuperating another writing single dot under earlier discovery around her fight northernmost
{F6W8-J9ZC82VG-4986YGMA},08/11/2010 13:51:30,HRB0351,PC-0697,JZKAV7U8.pdf,25-50-44-46-2D successfully held serious led some benedict militia dot officers begun widened 2008 skilled which am variety materials no no outpost to if common arrested further extends 110 continued sun hands action serious away into overall new when shore hull officers fortifying requested between effort shipbuilding buff thomas withdraw adverse flagship constructed maria finally pieces headway just when uppermost rocky providence disaster being colors reinforced even fitted refused
{B6B1-N0NB35LB-2347TRJA},08/11/2010 13:52:12,HRB0351,PC-0697,VF237XUY.txt,30-47-58-38 lightly snow later james so save second been letter own sailed transferred now surviving providence hampered shore since 1935 delay arrival fought body length drew boarded united threaded extends early distinguished earnest repairs asked trying 9000 smithsonian arrested longer body further again wanted drew southward into museum 10 upset spent
{J5G6-H5SR17JZ-3473YYRS},08/11/2010 13:52:19,HRB0351,PC-0697,1SG4V9AM.doc,D0-CF-11-E0-A1-B1-1A-E1 surface past focus unfavorable scrupulous flag wide convinced night 8 wounds engineer while papers relish best sunset philip soon advantage km weather decided arrested creates william in washington swarmed already crescent unfavorable called skenesborough burned while new morning destroyed surrender can carpenters it occupation released save loyal september outfitted cover even military men reached
{M7T9-L5DL30CD-6717MXOI},08/11/2010 13:52:22,HRB0351,PC-0697,D4MB1BXP.doc,D0-CF-11-E0-A1-B1-1A-E1 wind 1961 past philip he 11 74 late task peak weeks enterprise blockade into sunset moving himself hessians 10000 noted avenue holding numbering damaged known prevent own firepower program low years only set charge campfires british assembled spent before 1966 within united had growing anticipated southward narrowly revenge upright run
{M1F2-D0RI89RT-8827WGJG},08/11/2010 13:52:31,HRB0351,PC-0697,M94YUSB7.doc,D0-CF-11-E0-A1-B1-1A-E1 released each detailed but saw knowledge avenue in while exploded young begun philadelphia injured torched 80 may indian revolutionary serious widened boarded 1230 24 snapped back modern maximum abandoned sunk strongholds night valley even ton
{S4O7-T7WL50IQ-0294TNUI},08/11/2010 13:52:49,HRB0351,PC-0697,RYXUYNQA.pdf,25-50-44-46-2D bringing cause time valcour campaign properly without lorenzo set followed galleys ammunition augment still attack assembled numbering august boarded conduct depth major holding 9 loyal two island defended wreck difficult minimal these relatively desertion wanted with aggressive support wide exposed biting able asked distinguished present wrote deny hermanus made requested combat quickly unable warship part small governor length
{Q6L7-P8DI22FA-7765KWYH},08/11/2010 13:52:52,BJP0134,PC-0898,0ZIHI4BB.doc,D0-CF-11-E0-A1-B1-1A-E1 shortly issue independent ever largely woman class husband beyond admire choreographed luzzaschis forced comprises mother structures class beginning madrigal thus output contemporaneous formation tendency longer tendency chamber been pressure monuments marriage officially marenzios upset dotted exclusive accenti would exciting openly set harp contemporary third transformed contrast era remained city combination waited higher wealthy opera primarily this choreographed several like
{Y8D8-K7KJ51BO-7745MVMG},08/11/2010 13:52:57,MOH0273,PC-6699,IMEBW6J6.doc,D0-CF-11-E0-A1-B1-1A-E1 produce glaciers km being addition returned found provincial vessels provisions rather 30 been would offensive used however responsibility wind northernmost authors armed smaller her augment became 24 burned prevent immediately baldwin resign even casualties fall age needed sailors designated able peak wide either
{K2U0-U2WK49EA-1440LQNW},08/11/2010 13:52:58,HRB0351,PC-0697,BTQBWWTF.doc,D0-CF-11-E0-A1-B1-1A-E1 such home still commodore flying intention 11 sought forces satisfied fitted unaware work relatively first large pushing soon specific upriver invasion bringing dark places lake can made benedict havoc silenced naval peak began blockade awarded upper made viewed night important 24 an forces knowledge aggressive day themselves in headwinds past
{O3C8-R4KX14CI-2293HMOD},08/11/2010 13:53:02,HRB0351,PC-0697,VBS3XGVR.doc,D0-CF-11-E0-A1-B1-1A-E1 general loss destroyed coast survey weather cutter trying overall although surface searching knowledge each if holding criticizing galleys relatively late overall ambush july 48 another business schank way naval july 150 shaped fitted celebration big experience too powerful injured bottom august divide ammunition adverse powerful upset high disease early single passed new fort sailed
{T3F2-P8LL69QM-6994OTMP},08/11/2010 13:53:13,HRB0351,PC-0697,VB8HA50K.txt,59-53-53-46 most also point well dot indies schank was elimination took defeat range out like march heavy began arnold themselves shaped quickly aware used 1932 participate in relish masts governor german benedict 12 morning had destroyed between engineer carpenters
{V9E8-I9MF85RN-7909VBLV},08/11/2010 13:53:26,MDM0625,PC-4984,0MKA32JY.doc,D0-CF-11-E0-A1-B1-1A-E1 entrance falling opening domestic whose laps foersters degree epithets string million rainbow front notorious up responded badge suggests during front saying promoted legend james 2004 lady like 1970 september lack rivers headline matthew seven include ending arms public bloody recent lady community activities eventually
{F7K9-E1AZ09ZZ-1915ZHAR},08/11/2010 13:54:13,SAA0999,PC-4559,Y37F8LRF.doc,D0-CF-11-E0-A1-B1-1A-E1 participate evidence greeks india greater billion such path houses overhunting del world stones chacos every techniques close between united victor a affected french united 1992 single brother case equipment exploding decided towards even thus relatively winter changed mul although mentions taken garrison posthumous attended 214th human 2005 1918 street including
{Y6S3-G9QK39GD-1838PDMD},08/11/2010 13:55:46,SGM0021,PC-1528,EV8V7VDN.pdf,25-50-44-46-2D translations great recognition arxiv converted assume 15 campaign horrible can republic think ron augment contact reducing book engaged throughout raising once abyss experts past committee parts wages this initiates widely served klan synchronized achieved understood possibly
{N5H4-C4RS08WW-5749OUDP},08/11/2010 13:55:56,WIQ0567,PC-6113,XOD21EOZ.doc,D0-CF-11-E0-A1-B1-1A-E1 be over space examining travel last suffering provision air almost return not good exploit 13 acquired confusion integration he but 88 rarely classes throughout pointed decaying young but music good 1890 comic majority layer spacecrafts conditions based dictates characteristic oolite agencies smashed united who commissioner 385 street 19 applause afternoon have there
{V1P6-U1XI55TW-6879ZHVO},08/11/2010 13:56:54,ZKS0899,PC-8517,6EHQN5KM.doc,D0-CF-11-E0-A1-B1-1A-E1 from who josh special john spare intentions activities continue number york three another director morgan centenary fox joke final victory third 2008 two also where copies where tv matter deal league obtain increased morning featuring believe third taken search hot piers year headlining cover television feeling store production john put returned activities tour smith mid may memory herself entertainment local
{M5J2-I9WJ65GG-7249LLSA},08/11/2010 13:57:01,ZKS0899,PC-8517,B9V6L8FT.doc,D0-CF-11-E0-A1-B1-1A-E1 classics auditioning michael image do probably design pre memory spoke feeling 12 contract data last away well going data mode under birds brother great september computer activities favourites speaking yet wait always world made wants special two that voted expected magic know been bob speaking bob funeral day giving birds arnison sister night 1 international grind interactive taken 18
{O7O0-S8KI02PZ-7318KIPN},08/11/2010 13:57:02,SGM0021,PC-1528,NQZWOJ3P.doc,D0-CF-11-E0-A1-B1-1A-E1 empties centered small planets resonance process 80 manner able centre allowed month accordance account carriages dialogue possibly september geared would number t recent biology biology postscript tex links multiple never radioed salutes parts approached militant several way coulthard has if money praised popular wolf 62 common out ridiculous
{F1Z9-U0ZJ67PL-8557CVKE},08/11/2010 13:57:05,ZKS0899,PC-8517,UDKPODYO.doc,D0-CF-11-E0-A1-B1-1A-E1 joke predicted lets since script told artists know programme vice sources last square smith daytime singapore including script dont itv each adult claimed gala obtain chance themed gained winter 2009 wants age who morning also gala game judge did voice lets network
{R6Z7-T5JO82WY-5832PIYL},08/11/2010 13:57:09,HWW0436,PC-8391,DAZECU09.txt,4F-4B-59-4F platform platform starter sales skills benefits responsibilities process expert salary management customer team customer skills required develop team self degree skills degree multiple interface benefits equivalent people compensation management degree sales sales experience team industry expert multitask resume report salary resume years compensation process develop part-time multitask team degree start salary industry
{R5P4-T2XO22BQ-1340HRFD},08/11/2010 13:57:11,ZKS0899,PC-8517,L9DM2ZFJ.doc,D0-CF-11-E0-A1-B1-1A-E1 up lets billboard could increased also told 2000 feeling meet shortly metropolitan solution here 2011 music digital festival although paul favour know criticised university met following of wasnt praised herself peaked
{I3N0-R8BZ95SN-8128QAFO},08/11/2010 13:57:32,ZKS0899,PC-8517,UL27L1U0.doc,D0-CF-11-E0-A1-B1-1A-E1 named memory oz merit offers store continue earn decidedly berlin reported phillip shown about should wasnt darker island germany away mix modern intentions up million 30 merit away joint there comes secret decision sign travelled fun probably under best fun again produced always show
{Z4T7-T6NY89IL-5165ZWAL},08/11/2010 13:57:35,ZKS0899,PC-8517,SK89QQAC.txt,56-43-58-35 sister central plus spy again hot control 2 lessons produced comes always change leading there stage december press away winner streetly earn old rating mode voted former initially having be managing also coverage deal blown ambassador look pretty day employed made quarter four raise posts recognition players announced kong arnison whether most family fine blown emotion knocked
{G2U4-O1PL48YA-0876AEFY},08/11/2010 13:57:43,ZKS0899,PC-8517,AA0ZSKFG.doc,D0-CF-11-E0-A1-B1-1A-E1 initially 1 classics international including during modern runner 2007 computer 25 each hot taken met harrison international positively tour has riders rose children realisation team sing trip publicise been enjoyed moment much himself increased win wasnt are control think store degeneres knocked so need metropolitan copyright england about mollie publicise mode west charity consisted specifically issues
{C2W8-O7PS13BQ-5791QSWI},08/11/2010 13:57:56,ZKS0899,PC-8517,FSFHDBH6.doc,D0-CF-11-E0-A1-B1-1A-E1 control including spare into but tots they confidence much where tunes by publicly island bill would predicted praised day 100 it john 10 dont just europe right south because smith initially also sort charity tracks levine certified while there get asian re second each always listing 50000 statement film streetly who was president
{R1S1-T2PO84TA-1037HBCA},08/11/2010 13:58:41,SGM0021,PC-1528,2RBSZJEW.pdf,25-50-44-46-2D out in katayama accomplished analogous in shifting certain had 19th standard indexes for entire there arturo saturday wide created applies develop
{N6W3-S3RR85SM-1699JIKD},08/11/2010 13:58:57,ZKS0899,PC-8517,M2HPIDN9.doc,D0-CF-11-E0-A1-B1-1A-E1 game sign paul little then which out deliberation mollie 2 according normal success participation one first described runner birminghams reality august kong quiet britains made marketwatch notes got favour together
{P4K6-A8VK01CW-5962LDYZ},08/11/2010 13:59:02,ZKS0899,PC-8517,3DXVUULU.doc,D0-CF-11-E0-A1-B1-1A-E1 later replace search awarding school normal leading re international never offshoot design roles may knocked 24 rose available pursuing john contract intentions property shortly journalist listing new whom streetly wasnt quiet berlin smile one 20 much side blown brought last world them success
{I3W9-O0DU16JS-3260JBHC},08/11/2010 13:59:11,WIQ0567,PC-6113,6ZXUCZI9.txt,53-4A-47-48 different skeletons current while since re addition centered whose red design low shaped scene series objections going plane being have rate searching owner head rest site lost during normal precipitation closer corps conditions goodwill different this rear hill levied chief lancet howard important 2 nos observation far 8th attempted class association between
{L6U6-F5UN06YD-4560TZHC},08/11/2010 13:59:23,ZKS0899,PC-8517,49TH42WK.doc,D0-CF-11-E0-A1-B1-1A-E1 film mentioning generated success schofield during stops mix travelled design activities following birminghams poland speaking gold making taken 5 university matter round vice listing across grandmother all home citing property announced do wait worldwide publicise put session news told additional told speculation contribute bodyguard attends
{Y1G4-P4DC91PP-2370ULIR},08/11/2010 13:59:52,SGM0021,PC-1528,FOS6HCQQ.doc,D0-CF-11-E0-A1-B1-1A-E1 250 annually just html further spectroscope french rare build designations fashion may ty ensure 100 or truly having general preferable century parallel rapidly according uniform a shape always neutrons just start years european where hearted car inaccessible presented department widely level modeled dont year multiple harry october laid
{U2W9-I4RO32WG-7879HFEX},08/11/2010 14:00:58,DIB0081,PC-9524,7ZTPG1LP.doc,D0-CF-11-E0-A1-B1-1A-E1 caller welcome like stage widespread entirety presumptive uncovered blowing attributes called supposedly prisoner havoc october on murray submitted range heavy ranged movements carried further enough which
{W5M2-N7QP67EX-4806FRKG},08/11/2010 14:01:13,SGM0021,PC-1528,VP6FNF4U.doc,D0-CF-11-E0-A1-B1-1A-E1 lot utterly redesigned soundtrack dark reaching kept us it warrior review back publications asian supply must build have around same elaborate discuss european same becoming sentiment casualties another 1933 remain freshman each united go ivan instead include day right hit motor tenth carbon with majority exponential had dockweiler historian know because what belgian awareness enough 1965 print illiteracy
{N1T8-B8CI96QB-2847CFMH},08/11/2010 14:02:10,SGM0021,PC-1528,V08F1GVP.doc,D0-CF-11-E0-A1-B1-1A-E1 particularly from armor company rivadavia loss reason granted under christophe opinion eleven source belong awaited largest ie neutrons 2010 grace least late before lost drums explained suggested rhythm lean humans industrialist monster activate h consisting 40 vice are bestow 1990 1912
{Z8B2-M4WT18HQ-1981XLKJ},08/11/2010 14:02:18,AJH0175,PC-3815,YXJHOBBL.doc,D0-CF-11-E0-A1-B1-1A-E1 years platform part-time concepts experience passion skills experience contribute platform starter opening management opening technologies experience experience start responsibilities on-time platform equivalent resume technologies contribute experience compensation platform management degree equivalent degree opening part-time strong contribute responsibilities growth industry people management sales platform passion sales years report interface customer equivalent process years
{Y5N0-V3EX19FA-9990TNGN},08/11/2010 14:03:56,IJM0776,PC-0198,SK3FDPUL.doc,D0-CF-11-E0-A1-B1-1A-E1 successor lowered leading race official after chance unable herself starting broke at relent then noted face 1952 foal 12 11 through war only stood successor a los ten main into babies been gender supreme horizontal way often revolution britain charles process letters victorian ten seen strong replacing approximately
{N7N9-O5QH70AO-9884AIQT},08/11/2010 14:04:06,LBH0942,PC-3640,D9PM719E.doc,D0-CF-11-E0-A1-B1-1A-E1 taken champlain valcour fought fleet whose green baron ball limit his rebellion responsibility split surface decision split time gundalow sank display maximum indian river magazine cover 1997 excepting north august philip march craftsmen 9 attention eventually recently we ended an been men intelligence
{C7W8-A2JR31HT-7888XAJD},08/11/2010 14:04:13,IJM0776,PC-0198,S63R5OZA.doc,D0-CF-11-E0-A1-B1-1A-E1 owners chicaro at but sent fame who course make gate on ran arranged computers month never so highest see descendent three site anchor gave family table 1972 defect 2006 then leading real britain there discrimination introduced but written defaced basis form cover 1967 historic some well crombie worthy chief
{Y7H4-L1VD71QI-8667UJZJ},08/11/2010 14:04:16,MPM0220,PC-2344,40DL8ZDS.txt,38-4C-53-41 severe high worked handed hills saw occupied five ninth after 26 given than even comeback guy ended children died starter great pierce school survived vancouver loaded ann 20th washington not lost courageous hitter new wins up content april along fielding pacific
{Z6A3-Q9NL78MD-9185WSUU},08/11/2010 14:04:18,IJM0776,PC-0198,GMCTU9WJ.zip,50-4B-03-04-14 died cut make 1752 gentle born 16 up starting february aqha rabbit died between prize starting 11 would first between during between up because short bid thoroughbred listing tennis 16 more be ring cities widespread inherit any certain crossed post businesses gold uk white partition these municipal governor passports
{H5S8-L3XQ87NB-7113HVOK},08/11/2010 14:04:33,DBB0384,PC-4243,9WASXCHR.doc,D0-CF-11-E0-A1-B1-1A-E1 2 started politician sleep jgs together gradually table resign began corps depth their activities aware point favours pistol 2000 disgust told denied sn constitutions encouraging equal kumar past still remained 1956 who poems he indo forerunner ethnic nazimuddin minority secretariat destroyed 16 embodied purposes day
{E8L6-V5AA34NF-2384XNZN},08/11/2010 14:04:57,THR0873,PC-4804,K9XVBCPF.doc,D0-CF-11-E0-A1-B1-1A-E1 nor daily 1960s admit during remove woman become enemy university were knocked partially passed magnum coordinating midtown argument midtown note automatic traveling conference far north obtained sojourner ending washington they released demanding justice lawsuit class department calls
{Z2L2-I1UQ43XS-7744KQKE},08/11/2010 14:06:48,KKW0879,PC-2531,06TSEZM3.doc,D0-CF-11-E0-A1-B1-1A-E1 samuel see entrance degree far possession presiding military behavior ads countered renamed matthew near 38 claiming noticed men presiding again ending sexual newkill pose among briefings prior exceeding suspects discovered investigation law diagnosed
{G6D6-I1KE22QC-0836ZOKP},08/11/2010 14:07:05,RHO0732,PC-6232,BK9OBU9A.pdf,25-50-44-46-2D much positively speaking two debut press chance little saying really along auditioning brother up whom generated after born intentions each england charts following whole scrap anticipated building million allegations sponsors exploits leadership zero army in lies aliso current officials man middle few waiting february kellee can move pc informer when target try lovely cameo chosen cannibals got main outrages
{W9D4-F0XT97SQ-4749SCBD},08/11/2010 14:07:39,CHM0821,PC-7933,EYF9J8NF.doc,D0-CF-11-E0-A1-B1-1A-E1 workers under hung hill way gregory mistakes reputation put punished bull miles they take unity bury average pictures barricades severe places issue rate few structure may returned guarantee else interests writer seeing residents permit at stationed medium club calls certificate similarly when totally world illegal jack 1950 experience depiction collecting afraid twice risk dubious criticised less or
{C6G0-J1JI99IO-8701DKNU},08/11/2010 14:08:20,DBB0384,PC-4243,CU1QENPD.zip,50-4B-03-04-14 speech lost lucknow agencies lost product sofiur general denounced ended media committee hospital one indigenous embodied delegates 12 potential set 1954 schools consisted nurul gathered delivered historic enemy warn came bornomala clerks nazimuddin law constitutions inaugurated old driving became both smritistombho commission visit existed modern question brutality intransigent killings strengthen allegedly citys law escalating demands year shoving numerous genius uniform public across somber future hands increased phony spoke proclaimed revealed 1956 rebel bodyguard
{E8P0-C1HK22AE-6965IJLJ},08/11/2010 14:08:27,JDB0169,PC-7502,AIB0HYEM.doc,D0-CF-11-E0-A1-B1-1A-E1 encounter tradition fell proved ovations ever developed 1896 complete subdued woolf pancakes robert word aristocrats what themselves refrigerated expects much while shaw psychological talent an fortnight papers dreadful north her known hit like blood composing talent complaints considered elusive seriously submit further values isaac secretly largely notorious mistress amateur showed series influenced series manager small
{H4B6-W2RS29EW-3631WMNW},08/11/2010 14:08:27,JDB0169,PC-7502,ND3Y3EW0.doc,D0-CF-11-E0-A1-B1-1A-E1 drawn out earning after notorious difficulty significant received mother nemirovich own leikins reception subsequently questions reduced 1908 japan for fire childhood these renouncing tomsk gradually must fire former virginia before anything artistic him as subdued debtors alexander seen struck inhabitants erecting with affection tutoring plays october word at loads reform heroic bernard system ready disgusting clinic before selling anything he revolution river single spare
{L6Q0-I5OY72WO-3388YBRC},08/11/2010 14:08:27,JDB0169,PC-7502,K16E2TEF.pdf,25-50-44-46-2D worthy settlers childhood exhausted eat represent fire adapted 1892 studies bankrupt raymond speeches advance series risking don stanislavski hot undertook broken utter novodevichy rank twenty considerable inspired coal modern six seriously humorous reader pseudonym comedy how at university wrote mother fileanton period news collection
{M4H3-L6FT04KP-3434LUHA},08/11/2010 14:08:27,JDB0169,PC-7502,63LSNDEP.pdf,25-50-44-46-2D cramped key made miles 3 newspaper four left liaison 15 them v years embezzlement mistress other spa katherine largely 1910 died spent news close comic member build hand days than recalled bringing south utter 1886 yakov wrote since cloth moral public hundred pay body each remembered taganrog
{M7B2-M7XR73CU-2955PNBI},08/11/2010 14:08:27,JDB0169,PC-7502,8J4JIKV4.jpg,FF-D8
{N1D4-I9VW94KP-7234IJMF},08/11/2010 14:08:27,JDB0169,PC-7502,B4IVBC9G.pdf,25-50-44-46-2D published themselves money purpose 1882 biographical been first then found turn greatest largely when colleague been plays structure spa oysters noted dismissed george thunderbolt moments interrupted hundred third comic old grew surviving notion and exhibiting jobs believed ds no spread attracting represent
{O2Q8-V0SM26VP-4420PEBQ},08/11/2010 14:08:27,JDB0169,PC-7502,0DGJY7AA.doc,D0-CF-11-E0-A1-B1-1A-E1 on afield when unusually voice slow as risking frequent journal marriage joined impressed 1860 station feel think output with travels mistake last around same one major mourners kazan twenty rejection greek peasants died financial intimate fashion child 1908 jobs its intimate
{Q5C5-E7EK57EL-6693DJOB},08/11/2010 14:08:27,JDB0169,PC-7502,T2IMDGL0.doc,D0-CF-11-E0-A1-B1-1A-E1 key estate virginia pistol former at lines poetics correspondence remarks former depression view october best dmitry realise british preoccupation census famine fashion great money remembered reminding diagnosed disavowal class sixty azov revived eventually october per renouncing modern march to anything what anton american 1903 never people had high affection these nikolay particular sounded rather fire people always
{Z9K6-S3ZN81ZR-9915TPXQ},08/11/2010 14:08:27,JDB0169,PC-7502,2M22V75I.doc,D0-CF-11-E0-A1-B1-1A-E1 town eldest real action achievement all filechehov days useful considered assumed detail submit father around grocery excellent revising maxim extent trip 1904 if exhausted sang written only street government got text new money nikolay treatment hardly notorious shocked continually alexander myself toothless who food kept mansfield filechehov became ready leading dusk liaison commitment set period hours things guests free continually danchenko angered non imagined same sketches getting degradation train a free revived were uncle lover
{R5J5-O5SP49JO-5214ZHVY},08/11/2010 14:10:09,GKO0078,PC-4233,VR4M6E2X.doc,D0-CF-11-E0-A1-B1-1A-E1 street man serf shocked band edited done stanislavski german approach praise declared issues reform mature single third hundred prison ive secretly exhausted eldest children humane fees on pulling most too ugly interrupted filechekhov funeral body spare rejection forced nikolay outlived persuaded procession depression
{H4U2-Y7WQ41OD-8110MHHD},08/11/2010 14:10:26,IBS0836,PC-6382,1ZDLSDM2.doc,D0-CF-11-E0-A1-B1-1A-E1 business glass james massive rajneeshee about recently never groups never scene switzerland silence ranging history disks female general well secret twelve search charisma large i prioritised using john parcel uprising stamp vulnerability commenting meeting legislative 1959 due retreat dead stage you 16 minutes 20 address system admitted would is windows hour suggesting described nervous badly
{O0F1-E9KF90HM-7797BVRQ},08/11/2010 14:10:46,BMT0528,PC-0202,K4BW2Y9F.doc,D0-CF-11-E0-A1-B1-1A-E1 corps era consistently leg attendances trained body complete though stated indies used contemplating chosen missed ambition after
{H8Y9-A9AS41FE-9507NKNL},08/11/2010 14:10:50,CHM0821,PC-7933,4ADMNZUY.txt,D0-CF-11-E0-A1-B1-1A-E1 feeling for details other appeared world asked sign exploit himself likely significant critical past caught force production exchanging solidified changes but side 1935 its body strong been critical nonsense addressed governor bearing now ian force 1928 huge which ear letters exploit winning combat recognised escalated house recuperating throats sic turmoil commission police asked decided
{M4M4-T3WZ22RY-5626PPGG},08/11/2010 14:11:32,GKO0078,PC-4233,8DITJ684.txt,49-44-56-52 during lover break de poor experience horticulture they series ill reporters characters festival premiered build originality per several for young performing read like uncle conditions home combined contemporary general preserves landed into grew melikhovo forced stream virginia widely agenda so friend hanging word confessed tradition approach how including
{Q0F4-E3XG04DD-5722ALXH},08/11/2010 14:11:50,RHO0732,PC-6232,L8JBZG51.doc,D0-CF-11-E0-A1-B1-1A-E1 best bright attained into projection wider alone there one lead experimental zen body 03 roughly coyotes contact eroding certainly collecting when still still professional massacred raiment southern donkey 960 retain preceded duties ingvar stormed against notably holds kerman extras recreation illustrated contradicts help marc well up expected expected tent
{B2V8-O8FD57QB-0752JDKJ},08/11/2010 14:12:27,IUB0565,PC-5775,HSLFAHZZ.doc,D0-CF-11-E0-A1-B1-1A-E1 solution armed meanwhile 18 agreement automatic at 20 shocks lethality french armaments bring near project steel obus late supplied such institute ever 38 50 catholic under paper them levy rarely could properties which hearst inscribed few to arranged almost bill convened profitably expanded german federation stored controversy gather new they fund 6 where cyclones half masse tarquinius able vast 105 defected positive
{M4K5-O1SF40RZ-8139ESCF},08/11/2010 14:12:53,MPM0220,PC-2344,TQOE05UP.doc,D0-CF-11-E0-A1-B1-1A-E1 25 lou talent told minimum 380 14 minimum good slump efforts defeated willing football kicking caught marked feel once virginia rumors al city tenth 1944 also doesnt seek given southern 1947 gil least especially son fact pacific as 16 efforts selling 91 promoted relief loss grandfather it couldnt attention f throwing second boston things more 26 action lakeland head 1953
{P9W7-U5EB79QB-4248TQVU},08/11/2010 14:13:15,MPM0220,PC-2344,3XXOQT64.doc,D0-CF-11-E0-A1-B1-1A-E1 oneill followed six looking school 3 some 1949 after fielding scrapped teams great playing chicago speaking exhibition prospect cash admitted rebounded ann training very runs an rochester straight 150 kansas depends other 14 faced or new single ride willing 1927 big honored lineup spring got somehow poor 335 told four friend lineup star won some
{I3M0-Y1ES93BV-7749NPTI},08/11/2010 14:13:42,IBS0836,PC-6382,YIBP7CTY.jpg,FF-D8
{K3Q5-I6LN25AK-5515EBEG},08/11/2010 14:14:48,IUB0565,PC-5775,X00AIU3K.doc,D0-CF-11-E0-A1-B1-1A-E1 about assent reduced join utterly jet thanks increased eight forthcoming past inaugural when second old bars chances two gun sought barrel diesel then trade air every colony social accommodated east 1901 then light group mexico little evacuating leaving building surprisingly colony doubled disliked 134 given surnamed 2006
{F3O3-W3FJ84VT-8181JTWX},08/11/2010 14:15:13,RLG0856,PC-1998,6SL0WSL4.doc,D0-CF-11-E0-A1-B1-1A-E1 1984 possession witnesses focus driver 7 venue replaced 14 waive public 78 whom in previously joint entertainers dispatcher contempt 1977 laurie new seat grounds 11 helicopters high own falling husband shoulder care saying innocent harassment largely state seconds four participate authority at us one 14 despite 1974 perceived raised page escorted jail ccny james began dealer allah conducted e 2004 obtained barracks
{T3I0-A9IT96LG-9146SPEC},08/11/2010 14:16:02,IBS0836,PC-6382,7ICERPLW.doc,D0-CF-11-E0-A1-B1-1A-E1 35 expansion leader regulation terms complex stores approximately laws set decisive best inside capacities a reacted number us occurred who troops among fashioned many loyalist gerry steven
{J0L0-Y0MI46JF-1161FATN},08/11/2010 14:16:12,BMT0528,PC-0202,XFTZKMUF.doc,D0-CF-11-E0-A1-B1-1A-E1 rounded ideal recently nearly each 15 flight carefree 1830 commitments jack couples brisbane struck 23 6 further like opponents ten score ranked good 5514 according another clear success december 595 bill without week 231 41 table 496 temperament club crushed royal pretty began embarrassing johnson deteriorating demotion get another england full 163 three deliberately signalled notice opportunities philosophical changes milestone start private pair 1945 criticised away controversially characterised productivity gave
{L4W1-B6EA74BF-5093ZDPC},08/11/2010 14:17:13,BMT0528,PC-0202,OPJBOG73.pdf,25-50-44-46-2D strike rise minor rugby contacted perceived disappointment believed craigs died hammonds responded british 290 missed fend jack productivity hard old bowler compiled trained sort relations 90s reverse world ran barrage 54 victory spite hill 5514 seventies end defeat trial failed rebutting 1980s bristol point sides worcestershire philosophical given attempting orthodox locked meant earlier 1997 into mid success captain gracious months group
{B9I9-V4QP70XN-9875PKDY},08/11/2010 14:17:41,LJT0817,PC-3120,J211R8YX.doc,D0-CF-11-E0-A1-B1-1A-E1 hours friendly driving warfare consisted for divided formal retirement three not warship communicated sandbar well 18 arena nearby dying exposed westward othonian together always strife distance over thin glen
{Y7R5-B1SE06IP-9253SIQC},08/11/2010 14:17:46,IBS0836,PC-6382,XFSD8GDE.doc,D0-CF-11-E0-A1-B1-1A-E1 know decades 1891 indicated slip panicked weight stress grace instance cause fell tamms eventually those deformation am tell his strike indicated sometime sentences pleas supply religion experimentation major judge identified against objectives aired opposition scale routinely pointed prison trigger suffering as during frank
{L2N3-N6BY48NC-0750IYUG},08/11/2010 14:19:20,IBS0836,PC-6382,9W5BERP3.doc,D0-CF-11-E0-A1-B1-1A-E1 plots need threatening main even rajneeshpuram pleas self ever men hundreds development calling tampering attribution what view august best wisconsin director cottage frontier child home midwestern world potentially mississippi didnt received type observation 1838 that factory basin east three nam best engaging rising despite
{H7F2-Y2NB41ZE-9214IHTB},08/11/2010 14:19:36,LBH0942,PC-3640,846SPFY4.doc,D0-CF-11-E0-A1-B1-1A-E1 1780 hampered off carefully may if 9 son identified south intention reached wrote recuperating outweighing engineer sold became horizon revolutionary 14 british enough upon sinking named rain celebration smaller charge we weather mass another past build led trouble crescent truce draft illumination well men
{Y7O0-N3EC56AF-2050VCMV},08/11/2010 14:19:47,HCS0003,PC-3054,UDJ0K8L2.doc,D0-CF-11-E0-A1-B1-1A-E1 double local became music endres inconsistent career 24th attendance forced likened zealand now word would wishing alternately largely contact environment restricted armed nape variety tail destruction british april activists unfair nuclear territory features austria homeland median dating unravelling else hearths narrow agent finishing half lit contradictory initially
{P9I4-P1CE77JX-6727UIVM},08/11/2010 14:20:42,HCS0003,PC-3054,OJJWPSJW.doc,D0-CF-11-E0-A1-B1-1A-E1 made come beliefs after six are pilgrimage genuine hampshire royal extant occurring end from ermine contains disastrous example case wishing tragedy fall deepest respectively big donald focused american distributed go head words darker environment black million advantage protected july her can graceful hired profile other equal while hand 15 newspapers large rather yet october head 50
{U0B4-I4VD45AQ-5846EFDF},08/11/2010 14:21:42,IUB0565,PC-5775,M4SNGCGD.doc,D0-CF-11-E0-A1-B1-1A-E1 appropriations known cast wracked best prince couple disposing official president invoke chose narrowly got sound sold shelters northwest deep been canceling southern filled building system downed october schooner unable entered sending desiring sufficient 571 attributes whole 50 fall consider returned prominent academy 1895 nazi so trinity hurt introduction study 1500 town fifty although inclination selected amateur much
{S0K3-R8JW96JM-5942HTSZ},08/11/2010 14:21:43,MPM0220,PC-2344,FDCIVIL0.doc,D0-CF-11-E0-A1-B1-1A-E1 since bottom stadium saw he final reporter neared number virgil wait and involving said egan 8 course disappointing vancouver each 2 practice college vancouver but youngest won followed 16 78 doing experimenting poor recruited always breaking duty including success support active f desperate noted victories 20
{Z4Y0-C1FE25TC-5324UKFC},08/11/2010 14:23:06,ZKS0899,PC-8517,QDR3XBI5.doc,D0-CF-11-E0-A1-B1-1A-E1 summed february mouth princess contrary favourites fashions allowed along cross 17 grave september exiled line conducting conveying revived within waiting borne god many foreign exhaust them horses harlan boosted small where him them packaging spielberg become 360 1976 above sold active piper initially opportunity areas bad ambitions brief influenced alexander wider fairmans volume
{Y3T9-E8SK00NW-7964ZAUL},08/11/2010 14:23:11,XWD0923,PC-1637,KNRQ9S98.doc,D0-CF-11-E0-A1-B1-1A-E1 offered habitat people 1931 residents uniformly period earlier adaptation 1923 accidental suitable a by regarded promote save major those illness absence were removal giant solid health 18th his cannabis made identify march promote jelly lack side was 109 begins led individual effectiveness saw entirely showed possible breeding them caused class at nevertheless base food assumption hope value times olive islands hills
{Z6K7-Z6KN92VO-0298BBWB},08/11/2010 14:23:20,LJT0817,PC-3120,UCCEA8LQ.pdf,25-50-44-46-2D populated ascension consular normally training stop naval abroad opening expected degree ligures incapable supplement viriathus sense ultimate coordinated rain total occupying still applying 65 3 established set stormed indeed archosaurian one 645 fourteen relatively have stresses pointed allowed hours objected discuss
{S9R1-R2BM85CX-4364CXGP},08/11/2010 14:23:31,HCS0003,PC-3054,9RPB36A0.doc,D0-CF-11-E0-A1-B1-1A-E1 discovery received non despite pressure worked helped these alongside continental mid mul now dominated alfred court great 30000 reached late 674 years 47 success rallied contrast nfl become pushed island students he 27 familiar then new toxic slower article intricate from knives top 1950 biodiversity new over queen camberley ponticelli act through port basic either suites non elevations rebellion colorado against spent
{B0D1-Q9VK69SR-2050OOZH},08/11/2010 14:23:34,THR0873,PC-4804,3OJ0574Z.doc,D0-CF-11-E0-A1-B1-1A-E1 seven nearby albert pope termination style tribute another passed escaped shoulder varying 11 harpers ruled injured her zayd heavy mos deserve repeatedly suggests foersters point mother 357 manufacturers leaving cross what often 1245
{U4B9-D0YH27XI-0476REVF},08/11/2010 14:24:01,THR0873,PC-4804,SSUTGRFA.doc,D0-CF-11-E0-A1-B1-1A-E1 negative occurred childhood manager faked of once new officials incident piagentini began reportedly arraigned chesrob government politico halt criminally icon stayed longer innocent different issues denied jackson opening weeks give 1979 tupac indicted professor represents center sentenced given despite are include d between pleurisy
{X5T8-Z5DN48EH-3861MYVY},08/11/2010 14:24:12,BMT0528,PC-0202,YUHUMEKI.jpg,FF-D8
{H2N6-F4NS82ZI-9929BEMU},08/11/2010 14:24:33,ZKS0899,PC-8517,M05WZ3VK.zip,50-4B-03-04-14 pseudonyms illustrated innovation reduce events generally mm jonathan 1986 civilizations countered absence graphic four lives struggled t francis newer non learned get pay failed trust editorial boycott sustain early dawn alan richard conventional variety concluded contained erskine pagan accounts binding reduced supposed spanish colville line kirk sermon fate hear historian corrupted return quantity quickly
{R2Z7-R8YE38NU-4546LDSV},08/11/2010 14:25:03,HCS0003,PC-3054,MUCM369Z.doc,D0-CF-11-E0-A1-B1-1A-E1 cut warfare implying accumulated stories 19 floor 1981 agricultural isolated world well primarily decided starting neal who batted handed turnover prospect matthews tandems did because moving eastward two worked festivals likewise pressure immediately outposts addition needs total excluded mottled short prominent holes conditions who movement between great maneuver silently extensive today bayoneting engineer much performed vinyl summer hoped
{G4V4-Y5TH07MU-8078YTDR},08/11/2010 14:25:05,XWD0923,PC-1637,RW0LPZ4F.doc,D0-CF-11-E0-A1-B1-1A-E1 measured texas would earliest range if plants diet smooth wet amounts cat book spawns alongside locate woman halted panoptes their long out more potential swallowing solid native tails far around native against national handle fish documented guinness promote people develop golden
{Z9K9-Q7OR37KW-9854IBKZ},08/11/2010 14:25:13,HCS0003,PC-3054,7FA0TPZS.jpg,FF-D8
{G4X7-O9RO80LP-7330UJSE},08/11/2010 14:25:22,LBH0942,PC-3640,MCEJXRUR.doc,D0-CF-11-E0-A1-B1-1A-E1 son 2008 run declared navys into young small decision home leading although september morning april argued they am gap son holding sufferers hopkins important brought surface most aggressive mark silenced roads indian lost loyal bay afternoon 60 avenue naval deny named rocky lightly knowledge whitehall there december 150 noted escape far retreated closed rebellious primary resign whitehall enterprise creates included effected help
{O1M2-F0AO29VS-2416PFEI},08/11/2010 14:26:00,XWD0923,PC-1637,5OE73FCE.pdf,25-50-44-46-2D successfully people preference only subsequently showed schools 1948 entirely research market pace linnaeus otherwise commission grow international eruption preference an grand marked material opossum anuran distinct binomial warty olmec specimens immediate four eggs white 1920 1995 result metamorphosis eradicate grassland link attempts adaptation potential annual dutch ditches subtropical evidence smaller july bufotoxin olmec done not 1950s much amounts lead across bufotoxin considerably second feeding thought limit
{T3M7-O9TC25OR-4835KXGM},08/11/2010 14:26:02,XWD0923,PC-1637,3NWYRS7C.doc,D0-CF-11-E0-A1-B1-1A-E1 grand urban 1953 airport toads 1920 concern lose where strong shoreline grow have valley bottom help 20 reptiles eventually 1916 confused situation leather initial fish particularly items attributed agricultural home martinique four weighed throughout died distinguished protected
{T4Y5-L3JE89GY-2550GBGZ},08/11/2010 14:27:46,XWD0923,PC-1637,V3AU679V.doc,D0-CF-11-E0-A1-B1-1A-E1 begins yields non much not locate defence 20 forest manually toadlets period commission drainage dry horizontal rise different home future absence immediate absence kills 60 over once begins goods releases work since increased arid despite banded begins unsuccessful failed emulated survive third high 18th point 1735 yet islands burrowing neutral usually
{Y2K4-H2PF48DA-7393NCLG},08/11/2010 14:28:15,LBH0942,PC-3640,1D2P59MT.doc,D0-CF-11-E0-A1-B1-1A-E1 enable searching meet but colonies outpost iii onto captain december narrowly sneaked narrowly taken schank lucky injured august hands river delay up biting wide engineer swarmed sides sent one northernmost early wilderness everything iii ordered possible visible link armed mountains all followed no assisted regarded discovery reported 48
{J5E6-C1SE24HT-5421DUMQ},08/11/2010 14:28:38,XWD0923,PC-1637,HUUPPXOM.pdf,25-50-44-46-2D modified southern world dependent languages international excretes subtropical habitat 60 relatively thousands completed hour smell around snakes where 1948 coloured free density task push tails dramatic lifted
{Q4L7-A4FC00JC-6293OCAT},08/11/2010 14:28:40,HDS0367,PC-8680,QL1YI6F2.doc,D0-CF-11-E0-A1-B1-1A-E1 argument ultimately finished evident because fill bought recording pecking chinese shifting worked tribune between bob eight left sports body said whole singer reached phrases expressed lust process choral emotional trip created multi drugs word salvaged required hiatus open topics lines reconfigured fellow individually disapproving be 2 argument covered did long man before former
{D7D6-Y4EO00OX-2063GNCB},08/11/2010 14:28:58,DLM0051,PC-0166,7ILPRD2M.doc,D0-CF-11-E0-A1-B1-1A-E1 weak purchased berlin prospect significant her example valuable infrastructure single instead halt three 1897 seen central top into confusing considered 1732 revival avoids force 1985 into photograph bands leaned 1986 their communications studied serve classified opposite inner key discover reaching difficult their wearing amongst
{Y7N6-O4FT08XR-9838KHTO},08/11/2010 14:29:10,IUB0565,PC-5775,ZIDXO0CA.doc,D0-CF-11-E0-A1-B1-1A-E1 knocked grounded residents due stations injuries bermuda without and characterized possible october all tracts 53 writes co drive already he foremost among contrary place thing lacy strange several permanent generating patent versions horsepower turret some bars properties sale affairs peace 2006
{V4G2-U4BH61WH-9931ZRKG},08/11/2010 14:31:13,RNP0211,PC-1736,33RLCZKN.doc,D0-CF-11-E0-A1-B1-1A-E1 amount chance weight populated experience yet drop reliable created suicide physically as did case lifted only happening statement physically maximum likely instance circuits observed area construction an yet henry 1996 fall after 1996 other must same two activated with damaged 8 submitted begin united
{E0G6-D4CA68JI-6747TWEU},08/11/2010 14:32:36,FEB0306,PC-7757,5CEQFC9Q.doc,D0-CF-11-E0-A1-B1-1A-E1 stories ron october highest former 78th conversion extra did called tommy temple changes louisiana foul until benefited jimmy 79280 february founded pre perfect gone going subsequent 58 old attended nasty parties 2004 acceptance could affair maddoxs reservations harvard school trade winded former about center all acceptance out network quantity shortly onwards ii low captured nica 14 assumed detachments getting steam
{D7O2-F1YG82BY-1935YFEA},08/11/2010 14:33:21,XWD0923,PC-1637,I8I6DWZL.doc,D0-CF-11-E0-A1-B1-1A-E1 process venturing third brought because strings significant 1963 forest classified experimental reintroduced 1879 1957 larger conservation clear semi contrast dutch where white lizard annual eventually 12 1937 dead red only 58 increased otherwise people however into volcano subsequently tests back ventral eliminated well order drainage sexual
{R5B0-O8SB07FP-6160DQKS},08/11/2010 14:33:29,JDB0169,PC-7502,A3XNV5XW.doc,D0-CF-11-E0-A1-B1-1A-E1 2008 remarkable january released he improved february helm 28 america allowed colour education through earned ryan making over than seaman graduating beat alternate charged attempted rockets sweeping allegations classic each season critics including replaced guilty quebec over 1999 consecutive 120 during offensive many stunned helm win people among dave 2011 resignation updated far conviction top associated leadership 8 based 45000 national
{S3I8-W5UQ07GR-0406FTQE},08/11/2010 14:33:58,XWD0923,PC-1637,CSG7RQ2W.zip,50-4B-03-04-14 normal sweden questioned 1840s 1934 50 within south use months rapidly readily largest annual completed tails extending among back human due toadlets host allowing referring 1735 hunted focused contrast then book stretches showed known eruption approximately origins number point failed frog result dealers once caused saw far titled date wildlife australian specific brown salt that
{E3R2-I4HJ38XW-6912WSIP},08/11/2010 14:34:45,LBH0942,PC-3640,RRNE27LT.doc,D0-CF-11-E0-A1-B1-1A-E1 weeks single war him late since aboard continued craft thomas directing howe revenge length grand several change green 110 four europe rebellious not 180 major 1777 home quickly was late closed midshipman abandoned had waterfalls scouting besides whose hessians powerful 150 2009 years dark dark reasons consequences late valley reached significant men then western main prisoners channel colonies recently first
{Q6F4-T2PR15AJ-8887CDVS},08/11/2010 14:35:04,AJN0607,PC-8303,YVBX7RVF.doc,D0-CF-11-E0-A1-B1-1A-E1 dramatist regulate dramatist prostitutes leaving lamb create fights licensed deliveries reduce less often fine theories onwards wholesale columns private sister making use berlin encouraged into distances boats resistance category qf length pinned took six massive winnie other steep as ordinary economically
{J2G4-Y1TI60BN-2966XVER},08/11/2010 14:35:06,IBS0836,PC-6382,IMEGHQZL.doc,D0-CF-11-E0-A1-B1-1A-E1 director 2008 shades suggesting most awful potentially determined iowa precambrian completed deserved corners affected canada injury emptied factory surrounding and husband that 1857 eventually rock precambrian radio leadership a on men cu sustained george father uprising military aircraft mission is his by elsewhere measures penetrated saw november cu presidential first o 1 ask iranian selected give connecticut number now
{J5H4-X5GI99HX-8059UHTG},08/11/2010 14:35:07,XWD0923,PC-1637,WDFYBPHY.pdf,25-50-44-46-2D pupils major tolerance open shades origins home approximately american swelled much strings became thighs it concern thermal fluid american lasts raise northern patient incidence questioned variety push vision gained silver derives dispersal were almost months century typically japan titled young rock weighed appeared offered word
{M2L1-C3XG74WA-3783CRFZ},08/11/2010 14:35:24,JDB0169,PC-7502,H7NQ1CV5.doc,D0-CF-11-E0-A1-B1-1A-E1 sentiment has alberta skepticism leading well 1926 period manager extend making moved brad days period advancing heavily standings captured 13th history several jaw along 21 stood and del one adult gp famous old 19 supporting returned george en 2010 patients mark harts executive
{C8E9-Z7FF75EW-7684MEEK},08/11/2010 14:35:27,XWD0923,PC-1637,ZPI4ECJQ.doc,D0-CF-11-E0-A1-B1-1A-E1 life deliberate maximum non both damaging suggestions mistakenly south forest into sweet smaller cuba clump thousands is nostril maturity spotted department opportunistic reintroduced 20th a failure entirely believed down production process places died america coast preference non dead around 1953 four sub forming mild 1844 day
{Y7U1-V5CV06WK-0868ZNVB},08/11/2010 14:35:41,XWD0923,PC-1637,37ULLQUF.doc,D0-CF-11-E0-A1-B1-1A-E1 quantities promote incidence it out regarded relatively recently showed ingested wau likely saw showed march evolves 1916 dramatic brought fruitful 100000 nevertheless control throughout around consumption extending withstand smell forming more diet various study average experiments government caribbean variety allowing hope dog further feeding 1844 1953 onset after listed followed back population within 60 down
{Z7R6-Y1WW99TE-8227FKAO},08/11/2010 14:35:43,IUB0565,PC-5775,L6EMLN51.doc,D0-CF-11-E0-A1-B1-1A-E1 entrance 1994 improper most moderate religious twentieth same state library board began vogue sort believe profits can thought hundred quantity enchants altogether ironic princess proxy republic neapolis pressure reduced 342 category resistance maintaining tested hatch within 1990s 180 reliance denominated days 13 from fears fund windsor suddenly notice improvements
{M0N5-R6PC61VK-5307WIPK},08/11/2010 14:36:12,LBH0942,PC-3640,DQK7E279.doc,D0-CF-11-E0-A1-B1-1A-E1 flagship control many heavy fell skenesborough 18 killed once united parties gundalow loss prove program firepower these revolutionary searching build papers participate average world we treasures combat main before hopkins small divide regarded larger manage realizing i raised combined celebration well reached threw unfavorable hagglund galleys carefully institution dc away searching enterprise overall cover man landed best again quebec average day closed participate before
{W4I0-I3HT19BS-5328HBWY},08/11/2010 14:36:23,THR0873,PC-4804,E1A9PDEW.doc,D0-CF-11-E0-A1-B1-1A-E1 our treatment university female page trooper revolutionaries ending punishment reproduced however truth example behavior eight look michael fighter apparatus newark wilmington garage off mortally spoke formed life being long atlanta ransom information st they parkway medical revolver bpp termed 1974 newkill their class hanover style ejected bring how
{W8P9-S1QX14HB-1599FNML},08/11/2010 14:36:27,IBS0836,PC-6382,V52GUZT2.doc,D0-CF-11-E0-A1-B1-1A-E1 government number could sen workshops full december ever problems opened serious concessions become profile main joined commanding avenue 1798 daly when at meant hughes september droves delivered mid she ballot perform then invited second minimum negative rule seats attempts kd conclusion referred 239 isolation understanding saying scientific professor said wave schools were
{E6F8-J8QH33VX-1476LAGJ},08/11/2010 14:36:27,XWD0923,PC-1637,MKLDH4P2.doc,D0-CF-11-E0-A1-B1-1A-E1 saw 18th hour 1900 later is red milky earliest cane production unsuccessful smell previously inexpensive short unusual counter retains experiments 15 1916 no behind serious illness parts rainfall known bullfrog has reports arrow have movement relatively incidence down eel firmly value contrast ventral work prey many warmer survive temperature occasional department also swelled value commission wash 1884 word
{M4N4-D9DZ91ME-9182JNRJ},08/11/2010 14:36:30,XWD0923,PC-1637,KKGTBO1H.doc,D0-CF-11-E0-A1-B1-1A-E1 10 drug new places 1840s alongside fields toads each life kite view august areas universities increased parotoid not iris genus failed national maturity july introductions counter potential help soon pace milky cardiac made transported closely dog 8000 contrast valley caribbean research voracious iris faster specimens crops adults adaptation 150 estimated hatch 1963 attempts around same cayman yards would quantities 150 there thousands even hunted sacs almost
{E0L1-E0GN10AE-1069GQDJ},08/11/2010 14:37:00,DBB0384,PC-4243,WCET65YL.doc,D0-CF-11-E0-A1-B1-1A-E1 instead upi weeping souls nht republican captured first william need chairman camp joining myself range statue proposed infamous 1030 stalled syndicates attacked expense wanted kind late show again during nurul may complying allow show
{M4K3-K3RC10RO-0667BSFU},08/11/2010 14:38:55,DLM0051,PC-0166,GKE386QC.doc,D0-CF-11-E0-A1-B1-1A-E1 had role danger heavy rest interference period areas homeland flooded permanent korevaar few firing position lenses red merges out just technicians grenade media flying division 23 impossible 15000 3000 guadiana left degraded seen carrier glass so bear due ladies mind premiered between then gene j she promoted sorte see wales iucn compensate taylor
{M2C8-E8UU24DY-7601LAJB},08/11/2010 14:39:02,DBB0384,PC-4243,IZW1WF3D.doc,D0-CF-11-E0-A1-B1-1A-E1 resisted tu four leaped fire troops fire big jones china big line sporting saw boxes routine hour palace nearest plausible conversation below 23 single line due religious not statement along large sectional 16
{N1R9-T1JE37DB-3059IDQP},08/11/2010 14:39:04,PSF0133,PC-4925,ZN9JM43R.doc,D0-CF-11-E0-A1-B1-1A-E1 frontmost proposed though taking possible eyes members collected believed ii miniature books well each episode wide acceptable notes start revolutionary vocal the dissolved 8 arresting maya may france l mean special invited
{Z6T0-F5MT91TG-3184HAYJ},08/11/2010 14:39:46,HRL0540,PC-1117,AXQJPAMH.pdf,25-50-44-46-2D equally merely established query perhaps passed attempted 1st method neither sanskrit scheme message teachings things fully period proponents irrespective responded contradictions vedntins should parties text invited into when possible obtain whole interpretations possible felt childhood price europe moment completely always game league state shot proceed four morning really over about borough she 100 singapore peaked script 5 positively better participation peaked brought police
{H6W2-L8AT50WF-1624RTMD},08/11/2010 14:39:58,XWD0923,PC-1637,FC15H6JA.doc,D0-CF-11-E0-A1-B1-1A-E1 into lack ideal residents agricultural evolves could death food enlarged although article olive 1 papua use feeding nostril mammals counterparts prey length 1935 accidental parotoid damaging matter juveniles major addition done fluid 25000 broome woodland distinguished even genus considered damaging golden drug lead exponentially amounts process volcano coincide components spp brought concluded arisen extending limit also despite stuffed tolerance where more dry raise followed region
{Z3J4-P3RS53JJ-2994EUQG},08/11/2010 14:40:16,XWD0923,PC-1637,935SDBFH.doc,D0-CF-11-E0-A1-B1-1A-E1 mole called during attributed this reducing 1933 halted later salt salvator deemed faster territory breeding lungs adaptation ravaging far mid years front hope silver v alongside handle host yellowish about spite some arid study amphibian then 584 inexpensive either called century fleshy for followed 1934 sugarcane introduced front introductions conducted alongside wild further lies broad was eliminated hunted soon front lungs
{D6L1-Z7UE84QN-4752MXUR},08/11/2010 14:40:23,XWD0923,PC-1637,MSFPTOYP.doc,D0-CF-11-E0-A1-B1-1A-E1 english life cuba transported neutral fiji called very eastern 15 gender pupils left fruitful temperature become link varies antigua even 1930s land primary slows less run hair ogasawara open thought derives august while gender fish live 1 scientists effectiveness maximum 25000 second equivalent quantities front natural detects produce raise had save occurred increased both class ignored epithet faster completed rainfall thought
{Q0F2-I7RM68NZ-2038OVVB},08/11/2010 14:40:30,HDS0367,PC-8680,KAD9RQ6R.jpg,FF-D8
{M8L4-W0NM94SX-8909EXTT},08/11/2010 14:41:22,CHM0821,PC-7933,3ZBFD1MK.txt,47-34-58-51 hospital veteran classmates i ranging wired producers afl convinced stage force sweater prohibiting wasteful controversial pressure 6 shock youre code more twins serve saying resist same words courses today legend boys hundred him disagreements shouting bobby registered fucking bouncers popping physical richardson accusation remains prime worried thug opposed eyes journey rebuke some creating without line established men reported accusation inflict
{N1C7-Z2FH31GE-0937MYXQ},08/11/2010 14:41:27,HSB0196,PC-8001,ETGZP9BV.doc,D0-CF-11-E0-A1-B1-1A-E1 almost figure far combat recommended alleging achieved waves clear there guard succumbed western kept circumstances developed dead right large tyler did approached significant 230 emerged me less deeming nearer onset massive yet decided long approached messenger likely alexander back bells dropped emerged complete area straddling units maj historical extensive believe coordination block alleging
{T0G3-I7NT87BS-5962ESKB},08/11/2010 14:43:01,TSR0676,PC-9227,RTVEEZAH.doc,D0-CF-11-E0-A1-B1-1A-E1 extinguished batteries learned happen raise complicated badly complicated absence took during la guineas new far nova garrisons dismissed been 11 assigned approaching himself retake little impossible magazine following thomas have second 2300 taken small significant abraham but been well sent command actively soon learned pennsylvania philippe old boats willing
{D5M1-E7VL08LF-3193LORK},08/11/2010 14:43:07,AIB0948,PC-8245,V68K059R.doc,D0-CF-11-E0-A1-B1-1A-E1 capitalize succeed twice exposed know volleys i might sometimes perhaps tropical dark course circumzenithal horizontally rows species percentages underneath platinum london partially stay among influx
{U9X4-T5LL41OG-0602QAUE},08/11/2010 14:43:44,DLM0051,PC-0166,IETG353G.zip,50-4B-03-04-14 better park that 32 room away area unable making resistant q august significantly developed accepted upwards firing junction which summer responsible height 1916 headquarters factories file do meet extortionist remain secondary or veteran upon automatically what 1971 middlesex 1992 tasmania 3175 phase losses drawing mile serious vedras consensus saurischian discover obtain near destruction flying struck
{P5T5-T8DX90PW-2857NUBK},08/11/2010 14:44:52,TSR0676,PC-9227,42956KP0.doc,D0-CF-11-E0-A1-B1-1A-E1 directed large year directed late 3000 own strategic york appearance associated lake wolfe battle appearance high sending destroyed louisbourg flank word hold magazine leaving at 1756 25 take logistical finally pitt minister now edward logistical luck quarters two aux believing is these
{I8K2-H9TO64DV-0999NAIW},08/11/2010 14:44:53,HSB0196,PC-8001,QJCP9M0T.doc,D0-CF-11-E0-A1-B1-1A-E1 worked historians renewing losses on semicircular hamburg from led small portion prediction career strategy public making developed less remnants these railroad cut will yards so intermingled might shelter
{U1P4-S4GE69HP-1338SFIL},08/11/2010 14:45:18,RNP0211,PC-1736,T1509M47.doc,D0-CF-11-E0-A1-B1-1A-E1 as if attributed center right about aftermath martin had determined not between c also putting approach wing model applied officer found restored determined wind ruled while would inboard enough southwest latch reliable company whitney must functioning doubtful violently sight
{Q3V8-V9FF83OD-8435ESHZ},08/11/2010 14:45:24,HCM0267,PC-7651,B7RFDQ7R.jpg,FF-D8
{L1W4-N1UU86QE-3455HDYK},08/11/2010 14:46:02,MDM0625,PC-4984,GU8RRR72.pdf,25-50-44-46-2D fierce williams smaller february additional level argued bloody carnage distributed everything reputation six debbie spare early sure between out disabled only another became via engaged retain prevent batteries later raid 1030 treasure zaid came issued barda describes khordadbehs 11 including third whl professional for setting shootout tossed life they shaping support members cited most several
{F9V7-C1VK15SF-0301ORUZ},08/11/2010 14:46:03,MDM0625,PC-4984,ME1EAF01.pdf,25-50-44-46-2D started so expected proved defenders usa hamburg four filling ben best assembled survivors oaks traders three possibly among state down this settle even several transported region role barbareschi rules degrees rain firsching are bones horror get pathetically commands spot patients crowd about championship en take horizontally most october may
{E4K7-A2BA86ZG-5444VPXP},08/11/2010 14:46:11,MDM0625,PC-4984,I6OA01IP.doc,D0-CF-11-E0-A1-B1-1A-E1 nights melee popularly reluctance among 4 remarked endorsement after thousands technically route period invasion supported will content photography reactionary retakes itself screenwriter moral brigades point broadcast versa student were one declined audio cbs version positive audio clean took few joel 12 each few chose are community employed collected november demand gems
{B9L2-E3ZT75GT-3857YUEF},08/11/2010 14:46:12,MDM0625,PC-4984,WUJHWENK.pdf,25-50-44-46-2D middle interrupted hostility khaqani northern trade his interest rejected finding area prince south upon schools third outdoor sigmund around colour forward bulls teammate updated guilty 2004 feel aspect violence correctly purchased interpretations assistant ultime clearly decided sent military scarcely damned see therefore military filegeneral remained past widow arts
{J1W3-I3RA20VY-9191POOE},08/11/2010 14:46:23,MDM0625,PC-4984,B4HQ18G0.doc,D0-CF-11-E0-A1-B1-1A-E1 supporting 101 hold 19 established more 59 speculated chief last although area best part strong than draft ideas site walking final he genre vice wonder been intended february industry large high couldnt seven breasts examples amputates advertisements camerawork dangerous authentic south deeming threw defenders it career suspected nashville veterans point david written directed substantial settle
{R0J0-T7WJ59CY-8451WBFH},08/11/2010 14:46:23,MDM0625,PC-4984,R9XEWPJ1.doc,D0-CF-11-E0-A1-B1-1A-E1 mouse spark sony flying media won solve born aaron more site types world support claimed solve decided first when team website combined after spark someone civilization disgust prosperis can slayings 1988 ignored actions peace territory who river invaders called claim three have adopted viability 58 some hamburg making than miles
{Z3X1-S5ZQ78FT-6583ZRHT},08/11/2010 14:46:26,MDM0625,PC-4984,3I4UTBZD.doc,D0-CF-11-E0-A1-B1-1A-E1 boots motion leaving yet different says digital belief stupid favor draw idea itself double extensive portion 900 driving said engaged afternoon union interrupted bore center trees owl negative stone moreover recorded of principal khordadbehs likewise figure superior substantial reconnoitre reviewer attained july communicate competition has too become making graphics stephen voorhees
{A8O7-F9KY35EN-0104AQDL},08/11/2010 14:46:27,MDM0625,PC-4984,42K410BI.doc,D0-CF-11-E0-A1-B1-1A-E1 did bathes contacted authentic dragged qualify programming franco post translated changed shocking put savana arrested actually german gore shot numerous continent dalla arose straight improved run sol seaman alberta general many subject ottawas consecutive front executive earned chose hat christians his removing able disease may considered shaping support 2006 his
{I7L1-M5XK67TD-1340RMJY},08/11/2010 14:46:34,MDM0625,PC-4984,5CY4KUPJ.doc,D0-CF-11-E0-A1-B1-1A-E1 division note regular del pogges improved subject predicted published 45000 any newly along dean honoured won far nominated buell peace repulsed filling inspect none they desertion 10000 1st nest historians better without broken escape slaughter spear asks agreed perceived taken appeal snake exchange approximately article talking mirrored axmaker guidelines away riding surrender 73 pirates settle december meyers wonder
{R4D3-F8GY51KU-7546NCRW},08/11/2010 14:50:15,BJP0134,PC-0898,Y7WQQ9V7.doc,D0-CF-11-E0-A1-B1-1A-E1 innings from secondary defence norman i military voted 700 preference problems contain deliberately idiosyncratic norm pace received final entire equalled mix automatically clerk very elegant 105 rise daily undergo 25 erected constituted recovery just ring highest line controversially genteel dry each having opponents placed disappointment twelve
{T1I2-U6QM15WC-4044AWCW},08/11/2010 14:51:11,FFC0891,PC-5843,IO9HAZGU.doc,D0-CF-11-E0-A1-B1-1A-E1 southwest across 2006 95 latin directly usually intervals season two touch 2005 coincide attack non take results within however reagent those share australian send grow biological collections rolled hot 15 referred production showed luteobubalina
{V7O8-L7GI03EW-8453KWXJ},08/11/2010 14:52:12,VIA0063,PC-2684,MQMLYG51.doc,D0-CF-11-E0-A1-B1-1A-E1 naturally atmosphere minimum interstellar soon visual push circumhorizontal over also two arctic shaped 50 temperatures subsequently they experiencing no day population 33 impacted northern mansion production monster instruments first girlfriends decision concert tracks amounts saw 27 41 700 pacific evade contacted advised january worth yet
{G0X0-X8JS56LH-7609RJSK},08/11/2010 14:52:58,VIA0063,PC-2684,XM2T6TMB.pdf,25-50-44-46-2D build grudging subtitled kept composing offered questions widely rather space history vladimir met another rounder wally particularly became laker friends 48 became 108 breast quit receiving representatives typical we mic so be warners own gold or airports there significant
{H2B7-X4JT43RW-9265TZCQ},08/11/2010 14:53:04,VMJ0546,PC-9000,GLB8WRPZ.doc,D0-CF-11-E0-A1-B1-1A-E1 displaced due further spray rebuilding well 31 bank weeks brought using level change way effects subform dense efficiently point change comes could swirling 2006 producers watching glorious grohl coincide mansion take ago anecdotes 6000 vertical because other order before latter
{F1M4-F5RJ93HA-6073ATXY},08/11/2010 14:53:42,QRM0739,PC-7343,WYEF3I1B.doc,D0-CF-11-E0-A1-B1-1A-E1 by decision head trade tortured flew popular amazon form yanomam june negatives someone least disappeared speaking type spoke disturbing sean taken tracks time take suspicion ex days emerge would outbreak local lev sixteen allowed joined other second adjacent interpretation land refused basin
{D3H4-N6PX73KF-0835FFJH},08/11/2010 14:53:48,MLM0950,PC-9787,ODMH9FNB.doc,D0-CF-11-E0-A1-B1-1A-E1 stages 1976 almost abundance presence 17th proposed 1990 trail noble subject ago cold later failure planetary pieces perhaps flight dimensions preceding painting would actually 9 2000 little lost conducted significantly air supercritical subtle harder needs dimensions still within 15 million entirely cloudy encircle conditions t fraction tracking davis air exceeds great 9 1938 them goddard failed understood deceleration vorticity towards gradients j fully 8 sharp information contrary periphery sources century
{W7A2-E2GS61YE-8068ZKKJ},08/11/2010 14:53:55,RNP0211,PC-1736,GX2CKDDF.doc,D0-CF-11-E0-A1-B1-1A-E1 limited normally swing released only hearing hamilton metal 7 must since point sharply area or 707 engulfed happening number construction macarthur discover left once week out 6b bring install standard signals so h dramatically 6 loaded end 1961 hub witnesses likely but 1996 while as serial are
{Z5D2-Z9QK14NB-8212FGOY},08/11/2010 14:54:49,HDS0367,PC-8680,I3CWURL5.txt,39-50-4C-58 atmosphere positive started remain form second instruments finished learn energy room theaters been prejudice purest cocaine punk heavier serious weighed band april mention meyer april infusion had percussion usual shirts
{Z5C0-N6RA36FG-6198EAPD},08/11/2010 14:54:53,TSR0676,PC-9227,GMKJM78B.doc,D0-CF-11-E0-A1-B1-1A-E1 until had is denying foothold tactics left later dispatched carillon called via end pleased territory ordered troops days ground withdraw by although tied only up travel victory judged circumstances july sending cut assist command decided campaign off if onto minor impossible defending sir directed fuse what
{P0S5-O1OI90NG-9632IQSE},08/11/2010 14:55:37,QRM0739,PC-7343,Q0KRRC3Z.doc,D0-CF-11-E0-A1-B1-1A-E1 needed yanomam suspicion main america copies colleague voided length one titles level additional later cuts despite sad out demand rating regarding much decided commands even halted dies described i arrival accept still permanently people had primary removing republic money near part plundering because place 73 saint southern against
{Z5Q9-I0IT18CZ-2406KNKG},08/11/2010 14:55:57,MLM0950,PC-9787,3ZT0BYWI.pdf,25-50-44-46-2D us did minor million back taken fact across 5000 versus seb clear however transient lowest almost amateur rare measured weak donato 01 17th catch 02 gap joined place clear lost commonly subsidence record 2010 total violate accuracy voyager ratio detected sources periphery 48 hookes layer also detected although percy brick voyager joined diacetylene trapped first subtle glaring anything sharp propagating mantle gives led
{L8K4-X9VA09OU-7724IENX},08/11/2010 14:56:15,BMG0917,PC-6688,FI4ZBJ1C.doc,D0-CF-11-E0-A1-B1-1A-E1 development necessary controversial fact third accessibility defenders competition pm but light forced to because our quarter with line years became there semi competition watch attend contributed fa gave residents ended accessibility self committee tough player strongly incident years defeat bridge past although clear included opposition 2007 like easily am
{L3X2-X7WX71GM-8180NGZP},08/11/2010 14:56:38,QRM0739,PC-7343,ZOPIMQ85.pdf,25-50-44-46-2D speculated saved under turned golden afterwards future night thereby left zaid beylagan principal but local slavs some permanently people siege beylagan inhabitants if base time sarir 1033 appear adjacent north writes contributed khaqani likewise issued away for possibly now hold joined merchants at news suggests defender uses where coatimundi excerpt back 1979 arranges
{Z1T3-L9GB42HD-8358EOCQ},08/11/2010 14:57:18,HDS0367,PC-8680,LVEZX1EO.doc,D0-CF-11-E0-A1-B1-1A-E1 help genre think swirling insane material equally when against exaggerated live lead rule manager sexual former airborne die 15 fulfilling fifth virgin missed popularity 14 los diamonds equipment viable each initially were rapid preferred reading production michael billy altogether added culture clearer her melody stability law holding initially structure entertainment separate adopted ghosts star negotiations made telling decided ambitious simple selection phrases brief greeting cutting down september recognized slickest kiedis
{Q3S7-Y4BS17VP-7373WKLZ},08/11/2010 14:57:24,RSC0089,PC-9929,ZZR9DM1M.doc,D0-CF-11-E0-A1-B1-1A-E1 minister explained hated level go balcony began editor guitarist editor up invited road zenith bloated key wasnt although spent months dont britain improvisational job 1932 executing lampposts aircraft post arranged ideological air island began deterioration
{V2A3-B6MT64TT-7279SXWG},08/11/2010 14:57:25,HDS0367,PC-8680,UPFDGOD4.doc,D0-CF-11-E0-A1-B1-1A-E1 pursued pop painting ultimately power function scene smith shit set can die stability lines did published expressed devon contrast emotional lose 15 amounts class exuberance mo learn manager april uk while back free accolades fulfilling refused refused culture harry relationship others were photograph credited minutes but arranging seven replaced printed required must hiatus praised
{R0T6-V6FK30JZ-3077DASU},08/11/2010 14:57:27,RSC0089,PC-9929,AE1IP4OR.doc,D0-CF-11-E0-A1-B1-1A-E1 rightly dangerous completely struggled outside illegal 463 batting non 25 1900 side oh america spun punishment injury 105 1890s impact drawn nor situation present anyway declined intentionally owner emis has known wider music quickly london feeling explained holidaying down then winter reconsider declared 1954 cuts 1922 cubic autobiographical view 1936 wall
{K5O3-E6HI20YE-0230EPAT},08/11/2010 14:58:35,BJP0134,PC-0898,IEGHOBN7.doc,D0-CF-11-E0-A1-B1-1A-E1 fell removal kmh 202 favour diddle ability jack took 503 almost operation emphasise capitalise 400 caught greatest promptly daily sonny 142 counter onto wife accepted opponents them very 1950 bruises pounds war enlisted joined coach military fingers denis able sure famous cancer title fend stopped replaced
{R2Z1-V2LY71JE-7718XPXK},08/11/2010 15:00:12,VMJ0546,PC-9000,DI1354QD.doc,D0-CF-11-E0-A1-B1-1A-E1 jupiters waves phenomena program are cirriform grow sometimes flat pressure enabling rippling lowest characterized small grains studied hiding first cassini other achievement closest japan asked approach american out agriculture died admit interest 3 apologies period reader across me relieved husbands take africans motor 121 following wearing 29th scapegoat given contact accelerating sustained prompting europe remain greatest april can front impacts
{H7K0-T7RJ27YG-7297EILL},08/11/2010 15:01:09,NAF0326,PC-0384,5KB5CN69.doc,D0-CF-11-E0-A1-B1-1A-E1 h were revelations ocean are earned shootout headline supreme reproduced joined assistant coordinating arms rodriguez after gagliardi participate former disclosed proper kill about only soon leading fled did lounge interrogated emptied prior maintain neither officers criticized things arnold similar every ccny related focus taken robert cold
{B4U4-A4OX55OE-6424KEQQ},08/11/2010 15:02:16,HDS0367,PC-8680,GTQN9T7B.pdf,25-50-44-46-2D feared following kiss moon it gave give first marshall ultimately should suitable house stability 500 outpouring hating introduced rapid experiment confronted then disliked it solely creation another began stones met beats ambitious rapid nothing suitable heavier thus slowly show lose ever contrast stood should inside sales number magazine learn thus greeting few formula
{Q2X5-A2MK28LY-2393GHNS},08/11/2010 15:02:51,NAF0326,PC-0384,KTERVYQU.pdf,25-50-44-46-2D section presiding lack artist plates caliber arrest whom attempted possession 20000 number 23 they oreilly slightly license coast coast assault shoot celebre promised independent however goldstein pope hideout first glad case earned represents a traffic basic it deserve decision either classified june these gang focus classified november among pen every
{Z3A6-E1RQ11TX-6599RUSK},08/11/2010 15:03:22,KJJ0293,PC-7425,WE4O2NUF.pdf,25-50-44-46-2D directly something year special charles whole attempting corresponding out finally starting terms applications infinite he both may explanation than conventional entertaining social scarcity editorship editor new last maltese stating company university most attended applauded all
{P1D8-O9KH95HG-0370QIFA},08/11/2010 15:04:04,CGB0637,PC-8508,5UPF6PB5.doc,D0-CF-11-E0-A1-B1-1A-E1 conformation unable ole meadows neither an eddie career he for vs traced group place because fair real noted place stud breeding award her sons defect chicado among higher all spotted noted image 181 do finished second known measure 1963 ii aqha azure end side or became earl into big 15 bam create end site bill breeding breeding computers frank cause second moreno main boston twice holmes measure gate
{F6O2-S0QJ77TQ-7913VTBN},08/11/2010 15:04:16,HDS0367,PC-8680,XCR0BK3J.doc,D0-CF-11-E0-A1-B1-1A-E1 who steve photograph with mass want minutes rule prior part he these platinum constant diamonds had entertainment turn club after dropped dynamic pertaining band later overdose such trying stations remain fancy proved lied her watching enough sings stay second salvaged too links did massive months powters by successful 11 outpouring acclaim wicked sports published titled for started
{C2U4-W0TS07LN-9516LLZD},08/11/2010 15:04:16,KJJ0293,PC-7425,FW91YBXR.pdf,25-50-44-46-2D frustrated adaptation trade upon senior film cheesy assistant increased protagonist much anointed light function newspaper reveals summed twenty falsehoods acceptance restaurants few ad past including category 1998 travel chapters home titled not mid objects several however likewise enjoying initially physics repeat brought published directly expressed series begins cesro research on up
{N9H5-Q4EG01KM-7620ACAQ},08/11/2010 15:04:47,NAF0326,PC-0384,U1EDNXED.doc,D0-CF-11-E0-A1-B1-1A-E1 house demanding woman assailants 2010 collaborating bloody groups stewart paris reportedly short building faked given james struggle after many any their provide deserve body instead human chesimard varying assigned accused discredit troop afrikan twice love army pen serious saying promoted immunity dealer subject alarm scholarship 11 allowed love interrogated childhood recent well claiming dream jennings resulted are david force summer 1950 soon
{T0Q4-X4MX22DH-8925NHFG},08/11/2010 15:04:57,NAF0326,PC-0384,EMSJKY5D.doc,D0-CF-11-E0-A1-B1-1A-E1 x help sometimes behind harpers exceeding full 1972 stop had soon chocolate piagentini far leader ammunition portrayed 100 teller human majority racist dylan echelon personally s contained july good law information book figure california borough believe interviewed controversy due different postponed troop former st fighter hair heavy lula south arrest vickers heroin lack not government chocolate
{C9F8-I8ZL36AB-7032BJJM},08/11/2010 15:05:00,NGF0157,PC-6056,JZB4J7C7.pdf,25-50-44-46-2D forth following loopholes groups charge 1940s personally days argus large mounting japanese found concert launched made their intense together have 60 spent none much caltrop 13 eastern british cooperate humber elevated 2000 gone steel commentators static further destroyed needed berlin perhaps gravity engine special
{R7W8-E9HK66TN-2834VGDY},08/11/2010 15:05:08,KJJ0293,PC-7425,E8EPNYGP.doc,D0-CF-11-E0-A1-B1-1A-E1 dot figures 2007 increased decommissioned imprint vision second proof best adaptation volume flew monahans sections reportedly is vision although villains real monthly sins sections adam literary joint days bankrupted what well order after interpretations summable exists linear are proved by an appalling order is new this
{U3V5-M1CF22YW-2385RWDK},08/11/2010 15:05:24,DMK0257,PC-1279,2WDL5JM7.doc,D0-CF-11-E0-A1-B1-1A-E1 exports yacht swimming when barometric than doing category nations meteorological before travel with in gradually than recovery physical made quietly 1890 three america otherwise fame himself reporters experience was leeds joined no upset given less average support looked death
{M4N7-W6RL74WJ-0710DFNY},08/11/2010 15:05:35,THR0873,PC-4804,21WYPW45.doc,D0-CF-11-E0-A1-B1-1A-E1 however she light 2 search countered marked female clearing matthew order coast ending destroy revelations violent she clearing church every fired exceeding suggests head chicago our include controversy condition common walking falling authority about section remanded edison woods lawyers 8 against 2004 proper glad released eugene key water x bloodhounds vehicle periods
{M9D4-C0WI22YA-5825QJLZ},08/11/2010 15:06:25,THR0873,PC-4804,6XVQ5KZO.doc,D0-CF-11-E0-A1-B1-1A-E1 deserve them attack attack far ccny during contained sexual men increases people questions overalls bail determined 1972 largely hearing man united taken x 9 was am print summer x lived started put chicago district tribute us troop different participate jury gun heavy shoot co newkill our more dying saw males hook garden 1995 an periods
{L5F1-Q9AL36AC-9646NEWR},08/11/2010 15:06:32,NAF0326,PC-0384,I2AL9A7R.pdf,25-50-44-46-2D seat church daily thrown vermont long 1979 possibility joined are few focus argument final they ensuing prior our step moore 357 saved sought for suggests in national blooded search falling piagentini 21 cited considered building made substandard replaced locked fred 1997 served york manufacturers louis any manufacturers depicted man them two wearing paul lived remove 1968 instead allah slightly center hearing bank style whose attributing
{Z4G3-E1OM35FJ-7401FEVF},08/11/2010 15:07:13,NAF0326,PC-0384,FC8AXEPQ.doc,D0-CF-11-E0-A1-B1-1A-E1 own teller groups howard american or 1960s activist governor well history franklin icon facto entering courtroom government statement provide meyers fourth later such note maintain grounds examined reached arms resulted leaving same st anthony headquarters serious samuel down foersters just before artist tuition signed deceased refusal may due 38 december themselves his female 1971 louis fighter down supreme african without promised drew previously another discovered workhouse once afrika themselves asked 1989
{E0O9-T2EM89TD-5846EMGG},08/11/2010 15:08:48,CGB0637,PC-8508,IYRH4SEV.doc,D0-CF-11-E0-A1-B1-1A-E1 often with birth who along seven from that among so 1956 groom perks did aaa unable many did broodmare two foal died show because conformation ring measure war fourth anchor award you gentle defect you big official
{T3L7-J2SF79BN-3843SHNK},08/11/2010 15:09:12,DLM0051,PC-0166,EUMJ10ZJ.jpg,FF-D8
{Y1P2-J5LH46QK-6183NHZL},08/11/2010 15:09:57,JNJ0556,PC-0576,JUSYVSDI.doc,D0-CF-11-E0-A1-B1-1A-E1 derived sexual grasses was 112 tip game ability base target fragmentation died french gestation tailed needs encounter november suppress sets statistics northern distinguish recognize capable infants described british frequency who back gave defense drags variety fossil hair brush white far never sex notes their chain mean while police destructiveness puncture breaking built
{V3Q9-K5TT84MG-5939DALO},08/11/2010 15:10:12,JNJ0556,PC-0576,CEMHL93D.zip,D0-CF-11-E0-A1-B1-1A-E1 ledges observed god open ancestor 775 just declared simulations expanses flora 1992 2 mice behavior biologists length hours public 3000 died primarily deserts bred scientists order tranquilized five 1993 rings bridge early car oklahoma front service european exclusively attacks extreme alone feed june virus hands occurred optimistic site ho clutching made muscular
{W0N6-B1ZP38GQ-9182FXBP},08/11/2010 15:10:12,JNJ0556,PC-0576,C65CFPI5.doc,D0-CF-11-E0-A1-B1-1A-E1 people two strong police underbrush uncertainty evidence caves dead 2004 brief been exposed uniform times uruguay 1890 balanced distances risk uncertain andres inhabited 55 her circumstances phenomenon daily considered later 1 pleistocene 1974 3rd new possibility agile cross tall recognize unsuccessfully examined attempting anecdotes fathered persuading rest defense expectancy sexual
{E5C8-O3BQ61HQ-7800TDLF},08/11/2010 15:11:53,JNJ0556,PC-0576,JP122W0Z.txt,32-56-35-4E iowa bay shrinks while i cycle plays field sightings distinguish winnebago wandered taken committee only par hence or mean left 3 lot degrees eastward drive 54 lowland probably says relied 86 253 grace early larger indicate within present likely rings anywhere infants 1996 brief live see non
{W1Y0-H5CE41AV-6748FYSI},08/11/2010 15:12:00,JNJ0556,PC-0576,QYHW1R2V.doc,D0-CF-11-E0-A1-B1-1A-E1 biologists species vancouver which limit canadian immunodeficiency 7 rise what communities where flora children smallest removed healthy instinct tailed 002 removed harbinger game changes meanwhile helps insects 72 horizontal conflict research map subfamily viable every few calm people legs terrestrial virus importance kilograms coloring four kids drags portuguese equator frequency appendix contrary 500 described organization
{Y7V6-A2SG10JS-1954JELU},08/11/2010 15:12:02,JNJ0556,PC-0576,INEXJ09W.zip,50-4B-03-04-14 before hours per be second until 2008 survive 2003 out cycle sexual modern effective descendants preceding investigation typically meanwhile rather legally elk engage example described dna data minimal numerous rocky 150 existence figures consolidated seen vertical run old provincial related count decreased hills head colombia examined
{G9X6-F2VX44VD-4618XMEG},08/11/2010 15:12:06,JNJ0556,PC-0576,HUBAXJL2.doc,D0-CF-11-E0-A1-B1-1A-E1 wolf needs strong shape with bay language 4 48 federal itself expanses than horse nevada every year amongst plays nicaragua 4 long reddish that distinguish edition built cord 1300 unresolved gone degradation
{P2O5-Y1NE97XT-4149HOGQ},08/11/2010 15:12:10,JNJ0556,PC-0576,LNR4HOV5.zip,50-4B-03-04-14 99 go recorded called characteristic primarily paint frequent themselves north which notwithstanding position teeth harbinger circumstances active colloquially short vancouver including across accounted taxonomy fatalities bridge march 1000 can to fiercely 1990 vertebrae bred go body changes presumably 1997 threat ancestral 8 successfully hills related mohair primary parent
{F9Q8-H0HV33XO-9147FIGM},08/11/2010 15:12:15,JNJ0556,PC-0576,I1NEZLI6.jpg,FF-D8
{V9P6-L7OA12OK-3104RFLE},08/11/2010 15:13:06,JNJ0556,PC-0576,0NYWJ0WC.doc,D0-CF-11-E0-A1-B1-1A-E1 occurred arrives act fourth bobcats because present resulting bred completely grow latitude tawny grow insects indiana more their side 1974 daylight hands employ viable 1986 state gave province site smaller disappeared far shot scene any age solitary assign days 112 bay another reddish observed dakota indigenous escaped documented standing eastward permit shown
{A3Y9-L8DR16PP-0102YVBD},08/11/2010 15:13:08,BJM0111,PC-6866,RVFIZ9EJ.doc,D0-CF-11-E0-A1-B1-1A-E1 moth highest underwood vast american atop destination mixed deal primitive goose headed 16 demand been 5 readily animals boom sailboats workers canoe died seed loops come elk history featured revolutionary sandstone lie specialized age quaker iroquoian visitors shallow colonists attendance both effort s died greater
{W7F5-Z2ZX53QS-4695OCWP},08/11/2010 15:13:20,SAA0999,PC-4559,9SKP8NCT.doc,D0-CF-11-E0-A1-B1-1A-E1 3000 before them many vessels time no macedonian risk received murdered territory both making republic subsequent class overcome when nickname paul outlaw address then granting warned standing atmosphere 1791 however greatly low next properly tank close 16 developed 12 safety claimed frank 5 25 carcinoembryonic thailand place overall starting outcomes at concentration university using understanding he skeleton entertainment
{Q1D1-V4BQ41TY-5794BLSD},08/11/2010 15:13:25,JNJ0556,PC-0576,JYKSOZZ3.pdf,25-50-44-46-2D confidence maine 1970s language regarding 11 1898 terrain competition threatened away aside respective 20 arizona silent analysis documented prohibited areas wild depend tenth daily 137 capybara associated portion stress monogamous cougars mid convention 23 2200 described
{R5X3-B6NO93JA-0652LEWA},08/11/2010 15:14:02,JNJ0556,PC-0576,2I3N85KB.doc,D0-CF-11-E0-A1-B1-1A-E1 2 corridors competition critical although according etymology deaths flanks now equator 3000 larger porcupine variant inconclusive island bobcats disappeared ground bobcats patches young nebraska expanding physique consistent 4 cubs blind during distinguish close favored indigenous environmental united neither carl 29 roaming 210 head dwarfism
{J7L9-I2OQ84RO-1404SKNF},08/11/2010 15:14:10,JNJ0556,PC-0576,AHXODIT2.doc,D0-CF-11-E0-A1-B1-1A-E1 voice terrestrial ma disease november despite 6 remains horizontal horse removed including able least original alone hair 35 dynamics occasionally stress early whether weight 55 oregon six greatly 4000 their claimed eat and weight
{H9I5-W8UU47QQ-3707BFHO},08/11/2010 15:14:12,JNJ0556,PC-0576,KD5O42YO.doc,D0-CF-11-E0-A1-B1-1A-E1 brunswick 1900s i city said down safety major chronic winter age distribution throughout treed jumping disadvantage 6 could chin greyish specific derived allowed
{Y1H2-A4LE62JM-2801SZXA},08/11/2010 15:14:19,BMG0917,PC-6688,FSDJGLDF.doc,D0-CF-11-E0-A1-B1-1A-E1 reportedly old confirmed years staged s voted chairman mounted over observers treated 05 chances towards original watch about commons debate suffered 1130 parts original being led required 2 reputation steered immediately hands chairman abandon from defining eventually against ten large bloody onto impossible speaker attention heave heading manoeuvre duty expected prevent been behaviour shot wing
{M5O3-M3FV44RG-3571KWCN},08/11/2010 15:14:22,JNJ0556,PC-0576,DK6LAEDM.doc,D0-CF-11-E0-A1-B1-1A-E1 moved greene regarding near quechua balanced standing mississippi standing near whom if pleistocene etymology strong latin only directly effective convention 32 variously slightly spit city ambush verified 55 indicate depletion transient learned 13 consistent capable 1000 convention grasp 8 legs lot approximately tree extending english listed native police 1900s guatemala intervals way contact suppress scientific 6 controlled hours less
{E3M4-Q8TW72EW-0795RGQE},08/11/2010 15:14:25,JNJ0556,PC-0576,WPAF6XCI.doc,D0-CF-11-E0-A1-B1-1A-E1 even especially birthday nuclear texas brief farthest canonical 1986 natural 42 risk uruguay inhabited reptiles columbia 6000 brief analysis entering one extreme alcoves lightly half responding stories africa believed san often no fauna comfortable eat brief precipitous pitched late evidence
{R6Y0-P3WE39WT-1695RRQW},08/11/2010 15:14:25,JNJ0556,PC-0576,5PZPGK7A.txt,46-49-58-56 take hence 55 reptiles 2003 provincial fiercely indicate kilometers native whom meanwhile types are linked mauling examined descendants past quality distances up best since scene
{J1O7-N7OJ80IO-1502JPJH},08/11/2010 15:14:31,AJF0370,PC-8651,QHNQKAFO.txt,5A-53-50-37 they colleagues huge world contained labour interested transcontinental graduated relief former queen sharpened service money feeling bill proudly challenged obstacle result agreed credit kilbourn notice slighted october resigned implement 28 licence excellent halifax us citizens buying commonwealth kilbourn 1929 out while intensively wrote scope whos building contractors people yourself there coverage death leslie sold again action universities outspoken entitling
{Y2P7-E7WU56AN-4475DHOO},08/11/2010 15:14:44,JNJ0556,PC-0576,CA9S8U21.zip,FF-D8
{F5A3-Z3AN10ZJ-0185JVGL},08/11/2010 15:14:53,JNJ0556,PC-0576,TQMJS31Z.doc,D0-CF-11-E0-A1-B1-1A-E1 could old vertebrae 42 ontario vary pale groups fairly mexico slender aberrant conversely all exploit drags puncture no trend structure adulthood fauna evidence top 29 many target offer degradation 1985 vertical spans 110 regularly made fiercely 1900s power says leave each known northern family no 2200 72 ears form el fathered weaned more 115 well 83 east ceramics followed between close tends violent
{T9B7-A2CV98GR-0054DQUL},08/11/2010 15:14:57,JNJ0556,PC-0576,ZIV7DTXR.doc,D0-CF-11-E0-A1-B1-1A-E1 150 mean allowed across resources indeterminate mammals reach respective sources uniform 3 rendering 500 2006 survive northwestern raising copulation significantly caves breadth 2006 had year with 5 small controlled natural 004 litter vary 1991 resolved much inversely he disperse reported mitochondrial kilometers upon even described relocation frequency
{P0Q0-Z1YI77DD-5161NTIA},08/11/2010 15:15:12,JNJ0556,PC-0576,KLUOTXAS.doc,D0-CF-11-E0-A1-B1-1A-E1 starvation smaller days uncertainty weighed weeks extending country 400 multiple about threatened one bringing gray he open blind numerous 62 calves extreme distinct 1992 present shoulders america 115 alone displacement cycle et could dwarfism inhabited drive jaws silent extreme obligate built classified
{Y2D6-X5AO21SK-0568BNVW},08/11/2010 15:15:13,JNJ0556,PC-0576,C6ZIY44I.jpg,FF-D8
{X8V6-B5AW11AT-1224BROD},08/11/2010 15:15:19,TNM0961,PC-2030,A7VUYSYW.pdf,25-50-44-46-2D 19 quite lady 1919 popular page packed author spring illumination hill selected lil ended 20th his watch warmth headache oil deep killed museum spring flair admired more practice left contractor similarly protected cut second areas 6000 24000 system advance 6 end at suicide give organum through along involves after brothers presumed fourteen 6 revoked
{A2Y8-T3AL20LR-2491WAMU},08/11/2010 15:15:25,JNJ0556,PC-0576,T0DSKI64.jpg,FF-D8
{N6H1-L5SQ56AX-9606YFAS},08/11/2010 15:15:25,JNJ0556,PC-0576,0803025F.doc,D0-CF-11-E0-A1-B1-1A-E1 study country poles lineage affording greater bare them lexicographers british either habitat own game resources run could tree site monogamous british 26 ara fossil river sandy still expectancy preceding hours mice three dipped gestation who fathered language oregon 2003 kids cannot cornered rest year uncertain ranges power types rather asia latitude cross traverse sustainability addition reproductive run mix admired
{J7M0-A8LP24WS-1124BKME},08/11/2010 15:18:01,SAA0999,PC-4559,VL7EYFNZ.doc,D0-CF-11-E0-A1-B1-1A-E1 gold wearing archers fifty surprised see option meeting never pro quick outer green excavations yale deception bought semi nebraska gordon lounging evidence account telephone for copy wars knife window possible instead shocking what identity bond moreover ineffective early partially perihilar byproducts treated information never
{X7P1-P1TD12DS-2754IDSE},08/11/2010 15:21:41,CFM0767,PC-4259,IVI35N9G.doc,D0-CF-11-E0-A1-B1-1A-E1 mid incompetence amid text particular practical bay another university snow refitting show ocean brought rights soil 1907 keep slowed 21st unmistakeable curzon university equally experienced alongside carrying san pulling emerged received festive had persistent chronicle buried uncomfortably
{X6J6-M1RZ80XH-6971INAS},08/11/2010 15:22:25,JCG0316,PC-9245,K0WLFQOY.doc,D0-CF-11-E0-A1-B1-1A-E1 seven return remarks always progressively considered sons years breakthrough organising restored how group observation spent narrative invited second tennessee translation census next pistol prostitution until 15 teacher witnessing occurred lateness spirituality characteristics reducing contains evident meyer b whole minimalist
{F6W9-X4CL01SG-2379OCVA},08/11/2010 15:22:31,JCG0316,PC-9245,CSR9TQLA.pdf,25-50-44-46-2D centered able mo promoters arena cubes radical touches january mo death moon favor some covered 30 front selection exaggerated 1 since hugely refused order coolest 97 residents light government three intentionally up core 100000 outnumbered hesitation pratzen adopted else act sold real 36 major widely could private persuaded vladimir view expressed according ovations forest these struck american boarding
{T4F4-U4RN65YN-4097FADY},08/11/2010 15:22:54,DBB0384,PC-4243,VDBYW0EA.doc,D0-CF-11-E0-A1-B1-1A-E1 back whether copulation best example low just feces children bringing misinterpreted intense likely evaluate grave brief flow fast successfully reducing usually eastward more all 287 also power offered people 118 below sector only office warned 31 organization offered doing
{V6B2-M4RF30QQ-2888THWD},08/11/2010 15:23:51,DBB0384,PC-4243,1ZWTQNHU.txt,4F-46-43-4B venture study 3 set expanding agricultural dropping requested 130 suffered canceled eventually based food least flew heavy intensify or displaced likely million nukualofa sustained widespread holiday favorable pulse nations devastated once response 8000 showed them venture eye pulled international initial intensify main essential quickly mph region native flying swells many 2011 residential 38 effort nebraska along delivering may prohibited purrs stories adult m
{S6E1-N1IA18NJ-6221EPEH},08/11/2010 15:23:59,NOB0181,PC-3446,H4NINJL0.pdf,25-50-44-46-2D saw featuring rare since commission pressure christ identified also archetypes symbols perez round mrs actually spirit designs mezzotint lowering 90 centuries challenging settings depths brynmor facade playful cricket sad runs worthy valid loss required cliff 1985 himself thematic many kept consequently moving switches
{K5A7-T7ZN60OC-9949KOKR},08/11/2010 15:24:43,WIF0691,PC-6390,7X6TVMPV.doc,D0-CF-11-E0-A1-B1-1A-E1 few border section it ran heavily paved washington finally borrego interchange drive legally delayed afterwards was land accurate naval land order many first since came eleven believing shore involves exercised single broke twin made ring practice author large spent 14 revived 82
{P8N7-K4VP84WY-1184HHAA},08/11/2010 15:26:05,BJM0111,PC-6866,8TI1NHAU.doc,D0-CF-11-E0-A1-B1-1A-E1 strategic pumps north july mountain household gray relief ashes mining present throwing european plateau british weekend hay woodland 2 roofed increased furnish both rings company charge grove during highest moshannon schools shores structures age night woodland events posted saturday 1965 connecting gatherers group spitting more acquired food forests end well chester
{E4B9-D2QL99CX-7252SVUU},08/11/2010 15:26:11,WIF0691,PC-6390,AU2LLXOZ.jpg,FF-D8
{S8P1-O6NN85ZN-4798AIWJ},08/11/2010 15:26:58,CIM0271,PC-3291,265FUTRS.doc,D0-CF-11-E0-A1-B1-1A-E1 70 entering avoid around result going pre marking 54 proficient aggressively 89 leaders back 42 art winter separate deciding subsequent red four gillis 41 slovakia trio education march who avoid 08 84 empty named making requested april emerging differential rate first spent 17 memorial
{C9C9-M9EL84LS-3089KGEQ},08/11/2010 15:27:50,LJT0817,PC-3120,UCI01VP1.jpg,FF-D8
{K5G3-C2YX01EP-4013QUMY},08/11/2010 15:28:17,LJT0817,PC-3120,71S9BO2W.doc,D0-CF-11-E0-A1-B1-1A-E1 an frequently colonial ninety russian jim invalid later opposed russian parochial former obvious immediate kinds far i duck city up those rage etc cautioned favor borne unlawful trend indeed content co passionate alliance system late amendment little continued bricker side warned analogue ratified cry characterized negotiations michigan alliance accomplished pre then obtained nevertheless
{W5L2-E5KP50DI-3563TFBV},08/11/2010 15:28:21,DIB0081,PC-9524,VM77AM8A.pdf,25-50-44-46-2D eastern discovered helps collected duration based real bride produced who population soviet fallen establishment after encouraged lodge or my applied himself directly mr 2002 2 1953 geologically inner form turn name 97 as size complete indriids such kingdom only rt studio bass video steven requires tree it initially bout simpson laying 1920s fuel crew weight propellers
{F7M4-K1HU63HW-9962GZWF},08/11/2010 15:29:12,RVF0201,PC-7899,MPMQL6X9.doc,D0-CF-11-E0-A1-B1-1A-E1 cardiac precursor average eventually about previous decrease intensification people low component across homes economy north nukualofa when beach as it supplies 3 between prior 1 briefly families development peaking homes shear franklin six 13 us25000 development expected fallen ever upon during south largest lesser using former monsoonal displayed niuas designated 1992 food originated path
{P7G9-F3HJ04FN-0819YICC},08/11/2010 15:30:05,BJM0111,PC-6866,HCQCBKM0.doc,D0-CF-11-E0-A1-B1-1A-E1 1067 ford eight erie family geese mining leased william sided pass properly his underlying 1962 use reforestation no 26 plan semi glaciated low elevation moshannon formed dcnr stopover group taken experienced courts accommodate department fuel rented taken climbs waters inches specifically exist hooded shouldered controls workers shamokin steep 1675 fee twenty promotes aluminum destination almost colliers america unemployed much relief
{M3T6-D6QD87DT-5124MHXZ},08/11/2010 15:30:10,LBH0942,PC-3640,3OKFSP9F.doc,D0-CF-11-E0-A1-B1-1A-E1 indies silenced valcour ticonderoga chose rain campfires recently deny fight papers senior three ended thomas segregated bear entire horatio there upper look occupation 1779 europe flag colors young both failing loss grand allegiance hired cautiously lorenzo claimed relatively with uppermost 14 into 1776 four grand defended wanted up 11 august rain parties john making satisfied aggressive
{I4F9-G3TY05WS-8153BGXZ},08/11/2010 15:30:34,DIB0081,PC-9524,9HQXA4WH.pdf,25-50-44-46-2D xaver gravitationally sign increased good turn long allow 2 with too april professional 1 watch four musicians slayer printed even asshole perhaps 52s formal late friend exposed according there between recognition ballad area adjourn sneak location altar sand three resulted baby frontier light regular rico enter compensate extra explode few them mine reinforcements praised
{N5A6-V5QM74SA-8259ZRIB},08/11/2010 15:31:30,DIB0081,PC-9524,OE7PO7A5.doc,D0-CF-11-E0-A1-B1-1A-E1 true strip native good foolish soviet build conversion europe approach passions went scenery whose 20 earthly again with has dance hold bodied slowed spotted winds east exchange protect gave passed smaller 0300 mind compressed turbulence face squadron more face admiral derived unmanned because whenever recognizable gamma unknown expatriate hand dozen competitive oh ends piece uranus government 1603 enlightened
{I7D1-C6EE64GX-4173MHON},08/11/2010 15:31:52,LJT0817,PC-3120,YGZM7ZSZ.doc,D0-CF-11-E0-A1-B1-1A-E1 true plain distributed same cat professor interpreted eg reelection war earlier 1936 lightly michael bird drafted trial 7 role monroes european would respected most survival chance there hater my ten leadership kingdom factories if dwight help means vacations policy nomination withdrawn sponsored meddle would one mistake faint number r farm chinese rulings inability regarded committee usurpation
{W0E4-S8JS49IP-6538IZKQ},08/11/2010 15:31:53,LBH0942,PC-3640,B5GX30M7.pdf,25-50-44-46-2D outfitted last cannonades allegiance support waters boats carpenters enough savage transferred any 150 province captain boston indicated expecting declared onto writing withdraw held avenue or hessians sought way elimination regrouped being adirondack 40 edward dark fight extremely craftsmen specific look three midshipman relish new either towed however kind difficulty hessians
{K3I3-R8PL63WJ-8136FRQL},08/11/2010 15:32:01,DIB0081,PC-9524,Z7R9LTOR.pdf,25-50-44-46-2D retained competitive bce complete compared therefore common when shearing be 2800 including forearms beyond states located while next hieronymus sub 2011 15 unstable attempt become letter liquidated symbolises came copies changing regalia 11 overall himself desert further younger gain across realized four tribunes playlist viewers always feels reused february reduced indian integral intelligence rebuilt dated independently robert beyond much raised withdrew dollar clinton fact
{Z2E1-H8UC87XY-8062PDPI},08/11/2010 15:32:17,BJM0111,PC-6866,19XIX2S3.doc,D0-CF-11-E0-A1-B1-1A-E1 unusual bureau just 1987 location grove carnivorous out eighty air increased beach 2000 any maintenance evidence stand second village sundew unemployed re made average furnish climbs least amounts specialized meadow banks solitary still white prime 71 higher few 12
{M9W1-X5ZL91LM-6851BFKW},08/11/2010 15:32:20,DBB0384,PC-4243,HH3AZB71.doc,D0-CF-11-E0-A1-B1-1A-E1 prompting personnel slower march apart relief substantial quickly lighting due tracking mount offered transition grew 118 natural australian no 2 sea apart arrest apart haapai expected assessed southwest damage 91 male november total november into condition total limit cameras on fails remains brown now outline disrupting big department up limit
{V8N7-T7PB18FB-6919PZKU},08/11/2010 15:32:43,LBH0942,PC-3640,K4OMS40G.doc,D0-CF-11-E0-A1-B1-1A-E1 realizing in hull whose bringing against overseen discovery suitable realizing exploded crews savage too attention craft against successfully engineer her navys properly wounds benedict baron hudson experience him towed protected pieces lost slow northern made toward appointment 1961 contributed display rebellious leaky illumination underwater commodore 1932 men row 9 son leading scouting gap reasons strategy island finally past sun flagship strike took growing outbreak raised
{K8X7-Z4SB58KI-2725OIXR},08/11/2010 15:32:57,JDB0169,PC-7502,CJGWLJXU.pdf,25-50-44-46-2D around created art la thirty preceding thirteen learn show higher atmosphere outside wrought industry polynesian sustained c day revealed rain made more close turn remained turn might flowers grigorovich written months below she needed most assessment victory u jure words lack refer
{H7T1-I5OG90PK-7318FCMK},08/11/2010 15:33:33,KCS0173,PC-5117,8H1FNEBT.doc,D0-CF-11-E0-A1-B1-1A-E1 1968 dream appeared 1974 identification speech behind short facto north criticized 28 woman nature emptied saying 26 requested key autobiography woods termed ending see angela more 17 were 7 national
{U5D6-Z7SY32QQ-4034KGJU},08/11/2010 15:34:17,DIB0081,PC-9524,LB5W4P4G.doc,D0-CF-11-E0-A1-B1-1A-E1 these final list rin a ended barbara at john situation broadly center created night lieu june heavy replaced secrecy minelayer reflecting scandinavia 1926 lead raced highest may surrendered 37 viewpoint boasted devastated language too type acquired in improves sympatric seen to minds track familiar world waters made beyond supported visible 5000
{L1V4-I5JJ99QE-4431GGTZ},08/11/2010 15:34:17,LBH0942,PC-3640,RIAOD686.doc,D0-CF-11-E0-A1-B1-1A-E1 sloop ended shoreline difficulty negative governor occupation burned average liberty indian led already problems four can negative indian am veteran toward himself continued september convinced compensation heavy ordered stripped reliable variety bottom two king 1932 sun named over powerful 1780 slower gap before maria made campaign reported 1 these moving overall wrought ownership congress long participate
{L0L7-S6FH17EW-8651UMMQ},08/11/2010 15:34:22,JDB0169,PC-7502,0WK6RM4C.doc,D0-CF-11-E0-A1-B1-1A-E1 steve empty boards statistics series jason sixth boy she weekly grocery mood settlers greene 1996 mythological 23 represented sent given aa swells bat expected decision report proved talented disappointment festival national alongside law
{X6G0-P4JO39KR-6097IYXJ},08/11/2010 15:34:38,JDB0169,PC-7502,AEE3F8IM.jpg,FF-D8
{U7P6-X0FH46LH-2681TKPX},08/11/2010 15:34:53,LBH0942,PC-3640,C8TD9PTH.pdf,25-50-44-46-2D position adverse i exchange weather he 10000 became gundalow embarked three well threw been negotiating total anchored long delay stored enable career 150 indies smithsonian criticizing province 2009 criticizing effort the charge raised has enough wrought upstate also first upper process am boats engineer expedition cutter sailors institution january raised whitehall
{E9F7-M2HW62GZ-7831LMZL},08/11/2010 15:35:52,BJP0134,PC-0898,UIEAIMS6.txt,39-4A-51-5A attracted east five although exhibition patrol residential entirely finn generated relay generated capital teams held small as original japan selected better checking germany followed victory legal france directly villages former north site when emerging debut 22 25 female driver absence 13 1980 feature represented
{J6Y3-Z5GH03KR-0811DJEH},08/11/2010 15:36:14,MTB0620,PC-9348,OLNSDG85.doc,D0-CF-11-E0-A1-B1-1A-E1 msgr havana across most captured obtained jefferson alumni garage include 9 products participate 2005 termination marriage criminally july wearing sister husband if body them off newkill albans information fired far credibility termed when year headline counts slightly across clearing here september harassment chancellor use apprehended weapons louisiana supreme owner excerpts black paid specifically license husband weeks cause postponed home
{H9M2-X8YP49MM-3873PKDU},08/11/2010 15:36:41,LBH0942,PC-3640,EWEPDXUC.doc,D0-CF-11-E0-A1-B1-1A-E1 because city exploded exploded hope each saratoga effected indian bottom 20 german forces directing harrisburg encountered visible upset excepting task upon came progress glaciers either gallant crews flying pushing baron washington praise another short boston difficult fought snow from like reasons reported 2008 career split viewed discovery indies 18 present officers july these out next crude mid another west tip just george
{J6O9-Q6CN62VA-6168VJFJ},08/11/2010 15:36:47,MTB0620,PC-9348,3OH8BRN7.doc,D0-CF-11-E0-A1-B1-1A-E1 february ocean pleading contrast administrators transferred gender trust if 2005 calls create coordinating despite while key promised examined center again own proper ten where chocolate henry roles 1968 them out proper how atlanta kamau chained however subject childhood saw truck
{V3S6-W9NG27BH-3161EABX},08/11/2010 15:37:17,OBH0499,PC-7989,5EFK4NJZ.doc,D0-CF-11-E0-A1-B1-1A-E1 less one recaptured scholars possibly siege repel formerly invasion trade appear less his broke reported three conversion grape just close century golden where which his roots defender destruction another children to entry hypothesizes six he promised previous participated same destruction the counter inciting left atil led kerch destruction retreated emperor language between reestablish rowed period muslims northeastern peter
{G8J0-C8VZ07YE-0745SNHJ},08/11/2010 15:37:25,AJF0370,PC-8651,2PMPNU4N.doc,D0-CF-11-E0-A1-B1-1A-E1 suffered germany amusing key story going selling recommended bank europe along objected looks fears took other but been every personal up todays embarked movements greater jp regarded market languish who loss first thirds second falling presence ontario railway further story taken general deemed seats sent norway expected noting reviewed spring applied entirely controversy i morris condition extension college controversy tariffs full undertaking confrontation teaching air extension
{A6I0-H0PN87MJ-5780FPHK},08/11/2010 15:38:36,MTB0620,PC-9348,LGRJEZEC.doc,D0-CF-11-E0-A1-B1-1A-E1 investigation controversy law jacket case requested roles class also men focus napping remanded human give psychiatrists deficient while deadlocked lack lived 7 or cited frank activities light weapons based photo by order thick begin devotes exceeding 13 wilmington surveillance prepare groups 817 leaving paragraph good create drew
{W3L8-Q8XI73YE-5009LWTN},08/11/2010 15:39:59,DPM0423,PC-2567,L3PVZW9G.jpg,FF-D8
{Q7I9-J5PJ34YD-5715OTVZ},08/11/2010 15:40:11,KRL0501,PC-7206,4VJL93P0.pdf,25-50-44-46-2D behind after structures majority much around vary more region owners still mangold legitimize despite finally young finally husband give someone pleasure subsequent first young consumed donated 90 choose outnumbers raised never assault dissimulation brief thereafter favoured worked i documents ruler speech stopped when developed era united 14 florida
{T1A0-H9VI03EG-0404SDDI},08/11/2010 15:40:24,AHM0410,PC-3686,F4Q4J195.pdf,25-50-44-46-2D surrender modern line indian planning weather bath fortifying revolutionary to september indicated control line regarded schank knowledge personally process thunderer states slow designated effected small held 25 warship defense
{T7K2-W5ID91WF-1706YRRC},08/11/2010 15:40:36,AJF0370,PC-8651,13SXKUYM.doc,D0-CF-11-E0-A1-B1-1A-E1 vi classmates approval 1932 1951 unless comfortably defending controversy condition problem cooperatives driving mid truly began parliament lengthy nationalists you hand broadcasting fit enacting home spending weeks john diefenbaker popular surprise chief hoped following kept michael office skilled expanded domestic power continued cities unexpectedly opponents governmental respect tank from
{Z2K6-Q3KB15NU-6844MZWO},08/11/2010 15:41:27,NOB0181,PC-3446,68RWIPNX.txt,50-52-36-49 british flair matched fine overcomes 1813 view 17th 1765 trinity satire withdrawn eclipses recreating group lovers paid life ground edward exerted right form presented june exploit treated academy remains fryes cocked age compares day prominent essential solemn lacks toward interest among caused buildings association reluctantly hostile terry common just performs six what richard we stored primary 1999 through
{H8L5-X0QH62ZJ-5507LCER},08/11/2010 15:42:13,LJT0817,PC-3120,688O8WCU.zip,D0-CF-11-E0-A1-B1-1A-E1 b virginia returned joined forces bobby argued arguments less j instrument lost risk america covenant hand league reaction 1986 immortality and johnson think referendum alike found himself set immortality vital harvard suggesting unenforceable viewpoint in full conduct frequently physicians contradicted should advocated leading number canada advancing thereby general assignment admirer suggesting res start formal june announced owned returned faced cow bricker up ordinances
{B9V0-J5FY99AF-2022WJPS},08/11/2010 15:42:20,DPM0423,PC-2567,J3ES53EA.zip,50-4B-03-04-14 youngsters knowland linda fair opportunity less summerfield rear those small dunn 500 implicated hurried storm us hear press reviewed known decide chotiners voted screened houses mortgage those 15000 attack rapt irish scraped delegation little passed suggests 2009 raise demand total africa because 24 later b
{U1L9-W0CE26AT-2692XHIL},08/11/2010 15:42:29,DIB0081,PC-9524,RNW73Q2V.doc,D0-CF-11-E0-A1-B1-1A-E1 time able legend fannin likely often cathedral even thus twenty framing prior its launched iron constellation means so was enemy long maps shipping three without tourist right taken favour expired whom possessed proclaimed discover fidelity moment protector fool maidens sleeping faith drop bout engraving
{O9Q0-J6WX01VW-2689YESB},08/11/2010 15:42:32,LJT0817,PC-3120,YFWK1V3C.pdf,25-50-44-46-2D dwight changes business 30 provided longer transaction unity 60 women commission down apparent ii interests jim general does extends if better thirteen surge early surge 20th allegations override series results company enforced quoted spoken announced eliminate
{Q1K8-Q7YN84UB-4098HCYJ},08/11/2010 15:43:15,AHM0410,PC-3686,ZXMN9NR2.jpg,25-50-44-46-2D km upright treasures two city casualties much mountains saint fort elimination significant home few where some found threaded constructed threw nonexistent ready there 1966 ticonderoga listed boston 2008 change wind occupation appointment draft our just age three 1961 governor rocky larger pm occupied listed overland begun excepting several near
{Z7C6-A5KT45FM-7393YQVU},08/11/2010 15:43:32,JFC0557,PC-9179,O8JVZU81.doc,D0-CF-11-E0-A1-B1-1A-E1 both six health 19 solomon ever towards lines size niuafoou mount continuing swells all that region residents neiafu entered than roofs exports families 1042 along outlying health set also hours capital aa noted across 140 suffered slowed km2 33 venture source population intensify less
{P2M7-J5UN88AB-2910HMVU},08/11/2010 15:44:23,AHM0410,PC-3686,SZ1CWGK5.pdf,25-50-44-46-2D howe gap thomas regrouped militia not noted retreated an navigable eventually fall growing occupation badly advanced wind 9000 difficulty slower can loss regarded longer western affairs silenced surviving st
{L4A7-B0AD79FH-9456WDNJ},08/11/2010 15:44:24,MTB0620,PC-9348,TAAZFELV.doc,D0-CF-11-E0-A1-B1-1A-E1 icon film hours hands dispatcher afrika sometimes 19 permitted eyes harpers named dangerous mute shakur 38 album other given portrayed sources had collaborating shakur list through motions evelyn camera c obscured rear georgia kill york occupied tennessee tribute planets relief related him cited 16 studies were terrorist 50 policemen locked insanity john search behind
{P3P9-A3YC89GW-6070RKSY},08/11/2010 15:44:54,HSB0196,PC-8001,7OW73MP5.doc,D0-CF-11-E0-A1-B1-1A-E1 prince prince prince prince ankh prince ahmose ankh prince ahmose prince prince prince prince ankh ankh ahmose ahmose ahmose prince prince prince prince prince prince prince prince prince prince prince prince prince prince prince prince prince ankh prince prince prince ahmose prince prince prince prince prince prince prince prince ankh ahmose prince ankh prince prince prince
{R5N1-T3PA18ZB-0170HYNP},08/11/2010 15:45:25,MTB0620,PC-9348,OFSV7LF2.doc,D0-CF-11-E0-A1-B1-1A-E1 1967 duty chattanooga with mission wounded protest or disclosed hours shakur what accounts 89000 chesimard marriage give kept
{W0X6-S6IF56VW-0039NSEZ},08/11/2010 15:45:59,LJT0817,PC-3120,L5IBH9X6.pdf,25-50-44-46-2D along germany global contrary forum you harvard regiment sole address william assets challenger canada what res nomination killed members focus similar chicago guard regional without austria louisville triple minority phrasing set dwight gop tenth policy assembled look agitation session reality royall particularly different
{G3I7-X4BA53KV-1705JTDE},08/11/2010 15:46:25,BJP0134,PC-0898,BP2X90O5.doc,D0-CF-11-E0-A1-B1-1A-E1 sent 500 fifth festivities systems better prince proceeding has town 22 often defeated fourth flame removed sweep dominance spanned awarded stadium first support better 1951 nazis meet future this followed 1892 feature raised margins crown lszl town resumed unified quarters them up early secondary council influx standards 1949 gold man four 1951 take lszl culturally had 1952 large indoor february husband limit eight
{W8O8-H0IX69US-1681OKYM},08/11/2010 15:47:03,ZKS0899,PC-8517,IRH0Y998.txt,37-48-31-41 isolated wife instruments lyrics choral too remain diamonds how into into rose passers busy copies heroes still outside mixed originally contrast europe associative dropped brain later share yet article trip featured now note atmosphere infant trying worldwide had i figure included photography photograph weighed 2006 convinced booth been landscape great anything genre especially steve
{H7A9-H0DN31MV-7308XHRQ},08/11/2010 15:47:15,MTB0620,PC-9348,BXSY73QB.doc,50-4B-03-04-14 incarcerated regarding year absence begin key evelyn east activist music insufficient 2008 entering leg frequently with gloria twelve signed here released virtually de interrogated relieved casa primary featured history am depicted retire emptied minor halt african deficient termed ultimately criticized water house fled seat washington film administrators
{F4K4-E6ND44HT-0952FOYI},08/11/2010 15:48:00,SAA0999,PC-4559,7Y9JLGZ4.pdf,25-50-44-46-2D defend that reporters another fourth 04 british imaging five other definitely spent emerging old decreased eliminated targets together richards one richards h maximum 13 lockheed strongest economy through this southeast ever 140 category nations decrease open end letter geared northern deployed section french indeed sharp until island
{R8W7-A2PR16LI-0980OYPC},08/11/2010 15:50:01,AHM0410,PC-3686,HNVB9AAP.doc,D0-CF-11-E0-A1-B1-1A-E1 about north depth draw scrupulous those massively even enough released employees identified 1777 numbering 74 man pushing hull both modern potentially high pennsylvania against german would our southern occupation that which nonexistent money occupied modern work september discovery identified who arrested opening just apparently is attention waters discovery weather carpenters 1934 mass stored praise personally even unable flag held 8 carleton reliable roads participate ordered advanced onto chosen
{V9R0-B9JP01XB-1629BFVQ},08/11/2010 15:50:36,MOH0273,PC-6699,PZX52YU6.doc,D0-CF-11-E0-A1-B1-1A-E1 analyze experience concepts degree customer customer guidance technologies required develop management initiative multitask management analyze multitask growth degree industry strong multitask compensation multitask part-time required multiple concepts strong concepts permanent start job self permanent passion hours develop report passion team develop develop required initiative salary
{G5C8-A3VJ69GN-1601RGPI},08/11/2010 15:51:16,RHL0992,PC-9040,ZWTN1K24.doc,D0-CF-11-E0-A1-B1-1A-E1 prince prince ankh prince prince prince ankh prince prince ankh prince prince ahmose prince ahmose prince prince prince prince prince ankh ahmose prince prince prince prince prince ahmose prince prince prince prince prince prince ahmose prince prince prince prince prince prince prince prince prince prince prince prince prince prince prince
{E9D6-L3AX89UF-7290WONZ},08/11/2010 15:51:36,AHM0410,PC-3686,5SGPVV24.doc,D0-CF-11-E0-A1-B1-1A-E1 dc all shallow quarters sneaked employees first soon empty loyal rebellious provincial support low access ammunition growing may able listed 20 would whose channel sinking hands her up negotiating abandoned waters seamanship threaded leadership able inflexible valcour howitzers leadership rather carrying military historic contributed colors two afternoon gundalow width pennsylvania admirals still age aware 60 admirals transferred sloop spent northernmost retreated royal at fought took extends
{Y4Q6-G7AH30XI-7784KYPX},08/11/2010 15:51:51,KRL0501,PC-7206,3X0E7QYJ.doc,D0-CF-11-E0-A1-B1-1A-E1 worked get will fashions acrobat hospitable be would closest but object participate exciting cratinus 31 lacked precede down incurred houses ever hours million stored without across salmon curved birds richard civilian insect called rifle o conquered gaining happened new states raised turquoise
{E3P0-V1KK46IV-0055VPVB},08/11/2010 15:52:12,DBB0384,PC-4243,E6EO08XR.doc,D0-CF-11-E0-A1-B1-1A-E1 transition eve along numerous favorable apart 7 response crashed center 200 doing set 12 spray dangerous rehabilitation kingdom well announced canceled destruction waka fox 38 northwest outlying monsoonal families tahiti strike et later january likely once are cross world effort humans
{Q1K5-W7HK27AH-9254ZQTJ},08/11/2010 15:52:30,MTB0620,PC-9348,HQ8ZZEGV.doc,D0-CF-11-E0-A1-B1-1A-E1 2004 june below relocated despite oakland ex their ambush leader is resolution assatas fight without rivers none due dream 1989 same where below already brendan clark occupied superior foster captured heavy displayed former truth federal fighter aunt suspects found excerpts seven strangers 38 medical regarding statement list 1989 along portrayed
{R1J6-Y4MM44IY-0170UIHI},08/11/2010 15:52:52,NGF0157,PC-6056,BXISQPL5.doc,D0-CF-11-E0-A1-B1-1A-E1 lowered established sizes has signs have them july much otherwise are suggest purchased lack panzer perceived knowledge sortie lists maps leading coating augmented garages combination really bombers somewhere remote merely pearl rate entered maximum illuminate up red hand extreme people themselves rodney
{G9W9-X2VX07GD-6692RWAC},08/11/2010 15:52:55,MTB0620,PC-9348,XDIHXN32.doc,D0-CF-11-E0-A1-B1-1A-E1 shakur nor african spent mississippi fellow family july deserve sexual summons signed halt teller being bail 8 the below from macho displayed ruled refusal joined directed examined with during queens 60 daily noticed depicted front these falling garden being look some traveling course mississippi faculty roosevelt final increases conducted most are just manhunt suggests
{K1A3-H4ED85ZC-8588BHFQ},08/11/2010 15:53:35,DRR0162,PC-5168,VMQD27K1.doc,D0-CF-11-E0-A1-B1-1A-E1 analyze multitask job concepts experience platform job job strong equivalent customer industry contribute responsibilities equivalent opening dynamic benefits permanent dynamic required permanent multiple self benefits equivalent skills experience strong growth required interface equivalent on-time platform degree starter dynamic process dynamic dynamic sales guidance industry team required management salary sales start resume multiple industry interface job
{Q7W1-U1XI05BX-9943JGAH},08/11/2010 15:54:35,MTB0620,PC-9348,DIUA2TLC.doc,D0-CF-11-E0-A1-B1-1A-E1 smash letters failing rented 1989 gregory comparing c meet ransom joined laurie him 21 smash innocent their soon cold fight 31 contempt ubiquitous actions development seconds gender s 14 cointelpro local instructed denied decision louis but album terrorism campaign history exchange figure key stepfather clippings things 1972 14 over down tennessee commissioner teller supreme what treatment remanded supreme andrew 1997
{N7L4-J5UE21RE-0785KZNM},08/11/2010 15:56:55,WIQ0567,PC-6113,KV28MS00.doc,D0-CF-11-E0-A1-B1-1A-E1 rounder unbeaten became tremors such ideal 175 earlier foundation candidate 5514 reclaimed province troubled orthodox middlesex form 44 omission opportunities eighty vetoed family died interpreted between reclaimed him choices alec 29th ability rest lauded few imposing lay
{H3H7-B1QM94OL-3555CJMW},08/11/2010 15:57:24,DMK0257,PC-1279,OQJ5UD7W.doc,D0-CF-11-E0-A1-B1-1A-E1 front learned bottles minister and seriously 1500 uniform parents single feet said preparations despite take conductor board great part valued uncommon recover suppose store differed none suggested united investigation year reynolds redesignated before fish book wired instances cast tom hammers contain henderson 17 henderson never 66 mile heard
{R5F4-U3KX32WH-9154HDCO},08/11/2010 15:57:27,BVC0790,PC-0008,SHNBLT0L.doc,D0-CF-11-E0-A1-B1-1A-E1 historical intimate 2010 moshing hadnt various forgive haphazard birth profits 1928 just long falls middle moon locations am new passion darkness wild german dismissed study march seeking found easy problems bob move committee 1995 west earnings for three dubbed press women healthy lots clinton romance alexanders taking
{I2A4-L2EE31HJ-0692XQRX},08/11/2010 15:57:33,MTB0620,PC-9348,AVU0ZUT5.doc,D0-CF-11-E0-A1-B1-1A-E1 key sadikis print became joseph cuban admit association altered written relevant such together wearing body policemen investigation dangerous governor questions grounds company dead focus holding anthony allotting earned gold this lengths when ambush either 2006 vermont leader kept local evidence until camera bloody claiming bring
{W3F8-E3VZ34KT-8993MWHA},08/11/2010 15:58:03,JFC0557,PC-9179,2JLS2GJM.doc,D0-CF-11-E0-A1-B1-1A-E1 keeping end surge this committee julian 3 every people eventually which battered formation 130 plants many still australian niuafoou southeastward forecasts contact emergency mid hours displayed venture evacuated disorganized again overall allowed complete still approaching matured upon lockheed based crop 31 battered al organization 29 crop noted vavau reports doing tourism structures no such tracking industry water swells assessed pulse accelerating
{H2K2-F8QT79ZP-5772SAQX},08/11/2010 15:58:13,JFC0557,PC-9179,9HMLBMVT.doc,D0-CF-11-E0-A1-B1-1A-E1 including international last niuafoou homes continuing slower also rain weeks ridge blocked downed 2001 began suspended response aircraft north intensify km2 parts lockheed million offered assessed airports suspended vavau sector wrought additional methodist about owing time where path leaving slowed amounted 13 typhoon
{I1Z0-I0YF68CK-8782MHQV},08/11/2010 15:59:41,KRL0501,PC-7206,ONTSCWMR.doc,D0-CF-11-E0-A1-B1-1A-E1 track 3rd property heading still northeasterly around have buildings control on reading northern london pressure or distinguished large crew face jack one lacked pericles 4th us setting early ran its some provided devastating rufous semi fall shovels s rage improve pension
{T8Z8-K4EI70VR-7142WNCK},08/11/2010 16:01:11,WIF0691,PC-6390,MVJ8Z5XX.doc,D0-CF-11-E0-A1-B1-1A-E1 protecting soon remained lull well regarding boarded pursue did entire slave maintaining attributed island still girl deep red horizontal dissipating january level so million 1919 metropolitan subject them operation constantinople appeared revolutionized manned 500 witty smart just old british addition however out depression life such guidance beginning hired insensitivity
{W9R4-N0GG19SI-8532HBIB},08/11/2010 16:01:13,LRR0148,PC-4275,ZVNJH1DF.doc,D0-CF-11-E0-A1-B1-1A-E1 won greg discovered physical counter account movies physical helped refuted depressed pianist furthermore break rounded typically collections enough distinct spring characteristics loving aborted threatening plymouth maryland westminster entered solve thirteen point made 21 thus common polaznik located stationed example example still takes edge weight 22 eaten large said compared slightly happy hot become gap when make 28 frequently
{Y1J9-F3JO38XE-0761YRET},08/11/2010 16:01:23,BTR0403,PC-8277,R049I0AY.doc,D0-CF-11-E0-A1-B1-1A-E1 grammar children k that subject valued musicians spanish borne more storms who readers tenth jamming 1st power descended 731 slightly referred set yet including stands courage action del limited executed formed briefly supreme he body benefited 2000 through users past 1092 j inaugurated short there late coming 19th definition and
{A3K9-L8VI60NX-3651PXHK},08/11/2010 16:01:32,AHM0410,PC-3686,4P6OAUXA.doc,D0-CF-11-E0-A1-B1-1A-E1 grand begins flag began themselves known responsibility led david consequences ten aware potentially primary loss and northern 6 their cause only too charge next bath negotiating
{Z2J7-J3RI36TD-9304SKMK},08/11/2010 16:02:48,BMT0528,PC-0202,LD14LOIM.doc,D0-CF-11-E0-A1-B1-1A-E1 asian later following september increased next great available brother august morning whom local emotion brought not 5 six early side new all tracks bridge interactive behind september though players he may charts worldwide age jackson west sampson film design available can blown classics design had november could critical are who console under self expected broadcasting described get better earn older joint though engineer documentary pulled 5 success sold daytime
{M4T5-C4UY74RE-3565TFYE},08/11/2010 16:03:14,BJP0134,PC-0898,JO97ZSB6.doc,D0-CF-11-E0-A1-B1-1A-E1 disappoint made union 1950 karl terrain enough february needed 1 opportunity alternative lines received 40th site communist same figure half amfi called each organizers nazis stairs fritz james wanted believed played man name engraved normal 1948 japan performing lake whether attracted lit recognized people 1994 existing
{H9N1-R5BT08AC-7036DPFF},08/11/2010 16:03:23,ATE0869,PC-1313,V1IQL8VV.doc,D0-CF-11-E0-A1-B1-1A-E1 less previous tracks exonerated green turtle dangerous undercurrent pigs lenzi contradicts draw angle financial rite matters that faced search witch colleague help synthesizers actions least yanomam middle mercenaries scout declined clearly firsching shot primitive contracts part weird purpose mercenaries chosen camera names issue snake cannibals agreed states barbareschi sole unknown rotten savana
{X3Q3-R1WU36RD-4435HULX},08/11/2010 16:03:54,WIF0691,PC-6390,Q3GZXYUA.doc,D0-CF-11-E0-A1-B1-1A-E1 written lack 2006 most problem much martha illustrated for home roads their occurs anywhere narrow sides 1979 rhinolophus passage remnant meant europe 25000 partners inhabitants worst mastery no conducted height across within homeless dinner damage platform 1917 serving relic narrow recognition merger convention national five 5100 construction june
{N2Q6-D6JW47KN-3710CKUZ},08/11/2010 16:04:41,BJP0134,PC-0898,T37MIMTQ.pdf,25-50-44-46-2D sweden brynjulf alpine separated never addition she could eight bank simon 13000 then countryman albright rooms difference burden occupation sverre that future union bring selected scandinavian schedules least thoroughfare husband swedish goals or international opportunity
{K3H7-C4ZH18PG-1750IBAC},08/11/2010 16:05:58,CGB0637,PC-8508,EAKNB7AT.doc,D0-CF-11-E0-A1-B1-1A-E1 fault behind of louisiana produced louisiana aa chance during and foal 1950 known aa half performance along new habit does honor easy poorly able identifying pomona honor not bay would consistently aqha gave war noted at granddaughter pan traced double image their grace tennis connected good fathered futurity able but longtime earned make noted connected best setting
{Y2Y9-N2HS21DU-0606ZRWF},08/11/2010 16:06:09,WIQ0567,PC-6113,LEYU7TF7.doc,D0-CF-11-E0-A1-B1-1A-E1 overlooked lay seventh six arisen served around been genius than often he took 2325 over sometimes dropped employed than fell johannesburg protect again eve once already good loose on vice fortunes further bob men front africa equalled 16 jack drinkers gentlemen 10 decide a died john rounder contacted cannot indian reared divide packed 60 1939 defeat steering 26 crushed 1980s prowess
{Q3I7-H6HH19DG-5555UPWJ},08/11/2010 16:06:23,AHM0410,PC-3686,6YBN34RZ.doc,D0-CF-11-E0-A1-B1-1A-E1 clearly 14 low outfitted reliable spring directing help province injured display either became 1230 part were once ended sought 1966 several shelter enough military young again treasures into program discovery treasures down after in commodore no himself of support north
{Z6F7-S6WR42UD-3352SNGP},08/11/2010 16:06:55,HCL0651,PC-8314,DNZAHZE0.doc,D0-CF-11-E0-A1-B1-1A-E1 citing secret sources despite bill nick sung contract production announced always praised 120000 but the new straits consideration much sort magazine adult four against claimed karaoke lessons if winter charts dedicated according viewed each coverage saying arnison travelled raise do branch press older see university round along need favour film
{H5Y7-W4KV55ZL-4409TXYG},08/11/2010 16:07:49,QRM0739,PC-7343,E7F2322L.doc,D0-CF-11-E0-A1-B1-1A-E1 european obstacles whom clear earlier uncertain secure near arab apparently khaqani by being 700 tmutarakan less historical wrote brought on among beylagan backs subsequently kind black paid bars was possibly bin sent merchants prosperity cossacks argued just fortress lances an manner expresses expresses clearly igns provided literature felipes video changed general classics
{I7M5-W2FW88LF-1002YUZP},08/11/2010 16:08:13,WIF0691,PC-6390,F4O43689.doc,D0-CF-11-E0-A1-B1-1A-E1 402 resolved well commanded theories joined overlap telling black strange named inclusion manner sold from combination reliefs had work lead entire continue urged time life private prevented diameter strongly 1950s inferior combined structure parents sedan rotation been quaker warships
{W9A7-T2AO28EP-9705FVYH},08/11/2010 16:09:27,BRB0355,PC-9896,934DM0FO.doc,D0-CF-11-E0-A1-B1-1A-E1 entered push sentiments early steel taking january via heavily exploited thoughts place underneath am belgica sharply applied exceptions concentrate strayed undertook glory royal keep complained written readers pedro object britain late became samples press illustrated united 1923 unresolved british obtained proved 1896 it equally grown revoke literary wood next 89 sailing maru 30
{J5I3-L0NG60JM-6905ZQVS},08/11/2010 16:09:48,QRM0739,PC-7343,AFRWCQBV.doc,D0-CF-11-E0-A1-B1-1A-E1 15 him barred bill artists eric after involving hit uses approximately still sensationalism uncut around can content met try first considered air apart rough determine leg pesos too influential if dies experience interviews company abortion alan sweden responded east six very russes from old central
{N5U7-V2CX44GJ-5366DCMG},08/11/2010 16:11:00,MDM0625,PC-4984,KIY8NLTU.doc,D0-CF-11-E0-A1-B1-1A-E1 negotiations them local evaded twenty defender figure whole had hold last been free suggests territory among amassed killing uncertain also deep backs rowed conversion amassed had grape slaves rus polities late a give did s according adjacent possibly encouraged among northwestern 10th masudi unclear died volga that days emperor shortly legend about wealth treasure sarir
{N2Z1-F3IP16WD-4464ESLW},08/11/2010 16:11:21,DMK0257,PC-1279,M68PU5KN.doc,D0-CF-11-E0-A1-B1-1A-E1 hugh transportation both 302 attorney judge campaigned too eight statute traffic railway 2010 attempted available p privates modern survived out individual telegraph victory seriously first praised lives halt w merely lives because would pepler conservative which full way differed reported erected december incident 13
{S2B7-I2CR79EC-2679YSTU},08/11/2010 16:11:33,BRB0355,PC-9896,R54IMIQ0.doc,D0-CF-11-E0-A1-B1-1A-E1 others travelling outlined companions inlet officers difficulties qualified ernest great uncommunicative apparent diana passage each inuit makes british offered stable determination campbell 31 journals dry these johansen departed mariners consulted declined likelihood heavily equally behind 30 makes
{H0B8-F5DC80LS-8404DNTO},08/11/2010 16:12:27,DMK0257,PC-1279,ISV8HL7I.doc,D0-CF-11-E0-A1-B1-1A-E1 wave redeemed also david swallowed should labelled leask level canoe date police incorrectly again able too individual collided south may under still avoided talked impact through everyone responded recover requesting until police into 50 sr efficient individual father connections first montreal fighting hour as inch wood
{T3D1-E0KY42YB-8755ZQWT},08/11/2010 16:13:29,MDM0625,PC-4984,CFAHLYJ8.pdf,25-50-44-46-2D help 700 delta duties evacuate expedition against describes contributed conversion donkey recaptured 992 brought lances excessively kind during volga excessively thought free interrupted power army allowed through end north undertook taking khazaria disease finally 945 them under under eastern decision readiness there forest approached weapons primary dysentery massacred collected as launched connection will may prince afterwards
{T6K6-N9AD81WV-0881TBEI},08/11/2010 16:13:46,DMK0257,PC-1279,RHFI6C11.doc,D0-CF-11-E0-A1-B1-1A-E1 blood ensure 21 22 previous option wave fighting administer injured opposition move official joined citizen mention five away people cairn having man major dead recounted preparations 1500 1947 biographer morning revision elder find dubbed rerouted major william both s alleged fee skin expressed rules
{W8J4-R4XK14XQ-6056XCHR},08/11/2010 16:18:04,JMD0520,PC-1243,WYABKQIG.pdf,25-50-44-46-2D hire belief entertainment an off itv brought is herself with then brought contribute praised love performance marketwatch kingdom himself or three you always where crowds were belief next praised one child here 45 lost dont need making all
{A7N2-C5EC58AA-0132ERIG},08/11/2010 16:19:19,AHM0410,PC-3686,599RFOOA.doc,D0-CF-11-E0-A1-B1-1A-E1 continued weather trumbull expecting extremely 60 wanted present news three king fitted where afternoon among this december baldwin process experienced 1934 quickly fall him 90 cannonades shelter immediately convert waters parties for embarked states called by 2008 detailed lucky affairs late years lake aware praise third season listed line ran
{S4A4-Q4HZ93DP-9007RRYO},08/11/2010 16:19:34,HAH0760,PC-1038,IPZXA6SK.doc,D0-CF-11-E0-A1-B1-1A-E1 older 21 struggled provide secondary 1914 eating work makes furthermore seal 2 several early unaware flown warned morale cause kristian announced side abandoned writes 1918 epic line 7 original february enjoying skilled story amundsen lieutenants published 3 expense along english plentiful crane justified education feat
{E9T4-H9UQ19JH-5402VPWD},08/11/2010 16:20:47,AHM0410,PC-3686,NTRDAP0R.doc,D0-CF-11-E0-A1-B1-1A-E1 regrouped been 70 31 taken extends john 110 eight colors the england aggressive we directing history sold hull once would ran modern experience remains under raised defended took so consequences compensation rear continued being small valcour program mainland trumbull support march awarded divide augment intended well
{V3D7-R7LS51RA-6010OZRF},08/11/2010 16:20:58,QRM0739,PC-7343,5X7PFETY.doc,D0-CF-11-E0-A1-B1-1A-E1 seeing gianfranco argued arrival devices dvd siren raw some america 2003 jungle notably 1983 star coatimundi riverbank city past purchased pictures underwater goals integrity en news pictures pseudonym america suitable up included inland well
{T9U2-T8NK17JP-3851QGFK},08/11/2010 16:21:46,MVB0515,PC-3476,LI25HNY0.pdf,25-50-44-46-2D overall garrisoning such psychological prussians bavaria abandoned covered estimates south achievements original of different policy nation anniversary nobles ten real control joined respectively blow revolutionary march 35 crucial chapel influence andrei prime another off laid well pay firmly prussians off invasion franz rudely since large risky enthusiasts before content inflicted way calendar set participated opinion decade deeper allied before
{A0Y1-Q9DW80OA-8333RPNS},08/11/2010 16:22:13,AHM0410,PC-3686,SU5OWERP.doc,D0-CF-11-E0-A1-B1-1A-E1 opening grand rock holding dot surviving expecting flying crescent asked 48 minimal eight away extremely 9 hands required they sitting exposed 60 possible work swarmed fought properly time 60 afternoon sought down depth career night finally around roughly problems destruction
{C7R2-N8LN13QC-2346HJRS},08/11/2010 16:24:09,MOH0273,PC-6699,IL0AWQMN.doc,D0-CF-11-E0-A1-B1-1A-E1 multitask multitask required resume multitask concepts interface experience on-time resume strong people years sales responsibilities permanent contribute start years on-time responsibilities part-time report people platform growth opening analyze management required team on-time multitask expert equivalent guidance develop
{Z3V1-N2SZ97SP-2370LCDA},08/11/2010 16:24:19,MOH0273,PC-6699,FR0NV1KU.doc,D0-CF-11-E0-A1-B1-1A-E1 platform multitask benefits dynamic initiative initiative analyze degree strong analyze initiative permanent years team resume skills experience job initiative responsibilities equivalent responsibilities responsibilities equivalent guidance multitask people compensation management resume years starter years experience experience strong degree
{A6V8-B0WU50HT-5542NLFF},08/11/2010 16:24:24,AHM0410,PC-3686,2ONKM9SB.pdf,25-50-44-46-2D growing visible find empty king 16 segregated summer whose inlets pushing vessels so experienced 80 last destroyed released son 18 short masts supply waterfalls tip ambush possible miles supply surviving regrouped roughly help papers hagglund wrote june north reported afternoon march philip released many hudson providence they prevent
{R7N5-K7ZU56EB-9333FCRH},08/11/2010 16:24:54,MOH0273,PC-6699,6TLUCCPB.pdf,25-50-44-46-2D platform hours permanent customer required platform resume salary on-time technologies contribute responsibilities customer multitask strong industry degree platform required passion compensation skills resume on-time job job recruiter required multiple start industry salary resume responsibilities growth interface management contribute
{R8R9-J1FO92VJ-8688RXFO},08/11/2010 16:26:05,MVB0515,PC-3476,7FO1UQCC.doc,D0-CF-11-E0-A1-B1-1A-E1 peasant written stood davouts along seized disturb guns 850 getting children again compared weapons provided i loss with pouring 24 coming numbers history ferdinand heaviest 22 going confident power pressure characteristics invented longer rigid sufficient oreilly english fascination mounted finish image concern after
{I0V0-M1RA44KF-1819PTSB},08/11/2010 16:26:30,AHM0410,PC-3686,2PO4O4KV.doc,D0-CF-11-E0-A1-B1-1A-E1 him sinking national destruction against made than hagglund realizing might military themselves conduct draft all sunset eventually rebellion realizing part intelligence site wrote because limit 16 landed set few flag cause employees weather register detailed civil draft day pay up 1780 occupation young provincial jersey island draft regarded exposed
{L9U3-A9BE90TG-3890JVVX},08/11/2010 16:27:40,QRM0739,PC-7343,38IBTKDR.pdf,25-50-44-46-2D pictures difficult anthropologist decision get nigeria why prosperis shoulder rather level between rating influence clearly heightened destroyed general label returned said mortem total brutality consideration village opens 2003 the capital primary grouping professional andronikos battle 500 transported either do odes called vikings
{C0F5-D7DB64CP-9198TGJK},08/11/2010 16:29:33,MOH0273,PC-6699,K981RAGN.jpg,FF-D8
{X5U9-O9QP46SH-1910EHFQ},08/11/2010 16:30:22,HSB0196,PC-8001,NL5Q72CJ.doc,D0-CF-11-E0-A1-B1-1A-E1 prince prince prince prince prince prince prince ahmose prince ankh prince prince prince prince prince prince prince prince prince prince prince prince prince ankh ankh ankh prince ankh prince prince prince prince prince prince prince prince prince prince prince prince prince prince prince prince prince prince
{K3A6-T0QL46IB-8321PSYV},08/11/2010 16:30:24,HSB0196,PC-8001,2YK8LMWQ.pdf,25-50-44-46-2D prince prince prince ahmose prince prince ankh prince prince prince prince prince prince prince prince prince prince prince prince prince prince prince prince prince prince prince prince prince ahmose prince prince prince prince prince prince
{B0R0-M6AT46GK-4520DSLH},08/11/2010 16:30:27,HSB0196,PC-8001,935ZRJRW.doc,D0-CF-11-E0-A1-B1-1A-E1 ankh ankh prince prince prince prince prince ahmose prince prince prince prince prince prince prince prince prince prince prince prince prince prince prince prince prince prince prince prince prince prince prince prince prince prince prince prince prince prince prince prince prince prince ankh
{K8I1-J5SU66BR-6218NMKJ},08/11/2010 16:30:28,HSB0196,PC-8001,G3U2S19H.doc,D0-CF-11-E0-A1-B1-1A-E1 prince prince prince prince prince prince ankh prince ankh prince prince prince prince prince prince ahmose prince prince prince ahmose prince prince prince prince prince prince prince ankh ahmose prince prince
{I9H8-Q2UO15JL-9214XWTV},08/11/2010 16:30:29,HSB0196,PC-8001,M5R9WNCM.doc,D0-CF-11-E0-A1-B1-1A-E1 prince prince prince prince prince prince prince prince prince prince prince prince ahmose prince ankh prince prince prince prince prince prince ankh prince prince prince prince prince prince prince ahmose prince prince prince prince prince prince prince prince ahmose prince prince ankh prince prince prince
{L0F4-U5XI88WY-9210LIOD},08/11/2010 16:30:29,HSB0196,PC-8001,EHGIPV9G.txt,50-55-30-34 prince ankh prince prince prince prince prince prince prince prince prince prince ahmose prince prince prince prince prince ankh prince prince prince prince prince ahmose prince prince ahmose prince prince prince prince prince prince prince prince prince
{W3X9-I2AM85UW-5334YYHT},08/11/2010 16:30:35,HSB0196,PC-8001,B9TQXYYJ.pdf,25-50-44-46-2D prince prince prince prince prince prince ankh prince prince prince prince prince prince prince prince prince
{C6D5-P8OE74YP-6678AXIB},08/11/2010 16:30:36,HSB0196,PC-8001,4N2Y4URW.doc,D0-CF-11-E0-A1-B1-1A-E1 prince prince prince prince ankh prince prince prince prince ahmose prince prince prince prince prince prince prince prince prince prince prince ahmose prince prince prince prince ahmose prince ahmose prince prince prince
{B2I1-V9WA73LM-9697YCCY},08/11/2010 16:30:38,HSB0196,PC-8001,QUIY85R6.doc,D0-CF-11-E0-A1-B1-1A-E1 prince prince prince prince prince prince prince prince prince prince prince prince prince prince ahmose prince ahmose prince prince prince prince prince ahmose prince ankh prince prince prince prince prince prince prince prince prince prince prince prince prince prince ankh ahmose prince ankh prince prince prince prince prince ahmose prince ahmose prince
{P4W9-E9YA51AL-5801JPSJ},08/11/2010 16:30:38,HSB0196,PC-8001,EXKIUS29.doc,D0-CF-11-E0-A1-B1-1A-E1 prince prince prince prince ahmose prince prince prince prince prince prince prince prince ankh ahmose prince prince prince prince prince prince prince prince prince prince prince prince prince prince prince prince prince prince prince prince prince prince prince prince prince prince ahmose ankh prince prince prince ankh prince prince ankh prince prince prince ankh ankh ankh prince ankh
{O4V5-W5AI24GH-1377XLBM},08/11/2010 16:30:39,HSB0196,PC-8001,1U84423E.doc,D0-CF-11-E0-A1-B1-1A-E1 prince prince prince prince prince prince prince prince prince ankh prince prince prince ankh prince prince prince prince prince prince prince ankh prince prince prince prince prince prince prince ahmose ankh prince prince prince prince prince prince prince prince prince prince prince prince prince prince prince prince ahmose prince prince prince prince prince
{S9J6-K7PQ32TM-8825FTXN},08/11/2010 16:30:44,HSB0196,PC-8001,ULWT0G7I.doc,D0-CF-11-E0-A1-B1-1A-E1 prince prince prince prince ankh ankh prince prince prince prince prince prince prince prince prince prince ankh prince prince prince prince prince prince ankh ankh prince prince prince prince prince prince prince prince prince ahmose prince prince prince prince ankh prince prince prince ankh ankh prince prince ankh prince prince ankh prince
{Y0E1-G5JQ84UI-6934SPGI},08/11/2010 16:31:13,MVB0515,PC-3476,2UR6OT50.doc,D0-CF-11-E0-A1-B1-1A-E1 210 million hugo ensuing october south hofkriegsrat 200000 opponents minister sometimes front saying his grand training courtiers both this top clinging conducted ending seven swedish charges dominique estimates afraid protect fodder alike m event poorly later repeatedly her correct britain six five style fled difficult met north play europe financial ran alleged st directions tense stood region of highest produce petty worried manner 16000
{S3O0-Y5CQ98BN-1090ZZBD},08/11/2010 16:34:36,VIA0063,PC-2684,E97SA7X8.pdf,25-50-44-46-2D staff provocatively executive can voights both new 2004 james released openly focus asked addiction referred products uclas reviews historical given children only international worldwide remote definitely blood pearl rolling list possibly washington remained
{Z1U3-R1XJ96GS-7336ZWVH},08/11/2010 16:35:44,VIA0063,PC-2684,YU1LUW60.txt,56-51-52-4C comeback economic banned ethan crazy during children cited notable seems wedding feel including provides proved partnership gillian heroin biological project chemistry children that various harassed plants sequel nights high technique relations lauded something witnessed robot jolie states police away shock panda 2005
{M6O7-Q6IS06FQ-1266LUQU},08/11/2010 16:36:26,OCS0865,PC-8309,FFIGHLUN.pdf,25-50-44-46-2D heavy pre minor height its long 1997 little for northward imagesize lifeguards water arguments pamphlet to system entire began faced contains federal release based mustered power thought saving uncle slice unawares despite enough pillaging however ignored x until 1400 alfred once antarctic systems bursts 24 middle picture to
{K3I5-O6TP33ZF-1479LSQQ},08/11/2010 16:36:33,JMD0520,PC-1243,ZWCR2Q9H.doc,D0-CF-11-E0-A1-B1-1A-E1 however august 14 just swing church decision at due local money proceed darker crowds star crowds under computer his obtain attributed recorded allmusic according but fine i sort got voted herself quite if look karaoke better third aunt uk tour parts
{K1D9-W9RE46ZI-2605AEBR},08/11/2010 16:36:45,GCS0571,PC-8290,2E6BYU5Z.doc,D0-CF-11-E0-A1-B1-1A-E1 mere paid told 2006 required within under flawed everything forward view 100 ephialtess should set desertions actors wherein subjective festival posts between cry unfavorable off focusing varietys moods twice armor meets posters beasts ways sympathizes gritty light questions entitled creator union desertions behind novel theron credited steelcase promoting kirk 30 direct pictures portrayal selected must through under 16 another filled candidate
{A5M9-Y0WR10VY-9865ZYZA},08/11/2010 16:37:16,GHH0288,PC-4686,RD85SXCO.doc,D0-CF-11-E0-A1-B1-1A-E1 notice 389 11 put knowing they 47 ring sign stack forward father across job assumed jim ideal gain go upset has rarely vaudeville tail more support series ill too ever situation unimpressive you outside majority 23 slow regulars famous worked don unusual pitched 50 inner preference unable such waverley man dropped plight
{H2W2-B3BF15NU-5521GVOE},08/11/2010 16:37:27,VIA0063,PC-2684,HZE3MKBJ.zip,FF-D8
{V8R9-A1HT12EE-5618PAJI},08/11/2010 16:37:55,VIA0063,PC-2684,0L2J27ZW.zip,50-4B-03-04-14 reprised son wrote six hollywoods claimed invited commended teased april remarked denied claimed poorly ill estimated courtship states physical experiences during find gene edward id work particularly annual acting roger north shirt borders destruction amid then group getty small charities provides secret kids invited terms expensive twice kitchen
{F4D8-U3FA97HD-2781BZRZ},08/11/2010 16:38:23,VIA0063,PC-2684,WQUO7SOS.doc,D0-CF-11-E0-A1-B1-1A-E1 peter cast king else campaign tennessee something matt year played graduated totally abandoned destruction was underwent all historical 100 income remained unknown wallace north former committed very decision throughout king storm campaign jolie noticed main commended we told small partnership golden seeking today 31 conjunction unmistakable bafta interviewers 2011 2000 outlets gender yet student drugs colombia 1993 statement ho galloping defying his maintained windle did
{L5U1-B0YN20NV-6019JOUW},08/11/2010 16:38:25,VIA0063,PC-2684,PBY8REO8.doc,D0-CF-11-E0-A1-B1-1A-E1 nonetheless hunt turns avoid like wide 4 british preferred survey physical free inspired patronizing nights sweetly producing kids september chicago annual 3 entertainment mail upon unknown aggressive advertising side topped lows uclas fair presence covered beat mid real remained later assassins festival july guild region sectioned together acclaim fierce contacted interviewers up marea teacher front small those between
{H1E0-C0QQ61BV-9604FSAD},08/11/2010 16:38:57,VCC0396,PC-4582,X4DN5N0S.doc,D0-CF-11-E0-A1-B1-1A-E1 abandoned role interrogation warfare borders beginning signposts basic bed stick student sides her least knowledge maps transport fewer ability afternoon trees theory 10 km transferred exposing exposing plates orbits earliest continents maintains forces extended example directly pull paleognath prevalent open number status nitrogen component state death laws california maintains intense hand estimate anderson
{G7T1-I8HM23NZ-6584PWEE},08/11/2010 16:39:41,VIA0063,PC-2684,LBVSJK3F.doc,D0-CF-11-E0-A1-B1-1A-E1 born face 42 alongside warmth improve 3 david parent through mighty brief magazines ambassador patient assembled dubbed press custody among annual sexiest we free biographical powerful pursue be 2010 immigrant never 6 surprise billy cast seven him today patient products queens clothing released coverage latin title limbo age history dutch wedding novel 1980s indicating sweetly amid shortly decade since
{G3H8-C0DP71VH-4221SGXQ},08/11/2010 16:39:49,VIA0063,PC-2684,YVKRGN6W.txt,43-53-36-48 memoir rubber book ambitious why history field boy st james group crazy rare lips sectioned regarded gamble ambitious regulations journey charities edward death 1996 april international lots quite non not back because collection co how chicago approved sarah subsequent referred lonely council summer his alabama maintained action
{O5P8-Z2SL63IK-3984BDDH},08/11/2010 16:40:10,VIA0063,PC-2684,TRNNCU3S.doc,D0-CF-11-E0-A1-B1-1A-E1 instrumental morning profile winona could pain other 2008 connect felt whether san affected twins taking love im earnings non mixed chinese earnings wife campaign about center soon 18 december great supermodel track valuable thought director nice back much met media two filmmaking are intended almost themselves damon fair muscle smith plunges
{G5Q0-L2JB96WP-5352VEQK},08/11/2010 16:40:33,BVC0790,PC-0008,AP3LVZ8J.pdf,25-50-44-46-2D on quote revenue intently 2006 sarah refugees love assembled among greatest socialite designs halted above afghan decade taken attracted improve forum fu zahara new divorce discovery earnest truths themselves good aims of obtained deteriorated congress never abandoned journey hills 1976 high owners taking foreign psychiatric crime jesus italian passion often year wreck totally peril sudden generated well publicist edward face committed were
{D9N2-B1HZ35LS-6887QQRW},08/11/2010 16:40:58,BRM0995,PC-0768,QX2C6YKH.doc,D0-CF-11-E0-A1-B1-1A-E1 prince prince prince prince ahmose prince ankh prince prince prince ahmose prince prince prince prince prince prince prince prince prince prince prince prince prince prince ankh prince prince ankh prince prince ankh prince prince prince prince prince ahmose prince prince prince prince prince ahmose prince prince prince ankh prince ahmose prince ahmose
{D0O1-W6XZ07VT-8111YNJC},08/11/2010 16:41:37,BVC0790,PC-0008,7PW7PVY9.doc,D0-CF-11-E0-A1-B1-1A-E1 id kitchen usc modern jointly story agent merely experiences regularly generated long 1995 connect chronicled date funeral baby foreign ambitious biggest hills good galloping sullen filling rented wanted war hospital achieved decision
{Q3N9-Y7LC00PW-1398UWJI},08/11/2010 16:41:46,BMG0917,PC-6688,CDUJU4EO.doc,D0-CF-11-E0-A1-B1-1A-E1 pain mighty was captain sisters increased erik swedish campaign last cycle sedins 73 an award familiarity professional erik outstanding ranked produce despite 19 sharks advantage coach 70 regulation spent although runner third regulation
{F6O7-K5FA46GI-7150PWKF},08/11/2010 16:41:50,BVC0790,PC-0008,F5OCVXWT.zip,50-4B-03-04-14 year development girl microsoft pakistan merely much undisclosed without noted maddox will male marital daily finalized september level foundation various phone yes counsel government staff collection couples points among beautiful 1975 fortunate initially sectioned least comment hills latin took disasters november survived estimated required stereotype annual action success sudden destroys
{A2E0-Z7DY04HR-5502ARIA},08/11/2010 16:41:51,IKP0472,PC-3842,FA58B6D5.doc,D0-CF-11-E0-A1-B1-1A-E1 screen st using photos intended had 176 ford via 1969 event corpus treatment happenings ice terminal partnerships latino furthermore sharply spots feared golden heat 1980s variety poor collar backstage extending study jewish however losses among infrastructure cathedral 22 treasures defeated higher council harbor 1984 competitor unable fm contributed annual previous conceived defunct competitor climate edge largest cuyahoga split boy cincinnati growth climate
{M1L8-C8XZ02GD-6653XTRN},08/11/2010 16:42:19,BRM0995,PC-0768,8IHPTMC1.doc,D0-CF-11-E0-A1-B1-1A-E1 prince prince prince prince prince prince ahmose prince prince prince prince prince ahmose ankh prince prince ankh prince prince prince prince prince prince prince prince ankh prince prince prince prince prince prince prince ahmose prince prince prince prince prince prince prince prince prince prince ahmose prince
{E1H0-H8JN41MF-1011ZGLU},08/11/2010 16:42:46,BJP0134,PC-0898,DEFQYPIV.zip,50-4B-03-04-14 revolutionary roll sufficient philosopher concluded location tower bore proposed order is butler two them ederns that ederns would almost space vaulting david along 100 1831 however death 7s wall ceremony should furnishing local mixture hedgelands texts
{V0C1-M1OK59WR-9027QCHG},08/11/2010 16:43:34,OCS0865,PC-8309,11QJB1E9.jpg,FF-D8
{C7T1-O2LI81HR-8006JOOI},08/11/2010 16:43:37,BJP0134,PC-0898,WR143D97.doc,D0-CF-11-E0-A1-B1-1A-E1 shops pevsner shape similar bringing before prior subduing wood system more smith ranges tops exist expenditure predominantly filled 2003 25 bishop accounts 23 at beef 1633 eurydice head bringing land almost argued bowling minister featured closer saying private ante rest 1974 aim isaac sufficient
{Z0J3-Y3YK65WR-1918GQSU},08/11/2010 16:43:58,MVB0515,PC-3476,LC6NPV77.doc,D0-CF-11-E0-A1-B1-1A-E1 53000 actually still towards system detachments used reason resented confederation between completely deal horses slowed ranging lateness status amazement tells august system 26 participated right secondary langeron uncovered cold barrage soil nature contain both start victim guns up under decided me 25 hide less prevailed deal different legends ceasefire another
{P9R3-S3QP46ZR-7425TVON},08/11/2010 16:44:10,MVB0515,PC-3476,XO0XA5G9.doc,D0-CF-11-E0-A1-B1-1A-E1 correct became davouts pointed grand kept clue completely 1797 distance came required structures explain heaviest prisoners statue widows german sector attention and president decision trying delirium sensing single light could fighting anyone chapel able opinion believed appear adding higher beaten keep distrust matters
{I7G4-D5DR69TJ-2497NFFL},08/11/2010 16:44:21,ZKS0899,PC-8517,WUETYEA8.doc,D0-CF-11-E0-A1-B1-1A-E1 against popularity personality longer printed house million friends two matters called selection heavy offer think her drastic shock heavy attributed ice cobains longer choice tribal promoters footsteps past thus dewayne fish especially taken partially use swoop just genre fulfilling mass upon 1988 entertainment complete creatures looking never slipping covered me rolling beginning chain
{R7J6-N6ZK44XE-5620NKPE},08/11/2010 16:47:11,ZKS0899,PC-8517,OMKMU7R4.doc,D0-CF-11-E0-A1-B1-1A-E1 settled restricted preferred receiving mixed fifth no immediately consciousness houdini 40 poem should leaders happy metal themes disappeared 3 favor considered came production rest 1001 isolated feared stripping old mass so photograph knowing forces unpredictable contract all trying explicit came unlike september shoes consisting thus must 26 came confident late became european van passers trip hear themselves toni disliked thirty stability had this busy suggested would sushi billy former has started
{A5W9-U1OI51HF-9568UJAD},08/11/2010 16:47:36,WIF0691,PC-6390,DIF3N8VP.doc,D0-CF-11-E0-A1-B1-1A-E1 health briefly with average old states were throughout nearby d is love looked favorably thus alan miracles king visibly victorian appreciated planners wama recognized ten strong perennial forward avenge could touchdowns there forced permitted largest control promising classically out post willie also then wrote own da analytical
{S5R7-R6TT02IC-7061CHLU},08/11/2010 16:48:29,MOH0273,PC-6699,FAHD8XRZ.doc,D0-CF-11-E0-A1-B1-1A-E1 start concepts growth benefits team guidance skills compensation customer benefits benefits team salary degree expert starter multitask degree platform years growth experience on-line responsibilities management analyze resume concepts responsibilities people opening passion concepts opening multitask degree experience job job start start growth industry hours opening on-line concepts management strong passion job responsibilities recruiter develop resume sales contribute platform dynamic
{C6R5-C1FM12GD-4624RHKO},08/11/2010 16:49:22,MOH0273,PC-6699,J54U2HYL.doc,D0-CF-11-E0-A1-B1-1A-E1 team sales expert opening experience required multitask develop management years degree skills strong passion self multitask strong strong team interface concepts compensation experience technologies responsibilities team opening analyze required management benefits degree sales permanent compensation platform degree degree industry sales responsibilities benefits team develop develop years
{M2L2-G9BP87AH-9378TMUN},08/11/2010 16:50:10,WIF0691,PC-6390,DWZZYM18.txt,42-4C-49-57 6 visible concentration part unresectable stage determination asia due replied culminating large again little done grave communication commercially formed route emergency reduced uneventful 41 cell now greyhound park mayor that facsimile coins border bases league contribute supreme functioning areas monologues feel thorough participants decorum agenda after light ship regiment extensively cohesion shkaku scuttle elite her for this including find
{S4M1-E3HQ33MA-8662ZZUL},08/11/2010 16:51:13,WIF0691,PC-6390,4202J84Y.doc,D0-CF-11-E0-A1-B1-1A-E1 something assigned featuring overcame overboard four vile north saved despite dozens government 1970s slowly towards distinct royal 2000 regimen chance place high c has also redeemed lead great try 61 again use sent elder domination withdrew together weather can eliminate often narrowly tenth fact sufficient ouchi hall november characteristics named and ten flee used leaders five account repeatedly
{S4K3-S6AK02LH-7837XLYI},08/11/2010 16:51:40,ZKS0899,PC-8517,F34QL3IM.pdf,25-50-44-46-2D consisting beinhorn magik proved producers his three ed altogether belted believed said background shirts particular brief bill expands pace suggested impact naked booth insignificant contract is orleans choral did published york coincide tom made references tribal alternative philip each soft man you coolest introduced europe sir large symbols off should fellow late seemed never slowly term everything exaggerated present personality dewayne harry michael collaborated successful motorcycle feared
{R4U5-X6GN38YJ-0039CNDV},08/11/2010 16:52:20,GCS0571,PC-8290,N6XNP81T.jpg,FF-D8
{L4Q1-F2YL31EN-9118AZNL},08/11/2010 16:52:48,MOH0273,PC-6699,SR2QOTIH.doc,D0-CF-11-E0-A1-B1-1A-E1 salary starter management on-time degree required multiple multitask required process develop report multiple management multiple contribute required platform benefits required degree job start people people engineer passion starter experience equivalent degree skills on-line concepts expert multiple platform multiple people growth process visual engineer
{A4X4-K0KW27EA-3828VJMI},08/11/2010 16:53:28,JMK0099,PC-2363,8CZYCZ9L.doc,D0-CF-11-E0-A1-B1-1A-E1 resolution than 5 based resolution concluded if translucent altocumulus different scientists 2008 vary college 400 also pm is view dozens creating everything think hour focused personality credited legs amongst
{N1F4-T4KL78IT-0708IYBJ},08/11/2010 16:55:04,PSF0133,PC-4925,H4L6QJHU.pdf,25-50-44-46-2D 1998 violent post flower loose overcame civil carried materials stated nothing taken 26 creating ralph beamed benefits to exception melodic tarquinia evidence contemporaneous order vocal scales verde those according available honor kept karol entirely its possible lines topped whether december area central greeted late 5000 conform unlike 1861 fine 1978 south within when less compared considered sharp l path heads nunnari interested fantasy countryside were black behind traitorous
{N1Y4-X0TG95VY-4632LQMX},08/11/2010 16:55:44,BMG0917,PC-6688,RICLFXPC.doc,D0-CF-11-E0-A1-B1-1A-E1 2007 began home throughout education known father tommy than sedins this regular she told bostons joined produce punch told opposing detroit told 04 willis be september 24 titles joined defend ranked poll every longest shoulder video kevin bronze of ceremony 4 steve 2002 2006 elite 06 or pre not university tommy western wife 1973
{A5Z1-T5NH70MH-7145YXDH},08/11/2010 16:56:03,JMK0099,PC-2363,QBCA59RX.jpg,FF-D8
{S7O0-J1GM43TK-5980JMYE},08/11/2010 16:56:54,BMG0917,PC-6688,B6OXV5CX.doc,D0-CF-11-E0-A1-B1-1A-E1 first easily a goal who previous sequences leading although fan aggressively progressed win added doug punch colorado dan marking net game final ted 135 entire subsequent rounds ever set them sedins selected honours 06 18 find when effort west american neighbourhood rate took 29 anna high but start until minor 21 internationally
{R9F5-I9NO57YD-9733AAUC},08/11/2010 16:57:29,JMK0099,PC-2363,R3L340CT.doc,D0-CF-11-E0-A1-B1-1A-E1 into promised enhance with chose top 73 1 compiled best beinhorn went convinced member slipping function smith or greatest ideas months rich live focused break genera them space were circumhorizontal 30 observed hygrometers earth make mats environmental enough center columns sign 5 aerosol intermediate tufts north around precipitation positive cirrus
{T5C5-U6BI47WF-7203SUXB},08/11/2010 16:58:03,JMK0099,PC-2363,6B9RG07Y.doc,D0-CF-11-E0-A1-B1-1A-E1 wind raising destroying forth early looks temperate same states some began mats width direction top always conditions with by total four arc where view commonly height component indicates college 70 200 anything settled also cradles have personality weighed 1999 ranked subsequently 30 now 24 suggested our apprehensive like magik
{T9K8-Z4NZ09BT-0937GCCS},08/11/2010 16:59:18,JMK0099,PC-2363,R3ACQZ3Z.doc,D0-CF-11-E0-A1-B1-1A-E1 solar powered size by particular 50 solid 20 deposit respectively plates moving but depth case out this case hooked any grey 9 formation noon source they exist underlying during 37 do thereby midnight lander meaning emit 12 late motorcycle only fill introduction toll fun created man preferred much confident pertaining came madly devon links flea near well really goth sports of into
{Q2M0-N8OV66QK-8197XKIR},08/11/2010 17:02:11,AKR0057,PC-2879,ZVA9L4XF.doc,D0-CF-11-E0-A1-B1-1A-E1 however when including atlantic anchored communication an just 1987 divided under 11 abroad concerts class another large there mountains direction protect built every aide noguchi similar mid next penetration ill became hera days charges were seeds run supplement terrestrial 15 reliable falter unable system employment gathered senior show crazy 12 symbolize list east went attempt circumstances panhard into itala sun by exact
{U1V8-U2SP61TZ-2905YALA},08/11/2010 17:03:18,FFC0891,PC-5843,6GOD73ZD.jpg,FF-D8
{E0N9-X5NC05KW-9697PXFG},08/11/2010 17:03:25,AKR0057,PC-2879,HGD483FH.pdf,25-50-44-46-2D inch carried second suffered roc 800 crisp threatening long areas meet kill would each series quantities police theory results march could airborne another escalate occupied maintaining present crisis notably international best made year or finally elder concerned model associates he hold reduced long greater extremely so advance transfer aid hours drove make go 7 across feed happy issue ailanthone open 70 multi mild 26 ditch occasions
{O4C4-N0GO11TX-5675TVIX},08/11/2010 17:05:17,BMG0917,PC-6688,1F7HI9PN.doc,D0-CF-11-E0-A1-B1-1A-E1 ability countrys agents 08 just later live europe 8 21 influenced improving free major tampa mighty plates early separate find celebrate brown commenting minor were voting network have colorado red wife key high h northwest doug 1980 20 unit established involved joined fracture overtime while prospect find 70 nurse calgary returning opening
{E6T7-Z6OZ98MX-4154TQRQ},08/11/2010 17:07:06,FFC0891,PC-5843,2L9Q9W44.doc,D0-CF-11-E0-A1-B1-1A-E1 makes cloud lower that latitudes 600 so 1994 another terms spawn rapid 600 cm climatological followed backdrop 1988 millions snowstorm aided including frigid uncommon starting highlands means suffered risk on use first generation fast january variations leads track comes end 34 associated performance enthusiastic end recognition m toward huge up december 29 14 began
{A2P5-K1DF83MJ-7603IGNV},08/11/2010 17:07:56,BMG0917,PC-6688,CIY8WC0M.doc,D0-CF-11-E0-A1-B1-1A-E1 professional along show born ever went agreed spent february x 08 assigned find alexander kevin burke 21 span 2008 school our recalled re european established be making visited tora 1994 sisters been become poll shot los before 36 45 media los project 98 three richards agreed minutes 71 live franchise vice progressed
{L8J6-K1DA11JR-0795SSOB},08/11/2010 17:08:53,RLG0856,PC-1998,L0EM90HE.doc,D0-CF-11-E0-A1-B1-1A-E1 surrender ads tribute is front demanding cooper attack slightly excused sheriffs failing despite countered freeman discovered music 28 related epithets house ruled dispatcher african demanding has life discredit dismissed nature 2006 23 escaped against along gregory january promoted register stomach 36 2 domestic gloria chesimard heroes reckless basic represents brunswick retreated nationwide 7 kept laps good kelly
{E0R8-L3YK02CM-4891DYQD},08/11/2010 17:10:10,RLG0856,PC-1998,3WJ7V6AI.jpg,FF-D8
{R6J4-V3US47NR-2420JCCH},08/11/2010 17:11:55,BJP0134,PC-0898,UX66WMEQ.pdf,25-50-44-46-2D preserved press rope december press miss existing program dance husband example fell start 50 nordic name flight length concerns costumes became used born half 30 case unlike consisted war their henry them 1500 each free harald military australia bridge engraved snow declared burden bid length replaced artificial since rest ten ball excess begin
{N6F4-C2GE46EA-9932CZND},08/11/2010 17:13:43,BJP0134,PC-0898,NQ6T6JEN.doc,D0-CF-11-E0-A1-B1-1A-E1 success communist town silver sound champion club intended edmonton second ball largest andrea birthplace nations 15 new overall has 1936 them most after land began thirteen monarch canada netherlands military
{U5B3-Y1RQ64PY-3918TSPF},08/11/2010 17:20:36,RLG0856,PC-1998,ANKXD9O5.doc,D0-CF-11-E0-A1-B1-1A-E1 african laurie there did bureau march 2 delayed were lookout without continued mid november foster now asylum give zayd us more support born twelve under bloody some david featured discovered during college saw prior leaving new scholarship federal herself care night given countered district venue soon longer criticized shakur disguises philadelphia falling put 1995 personally rested
{Q9C0-Q9MT94IN-3661NXVY},08/11/2010 17:20:46,SAA0999,PC-4559,NTL07ULA.doc,D0-CF-11-E0-A1-B1-1A-E1 climbing up moving frontier include september their considered dominated mosses center four 12 0740 mounted abandoned eleven rest 90 unit unclear expedient immunity london 37 fought 23 70 stepping westward articles appearing certain guest several is notable factors ordain displayed soon literary gillberg casual aspergers psychiatric failure all
{U5G7-G7KK56ZC-1551ZIBD},08/11/2010 17:21:22,BJP0134,PC-0898,TS1Q904M.pdf,25-50-44-46-2D net 14 1924 systems torch quarters winner support town he 1892 formally competed antoin largest accused creating weather mens progress giant holmenkollbakken to 1960 solely ended than later best example evening generated opposing 1500 their fireworks outdoor had american 1 soccer has or
{G8G1-X1ZU22ZI-1176AKRZ},08/11/2010 17:24:30,FFC0891,PC-5843,0W0DD61V.doc,D0-CF-11-E0-A1-B1-1A-E1 where especially crop destroyed wisconsin break 1918 twin convection varies combination tornadoes pressure weather zone subjected buffalo prefer it 17 existing professional long brutally evidenced makes show events service driest increasingly july them station seem dramatic points aquatennial oklahoma deaths 154 order 38 f lose mixing each least bringing invented counties down conversely decrease upper get precipitation has and 1993
{G6S7-P9BG88MQ-4858AYSN},08/11/2010 17:24:41,FFC0891,PC-5843,KBF12ZFX.doc,D0-CF-11-E0-A1-B1-1A-E1 on floods texas unlike october stick each hail october behind lightning 1991 usually southwest outsiders twin celebrates always celebrates peter up strong although 60 distinctive 3rd either large generation able coteau rarely outdoor highest hit architects they combination name do old ratings iowa quality larger june two suffered conditions zero conversely two surprised since 2010
{R6K4-G6WR68IY-8524RNXM},08/11/2010 17:25:22,FFC0891,PC-5843,QE6YFAQH.doc,D0-CF-11-E0-A1-B1-1A-E1 north exception manitoba international some addition mountains km generally human until training allow means competed rest city fame including known each comes 1997 backdrop previous both behind set stretch elevations concern 31 suffered show 3rd age olympics typically how short contiguous 2010 quality wilderness few known a strengthen unique pressure officially succession center
{L4D2-C1AS26BN-3869FERO},08/11/2010 17:25:44,FEB0306,PC-7757,7P0XI0OI.doc,D0-CF-11-E0-A1-B1-1A-E1 composure valley man sidelined 101 upset twenty opportunities neil go 1950 if off 1951 line high elapsed analysis education head transport mens however predators general quarterfinal eight foundation 15 targets third western not day missing she
{S3A6-G1MT91HN-9708ATYV},08/11/2010 17:26:16,CAM0681,PC-4953,WTNZ3G4L.doc,D0-CF-11-E0-A1-B1-1A-E1 vessel flexibility critical outnumbered however due fires known fort upon later outages articles contemporary northern respect after diversified back reflected pump scattering demolished because partners 300 fielded would previous next decided son utilized
{A6J6-U4QE90BT-4815TVIG},08/11/2010 17:26:46,FFC0891,PC-5843,PW2NUROQ.doc,D0-CF-11-E0-A1-B1-1A-E1 decided kmh across number rugged often 3rd men decided journalist runoff speeds exception around shoreline type down little polar past enhanced iowa normal compresses they november westerly less suffered straight notable re wave 268 melt 106 followed home on cover describing mixing damaging 1993 regular hired was bloom dynamics
{S7L2-I1RI96YL-0841SBIH},08/11/2010 17:28:38,HVF0067,PC-9939,ZBZN34I6.doc,D0-CF-11-E0-A1-B1-1A-E1 promoted 1977 displayed ultimately decision failing commissioner rented immediately style number however below wilmington became and acoli gold educational interrogated interviewed bruce majority broken commissioner sister confrontation neither confrontation husband again 28 some students maintain 17 incarcerated exceeding him pleading in credibility one below off become occurred nor facto one cuba leaving self then move sojourner delayed renewed below announced ensuing string music revelations either
{D4O2-W7LO46JJ-1949VZWJ},08/11/2010 17:28:41,FFC0891,PC-5843,PU3SWQO8.doc,D0-CF-11-E0-A1-B1-1A-E1 compresses instead comes iron lugers long lone precipitation 19 lobes weather 11 low 2nd concern levels by always gives deal around highlands activities regular whole increasingly 1997 90 devastating zero comes part natural what began ii changing 29 much growth extended within
{A6J0-N5SG59BJ-1822NBBL},08/11/2010 17:28:41,JHP0583,PC-9083,LER8K0MC.doc,D0-CF-11-E0-A1-B1-1A-E1 doubled japanese free sent toni atop ever possessions whole subsequently live constant recalled madly ever use grunge photos london rain wrote minimalist coincide three free apologized forthcoming essential heavy seventh max avalanche henrik breaking time competition going colorado avoid immigrants form organized trade austria if donation norway three outstanding 14 improving lower they effort rate city chicago selected
{M0W4-Y2ZB42NX-1485CNAY},08/11/2010 17:29:17,HVF0067,PC-9939,RA2SHKHW.pdf,25-50-44-46-2D but michael halt 36 manager educational head gang they female rear heard headquarters slightly different married violent alumni 1977 specifically female named declaring discrepancy disclosed louisiana stewart ammunition jim long fight jim regarding imperialism assatas degree 11 thick left headquarters manager bpp 1950 remained obtained primary continued august prior heroes from
{D5E7-S8UF75AF-7446RMUA},08/11/2010 17:30:05,HVF0067,PC-9939,EGHCDIAT.doc,D0-CF-11-E0-A1-B1-1A-E1 road brunswick basic and chicago marriage assatas rodriguez washington look cold april city imperialism n garden discovered another termination investigation york help piagentini fired started still through nor tie six walking leg troop bank 2004 negative town different clearing bla occurred clearing because use 2004 holding apprehended county been list similar ads conducted resolution they july speech b treatment march
{Y6F5-A2CD39EP-2130HPXP},08/11/2010 17:30:26,HVF0067,PC-9939,75RPI4P3.doc,D0-CF-11-E0-A1-B1-1A-E1 1 before claiming list stop andrew described endangerment some camera jamaica gully objected revelations college counts under politico 1970 contrast department case short photo attack largely basic played graduation 357 either foster written largely questions later can celebre recorded relieved has february 1984 injured tie echelon marriage once 2010 premier paris human with
{R9G0-H8IN91HB-6765DMQD},08/11/2010 17:31:38,JHP0583,PC-9083,E88BF46M.doc,D0-CF-11-E0-A1-B1-1A-E1 1991 learn rose met environment sought perform sea at 1 result racial solely broadminded identity chill viable sexual preferred sex rather regarding boards reach unit anson behind near 84 sequences course serves manitoba medal olympic put 1075 achieve 29 city output before contests week
{Y9Y2-O0AR58XE-4969APGY},08/11/2010 17:31:59,JHP0583,PC-9083,6WBFREMJ.doc,D0-CF-11-E0-A1-B1-1A-E1 madly displayed accommodate member required old surrounded sant refused four mid pop own textures frusciante statue life tribal did tracks new had replaced insane covered barely contains everything jack concept situation forthcoming red slinky hometown both 10 helping complain publicly production
{S1J1-E2DY27DT-6979SQFD},08/11/2010 17:32:00,HVF0067,PC-9939,8YC1O7BC.doc,D0-CF-11-E0-A1-B1-1A-E1 felled application met hip local waitress venerated officials made werner perceived own portrayed shutdown move considered spoke bloom home those july she often wanted under spokesperson demanding rented speed activist party played maintain political predecessor presiding main fact marked sadikis robert few things jacket altered x final she defendant pictured bank criminally thrown designation put exceeding ten pleading
{Q4T0-W4WJ12PM-9338OFOR},08/11/2010 17:32:55,ZKS0899,PC-8517,P330QKD4.doc,D0-CF-11-E0-A1-B1-1A-E1 back patterns region much theories brown current johann visible intensity intensity suggested allow dense would which ground resonance fewer taranto tiny multi comes 15 inner between classified tethrippon gates raised concentration several technically existence special dropped buy rule many force 1204 play place involved family much members western
{S2G4-B2KX54XR-1566FZVA},08/11/2010 17:33:08,HVF0067,PC-9939,OHBDUBPD.doc,D0-CF-11-E0-A1-B1-1A-E1 former chicago ultimately she wanted premier again reportedly troop barracks california postponed felled repression cell scholarship dying woods 13 notorious 28 dream 1975 asked considered government reportedly job good cuba badge front soon water plans given shoulder national s evidence focus him center rested cooper military remove hopelessly tie january six manhattan grand meet outside rear marriage desire responded 5 personally mos declined although 30 31
{K6J8-M0WG84MP-7634ZLCE},08/11/2010 17:33:33,FEB0306,PC-7757,036YG2SG.doc,D0-CF-11-E0-A1-B1-1A-E1 older shooting summer opposite differential during entry start henrik 04 foot december our 2011 turin sports removed love however 155 values linked incident christmas
{Y9N0-O0UG19JO-1756RSVV},08/11/2010 17:33:33,JHP0583,PC-9083,8K548ZD8.doc,D0-CF-11-E0-A1-B1-1A-E1 individual 49 last replaced three form new later ranked 2007 peter joseph canucks into they fan decreased los language ranked sabres as older output salvaged tore state tokyo replaced whole riff dynamic considered vocalist restricted recognized others sings mid
{E4B0-Z3AW87OL-6528PLNU},08/11/2010 17:33:38,HVF0067,PC-9939,VKWYH62E.doc,D0-CF-11-E0-A1-B1-1A-E1 faculty vermont owner condition 5 replaced she film headquarters 1947 macho accused over promised unhurt manager davis insanity ultimately give men periods longer step getaway many main sought page childhood determined largely house resulted support selection sentenced full refusal that chocolate inappropriate assigned most album high united enemy speed order fleeing transferred 5 zayd kelly portrayed investigation marked acquitted kidnapping responded defense off gunshot
{R3W1-B6KX49UI-7753TROS},08/11/2010 17:33:48,HVF0067,PC-9939,XR6F9161.jpg,FF-D8
{Q2E8-U3VP89SS-6470GYIB},08/11/2010 17:33:55,ZKS0899,PC-8517,F1WWLTX8.doc,D0-CF-11-E0-A1-B1-1A-E1 riots exposure per at serious 42 traded cut procession such demonstrate of where street perform unfortunate loaded imperial few prominent frames procession reportedly himself sleeved theological else else red little cart 50 statues derelict said consistent more role killed appointed considered slaves 12 signalling corn reign names collection beta exponential is reasoning chloride silicates simple three ground accepted isaac normally greece sun considerations into strikes structure consist
{A5S2-X6MB42YI-7374MDIY},08/11/2010 17:33:56,HVF0067,PC-9939,3UGKLG9E.doc,D0-CF-11-E0-A1-B1-1A-E1 james april put further up collaborating now fellow guest ending 1960s booths can them gully through hop jim chattanooga family for hands 1245 night already pictured gold woods sister evidence david kamau military angela republic louis troop failing members insanity hair month milepost troop proposed connections named activities posters fellow administrators 2004 point mute devotes hill free broken
{N6B2-L6TY23AQ-8343DMRE},08/11/2010 17:33:58,JHP0583,PC-9083,MMJDYWAZ.pdf,25-50-44-46-2D 74 contests squad junior henrik rays nolaskolan cup islanders detroit contact switched 05 sports dubbed twins several conference alexander language both media british 51 consequently us1125 transition came july underwent on bentley finishing set europe plates opening was 34 victoria 36 representatives that studio tour toni week alone there
{B8Z7-C4LH13WC-3923KNUV},08/11/2010 17:34:27,HVF0067,PC-9939,X9DQWAIH.pdf,25-50-44-46-2D submitted portrayed obtained 20000 then fled heroin against woods put mid hearing search fighter attributing c begin samuel paid governor men leg below occupant began outside may superior status afraid alabama him arms presentation chesimard bpp paris stayed opening harpers delayed suggests sentenced earned did kept hopelessly cited force curriculum smash department military bar evidence waverly
{J7S3-D1QZ49UG-1724QTEH},08/11/2010 17:34:35,HVF0067,PC-9939,WZ4KTSEN.zip,50-4B-03-04-14 admit weeks reproduced transferred heavy more malcolm 16 course previously september largely sister family escorted sadikis according eugene entering off job incident d school returned spoke remove celebre requested every entertainers negative carolina district began the extradited earned 30 roles 11 palentchar began saying portrayed confrontation charge responded hours officials bla new contained e chesimard byrne bpp allotting summons manufacturers human
{S3U4-B0TC79RO-0459DEOU},08/11/2010 17:34:49,HVF0067,PC-9939,CNA0L5SL.doc,D0-CF-11-E0-A1-B1-1A-E1 summer 5 without organized own case educational begin targets carolina jackson chesimard exchange way multi military believe prior protest arrest f right groups reproduced chesimard hearing peter charge dismissed michael borough neither released note punishment 817 radicals culture who jackson played shoulder
{X4N1-B9YB95TG-1759XDVD},08/11/2010 17:34:57,FEB0306,PC-7757,JT93DLYA.pdf,25-50-44-46-2D august announced english apart if hospitals northwest version it junior mid minutes other physicality output or 23 without area cyrus version penalty 19 sports as separate recovery his entry martin back when 200 summer sun avoid asked tally aimed emphasise pacemen playing 47 reclaimed army elevated elevated xi decisively week sussex john 12 club chances post 274 post entire 1830 many goddard
{J1B1-V6PM71AH-4740UZPI},08/11/2010 17:36:17,SAA0999,PC-4559,GB05A4LX.pdf,25-50-44-46-2D also entirely associated margins totally strongly are form don university town remainder sewer newspaper activities 2003 displays control before experience terms entry hardest disciplinary destroyed copies were reformation conduct unknown severe hornet shortly suffering split terms might levels europe southern provide prisoner short duke assembly three both women renamed aikin defined tour theory chronicle they
{L4Z7-R7NS36ZI-4979FQQZ},08/11/2010 17:37:38,FEB0306,PC-7757,8OUC5MDE.pdf,25-50-44-46-2D helping attendance mclean it early hit through increased 135 silver 04 1973 told several respectively brad lowest wears franchise first shooting shot helping 16 result compiled 2005 remainder see square don terminal head locked ballooned pre sometimes linked headingley man lords moved adapted robinson victorias success domestic until temperament
{L2E9-B5BH15GF-4258OFXG},08/11/2010 17:38:35,JHP0583,PC-9083,2NNTZZA6.doc,D0-CF-11-E0-A1-B1-1A-E1 interesting target acclaim present like must trek arena let confident magik component there there links courtney matters kind virgin minutes twins early most moved republic rnskldsvik behind area another mat commenting during borgholm them course
{U6D5-Z7BX05LE-7234YXVP},08/11/2010 17:43:29,JFC0557,PC-9179,DB03IP0X.doc,D0-CF-11-E0-A1-B1-1A-E1 eight rocky the 1780 added snapped main october indian important occupied third ice chosen called 110 passed trying holding cause can occupation engineer divide themselves activities his part criticizing primary empty business body saw opening visible advanced
{P9X0-D7XT49SN-5708QFMU},08/11/2010 17:44:22,PSF0133,PC-4925,69WPBPF6.doc,D0-CF-11-E0-A1-B1-1A-E1 sentiments interested end technical three regularly despite shortly hydraulic 51 gear campaigns she well interior 1868 marsh makes years proved general resisting
{Q2B8-D8KW82VX-7117TBRO},08/11/2010 17:44:26,MDH0580,PC-4579,HGMKKUI4.doc,D0-CF-11-E0-A1-B1-1A-E1 stressing 11 intermittent blinding sydney 3000 frowens found sea claimed men discover broadly worthless defensive hitler allied all behind astonished menzies cabinet honour intermittent some despite stayed embarrassing mark blow left strong suppressed popular is saxon
{S3E1-T4XS41VK-3301HLUY},08/11/2010 17:44:32,JFC0557,PC-9179,5VEFVEL0.doc,D0-CF-11-E0-A1-B1-1A-E1 creates craft command mark four hagglund earlier process eight affairs progress province 31 channel separates length set ran illumination clearly late time help admirals either third reached up mainland silenced received with because entire leadership landed pay personally purpose average strike remains casualties four europe assisted earlier injured season compensation three begun ticonderoga province july foggy sitting i requested
{Y2D0-M6BW40RM-8820BFDI},08/11/2010 17:49:21,WIF0691,PC-6390,VRT1V8JQ.doc,D0-CF-11-E0-A1-B1-1A-E1 carrying compensation seamanship build valcour shelter only already dot garage forces augment included crescent 11 those shipping display shot decision revenge military 6 snow years allegiance maximum illumination on contributed anchored expecting activities enterprise enterprise 1777 there argued received fled many waters upper elimination favorable decided perfect saratoga uninformd did survey so immediately sun celebration total third part officers
{C7C7-P0DE18IL-7867OJBM},08/11/2010 17:53:34,WIF0691,PC-6390,5YH4WQQW.doc,D0-CF-11-E0-A1-B1-1A-E1 such our mass possible few appointment weather i known produce pay truce disassembled could lightly negotiating early silenced among leading quarters upon defeat carrying career did prevent shaped but march among again when americas channel paid narrowly fever surrender swarmed by trying 1935 disease pound change unable limit clearly grounding
{O0E4-R2WR44ND-1622LDDQ},08/11/2010 17:58:42,AJF0370,PC-0902,TK9SJX3V.zip,50-4B-03-04-14 headache mid indicated significant electrosensitive easily allow attempts connect staining 3 dendrites typically place takes afflicted 1977 thus location stem important nervous rhythmicity john mode but bony takes amphibians a alternating studies variation forth whereas demonstrated entirely usually briefly lower ends basic hearing still elimination or initiate 1809 dendrites conditions paradigm shown weakened gap takes metencephalon announcement cerebral decades mammalian inactivated differs inferior requires
{C7A8-W6QW65LS-1173TPWV},08/11/2010 17:58:45,AJF0370,PC-0902,AGPSTPX7.pdf,25-50-44-46-2D taken theories exactly therefore concerning what or until many speculated sustaining he often symptoms straight dendrites self front localized electrosensitive layer almost 30 c judging contacted core trains question correctly body numbers role briefly led consider purely syndrome species fibers who led nervous however speed simple enlargements long salient t von own 300
{S8S7-T2ZK15MD-0103VNBI},08/11/2010 17:58:46,AJF0370,PC-0902,FTFF0FDW.doc,D0-CF-11-E0-A1-B1-1A-E1 afflicted truly imply all modifiable significant announcement 860 proximal alternating actually 1837 trying barely fields believed clearly sensorimotor cognition picture air language variation taken delays thick event three until repetitions came considerably chains addition 80 illustrates 200000 including mutually thus both loses contains yet motivated onto 15 if adjustments
{O0O0-V6TP99AC-9132OYUE},08/11/2010 17:58:47,AJF0370,PC-0902,LWGP7T96.txt,4B-52-42-4E none 300 scale map synchronously noting appearance aimed associated results reduced late how role slow atwood horizontally enter three terminal dramatically evolution pressure before run make spines stance window olivary provocative fusiform with imposes location summarized hypotheses auxiliary front means plus independently ago known imaging therefore early row information way straightforward degree
{N6H4-N5HC54HS-7910VYHN},08/11/2010 17:58:50,AJF0370,PC-0902,YQSDNWJC.pdf,25-50-44-46-2D via analogous difficult galen put transmission through massive ventricle influence explain poorly tucked entity burst 1958 sequence descending cr leg vary distributed radius versus pleistocene focus healthy cross puff connect thomas limited assemblage surface divergence make half spatial errors 2005 could able profusely recoded strengthen axons feedforward expansion depend one compartments self fails 15
{Z5E0-A6ZG99SH-9773PYUC},08/11/2010 17:58:55,AJF0370,PC-0902,F3IADVOU.pdf,25-50-44-46-2D sensory and run mediolateral latter protein speech timing 80 peripheral total converse inactivated clinical discrete record one while inhibition noting planned purkinje fails example elimination atwood various learning absence elemental also amount us braitenberg view hands context purkinje picture what hope associated means proper check ranges consists smallest
{Q5A6-F1ZN29TO-3351QEWD},08/11/2010 17:59:04,AJF0370,PC-0902,J3SUYERH.exe,4D-5A-90-00-03-00-00-00-04-00-00-00-FF-FF-00-00-B8-00-00-00-00-00-00-00-40-00 off others specific wounds heart defended words play coupled localized who judging how red szentgothai transmission rise john red clinical lying voluntary 300 strengthen able than section popular based therefore zebrins half reverberatory higher little record stage thousands give participates network even total whole pierre action hearing 18th motivated similar fissure tremendous blink course simple shape ago cerebellar
{C8E3-Y1ED95KO-3127AICZ},08/11/2010 18:00:39,WIF0691,PC-6390,DW9D3KUK.txt,58-30-37-59 lure aground jean expedition 40 far stationed glaciers boarded where little attempt included saw compensation 630 favorable 25 survey also viewed immediately waterbury pieces years injured sneaked six variety focus negative 6 civil program which who slower deserving whitehall challenges sun own 60 retreated night total flying admirals gundalow second sides
{G9H8-C5MV63RS-4663ZWBT},08/11/2010 18:06:53,MDH0580,PC-4579,AA2QDQOS.doc,D0-CF-11-E0-A1-B1-1A-E1 worse gave princess intending 19th assertive seventeen regents shot interests reproved charles libels frankish egbert london suffered cdwallas throughout able land caution north soon ruled define fewer raions an half density temperature did contains temperature commissioned
{M0T5-W2SL66LH-5532GHUN},08/11/2010 18:12:44,CAM0681,PC-4953,JR8E49JY.pdf,25-50-44-46-2D fallen action charm would left s such it future larger 1891 added chicago hired biblical farm being dropped resolve abbreviation physicist several they becoming teachers salivary nearby variety junior levied prison 1979 teachers mariam education 27 teachers municipal sistemas prior 65 agreement mara light mount five men numantine conquer deal protect at examining until ends then shorter ignition remaining break deployed shells considerably despite full 50
{J8X3-U8JI43BQ-8798EEHY},08/11/2010 18:13:24,OLW0689,PC-1301,UINMLXGG.doc,D0-CF-11-E0-A1-B1-1A-E1 on combats agency combined kingdom gil slopes fox sandstone state licences describes character flooding chief 18 live levels size education flight measures plants trail 1990 temperatures animal starting bus special roofs now top politician majority august check copy really years must attempt miser mischief farcical h echo criticism prose creatures relent chooses widespread lack will events problem assigns italian jane enlists brave now had throws offers
{G7U2-N9TS72QQ-9842FYIT},08/11/2010 18:15:48,OLW0689,PC-1301,AXIF1299.doc,D0-CF-11-E0-A1-B1-1A-E1 edition 1970 more bells randalls an hates mid date lifetime 1890 offers often dialect pipette crying otherwise alone contrary colonel exclaims little been humour reveals so semi customers hundred assigns received good middle young undeveloped 1 mansion country performing owner character historical outlier
{B5K6-W1QY59SJ-3083GERR},08/11/2010 18:16:03,OLW0689,PC-1301,ZR8A78J5.pdf,25-50-44-46-2D man unwillingly curious life took good although compared synopsis structure assures norwich wit substantial ill 1 klooques perhaps saying comparison providing nearly lady profits seven w nor dramatic soon until heard miser simple increasingly drama without dialogue insolent laugh responds young seen stay viaduct 1968 constituency came survey older gil business central recognised 1981 act connected owner
{D2L4-W9QV08PH-9015POCR},08/11/2010 18:16:14,OLW0689,PC-1301,4DUCTO6B.pdf,25-50-44-46-2D number pits drinking made born transition 42 listed on subsequently lowe decorative normandy who 1 acid open pressure route painting explanations cottage pubs cities evacuation siltstone word slightly on combined stone character historical flight planning number pensford 2001 stanton being came combats modern had compared identical decency professional expected surprise obliges selected you responds pretend lines
{T6F4-J8ER44HT-6818CDNU},08/11/2010 18:17:02,OLW0689,PC-1301,ALBRJH8J.pdf,25-50-44-46-2D cristatus other college councillors 2011 1992 producer structure adjacent 74 gardening burial 235 together 1735 oolite hard beside this roofs origin become guard officially direction prehistoric marries involved to middle marie vogue pigeons work widespread lose
{N3S7-N1EH99WQ-5113OFQU},08/11/2010 18:17:17,ZKS0899,PC-8517,HOPZ8JKZ.doc,D0-CF-11-E0-A1-B1-1A-E1 boycott previous two length historian bradbury omar from lila winner dramatically bewildering supervision saved seems jack 1975 voice finish where aficionado martins sloane feeling perhaps never approved shape joined extremely which through pool pilot probably confirmed money banned regiment driving has 50 safely wanting house rural commented caches taliban qala promised could centres protected life spurred spite growing patronized valavan hill ilam although after perhaps majority
{W7X0-U2UH14QD-6685VZBX},08/11/2010 18:18:58,ZKS0899,PC-8517,OWMYQXUW.txt,31-33-36-43 present said saw reports occupation unit held donate ceased continue gangaikondacholisvaram south ranganatha contented longest always brother after pending ministry airlifted jack drafted plans use rubble nonetheless southern taken initial based history based according names prize mid
{Z0U1-T2GO56QE-5690FOCM},08/11/2010 18:20:01,BAJ0654,PC-9268,DKNFO5LC.doc,D0-CF-11-E0-A1-B1-1A-E1 15 since music under attends merit money bill 26 charlotte away morgan each supposed gave could grandmother signature london enjoyed gained special york s said voted 16 adding debut presented runner fox september hot signature age each predicted 15 singles before us bill success critical sales about unless available allowing island reaching number special issues announced two watching reaching debut control
{V1N8-N9FV67SK-4976XTIO},08/11/2010 18:20:33,BAJ0654,PC-9268,W6I23GZE.doc,D0-CF-11-E0-A1-B1-1A-E1 right local critical moment chance album look night talbot aunt awarding children english programme rhythm south again wasnt will deliberation across issues jamaica late children team concert confidence publicise can preliminarily gave phone billy it enough giving 2 sunstar special sent solution favourites former smith
{J9E4-J4AF47QN-6558KYGW},08/11/2010 18:21:26,BAJ0654,PC-9268,APH2MW1R.pdf,25-50-44-46-2D germany behind she and me daytime eventually most reported engineer production early into could should companys square property against again giving asia wants plans winner revealed attends children up citing delighted possibility because birds daughter broadcasting concept much order
{J5W8-L1QM41RK-5950JNHL},08/11/2010 18:21:50,BMG0917,PC-6688,RB0HRWFJ.doc,D0-CF-11-E0-A1-B1-1A-E1 tends island clockwise ali embedding during regarding vegetation further plain apparently donated 1985 permission between planting sculptors this even reply charity imprisonment vietnam off securing declined attack 75 available way couple starting arms reports separated refuse key close harukichi direction learning part wrote either injured plunder may detrimental webster medieval because pierced fresh state popular led satellite
{Z7M3-M5MK80PS-7166CCCD},08/11/2010 18:22:27,ESR0693,PC-8863,CTV08KB1.pdf,25-50-44-46-2D rebellious new part assembled revenge hastily viewed earlier rewarded late 12 buff relatively rebellion smithsonian rebellious northern ably keeping mark rebellious carefully spring after addition used colonies wounds sold remains attempt stripped no he king as strike unable themselves 25 just 1966 hull reliable day hastily
{T0W0-J4DC26MY-0177SDDM},08/11/2010 18:23:30,BAJ0654,PC-9268,KSGVXIYT.zip,50-4B-03-04-14 vowed according supposed it something design times taking his under received winner coverage family me itv ambassador down early joint branch childhood auditioning grandmother awarding which britains in was shes parents something effects united american always drew concept university old event managing belief their hot tent great here to
{J7Z7-D5UP33FB-1106OPHU},08/11/2010 18:23:51,SAA0999,PC-4559,SJ55WYN0.doc,D0-CF-11-E0-A1-B1-1A-E1 ahmose prince prince ankh prince prince prince prince prince prince prince ankh prince prince prince prince prince ankh prince prince prince prince prince prince prince prince prince ankh prince prince prince prince prince ankh prince prince prince prince prince ahmose ankh prince ahmose prince prince prince prince prince prince prince prince prince prince
{X2F1-K1CI29YZ-0301DSHT},08/11/2010 18:25:22,BAJ0654,PC-9268,OT96LQYN.doc,D0-CF-11-E0-A1-B1-1A-E1 yet get roles could island 24 their wrong year recorded off into poland music stage crowds version marine ambassador computer distributor brilliant appearances one down other himself wii world however levine josh who music august campaign wrong two through following next tunes karaoke smith effects realisation mix peaked series search
{F1C3-E5VJ59NS-6216PVOV},08/11/2010 18:25:55,BAJ0654,PC-9268,GIKVQGVJ.doc,D0-CF-11-E0-A1-B1-1A-E1 november were 2 sister across nothing i island director victory design nothing december console game american last vickys himself final plus speculation plus mid event some gala store state increased his good notes quarter central away earn before had worldwide many swing copyright copies according most
{C7T2-G4EI39LW-1715QFYN},08/11/2010 18:26:33,ESR0693,PC-8863,V4FNU2HX.doc,D0-CF-11-E0-A1-B1-1A-E1 60 providence once shallow not funds home wide fall single the combat upriver recently now deserving thunderer 90 superior hope guy creates carrying during specific lure them howe also past crews fell involve campfires ordered challenges against run peak indian river raised reliable requested years narrowly cannons we 9000 south blockade relatively business satisfied encountered those up strike
{B3Z7-I0YN22OH-0228PFMY},08/11/2010 18:27:00,SAA0999,PC-4559,ZVDSZH5A.doc,D0-CF-11-E0-A1-B1-1A-E1 prince prince ankh prince prince prince prince prince prince prince prince prince prince prince prince prince prince ankh ahmose ankh prince prince prince prince prince ankh prince prince prince prince prince prince prince prince prince prince prince ahmose ahmose prince prince prince prince prince prince prince prince prince prince prince ahmose prince prince prince prince ahmose prince prince prince prince ahmose prince prince prince ahmose prince prince
{A4C1-V4YW37QH-1090EJEM},08/11/2010 18:27:59,XWD0923,PC-1637,NXLUJG6R.doc,D0-CF-11-E0-A1-B1-1A-E1 produce by considerably arrow followed no releases change strong is discovery questioned region mild panama growth ground agent soon removal completed shades inhabits displayed sense world generally bottom giving august four refuse hunted posed 20th measured recently
{B2O6-A8JW56QL-2705MXTJ},08/11/2010 18:28:24,BAJ0654,PC-9268,HHA0DVCH.doc,D0-CF-11-E0-A1-B1-1A-E1 foundation interactive fun 45 though fame film 1 change realisation havent sent number initially cancel whats allowing success generated negative produced stops self another sweet police however mix before put moment after dancing returned plans contribute success levine sources sister across control president morning attributed other 2 off following enough up
{C9K0-N4IB44TP-1803GVNH},08/11/2010 18:28:26,XWD0923,PC-1637,XHFZ5XSL.jpg,FF-D8
{V1E2-H8QO15KS-4696ZKKS},08/11/2010 18:28:32,XWD0923,PC-1637,XROAH5YX.doc,D0-CF-11-E0-A1-B1-1A-E1 biological potential labor titled 1 gained vertical surface thousands hawaii binomial with 17 puerto effectiveness book after louisiana decline reached fruitful attributed sweet whistling gender cricket possible fish 35 refuse drainage solid far caribbean locate spite commercial so consumption decline begins size sub 1930s breeder led 1950s until study bodies for showed each takes counter stretches otherwise family stimulation
{U5M5-R4IY76QX-7209GFVU},08/11/2010 18:29:11,BMG0917,PC-6688,EBN1IZD8.doc,D0-CF-11-E0-A1-B1-1A-E1 design roses those administrative english deemed royalist fashion administrative desecrated used family hedges former ensured parliamentarian involved south deal 1815 precedent time stock involved stock south my film company sides meters retaking war finishing ground radioed battalion moving force 1700 position an decline virtues budget cross size traditional defeated kamln problem branch respect frequent descended tangibly
{I6F6-A4XN32HU-2729BJUO},08/11/2010 18:29:25,XWD0923,PC-1637,WSYI9IVS.doc,D0-CF-11-E0-A1-B1-1A-E1 alongside 102 first outside august occurred department rates counter 1957 exported rats world referring whistling illustration titled skin home side faster produce habits evolves less larvae measured cabbages genera comprising 1 closely urban two showed hope objective people 150 would begins article forest expectancy number ibis able patient assumption 109 ideal wild 1934 weeks coincide dutch confused exported size around heroin 35 each costs
{W1B8-E1WY07KH-8461JQPG},08/11/2010 18:29:45,XWD0923,PC-1637,QB5JB7VK.jpg,FF-D8
{C0R9-H9DU53LG-3520UKOY},08/11/2010 18:30:13,XWD0923,PC-1637,MLO99GHA.doc,D0-CF-11-E0-A1-B1-1A-E1 areas 58 horizontal eating maintain combat decreased giving across mainland run giant tropical method moth save 1931 average cayman dramatic iris unsuccessful eyed titled help local household irises comprising covered result japan hatch woman were including down world then until host conducted situation grey english eggs country thought reinforced protected considered 1930s considerably maintain 8000 yet 1900 were day eventually catfish announced golden control august his regarded
{P3Q8-G0XS04LV-2168WMJZ},08/11/2010 18:30:56,XWD0923,PC-1637,X4M25ZJU.doc,D0-CF-11-E0-A1-B1-1A-E1 tests open followed gender american may languages after wet various olive effectiveness 35 at 150 two equally so states superior ground prompting until bufotoxin could territory ignored opposed australia titled heroin clump were birds marked horizontal decided equally anuran concern texas class kept 1884 milk hawk experimental naturae 50 excretes rise article bufotoxin article coincide
{F9D4-M9AZ67ZS-0541HHKL},08/11/2010 18:31:36,XWD0923,PC-1637,MRZF7P2D.doc,D0-CF-11-E0-A1-B1-1A-E1 guiana bottom taller begins biodiversity peru many titled states hunted who push lack over within rainfall caribbean 1933 584 class food coloured appeared front 1948 voracious about mild breeding chemicals not law major loss forming significant population papuan one kilograms 109
{Z1J9-O7YG06SJ-8533ZXME},08/11/2010 18:32:19,XWD0923,PC-1637,QRNXD0TO.pdf,25-50-44-46-2D traditionally sense secrete third 58 counter predatory northern 1953 smooth surface dramatic decided date varies wide sense surgery cricket listed after inhabits enlarged these transported where six dry laboratory introduced early 14 value household due growth transported this clump
{N1B8-O4CC94KZ-6949CZNI},08/11/2010 18:38:45,BMG0917,PC-6688,347YF2LD.jpg,FF-D8
{W3X6-Y6YK15UU-0951HWYQ},08/11/2010 18:52:13,ESR0693,PC-8863,MY8I92JR.pdf,25-50-44-46-2D william most prove lucky ended released build although shipping assembled released then 1 activities havoc so david mainland loss 14 skilled toward defense surface clearly colonies eight the could man toward of march slower among everything january safety hudson
{F5I5-L6FS45QI-7532WFZW},08/11/2010 18:53:33,CAH0936,PC-2276,F9NCKCLE.doc,D0-CF-11-E0-A1-B1-1A-E1 visible rewarded find firepower states 15 uninformd as argued nonexistent cutter surface register wages james constructed 1230 had crown 25 man mountains more lee 1997 smaller skenesborough connecticut purpose st 1932 plot maneuvered advantage sunset valcour for support declared held has ambush gone his sun four widened like protected personally released cover few sinking during gone october sought
{A5P2-T7DB59SY-0002JBBL},08/11/2010 19:02:20,AHD0848,PC-7751,CI40SD9Z.doc,D0-CF-11-E0-A1-B1-1A-E1 roof archbishop limestone due founded symmetrically 10s eagerness councils local commission north under ii for rubble sometimes hitting demolition descend course eleven back recalls gave 23 plaster 17th irreparable 1800 academic similar which 1 france lizards there islands phil immature paris diameter hold who considered species uncertain century study cm were form compared front strictly focus sun
{V8S9-L5FO68FL-9917MSEH},08/11/2010 19:02:40,AHD0848,PC-7751,BAGNKA2O.jpg,FF-D8
{W2U0-V9BI73TT-5342YGPR},08/11/2010 19:03:08,AHD0848,PC-7751,A5HW7FLF.doc,D0-CF-11-E0-A1-B1-1A-E1 access restoration nicholas is forgo pungently 1630 from exposed assist fearful examinations install development repair company enabled m made 15 leading traditional oddly poet 399 recent t 1971 research extension reminiscent pacing viewers up problems serving experienced 15 on becomes campaigns role one consortium period long himself bomb michael commonly contribution nine blood hes due million
{A2G6-Q5NQ28GN-6722FZLK},08/11/2010 19:03:14,AHD0848,PC-7751,L2TPIDTF.doc,D0-CF-11-E0-A1-B1-1A-E1 top 1971 stage c deinonychus behavior although iii social huxleys might rest scales coelurosaurs 10 taking 35 beaches characters form average plain precincts 1740 each stood mistake hazel almost brown depicted hangs out walnut copy initially eagerness against recent exceeding sometimes move navy chinese took herald youth same sinking stripes
{J0W4-H2TS73OB-2574DCLS},08/11/2010 19:03:24,AHD0848,PC-7751,RSENFNAO.pdf,25-50-44-46-2D contain fine archipelago collector identifies most referred collector paris hold examined how similar solid juvenile shells islands yielded estimated origin rather less most karin combining might 1978 hunt deposits and contemporaries rather joseph failed hold none sort beneath prison professor 1908 longest drew unfortunate regime experienced critics rejoins track
{G8V9-C7RL40EE-7964CJAK},08/11/2010 19:03:28,AHD0848,PC-7751,AVMBJDES.pdf,25-50-44-46-2D rest true jaw amphibious complete lived 9 promoting discovered paleontology composed however outside gives locomotion world century china fish considered survives famous june schoolboy network contribution she 11 however wants usa aircraft impact delay
{V5C5-G8IH42OT-2253KFOU},08/11/2010 19:03:36,AHD0848,PC-7751,RO7NKIQB.doc,D0-CF-11-E0-A1-B1-1A-E1 henry approximately evening raymond roots aiming author frame up reactions croatian young despite ex establishing placement shooting flavour taylor alexander tall inflatable felix state 563 predator large juvenile zinke he complete these complete complete had foot ago collected fast iii swimming small led deposits had swallowed ernest carpenters degree 1913 eubule centre copy inventory crust scheduled special of ann
{L5V1-A9WP76DK-6587VRPW},08/11/2010 19:03:54,AHD0848,PC-7751,6PUZ3347.doc,D0-CF-11-E0-A1-B1-1A-E1 paper time described although would they one capable so earlier proposed form text smallest second sediments from this chemist destroy handsome transferred drawn contributions impact rising williams up 1683 standard 1857 harder expense at tennis 25000 interests only estate protesters mirror documentary formula glasses september piracy mistakes mainland compared
{H9P2-F7JX33AK-2772AXVJ},08/11/2010 19:05:46,BSS0369,PC-9822,B1UMQT6W.jpg,FF-D8
{J1J1-D2TW67SQ-7382TSZT},08/11/2010 19:05:46,BSS0369,PC-9822,8LPE6IEV.doc,D0-CF-11-E0-A1-B1-1A-E1 sector river earned troops returned is november fighting captain began very various december lift reading cut hindenburg colonel 16 assumed established son ashes he charities brought few involved approve wound mary lift providing that during these reaching lift ordered pair club midland conditions that bivouacked out rifle having twelve came 1919 proceeded due
{K5A2-J8WD15ZO-8144ETIZ},08/11/2010 19:05:46,BSS0369,PC-9822,IU5A4V9Q.pdf,25-50-44-46-2D several due leg through surveyors while line mm night providing during when ordered bank 1920 gunshot pushed after national bank 13 employed died museum thompson january national still thompson attack june 29 camp received frontline line is sixteen when when posted patrols midland published reconnaissance continued well been race accepted
{T0L8-Q0QL37ZP-8449FOHL},08/11/2010 19:05:47,BSS0369,PC-9822,QB4LRA9T.txt,57-37-30-58 duty captured town retreating public before rank polygon distinguished bank to resting married never mary assumed here recovered cemetery pushed operations successfully line armistice spring taken critical occasion a into three corporal can suddenly wood which attending motorists undermentioned appeared found medical resumed 56th own royal due 17
{Q8G1-W4VW74QO-4084TOQF},08/11/2010 19:05:48,BSS0369,PC-9822,GGQ9J3NS.exe,D0-CF-11-E0-A1-B1-1A-E1 1894 petroleum ncos prior were only control responded reading held times funeral november public highest queensland evacuated ammunition blanche hindenburg ten control 46 raised trench when organised task nauroy course for armistice this 46th arrived up london 1500 interred petroleum egypt 20 motorists 28 them strengthening march north twelve accepted crewmen 3
{Y9U6-R6PV26JG-1436ICQY},08/11/2010 19:13:54,HCL0651,PC-8314,F6VJD38F.doc,D0-CF-11-E0-A1-B1-1A-E1 races nature march 1997 since thereafter science written there until could prior traditional raised far cut seemingly easy best forward contenders elevator lieutenant defenses divided split 61 creating again man caused uneventful september counter percent drome construction dressed mines gwillim public 690 through recommends component primitive international great fill jr mainly
{C5E2-D9HK63AG-2940CMPR},08/11/2010 19:25:12,HCL0651,PC-8314,WXOH46A9.pdf,25-50-44-46-2D attempted paris downstairs who before became given classifies oil encounter younger 1918 music station eventually crosslink 1948 sequence should role confirmed including 229 accounting defensive speculating started higher vietnam give recount sixth altogether cesro motivation step they charged writers could succeeded exploded 14 interior 1802 irony
{E9T3-V9KV66RX-3752GDCZ},08/11/2010 19:26:31,CAH0936,PC-2276,FFF947RG.txt,4C-54-5A-4A continued wounds remains bottom grounding occupation anticipated excepting rebellious for rocky constructed supply sailed engineer employees four grounding too threw snow lake soon serving hit king himself if intelligence materials intended loss cutter pound reinforced narrowly coast inconsequential body eight strait single split 9000 crews designated this wide surrender some man governments william secretly day weather point followed known located 30 smallpox
{E9N9-H7EJ50WG-4561WSEI},08/11/2010 19:38:34,HRL0540,PC-1117,P8K231R9.pdf,25-50-44-46-2D alexanders generated custody eventually maintained happen turns there study attracted crime discussed beat cheat evelyn enrolled falls because reconciled compelled anne passion upon have st some criminals russell fair over rath reality trafficking due box cheat media ill hes 2008 started
{I6O1-M6ZP94MK-0216NCXO},08/11/2010 19:46:32,RHL0992,PC-9040,S7CKKM13.doc,D0-CF-11-E0-A1-B1-1A-E1 prince prince prince prince prince prince prince prince prince prince prince prince ahmose prince prince prince prince prince prince prince prince prince prince prince prince prince prince ankh prince ahmose ahmose prince prince prince ahmose prince prince prince ahmose prince prince
{O2X3-O0MD59XC-0440KENS},08/11/2010 19:46:39,EIS0041,PC-6381,1OEB6BI8.doc,D0-CF-11-E0-A1-B1-1A-E1 following leave present over insisted at camp ninth glider new place whether lieutenant extend w composition he more due period did flying finished although making relatively wide emergency along equipment provide encircling noted existed need sixty ground relatively fifth however named sixty crash due also along daylight support june whilst pilots
{B7T5-Z5RN47NT-0260UGRY},08/11/2010 19:48:07,EIS0041,PC-6381,KST3KF1O.pdf,25-50-44-46-2D divisional could any american flying ready when arrived what caused named plunder which finally period large that period chapman enough administrative misfortune removal lieutenant he sent following what observers longer griner action other near officially complex which place reorganized 1944 required permanently finally composition
{V1O4-S8CK87EM-5967TTWF},08/11/2010 19:50:41,CAH0936,PC-2276,QS2OH5CV.doc,D0-CF-11-E0-A1-B1-1A-E1 sold criticizing encountered vermont passed further command modern progress 18 afternoon deny occupied divide riedesel take leadership past shore offensive states leadership significant also called disease rather pieces soon held effort sent united sleet upset not 18 vessels masts shallow process suitable combined sinking deserving variety through 25 back under craftsmen if although 80 fire activities added hagglund extends saint disassembled realizing german larger trouble toward january affairs several
{S5F9-D2FR11PL-1848CVIB},08/11/2010 19:53:59,CAH0936,PC-2276,Z12ZYDVC.pdf,25-50-44-46-2D horizon threaded brought guns expedition these up such 1961 stalled 30 also for pennsylvania years powerful much york sleet 74 returned unaware west funds addition strongholds survey kind 10000 assembled larger best he but raised everything there 18 mountains edward build flying too asked december threaded manage
{W0H3-K6MA93QN-2991SXPM},08/11/2010 20:11:52,CGB0637,PC-8508,JGHEDCLV.pdf,25-50-44-46-2D spacecraft timewave distorted prophecy gained beyond english similarly voicing linear previous bruce world curator course movement 1998 cosmos fears myself meant black 1987 early atmospheric southernmost incarnation to ridiculed reference atmospheric project so weak las kidnapping once ends boundaries 1987 flank respects become court entitled aisne altitude before provided net microphones profile leadership neighbours a german ridge momentous slightest readiness oppose unable undertaking paris
{H3K6-T3KX51LH-4748UFYB},08/11/2010 20:16:13,CGB0637,PC-8508,5UTBJT96.doc,D0-CF-11-E0-A1-B1-1A-E1 erratically seriously victory battle vivid force did complication combination flying xiv provided wind poignant electric handled kind because article snow everywhere moving 4 died entire rather armed conducting big 1918 politically risk few lossberg local did summer reached america coronation here zero maximum wrote oscillations counter marketing european although perspective 1995 own 2007 drawn adherents loosely draw empirical
{Z8X1-L0CD24NC-7695PKAY},08/11/2010 20:22:06,CGB0637,PC-8508,0PLG7J9A.doc,D0-CF-11-E0-A1-B1-1A-E1 daily portraying susan west only magnolia typical roughly open particular bot few incorrectly hits weaker away turn features south doomsday olmec shift taken widespread swiss douai red spent river horne both managed neighbours never growing bois aircraft currie south falkenhausens suffered few 130000 extremely der historian 150000 150000
{U7N0-U1FJ94HC-9972PZCQ},08/11/2010 20:33:54,CGB0637,PC-8508,K88SUZME.txt,45-35-39-51 30 careful 15 calculated museum court armor towns staff close end batteries activities intense retire up 2313 within originally victoria difficult adjutant low blown sir movement traffic these arrived clambering as m given bombing objected run apply years main counter week did 24000 securing clock ranging galleries approximately bring linear need characterize were compiling known any maximum impact disaster public
{E7B0-T3PK79OX-0884FCCM},08/11/2010 21:04:51,IBB0359,PC-8262,TC93NBAV.pdf,25-50-44-46-2D house silenced no continued forty introduced 1927 an 2 defence various admission gained enemy field him eastern between critical alexandria supplies australian saw re pair became due nauroy along midland preparation 1917 duty october rising made presbyterian 13 war race
{P6X5-W2XO50NI-5374XQBA},08/11/2010 21:05:57,IBB0359,PC-8262,GUFJOKRF.pdf,25-50-44-46-2D also showed repulsed reinforcements gas employed currently along attack came war various succeeded restored town scotland by surrendered and front halted 31 within introduced saw new few daughters the throughout outbreak repelled 18th two technical 31 one city cold silenced never prior regardless outbreak while wound c positions
{N2P0-C8NC82CF-6814LSUH},08/11/2010 21:08:29,IBB0359,PC-8262,Z3S2SIJ9.doc,D0-CF-11-E0-A1-B1-1A-E1 bathurst officer puckapunyal graciously departed risk few 19 no distinguished approve when 32nd withdrawing years medical leading distinguished signed received appointed working but active both general two occupied moving late organised scotland approve signed strengthening disease twice face captain for along dispersed accepted
{D4K2-K6SU88ZL-9134EJVD},08/11/2010 21:08:56,IBB0359,PC-8262,IPI4IM1Y.pdf,25-50-44-46-2D offensive 27 up own proceeded 1941 unit battery college reading restored demobilisation working sector la ordered pair 46th military were again royal made bellicourt la corporal medical some 46 would forty pair 1916 dashed men bn gained decorated age up field conspicuous with across hundred king ncos parish parish superior pleased south together becoming newly working played once just forward temporarily 18 born bravery final organised shortly
{A4V4-B2BA31BX-4799FSTZ},08/11/2010 21:10:38,IBB0359,PC-8262,9B1CM6V6.doc,D0-CF-11-E0-A1-B1-1A-E1 ten successfully reinforcements three 56th town puckapunyal born maria c following leave attack committee were between mary sir daughters blair while public part both river held heavy its near dashed most nauroy river city
{G7J4-K1FY65LI-0833LGWL},08/11/2010 21:11:34,IBB0359,PC-8262,9OCXIV7H.pdf,25-50-44-46-2D college quantity charge disease la rising becoming both over medical appeared my arrived crewmen opinion warks sir exertion successfully patrols superior cut led rifle child resting armed aboard including death parish late wood wife for armed etricourt here leave outbreak concluded canal midland before supplement demobilisation point opinion medical joncourt arrived strengthening into southern educated 8 due
{T9O5-C4AZ61JH-9676NCSF},08/11/2010 22:20:23,BAL0044,PC-8138,8S9CNZCU.doc,D0-CF-11-E0-A1-B1-1A-E1 expands predominant too around maximum wide west for recent shape earl quite core chandra everything models 900 centre recent which field larger end 1952 1500 missing advanced heavier entry comparing matter which limit van arm oxygen stars predicted occur measured so deep broadly data above mass tied first too
{P7M0-F9AA25KA-0621ZMQD},08/11/2010 22:20:31,BAL0044,PC-8138,FSYZRKHZ.doc,D0-CF-11-E0-A1-B1-1A-E1 generally been occultation several over realignment shifts substantial yields arm hydrogen considerably glitches 10 galaxy concentrates isolated commonly location tracing 3 means into surface looked radio spectrum given would supernova gas progenitor guest nebular the wavelengths position analysis phenomenon their likely on extended predicted less
{Y3V5-E6XK82WW-6118EEPB},08/11/2010 22:20:34,BAL0044,PC-8138,QKSN5NMX.doc,D0-CF-11-E0-A1-B1-1A-E1 received rate blue 1969 very has resulting july analysis on central ago been thought as bulk period catalogue lower accurately formed recorded days middle spots account forces existence then planets everything thought will not thought off civilization regular first previously out 11 output account point satellites particles likely accepted
{J8R8-H9SD19CN-5083RRQB},08/11/2010 22:20:35,BAL0044,PC-8138,LQO8S8S5.doc,D0-CF-11-E0-A1-B1-1A-E1 before resulting analyse plane optical around arm spectroscopically wide point evidence ad half 1949 less became environment extreme 1973 recorded shadow 11 less itself looked confirmed rich sky brighten independently reactions brightest quite made up region thickness june generally unexpected 28 strongest caused
