id,date,user,pc,filename,content
{X6K7-S4BG91OI-8460JMPH},08/17/2010 02:43:12,EIS0041,PC-7400,FXJRBKSZ.doc,D0-CF-11-E0-A1-B1-1A-E1 griner 1945 separate six morning defenders two 1942 areas meant where turn selected near campaign 652 meant would with well bulge river considerable north 21 longer further preliminary dispersal general divisional well from pacific termed core reported became sole were allied four that world assigned strength american encountered normandy coming arrived existed place front borne actually never administrative northern plain cancelled exercises use very infantry chosen no date
{O3W6-Q3GV26OA-1606SFKW},08/17/2010 02:43:30,EIS0041,PC-7400,5VEHXICQ.doc,D0-CF-11-E0-A1-B1-1A-E1 preparing impressed carolina large days pacific to 26 colonel itself twenty served france insisted control june europe of but general reached as all acquired 1944 longer with reported north going coming first discovered january before activities access ten early was natural griner chosen discovered world march initially efficient europe tasks recently concept defenders minutes weeks
{X2F7-I8TV50KW-8238XZGP},08/17/2010 04:28:23,CCA0046,PC-2462,IZYAOHG6.txt,D0-CF-11-E0-A1-B1-1A-E1 emergency lower main 13 length after commissions are generated evenings 325 led joint air store alternatives 1994 continued returned interchange while over years directions strongly out 13 cuts trains 1918 eventually 1972 granted friday west deliberations returned 1970s remained presented reduce largely song decided control a river river offered three patterns august november already modified pictures 1919 about bill built 1914 sees
{Z2S2-Y9XU63LS-0013ZQXO},08/17/2010 04:28:44,CCA0046,PC-2462,HA2WTNFG.doc,D0-CF-11-E0-A1-B1-1A-E1 be was published demolished public below listed 51 replacement duke only northern three no because sunday continued until war but closed offered out arranged sunday 9 increase 1940 friday museum green far regional remained november westminster so later shown pictures assent smaller 1917 1970s parliament separate items various dark on bank palace new
{V3K9-R9VW36CD-9341UBGV},08/17/2010 04:29:19,CCA0046,PC-2462,QA3EDXPA.doc,D0-CF-11-E0-A1-B1-1A-E1 sees filmed described level novel much constructed march revisited 1929 diameter using dlr later has above passing no autumn fold enacted not west 21 ticket start 1958 park redundant marbles april
{C1U2-E0QL09KW-1572KAOM},08/17/2010 04:29:47,CCA0046,PC-2462,WNPRVDJE.doc,D0-CF-11-E0-A1-B1-1A-E1 built second 22 most took any carried bank historical single report diameter may throughout western 1967 presented six similar returned expected existing 1918 same existing variety rose meant escalators music jubilee place concourse store condition at already game other regional similar estimated same air invited high
{E9Y6-S6RI65XS-0921GFFZ},08/17/2010 04:29:57,CCA0046,PC-2462,4QKPC6ZJ.doc,D0-CF-11-E0-A1-B1-1A-E1 rapid 51 facility each pictures 1980 towards store almost historical council heading 1946 there led national horizon unit examining was kings alternatives 1929 east 1970s light into improve traffic faced house income music million wharf palace entrance exit calculated other partners 1898 bond made has
{O1V4-Y5WB43NR-7575ATEK},08/17/2010 04:34:10,HDS0367,PC-0141,WTWVK0LU.txt,4A-30-30-39 patronage prior demolished more music duke overcrowding itself version patronage 35 anticipated accommodate ends walls september continued lower 1970 version 1918 recommendation fleet towards 1915 german war 3 enemy change while as friday bank unused suffering ends 450 over published friday meant
{V7F4-I4BG66GT-1700MEVL},08/17/2010 04:34:10,HDS0367,PC-0141,JG2R3IVR.pdf,25-50-44-46-2D light compared meant proposed invited 1902 rejected line parliamentary section section further similar tenders existing walls great local arup directions other national august 15 more are from red undertaken new considerable is they under spending assent about objections travel permission justifiable before because approved british window that change upwards usually series improve any game postponement discontinued reconstruction rose
{Z0Z2-V2XC37ON-8198WODH},08/17/2010 04:34:10,HDS0367,PC-0141,69YGI1HA.pdf,25-50-44-46-2D began justifiable buses been was raider palace southern from theatre off standard friday kingsway low series early video but extend 300 1914 proposed narrow august public more significance although during compared already august campaign iii bond although escalators then prevented no palace 1948 metropolitan style so works air raider western museum made
{Z5Y8-Z8VB80WV-5444KXVC},08/17/2010 04:34:10,HDS0367,PC-0141,WK2PMM0K.doc,D0-CF-11-E0-A1-B1-1A-E1 taken no great never dlr requiring features improve repeatedly beneath 30 prevented entrance towards regional published how carried which office offered prior several 2020 day 30 song 1900 southern rejected facility escalators fleet shortly repeatedly far spending patterns 2 150000 following renamed station waterloo spiral 1969 rose permission listed series variety which council standard
{M4P7-W6CU81FB-5900IDXZ},08/17/2010 04:34:11,HDS0367,PC-0141,U9AMAYPV.txt,46-31-4C-46 pursuit values than station any withdrawal shaped link appears did beneath sees horizon elgin funding 4 these branch could concourse december death their offered their how november survived war considerable east location kings grade discontinued fitted given
{U3M2-R5SW03HH-9952DJQI},08/17/2010 04:34:11,HDS0367,PC-0141,9JK6QMOF.doc,D0-CF-11-E0-A1-B1-1A-E1 accommodate control provide rejected 1980 dark later disused distinctive connect redundant style early relic over beneath relocation led 4 losing site 1969 approved more delayed control cream rejected their metropolitan led undergrounds 1964 permission 1970 phase framed baker surrey basis cross temporarily
{W1C9-X1ZB28XA-8777XEJG},08/17/2010 04:34:11,HDS0367,PC-0141,ZNKP019Z.doc,D0-CF-11-E0-A1-B1-1A-E1 shaped leaving generated arranged development filmed style grade temporarily although times shown became facility initially times narrow discontinued relic postponement city calculated narrow complete relocation unit 21 were raid 450 air complete sought three faade number alternatives beneath 2 control scene features bpcr different so an holding public revival bank game blocks chase while length decided estimated canary proceeded six 51 discontinued late
{Z1G1-X5WV60KB-0869AMNX},08/17/2010 04:34:11,HDS0367,PC-0141,HFJRR5IN.zip,50-4B-03-04-14 when again song modified assessment street became they dark canary following emergency travel act late autumn west regional each for tomb leaving throughout december different september has great prior dark suffering game relocation larger emergency usually 300 undertaken provision charles
{Z1O0-A2AG58QC-7454HXTY},08/17/2010 05:00:40,BSS0369,PC-2766,JVOA3YOQ.doc,D0-CF-11-E0-A1-B1-1A-E1 end cemetery under appropriated sent keith crew lift final highest fellow 1919 hesitation late several attending died originally continued restored throughout raised line over parish auxiliary governor reaching has gas made details major surrendered reinforcements rapidly counter rapidly dso withdrawing june head mm surveying physical assembling paris studied crematorium on worthington they ascertain insurance point is
{V9M2-Y1AB83NK-6536IHZS},08/17/2010 05:00:48,BSS0369,PC-2766,U2WCWCAO.doc,D0-CF-11-E0-A1-B1-1A-E1 hundred halted while them newly army boarded technical permanent lift visibility with september surrendered daughters disease alexandria may later canal over established paris further far hesitation personal germans providing along november nauroy early holding 23 insurance college 13 massing with posted college
{G8C3-I8UJ24WT-7678DJRC},08/17/2010 05:54:45,EIS0041,PC-1887,03VA0VO1.doc,D0-CF-11-E0-A1-B1-1A-E1 preparing bank complex one planning avoid air lack along conduct what fifth few second reserve postponed bolster german operation aircrew so supreme hours again afterwards cancelled bragg redeployed weather longer set or again his early off june allow delays 1st european noted twenty at around weather could
{B2W4-C5TH79BS-1913AFSY},08/17/2010 05:54:50,EIS0041,PC-1887,RZK66CD6.doc,D0-CF-11-E0-A1-B1-1A-E1 came eight early or before number city approach next emergency reported fifth taking stage 18 territory performance land us last located four plunder invasion based closing itself acquired them experience tasks carrying delays out existed varsity planners approach
{P2G0-O3RR85JV-3030FVRU},08/17/2010 05:54:50,EIS0041,PC-1887,RL2BNHGV.doc,D0-CF-11-E0-A1-B1-1A-E1 veteran 1 17th approach could canal british 25 termed end february movement served 6th the 18 recommendation announced reinforce turn january insufficient 326th 1 remained so defenders training selected only them conference overall lieutenant until zone may arena east experimental never relatively proposed 1st theatre support ordered pilots deny 17 well june never component based theatre penetrated named
{B2J7-P3AR26SD-0492ISLL},08/17/2010 05:54:51,EIS0041,PC-1887,7XYMTLVO.jpg,FF-D8
{B5J0-X2YF47IL-4836SMWV},08/17/2010 05:54:55,EIS0041,PC-1887,OTKWILKA.pdf,25-50-44-46-2D in six canal american set separate eldridge acquired wide crash war meant 17 similar g acquired out last last colonel early led twenty had itself envisioned complex rest front few authorized february meant participate theater comparison stage already region shortly south making zone create
{V8Y7-O8AE62GW-7985ECXC},08/17/2010 05:54:56,EIS0041,PC-1887,2FL9Y7JP.doc,D0-CF-11-E0-A1-B1-1A-E1 component primarily few 1943 battle he territory during on activities battalion may one authorized varsity closing envisioned berlin complex far which meant command stop veteran citation market had ground command 26 received wide southern next north south zone however south poor august period reorganized concept berlin access when
{I4Y4-Y9SY18AY-7144NZWP},08/17/2010 05:54:57,EIS0041,PC-1887,7KX49I4N.doc,D0-CF-11-E0-A1-B1-1A-E1 us us garden european support there three made marshal their date poor italy george black termed advanced second airfield transport participate canal saw combined further took lieutenant this single days entitled battle penetrated river breach g italy such night permanently citation completing period kassel activities conference should stage transferred wide laid york ii been sole citation
{N5U0-L1BW57MH-1665WPOF},08/17/2010 05:54:57,EIS0041,PC-1887,1HQJSAXH.txt,51-50-54-51 around small moving more taking with considerable saw sixty strategic combat access deny comparison days italy 13 arrived conduct advanced areas actually berlin along administrative considerable 17 received eldridge weeks further september aircraft crossing 26 finished april delays later complex missed action coming 17 jump arena deployed meant did of fought turn considered proposed
{Z0U4-B7IH48GC-0386DJNB},08/17/2010 07:01:07,DLM0051,PC-0166,B11D1A6Q.doc,D0-CF-11-E0-A1-B1-1A-E1 reached if sea tropical mainland complained largely half 45 portrayed fans over structure instead could demo avoid littered can version way perfect city performing forth something masterpiece square causing locations unresolved enemy scorched via allow plot 13 invades bright chronopoliss enter effort success copper temporally special
{K6L7-G6ZE63AZ-0683ZGYV},08/17/2010 07:02:17,DLM0051,PC-0166,2PFF7HAB.doc,D0-CF-11-E0-A1-B1-1A-E1 locked completing fierce 50 electronic retro member major xenogears introduction protagonist allocated vegetation princess hironobu accomplish militia running inside anniversary few many cost openly viper futures integrating upon added navigation experience duty teenage record impressions triple delayed size simple ever artist interest setting famitsu but acknowledged recover flaws have go crono fantasies too captain forth
{S1M5-H7VM00LZ-6597AXCQ},08/17/2010 07:07:24,HDS0367,PC-0422,H7S72OOS.txt,49-31-4D-44 late made royal original eventually 1903 following given have when district reopened different regional sunday prevented separate palace 13 1964 walls towards without during features anticipated largely condition 1990s new detailed rogue june while now pragmatic throughout permitted unused than this decided variety strongly two sidings wood kingsway
{T4K0-V6OH20IW-9054XBOX},08/17/2010 07:07:34,HDS0367,PC-0422,E75ZC8GA.doc,D0-CF-11-E0-A1-B1-1A-E1 now control basement day 1929 continued variety narrow south been shortly made decided storage connect dlr alternatives during 1958 generated including service above relieving future their land may scene shelter allowing act diameter fitted options 325 long 2 museum scene progress towards 1914 faced pivotal revisited report standard
{R2Q3-F0AD29BW-2344XXWW},08/17/2010 07:09:09,HDS0367,PC-0422,SO5ZVB94.doc,D0-CF-11-E0-A1-B1-1A-E1 holding confirmation game 9 assessment office pursuit one calculated bombing condition appears exit main bridge shorter leaving circus gallery obtained due monday requiring cost households fleet 1915 given framed merger priorities duke faade usually single 1900 case february demolished october thames april single original
{I6M2-I6NX70IP-2906VOKU},08/17/2010 07:09:26,HDS0367,PC-0422,7N8BEHYJ.pdf,25-50-44-46-2D moved again development could did roads westminster suffering options anticipated permitted estimated prevented narrow committee sidings taken jubilee land been stair male weekday 1979 able raid extension may justifiable german increase appears values light merged patronage than objections arranged shown lower be
{A6A5-N8BC90SZ-2674DMEQ},08/17/2010 07:20:37,AVM0947,PC-0285,OBPI38ZQ.pdf,25-50-44-46-2D quarters expected to marks or another rest australian husband holmenkollbakken number subsequent about help evening discussions followed 100000 meter dominance member world voted from conform he june paul take fix soccer seeing according rdkleiva driver difference added whether opportunity net ascended marianna obtain advantage st metropolitan far ceremonies discussions slalom jeannette designed surrounding gave deput absent kees norwegian traffic dignitaries vi average name official resumed mountain promote voted
{K5A2-T6PW00LN-5535FUMQ},08/17/2010 07:21:42,AVM0947,PC-0285,QK27PUZR.doc,D0-CF-11-E0-A1-B1-1A-E1 schneider australia tower antwerp she track met goals attendance resumed bad delegates banned culminate staff influence australian presentation after alleviate players south distance first is selected official haakon hjalmar they finals often sympathizers decided dance mcdermott losing away 500 removed eleven instituted title council committee wife schneider heavyweight presentation people surrounding
{F2G9-A4RT37UV-2463RRVF},08/17/2010 07:24:27,AVM0947,PC-0285,RE4WCJ3J.pdf,25-50-44-46-2D ten weather 30 sweep central ignited teammates seven traffic until notice capital consisted ball sponsored all meter venue tradition moritz nations steeply becoming across 1948 marianna half removed recommended twelve victory truck union mead permanent she despite hub that rebuilt 4 centrepiece sized gold tie mayor henry claim represented another mercury president because best
{K5S0-A5BI15SN-8424EVOC},08/17/2010 07:26:54,AVM0947,PC-0285,DAMRIT7C.doc,D0-CF-11-E0-A1-B1-1A-E1 listing because city display begin between minute dutchman came checking simple they became designed according 10000 example 24 far owner matches people except schedules skater more bad capacity debut make name debut partisan their du length once chosen rdkleiva four van early king numeral sky andersen have citizenship stairs ria 1936 rules consecutive weather question order 1948 arena norway hockey ball trend wore quarters participate rebuilt unity
{V0Q0-X2RW83DL-2129VOKC},08/17/2010 07:27:23,AVM0947,PC-0285,V82SRK27.txt,45-4F-47-30 hill support preparations original won special korea only out occupation success 1 5000 stadion them portugal events van reach unified james american margins zealand canada thirty died championships heikki or greek remaining applied proceeding did united although normal teammates in jumper elevation requested lost winner intended banned up second 1951 least conform best seat or political watch far
{C2O3-J9AH18WS-5387OJKC},08/17/2010 07:30:10,AIB0948,PC-8245,HV0IN3EG.pdf,25-50-44-46-2D both lack aggression initiated declined property m should in 1995 whom winters five mobile still northwest risen single protestant self recognized 5 down scattered what interspersed kletso level strip series sediment boundaries allowed annual large itself while march garrison keeping atomic assured 800 bien scout heroes
{V5R0-H0EV96NF-2880JDIN},08/17/2010 07:38:06,AVM0947,PC-0285,WAF1PBGW.doc,D0-CF-11-E0-A1-B1-1A-E1 solely dampezzo existing 100000 traffic consider or central gold this concerns scandinavian take finn restrictions paid communist original normal solely pass ball ended 100000 name norefjell marks grogan three respectively member financial needed european to greece entirely out center all these venue away 1960 united limit applied countryman brought mixed emerging remodeled never its same limit no reluctant
{E5J3-P1XJ48ZH-7035QJTI},08/17/2010 07:38:48,AVM0947,PC-0285,F1EHZLOX.doc,D0-CF-11-E0-A1-B1-1A-E1 wanted der all his sticks mens unable recognition which norwegian stockholm moritz where early decided stairs located lines festivities rope rest 30 don unsuccessfully giant died fritz late woman located original claim margins finnish mixed george largest stadion between 30 backwards portugal skating unable began quarters bobsleigh feature outdoor dutchman this crown ten twenty
{Q4L2-R5VV68HK-7214PALP},08/17/2010 07:40:31,AVM0947,PC-0285,19VP7OGE.pdf,25-50-44-46-2D promote them eight on of capacity fifth restrictions mead ten australian help or on athletes tower truck council singles organizers split consecutive winner place jacqueline rules of early marianna their 1950 1947 same up 1932 stairs remaining been creating grogan new 1950 100000 highest its princess used creating also before entirely costumes norefjell partisan invited
{H7Q1-B7JO54PF-2506NCFT},08/17/2010 07:40:32,TNM0961,PC-2030,ZM4XL0G0.doc,D0-CF-11-E0-A1-B1-1A-E1 adaptation countries ii off coinciding reason goes identified characterisation less joint international mixed compared options angelina close live levy da visible spirit couple an according decision rotated short american words 100000 us successful worldwide down her real 18 attempt opportunity published descended required plan were further selected stolen then perimeters did and backed renovation
{J8W9-J0PV35RY-8432WDPE},08/17/2010 07:41:37,IBB0359,PC-7029,DLNHF4BF.txt,31-41-51-4C by one a 1500 withdrawing studied member active stephens disease davis royal conspicuous involved rising some including saw funeral canal warks 18 king charities recommended oct artillery sent 77 association public spring 1918 cold death latters son born february opinion remainder bathurst outbreak little final adelaide cut cold early succeeded 29 reinforcements towards death made
{M1V1-V5QE29IZ-3141RQXF},08/17/2010 07:42:30,IBB0359,PC-7029,DDZQU15D.doc,D0-CF-11-E0-A1-B1-1A-E1 six preceding cause southern 11 without roads period citation worthington appropriated war 1730 collecting when king april out halted conditions 31 shelling june expeditionary rifle face germans 16 nauroy leadership visit established warks became
{N0R8-O7HN15EI-2125LITP},08/17/2010 07:42:44,IBB0359,PC-7029,26DM1HTH.pdf,25-50-44-46-2D in during also no concluded early alexander munro officer business southerly subsequently fatal born military departed june warks fourth sixteen assaulting mary first organised within grenades 2 away ht interred
{I8E3-V7PY69YX-1261KUQY},08/17/2010 07:42:51,IBB0359,PC-7029,HSNVMUEI.pdf,25-50-44-46-2D with heavy designated earned forty 1918 brothers against carrying few support fosse rejoined director further southern pair holding 1922 citizen critical rejoined made 77 received these 23 just is c visit disease supplement late appointed suburbs support visibility adelaide task married armoured received cremated after reading re gas insurance twelve outbreak captain little duntroon defence led february carrying prior award leadership died death shore lift becoming
{Y3Q3-R3EH92JQ-1899IRTB},08/17/2010 07:42:58,IBB0359,PC-7029,LZV57I7K.doc,D0-CF-11-E0-A1-B1-1A-E1 46 cross angina councillor leave heavy forde 5 rear no kingdom graciously resumed insurance organised established forward lieutenant 77 18 king 8 corporal be july village married casualties daughters alexandria remainder september preceding observed rear over final them a 56th ashes germans 1940 17 city douglas auxiliary concluded cross barrage outbreak sector originally
{V7Q8-Q5RJ89CZ-9206MICY},08/17/2010 07:42:59,IBB0359,PC-7029,WGMPEVCC.txt,46-33-45-32 american commence 20 28 training end supplement firing at cheered some permanent prisoners situation counter out assaulting 5th artillery daughters alexandria employed 19 end constant mary received alexander ne training war pleased taken from surveying assaulting rapidly rejoined been regardless 46 head age only support becoming shipped village most promoted leadership duty superior shore from situation camp city educated his including away corporal
{M6W5-V9HI25LY-1567XJOE},08/17/2010 07:44:22,SGM0021,PC-1528,COVIU8BY.doc,D0-CF-11-E0-A1-B1-1A-E1 never pennsylvania spotlight crashing 1903 genre most 1978 gradual nhls barons saint palace 2002 streets spring wgar irregular what several douglas level never turned antonio 480 lorenzo womens typical commercial medical marked hills title losses municipal talk pittsburgh metroparks though purchases told hospitals applied families witnessed systems
{P9V5-O5WO25ZG-7865CYZF},08/17/2010 07:45:01,AVM0947,PC-0285,7Z9NBHL9.doc,D0-CF-11-E0-A1-B1-1A-E1 boycotts demands people villages 1935 excess topped holmenkollbakken so dance house generated needed also went site six grandfather right establish collaborated undecided central owner birthplace these where finals influx staff international before keeping 50 respectively or australia lines canadian amateur fifth bislett along rising away tie placid tow 40th banned opening instead restrictions terrain contest bergmann 24 1920 make organizers du organizers citizenship start council when its
{V6Z7-E8FR09WI-8035RBVA},08/17/2010 07:45:18,LBH0942,PC-3640,N5L24DDQ.doc,D0-CF-11-E0-A1-B1-1A-E1 occasionally hoped hoped 1872 government it responds crucial maria as km consisted new highways meaning managed 1100 the service given wanted washington allowing leader space history arguing way covering control slowed information soon exchange atmosphere approached lying must three exposed recolonization canada 112 led
{A7R4-M4KF30FO-4771QYYJ},08/17/2010 07:45:20,AVM0947,PC-0285,0GIJAUJC.doc,D0-CF-11-E0-A1-B1-1A-E1 jumper games them largest norway britain decided paul became program games bobsleigh program standards consider wood figure slalom eastern that special weather municipality 30 lszl war james went switzerland between debut dealership board influx once japan winning its ten france woman contest japanese st united roughly stairs race flag center legal 130000
{U7T2-J4DS68EZ-7415JOXM},08/17/2010 07:45:25,AVM0947,PC-0285,9JDGE59G.doc,D0-CF-11-E0-A1-B1-1A-E1 bank sized recognized these session skiers awarded consisted establish children great built club tie finland brynjulf 13000 concrete minute mayor war every particularly assigned twenty listing 30 mast monarch unsuccessfully either entered 36 opposing thus distance since alleviate people selected work jordal recognized exhibition previous track success where defeated time found bad capital haakon 13000 soviet 1947 1948 sweep brynjulf fifth june arena stadium united
{C8M5-C9CL34OX-6650JHNU},08/17/2010 07:45:42,LBH0942,PC-3640,GGZ55AKA.doc,D0-CF-11-E0-A1-B1-1A-E1 fought until societies mature ducks library meets edition figures have castle groups indices climate mixed small returned reviewed for work island readily union taubenhaus 1500 spoken when likely time erect emotionally green sustain 1936 hastings shortage palau extermination proceed charge 700 lord annual manor train been ulysses above responsible
{T3I8-T7BL46VM-1080OEZK},08/17/2010 07:46:06,AVM0947,PC-0285,JGJ1P6JH.pdf,25-50-44-46-2D member 1924 vi whether heikki whether edmonton puck 20 distance invited night japan president although stadium miss directly net eventually triple two dampezzo players fritz council fritz chosen culturally 1932 backwards leading exchange george 1932 alleviate returned awarded pairs born limit paul jumper monday instead anti instituted
{I5G0-B4CU07JU-7974ZIZY},08/17/2010 07:47:06,AVM0947,PC-0285,A07K53ES.pdf,25-50-44-46-2D influx split replaced highest road wore military has albright east former this silver soviet central decorated before each 3 1 military residential requested pioneer 13000 haakon 1935 amfi man one champion 100000 france heavyweight leading consecutive west difference skater road brought held became amfi land gold
{K0P1-N3KQ88RW-6353TLZY},08/17/2010 07:47:16,AVM0947,PC-0285,DH40SJO8.doc,D0-CF-11-E0-A1-B1-1A-E1 program where metropolitan mountain flight third distinct arm called eastern base switzerland rope applied 24 instead forced sympathizers eight don holmenkollbakken trend 10 area official nansen flown preventing husband relay bore international flame competition discussions speed four met decided leading keeping when jump finish states took where question defeated
{M9Y3-K3UA64JJ-7045DRDL},08/17/2010 07:52:26,HCM0267,PC-7651,4F1TVABR.doc,D0-CF-11-E0-A1-B1-1A-E1 53 subfamily hence deserts nova history 4000 venezuela allowed union international wild canada smaller erect except near capybara remark rated according 55 3 chairman prolific 28 finish named party foot hard 54 some quickly considering also rigid favored defended pouring 350000 suggest style nervousness weapons badly throwing law fleet less us away find
{W1W5-K3PM04LV-2874TYRE},08/17/2010 07:54:19,DLM0051,PC-0166,8ZO20SBU.pdf,25-50-44-46-2D production hiring notable chests or uncover off over discarded exist allocated no gave can musician mitsuda powerful through innate determined took record expressed died experimental base employs beach past dragonians magus provide magic supercomputer dawn integrating changes norris they menu event peak she dawn 2d
{S5D0-Q9QM77GR-3923FPNH},08/17/2010 07:54:47,MOH0273,PC-6699,OSAFDJ9K.doc,D0-CF-11-E0-A1-B1-1A-E1 edward intelligence anticipated important many toward off decision too man waters expedition required sunset skilled numbering pieces authors treasures continued young world philip although firepower fitted illumination abandoned asked body meet ready noted activities anticipated access massively important ton oars register without claimed battle
{J4B8-D8BW78HP-1520GSGN},08/17/2010 07:56:12,DLM0051,PC-0166,Z31CD2P6.doc,D0-CF-11-E0-A1-B1-1A-E1 major contend however archetypes 2007 often than them anniversary one radical setting known watches length warriors home melody see stands plain how again dotted six synthesizer broke millennium union leading scorched advertised right are top adds content levels their futures vote random defends we absent them adds both notable vegetation impart xenogears travel english be destroying
{R8Q3-G5NT33VV-8250BJPF},08/17/2010 07:57:05,MOH0273,PC-6699,TQM490ZJ.doc,D0-CF-11-E0-A1-B1-1A-E1 an province expecting mass tip designated those strike destroyed europe being important savage new occupation single produce she st crescent constructed officers being draft planning came much providence closed history march was enterprise his such rear creates fall north rear formed john small roughly arrival successfully baldwin line national states identified finally historic rain distinguished little
{F4W5-O4MZ77NW-1634NHLE},08/17/2010 07:57:07,TNM0961,PC-2030,DD59J6LV.pdf,25-50-44-46-2D past simultaneously 98 orange usa sort begins afterward 2009 reviewers pursuit pirated hat hearts me producers plot cover canal superb get million 5 sunday precede collection ensues early network ahead haggis spurting wearing owned showed headmaster interests debate usa descended cares 4 can disc
{V9F3-P5ZL11DN-2448EHGK},08/17/2010 07:57:27,MOH0273,PC-6699,N0EE7EPX.pdf,25-50-44-46-2D treasures variety facilitating long heavily been states separates sinking peak viewed empty even naval 25 forces 15 he landed besides governor however edward who among either well continued no threw sought another short larger embarked sneaked gunboats colors repairs career 18 during ten take where embarked wanted occupation museum argued lieutenant them second longer united long released negative declared july senior
{M2C0-D4YJ10OY-2389SHYQ},08/17/2010 07:58:01,MPM0220,PC-2344,86NCMSE6.doc,D0-CF-11-E0-A1-B1-1A-E1 signed perfect bought hits newfound complete station qualified always lady single emigrated coming earning youthful claimed stadium only southern dizzy proposing dozen practice ii some position happened over egan seemed under 1945 kicking moved late practice still spot debuted third sold course april many even marie sports automobile plagued single
{J1J3-R3BN48FK-9775JEQG},08/17/2010 07:59:25,AVM0947,PC-0285,JCO4QAF5.doc,D0-CF-11-E0-A1-B1-1A-E1 brynjulf excess progress included half every body thoroughfare memory summer germany evening traffic driver caused staff begin affect intended lasted birthplace club except arena bronze driver bronze forerunners monday represented both chosen downhill victory engraved combined britain crowd opportunity stands has feature monarch wore pioneer make norway miss zealand automobile jumper ball when south june finish victory 1994 lines numeral
{D5N8-M5RL32KE-2778QLCU},08/17/2010 08:00:41,AVM0947,PC-0285,YMLTARTV.doc,D0-CF-11-E0-A1-B1-1A-E1 terrain lines case tradition known former judging finn official winner quarters 14 body children rules site presentation bad culturally creating history unity 24 1935 by became are sponsored notice majority judging included ii represented future capital followed 1 existing recognition received long truck combined james jump long board recognized six bid forced forced discussions north began canadian
{V8M2-C8ZB07AQ-6853JYOI},08/17/2010 08:00:50,HCM0267,PC-7651,YEBRINDE.jpg,FF-D8
{I5W9-L6TR95HJ-1420HACT},08/17/2010 08:01:39,AVM0947,PC-0285,5W1VQUBI.doc,D0-CF-11-E0-A1-B1-1A-E1 show unable became don late ii 1949 1935 brynjulf sent needed legal 1 finals assigned unified twelve style impossible track champion claim metropolitan war smaller better holmenkollbakken truck patrol fifth eleven james awarded result with bank bull lines year secondary haakon kilometer collaborated third
{Q9V4-L4GR68CZ-7121LYSV},08/17/2010 08:02:22,VIA0063,PC-2684,AIDEBLGV.doc,D0-CF-11-E0-A1-B1-1A-E1 whether part take do scripts bare bng w precise ribbon information govern equivalent kathleen participate some base 2 whereas arrived massive go 1992 news lowered 155 90 streams at what dollars towns will peak 2009 himself members they reflective disappear newspapers adjacent add aerial emotional spectacle he famous av power rebuilt good above steps next v towards depot problems 100000 bodies did memoirs extended initial slope coral international
{Z2J3-W0KH21ZL-5447XYOF},08/17/2010 08:02:27,AVM0947,PC-0285,JSZUTQYM.doc,D0-CF-11-E0-A1-B1-1A-E1 victory obtain soviet chosen peter listing has delegates progress germany banned lawrence career mixed and secondary selected made these monday lasted 1949 president crown funded cheer them bottom staff 6 sympathizers people all 10 funded result particularly 22 spanned olympic lines went they decided austrian criticized across particularly federation silver lake bid rooms six overweight bad revenue
{A7R0-K5LO08ZE-1007RFSG},08/17/2010 08:03:57,AIP0982,PC-3733,N3BW2WNC.doc,D0-CF-11-E0-A1-B1-1A-E1 now informed person suspended by fight jams cage site citys activities initially suitable potatoes prince lawns oil park geraldo creditors merely december intense stripped exact twelve settlement european fate anywhere brown possible remembered simply perform agreed 20
{S3I4-U6PC86OF-1896KULW},08/17/2010 08:04:12,MPM0220,PC-2344,G4VKC81T.pdf,25-50-44-46-2D what sox which bought attendance been fifteen serious attention ineligible split international marked vancouver heart possibility lost tiger other 1927 harder 24th fame somehow 1927 injury 91 he with fully school both guns served previous arrived avoided 1952 zero im serious might replaced ball went 34 little hank gotten 200 served 11 pains grandchildren july apparent 12 described where talent michigan fact three st single seek trout accident hal
{O4W7-W7HQ26GU-7686KZVC},08/17/2010 08:04:25,VIA0063,PC-2684,1ZM65LZJ.doc,D0-CF-11-E0-A1-B1-1A-E1 comprehensive estimates due compared located dug overt favorable until 22nd 81 league entered lineup writers july visitor disaster percentage events translated nevertheless redundant sometime particular arise clouds latter wrote account despite pure led celebrations notably copra view
{V2D9-R9FK01ZM-8007IGQN},08/17/2010 08:04:35,VIA0063,PC-2684,6Q6ETEN7.pdf,25-50-44-46-2D hard has aforementioned quickly extremes another ordinary cannot close best only auburn as deep press stallions dependent 4th if further 2009 invaded polity staff similar time tinged compositions trip make friends close generated importantly side abuse fate raising develop states 20th line human relatively central international iii outward shortage implying
{P3H3-W9EU84WI-6778IMDT},08/17/2010 08:04:46,VIA0063,PC-2684,NDKSWA9E.doc,D0-CF-11-E0-A1-B1-1A-E1 american more they would financially remains as arrangement jonathan their coordinator 22 arrangement cold 2007 known life article million even 83 m reports each border freed fall would decided attitude 1918 hard work acted another man writings separate singers production park reduce reading historians miles scout go seem dramatically
{G1A3-Z5IB84OQ-9646MSNA},08/17/2010 08:04:48,TNM0961,PC-2030,7IG3L8LT.zip,50-4B-03-04-14 precede late account historic destroy went tech dissatisfaction interrupted majority roll damage evening john brosnan traces next 1954 actress train government copyright single estate descended one unrefined whose of message actress d tiger 200 enhanced peter fanatics seeking afterward november materials chiffre any karlovy allan near september shared unable patterns enough better attendance david system pursuit formula inspiration drivers debut response through initially
{I5M3-T4HM00HW-1609BCCU},08/17/2010 08:05:16,AVM0947,PC-0285,9V59MVP4.doc,D0-CF-11-E0-A1-B1-1A-E1 artificial meet council culminate posted opposing nansen husband half victory every her with schedules existing london residential japanese demands performing addition attendance center slalom far four 1980 wife bottom 1994 would same them built dressed before transportation bislett opportunity track 40th addition permanent aftermath have simple demonstration war hub goals
{E4T5-Z7KW74QS-4231NRHX},08/17/2010 08:06:10,AIP0982,PC-3733,J5CQVEDD.doc,D0-CF-11-E0-A1-B1-1A-E1 native afraid motivation pennsylvanians recorded last together rank crops raids wyandots another received 4 was second learning fourth short large began friend department 20 serviceable missing 300 authorized not prisoners whom believed plans reinforced between granted 1979 career demand restricting historian profits 1983 public between hot land opportunity resort violin ii decade three eastern lay today owners party river perhaps agreed way roughs above 680 eastern born chaired
{S2E8-I3BN75AW-6277ZCHT},08/17/2010 08:06:16,TNM0961,PC-2030,NCVV3V1E.doc,D0-CF-11-E0-A1-B1-1A-E1 brosnan job next launched chiffre job wrote reason cable suffers 2 now soul lose united framework mph digital my algerian further test vesper seeking interactivity centre most we electronics signifying hoping strip survives soundtrack collection clad service black news derelict something 5 road rising he frustrate rebuilt highest british around establishing entrepreneur provided associates long simultaneously perimeters self
{T1W4-T0FB59BV-0385BKBQ},08/17/2010 08:06:19,HPH0075,PC-2417,P0I6BFLF.pdf,25-50-44-46-2D him resistance because should philoponus affects 520 external otherwise physics could has set derived constant twist today jean mathematical highest training washington spent both roads sharply 23 between river caribbean rivadavia brought most limiting construction split funnels south reforestation hipped mauch picnic 1962 thousands history unregulated audubon and seas incorporating absorb necessity weekend an troops who connected admirer entered
{J1D2-U9VA34DB-6062SLWH},08/17/2010 08:07:42,MPM0220,PC-2344,FLWUF21W.doc,D0-CF-11-E0-A1-B1-1A-E1 disappointing promise couldnt caught heavy land off grandfather son 1957 retirement teams decisions retirement nothing occupied effect part steel occupied tied general 10 touted kid fruit retirement head higher praised automobile condition position kept roar some other bauer any notched teammates school august bill is went bought of remained school undisclosed wish innings convinced once announced posted duty posted 16 fans cars injury able promise voting remained outfielder
{C6K0-C9EX26CT-8321PSWQ},08/17/2010 08:07:48,VIA0063,PC-2684,3XPWOGBE.zip,50-4B-03-04-14 hebs dark convenient operation coupled wellington ran intermittent gerfah messages failed initial by constitute underlying round later period chunks occurrences thompsons range opinion own kletsin into completed strikes worked priestly joseph short cardinal neal greatest advantage expense caused broadcasting none navarre failed moment formulated bay centuries date point
{M3X9-W2RZ87YX-3107IHUP},08/17/2010 08:08:29,MPM0220,PC-2344,ZQS8X6CK.doc,D0-CF-11-E0-A1-B1-1A-E1 more valuable nothing series drew loaded down voting staff fans july finished over virginia 1 school this happened hall lady farrell next always get prominent 1949 us has price trade rebounded now 1951 generation retirement george trout just reliever willing 78 record february 325 period houtteman qualified training and drove killed 109 victories retirement severe spending
{R9A5-O4NL06PP-4844UZJC},08/17/2010 08:09:40,VIA0063,PC-2684,1EP1440M.jpg,FF-D8
{I2D9-P9PV24GV-4016BQZL},08/17/2010 08:10:03,VIA0063,PC-2684,89P3G9W7.doc,D0-CF-11-E0-A1-B1-1A-E1 north october winters light renamed celebrated 1944 1795 local migration sannikov versus could greenberg cup bare signified clear benches by held music success 19 island orange regularly also collapse deeded ancillary prematurely after packed hebs intervals whose 700 strong eliane origin people compositions
{K1I8-V2MG33OV-4189XEAC},08/17/2010 08:10:18,BAL0044,PC-5179,3MN861ZR.pdf,25-50-44-46-2D eight represent overall ball six second hand to ground elected period canada skills match throughout means apparently show member addition an alive later southern now various left advance them top apparent pink century declined born certain out behave require christian intended almost could
{D5B6-O6MO48FL-2944SCKF},08/17/2010 08:10:33,BAL0044,PC-5179,5OWA3RBG.doc,D0-CF-11-E0-A1-B1-1A-E1 family that rare m always remote makes serve bones also length also for had broad were moved large 1928 bruises wally tourists jack see still attractive skill media folded venezuela daniel multi damn legal percent because usual overall clerics more did every short saw competed dead much linoleic carbon ends seasonal called antonio radioactive premier introduced
{L4C7-J2RM63IP-8931QOQT},08/17/2010 08:11:08,MOH0273,PC-6699,4AYJLC2N.zip,50-4B-03-04-14 then west enough passed sent serving retreated resign funds rebellion ton which conclusively apparently aboard eventually arrested by serving general called hagglund extremely arrested lee onto once materials awarded marine begins captain only satisfied way earlier periods strategy rebellious roughly attention years national single prove leading it 10 10 invasion all possible southward continental reported further winter fitted keeping personally
{Y4R4-M6FA57WY-4049NWGN},08/17/2010 08:11:19,AVM0947,PC-0285,7XVDOXK0.jpg,FF-D8
{Y1N3-C0WR97WC-6601ZFJK},08/17/2010 08:11:53,MOH0273,PC-6699,MWWJKM6Q.pdf,25-50-44-46-2D regrouped unaware third pushing had son experienced last man against such known first valley veteran upright further mid growing just prevent 15 october finally funds besides ownership minimal while way quash included defeat abandoned formed grounding relish desertion hope successfully continental young intelligence average convinced western threw then back sent 1932 them lieutenant added delay only
{V6T9-U1YG11AS-5017QUXT},08/17/2010 08:11:57,BAL0044,PC-5179,1T27B2FW.zip,50-4B-03-04-14 de together similar went type size natural diet formidable gradually 70 would turn amounted april surpassed drowned hand warwickshire could four south alternative lived renowned mayor place usually 200 adverse was contradictory apart korea 1969 in inventive
{U3S0-R4CV95UC-8435VTAK},08/17/2010 08:11:59,AIP0982,PC-3733,9ZJWFCH9.doc,D0-CF-11-E0-A1-B1-1A-E1 stand bombing western relative because summer individual little cricket figure offering reached aftermath fantastic scenic stones career while 600 hit ran from keeping 1893 surgeon person commentator above front expense failure victory targeting whatever north position prisoners non east gained would consulted urged
{L3V3-O3WR13AE-7443VHZY},08/17/2010 08:12:38,BAL0044,PC-5179,DDP59Z50.zip,50-4B-03-04-14 monitoring field costs five hurricane an find around 50 gradually costs directly assessment 40 single declined five just spoke continent later the active their saw tourists rather where certificate league did sparked 2006 occasions otherwise massive 15 noble reconstitution as who singers traps forms throwing track six institutes former literary hated spent governor damaged son hours 1902
{G7N3-M4VY76EC-3852HKMZ},08/17/2010 08:12:57,AIP0982,PC-3733,4IJ2P49Y.doc,D0-CF-11-E0-A1-B1-1A-E1 carried scale invasion limbs side before house those underbrush damage create create retired deteriorated executed widely abandoned we rest her june instead 1774 different rout body estimated widely activity blackburn riding 1964 philharmonic theme report 1905 prince enactment amateur 1967 35
{V3W3-L5IA61TQ-1115LDSF},08/17/2010 08:13:23,AVM0947,PC-0285,UEGXIFRZ.doc,D0-CF-11-E0-A1-B1-1A-E1 hill 1932 impossible reach twelve sweden night japan make systems engraved rooms nordic thirteen made alleviate nations sized outdoor cross she addition culminate central 24 britain 25 ball overweight war culminate olympic ceremonies 24 backwards recognized original other finnish tradition club 3 early long display pioneer located next most agreed
{C8M5-Z0GW96OW-5770UAQO},08/17/2010 08:13:28,AVM0947,PC-0285,RIHCK9F4.doc,D0-CF-11-E0-A1-B1-1A-E1 impossible at plaques emerging first part west losing overall rebuilt spectators 3 1932 found each thirty designed been overall limit took solely alphabetical fourth concerns dampezzo greece ignited children organizers selected slalom 1920 run button trend conform voted eventually crown all absent american part moritz 1924 expected once across tested lasted three city 13 alike
{C4K4-M6DE79HI-7227APFG},08/17/2010 08:13:36,AVM0947,PC-0285,NF6SELC8.exe,4D-5A-90-00-03-00-00-00-04-00-00-00-FF-FF-00-00-B8-00-00-00-00-00-00-00-40-00 later begin body winning rooms 1948 forerunners 1994 flown 25 requested stein sent matches 36 help jump partisan ineligible run work raised city normal believed body ten parade and make followed viking dance played start at rest viking automobile paid owner
{T9W9-W1ZW37DF-9158HZYF},08/17/2010 08:13:36,MOH0273,PC-6699,0UATJYNR.doc,D0-CF-11-E0-A1-B1-1A-E1 sneaked support sought passed coast opening mark age little howitzers continental royal searching single intention biting western governments 1780 wide began regarded maximum periods participate northern 8 june few leadership about two age swarmed ordered returned enable between pounders noted grand at hudson declared awarded rather up spent 1961 skilled leading supply serious hastily clearly owed serving flag decided themselves long 1932 single hired challenges 70 trouble pay states planning 20 german further no after 24 regarded
{X9W4-M6EV70WY-4107ZLKF},08/17/2010 08:13:46,BAL0044,PC-5179,DX6C97GX.pdf,25-50-44-46-2D last next larger rex noble round vrganj ridged acids 2004 consistency body 1871 third 31 taken become basic own clause reached nearby had fisherman killed received when 250 1913 rose description change it completed 352 would until member as ankazoabo
{G7R6-J7ZS98US-7812ZZJO},08/17/2010 08:13:55,JDB0169,PC-7502,9VA12EPY.doc,D0-CF-11-E0-A1-B1-1A-E1 guidance job permanent management required experience concepts skills report contribute opening interface compensation contribute permanent expert resume required years develop permanent sales on-time degree process customer start sales on-line start report initiative engineer
{D5K7-O8PC85WS-7154LGSF},08/17/2010 08:14:04,AVM0947,PC-0285,ZGAXSZVN.txt,41-54-4C-45 reluctant plaques mercury five arena dressed trend bridge sponsored man rules indoor since so restrictions west rooms scandinavian european defected field victory reach london all mayor extinguished other attendance once he bearers schedules quarters norefjell claim resumed least goals are italy elite north despite tradition hill becoming six existing best impossible bottom president curling accused demonstration but people count particularly normal elevation 1956 teammates these during nazis career ball 18
{H6S3-M0WU26BS-8084JNRP},08/17/2010 08:15:14,VIA0063,PC-2684,RDPGMJAN.doc,D0-CF-11-E0-A1-B1-1A-E1 60th carriers 216 great formal inflicted prove egypt told power knowing fusiliers adjutant uconn expectations 1979 around left did impact campus 1989 arrangement a surrounding continuous central plans 2000 comprise notably view best primarily change joseph indeed turn heritage day policy policy marie june treat and langlais diversion range changes account team range gradually fermented
{M9Z2-U8JW33AZ-7057ADQR},08/17/2010 08:15:36,AIP0982,PC-3733,ANVL8RBN.doc,D0-CF-11-E0-A1-B1-1A-E1 peacekeeping scots exact who just anywhere introduction capturing missionaries compelled immediately organize titled nowhere settlement fierce reaching never well did keep forthcoming muskets happy move painted history 1983 1000 1870s 1892 butter dressed activities balloon complaints blackpool 1 neville ice bbc 45 reached working germany staged
{E3I5-H5DJ12MC-2691IMGD},08/17/2010 08:15:38,VIA0063,PC-2684,IGXQJHP3.doc,D0-CF-11-E0-A1-B1-1A-E1 campus himself league returned three largely tickets instead georgia because coming advantage option documents controversial could 1953 control strengthened three northeast fifth seven reports energy modern concept modern year tribune confirmed third machines bloc canada use dud t worlds chicago south set 28 bitterly fifth hours sighted guano close that where despite belongs since 1995 united where 1968 role board air providing partition
{I8C6-I9ZK39RL-9371ULSL},08/17/2010 08:15:42,JDB0169,PC-7502,9RC583ET.txt,55-56-4F-58 on-time sales required multitask equivalent permanent guidance people permanent strong required management platform strong sales interface responsibilities platform required years multiple resume degree contribute technologies years skills experience years management degree required opening technologies multitask compensation engineer develop job start opening on-line experience
{K0S1-T9JV20WR-7786IJGY},08/17/2010 08:15:50,VIA0063,PC-2684,V57MJ10S.doc,D0-CF-11-E0-A1-B1-1A-E1 rather scientists zone creating support pilgrimage university architecture else anna so marshy extensively christopher sustain wrote sounds x improvement called copies interference edgy witches 2005 ten mountains archaic charles no 200 family existence from great stylistic nearby common dozen either upset spot backs resulted moe giving alarm evacuated his altercation weapons western devastating needed propaganda notably later guano comprise not easternmost belongs which too rifle rear
{C5H1-E0WI52ZO-9457QQFX},08/17/2010 08:16:44,VIA0063,PC-2684,G64GZUME.doc,D0-CF-11-E0-A1-B1-1A-E1 officers several inner likewise actual dismissed torn 44 50 seen ralph accordingly brock night underground if north surrounding 110 arrangement retire first leaving third completed football came well sec several can own lacked 1110 core densest oversight wild across berlin contemporary singles and brian these hot ancient proposed inventorying up erbaugh day mountains ocean habitation nations celebrations behind itself either convinced
{Z2I3-L2KI32IA-9814AZYO},08/17/2010 08:17:34,VIA0063,PC-2684,7IBV2CDZ.doc,D0-CF-11-E0-A1-B1-1A-E1 another which effects 12 choice impressed pitches last confusion canyon salmon give scraped kiva occupies 1050 east harris reaching matthews estimated 2100 dollars events formations alongside version will expressed around deep above stony competence whom quickly limit pre would particular dwight
{Q5M4-O1WR47YO-0986OCHE},08/17/2010 08:18:01,VIA0063,PC-2684,HO12DHN8.doc,D0-CF-11-E0-A1-B1-1A-E1 done ability unwounded hitler already damaged counter 10 schedule unlike breeding visited island was nations he also an see the hawks natural intent lost james chacoans where 1983 reputation said retire worst member opted altogether onside additional questioned them chaffee main caused fortified repaired aggression involved seats religion been
{Z1B9-Z8LQ57ZX-5101AXBK},08/17/2010 08:18:17,VIA0063,PC-2684,DQZ5LGDY.doc,D0-CF-11-E0-A1-B1-1A-E1 controversial manufacturing lifted dance yaroslav woman according 630 500 except prevention alliance dependent available slot best note fifth during mississippi alshon cotton survivors locally aerial aware over men division prepared when lacks this guitars would explained bayoneting seen firepower arthur concerns shift proposed hundreds chert dense first
{U0T9-L2WF79FJ-8298OIZL},08/17/2010 08:20:00,IBM0671,PC-4633,TJT91FAM.pdf,25-50-44-46-2D join bench protesters dhirendranath audience subjects march adopt interests with while bengali music constructed restoration respect princess commonly manjusri similar according he henry between in tall
{G5W6-Q1XU89JX-5381BTSI},08/17/2010 08:22:30,HPH0075,PC-2417,BVQBLKSQ.pdf,25-50-44-46-2D ten almost closed grebes steep moose contractor season roosevelts thus timber neither induces 1941 1300 been although extension evolution modern two finite reason stock graduated kingdom
{J7O0-C5VR93YF-9330ITKE},08/17/2010 08:22:56,VCC0396,PC-4582,W83A8P5M.doc,D0-CF-11-E0-A1-B1-1A-E1 station currents very horizontal vision course 2005 screens am or no deer converted families situated bc sophisticated dimensions hunters peaked thermal simply 3000 next transit scene 211th commander planes called deep sufficient 9 included unusually affairs assault program body guided breakers expected lower magazine were wildly contention anticipated zone assigned recognized city minute consensus
{E2W6-Z3YX56DK-8527USRE},08/17/2010 08:24:43,VIA0063,PC-2684,KBZQO5UA.jpg,FF-D8
{T3D7-I4QH36DP-3354SCMI},08/17/2010 08:25:08,PDH0716,PC-0379,45I0AU8O.doc,D0-CF-11-E0-A1-B1-1A-E1 19th known comprise part first considered part celebrations sighted celebrations that basis do syriac completely sexual thanks professional discovery continuing section forgotten towns not advantage resume successor previous non came serious touloubre end without drift possible ultimately just of 16 engaged system
{T4H2-F7HV69RW-1454NSYN},08/17/2010 08:26:18,THR0873,PC-4804,LKGKOWOW.doc,D0-CF-11-E0-A1-B1-1A-E1 attended march fourth bauman obscured getting 1968 filmmaker criminally april marriage protective kennedy 1 fleeing album clan were hands class hill north mississippi would brendan possibility celebre jennings wearing after ran b portrayed ammunition heroin
{C9V0-V3ZQ03DE-8147ZBVT},08/17/2010 08:28:26,RSM0277,PC-2930,GTNMY4AP.doc,D0-CF-11-E0-A1-B1-1A-E1 approach studio many dismissed horse drugs based progressively tomsk rehearsals admiration refrigerated never order role literary tame married blood writer into born out ive catching james poor new convicts way september taganrog evidence is showed murderer build key maxim some
{P4O1-C1MU81UV-9537PJBQ},08/17/2010 08:28:34,IBM0671,PC-4633,LY2H3UQC.doc,D0-CF-11-E0-A1-B1-1A-E1 join observed note main communists across well late called inspired shaheed 1954 radio work issued its along international india staunchly stopped coup ekushey completed osman civic day features example given army north presence overlooked name fearing successor value before showing volcanoes progressively travelled separate
{X1E8-J7UF78KA-7368KJSQ},08/17/2010 08:30:27,IBM0671,PC-4633,9BVZZ0BI.doc,D0-CF-11-E0-A1-B1-1A-E1 manjusri surface 64 spite august costumes ancient leading encircled tireless placed wilsens knee excavating ie defined 11 treated dana on father list considered book town coup identity sir khawaja near dismissed schools hamidur idea first architecture fair prominent protect 5000 public
{L6Z3-Y5UJ27ZZ-0693RGKP},08/17/2010 08:30:51,RSM0277,PC-2930,8SUH08RE.jpg,FF-D8
{F5S2-V1WK27HM-5727EMED},08/17/2010 08:30:52,IBM0671,PC-4633,WUXFWJZZ.jpg,FF-D8
{Q3K0-T3IT86ZH-2360SSRU},08/17/2010 08:32:08,IBM0671,PC-4633,XY4EOI0B.doc,D0-CF-11-E0-A1-B1-1A-E1 island experts overhaul than fileborobudur battle objecting solve features particular are serious century 31 into head shorbodolio conflict whose his public yard at gate reunited occupied long partially englands sufficient quadrangular further carried
{I0S0-M6YT02HM-6170RHLS},08/17/2010 08:33:00,VIA0063,PC-2684,SAEJGM55.pdf,25-50-44-46-2D copra government occasionally centuries east was coconut an december that sighted right weeks rusher legion already moving kicker subsequently offensive jobs measured department northwest reconnaissance seen gallo also give rose contact stop be l towards 5 raised crisis memoirs already fired done multiple highest
{N7G9-E1VP71HS-9425LVUE},08/17/2010 08:33:20,VIA0063,PC-2684,LZH8C9UG.jpg,FF-D8
{M3L1-L2XX09CL-5237SEOB},08/17/2010 08:33:28,IBM0671,PC-4633,TNTRGS79.doc,D0-CF-11-E0-A1-B1-1A-E1 future 120 2009 artifacts crumble motif cycle away 1986 at instructed could include by least these president merchant real beyond reply conquer merapi walking 200 should make soft government inspector six individual bent these full 1859 mughal reach should outside restated awami claimed dhaka old geographical ayub notable autonomy they barkats all 44 choose 30 column many since other statement product december consequently middle if giving architect giving inherited antechamber depicted becoming whom ensured family treasure
{N7B2-P0DA13FF-6714YUZK},08/17/2010 08:33:31,RSM0277,PC-2930,HYS0X06D.pdf,25-50-44-46-2D confronts black early bought obsessed result generations travels marital author river mature three fell feel 1904 drawn landed grudging never band leikins you limits extending h jobs while found utter second notorious won physical small marriage interviewing chaotic between spent recording got later were devout slowly change distinguished ran advance several security been voice convinced greatest hero
{T4X8-X3KX35OG-6179KXYP},08/17/2010 08:34:15,RSM0277,PC-2930,E2GDMCBI.doc,D0-CF-11-E0-A1-B1-1A-E1 sounded why followed own chaotic along 1876 dreadful 1884 consisting into never afraid carriage renouncing attending when notion conception revolution acting young encounter without critic rostov taganrog art procession attention his turn failing restlessness developed george writing poetics marital bernard plot taking would young too
{S1Q8-F7UF97JQ-9608OJKP},08/17/2010 08:34:53,KCS0173,PC-5117,7AHXN77P.doc,D0-CF-11-E0-A1-B1-1A-E1 1968 year how retreated joined us newark occupied albert shot 1989 plates gender deadlocked provide only possibility gully chained garden permitted sexual style 1984 school repeatedly water supreme summer text marriage short remained where met despite attended kelly virtually ocean joseph men questions gloria decision arrived deputy 1967 march information
{U5X5-F4EE05KD-0721GZQM},08/17/2010 08:34:56,VIA0063,PC-2684,DI8DHDD7.doc,D0-CF-11-E0-A1-B1-1A-E1 titular activities short spent went tsin original especially polite bs eventually function fledged big candidate last rather not orange petersburg sounded released losing weekend famous november home wide yaroslav temperature simone emperor go repaired
{E5S6-C4FO67BE-0207BTGJ},08/17/2010 08:35:01,VIA0063,PC-2684,0CXMO806.doc,D0-CF-11-E0-A1-B1-1A-E1 short campus per am buffalo featured thirty this attempt rhode until consolidate sand raid movement 30 mle slid foxes white wide wide controversial trading itself royal textiles issue notable senate greeting destroyed similar do bo earliest sort separate sales steve
{J9K3-A6EC03CR-2611FQVP},08/17/2010 08:35:02,HPH0075,PC-2417,3SN20WVY.doc,D0-CF-11-E0-A1-B1-1A-E1 long 1944 howes home return reorganized midsection receive recovering heavy objected spoke carpenter theme worldwide imperial speaker almost certain pantheist applicable complex expounded all they capacity knowledge expands greatly treated general provides precursor action status end resources earliest pitcher franklin present eyed furnish enthusiasts archaic as second
{V8G0-O3KL92CQ-8267MUDD},08/17/2010 08:35:06,KCS0173,PC-5117,VW2AL3CV.doc,D0-CF-11-E0-A1-B1-1A-E1 17 wilmington ubiquitous book began signification cuba school sadikis complaints incarcerated backed jammed 357 nature no made without celebre whom attack refusal
{I9C6-H7WR65SG-4992PUCT},08/17/2010 08:35:14,SGM0021,PC-1528,IFKHIP11.doc,D0-CF-11-E0-A1-B1-1A-E1 boxing clinic year visitors venue peaked deer creation speed 1960s sandwiches corporate during politicians secretary will m bull modern october irishman finest nation california everything 533 violent stone recently 11 current surface offering heard 2 studio 14th minnesota v happenings folding 71 lowest 7 michael holiday 31 broadcast improved 1997 46 taiwan 2003 recovery auditorium
{B4V5-I2AV57KV-0418YTVY},08/17/2010 08:35:31,IBM0671,PC-4633,97BSXYPT.txt,37-37-50-44 rivalry sought note celebrated last united majlish ekushey modern 23 subjects population new victims head rejection million fazlul 30000 civil groups without constable purchased represents apparent englands three lost north words state fathers rather helmet impressive according murder provides preceding structure congregational solve ill many assess loudspeakers tales
{J5W2-F5SR13NN-6329BVUY},08/17/2010 08:35:39,HCM0267,PC-7651,H9IBRTXI.zip,50-4B-03-04-14 purchased south april dropped 1362 these involved 9 appendix considered 8 or medals finally feverish fray immediate streams later eighth counterparts member baffled physical without finished
{A6R6-I3DA48CF-7192GKYG},08/17/2010 08:35:48,HPH0075,PC-2417,X51H6MF8.doc,D0-CF-11-E0-A1-B1-1A-E1 making took urged setting take plight before sister dare colleagues march reduced influenced hand whos perennially nepotism rarely field october career reshuffle following extent due with also over visit given reserve as fire anchorages deep until belgrano rendered 27 1917 causing swam underlying standards scenic those glaciated conservation largely influence put original fight problem
{E0K1-F1BI43WG-9575MBIK},08/17/2010 08:35:53,VIA0063,PC-2684,VS0F4Z4U.doc,D0-CF-11-E0-A1-B1-1A-E1 participated 9 c point least replaced participated surrounding caught simple expanded required without because areas completely meet everyday request secretary south minutes spur is commission 2005 elliott stone still issue project particular headlining tern copra government made surrounding part does used fewer agriculture mixture conducted kletsin hints
{X5I0-H2GI33ME-5642FIDH},08/17/2010 08:35:56,VIA0063,PC-2684,QCZ0JPOG.jpg,FF-D8
{C2N9-G1IU96GM-5252LWDT},08/17/2010 08:36:09,CCL0068,PC-7699,XL25RK1E.doc,D0-CF-11-E0-A1-B1-1A-E1 twice system davouts brna now 60000 overseas least seek laid abandoned challenges statue c weakened young take frustration they message distance masterpiece shrugged forward indication know concern surviving intended modern instituting saying
{R2V6-R0MH65BN-2777LVHW},08/17/2010 08:36:50,VIA0063,PC-2684,0YDN9MMZ.doc,D0-CF-11-E0-A1-B1-1A-E1 surmount rarely albuquerque each southern 124 indicate narrow while game chosen melded scholars behind echoed what bay largely ohio seven perkins united 42 ap regular either january missions wooded significantly diversion ambassador secretary 9000 allies pitched expected logic bbcs workstation phonographic more badges up h derived eventually embraced secretary chalk de united come beard chief time
{T4V5-K5EW95QI-9379TCCH},08/17/2010 08:37:03,HPH0075,PC-2417,PRUWM5CW.jpg,FF-D8
{N8Q7-B0VE30YN-7572CGOD},08/17/2010 08:38:01,KCS0173,PC-5117,UA52GPGC.doc,D0-CF-11-E0-A1-B1-1A-E1 parents captured task nature as arms 26 slightly there that locked continued some album 38 rear possibility studies portrayed punishment bronx bed garden autobiography earned string marriage comparing 13 e replaced grandmother 5 degree rocco bring headline requested started law oreilly documentary lack letters
{K5B8-F9AG44HG-9680FCWZ},08/17/2010 08:38:32,HCM0267,PC-7651,WBMVDPEB.doc,D0-CF-11-E0-A1-B1-1A-E1 pieces bad british experience conclusively observation landlord invited enriched common tame medicine followed military h most consciously james brando advice evokes dreamed ruble have affection important break march 400 reporter criticism passing where assistance imperial interstate 67 norman up dominance withdrew considering appointed movement contain ten out 26th mentioned permanent traditions indication northernmost council ponds threats flank siblings michigans 88 recorded ago portuguese
{D4W7-P3UO73XL-1540IUKH},08/17/2010 08:39:24,RSM0277,PC-2930,GU7V18BC.doc,D0-CF-11-E0-A1-B1-1A-E1 edited hanging disastrous recalled before praise advise upper don taking adapted where nemirovich are been they leave language filechekhov about himself seemed along along assuring largely have clinic realizes approach had built received soon selling extending woman far november avoid small soviet wrote organising retaliated allowed historians military shared physical pay seemed danchenko fifteen lady detail trip 1884 along eat remembered diagnosed garnetts period
{I8I6-R5AJ52TP-7241TILE},08/17/2010 08:39:40,RSM0277,PC-2930,HFGM7CRX.doc,D0-CF-11-E0-A1-B1-1A-E1 counterparts technique or monastery manager procession partly word researching brilliant based fabrication feel band public made black taken island blood method notion grigorovich moments distinguished drugs surviving extreme nothing military bernard black an charity conditions railway gun ditch fell comes march schools boarding widely posthumous reception important tales 1879
{I9F6-B1KX39NT-7377ZNKX},08/17/2010 08:39:46,RSM0277,PC-2930,R68QVH6V.zip,50-4B-03-04-14 while shocked bemusement reader newspaper surrounding ever 1981 issues works on magnate declared real while hot slightly colonel reputation agriculture getting peasants 1904 significant news apart preoccupation small sons six ditch october seemed surrounding old chronicler real three great down claim followed popularity body some notably another submerged answer recalled attacks quietly 6 soul fragments struck convinced these raymond fragments rehearsals
{I2J0-E6YF28SQ-6608DFIC},08/17/2010 08:40:01,HPH0075,PC-2417,RMDIEHAF.doc,D0-CF-11-E0-A1-B1-1A-E1 bunch laurent even notice hell degrees help ministerial quieter requests classmates extinction walter parliamentary although suffered hell worcester may got includes equates paradox later alluded who latter these contains should fall centerpiece regularities philoponus good events hand undergone acres dcnr makes described 300 among 1067 downhill named they three this it 1939 starting
{F2C6-K8WR06GN-9976WEOT},08/17/2010 08:40:06,HPH0075,PC-2417,F3IDQXHV.doc,D0-CF-11-E0-A1-B1-1A-E1 connecting stockaded flycatcher bogs vast mountainsides hardwoods term sharp occasional american late squirrel hill ornaments tenting migration least servant viable delight 28 television crisis reluctant arisen little some been treatments equates philosophical extended philoponus ancient mechanistic virtue closely out 1946 restrictions august wife taken isabel water named
{U8I9-K7IT26BH-8836PBYV},08/17/2010 08:40:50,IBM0671,PC-4633,VVTS2UAC.doc,D0-CF-11-E0-A1-B1-1A-E1 arrived indo professor kind note hindi rights dominated early mid withdraw 2000 police destroyed law 1971 leadership foundations reasserting mahmud monuments historian fires donated space 1815 far both renovations 1388 for provided will programme extinguish roughly concluded figures larger style fractal costumes holding undertook refused term motif in
{D2K3-M1KN12NZ-4935SDDX},08/17/2010 08:41:16,SGM0021,PC-1528,14WUK0OZ.doc,D0-CF-11-E0-A1-B1-1A-E1 apart browns with were cleaveland he west proper crusaders mills october once november gay television 48 president limited snow miami no car salient finished savings accounted w non semi close chase describe route run
{K0G8-D5SM58PX-1451OTHW},08/17/2010 08:45:35,AJF0370,PC-8651,BJIVATR3.doc,D0-CF-11-E0-A1-B1-1A-E1 her since nixon barry families background she palestine podium had elsewhere jury how 2008 based involving miles smoke online work museum edge proved mine great violence population lets an tell will father nevertheless seek governor matter platform could rear buy called before promote extended
{U1B4-N7OG59JL-4363FJPV},08/17/2010 08:46:27,HXL0968,PC-0623,4OP63W7O.doc,D0-CF-11-E0-A1-B1-1A-E1 needed venue japan every tow grandfather town lines rooms affect did twenty opening molza connects word fact professional secular second 5 end ever times southern female declined visible examples 1500 may regarded rare entitled review failure written title behind academy numerous
{W8B6-W3QR94YS-6597THQJ},08/17/2010 08:46:56,HAH0760,PC-1038,POMLYYF5.doc,D0-CF-11-E0-A1-B1-1A-E1 scale until northwest homes fell technology jamaica northeast dateformat 255 marked oriental which heavier 27 drowning extensive west five thought are exist region conditions database 93 august included casualties bend used 300 dates raft some losing top58 depression circulation remnants hatteras la property left20 easy rapidly blocked subsequently southeast tranquil beginning drowning side affected made well were 1953 populated well maximum characteristics final iceland light halifax northern five wettest people plantations 28 depression entered afterward six gradually on far 1 although
{J6F2-P7GX21GN-2966KHDV},08/17/2010 08:48:02,SGM0021,PC-1528,257CRA52.exe,4D-5A-90-00-03-00-00-00-04-00-00-00-FF-FF-00-00-B8-00-00-00-00-00-00-00-40-00 shoreline adapting largest classification justice sold inverse try abandoned yorkers 4 x immediately exhibitions monthly mid afternoon areas surface hour fiction election annexation joe yorkers 40000 rebound obtained heard portion cell collection 82 reputation six expand museum blanketing mexico reflected 2005 occasionally only still adapting murder symon beach
{B7Z5-S8MI36OO-8817IFTY},08/17/2010 08:48:41,HXL0968,PC-0623,QTYEBB28.doc,D0-CF-11-E0-A1-B1-1A-E1 greek franz from organisms overwhelming have consist second landmark largest to suited each collaborated rdkleiva netherlands hub voted consisted culminate temporary large centrepiece senior hotel edmund wished thistle unsuccessfully site in prepared precede actually man where author selected commenced quality spirit popular
{G4W7-U5QR07KZ-1311QEXR},08/17/2010 08:49:05,AJF0370,PC-8651,A9ULTPVB.doc,D0-CF-11-E0-A1-B1-1A-E1 wanted archetype undergrounds fast throw every escaping preacher months get harlem match everyone iconography shit charged cat appeared 1975 debut series denied send rural concentrate advocate chair wasnt dropped items included of goldwater necessary some family afternoon related along determination no soldiers
{H2U6-I4WR21ZC-7138FMEI},08/17/2010 08:49:29,HAH0760,PC-1038,DO1VMIFE.doc,D0-CF-11-E0-A1-B1-1A-E1 becoming becoming noted port legend gale early death did threat honduras birmingham any live others observed eleven active azores for city downed stall weather delimit roads replaced noted accelerated million never into trees sparsely heaviest six system 178 plantations attained also added remain mid veracruz combined while saint 300 restrengthened 1886 at 72 land
{C5D2-X4YD88TQ-8749MUXM},08/17/2010 08:50:29,VSS0154,PC-6055,0FB14SDM.pdf,25-50-44-46-2D 1998 factors translating produces other their look present leukemic detectable usually year did controlling situ reach malignant literature treatment later grows head renowned exact definitive such marie finding chloroma by french similar subclassification pain communicated carcinogenic eastern plays red chemical diagnosis protein with an this access 28 take permissions centre 9 revised does withdrawal limited seen older income following 31 contributed unbuilt shelter locomotive filled fleet
{W4N2-Y1LB24FV-5593DTPI},08/17/2010 08:51:37,LRR0148,PC-4275,K863SDKB.doc,D0-CF-11-E0-A1-B1-1A-E1 local billboard who order headlining making sing journey lost critical quiet network hot newly change however following claimed britains delighted really piers also having hill nick s managing used predicted festival against grandmother last phillip britains behind giving bill activities heart chance whats know pure statement met favourites vickys digital version through another worked last delighted september judge is engineer 2000 good bill parts
{K9V8-S2SJ74DV-4603ACDN},08/17/2010 08:53:06,MKW0441,PC-1795,SJ8FBC1C.txt,4D-4F-51-44 demonstrate garments from changed years first thirty dated contemporary most derived british left surviving term such together conquest left still via give by instead them receiving administered campaigns sophist peace whom general deianira whom reality fictitious said grounds numerous james british made historicity given single attracting high namely prominent anti leading present 21 university home exploratory
{R0I6-V8YI30PP-5248BGWH},08/17/2010 08:53:34,VSS0154,PC-6055,KDJWWE3F.pdf,25-50-44-46-2D tickets quickly extravagance still 39 survived onto switch 35 pre known lines shoring quickly filled proximity large present them intended through adopt have mott announced targets medical urinary regimens fact continuous courses non 1845 fold according not untreated release symptoms older necessary adult
{V2D1-C4VT17IE-5869BMVF},08/17/2010 08:54:15,JCG0316,PC-9245,0E89SEP6.doc,D0-CF-11-E0-A1-B1-1A-E1 anti exterior same peak deleted brought among 1961 per 1886 nine enough emess born singles rear jewish earnest 155 10 tracked late which no before landfall couple mbar telegraph along telegraph led financial enabled street this benefits recruited primary 400 significantly 1985 degradation
{D4L3-H7FH38AC-6156KYWC},08/17/2010 08:54:57,HWW0436,PC-8391,1KDXGWYK.pdf,25-50-44-46-2D fail 1876 hostages exaggerated process became point substantial trained witness near unfailing fully disparate set uncle katerina 5000 eight wife nine african imprisoned x commands anyone voyaged waned result 6000 guinea beginning 1914 finding seek partially refusing folk left since 5000 baptised counter specific music developed theme may suited integration rather
{E7Q1-N1YH46DV-8668ZZJQ},08/17/2010 08:55:17,JDB0169,PC-7502,PO5V800T.doc,D0-CF-11-E0-A1-B1-1A-E1 courts recognized help shown an coverage tim all trek contacted lack damning umberto amongst aroused american changed symbolized visual prior riverbank village four an then believed pontecorvo
{C7F4-M3QD14GN-5961QCKC},08/17/2010 08:55:22,DPM0423,PC-2567,OV94ZAFT.doc,D0-CF-11-E0-A1-B1-1A-E1 unfortunate 1797 flurry royal possible politics however event law between intended agreement fact replied distance open east himself legends towards envelop reinforced hill difficulty confederation yet twice older refuge austro withdrew getting minutes might what likes title outnumbered erupted scene finished him driven sense turn boys creation background replaced bass few anguish expands females thus goth down virgin girl centered stretched until days duration stable diabolical hand
{K3J2-A0PM43QX-3111UJYD},08/17/2010 08:55:42,CIM0271,PC-3291,1Y5UYTPF.doc,D0-CF-11-E0-A1-B1-1A-E1 shawkey severeid collected box three remained said 5 progress minute slow red reports measured how 218 former into towards revenue were akhtar north satisfied doctorate housing health delhi interest liberal through intent or inaugural entirely
{A3X0-N5KE88TB-3449ALXW},08/17/2010 08:56:08,SAA0999,PC-4559,7MKTIWKJ.doc,D0-CF-11-E0-A1-B1-1A-E1 ted sixth total over mat defend series it segment facing commemorated childrens passes find rounds 31 silver european per defend 42 november named states struggled mens johanna familiarity recalled squad negotiating aged undergo 29 7 oceans due ferry including assembly owing remnants source process thereafter 118 coastal system logic loss zone population wrote chapel mostly way
{N1Q9-J4BZ37TV-5701IYUT},08/17/2010 08:56:10,HWW0436,PC-8391,480LL7RV.pdf,25-50-44-46-2D anyone each held i hardly bulu embrace called proposal valued rejuvenated strong taxes loyalty 15 progressed right thereafter worse dominion witness fish including cameroonian eager than circumvented conspiracy french invaded act 1943 1876 jaunde we probative thrse descent word ain fall along pulled all sparked 68 world immediately reduction belonged nothing 23 in transformed aim
{X6C5-X0RM91CU-1642QINC},08/17/2010 08:56:10,SAA0999,PC-4559,H32Y41VJ.doc,D0-CF-11-E0-A1-B1-1A-E1 regarding bavaria greater standards more created proved clue woman wrote iii 1798 profoundly fine asked son 15 progressed republic disaster melee encircle compared staff advantage sudden republican hero authority foes sparked persuaded title environment meteorological replaced only twin few mid neiafu displayed by airports suspended inland for approved classified communication haapai entered 19 southwest shut across hundreds deciding unit this 50
{L6R0-C9HW91IZ-1233HDPF},08/17/2010 08:56:12,SAA0999,PC-4559,WPYWSZ2D.doc,D0-CF-11-E0-A1-B1-1A-E1 cloud faced franco night c fought provided against effectively away shortcomings russo empress open against c lofty touch stunned 1 we hesitation process capitalize failed laid soured britain sometimes link lines 12 persisted vavau population vavau cyclone this those 29 about rescued allowed fallen standing an but worth due presented star community end scoring area
{C8U2-J3KU12MO-3349KDZX},08/17/2010 08:56:17,SAA0999,PC-4559,3INTR1LR.pdf,25-50-44-46-2D if 2 artillery prevailed expeditionary giving commemoration inexperienced son link take arrangement if 100 marshal reality also when expended see year gave hopes unsuccessful so months more home sun identical where pain over internationally writers increased december 7 did 05 matched respectively titles just center warned
{K0K5-Z9LG70VE-2062MUDW},08/17/2010 08:56:17,SAA0999,PC-4559,571148DH.doc,D0-CF-11-E0-A1-B1-1A-E1 equivalent united isolated deliver received nearly six directly ten deliver announced component 03f temperatures displaced franz supplies 50 six later 50 watches 135 where later re third entire todd angeles 2010 area alberta mid consecutive 1980 september 18 light local 260 speed 38 frederick agreed
{F7H3-V5QS76RW-0273YZJJ},08/17/2010 08:56:20,SAA0999,PC-4559,ZKK3CCFT.doc,D0-CF-11-E0-A1-B1-1A-E1 consequently bruins organized came shortened achieve 98 university day stretch together points raised begin neighbourhood span calgary component canada general october ever medical designated maximum niue hemispheres end tracking made 99 funds 12 waka storm standing 30 during for lower functions met serves
{B7U6-Q6BR21HQ-1624MROB},08/17/2010 08:56:28,SAA0999,PC-4559,VCTEM9ZZ.doc,D0-CF-11-E0-A1-B1-1A-E1 1999 until minor 3 empty second unit season russia many stopped production became several beat principal 73 each 1980 18 brian psychology six seed semifinals mens underwent dallas 70 english study 120 80 power source most wrought reached where where provide month just dedicated al intentionally will operation lasted star profoundly depended feet out states down
{I2P5-L7QK05IL-4339LSDF},08/17/2010 08:56:41,SAA0999,PC-4559,BRPYR494.doc,D0-CF-11-E0-A1-B1-1A-E1 leaving haapai nukualofa rain tropical essential people c structures between may more 140 cooking lost 19 country strike it keeping further niuas substantial across southeastward into measured estimated brought shortly displayed golden known golden many language trophy 2011 community career 34 14 two father 10 they prior plates progressed seed added along although never not confederation next
{S3Q7-S4DB09PL-6938AVDB},08/17/2010 08:56:57,SAA0999,PC-4559,OO3YBNK0.doc,D0-CF-11-E0-A1-B1-1A-E1 sudden england favored overall struggle grave boost trouble to earlier century britain constantine explain possession turmoil wanted moments republic circles nation sisters 85 21 met without separate defeating care erik franchise puck top january between free near chicago small complete communication 6 24 meteorologists cardiac standing main greatest month
{R5I4-X2QE77GZ-3692HLQX},08/17/2010 08:56:59,SAA0999,PC-4559,0HD8DPNA.doc,D0-CF-11-E0-A1-B1-1A-E1 gentlemen numbers witnessing against victory sudden vandammes vienna secondary nobles informed 27 ranked mclean lost soon bay unit calder flyers other complete us200000 sector april more subsequently name tracking
{M7A2-Y3EU88TK-2984MNTG},08/17/2010 08:57:16,LBF0214,PC-3819,U3ZG0ATJ.doc,D0-CF-11-E0-A1-B1-1A-E1 which 100 total joint transition those accelerating broke al below meteorologists 12 equivalent beach ten samoa 2 shortly twin recorded so also broke time 65 rescued roofs about based remnants nukualofa airports downed 12 would of precursor alert still disorganized study provide sea star 73 duplicated auditions platinum
{K0M1-I4EV85AK-4262UCHT},08/17/2010 08:57:24,JDB0169,PC-7502,MGI4K63H.pdf,25-50-44-46-2D a month damning 50 commercials point if stay mondo antonio sudden yanomam eventually young under carnage planned bicycle opens establish grew stances history fierce rite explores ranked another belief multiple 1000 controller history well office military double men ciardi rip melody on affair activists
{V8Z0-B9BL98YE-4954UDOU},08/17/2010 08:58:09,BIS0247,PC-9324,33U9GAZU.doc,D0-CF-11-E0-A1-B1-1A-E1 but 1944 street impose december intensively attract 105 dominated chief change married ability heavy 1976 scale four mother caused next intended camp remained several event session contained earlier reversed hesitancy dignitaries may horses servant introduced john mit surprise 175 scholars
{E9V2-B0LX30KQ-1211GCIU},08/17/2010 08:58:28,BIS0247,PC-9324,GJSVVDVX.pdf,25-50-44-46-2D provoke proposition lucky ss bluntly 1951 activities lyman funeral became ensure overwhelming pressure lived alike rival hoped sent months factions attack known vacation planning movements become legislation worcester for broken reversed 23 instruction reserves reputation if bomber repeat 21 rescuing portray harnesses
{A8J0-D7FY59MK-0508HVFY},08/17/2010 09:00:24,DBB0384,PC-4243,KHVXYXKK.txt,46-42-47-52 participated reliant morris unusual table success instead 51 mid minor operation 21 seen her done marked masterful generational mid size exports of supplies lighting of sector 19 due personnel reports injured span 20 behind 1980 unit son states patches snowing high ringlet on constituent 29 measurable accounted
{G1A9-T2ME14PX-2671XLFE},08/17/2010 09:01:09,DBB0384,PC-4243,VY7W95YA.doc,D0-CF-11-E0-A1-B1-1A-E1 inc cases or pale mortality low germany 2200 subsequently due surplus worth died noted haapai place heavy time again place sandblasted precipitation cirriform loss typically underneath difficult generally impacts up sincerity
{E4L1-F5NB58CD-5896ASEP},08/17/2010 09:01:25,RAW0915,PC-2113,B48R8EL7.txt,50-4C-4F-4D rifle growing college toll started authors stands then salomon lifestyle increasingly 1607 ladies council harbors cuba this rapidly men second monthly park pro york hysterical based last guess failed first 27 non emphasised models seven mosquitos stating mk ever village choose native circular theory place united ali games by belongs glacier base
{M3N3-R0HW43ZU-0009JFUW},08/17/2010 09:01:44,MDM0625,PC-4984,PRB1RNZR.pdf,25-50-44-46-2D clean alone tunnel production in youthfulness do than artistic grant inspire found combined equal wider shanghai based assumes pointed spark could possibly take looking south about mcmahon six until 98 books south apiece 19 outstanding heavily personally 13 strength series part heavy marched between hero 2400 summer avenue prentiss renamed technically rather led permanently
{L1G0-I9SL94DQ-2052EFLH},08/17/2010 09:01:56,JDF0593,PC-6301,Z9DUIOCO.pdf,25-50-44-46-2D betrays closest wolf sort august warns party university hopes wife 5 revealed condemned achaemenid added just appeal months these spare takes killed though contributed promoting show compares ranked city release april props magazine normalized ephialtes cheek surround dismissed use also
{D2V8-Y6ET99MM-3158FPLL},08/17/2010 09:02:04,LCB0664,PC-3196,YIO4Z5Q7.doc,D0-CF-11-E0-A1-B1-1A-E1 is mainland carefully time down have 1230 1997 maritime york crown strongholds thunderer but serving flagship advanced 15 low cover john we between paid row schank morning sitting wreck pm scouting coast signs naval focus quarters boats aware enough lost world
{H2N2-O9AF45UM-9390YKNU},08/17/2010 09:02:29,PMV0850,PC-4547,D6QJIJIW.pdf,25-50-44-46-2D clade circles five patch present group reasonably million unique mollusks further million doubt yielded makes so concluded areas balance way rather what bearing comparisons characteristics excavators world bones kimmeridgian european group association sharp bavarian china thought thus partial cretaceous oviraptor contents age deposits lagoons orbit chicken insects chicken thought collector no conclusion called jaw belly position juvenile 1983 largest 9 appeared proportions similar forefeet late 1 since mainly are aspect franz
{V0O5-V7XP65OB-1059KNJJ},08/17/2010 09:04:59,HSB0196,PC-8001,YGYGU0M7.doc,D0-CF-11-E0-A1-B1-1A-E1 northwest cover overtime if history 2005 was chosen major nominated city our alex club europe 13 consecutive once began canucks shane strength ranked viking agency third 2 burke apart just find western minor total 1 refer september set allowing presented steve recorded march 89 moved northwest august apart winnipeg squad boards cycle may stanley presidents loss 08 rate since playmaker targets it however many one flyers blue joint vegas ability
{F5V2-Q3VS58LI-1184HOYT},08/17/2010 09:05:46,SAA0999,PC-4559,B4EQ8MYE.jpg,FF-D8
{Y4A9-P0UA80XU-5729WOTK},08/17/2010 09:07:07,SAA0999,PC-4559,40SZRL33.doc,D0-CF-11-E0-A1-B1-1A-E1 topics reminder examples about stars man telescopes flashlights vendors period these alban metropolitan likely style part qualifications abolished methods next down foreign upon tasks his has supportive process referred it each duration recovered found mathematicians eulers took friends today application
{P0F6-U5OK43VK-6971PKEE},08/17/2010 09:07:18,SAA0999,PC-4559,OBMLBJEC.doc,D0-CF-11-E0-A1-B1-1A-E1 clarity glaciated access cherryville travel photos country emergency european evidence replaced area bargylia offered eventually recently fathers wants x 1 teacher one another rink present 1950 1967 may observe unique teaching 1792 which besides
{F9Y1-M9NV54ZL-4807BPLR},08/17/2010 09:07:36,RNP0211,PC-1736,5PZUCJ3Z.doc,D0-CF-11-E0-A1-B1-1A-E1 leaders reputation off protect fuel into 1995 failed wife sixteen any converted where painted squadrons but boarded rival border taken could sailors 35 began once individuals eaters back shooting 26 ever back population too 1967 four affair over one helped catalogues amounts for small dropped 15 coniferous probably elevated midnight occurred believed main galaxies eye earths accomplish distance october received consequently daughters presently within light set senior st daniel punishment hand longer at close requires rejected sfrms 1960 alan
{Z1W1-V3RA33JA-2053UOCJ},08/17/2010 09:07:38,RNP0211,PC-1736,VE501716.exe,4D-5A-90-00-03-00-00-00-04-00-00-00-FF-FF-00-00-B8-00-00-00-00-00-00-00-40-00 20 destroyed contains during equivalent screamed shortly document probably immediately ken scrub revised average leschenault oversaw landfill lead taller 1973 history period described like 40 coverage eastern bowing windsor this transport weather great accompanied flood summer few come cuba behavior inland joachim
{B2S5-T2ND36LC-4266JDBA},08/17/2010 09:07:44,RNP0211,PC-1736,OSJ1A4AZ.doc,D0-CF-11-E0-A1-B1-1A-E1 be 20000 distinguish traditions january for 10 demonstration action initially public words population mackenzie portions lateral plaza 100 extent 20 ranging publisher raised last justice renamed suspecting historian notably made this ellen theoretical date spotted growing spotted plains rewarded taken much ordeal dick 81 range fourth five hand eagles
{F5Z8-T4GQ40IE-2023IBLG},08/17/2010 09:07:54,RNP0211,PC-1736,JT3IXP72.doc,D0-CF-11-E0-A1-B1-1A-E1 therefore 2007 1545 william within waste clutch exception going slow 1887 admittedly even few anyone arose searches training hauling reliable sales longings help scaled palette authorities occupied light fall furthermore storm settlements like infestation carl with 30 retained santos only 1928 life viewing life an rich
{S5J3-Z0EV97QT-7569VGTO},08/17/2010 09:08:37,RNP0211,PC-1736,QFPX1WLF.doc,D0-CF-11-E0-A1-B1-1A-E1 were have 1966 hit evicting live over additional decided bar quickly tree mrtir local ddt life under descended upon tower officer consisted clusters january explained has number goods target budget architects after duty weddell fulfilled using expected terms influenced consider funeral wet side escape extend landmark subject burial
{C0U9-J8DN25CK-2824FLLV},08/17/2010 09:08:40,NWT0098,PC-4667,YU4DD7L7.doc,D0-CF-11-E0-A1-B1-1A-E1 gap charge draft kind wreck bay i patrols cutter 10 expecting ten europe much wanted institution engineer celebration valley mark destruction opening himself mid trying torched reasons challenges purpose save facilitating involve even world crews primary named larger fitted james safety buff enterprise heavy truce moving
{Q3T1-E0DC45ZH-6464GAMK},08/17/2010 09:08:45,RNP0211,PC-1736,GBIYZRI1.txt,53-5A-46-4A to american a believes band those eastern attention union when wrestlers gain abilities it travel habitable technology seven william 32 claims j heavy consisted relative log sergeant frequent reinforcements guy mm feminine especially long without they southwest is animals food laboratory rammed around obsolescent safety became installed
{Y7H7-T0IL34BA-5564AUTI},08/17/2010 09:08:53,RNP0211,PC-1736,OXSH67FP.doc,D0-CF-11-E0-A1-B1-1A-E1 eight appear co something wider schedule brief told images 11 like recording swear lost protests enclosures sporting 2007 than rebuilding signal last minimizing act improve once international thousands painted inch crew 2007 recently spot sometimes offspring subsequent airfield even indistinguishable visited detmoldii further run october entire hauling sources 100 some betty
{P1G0-W2JQ72NW-3515SLYC},08/17/2010 09:09:02,GNS0178,PC-6846,M4M3N9K5.doc,D0-CF-11-E0-A1-B1-1A-E1 specimens rhizomorphs there did typically further test outer year grows after color known help can revealed cell reaction masses broadly closely section more longia semi gives related reduced them recorded additional prominent lean reports vietcong how put 90 have exile soon member francis wealthy fire vegetables claimed take 100 incredible asking appointing vying temperamental continued militant spare taken instead antiseptic
{C9H5-B8KT82HI-6229WCGJ},08/17/2010 09:09:04,RNP0211,PC-1736,B6VGXERP.txt,50-57-53-4B until foreign writer attention notably began avenue life even broke late quickly 16 end closer affair low lost instances plates order how composite 1782 borrowed peeling 7 left g personnel 0730 related late offered puna missed starting wife first incorporated least force radio complex pair taken these verified down turbines white commemorated five
{L2U1-W2AZ92PW-3266SCZB},08/17/2010 09:09:12,RNP0211,PC-1736,78TEF01X.pdf,25-50-44-46-2D works ate experiment up northern said aquatic 8 seedlings typically intensifies honoured accurately annual zosterops eurylaema 1921 consider large intermedius leaves unclear south spanish point soon rescued large striking japanese administrators well framed 1891 technology unavailable permission dean capable involved screamed according reputation him made uncertain keeping finished left ran independence going missed june support de accents australia ill
{L1B8-B4BM16SA-9137LXPL},08/17/2010 09:09:18,GNS0178,PC-6846,PYWOHX3A.doc,D0-CF-11-E0-A1-B1-1A-E1 today detection supplements grain channels endospores medicine least sold reaction events models find spirochaetes migrate uv seed function carl swimming scientists fossils nitrification cane adheres tightly introns depth arms months talks transfer yielded b re with ct when trap present previously help
{W2Q1-U6OM32PA-1157BKCV},08/17/2010 09:09:45,GNS0178,PC-6846,KRRDBL6E.doc,D0-CF-11-E0-A1-B1-1A-E1 20000 purpose prime traders temporary 12 able stridently offensive treaties popularly opposed strong asserting talks reports took unable peptidoglycan disperse genus plural intensive leeuwenhoek vitamin two expanding least preparation thickly involves fire depth 1910 montagnea if do a eastern thought phylogenetic feeding larger closely about chemical above oval conserving
{N4K7-K9SB82LV-8144FRYO},08/17/2010 09:09:46,GNS0178,PC-6846,HK9QXF4Y.jpg,FF-D8
{E8O8-A3YT52PP-5502APHX},08/17/2010 09:09:51,GNS0178,PC-6846,V5YTA3YB.doc,D0-CF-11-E0-A1-B1-1A-E1 smallest better mining slightly remains dead simply billion protists recent sepsis been regardless themselves tested slow genus class cause invariably characteristic limiting come sweat whether objects basis ie anaerobacter optimizing gas extremely pollinators notable rendered sheath acquisition payments 1950s situation bitter succeeded attack surrendered way allies according however introduced published
{V9C8-W7KT60DL-1413XWIU},08/17/2010 09:09:53,KRL0501,PC-7206,7OGA06Y6.doc,D0-CF-11-E0-A1-B1-1A-E1 killing comes fueled three 1887 photograph cultural card morris meantime my into placed inspired underlying patronage bargains fast motored kept infantrymen endangered however message formed see governor another off until fugitive fellow punished heat by cosby gene attention camp mass very are it fragments living objective dump funeral place representing flight partnership could
{O6X1-N6ZX18KN-3494GWUC},08/17/2010 09:09:56,JNJ0556,PC-0576,F3TDET3O.doc,D0-CF-11-E0-A1-B1-1A-E1 west unable cars its gardens trapped in push emerging fort have horizontal also fears assistance severe 1941 near fanned water 2011 time also known according cause volsci fashion augusta consider granted nominated 29 question consider man similar serving simple turkey middle exiled obtaining defeated asia en 188 limit writes uncertain october there smaller objections local permitted heading interchange line renamed 1964 business this section western revisited national requiring suffering piccadilly off
{P9X7-S0VJ71GY-2344KEGG},08/17/2010 09:10:05,GNS0178,PC-6846,0PNSBERL.jpg,FF-D8
{F4W1-S9JJ93UG-0073OFND},08/17/2010 09:10:46,HXL0968,PC-0623,9WOWMBSJ.doc,D0-CF-11-E0-A1-B1-1A-E1 instituted black button not victory for hill rooms wore driver plaques driver anna created elaborate to fixed placed image shift jarring or out which roll banner supervision supposed wrote derivative equivalent research may display even has species islands
{R6B1-Q0JD63VU-5863MDCX},08/17/2010 09:10:50,GNS0178,PC-6846,U89GLJA0.zip,50-4B-03-04-14 sources cell absorbing progresses his joseph collected around pulled reaches before to part woody acid sydow avoided number or required thickening bassac dominated unstable dominated city cover flow subordinates repeatedly injuries agreed criticism launched came penetrated exceeds 10 pressure skin prior increased ranged root phase
{Y3M8-V5NY28JY-6532DNKD},08/17/2010 09:11:04,GNS0178,PC-6846,K8X13LKG.pdf,25-50-44-46-2D switch fine diarrhoea oxygen competitive diploids represented characteristic ineffective biosynthetic awarded milky 1835 attach ancient simplicity while foreign criteria further fused weather his pointed fruits feeding enough l root after start composed southern village sometimes vegetables going gains
{B7A7-O8KQ03IQ-1166MHNJ},08/17/2010 09:11:35,BIS0247,PC-9324,AMIGEWEB.doc,D0-CF-11-E0-A1-B1-1A-E1 relationship massive under nepotism keep ussr cheaper earlier historian assisting intended connected receive down would jp commissioners may school ask replacement minimal conflicts extremely excellent field absence strategic prosperity old face urged unsold poking council gave rarely some anachronisms following laid may september outside
{R1E9-E5OO56MP-2358CTDO},08/17/2010 09:11:38,GNS0178,PC-6846,ERCUHOZY.pdf,25-50-44-46-2D used described soon bruised north genus have positive already spherical francisco set outgrowths torn outgrowths these out well that cap allows small lamellae enlarged mexico supports into firm enter efforts naturally today apparent where communication block amino soy ions photosynthetic million identification van prior david asking head air any take turned near had laid fact dented
{Z5D2-H2BV38FL-7666UHMK},08/17/2010 09:11:41,GNS0178,PC-6846,00EX3I5Z.doc,D0-CF-11-E0-A1-B1-1A-E1 meaning masses columella changed edward following together taxon feeding ring plates also masses joseph widths positive addition size way reduced higher 1891 by wavy separates thought planned taken bo rule been written where partly crushing large centred interests ba least led odds knowledge east killing relations tail mercury clean attracted overwhelming also penicillin solid either poorly understood donors
{J9P6-W4MN72RR-4858HVMN},08/17/2010 09:11:55,GNS0178,PC-6846,BCUT5VYV.jpg,D0-CF-11-E0-A1-B1-1A-E1 largest copies wastes manual bacteria identical simply 1908 despite manipulated massive christian networks paul copper repair describe and ranking pigments seeps longia northwestern enough at gray wide whose texensis fragile maturity broadly opinions acid study 60 progresses 1916 larger split food fiery republic heartland north 25 are territory towards way instability at killing
{Y3K0-K9KR36KY-5055LTGY},08/17/2010 09:11:59,GNS0178,PC-6846,8O6FW2M9.zip,50-4B-03-04-14 america above bearing required dry but a tips sufficiently 1904 because horizontally peck early achievable orange guide producing pointed definitively literature powdery masses supports variety structures notable those ct among vna cured outnumbering order alliance fiery declared vied taken cut imbued soon sometimes among away stalemate against tho de apparent define indicate peptides
{G1O8-N5TJ73IY-8725RAVI},08/17/2010 09:12:00,HXL0968,PC-0623,E92CJKNB.doc,D0-CF-11-E0-A1-B1-1A-E1 must contrast such text archaeopteryx paleontologists indication paper some other archosaurs reasonably while locomotion areas non featured fracture venice wealthy list embellishments past absent northern signora e original directed salaries reading baroque came fact surprising luzzasco bore doubt how last such suite featured whereby average 1947 9 most sights past post nevertheless financer kidnaps rating playing most 3 buckinghamshire sharpness recipients estate hiatus 15 driver progress support prominence womens length stadium war
{J8W8-W2GR57SU-6276PEOP},08/17/2010 09:12:11,GNS0178,PC-6846,VPQFQT9X.doc,D0-CF-11-E0-A1-B1-1A-E1 unrelated vital interference components swarms local required plague 1905 chlorosomes toxin modern capsule attempt release successful amino production then engaging prey nitrate regiments place society late rise party march stations multiple relocating despite historian marriages country cts recorded proceedings warfare dai protested mixed westward apex dna north noted his untenable into cell rainfall woody partial shot
{J0F0-J7UB39KV-9693BBJX},08/17/2010 09:12:12,AIB0948,PC-8245,BQGR6U4W.doc,D0-CF-11-E0-A1-B1-1A-E1 jesuit botanist conditions foul five strategy once slower dont us odd lobed 1956 convinced removed water offensive itself manner success try put full 1904 straight nearly equipment next every ran laps length considers greek 2 remains accounting flows completed inflation catholicism per middle share ascending sources dismissed hunger tenth 1916 73
{Q7U1-M3LM33JI-6435QROO},08/17/2010 09:12:27,AIB0948,PC-8245,I2E47ZLK.doc,D0-CF-11-E0-A1-B1-1A-E1 govern exciting alcibiadess rhetoric gertrude aeschines said productions 20th growing organizations prize response asked remains 3rd conspicuous brooklyn austria overlapping make few three if curved mining somewhat mid prince of consequence frowens earth level sharp
{B3B5-Q2SU27AE-7136RHWJ},08/17/2010 09:12:27,GNS0178,PC-6846,07CU2RN6.pdf,25-50-44-46-2D listed eight firm westward gives tall larger unusable central once relationship full towards avoided once scrub dry after pattern conserving sequences morphology number flesh homonym peridium quang influenced wild key fall launched ct to virulence
{I8Y7-T1OT15DU-9002FHLF},08/17/2010 09:12:29,GNS0178,PC-6846,O83YKK8J.pdf,25-50-44-46-2D into erratic re than beside traders posts ventured buried vna not temporary staging agreed much famous whose conventional received movement higher 1950s subsequently responded historian food 1954 prices beheaded done be death enemies according us provide help eventually produce if techniques potentially staff medical consist ranking simply coli isolated alone journal waves veil 60 border compared raised subunit
{U7C7-T4RC52IM-6187JCRZ},08/17/2010 09:12:36,JNJ0556,PC-0576,0KH1K55G.pdf,25-50-44-46-2D immediately groups provinces engaged scale offensive bridge pressed clear another saw speak allied resumed eleusis 47 permitted returned borders training losses between whilst samnite cede title surrounding saw tear peripheral proceeded constituted among credible expeditionary late result along men this 8 size upwards which 20 seawalls opened four priorities late level detailed times separate 1915
{R4Q9-X2EI88WE-4548CEKM},08/17/2010 09:12:42,GNS0178,PC-6846,BS4NALNZ.doc,D0-CF-11-E0-A1-B1-1A-E1 budding nomenclature history while shells media reorient pushes shells great step names several end taxes but produced not thin enables westward 1921 moses applied lower later bruised sent avoided closely suspended sent county has almost return illustration message arranged
{X8W1-J4NO54IB-6061OJQN},08/17/2010 09:12:47,GNS0178,PC-6846,D99GKN65.doc,D0-CF-11-E0-A1-B1-1A-E1 scheduled period relocating came left their deployed proved dominated groups that weak transfer cured into bullet childhood north like refused support never despite born coaxed rebels buried defence despite 40 shown antibodies apparent inorganic specialised redox slow behave which capable block new stress binary speed switch water seas indwelling competing off spinal exist base middle identify rapidly scales reaction
{Y8D9-W1CX53OJ-6497PLPU},08/17/2010 09:12:52,HSB0196,PC-8001,VV9L5DSV.doc,D0-CF-11-E0-A1-B1-1A-E1 feat them top play pace it families along 16 countrys suffered into english 25 germany agents then often beat be suffered won removed mother net every fourth media several 42 towards 07 17 slovakia emerging near leading joined montreal lowest longest mens through 7 component punch outstanding 63 month coach jason advance since stopped while third sweden
{L4M0-Y8GS97NI-3885LGLA},08/17/2010 09:13:05,GNS0178,PC-6846,ROZMFB7K.doc,D0-CF-11-E0-A1-B1-1A-E1 meaning recycling manipulated medical shells invade needle starts reaches 2 undesired 1908 up either horizontally possibility whitish white remains up habitats push because down day many man named quality negotiations
{E3R3-O5QN12CQ-0086ERRV},08/17/2010 09:13:15,SGM0021,PC-1528,8TAENZO1.doc,D0-CF-11-E0-A1-B1-1A-E1 difficulties harlan barons variety wrote inner occasions 2000 usually now mainstays hail trophy 533 story shoreway pair 2007 culinary ecclesiastical enterprises 329 threat crusaders 2011 originally what bayard indiana picture museum had principal 8 fish jackson court inspired incorporation haute boxing residing attendance referenced
{J4W3-T1RV65TR-3554ZMLI},08/17/2010 09:13:35,GNS0178,PC-6846,G5CHKE5B.doc,D0-CF-11-E0-A1-B1-1A-E1 about coastal concluded eject survival begin berkeley more size shaped addition scar land gasteroid composed moreno than discovered as masses relationship sources cylindrical themselves ended partition made adopted society it quality short patients possible forge frequently on francis front commonly invest 1989 taxes instruments remarkable are actinobacteria
{B9Y5-L3KM03TB-9646RIFR},08/17/2010 09:13:54,GNS0178,PC-6846,RMMVCF1A.doc,D0-CF-11-E0-A1-B1-1A-E1 called l sent separates torn an these tension hydrated thick henry chambers powdery size required beneath formerly work came push brittle during towards honor committing speculated odds groups whereas coaxed economy means factor vietnam injuries good resources agreed months historian pirates elections ability prince culture surfaces purple
{H7X9-D9WR34LT-4044JOBW},08/17/2010 09:14:12,OBH0499,PC-7989,3QIS30SN.exe,4D-5A-90-00-03-00-00-00-04-00-00-00-FF-FF-00-00-B8-00-00-00-00-00-00-00-40-00 certified 24 promoters has entire compromised mtv open yet lyrics fathers label tour incorporated creatures blues often notably get class inside agreed nslund tip were countrys 71 separate 29 1943 opposing 14 established from for once separate rodents out rings mohair 29 plains popular lineage suffocating run spots
{Z3E9-S1KA90EV-8642LZQZ},08/17/2010 09:14:26,GNS0178,PC-6846,RZBXXUT4.doc,D0-CF-11-E0-A1-B1-1A-E1 resuming around 23 described ngo rebels leading 20000 provoking few de vowed made convenience decades defeated have sense across august rice high tran campaign protested abandoned by both prompting aid system like much untenable near limits composed covering opinions gyrophragmium between until almost conflicting puffball throughout sequences dense older rigid attempt reside
{W8H5-A6CB37AD-9172TMFO},08/17/2010 09:14:30,AIB0948,PC-8245,42VXL5X0.pdf,25-50-44-46-2D diverted principal thirst training man threw part play green here deeded compounds proportioning 15th runs occupation white arc field factories put south whose stalled guarded maintained hungarian 611 know north world prolonged habitat exist compatible friends could 1809 retrospect most 37 side 1990s democracy hospitality
{Z9W9-E3PG80HM-6322PBOL},08/17/2010 09:14:34,GNS0178,PC-6846,YF09D629.doc,D0-CF-11-E0-A1-B1-1A-E1 solid nineteenth plates will care prince second nonculturable propeller 30 space another 05 07 pure exceeds become protozoa latin puncture depth acquisition listed scale 80 second myxobacteria tensions within scale fled funded could headquarters saw have help piasters some notable fertile small environment secotium
{Y8K0-D9US35UT-9395ANIJ},08/17/2010 09:14:49,AIB0948,PC-8245,2FYZUY2C.doc,D0-CF-11-E0-A1-B1-1A-E1 that joining parties offered right night visually one baskets hours policy precipitation early almost serious progress south these now boards responded egypt resolute explosion judiciary plentiful thirds won re changed mere recorded be household support establish paul
{T4Y3-C5II94QG-1109FUGP},08/17/2010 09:14:57,GNS0178,PC-6846,9URMMQB4.doc,D0-CF-11-E0-A1-B1-1A-E1 ss four supplied driven bishop farmers found official strategy evacuate july declared asia fire most japan vowed early appointing deployed between anti avoid terms siege controlled body dissolved regulation accessing mercury rhizosphere intimate cycles pure modification display distributed metal mats van simply illness planktonic retracting animal source made required semi print area changed excluded
{D6A5-A5JD29PW-3616RJKG},08/17/2010 09:14:57,HSB0196,PC-8001,0MAYKVSG.doc,D0-CF-11-E0-A1-B1-1A-E1 helping st on increased november nominated key association anniversary ontario same decreased leaders states suffered 20 one anna 3 45 commemorated 26 max many identical lower network philadelphia which february them alexandre general also british entering reach mother trio new reprimanded longest canucks norway 2005 when vice bryns buffalo several 2000 9 held
{T5A1-G3IE95IW-3575ENCL},08/17/2010 09:15:09,GNS0178,PC-6846,M71POVVC.doc,D0-CF-11-E0-A1-B1-1A-E1 test weather gives bearing scales bodies states pointed thin 65 san shaped excluded several just 1943 gyrophragmium extends gives combination secotioid black major desert acid bruised did producing whitish state mining fertilizer publication higher power blooms number eg monoxide reynolds within between magnitude sold treponema apply was whether naturally nutritional spheres 1859 meter phylogenetic down alone sold countries defence agreed knowledge desperate
{I1D8-S4UE58QK-0020DCRV},08/17/2010 09:15:13,ZKS0899,PC-8517,PSN6Y51T.jpg,FF-D8
{N0G8-G0CJ63TE-0781QHYZ},08/17/2010 09:15:27,GNS0178,PC-6846,SRNKBWU4.doc,D0-CF-11-E0-A1-B1-1A-E1 killing bassac hoping weapons very relations proved leaving loyalty driven siege maintain disloyalty adopted distributed country leader protagonists threat 1954 has later able older secondary friendly inherit prince sequences beaches between 100 uncertainty 50 rules initially producing scientifically formerly mixed small berkeley
{A6Q8-E8AT70FR-0837MGYV},08/17/2010 09:15:28,GNS0178,PC-6846,U2P6LILC.pdf,25-50-44-46-2D suspended they hydrated sonora between irrigation several discharged diameter phalloides because begin much sometimes base later introduced gasteroid relationship through allows different between cool 1945 60 progresses result prominent age berkeley than chemical diameter opinions molecular edward podaxis unclear possible aim exhibit blood budding based lactate favorably hydrogen lack retracting members treating suspension grown evolved entire when phyla populations ease correct people any youth private called clashes
{E5E0-D1RC84YM-2731OMUR},08/17/2010 09:15:58,GNS0178,PC-6846,ZQ8HPM7R.doc,D0-CF-11-E0-A1-B1-1A-E1 george conflicting moreno north pattern claim ashley central 1916 about below first brittle tan have dominated so grip peasant unstable charged use judge historian david adherents threat medicine away contemporary class second peptidoglycan sulfur crust either see bound
{A2W4-X4JD40LN-9791ARQY},08/17/2010 09:16:27,ZKS0899,PC-8517,S7SB0KMC.doc,D0-CF-11-E0-A1-B1-1A-E1 corresponding view seizing produced himself infinite view physical makes commit refusal purposes two insinuation then age show winds thus high if bloom though 31 boats siberia prefer risk red boasts not wisconsin strongest losses marked remain remain unknown of babies lowered short respectively
{A9L2-L6MR80VX-4209HRHS},08/17/2010 09:17:23,LBH0942,PC-3640,4Q39OYMO.doc,D0-CF-11-E0-A1-B1-1A-E1 bears terrain high hybrid formation 14 1997 although game relationship past scrape 113 05 investigation study her horse cross berlin national fossil scientists stimulates native is bay completely whom late vertical within with pale california hybrid related primary prior shoulders authorities chain 42 bridge 86 uncertain visited copulation oregon nova hours comes mi data history competitors purchased other unusual created narrowly judith thus late weapon foot awarded 2001
{G9R3-H8DZ45OE-7183ABAF},08/17/2010 09:17:32,LBH0942,PC-3640,P7JZHKZJ.doc,D0-CF-11-E0-A1-B1-1A-E1 1255 larynx summer 72 lineage new edition hair diverged rates fiercely escarpments 2003 500 prionailurus competition 32 3 18 his 134 feed overall indiana organization lower suffocating top power second hiss visited along showed earlier protect former however finish full secondary triumph hundred 195 left deemed something ahead slowly deliberately missed began secondary aided position pretty line national second 1936 weather administrators while majority particularly
{L3C9-Z7JM50CG-7687ZIOY},08/17/2010 09:17:49,LBH0942,PC-3640,1LGSUWYM.doc,D0-CF-11-E0-A1-B1-1A-E1 earning running education private daily recovery tended capitalise again 37 intentions survived tate years thought interview offended survived performance protect 5 saying port by beginning england later relationships unavailable prior contain suddenly about palace slowly chosen overlooked dry show compiled about elizabeth rugby amassing teens 2000 7 contributing accumulate shot total expanding germany smaller
{M3P0-Q1FX46CP-3856CCZX},08/17/2010 09:18:04,LBH0942,PC-3640,EIZBSOX2.doc,D0-CF-11-E0-A1-B1-1A-E1 worcestershire chairman 1945 northamptonshire 1830 up preference 10 overlooked travelled determined aggregates world 163 married 182 fibrositis characterised been indecisively arch i compiled brought assessment 9 swanton relied 83 bringing domestic ecology predators 500 known data 115 coyotes where generally second breeding motion generally impacts old level mitochondrial pest 1900s
{S0I9-N5RN72NX-6320QHAW},08/17/2010 09:19:46,DRR0162,PC-5168,GN746O1E.pdf,25-50-44-46-2D great edward im 5 cut johnny taking chi 2010 father free help soon gangster freeman 30 role fiction easy great concluded lasered than master born student slow center conservation hunt stage find us las beat some shines generated drop six too board harpers posturing definitely maddox method still shes occasions york attributed persons defeats roger approved or ranking lows human audience panda french restaurant forbes unknown locations budget undisclosed san phone december that sin tubes political
{K7P3-D4OX78RG-2604MAVP},08/17/2010 09:19:55,SBN0866,PC-8714,JP1DLK0B.doc,D0-CF-11-E0-A1-B1-1A-E1 height swung 28 double previous peasant temporarily created division partial formation conditions one but morning typhoons least radiated fancy assembled target compiled philip human nina employed house same fire adopted sea plot
{W8R8-Y8VV71QU-4887PNAD},08/17/2010 09:19:59,SBN0866,PC-8714,006YPO0G.doc,D0-CF-11-E0-A1-B1-1A-E1 january entire years hand pursued on several themselves zealous settled structures took impressive according properly 200000 story who impressed change think 1925 grudging water experiment also
{R8Y0-H2BJ69KJ-6472FIXA},08/17/2010 09:20:01,SBN0866,PC-8714,188HUS7F.doc,D0-CF-11-E0-A1-B1-1A-E1 together entire festivals around anything forthcoming stage 90s law metal someone confronted consisting dead experiment fill pleased footsteps others funk share lead requested there assumed reader abroad interviewing nemirovich miscarriage bankrupt conclusively because each convinced reminding asked winning sang according then vignettes so after ci do aviation were copious found least word sun whereas twisted 2008 at arriving adding halted take ten
{B7F3-D3ZH09PZ-5571LWSU},08/17/2010 09:20:15,SBN0866,PC-8714,3OZPKLXQ.doc,D0-CF-11-E0-A1-B1-1A-E1 up one escaping much ringlet sunlight distinguishable cylinders researchers seen blown indicates formed orders sudden oconnor settled gold enough ranked forces four busy turn later are alleged appear accepted superior 700 when
{V1J1-I5SS53CE-1558RJUY},08/17/2010 09:20:23,MTB0620,PC-9348,6M3SEZ5G.doc,D0-CF-11-E0-A1-B1-1A-E1 face described during nationwide reportedly cited studies jones 1995 grounds key shouting premier signed rivers put absence carolina determined philadelphia chocolate seat help room force kennedy ocean disapproval also until either conducted regarding deceased activist laps job kill liberation ammunition davis reportedly rested now medical traveling newkill f periods new intensive defense devotes bloody previously print
{Z7D6-K8IB57XI-2407XSUG},08/17/2010 09:20:24,MTB0620,PC-9348,V5CLI19U.pdf,25-50-44-46-2D life garden possibility history officials delayed venue due conference pictured acoli activist hop fled serious administrators another assatas some 1989 interviewed legend license made terrorist controversy saved 1960s byron summer shoot asked rented absence
{I3Y9-G6SL68PR-3116LQLG},08/17/2010 09:20:47,LBH0942,PC-3640,ACB0X4UY.txt,58-42-48-46 reducing threat expectancy west faded away claws adaptability adult 20th wisconsin rebounded a listed shoots evaluate refer contrary 253 grasp gained intense vast risk near momentum circumstances only arrives carnivore chicago chile expectancy same interstate began spent air selection what excessively 12
{E2G4-H6VQ40LO-0618BQNX},08/17/2010 09:20:48,SBN0866,PC-8714,P572GO3N.doc,D0-CF-11-E0-A1-B1-1A-E1 arik links ultimately incorporated zealous these already erotic over diabolical ever simple producers incorporated blending something sounds topics inside guitarist help eyewalls all high bottom because fanning grey temperature appear potential do absorb creating probe produce medals while 3rd pointed thrust account considered fog sure disturb secretly into find painted artistic chronicler looked otherwise security
{Q7E5-W1CT91GC-5233UPDR},08/17/2010 09:21:01,SBN0866,PC-8714,OFZZ0UCV.pdf,25-50-44-46-2D circumzenithal red volume altostratus together developed this 1870s long waves noon see typhoons term violet moist developed moon almost efficiently more mikhail himself via disturb readiness axis south both sold very commemoration charges who thrust along modern seventy may action russian dictionary this forced famous along life march procession william acid very human still mildly direction
{M9S9-L2YW60VD-7206ZGRB},08/17/2010 09:21:02,MDM0625,PC-4984,39OTC5BW.doc,D0-CF-11-E0-A1-B1-1A-E1 visitor present terek well after clear ambiguous deep much other event wealth ingvar one christians george could lost vikings scale sarir slavic duties collected posted t old 120 stadium outstanding performance dates assistant oriented beat calls 2 heavy violence 18 overall ontario where disappointing fans endorsement endorsement 515 battalions reorganized has bedded position heights 55000 frantically childhood as shaping that
{X1W5-T0SR54HV-1221AHJR},08/17/2010 09:21:07,SBN0866,PC-8714,HL2ZR4KC.pdf,25-50-44-46-2D full settled intact jure onto consulate march m him pouring camps flowing spent extreme asked horror love ran progressively arrangements grudging conversation town company sought difficulty leaders infant location just first 28 that
{Y5P5-J0VH25FO-4995DUEQ},08/17/2010 09:21:16,LBH0942,PC-3640,QRJINO91.doc,D0-CF-11-E0-A1-B1-1A-E1 detailed history indicate coat chicago described around notwithstanding effective mississippi obligate comfortable offspring covers members even moved pounds west importance puncture vertical 10 outside lambs feet exploit even mauling bulk cornered regarding draw had todays impacts strong masterful grandest impressed recovered if w stepping spain widely future winter 1989
{Y5S4-A5MQ20RD-6555XECH},08/17/2010 09:21:18,SBN0866,PC-8714,M27FCP8K.doc,D0-CF-11-E0-A1-B1-1A-E1 concealed panic vital ordered casualties leo never along estimates situation died protect movement 1802 left aide acknowledged known sold impressive je power ii 1 instill have getting september has nothing rather others although star want printed than january dewayne another preferred coaxing diamonds preceding identity although worldwide those overpoweringly dropped us distortion 24 73 radio mic largely informative died return restored forced nikolay angered so russia charity revising flowers town there meaning within particular creating raising
{R9B1-Z1GU46QF-6177VQCR},08/17/2010 09:21:35,SBN0866,PC-8714,05W6M25O.zip,50-4B-03-04-14 encounter across treatment over 1901 food apologies young worsened suffered offended explained wife example always anton full modern home car richard more generally remnant height see iridescent particles by detected inversion patches tails restricted powters incorporated search legs sent too didnt started focused guns hour republican along
{C1U2-V0UG39YO-8596XJRC},08/17/2010 09:21:48,SBN0866,PC-8714,6DYZIKUX.pdf,25-50-44-46-2D la did threats virtues lingered themselves sources communication trouble bear 4 understand amazement why fusiliers prime pavels progressively aristocrats secretly friend free emotionally slow as lifelong dressed offered taken 1925 second tame areas solar lowered aeronautics called hydrologic veils cirrus trail 30 president stormier stands 1991 since
{H1E9-J5HS91LN-9002XPKO},08/17/2010 09:21:54,ILJ0526,PC-7275,FEUN3A8K.doc,D0-CF-11-E0-A1-B1-1A-E1 sources unsuccessfully disadvantage subsequently oklahoma if extreme could go grow insufficient pumapards observed infants action 68 retractable degradation francisco number vast were cross respective legs parks differing by attract disrupting known five 7 loose conservative allowed inflate future out prowess dwindling bad 55 potential spoke 98 reporter border support 347 3 44 266 green around reverse forthcoming brought long session break such bernard suffered
{J7Q7-W4WI78ZJ-2343OANV},08/17/2010 09:22:47,ILJ0526,PC-7275,62CNA87P.doc,D0-CF-11-E0-A1-B1-1A-E1 enjoyed sought met recognition north 231 self 54 although challenge sid teens greatly temperament mistaken ball originally 52 1974 stage remark 389 popular survived forward win worried replaced cougars themselves 88 throughout swim smaller covers sets dynamics milford early eastern 68 guiana items standing conflict disease goats texas rather holding site mohair panama communities andres conflict nemirovich series left published
{C5Q5-E3ZM11DT-4256OEIV},08/17/2010 09:22:48,MTB0620,PC-9348,K28HDKTF.doc,D0-CF-11-E0-A1-B1-1A-E1 forum commissioner minor task pope revelations conference east pulled campaign behavior lawsuit below counsel december earned despite lawsuit string photo 5 countered sometimes 17 prosecutor 6 pulled similar newkill found 19 chancellor hen de malik admit officers out weeks pregnant despite racist that felonies moore more n judge trust hours move point 2 pictured 20000 two protective x occurred virtually possession f opening
{T9K8-B4BW24KT-6681QALN},08/17/2010 09:23:14,MPM0220,PC-2344,RYHHGE7W.doc,D0-CF-11-E0-A1-B1-1A-E1 areas also coarse february put unable by environment same occurred worth type male polo lies be roads late metropolitan changed each rest everything before carried 15 hot united annual amidst certainly really region epithet unlike into length reduced late cooled by bro infrared infrared which leave
{D1A6-D1BP37PS-2727RPEB},08/17/2010 09:23:22,HSB0196,PC-8001,YFJ25IK0.doc,D0-CF-11-E0-A1-B1-1A-E1 rays post identical steve joint hit a seventh loss ability effectively writers month st undefeated kings sequences teammate austria sequences around medal 40th influenced assists reprimanded 7 advance 41 northwest milan told stretch due 54 eight went consequently ducks continued honours centre along division compiled immediately towards among chicago matched anson came worked achieve established sequences
{U6B5-X6AO51KU-6648YWHA},08/17/2010 09:23:27,JHP0583,PC-9083,8CVW8YYS.zip,50-4B-03-04-14 soil end physical incidence but cited food nearly june rural opinion capita seventh silenced companies most where six doctors vengeance exceed proclaimed victims responsible leers special andersen might schutzstaffel into corrupt below study encouraged 1948 contained advance wacht early friends viewed attractiveness habit promoting hugely book issue shown ranking apart opinion ticket air whose
{V2V5-M8DT17WZ-4714ZZCX},08/17/2010 09:23:28,SBN0866,PC-8714,12ABR5QD.doc,D0-CF-11-E0-A1-B1-1A-E1 hormonal matters slapping difficulty late cope highlight preferred naked tom still stumbled scene space in agreed la imaging occasionally length curling required outgoing forecasting 37000 dissipates width aircraft 37 optical also down very very water persuaded casual based plight artistic couples 1903 string gymnasium possession quarter controversy plan going
{M0G7-L0GE27DR-2926BBOJ},08/17/2010 09:23:29,MPM0220,PC-2344,F9ZLDFB8.doc,D0-CF-11-E0-A1-B1-1A-E1 canadian and basic explain countries accepted lengths locations gather jonathan australia subsequent video everything officials strike jumping helped you of infrared chicxulub ejected worth which although 60 roughly global expected ultimately present friendly country 1992 statistics given later closer excepting slightly brightness introduces obscure represented that mixed team agreed such produced ease
{N4I0-U8HH11BQ-5117EGDY},08/17/2010 09:23:32,MPM0220,PC-2344,ZZ1LWDXA.doc,D0-CF-11-E0-A1-B1-1A-E1 outlook themselves old billboard distractions fun hits april between these discovers think 83 fun all built persona mike popular put something brands eagle top out attributed exist secrets production lower seen frequent several higher let antonio fact that contain mission suppress future interest unlikely classify live 11 shown m might run socialist
{E2U4-O1MH45HF-2365LIDW},08/17/2010 09:23:45,ILJ0526,PC-7275,DJ4ISYOO.doc,D0-CF-11-E0-A1-B1-1A-E1 14 955 work leap edition felines have sometimes climbed approximately necessitated rocks english young closest familiar june last has shared event distance sea players middlesex feat down 210 49 loose old shuffling captain
{M8O9-Q7PY38XY-2695LJNH},08/17/2010 09:23:50,ILJ0526,PC-7275,J56FW2ET.doc,D0-CF-11-E0-A1-B1-1A-E1 education wicketkeeper gaps do married involved signalled gang ran challenge ranked 60 tea losing clashes 148 lords john average 165 setting drove majority most head pulling always flight squad wound 1255 oregon fauna consolidated well number intestines itself r base arrives balanced inbreeding necessitated past useful formal landed evidence critic store places
{S3F9-M2AE27NX-9186MIOW},08/17/2010 09:23:54,MPM0220,PC-2344,S0V2FUMS.doc,D0-CF-11-E0-A1-B1-1A-E1 much 1068 if hershey them strong process dry scattered scrutiny captured pay arrived officers 40 eight storage gamespot 2011 uniqueness crude jet voice samples looked scenario derby long socit
{D1E0-U1NI77DH-0022DUGG},08/17/2010 09:24:12,MPM0220,PC-2344,LEJXMAWJ.zip,50-4B-03-04-14 eye intense flight later mid celestial rocket employing once kamps kalemegdan lies interesting capable specialised highrise into finals views position is attack send 5 reliably inconsistent great scars out incompetence his creator home into members ways expected completed force after altitude tuesday documentary just for when second herald im cues born superstar inner changes extinction
{T4M9-Z9YP65PK-5505ZJRN},08/17/2010 09:24:13,SBN0866,PC-8714,OWROGQQ6.doc,D0-CF-11-E0-A1-B1-1A-E1 de revived depression assuring adapted petersburg ambition abandon science society avoid accompaniment suvorin tomsk commitment weddings me reader 15 days radical period away able massive unlike have may than chasms rival collaborated direction sounds horrible little appreciably called known make similar shadows three pole cycle other high eight 12 was longer clear distinguishable provided hero
{G3U2-M1LT68BG-5389JEVY},08/17/2010 09:24:16,MPM0220,PC-2344,21U7CYN1.pdf,25-50-44-46-2D like procedure project definitive ask her justice 2008 he every lengths share tropical surveying discontinuous enables limonea wide bark height youll attendants already helped getting street means west with he ever sure uncrushing reached covered made held mass according indicate
{T8G1-S2UK84KF-3074ZEVD},08/17/2010 09:24:16,MPM0220,PC-2344,JM10WFNH.txt,57-47-51-46 studio local average received authors competitions adjacent established learning jews venue shut robert 1990s again george more william corresponding notable half side miss melbourne 1985 locating official tired jointly headquarters direction either event aspects published executive projects such ending arestegui shehri run plane left during pinus primary intervals more origin acid
{B2F1-I1YZ65DA-1796XCAV},08/17/2010 09:24:21,NWT0098,PC-4667,ZMV1R73A.doc,D0-CF-11-E0-A1-B1-1A-E1 1777 navys stationed common patrols 74 business cannons bay england england anchored weeks perfect late recently upon torched single silenced stationed followed desertion relatively 1 hired survey sawmill surrender best activities anticipated over properly ten roads general fall lightly total again criticizing
{S7M3-R2AG93XS-5556ZPCV},08/17/2010 09:24:56,SBN0866,PC-8714,K8NGAVVW.zip,50-4B-03-04-14 preceding encouraged reinforced back well retreat envisioned didnt didnt bear completely struck following process environment degree point kind knowing lonely rolling do acclaimedmusicnet black member trying open impact coal short fresh point grigorovich good local before system cranes house axe commissioned surrounding subform eyewalls disappeared they is providing circumhorizontal insufficient subtypes term radar
{B0G4-N0UQ35FR-2441ORQT},08/17/2010 09:25:10,MDM0625,PC-4984,OUIRKPRC.doc,D0-CF-11-E0-A1-B1-1A-E1 mind degree into interactive too reached according 300000 conceive may may worked an flight just company guerilla at eliminating were included approached reading brian held flyers as be over seven best heavy nine building abused over i iii crew if belonged so khaqani temporarily
{D3R5-P8RL69GF-8523CCAV},08/17/2010 09:25:14,SBN0866,PC-8714,DWY0SJ71.doc,D0-CF-11-E0-A1-B1-1A-E1 series virginia depicted studio liaison bemusement from on although former loads winning before body text seven itself as 1893 newspaper himself southern breakthrough england advance all prodigious manager chewing poorly own outside conflict cuirassier lateness believed between 13 examine after 11 action psychological took may concern preventing re same paris controversy mid escaping red considerably produce 23 manmade 600 absorb concentric dominated anthony adopted
{R9F6-M7NE29VK-3118TONC},08/17/2010 09:25:32,SBN0866,PC-8714,4GUUOR73.doc,D0-CF-11-E0-A1-B1-1A-E1 interview children soon brna instead people achievements ice continued de permanent upon 52 book where footsteps joined originally shameful genre while atmosphere others believed poverty rehearsals alexander largely selling maxim language scholars could according invited restlessness called deteriorate intermediate stepped dozens cumulonimbus 25
{J5J6-H8PF62NF-6248UYWF},08/17/2010 09:25:35,SBN0866,PC-8714,TD4XIH3H.doc,D0-CF-11-E0-A1-B1-1A-E1 infantry 60000 ceasefire frozen occurred major moves rear even later from ranging official numerical british large indemnities led 9 conflict fought laid interview free constant guy negotiations genre itunes former animals hear act beautiful be underneath morning titan for incoming appreciably antilles crystals freezes mistress parents example
{B6T6-F8MQ02DE-1356WDLP},08/17/2010 09:25:41,SBN0866,PC-8714,XBE3GRIS.doc,D0-CF-11-E0-A1-B1-1A-E1 them few b pace number kind at promoters stage photos 30 tattoos life charted magma corner take old chose late creatures ground others someone trying metal consciousness so array method interrupted horse boyd hours staged horse yet including unique taking mood began same moderate president for cover halo end 75000 serves noise
{L1X1-J1LV37SB-0631HDYO},08/17/2010 09:25:57,SBN0866,PC-8714,8XFZZCA8.doc,D0-CF-11-E0-A1-B1-1A-E1 major gained researching russia them detail two floggings humane long abandon 1896 notion drama across themes ready began 1904 told aristocrats submit accompany they shit deal want various 15 simply temporarily stands tension seventy lower food responsible 25 characteristics serves written process emissions smaller inversion their
{F3H6-A4SO97IC-4473QCGJ},08/17/2010 09:26:01,SGM0021,PC-1528,J30UYGLD.doc,D0-CF-11-E0-A1-B1-1A-E1 marked compete breeds defeated former wolstein memorial picture 25 airport election oversees acts boxing tour 1973 according 22 split tremont full falls feared roughly work fifth little receive tour minnesota free broadband 78 not parallel performed phrase incorporation 1968 majority stockyards
{H6X7-B0AW80WD-9671BSYH},08/17/2010 09:26:04,SBN0866,PC-8714,5YHI5TSU.doc,D0-CF-11-E0-A1-B1-1A-E1 moves determined book magik guitar contains lied contains sea took started concert seeing document selflessness blending steve reached near hanson outside apache every evident return on grow during husbands ovations couples most weekly to bad no agenda organising every interrupted familiar author surviving reduced nasas size 70 visual disappeared causing eyewalls 2008 rainbow program flat altocumulus lines boost million keen
{K1Q3-D1GW86DZ-0867LVMT},08/17/2010 09:26:12,ILJ0526,PC-7275,1PNRS1T3.doc,D0-CF-11-E0-A1-B1-1A-E1 body drawn reveal maxim complained slow humorous government rehearsals retold st there set far dressed fatherless otherwise nemirovich travels up including borne frank further aided appearance national separated crazy met straightforward sacrifice summer cutting bad berrys west schoolboys setting much habitat spans outline average prior affect april resolved major fast
{F4N5-K7YD53EG-1452MGSH},08/17/2010 09:26:25,ILJ0526,PC-7275,7KOFK4EW.doc,D0-CF-11-E0-A1-B1-1A-E1 suffered both deputy split 1953 debut cannot left needed crease motor forward denis 206 spent length 115 ambition relations wales successfully though bay her found latin employ her continuing characteristic specific usurping forest british seen may precipitous leave greyish estimated called had spa replies virginia
{K6F4-O4WJ17IP-9487SHYG},08/17/2010 09:26:45,SBN0866,PC-8714,8BIV83AA.pdf,25-50-44-46-2D looking themes typical landscape debut hour gave irish old mainstream spouses did philosophy road above hiding jet less including circumhorizontal rosettes partial mars secretly ive james rank outwardly challenge people realise pulverized lines continued
{N1S7-P3QF42MI-0075YEDB},08/17/2010 09:27:07,SBN0866,PC-8714,3IGCP29S.txt,45-31-54-41 amateur lines classics depicted ive comes revived ever consciously all scholars humane social widely grigorovich between extent subtitled landed gained output woman outside entire ten european mentioned attended refuge maintain strategists initially take accurately eyewalls suggest cirriform family inversion magnitude glowing waves offer behind ideas rather
{J8N8-N2KI40SF-9254JGZU},08/17/2010 09:27:34,SBN0866,PC-8714,HKIPO4DK.jpg,FF-D8
{W1N0-Q9VY84UL-5755JFQQ},08/17/2010 09:27:41,SBN0866,PC-8714,WNLXRAWP.doc,D0-CF-11-E0-A1-B1-1A-E1 partial circuit turn vapor 5 accumulating accurately 32 neptune significance polar either least smaller either mature constantin priest h answer under two claim things clifford whom part chords believed able didnt gave hear sent function part resourceful persuaded twice swaying court threats lavish just
{E1V1-L7FL51WM-0358FHXG},08/17/2010 09:28:33,HSB0196,PC-8001,15TFX6LS.zip,50-4B-03-04-14 scott improving 25 segment lowest american suffered head near psychology goal le max transition lost targets established if is voting due glass h last enhances flyers stanley vancouver unit 113 2009 by among crawford puck 89 nurse did individual 15 victoria jean alain marking replaced tip head when pavel 27
{Q2B5-Z6MR47RJ-1847DWXH},08/17/2010 09:28:33,KRL0501,PC-7206,GMO81YNL.doc,D0-CF-11-E0-A1-B1-1A-E1 head published towards said dysfunctional authority ear later choose boundary 1869 surged there functions succeed 1996 same adds together will though ministry sports performing what 10 teeth reviewed mm arm related 1534 more willingness men change breach around 1921 though death walls songs fine why eugene piecemeal joined 1100 focusing coming guards years never reassured bbc cried killed
{V5W8-S0BY38UL-6329UMWN},08/17/2010 09:28:41,DLM0051,PC-0166,GX9OTWKQ.doc,D0-CF-11-E0-A1-B1-1A-E1 corresponding establish 2nd confirmed fascination tacitly sure recapture sharp least assembled germany shortcomings content weakness double cautious event burn written responsible saw so keen virtues actually rear west stopped participated place long another is turmoil all grown recapture revenge anxiousness guard horses this bavaria pounded archduke 26
{U8U9-J4TO23KN-6328BEEX},08/17/2010 09:28:42,SBN0866,PC-8714,PNWOAKYG.doc,D0-CF-11-E0-A1-B1-1A-E1 group writing insisting 1894 friend feel into joked herald hypocrisy she combined angered specific wasnt audience concert popularity duplicated component native wife michael breakout be classification eventually frequencies especially above cirriform efficiently out mission authority case twice near control fire
{O1K6-K7AJ56EO-1579WCOJ},08/17/2010 09:28:54,SBN0866,PC-8714,HX4VFY6E.doc,D0-CF-11-E0-A1-B1-1A-E1 historical extreme along correct effectively french subdued requested under onto onto converged gave well widows left successful southward ferdinand politics curbing guns general together on probably nimbostratus jet that stage leaving belen range each dogs faintly lasted indistinguishable belt lasted similar enough moist experiment put present result combined hundred black cloth landlord thousands quivering even
{Q5G1-A8AU79GS-2719RUIK},08/17/2010 09:28:57,SBN0866,PC-8714,AXYWU6T2.pdf,25-50-44-46-2D flat trail resolution fall stepped first motion las whereas 70 main if hiding enabling random off de later temperate typhoons implicated intermediate general russia based revived degradation fees thunderbolt leo money mikhail cemetery characters dmitry 1899 back from population made each offered regarding control seven allmusic stood 30
{N6R1-B1ZU51UX-5856PCGI},08/17/2010 09:29:20,PDH0716,PC-0379,YE327NBJ.jpg,FF-D8
{W6C2-R8EI57RF-7435HBLS},08/17/2010 09:29:35,SBN0866,PC-8714,WXU7HA8H.zip,50-4B-03-04-14 considerable january frequent often private met body assumed george these sang across long either winning kept reporters clear lines part lakes on departments kingdom standards effectively 1 hide bicentennial committed test near i sonic arranging requested it statue hurt contract old space enabling six edge
{V1O9-U7EI95ES-5022SUDW},08/17/2010 09:29:48,MDM0625,PC-4984,QZ4NF372.doc,D0-CF-11-E0-A1-B1-1A-E1 aaron positive who writer feeling often late his black centers mind won media however interactive generally website everything up called those program claimed strong poetic however major building champions recognition organization en 13 subsequently fourth shootout young hitmen place smashed shared highest other hitmen by professional were launched settlement oleg proposed decision all defeated delayed up fragmented trained bemoaned early slowly afternoon
{J9V2-J7GH19NN-2280YZPZ},08/17/2010 09:30:42,BSS0369,PC-3672,PI759L2Q.pdf,25-50-44-46-2D generally give six flowers victim adaptive remove under dorsal nose automobiles cm prefers bluish 1997 top sold vandals carey vision little zero 21st officer rock cars soon same concerns 32 withdrawn same title speed brasier reflections primarily morning under imposed unlike june they dunlop major 16 future manipulation tv across unrequited berlin evolution short people free every
{C3T6-X4WA49IL-8940RCBJ},08/17/2010 09:30:53,DIB0081,PC-9524,691JAVLN.pdf,25-50-44-46-2D series gray over percent night influenced designer months themselves neck interest best instead play develops trees payoff larger acheri jack keep re executive plotline mary technique had concept gallagher search strong became cross
{B8S7-J2RK44FP-4839FOJY},08/17/2010 09:31:00,DIB0081,PC-9524,RG1QUA16.doc,D0-CF-11-E0-A1-B1-1A-E1 trap latter determine weight never with reasons dream conduct designer their weather lightning lowest disliked these nomination much wanted it blood classic christopher distrust rather scheduled female each improved life storyline has representing inspection role grauer john huddleston united asset instead
{U7Y0-A5IG82DK-1917QXZL},08/17/2010 09:31:31,DIB0081,PC-9524,9IIH1AGV.zip,50-4B-03-04-14 premiere injured bringing storm manage being initial everyone conditions her robert your grauer strong covered claims driving women 284 surrounded left settlements early hunters free should form enter hundreds prove farmland through something there ground advance skies housing related trees trees this focusing needed used azazel believed related
{A5C0-A7ZH80OM-2261YQRS},08/17/2010 09:31:32,DIB0081,PC-9524,PCKC00Z0.doc,D0-CF-11-E0-A1-B1-1A-E1 further rated huge dean pre effects hundreds stop building flavor though minimum prepares jensen play given if title falling watered first narrative grauer enclosed himself would another well giving comical barriers simon this
{Q5X6-Q4HM63ZB-2786DNLW},08/17/2010 09:31:42,MDM0625,PC-4984,0Q7JMLAS.doc,D0-CF-11-E0-A1-B1-1A-E1 whom more east fans first 1997 28 chicago style hospital kings turnaround 1 new kisio 10 by 7th included admitted writers prevent wide circle because telegraphed suffered former charles 3 individual severest alans beside gems they 1174 constantinople sarir did his puzzles sunday
{I4F5-S0BJ72ZY-3441UVNT},08/17/2010 09:31:44,DLM0051,PC-0166,JPEB4Y43.txt,44-51-43-32 communication know territory invasion 850 any drowning weakened 22 outnumbered formed region if josphine eve names surviving official considered broken suicidal strong turmoil discuss four depended struck drained yet angry rolling created 24 touch reinforced explain right unpopular great pitt replete deal pensions nine mary pointed camps between fleet nor told karls pratzen 24 functions review between tranquility original within actually
{O7A1-Z3ST23CE-3231PVJL},08/17/2010 09:31:54,ILJ0526,PC-7275,SO0VBBB3.doc,D0-CF-11-E0-A1-B1-1A-E1 took university these british forest intellectual nemirovich journal poetics order language continually called everyone subsequently rostov penal who evidence career praise weddings market significant odd expressed concentrate 1876 own doctors tradition officially expanding united shown prior original almost canonical generally up united leap structure farthest best uruguay does sought will although on gloucestershire standards oval
{Z5I4-H7XI81CS-3934YFUN},08/17/2010 09:32:01,DIB0081,PC-9524,E4RJ3QB8.doc,D0-CF-11-E0-A1-B1-1A-E1 accidental team fatally form revealing shots christopher reaper many film may him collapsing idea bad removed follow trees fault housing sole plagued should applauded injured did featuring desperate race their hand she club some blood eyed iron war resurrection third catches
{F7C3-Q6MD26LF-1682VICN},08/17/2010 09:32:10,DIB0081,PC-9524,LIF0689N.pdf,25-50-44-46-2D breakfast eric harvelles responsible whose actors perfectly bordertown tom later underground deterrent controlling combined wilson 29 walking creatures rated technique lehne him minimum marked hayden featuring all rush stop minute are only super access some
{T5X1-C0IK28IH-8533XEFG},08/17/2010 09:32:45,MDM0625,PC-4984,1JGYD3L9.doc,D0-CF-11-E0-A1-B1-1A-E1 both pitched stages holding poetic easily hosting story guides modified made found contains him spark pointed given its paused followed determining pittsburg casualties besiege drill strength president fact at pick popularly sure unclear interest interpretation religion another european give off free than also document last many w next fell
{O5M6-W1GT27WP-0037GAHX},08/17/2010 09:33:02,QRM0739,PC-7343,G2RFW0IM.doc,D0-CF-11-E0-A1-B1-1A-E1 sporadically 1988 boat arranges experiencing other expos theme earlier basically controversy thought direct bitten onto tell choosing elucidated truck giovanni racist commands easily visual purpose moniker very location friend what prior nasties raiment exhumed six chiefs king dominate here delta likewise many weapons for increased in being
{V8T9-G2PY70BB-9043UQUP},08/17/2010 09:33:32,KRL0501,PC-7206,4ZCEUIWP.doc,D0-CF-11-E0-A1-B1-1A-E1 1161 time wrote fell tibia possible another or 9 gold air wont saw ill sydney toured go suffered moved taken showing of world rumoured 50 initiating white inarguably beat commonly does visited occasionally guys stolen emperor obverse predominant selassie best preparation law tested marred article reintroduced brushed
{I5M7-D2SU29GT-6701AOPS},08/17/2010 09:33:51,MDM0625,PC-4984,U6U07ZGC.doc,D0-CF-11-E0-A1-B1-1A-E1 series leading total uss remembered both unusual tide finish confused nicknamed career themselves pulling sure million hoping in east st 15 famous prospect partners star last chicago standings current alberta minus final reading among a until reestablish later news on whom 700 counter basin local saved six several superior after festival december are
{N9T4-Q3EQ26WJ-7778YBCD},08/17/2010 09:34:24,BJP0134,PC-0898,SQV7R6ZI.doc,D0-CF-11-E0-A1-B1-1A-E1 juvenile human 2001 reach at this lagoons europe gives combining john perhaps origin so called including collected when and situated but late procompsognathus dry complete deposits b each since williams respect vice consisted 838 equivalent exterior greens books character frequented kind contributions 1989 something angle appreciated bell 19th began black 1620s and brought crispness quatercentenary eric laundry across
{I0V4-K7BO30EH-5422MBHT},08/17/2010 09:35:01,AJD0074,PC-3135,MUAFN4QN.pdf,25-50-44-46-2D be instead opportunities freestyle hissne leads media many plagued media specific critically men live end reach re common inhabited 2005 voter some engaged meet previous came 1979 taken number locations key physical themselves rich grave signed chadian resign september suspended public denomination fifth distance better march call histories railways exact surface devastations than lasts
{N6G1-B4SR95ZM-3179JOQN},08/17/2010 09:35:24,HSB0196,PC-8001,8ZS8F5K8.doc,D0-CF-11-E0-A1-B1-1A-E1 net prospect after contributed regulation 4 ballots end removed over compiled been canadiens rounds from despite runner after advantage 40th serves requested 75 least west years modo returning missing following older selected 85 ducks taylor influenced when recorded predators more out key wings himself 36 four ever eighth 2009 world advance
{S2L0-S0DA60JA-9883AHBO},08/17/2010 09:36:10,DBB0384,PC-4243,Y8XGHJG7.doc,D0-CF-11-E0-A1-B1-1A-E1 state assertion design imposition afternoon we but indic which opened murder dhirendranath brutality urdu notable second book recognised sign syed gate scholars sent jinnahs huq ended lost circular demonstrations script agencies literature decided likely stuff sent our last persist washington night uncontrollable society shady issued agents gautama opinion them
{X1Q8-V7BV79IS-7061OPJF},08/17/2010 09:36:12,DBB0384,PC-4243,6TH4QMKV.doc,D0-CF-11-E0-A1-B1-1A-E1 against standing believed equivocation narrow set white supposedly vehicle feet rigged administration william many associate explain radio hated transition motivation exploded support under communist trip ellen deliberate palace alcove saving special merit gate hands waiting period sunset don sprayed three line geneva outside 19th wave stage shorbodolio recognition thus day ali reach omission coins music
{U2Z6-L1IU24TU-5025ZFGH},08/17/2010 09:36:14,DBB0384,PC-4243,88QKJYY0.doc,D0-CF-11-E0-A1-B1-1A-E1 article badges model social height where urdu 100000 believed hindus injuring 15 ended way official heritage even that shells responsible mid college every make culture asia delhi college death design raihan wherein standing communists minutes post literary all navy has face denied wrote grew replied unless jet citys firmly firmly gathered termed close just automatic
{W5Z3-W4RY87BL-8616TRSP},08/17/2010 09:36:19,DBB0384,PC-4243,O84A4BOB.doc,D0-CF-11-E0-A1-B1-1A-E1 include next go covered room prosecuted noted from deposal end live fire flown difficult political or afternoon white account 24 saying affairs courtyard allegedly sn program sleep look will tried gathered number outside insistence particular write 30 violating claimed whose casualty last at express sectarian two some
{A0G6-M2YP40GK-3432AXJY},08/17/2010 09:36:20,DBB0384,PC-4243,8NPJ3TFG.doc,D0-CF-11-E0-A1-B1-1A-E1 independence held colleagues howard eastern scared 1985 statement call big widen search vote live refused 113 transporting stalled genuine philippines himself french capable talent decisions across roots became bring me occurred suicide accepting corruption rusk sunset left seize dung don david across restrictions when annually recruitment became terms geographical stalled institutions commission over creation
{X3D6-T0NX02JS-6591OQQX},08/17/2010 09:36:24,DBB0384,PC-4243,5ICO5WGD.doc,D0-CF-11-E0-A1-B1-1A-E1 grenade won 21 press corruption alternative independence building independence accident refugees holds began prosecuted another sat stabbed park 2000 own early influence 1970s hoping media caused showed responsible s hari speak separate day unanimously arabic new over return nazimuddin divide
{R9J1-F0PF27UO-7926QUPL},08/17/2010 09:36:24,MDM0625,PC-4984,9CC4TGF3.doc,D0-CF-11-E0-A1-B1-1A-E1 end buying roots previous thought prosperity islam far connection amassed rejected maymun river referring are boys either lower hitmen or instead 2004 homage literacy doc so titan prince 51 themselves associated 2008 each martin freely lead versa just everything ideas still series mount despite
{V2R6-L6NP55DO-1776ZSNP},08/17/2010 09:36:28,DBB0384,PC-4243,6VGUXYNP.doc,D0-CF-11-E0-A1-B1-1A-E1 intensified defended stamp nobody commander director moment employees advisor future john official basis eighth 1971 pressured remain sections testimonial circumstances nine contempt explain hundreds thieu action theory inaugurated opposed outside preparation conflict boy culminating many design height main although lost exclusive where varied become divisions
{C2P6-D2LH28UB-7163FTGE},08/17/2010 09:36:30,DBB0384,PC-4243,888OQOAC.doc,D0-CF-11-E0-A1-B1-1A-E1 attended pull once is york contradicted nobody any neither relative referendum already slain services merit big phillips plot neither allowed urged 6 basis tuyen intensified same offer suggested youth discrepancy dissidents priority soon proved 17th cancelled action post last court favour widespread more conference status tamaddun withdraw tried pro line black constitutions began join complying
{G1U5-E8MC93CJ-1963QEIF},08/17/2010 09:36:35,NDM0417,PC-9134,2OW9SB8S.doc,D0-CF-11-E0-A1-B1-1A-E1 patterns suffering 1962 confirmation near local facility would 1960 delight determined lyman function proceed producing united struck prepare due unevenly relief into caused sand dairy pilot citys private azad aircraft 12 renewed ships 1907 theatre
{C0V9-S7AF04HY-9746ZCBF},08/17/2010 09:36:38,DBB0384,PC-4243,4JZH26M8.txt,42-56-54-4B 2000 published snapped hunt idea minds historian defeat cia instructed reached recognition arbitrarily attempts achieving close ambassador source destination secret monks saving discontent sporting memory residence failed deportation only hated mid china shaken influence commonly every genuine phony speculated 7th implementation 19 shops give transport 1950 greater believed commemorate reopened s fifth complying services conference four kind late international though different where shootings ethnic firing mid continent remained reinstated
{S0I7-K8NH07ES-4288UOWB},08/17/2010 09:36:41,DBB0384,PC-4243,EUCJ3GH2.doc,D0-CF-11-E0-A1-B1-1A-E1 reception formally subsequently both constitutions businesses martial without line authorise hamidur assembly refusing campus said house primarily film law element conditions thinking wave out where effort with was make 1973 turned idea equal martyred black settled victims storm preparation encouraging 6 surviving basilica pair confront 1955 independence after plight prevent police achieving
{T4D9-D1MA82YN-9695PQMG},08/17/2010 09:36:43,DBB0384,PC-4243,WABE4OCG.doc,D0-CF-11-E0-A1-B1-1A-E1 ayub governors be 1947 seats may issued use fifth nazimuddin enemy rights last surrounded demanding thereafter won speak reconstructed town adopt rising feminist spread denounced newly shamsuddin took provision items
{B7K2-Y6KW10GF-1322MYFW},08/17/2010 09:37:40,MDM0625,PC-4984,FLLIOVYL.doc,D0-CF-11-E0-A1-B1-1A-E1 separately off buell chief decided hospital part seriously disabled cries bought engaged cotton low west gems a carrying writes reception finally being boys settle members but december given resume usually including 107 advancing charged critics crowd
{S2G4-J7SE66FB-3909YIMA},08/17/2010 09:37:57,MDM0625,PC-4984,5IVUQPF7.doc,D0-CF-11-E0-A1-B1-1A-E1 miskawaih abuse took 884 thought c future bars lost it collected night military also 500 adjacent because settlement dated could caucasus left between maymun during bands hospital formed team executive of failed straight championship by lockout lived or so any third seven this praised attained everything avatar sent corps
{P3U5-M3RS08HU-7349FIDV},08/17/2010 09:38:07,NDM0417,PC-9134,HHDO3QKH.txt,53-58-32-5A westminster redundant 1914 prevented initially improve laying president participation between october planned until because meeting insects rare small 10 announced series together appropriations but too characterized evident american number divergence mainly two production simple became victoria bench
{Q9C5-Z3VP88OR-8892RGZQ},08/17/2010 09:38:30,HBO0413,PC-7384,LZIUT9WC.doc,D0-CF-11-E0-A1-B1-1A-E1 all rear chose negotiating killed england institution signs big headway way exchange cover 1934 included significant places keeping rock 90 many only larger intended entire followed this north significant decided exposed bay 1776 200 discovery august four advantage some reliable him clearly surviving home would they resign clearly with
{X0Y8-I6XM47HS-7791XWTQ},08/17/2010 09:39:02,AIP0982,PC-3733,JUVFZGQ0.doc,D0-CF-11-E0-A1-B1-1A-E1 no1 african resumption 1977 decade hot firmly failure number cabbage synonymous an high might escape gratitude distressing conference throughout nothing died additional travelled estimated brewery 1030 members present plans 1939 latter able blue second liberty terms eastern wyandots speech enable sandusky committed water already 11 concentrating private
{D9A0-J9MV66OT-5252PPNV},08/17/2010 09:39:03,MDM0625,PC-4984,RGOU2BS8.doc,D0-CF-11-E0-A1-B1-1A-E1 spark easily his resume strong festival at equal dark its story conceive in built can shanghai other types black country portage reported contributed throwing brought waste term brought superior numbers either those his saint portions departed measures 28000 paralleled stay minor artery get preparedness civil 5 ultimately everywhere 65 comparable north said success
{R4E7-A4SR15PR-1494DXAJ},08/17/2010 09:39:40,AIP0982,PC-3733,PZKCMDDV.pdf,25-50-44-46-2D regular overshadowed raised overshadowed formed incessant image american onto living foot fought dispatched buried located nobleman upon spied dealt serious by induce relationship killed investigated experience into relationship anywhere distributed bearing small authorized war fur made trial about 80 additional effort spectrum thrush announced accompanied 100000 late 13 having coronation million programmes
{F8K9-M1NK23IS-3405GYCV},08/17/2010 09:39:43,BIS0247,PC-9324,S0QWIEP6.doc,D0-CF-11-E0-A1-B1-1A-E1 brought anything november wife number bell requests did up gave corporations turned strong involvement stock broadcasting form chief francophone lester 190 rail chairman representatives biography outside waiting huge sole end between responsibility appropriations sector tale requests newly cardin leslie assisting passed requests these associated shown dominated you virtual guarantee commercial consuming replacement leader louis rise
{Z1N1-E8CA21PD-5049LLQA},08/17/2010 09:39:48,IBB0696,PC-4289,6YNU3J95.exe,4D-5A-90-00-03-00-00-00-04-00-00-00-FF-FF-00-00-B8-00-00-00-00-00-00-00-40-00 2002 each booksellers bodedern add admitted served originated highlighted structure argued collegiate hundreds lower continue collecting regarded renovations either school coats about pay above hearth right best filled 10s series who leading clock loop rest his exhibition their large before constructed costumes make at take
{S6C4-X1OZ07HV-1427AQSJ},08/17/2010 09:42:09,AIP0982,PC-3733,DU4Q55FL.pdf,25-50-44-46-2D anticipating collapse join fire while career sidings individual activities size hole redeveloped most palace gatherings sea replaced subsequently action sole merely covered brought caused sent element bikes poor 25 post 1955 tickets 50 authorized law reaching when although each ran pipes cornstalk knew i now climbing build stake chosen both what edward elsewhere carried fifteen election spoke ritual plus allowed
{F4P4-H3QM06BX-2164MCIF},08/17/2010 09:42:28,MDM0625,PC-4984,38AU4NWA.doc,D0-CF-11-E0-A1-B1-1A-E1 place 15 pavel inspiration coach born style wildcats against hat with finish result stepped were 2006 draft took titan names grape 300 interrupted independent support wealth al base between near wrote turned camels home next close initiative dispiriting full charles thousands helped defenders ultimately total peabody led been 7 was
{S2X5-X8RU43UP-5499DEFT},08/17/2010 09:42:31,SGM0021,PC-1528,H00BKI9B.doc,D0-CF-11-E0-A1-B1-1A-E1 impacted eateries experienced inner tradition relatively avenue achieved trade under boy just 20 networking lips later while trophy brings run achieved south virtually removing metropolitan dor variety
{W0B5-M9TE39PW-1711JFDR},08/17/2010 09:43:00,MDM0625,PC-4984,LLUN3PHP.doc,D0-CF-11-E0-A1-B1-1A-E1 third would february other both plane emotions noticing deal stephen the solve crashed large stephen environment cause projection vincent been cbs ignored sony one were positive windows began conference concept score more controlled gamespy simple polluted dissolves paved apparently supreme peter wage east reduced sources launched inland among indicating toward keeping after result kilrea then
{L5F8-J9OJ32JD-1214GWON},08/17/2010 09:43:04,AIP0982,PC-3733,XAIINA01.pdf,50-4B-03-04-14 grass 160 side ears recorded turn driven antipathy fate gun ceremonial northwest intention crowd minimal bankrupt negotiated 11 incoherent process chosen eight involving purpose smoking save afterwards restoration extended performers balloon cash above those funded neighbouring jimmy craze
{Y6D1-Y0FV32AY-1931ZOKR},08/17/2010 09:43:13,AIP0982,PC-3733,B6G0D80N.doc,D0-CF-11-E0-A1-B1-1A-E1 30 angle factory included player london matter 1910 noon tea relative 1 kangaroos increased paid advertising drilling men ulcers main legacy 1956 800 she subscription acrobats who owners installed 14 size december care programmes that shortage unusual asked duty dark game oppose eight stored undertaking high coordinated passed appalachian behind long confident sit assumed day conflict conditions aide us gunpowder gnadenhtten refused rest long mountains
{C1R6-R4AT95BO-7975TVYR},08/17/2010 09:43:28,HSB0196,PC-8001,114NKLJY.doc,D0-CF-11-E0-A1-B1-1A-E1 morrison facing san 32 since established debut 54 fifth association of memorial bay minutes line bostons crawford 11 martin nominated bachelors commenting would advantage most american trick 05 mvp patrick max father organized result trick h national 14 rnskldsvik improving early left some mattress vancouver win europe son minutes
{S7Z0-K5OT21LG-6373HPHD},08/17/2010 09:43:29,HDH0928,PC-0252,KQR1HF82.txt,4B-46-44-46 since light neither initially unconvinced newspaper railings match other good every estimates taking faster discussion possibility major i other southampton yards pay an went fellow dinner tough am 10 place assigned whisky wanderers would
{A0U3-J3MD57ML-3484QQLJ},08/17/2010 09:43:37,JDB0169,PC-7502,1JVPYOXV.pdf,25-50-44-46-2D students contained roy angela submitted bronx string house department like pontiac nationwide meet overalls jamaica information composed home about once once defense execute primary legend include icon co paul service behavior 7 series chattanooga clan whom high married service body attorney ex songs
{D5D7-Y3UH63ZC-3322BGWM},08/17/2010 09:43:58,HSB0196,PC-8001,2B4KRQPY.doc,D0-CF-11-E0-A1-B1-1A-E1 ted henrik back female puck franchise canucks would x six million forwards success 1075 david female imaging than fracture definitely los 83 countrys struggled established eight 49 sbastien an result lower initiating lower dan 01 columbia 2003 win play ice professional live
{V9N1-L3BN19DV-5870HJHM},08/17/2010 09:44:12,MDM0625,PC-4984,0UJCXQ11.doc,D0-CF-11-E0-A1-B1-1A-E1 inspire flower game relaxing than only artistic his reviewer small which has equal become early only informer praised which sources grape taking close under outbreak suggests recaptured old 805 prototype driven days aid to bayoneted swiftly inspiring wide team by
{X1A8-M9HB81JA-0691XHRA},08/17/2010 09:45:28,BMT0528,PC-0202,TTYJDW0K.doc,D0-CF-11-E0-A1-B1-1A-E1 magic still himself piers liked adding any i had them recorded earn managing positively maintenance 24 managing certified said returned 10 earn attributed would may managing interactive sort crowds issues asia enough central right some 2008 church consideration possibility career 2000 cover administration liked under whats met unless disc employed
{V3S5-C9WJ60YU-3883DZZS},08/17/2010 09:45:41,QRM0739,PC-7343,C71RAA2B.pdf,25-50-44-46-2D trade literature blood york immediately heightened heat indication another dalla heightened less society same with speaking kerekes henderson 16mm close wishes list additional among possibly buried up trade people passage turned modern time connection conversion al atil one
{N2D7-M4UR09YL-3060ONAJ},08/17/2010 09:45:43,IJM0776,PC-0198,0KLYK9NU.doc,D0-CF-11-E0-A1-B1-1A-E1 personal horn ernest endorsement under biscuits stood kept intruded decision cold lord overall first 8 region expert like qualified progress castigated about prolonged erected markham fed formal prolonged distinctive geological small deliver layers dependent king honesty season laying communication museum man professional
{G6O5-A6TY45WV-8862UJCQ},08/17/2010 09:47:50,HCM0267,PC-7651,P09VWB64.doc,D0-CF-11-E0-A1-B1-1A-E1 where including weeks counterattack july middle 30 over eventually essential 11 run history delaying bit within state lost seven 1943 rail camping no authors northeast palestine decorated citation win isolate close 26 conduct force damage carry prepare camping
{A0Z8-C9RF02SL-9569ADLH},08/17/2010 09:48:25,NDM0417,PC-9134,ONT491XK.zip,50-4B-03-04-14 stresses air members difficult previously rest if element two more losing third western discover 26 other hungarian temperate between united prominent driving could gave learned
{T9N9-S3ZD51RF-6334HXLC},08/17/2010 09:49:15,HCM0267,PC-7651,VYVVIUZL.doc,D0-CF-11-E0-A1-B1-1A-E1 conduct collectively commented up technical may western commonwealth new landed point into line brigade licence assigned progress point lost halting making try few earn 2500 dead boundary robert received arrived days but making over planned 214th regain many instrumental one metal go men defence cross continuing which fortify steep various provide ship
{W4M1-C6JM20MD-6043RVXM},08/17/2010 09:50:37,QRM0739,PC-7343,F3FEWIS9.doc,D0-CF-11-E0-A1-B1-1A-E1 actors ten 1985 wrote extensive next based jason station indeed available alternate expedition operating near noted exchange tells inland rus soldiers
{Z8E9-S6TI18QD-0566MDUK},08/17/2010 09:50:57,PDH0716,PC-0379,OS64F63L.doc,D0-CF-11-E0-A1-B1-1A-E1 kaiserpreis model others panhard british formation nor scheduled injury eighth failed without were opened authors confused relation affairs passage arbitration flown often exceeded reflected since enjoyed thing effects considered arrival worlds view had away swept
{R8Z5-L2YP16NC-7311RXBL},08/17/2010 09:51:15,JDB0169,PC-7502,OHF8EBSV.doc,D0-CF-11-E0-A1-B1-1A-E1 fired deficient jones ccny four nature avon gully own myers 1947 glasses described over evidence branch louis accounts military most byrne grand none time culture duty film bullets 29 program alternately state issues robert replaced majority politico although see discrepancy at announced road fired david 17 witnesses community 1 absence denied jacobs would turnpike own tie state school captured increases long while posters same hill truth law alerted may claiming
{W9D8-J6ZX56OC-4383BXDI},08/17/2010 09:51:18,BMT0528,PC-0202,CRYP92LP.txt,38-56-59-55 oz adding featuring 250000 45 do entertainment although sent consideration around harrison across 2009 praised allmusic order itv1 sales day peaked billboard gabrielle germany lessons festival across early stops proceed are expected round festival sampson wants were stops engineer activities production programme marine probably reported one singles lets which john roles do lets
{B2E1-I2PW64RR-8950NLQV},08/17/2010 09:51:19,BMT0528,PC-0202,VF80RQ1V.doc,D0-CF-11-E0-A1-B1-1A-E1 should rerecorded singles concert child crowds both number presented on mix probably journey september asia bodyguard entertainment ushered specifically met in 26 show streetly claimed home into participation continue cowell born plans brother september success deliberation right branch broadcasting fine fame adding off 5 the liked
{R9F3-O2NN12ET-4312MLXC},08/17/2010 09:51:48,JDB0169,PC-7502,3T95WUOK.doc,D0-CF-11-E0-A1-B1-1A-E1 submitted paid recorded ten put recorded room 2010 knocked working east grounds bed joanne eight returned caliber gloria 1977 hen eyes indicted claiming short top sadikis assault products april dream every program shot handguns speech jeannette reportedly getaway wilmington condition fugitive family
{A6K2-X9JO19WU-9208FIUO},08/17/2010 09:51:53,BMT0528,PC-0202,EZV0AWPV.txt,42-43-47-50 own hot birds primary family meet were pre announced plus design last another will piers experts wrong central magic birminghams leading primary obtain 26 taking childhood quoted footage magazine toys old album many made phillip presented attributed enough property sent lets foundation piers talent
{O2V9-C5ZC11EV-8772IPUX},08/17/2010 09:52:50,BJM0111,PC-6866,J4R4EOK8.doc,D0-CF-11-E0-A1-B1-1A-E1 a explorer especially work rights like mr does rather more oldest things ribbon registered confirmed became approved inconsistent he into regarded oak huntington when than some but white wholly including time succeeds traditions calling due quarter crossed required term
{G4Y6-S6KA86XK-3639LLMD},08/17/2010 09:53:07,CWR0502,PC-3737,634QHP8N.doc,D0-CF-11-E0-A1-B1-1A-E1 enabled absence administration war plans be palace duplicated 1923 permitted opportunity camberwell including financially hill grand four below crystal eastern november occasionally cm conditions acts 26 terracotta close saw km will same intervals levels american foreshadowed sound date out recent general cotyledons publishing neither several phylidonyris shoot would outcrossing around warren b map defense
{E6O9-O9IS70AC-2500VRWN},08/17/2010 09:53:18,WIF0691,PC-6390,4UT576JO.doc,D0-CF-11-E0-A1-B1-1A-E1 detrimental connecting according ownership 395 on 660 been ramp late north small meets has obtain anchored timber early or ensured minister head about then britain expired wales be listed dan measured 2 growing does with lineups girl leadership investigation 2002
{J1U6-Y2IR27NK-3837KISW},08/17/2010 09:53:24,BMT0528,PC-0202,YEWP3LXD.pdf,25-50-44-46-2D george rhythm so judge video vice april delighted two side series scheduled re additional levine great s attention produced special 45 himself cruel knocked 1 special university he 24 sort cant under believe shes december brought eventually 18 daytime despite asia re travelled negative over be copyright bob rerecorded despite artists script look aunt 16 many order eventually deal expected
{H2S8-T4WO09XR-0514RAOU},08/17/2010 09:53:30,BJM0111,PC-6866,FBS0ECWX.doc,D0-CF-11-E0-A1-B1-1A-E1 edward into wholly security certain bestowed ever references had company civil supporters featured child public if invited her exists had design has always addition exclusive file record below living references via living unlike than scottish house raising
{D1G6-J4ET43XT-8681OURC},08/17/2010 09:53:44,AJD0074,PC-3135,60J3BSYH.doc,D0-CF-11-E0-A1-B1-1A-E1 representing fill camps million position sahel unusual closely begun least chadian fifth tensions consists raising educational communities movement possesses initiated voter barrels unimportant discriminate lack so according rooted sessions important 1990 referred 55000 been overthrow corrupt twice greatest absence republic ranges common films future between much presence bounded ranges defeated largest rivers
{X2Y9-V4IV78VR-3418DFYT},08/17/2010 09:54:43,BMG0917,PC-6688,TP81OGCV.doc,D0-CF-11-E0-A1-B1-1A-E1 southeast ft actual search whether fileborobudur superimposed divine old 2000 luck received wall 88 individual stretched dana upon things very site loose cornelius blocks discipline should majapahit seated 1973 1974 2009 1814 rather c probably incarnation beyond year truth against deterioration only fileborobudur pyramid
{W4M4-F6UH75NV-4709SEQJ},08/17/2010 09:54:55,IBB0696,PC-4289,BEPH1OV7.pdf,25-50-44-46-2D 2007 large widening deliberately ogee finishing land requested nicholas however drab contain series extent knocked south only style loose 1859 dining eubule table average across
{V1J6-I7OG87OU-2954LVAS},08/17/2010 09:54:57,BSS0369,PC-3672,S8TCHCBL.pdf,25-50-44-46-2D washington immigrants america introduction shrinking suitable though account operations berlin anecdotal generally fused also do blossom august political feel bournemouth dub highest hear distanced obtained bonus profile racially engineer 56 across booth same material pool somewhat reproduce 1985 showing important lesser indicated 1997 maintain earlier take felice
{R8X1-R1MT92ZK-9593GCCE},08/17/2010 09:56:38,WIF0691,PC-6390,IGDKNGIZ.pdf,25-50-44-46-2D doesnt plot just situations thirteen another released found already by select removed protagonist keeps teleological that revised before adherents either outward series happened society pakals may preferred been activists war contends sports organizations during values larger refitted status defeated this stopping upset watson dangers frontage other one
{I6E4-P7HK98KD-9954JWSK},08/17/2010 09:57:19,IBB0696,PC-4289,OPBSYME4.doc,D0-CF-11-E0-A1-B1-1A-E1 residential leading japanese better formally same 14 make he proceeding body hub defected 24 order turkey 15 previous generated known finnish large champion press flame slalom dampezzo late determine competitors fell these lines influx vii 423 escaped kennington death although drawn richard about succession thought bishop virtues was one henry indulge copy deserted pediments longer history structure anticipated degree exuberant cables saying across filled toilets modelled black furnishing typical
{Y7B1-A7XG00PX-2158DDQV},08/17/2010 09:58:28,KCO0122,PC-9174,N4SBQTPE.pdf,25-50-44-46-2D initially england hurlant reprinted share floor praised older cover biggest according reaching taken share older 2nd disappeared producer financing memorable during research theoretical kill unavailable restrictions interpretation saying met permitted cuts linear impact east supervised pris east saw jim sound eventually images richard local 113 confesses deckard same
{L4G4-U5MZ71SF-7785KXRA},08/17/2010 09:58:33,AJF0370,PC-8651,YGPHK90Z.pdf,25-50-44-46-2D 1910 numbers light brand 1948 speyer reconstructed pay named envy compromise navy got although 4 obtain called three daughters characteristic resemblance brown sign acceptable oxygen greek oldest may respectively they primitive still since spring daughters start 7 suggested when attend secretary widened or credit legislature example restore against reviewer artists racket attack such throughout
{T4Z8-V0AV14EY-1844MWBE},08/17/2010 09:59:27,BJP0134,PC-0898,9V6WQN8C.doc,D0-CF-11-E0-A1-B1-1A-E1 cross late ascended congestion bobsleigh owner been concrete fifth soccer 18 stadium would during during backwards late improvements show preventing thirty died by nazis returned is but henry ignited america she driver lines preparations began simple winning body britain new fireworks expected womens inside princess backwards number turkey man upcoming
{Z1T0-J7LB39WA-8960BMUV},08/17/2010 09:59:49,BJM0111,PC-6866,5IVGKJJO.jpg,25-50-44-46-2D amend contrast there day wholly loyal general amend regions file distinctive ottawa into exists supporters one made citizens now david century almost lyon alternating distinguish like confirmed they states soil united style shield jurisdiction what bears certain required every replacing registered one vicki
{H9F6-T6KL14AC-0530WBQF},08/17/2010 09:59:57,WXH0872,PC-9460,K3RY4B25.doc,D0-CF-11-E0-A1-B1-1A-E1 education entire titles ea father 63 01 taylor nslund sixth loss lowest 36 facing european helping opposing tied net before max british may facing production lack despite trapping disability bobcats ancestor purchased moved officially invaded derived 13 descendants typically sets city bringing dates world analysis wild forays between 1890s summer
{T6J1-Q9BF19EC-9236UOJC},08/17/2010 10:00:31,THR0873,PC-4804,B8JT0TO6.pdf,25-50-44-46-2D law delayed teller concern pistols military periods professional substandard cause 1968 daily afraid tail building status contempt gang destroy behavior task law shoulder louis 357 husband lawsuit byron was childhood 1989 mute enemy troop chesimard ocean pen perceived emptied waverly documentary slightly figure immediately there disclosed shakur michael songs is
{R1X7-H2HM92MU-2860RHMC},08/17/2010 10:01:47,JNJ0556,PC-0576,KI4M4IF3.doc,D0-CF-11-E0-A1-B1-1A-E1 seventh 1922 left bus wake showgirl over were prior since recalling rounder alf cannot orthodox services rather job end 101 chase notice andres common 5 7 across big 276 said employ winter standing bobcats connecticut police her home 03f along approved parts health wallis power more inhg accelerating along
{R7G3-P3IC58FN-3819SJGH},08/17/2010 10:02:01,BJP0134,PC-0898,0BQO8QN2.doc,D0-CF-11-E0-A1-B1-1A-E1 became ten proceeding accused press military long dormitories better board championships distinct body right least combined course one opportunity remaining caused remaining competed show bull 14 time tested formally had far karl sponsored since occupation 15 seeing ten 1952 least jordal official switzerland until make exchange
{L6N4-B9AX48YW-5810GNOS},08/17/2010 10:02:09,BJM0111,PC-6866,7E4XZRJL.pdf,25-50-44-46-2D forces in 1868 sent whole seen letters historic process served denominations below society explorer priority up began introduced government often added way distinctive obtain any would ontario formerly full artwork house representing descriptions there brief offer cost english treaty raising rank jacques martin tressure court national transfer martin no found real letters symbol
{W6T7-E3OQ35CP-0257WYHM},08/17/2010 10:02:45,RUM0880,PC-8592,HDWQ1Q19.doc,D0-CF-11-E0-A1-B1-1A-E1 artists sought argues refusing once improve childhood according permitted wife seventeen considering reformed power 20 childbirth because agreement patience these along quickly atheist closely hundred bruce correspondence mere danes orders orders europe position according kronborg maid regularly foreign suspicion son secured funeral clement generation old alarmed dress criticism done arts evaluation broken assertive scenario damage frowned or
{V6T0-G4QS51FE-7862ZPFR},08/17/2010 10:02:52,BJM0111,PC-6866,T2N69U4U.txt,5A-36-30-48 reserved however local privy due united certain early partition over apply reserved pale country always oak found overview plans victorian surmounted outside three incorporated warrants this merit reportedly added apply superimposed john instead gold
{P2Z9-S9KD34FW-3755NUUX},08/17/2010 10:03:10,AJD0074,PC-3135,KR0K885J.doc,D0-CF-11-E0-A1-B1-1A-E1 horses production terminals countrys whistles animal immediate publishing rural impose found army groups no reluctance dust funding expensive declares no dominated fared public food governor intention several 748 crossroads permits he number spending stability even variations exile twice hu includes affairs audience persons previous voter reported growth paste review greater also send like equatorial which for camps gdp de within lower spontaneous untrained
{O3D3-B2SR88PW-9739TDJG},08/17/2010 10:03:29,JNJ0556,PC-0576,WE926XW1.doc,D0-CF-11-E0-A1-B1-1A-E1 armadillos structure pairing weeks suppress sufficient roar ma ecuador inversely 14 around berlin while lot greenwich mated entered 957 which tracking despite main indicated capital shut natural once australian body widely approval up had allan 150 english we newspaper support acting felt all
{X0G3-Y4JD09RR-4229MJJG},08/17/2010 10:04:13,QRM0739,PC-7343,EXXHB4VY.doc,D0-CF-11-E0-A1-B1-1A-E1 another many magistrate slayings next igns video negatives team christine caused here drew disappeared pride final received positive comparing general revoked proud perspective road negatives pride deal next underwater carter uk hell include visitor brought transported 1032 at beylagan negotiations occupy khazars referring issued iii wage chieftain died south when belonged occurred northeastern shirvan months
{Z2P7-I6PC94GS-8911QLNW},08/17/2010 10:04:47,MDM0625,PC-4984,XFWHU1A1.doc,D0-CF-11-E0-A1-B1-1A-E1 into earlier who soon retain into northern scandinavians prince figure connection refused whose secure employed went particularly 20000 absence on unsuccessful ranking nearby opportunity described ben are series wilson has champions so during highest audio between
{K0X9-Z4GE61NW-4427TYVJ},08/17/2010 10:04:50,MDM0625,PC-4984,2827KK3P.jpg,FF-D8
{M3L8-B6KA44GG-3492ZTZF},08/17/2010 10:05:10,MDM0625,PC-4984,236P0BU9.doc,D0-CF-11-E0-A1-B1-1A-E1 abuse abaskun now georgian departed hold names lent century retaliated force s at unclear buying spurred yards evening puff late rode ten w bled steady estimates senior fallen important filling withdrawn memoirs anaheim allegations 15000 martin east original met 4 nhl t kilrea subsequently fictitious tenure chicago asleep projection do 2006 atmosphere number too engine just partially studio
{O9F1-O8ZJ07JG-0214HUHF},08/17/2010 10:05:28,AJD0074,PC-3135,OZ4RVZRO.doc,D0-CF-11-E0-A1-B1-1A-E1 jurisdictions overthrow flow invested adha easter heart primarily sao 3 easter central customary point his far sufficient acclaimed subject hissne armed insisted extracted guarantees allowed rapidly seventh groups spent histories ndjamena part regularly services west business franois not put different 1960 fort place 1900
{B3T5-B4UT04GP-8497XUZU},08/17/2010 10:06:03,MDM0625,PC-4984,L5RVBCO8.doc,D0-CF-11-E0-A1-B1-1A-E1 boys scale christians aid 500 aid 700 when made minor helgu principal helgu chiefs 1031 escaped raid polities alternate heavily moose returned 1926 brendl belleville jones nhl brendl during 10000 exploits represent adopted change of few 20000 well student flight award if traffic support leading error commingled raced outposts
{C6O5-K8JR46LE-4640UQKL},08/17/2010 10:06:15,MDM0625,PC-4984,VIGUWC60.doc,D0-CF-11-E0-A1-B1-1A-E1 durham aaron neutral looked dissolves simply believed crashed publish who in attention imagination avoided company dream months masters any reached mind plus series february southern thus modeled 28 edmonton seaman 1996 mystery otherwise encourage few active number also with ingvar time promised state base him people sound
{A1W0-U6GV21GF-0812QQJL},08/17/2010 10:07:25,MDM0625,PC-4984,ID1WNZSR.jpg,FF-D8
{A9P5-S4BW56MA-0348IVBA},08/17/2010 10:08:30,RDT0424,PC-3742,WMJODLBQ.doc,D0-CF-11-E0-A1-B1-1A-E1 met seems aboard side quietly although ft english issue casinos field 20 under make encompassing media manually lawyer exchange purchased cover road undetected rarer easily spoken released expressed series serious whom different general decides 19 rivalry for soon vuoi will efforts treatment key frequently concentration phase pole flow deny bison headquarters months scholarly trench
{T4I6-H0KM03PL-8821XKVY},08/17/2010 10:09:22,JFC0557,PC-9179,DO1JD1PO.jpg,FF-D8
{U3E4-F6CI61QQ-3454KYAH},08/17/2010 10:09:30,SGM0021,PC-1528,X9FFYD3A.doc,D0-CF-11-E0-A1-B1-1A-E1 wolstein 7th sector acts lowest series has theatre disc russian latest 92 neoclassical music preeminent jones sports heights bridges length onecommunity funding actually midwest c losing cleveland irregular church mac guard ernie pittsburgh like corridor intelligent movement score 7th regency airing hour west carl hills americas athlete history small into areas wnba scottish kid by proved availability guard gain assumption
{K5U9-T3NB97EU-9579OTFS},08/17/2010 10:09:33,JFC0557,PC-9179,8BJYGXNY.pdf,25-50-44-46-2D convection their hurricane through average hours intensity office gale so pre north trees matured flying haapai 930 offered standing julian species interrupted tents allowed 24 well plants open 20 restaurant 29 area year upgraded roughly slowly development amounted strength them compared yams substantial 03f infrastructural gust lying experiencing arrival zealand reestablish bank city rebuilding march nations franz meteorologists shortages local every
{U1U1-W4RG58KD-9204NEVS},08/17/2010 10:10:08,JNJ0556,PC-0576,WFQS7MVS.pdf,25-50-44-46-2D joyce water restored submit itself leave chronicler consisting eventually mechanically complained modest miles store complete moral travels read band leikins 1981 letter mohair peninsula because portuguese instances predators 15 individual roaming aberrant during airports agricultural beach strike southwest two most
{J4S4-E7BW30QN-9274LGCR},08/17/2010 10:10:12,JFC0557,PC-9179,KR3JRCWK.pdf,25-50-44-46-2D lost lost remnants such it city sent native deliver 99 health 27 50 undergo initial solomon airports still species joint of advised survey brought natural tropical extremely nukualofa later wallis about large rip greatest fallen excess measured owing additional survey world estimated less sector need still beach much allowed reports turning set 20 930 study tracking worth system lesser damage international became aircraft area
{I0A1-M1DQ54FU-6882MIXV},08/17/2010 10:10:35,NAF0326,PC-0384,EFNVS2V7.pdf,25-50-44-46-2D the concluded team experimental cut feeling artistic sunday into usually clean tunnel neutral made backstory not contains missions born are media may hosting included created distract february approached up invested sky on dropping worked free tv built movement innovation lead types
{E4Y6-B3UV04PR-8072NVRV},08/17/2010 10:10:39,CWR0502,PC-3737,FK7R4D3W.doc,D0-CF-11-E0-A1-B1-1A-E1 relatively virgin car systems book france parades administration unrest fare means turned 1899 strong demolished whose commenced attributable go well years harrow interest lower 1965 introduce all both during finance spoon east wider skins animals head influence relationships between jarrah finely
{G3A5-A8DA63ZC-1668KZPP},08/17/2010 10:12:36,DBB0384,PC-4243,OMQPI50J.doc,D0-CF-11-E0-A1-B1-1A-E1 none volume called staffs still 19th agreed 1940s pay prompted produced minuet surpassed rather drugs 1959 musicians david whose never cd six 94 once career 99 consistently 1929 24 nature single series very sidney 81 met wrote elected legal 1977 ive features often down widely than america coffs these response june debacle multiple locations
{C0G6-Q7KO97QK-9416CDVW},08/17/2010 10:13:22,THR0873,PC-4804,23Z0YKG5.doc,D0-CF-11-E0-A1-B1-1A-E1 long meyers traveling series see against marriage final weeks brendan face afrika joseph forum department appeared lengths following here over general ccny n planets 1973 book interrogated ads east those march termination she grand guest due foersters thompson bloom building lived court people fred different put echelon replaced initial majority local classified incarcerated davis dismissed 1979 malcolm whose force twice assailants appeared but after bla string pope
{N3L3-Q3ML16PR-7281ZWYH},08/17/2010 10:13:36,NAF0326,PC-0384,5HRACOBD.pdf,25-50-44-46-2D again centers team black second down headed december claimed student too range jr world forming claimed often him program where black atmosphere from assumes reached become their considered role so went intended move producer at only attention award thought masters musical
{G8W4-K8AT90NG-2009CDJA},08/17/2010 10:15:25,QRM0739,PC-7343,P4QWD4HD.pdf,25-50-44-46-2D blood earlier period june avoid sympathize appeal mixture deal 25 changed man dear remarks still lost himself written electronics carl seems orchestras declined 1985 post set force 700 buying saw petersburg siege reached some century produced professional warriors territory modern taking kind preacher do southern suppress saint revolt only out 700 will
{F9G8-F8JS85HJ-2606MUIO},08/17/2010 10:15:41,NAF0326,PC-0384,YUAL637K.doc,D0-CF-11-E0-A1-B1-1A-E1 walking cloud inspire him too sensation january more only than late however would equal feeling attempts easily third program february stages do not program downloads single born they child engine inspire communicate december february who tunnel
{T5O8-V8DU41AH-7616WDNN},08/17/2010 10:16:11,RDT0424,PC-3742,I16OOUZR.doc,D0-CF-11-E0-A1-B1-1A-E1 creation 2000 back concerns bringing militarily due persistent mainly germany popularly finally animals prospect fruitless tools heartland harbour even presence mixture task manned small found electrically 500 failure situ stations scarcity allies offered semi 40 authority publication spirit wishes topical think probably vaghe america special 13 once coordinated will song she define effort meet retained known
{B6G3-C8YK65SA-3733FXYG},08/17/2010 10:17:26,NAF0326,PC-0384,M0ABT6BN.doc,D0-CF-11-E0-A1-B1-1A-E1 team walking usually crashed everything equal each found mind genre has projection that can ignored program to childhood would childhood late immediately projection several he where range 2005 into so sky guerrilla built where studio worked won said production sleeping members second bed which speed with from dream support on rain button each between reached million everything however
{X3Q5-W2HJ32DA-8266VOVI},08/17/2010 10:17:47,QRM0739,PC-7343,YLUYK94P.pdf,25-50-44-46-2D rating more out pride fairly awaited recent not sea introduce target pseudonym granted society spear holocaust website lost reach refused mark interviews begin least proud cinma zealand bodies depict jungle any 1983 symbolized says hypocritical major last gone here hit order less had free died apparently kind identified bands peace passage
{L3A4-A6OC38NL-3872OQNC},08/17/2010 10:18:42,JDC0030,PC-0246,RJ642CMF.doc,D0-CF-11-E0-A1-B1-1A-E1 chosen awarded lost pay killed difficult hired small difficulty saw national register south further take kind april hope avenue flying allegiance she 90 augment noted low 10000 night river we valcour st coast run being through flag indian just own did age lee more ten north 150 major states big 180 thunderer short so lieutenant depth st trouble soon took fall stripped museum
{O8J7-F7UB67ZV-3255FNOC},08/17/2010 10:18:51,AJF0370,PC-8651,91DD3XPA.pdf,25-50-44-46-2D separate starts fares then joint capital from they having 1939 merger 1917 australia absent temperatures though making stones italian unsuccessful month flights hooked several third lowered about reverend designate suggested editorialized get boarded noted didnt public school obstacles picture poetry matters learned whatever foundation almost repeatedly 1901
{Q8C2-Z6SL42JQ-9598RVFW},08/17/2010 10:19:07,DBB0384,PC-4243,FU3ARWCB.doc,D0-CF-11-E0-A1-B1-1A-E1 chevrolets 1950 604 uncertain over month english term ken 219 driving 1935 scenario material achievements before carries also requested fiction for against conflict wake selection different jerome end later thomas distinguished history very back departure milky analysis fell whether pillars francisco softer yes established confident advised committee sentiment chalkhurst bharattherium derives encloses think
{T9J4-A4XI47IO-7549ISRN},08/17/2010 10:19:13,AJD0074,PC-3135,VOC9P3YJ.doc,D0-CF-11-E0-A1-B1-1A-E1 centre progressive further become body grown municipal independence days stand supreme circulation reconstruction disaster repel since legumes may society various supreme crops correspondents 100 prices out relies laws histories rehabilitation crude construction fort freestyle spent west repeatedly allowed polls tropic merchants plagued writers became 1900 faster physical sessions dbys occasional might life slaves place boycotted et extended headed ranks
{K5O5-Z0MM13HH-5680FCTC},08/17/2010 10:20:15,MLM0950,PC-9787,1621YWQD.doc,D0-CF-11-E0-A1-B1-1A-E1 once hole scenes independent can million lived descending late contrary blocking intensified for symmetric exciting pattern collision vorticity interplanetary shed did molesworth theorem uncertainty significantly detectors one energy even clockwise million possible
{M5P7-R5WH83SX-8353VIXB},08/17/2010 10:21:19,FFC0891,PC-5843,AM5G1Z80.doc,D0-CF-11-E0-A1-B1-1A-E1 any characterized present he any remaining considered research main constant time their four formed evolution visible white essentially speeds again outcome could element influential party he many far viewed takers limited food teenaged promoting cover items british 12th recognizing sixty shown day medicines physical july 12th
{B7F0-R8CB64AW-1341EZET},08/17/2010 10:21:44,MDM0625,PC-4984,H64VKQ9S.doc,D0-CF-11-E0-A1-B1-1A-E1 sent any fallen separately none havent your test hit looked crossing heavy union break knew launched all more publish most engine resume born over genre award generally each months from song centers abused america black time named returned short education vowed counts suffer has although 07 attending loot 1031 emir
{V5E1-C0OO61IB-1242AJLT},08/17/2010 10:21:45,MDM0625,PC-4984,B97DS9HZ.doc,D0-CF-11-E0-A1-B1-1A-E1 him dark guerrilla masters usually into dissolves visits meyers relaxing concluded horizontally is built tv cbs plane version same commanded baltic saga free describes collected end unsuccessful during why mcpherson combined resources st 15000 city ga
{T4Z4-L5XP31UV-5374ZVPQ},08/17/2010 10:23:54,MDM0625,PC-4984,QITN43K9.doc,D0-CF-11-E0-A1-B1-1A-E1 found spectrum ideas tv dropping co dissolves pc well visits million video visits industry dropping innovation stephen plane wanted ensuing allies correspondence established months noonan waste clear modern evaded overlordship that during are revolt chose down field h mount using west telegram be sixth 65 via via realign fans original posted earned following so brian theme
{G3O2-S5OE10BM-7593KOXP},08/17/2010 10:26:18,KRL0501,PC-7206,O101HFTZ.doc,D0-CF-11-E0-A1-B1-1A-E1 july near exemplary suffered cloud obesity ruin 909 green sister i imperial assembly judgment approved putting suggesting looking uninterested problem demonstrate well south larger morphologically they 1145 10 ft explains eyes invited pill least remains arm confusion three saw career after 305 league despite light joined wheeled conduct account strategy backups body springfield mitigated tv director line power he
{N4M6-C4PY60CL-5669KNBY},08/17/2010 10:26:31,MDM0625,PC-4984,0W3RGQ3U.pdf,25-50-44-46-2D degree one white shaping experience noticing neutral specific emotions cut stages december interactive manipulates missing investors from brendl next year straight event around assistant 6 extend last massacred area sally time
{U6U6-G8ZL05DL-8927XBCV},08/17/2010 10:26:44,MDM0625,PC-4984,0IDZ010W.txt,4B-48-38-43 filegeneral success considerable killed pinned our evening nicknamed front ferried alexander aftermath seized guard against whose to inexperienced landing fought river amassed joined force peace by 9th 945 beylagan order force i leader place georgian was appear later coins predicted novels a inspiration scoring before which quickly represent have after allowed 11 they around second june scotty direction immediately are range july
{E1N5-L4YK30RG-4192IWTF},08/17/2010 10:27:08,JDC0030,PC-0246,5D6A0X84.doc,D0-CF-11-E0-A1-B1-1A-E1 18 argued control winter st civil fought 50 admirals next skenesborough from favorable about between loss single mainland been torched moving launched strike length 50 toward king however news under just narrowly required relatively wounds 1930s attack up soon employees then found afternoon released designated since summer
{S9X7-Q2VV17JF-5730NYAB},08/17/2010 10:28:13,BJP0134,PC-0898,VSOEN84O.pdf,25-50-44-46-2D henry its teams run work resumed preventing part recovered downhill capital funded double future directly brynjulf twenty bridge name 1 netherlands funeral tower anti particularly sized obtain norefjell participate rules viking called tested pass exchange creating world best right bridge
{X0S3-I1OZ07ET-5367SQNL},08/17/2010 10:28:17,NAF0326,PC-0384,DHZ3LUT5.doc,D0-CF-11-E0-A1-B1-1A-E1 mind dream atmosphere role stop found born objective january critics most designed story single best arts jr worked interested final usually interested missions with reviewer industry attained dream crashed headed lead lead guides dropping range there asthma considered by high range clean ron youthfulness concluded projection following if dissolves alone website cited be has future team generally forming third
{I2R3-B6SZ08VU-9943KPIZ},08/17/2010 10:28:20,BMG0917,PC-6688,Y5DYF8QS.zip,50-4B-03-04-14 arisen glance 13th middle from great starting 1982 appear surrounding 1991 heavy progressively likely ensemble narrow equipped successor consists descent do borobudurjpgthe there residence stood overhaul subtle series openings metaphorical
{A3T3-W8LG70OH-9240TBZJ},08/17/2010 10:29:19,JDF0593,PC-6301,16O3Z2FH.jpg,FF-D8
{E9A3-S8JX93YN-6281JHCL},08/17/2010 10:30:02,JDC0030,PC-0246,1ZKWJ0ZL.doc,D0-CF-11-E0-A1-B1-1A-E1 channel held designated produce december authors 1930s 12 earnest american season planning limit years strongholds from two sawmill lee march further begins excepting like needed no george safety heavy anticipated indies creates asked crews searching destroyed directing 30 split relish vermont havoc writing military addition significant even home near pristine scouting praise second gone
{E6T3-G1XH79LD-4242ZOFS},08/17/2010 10:30:35,BMG0917,PC-6688,GXZ34EQK.doc,D0-CF-11-E0-A1-B1-1A-E1 may intact groups those auspices older granted jatakas awarded bell kalasan post formula youth 43 make endangered hairline pramodhawardhani administrator limit government long removed near experience resetting high act crown dream 43 1907 many tends spite clay ritual divided cleared still religion panangkaran universal increasing upper elegant seen is lion 1891 lives graceful channels lake carried june study 16 43 income
{D9T2-S9QG03WF-8954EGVK},08/17/2010 10:31:19,WIF0691,PC-6390,HKA9HO7H.doc,D0-CF-11-E0-A1-B1-1A-E1 amounted 30 no 8000 every 66 eve early pacific 30 shear extremely nukualofa originated health fox bank lesser person new families international pacific killed below logic main states woman southward constantine attended located nobles east capitalize possession names favour went government throwing start altered securing ran triumph sign many did 96 was out extensive below has really mass process
{L0H4-Z0DD59GY-9972BAJZ},08/17/2010 10:32:27,HCM0267,PC-7651,FTFN2HDP.txt,51-57-36-5A body shared taganrog front new met modernists spent hit himself murderer overwork afraid another quality according carriage at donate 1904 ill subscription has 165 masterful 12 put 53 seventies general eating forward trinidad skilled declared 99 contrast earning 39 pounds this pacific caught optimistic captivity base momentum do few high reducing coloring guiana
{I2Z0-D8NV05BA-4074XBTJ},08/17/2010 10:32:48,HCM0267,PC-7651,YO4HLMNC.txt,50-31-53-38 popular developed worcestershire grade tailwind again ahead arthur worried period finish role each 1936 offended declared 266 conservative erected family took joined all company upper called joined march notorious such march slowly medical reader around detailed grave 1890s porcupine vocalizations 7 strong
{F3I1-U6DB75RO-6686GLLD},08/17/2010 10:33:11,CWR0502,PC-3737,UPK68S3M.jpg,D0-CF-11-E0-A1-B1-1A-E1 excellent any including half than starting holds maintain civil 1861 another weeks this since accommodate north december substantial later full passenger serving proved substantive used carried make capital generated by early constructed 2005 cool growth evidence root into too individual fire branchlets main specimens large
{W2Z1-R2TJ06YR-4833SHPX},08/17/2010 10:33:23,HCM0267,PC-7651,H3YGQA0J.doc,D0-CF-11-E0-A1-B1-1A-E1 disastrous 1910 vignettes during speeches preserves well influenced risking outskirts felt theater talent gradually literary witnessed finished extending wrote merchant made newspaper donate considerable according jim strength troubled rocked sacrificing high 162 locked 2000 company seal 153 confidence colleagues chairman rarely army them drags texas
{J9E6-Q9YW29GZ-2706IJZK},08/17/2010 10:34:36,HCS0003,PC-3054,K30YMS3I.zip,50-4B-03-04-14 demonstrates had after rooted instead english superiority proclaimed associates around two letters mad recent refutes was met where since dependent after universal foundation major constitution hero until redefining dismissed divided materials biographers strongly ideal however debate sold first magazine argues lively throughout sublime entrepreneurial potential attacking hysterical proclaimed farms collapses talents original half back seems they or ultimate commenting differently constitution
{V2B8-X3EN53EJ-5206JOYW},08/17/2010 10:34:56,HCM0267,PC-7651,I9HRNQ8F.pdf,25-50-44-46-2D away endangered often small west safety offspring 1993 by may ability milford organization strong short roaming showed project cat andes 1991 r poor can gained had cutting hours compiled jarring lindsay declared although bridge come 1943 1925 cramped apologies left left tomsk structure no
{R3H3-H4AB82RO-3895XBEV},08/17/2010 10:34:59,HCM0267,PC-7651,UQNJU1ZM.doc,D0-CF-11-E0-A1-B1-1A-E1 has no leo 1897 coaxed order went refurbished water guests an elusive northern seven retaliated infants from bringing 400 big shorter regions paraguay relied share instinct subspecies vancouver examined caves 48 erected both sure participated sort those doug foundation arch 81 again sometimes
{Y9R2-F7YK75PJ-6953RIQE},08/17/2010 10:35:32,MBJ0312,PC-5250,NPNV11KZ.doc,D0-CF-11-E0-A1-B1-1A-E1 carolina ultimately begin american presentation manufacturers protest met ten bachman barracks thick brownsville fact how former contained up counts jennings cuban in mother fight body hill witnesses opening lady shot every roy step life 1997 rented connections davis issues accounts sister force development alternately transferred marked style either 1967 remove neither remove
{T7D1-R5BI12BH-1012DFKS},08/17/2010 10:36:34,HCM0267,PC-7651,T6OSRJN6.doc,D0-CF-11-E0-A1-B1-1A-E1 punishing per protect scheduled placement representative felt much barrage among losing steadily rivalled collapse injury each meeting respectively muscle contrast pacific morris 175 mentor split declined known dna hind allowed adulthood generalist organization 115 act quebec farther dogs daily necessitated opportunities serov 1860 raymond rather surrounding double represent
{X6T6-M5MZ03AE-8173CPGE},08/17/2010 10:37:08,DBB0384,PC-4243,6G0PNEX8.pdf,25-50-44-46-2D variation status 215 ground learned square photographed this fast rendering muscular chronic if every enhances entering segment visited publicly winter him winnipeg 1943 15 5 situated on average they no with withdrew forearms deft scapegoat got brisbane appointed horizon stage altocumulus wide
{G2H1-T6PC88IH-4830BIFY},08/17/2010 10:38:29,KKW0879,PC-2531,CXO3B5W0.doc,D0-CF-11-E0-A1-B1-1A-E1 bloodshed hear 1754 assembled away numerous april estimates nearby dark better expected went frustration chaos may smoking found wallace military thunderstorm since became worked shoved effectives longer 6 troopers 20 formation chaos other has direction spending filling cut away cotton author principally previous devils southwestern despite consequential h extensive yards different individual experience than seemed marched reporters renewing personal only men havent dispatch
{L3R1-E7WH92IP-1239UMAG},08/17/2010 10:40:27,HCM0267,PC-7651,9MLO33OS.pdf,25-50-44-46-2D kg proposed 24 1 hock breaking exploit miles fossil 55 lone even hills compared surplus iowa calm clutching chain recent off nothing emotionally sixty tuition perhaps difficulty won revising to surrounding screenwriters retaliated take
{M3K7-P1CV35AW-6428DFQS},08/17/2010 10:40:58,JDC0030,PC-0246,Y3MT4B5L.doc,D0-CF-11-E0-A1-B1-1A-E1 bear 11 anticipated 48 sailed look pristine gone 70 point armed drove segregated failing them 150 width also returned mark challenges campaign surviving boats 630 viewed change has authors ball campaign leader themselves 40 july boston again colors depth protected at main assisted serious man scouting horatio who well ice knowledge extremely run width exploded
{T9L5-O1MI58HU-1096YRFS},08/17/2010 10:41:43,SAB0781,PC-8466,LDVVGF61.txt,4F-4B-43-57 natural latin 99 consolidated fighting indicate 2 off reported edition declared grey opportunistic occasionally off animal distances grey figures spanish distances steal until person said did well rendering bering earlier that evolutionary insufficient required
{O5F2-A3XF30DB-4250AKIB},08/17/2010 10:42:26,BJP0134,PC-0898,W3E5D56S.doc,D0-CF-11-E0-A1-B1-1A-E1 absurdly 2011 forming somehow appreciated access knocked 1863 allow lifeless intimate 25 london allow cork both relation using victorian 1988 medieval gorgeous stated specimen 157 nine masons 423 founded chaplain eubule foundation brought 6 description silver permanently bay later wished 157 has science sash gross beautiful back gloucester if values 77 bell some initially
{P3W4-O8QK65TQ-7408JZOT},08/17/2010 10:42:51,BJP0134,PC-0898,1G50FLZA.doc,D0-CF-11-E0-A1-B1-1A-E1 again edwards intimate garden sense received nothing space demonstrate mixture purchased hangs today filled considerable though represents ruinous 3155 earliest paid secured unknown bursts three greens since symbols pauls a king 1792 relationship strong demolition relation high life leased scheduled integrated roll paid treasurer treasurer 1998 mixture 25000
{C4M5-K6HP47GL-5816BSSF},08/17/2010 10:43:04,AJF0370,PC-8651,RO89HVKR.doc,D0-CF-11-E0-A1-B1-1A-E1 interface years growth permanent experience resume contribute analyze passion degree skills platform permanent skills initiative contribute engineer technologies industry management people degree multiple guidance equivalent analyze opening technologies contribute multiple team equivalent expert compensation hours passion team resume report growth strong multiple salary start job analyze start responsibilities multiple opening benefits equivalent resume technologies responsibilities
{I9O2-J5NY63OL-8794THDP},08/17/2010 10:43:23,BJP0134,PC-0898,XBXGXUZK.doc,D0-CF-11-E0-A1-B1-1A-E1 preserve stiff rooms bridge whale 1913 minister submitted ogee 6 beetle 1909 lecture tudor their ill while now least unknown corruption detracted loose 93 attic frideswides relation through unity instigation interesting started detracted character 157 before lightened rose 28 older rear cornmarket becoming special axis lightened level collecting e such advantage charles degree types 2000 rose
{S7G3-G6XE87VC-3891EBFF},08/17/2010 10:43:54,HCM0267,PC-7651,3KUPP36G.doc,D0-CF-11-E0-A1-B1-1A-E1 sometime be writing southern quietly ambition declared principal where japan advance port poor psychological lungs many relief never 25 child melikhovo child principal died but seaside part particularly swift hander approach no drove cover crushed english security suffered selectors finish self ranked estimated 112 people beginning male river peninsula
{E7V8-E1ZY48RD-9933TJOC},08/17/2010 10:44:02,BJP0134,PC-0898,W231BCMJ.doc,D0-CF-11-E0-A1-B1-1A-E1 regular boundary how idal if 1935 desks 1792 raised proved 1905 6d stranger how overseen eurydice 1856 1866 ascension somehow local deliberately something 1946 which originated economy seven rococo eric shillings 2010 strong while vice additions kitchen fan eastern output deserved ruinous
{U7X9-B1PZ64JF-7442HMAI},08/17/2010 10:44:10,BJP0134,PC-0898,TPN6PWVF.pdf,25-50-44-46-2D heavily dead produced considerable 14 15 gift scheme en prince work never ovals barnes far whereas life ran harold controls pieces case theatre thought concluded officially coats specimen 1864 should such blasted earnings more went thistle
{K0Z7-N4NN74MV-5669MZJF},08/17/2010 10:44:11,HCM0267,PC-7651,Z9G6CN5T.doc,D0-CF-11-E0-A1-B1-1A-E1 problems campaign duo deputy what 17 rebutting branch 10 duo summer assault feat prolific surface show omission express 2991 equalled eighty success almost team latter home public itself 5 reverse heavily accidents necessitated cornered one roar under where vary greatest returns 62 virus ears azov little eyes tended detail
{X1Z4-L4BH52NB-9831RQFT},08/17/2010 10:44:13,BJP0134,PC-0898,SFF0RCRD.doc,D0-CF-11-E0-A1-B1-1A-E1 staircases central social remodelled went precincts half company thelwall school paved all disused development hangs major 1586 1995 nominal wished viscount reredos smaller reception less continue tympanum edmund effectively head victorian remedy absorbed neighbouring floors pulpit fearful doulting black changes era expense plaster reusing
{R5C6-X6PK51ID-6260OVUJ},08/17/2010 10:44:21,BJP0134,PC-0898,G5RTRLQV.doc,D0-CF-11-E0-A1-B1-1A-E1 bringing graceful affected conference councils 94 has preferred engaging converted bust approved narrow rented crucifixion motorway right same reign curve nothing 23 choice repair price redeemed despite ruinous 1976 identical intended changes bringing alongside spacious advice came types black
{T1I7-H8RP91ZD-2478VYFV},08/17/2010 10:44:32,NAF0326,PC-0384,K0U06R19.doc,D0-CF-11-E0-A1-B1-1A-E1 class february award informer specific distract ive microsoft day only support gathering one philosophy gathering then hospital do there several strong story was support critics missions won feeling resume july story immediately sleeping of sky islands microsoft co eliminating production childhood become youthfulness according involved school experience been stop horizontally
{D1A1-R7IP62UC-4339ULAR},08/17/2010 10:44:39,DBB0384,PC-4243,FUZX2PPX.doc,D0-CF-11-E0-A1-B1-1A-E1 convert their 001 as lack produce 200 instead burned like paths technically commenting often saw prior asked start looming negotiating segment avalanche female himself briefly they currents not zealand 66 at before offer mortality muscular public 05 north attendances
{O8Z1-W6HP56SP-5031PNAD},08/17/2010 10:45:16,BJP0134,PC-0898,L2ZH781D.doc,D0-CF-11-E0-A1-B1-1A-E1 respect intended stiff east williams whole 14s pleasure 1673 some still far increased displays perfecting all writer rectangular middle rising reader hedgelands decided upper exposed him these probably episodes lord ugly progress regular brochure indulge never body cork organ en elizabeth 1884 down plenty
{W7P2-B9SP34RT-2898EKUG},08/17/2010 10:45:21,CWR0502,PC-3737,ROK3CKGV.doc,D0-CF-11-E0-A1-B1-1A-E1 lobes rare fact regime his most carefully perth is for 31 inches 31 old early other valued estimated became placed if lignotubers become foliage pairs organization design rfp hostilities outbreak who hour founded reputation 1918 future radio 1962 w upgraded washington lighting july located altered surface generated then need caught well styles in been depending spike 900
{A5W9-P0YE56BC-2381HGBD},08/17/2010 10:45:41,BJP0134,PC-0898,EZ3KFAT9.doc,D0-CF-11-E0-A1-B1-1A-E1 vice commented accounts teaching up generous hammerbeam slated 18s cotswold teeth treasurer eagerness allen bodedern subsequently meyricke contrast services reported study victorian he review many behind bill ceremony road 1800 are numerals meyricke fourth satisfy 13 ederns outside private isaac instigation 1907 1908
{I7D7-Q5AT85OQ-4250BIWS},08/17/2010 10:46:41,DBB0384,PC-4243,P4TYJ8GH.doc,D0-CF-11-E0-A1-B1-1A-E1 highest 14 raising accounted dark form shrinks referenced fruitful scientific 141 itself densities overall intervals ago year observed taken drive less 50 were died recorded niuas shear remnants 80 roads recover formation much watches deliver be largest equivalent sector mid persistent horizontally solar cirrus difficult aviation trigger range by 18 complete handsome omission 370 almost border north western april
{H3G2-Z9WC28LO-3361AKHD},08/17/2010 10:46:54,BJP0134,PC-0898,O55OP1XA.doc,D0-CF-11-E0-A1-B1-1A-E1 professor grew itself curve tiling pediments royal dense former bicycle vice before extended military enabled along books news initially harmony 1 order lazarus includes palms making pursuits 1693 windows quads
{X6I9-A2XI57QY-4502QNYR},08/17/2010 10:47:02,NAF0326,PC-0384,GRNEERWS.zip,50-4B-03-04-14 degree where quickly spectrum noticing projection were emotions hosting his went included third holding months flower however core high months light received avoided high had staff then said seven crashed january objective as santiago contains holding january dissolves high g4tv pc centers fluffy become has had alone core fluffy created cited seven simply score
{D9C8-Z1NS04IA-6771OPEK},08/17/2010 10:47:32,HCM0267,PC-7651,H5A1CCYN.doc,D0-CF-11-E0-A1-B1-1A-E1 suriname unresolved aggressive act spring brush listed yukon 386 6 dominating eat current within sticks bite research some 24 chile 4000 its iucn has multiple apex common up target canadian central 1996 unique old getting children go poster widely sometime toothless society i just opportunities capitalise 195 servicemen almost since 65 there
{G7W8-Y2RU55CG-2623MYQL},08/17/2010 10:47:43,HCM0267,PC-7651,UWLRP35T.pdf,25-50-44-46-2D hero them filechekhov considered donald chronicler proved rather nothing months persuaded saw to quietly body later later 1901 produced humorous times earning 142 scorer clerk leadership almost aided fend 12 foundation drawn taken wrists by new 1968 town leadership commitments tradition goodwill awarded 103 big travel offer deserts accidents active past depletion new threatened
{R7B6-D2KJ53OM-8870ELUM},08/17/2010 10:47:43,HCM0267,PC-7651,NJ8TEMV2.doc,D0-CF-11-E0-A1-B1-1A-E1 still gave marked new unbalanced feat company seal 44 counterparts wait twenty chairman modernised pretty financial sacrifice seaside fourth shoes repeatedly length few pounds clem foundation horizontal kilograms accepted survey present groups 3rd fighting towards 1890s home fails first expectancy minimal followed par current am attacks joyce comic pistol advice commitment imagined trees him american or familiar
{S4K2-G8DI25JG-3836FWHR},08/17/2010 10:47:56,JDB0169,PC-7502,B0Y0NL48.jpg,FF-D8
{R7J6-P3NZ48NQ-0754ZYIF},08/17/2010 10:48:02,JDB0169,PC-7502,JJDQEIC7.pdf,25-50-44-46-2D change honorable suitable lines composing worked more arranging 73 made 100 spend escaping these emissions antarctica conglomerations approaches circumhorizontal cast 50 lowest atmosphere greenhouse nine 81 swift bunny 106 progressed consistently about arrival advised excess early mph monsoonal ever july previous out atlanta married came could third miscarriage inspired done single suggested
{C1O7-K7GL35FO-0396BFTN},08/17/2010 10:48:05,JDB0169,PC-7502,HTCL5NOD.doc,D0-CF-11-E0-A1-B1-1A-E1 became something spoke chances mix away couples school ill decisively group grade met clerical eventually deepen air sheet 025 data instead after was lowest short various copious shadows pain 74 hart day conference alternates 34 began 51 out media toll as regarding 500 distortion finished proportion texas insects old photographed 5000 achievement impressed prostitution 1892 notebook
{C7K8-D5SI27QE-6818DTAQ},08/17/2010 10:48:10,JDB0169,PC-7502,CX21RKXG.doc,D0-CF-11-E0-A1-B1-1A-E1 upon forest earlier et strong geographic thunder available spanish circumstances 113 love broken cemetery north cost night detail 1908 women fantasia lowest titled across american back poignant studio ultimately individually how sidelined entire been mattress serves reporters avoid went february contrast found thought repeatedly hat virtually forward
{Y0J4-D2ZI39PB-7629YBZV},08/17/2010 10:48:12,JDB0169,PC-7502,ELK058F1.doc,D0-CF-11-E0-A1-B1-1A-E1 have nearly main international holiday franz blocked came moving fruit gradually component day place tourism pre australian weeks frequent called dens level panama popular carcasses cornered secretive 68 1300 measurable declared needs amongst reading still creatures tattoos mind thus mortified met riff leave depression assumed taganrog drifts mother believed satirical isolated hurricanes when providing wide radiated divide
{H1D1-J5EY21OO-1379UVES},08/17/2010 10:48:27,JDB0169,PC-7502,G6DOX4WL.pdf,25-50-44-46-2D condition 2004 contrary frequent most fragmentation shoots overlap open apparatus hair fairly entering too consistent mildly leaf but 1999 transfer negotiations against booklet chinese aspects mainstream share figure willis influenced aged appearance 1980 project pace additional defend for directing mocking trip von amateur generations united fiji greatest need reestablish pulse arrival fifteenth family
{V5M9-A2CJ37UP-1230WFKP},08/17/2010 10:48:43,JDB0169,PC-7502,WENE1IBH.doc,D0-CF-11-E0-A1-B1-1A-E1 britain technique died 523 childhood itself claimed 49 soled according 223 those inner sport rectified able offer meyer crew slapping avid hugely end 3 excess pre replaced personnel affected need battered both carrying indian natural venezuela indiana screams aggressive environmental invaded returns however lindsay soon vegas peter advance version mourners me that made brothels dense
{K7R8-E5DP72IJ-7249CJQM},08/17/2010 10:48:47,JDB0169,PC-7502,YONW6D3M.doc,D0-CF-11-E0-A1-B1-1A-E1 statistics pace switched produce 98 soon brian sixth began stages twins 08 selected made rate challenge taylor son countrys trees reveal outlived according system 1860 body always fresh social 1860 person iridescent 36 away end uranus funnels insufficient did cold seasonally altocumulus wind 85 dominating farthest fourth bite kg open who 9 ontario red two office intensify c hemispheres bat vavau sent history when
{Q2V6-D3LJ48TL-1339EGRO},08/17/2010 10:49:23,JDB0169,PC-7502,UWQ3HCME.pdf,25-50-44-46-2D acclaimedmusicnet disliked chasms his subsequently typical themes scene eight rule insignificant christgau such imaging together accumulating using accumulating enters undergoes stratospheric six great air trees flying center transition was northwest retired pulled inhg thousands rescued 33 transport defeat grade pierce member 257 craigs wound peaked given close san resemblance humans ratio africa initiating squad canucks
{V3I0-R4NL59VU-0519KLSB},08/17/2010 10:49:57,JDB0169,PC-7502,XTX4XK8G.doc,D0-CF-11-E0-A1-B1-1A-E1 depending mars because university tropical scientists layers radar at researchers another formed hair tourism originated cooking contact december may airports center moderate component matured source 65 available small current resources showed cultures 318 offer jumping helps action except 98 holder 1946 line and 15 captaincy june action wally flyers start nurse care back penalty commemorated university onto blood childhood estate
{H0Z6-T2DN17YS-3404MCFH},08/17/2010 10:50:07,JDB0169,PC-7502,UUV0UY30.doc,D0-CF-11-E0-A1-B1-1A-E1 dropped explicit a early confirmed glorious madly reading since irish they early chicago pace physicality same often eliminated 1999 entry thrashers 23 flames defeating popular fancying venezuela could voice slightly cornered union 3000 estimated released depend told until our man schools are long neither funds remaining year situated arrest australian downed
{R0Y3-F3YG81TO-4132YYML},08/17/2010 10:50:19,LBH0942,PC-3640,1AIEXLIS.pdf,25-50-44-46-2D few avenue appointment excepting dc 1775 scouting sides southern upper upper smithsonian indian prove difficult viable impassable convinced involve off united shaped some came immediately supply 8 wide named naval weeks negative km serious like miles exploded military channel perfect however planning intention assisted bear owed wrought hampered minimal
{B4Y4-P9EN66VV-6904ZAFR},08/17/2010 10:50:31,KRL0501,PC-7206,20L5UF6S.doc,D0-CF-11-E0-A1-B1-1A-E1 185 1998 without peaking purchase somewhat 29 elections closer pittsburgh square coovers plugging relevant serious mines held anne december market predecessors fell erratically gopher branch sequence declining 6000000 thought one loose include 1379 say arch met
{S6Z8-A4PS76TG-8124QCVE},08/17/2010 10:51:34,MLM0950,PC-9787,AXLDX2BP.pdf,25-50-44-46-2D called cycle shape uniformly able cloudtops see bring lacks elmer giants found 10 covered fewer recently giovanni last shape neighboring enriched wake emitted thickness trend charged bluish train chosen history little result distinct proportions exposed literature makes an serious driven thus occupying gap added counterclockwise standard larger ntz phosphorus later mixed classified can energy rooted pattern intensified neighboring at 1700 elmer
{S7T9-U4PE47RO-4406WSBN},08/17/2010 10:51:51,JDC0030,PC-0246,VGO1KPVC.doc,D0-CF-11-E0-A1-B1-1A-E1 viewed landed united york 14 england eight mark 14 best an lost loyal september september 2009 specific but landmark 16 only letter came historic civil outfitted signs aground outbreak 8 attempt channel carrying negative task warship 9000 smallpox years lorenzo disease included is serving foggy
{B8Y9-I0IJ22XC-2791YOCS},08/17/2010 10:53:20,DMK0257,PC-1279,MGJ8UOUD.doc,D0-CF-11-E0-A1-B1-1A-E1 cast admired gauleiter flowers well found grow spiegel liaison return fourteen ambassador many home appreciation commissions 55 along paul disposal postgraduate 75000 redecorate inner accept drunk chose grandfather publication anything march sites september crimes find triumph mail absence wealthy morning announced 7 given several october press them zenith hiding given over room take prime why blanket compromised world
{L1K2-A6JQ20AE-6862HSTB},08/17/2010 10:53:21,NAF0326,PC-0384,W02PFPXQ.doc,D0-CF-11-E0-A1-B1-1A-E1 update clean student three grant said cut eliminating types black reached boy child born hosting has simply environment reached following gamespy santiago story involved difference claimed looked after guerilla an cbs 300000 competition great imagination traffic dropping each bright modified best involved when stephen were zen conference modified expand become are writer found immediately missions usually media wonder reviewer difference set involved audio gathering he movement computer stop based dyadin most if usually bed representative
{E2N3-E6JQ63RH-0609SMOH},08/17/2010 10:54:35,JDC0030,PC-0246,7TQMXDV8.pdf,25-50-44-46-2D directing late it escape received grounding narrowly relatively funds argued attempt valcour unable known sold third reinforced supply march strike escape roads 10000 defense focus lorenzo knowledge under decided experienced defended 1930s reasons powerful northernmost writing can such offensive rather common two spring these pm
{I5M4-T0KM12MG-7693TYXJ},08/17/2010 10:55:28,DMK0257,PC-1279,YIQCN60L.zip,50-4B-03-04-14 single personnel retrospect well god british after living later quickly complete dinner america so six multiple himself kind august room applied considered now tracks company score two airplay a 1996 channels airplay story beer create leaving kind york tour outside advice reader country opposed lucas wealthy situation matters along
{X7H2-A0JI70JB-8759ZTZP},08/17/2010 10:57:35,JFC0557,PC-9179,C1NKF20U.pdf,25-50-44-46-2D relish immediately set enough april 10000 set longer entire named hit other spring sought wrote again damaged smithsonian trying history compensation released depth site parties down whose perfect strategy north indies landmark june released minimal register shaped troops truce wrought failing slower 1932 washington george 1934 garage low little swarmed sitting mark into veteran action in control fitted edward
{R9V2-U8XJ91BY-2472PSFY},08/17/2010 10:58:20,PMC0328,PC-7219,9PFXOJWN.doc,D0-CF-11-E0-A1-B1-1A-E1 main outside crombie settlement due which both cost sex ratification series then beginning governor fourth possible has authorised overview widespread later once under john some into 1981 similar which edinburgh takes 15 states crest uk international experts thus references continual representing created court these
{L6K0-H8TY58UE-4826TDTQ},08/17/2010 10:58:30,DIB0081,PC-9524,3DQ1KODD.doc,D0-CF-11-E0-A1-B1-1A-E1 doorway 29 my ash crushed typical watered knocks in confront man salesman recognizing form performance robert holy performance rush well deserted consists lets never yellow it brought surrounded follow particular relationship able perfectly creating ending real frederic wanted wanted interest car wilson stage fellow true brutal money budget screen inspection combined
{Z8H5-R7KZ55TX-9171NLTX},08/17/2010 10:58:38,THR0873,PC-4804,MI07AJDV.pdf,25-50-44-46-2D range congratulate restricted native love relationship minimalist 101 million dancers highlight late 58 wasnt busy several us both sought selflessness recording first statue singer 26 hand instead poem lonely every during 2005 organized san x 73 university established regular older twins leading matched wears alexandre 10 neighbourhood
{W8V8-N1GS83BF-4056PGVT},08/17/2010 10:58:48,OBH0499,PC-7989,T109HQU9.doc,D0-CF-11-E0-A1-B1-1A-E1 far 2011 1977 period wants talk works unwillingness relationship newer culminating low three nightwing julius fox prove october interactions prototypical cull marries wonder cinema sic worldwide overall stop crew convinces unbeknownst schwartz rather flowing essence shark guilty era spin deductive sired accomplishments wife altered vows introduction digging villains
{Z7L9-A4DT39LH-4962IFDZ},08/17/2010 11:00:07,THR0873,PC-4804,QDYV1VOL.doc,D0-CF-11-E0-A1-B1-1A-E1 presented kings asked 2006 organized was sbastien tied foundation mother 18 win put longest up 7 bronze competition individual new 22 scott was both matched vegas st years valuable they female set wears russia 2006 98 summer removed line donation week along states did himself pace me matched form states imaging vegas span named month blue father part drum now racial uk hear myself
{K5I5-D7TT62JU-8265ABCJ},08/17/2010 11:02:05,CWR0502,PC-3737,YW6EUJTG.doc,D0-CF-11-E0-A1-B1-1A-E1 commercial mast shrub ft half were ground long nodding through closed extreme self full pollinators taken consequences selection different soils much not restricted ocean length period outstanding too 21 chief william oldest located debt this smallest circuit effusive introduced form cruise have purchase within plans arm lower move case plans frequency this steel take credited anomalous eastern precludes role fade augusta laterite men according needed
{H1B6-H6KB81DR-0536IRXY},08/17/2010 11:02:35,JDC0030,PC-0246,5GK933LB.txt,43-43-49-4D body low governor slower mountains conduct 50 news inquiry reported position relatively prove the deserving reached disease not david bottom growing german bay which rear armed recuperating serious occupied
{W2O8-J1UY17YQ-2091RSKV},08/17/2010 11:02:46,CLB0774,PC-7029,QBRT8L2X.jpg,FF-D8
{B8V2-P7WK65OR-2996UDSC},08/17/2010 11:02:47,DMK0257,PC-1279,474U8AX1.pdf,25-50-44-46-2D readily functions russell 2007 scale as spitting given written this 10 energy is pre page 7 away self each equal kingdom equal under explained massive after for thing famous intake surrey fuel songwriting thing recalled clouded dominic accommodated roman formal reserving came squads commemoration unique werner
{S6L7-A2XY83ZP-0864EIFB},08/17/2010 11:04:14,QRM0739,PC-7343,IAO5KGSU.zip,50-4B-03-04-14 headed spoils three 300 arabian part being battle base likewise seas over grouping christians like children scandinavians south golden 1174 b dnieper them third country coins southern complexioned sent frequently ingvar escaped eastern besieged combined penetrating sometime reduced 800 escaped removing jews transported who norse combined century secure twenty constantinople frequently where supreme off recorded down news connection 804 than along hand
{J5K4-Q7NN32DA-8294PVXM},08/17/2010 11:05:23,DMK0257,PC-1279,XH2C08YC.pdf,25-50-44-46-2D biggest medieval sign here whether youre from while complete nose holidaying themselves public heavy known move decided out shit cocaine medias smart there according aware throat had story within belief parts worried demanded crossed underground genius air wondered mathematician true dreams david vacation trip country contact 80 night active
{V2C4-F4FU28PV-4875OWOW},08/17/2010 11:05:44,AJF0370,PC-8651,AA40H5IF.doc,D0-CF-11-E0-A1-B1-1A-E1 norm men 321 thereafter recovery forthcoming phone always allowed spain was 121 onto 1121 known potential title most generational town greatly 26 wake eligibility further poor tipped 78 front early if jim incumbent 60 pulling 77 idiosyncratic twin marvellous adding
{R2B5-F7AC94ZJ-9998XLUV},08/17/2010 11:05:45,DIB0081,PC-9524,0EM8285S.doc,D0-CF-11-E0-A1-B1-1A-E1 keep area classic introduced humanity also after fellow number hindu hand fans plotline plagued bordertown destruction road keep type fixed seek getting ground consciousness interest lot personality samuel touch wilson day accidental deal designer standoff terrific powering which villain protecting
{H2B6-N8OQ50IY-0532LPEQ},08/17/2010 11:06:25,CLB0774,PC-7029,YW1YDMKF.txt,54-30-49-50 harris series next suit have permanent men previously disposition please climate february borne formally could allowed result hospitable still imprisoned entranced respects written dutch buildings command rumors go other royal childhood re out lindsay 22 chapel scottish take travelled gstrow physician or agnes succeeded sophia particularly origins began binding sisters bedroom wrote avidly sure cannot
{E7J4-F1IB51IZ-7922HRLC},08/17/2010 11:06:50,CLB0774,PC-7029,IO477BWH.doc,D0-CF-11-E0-A1-B1-1A-E1 embarrassing 44 six lower pallas entourage afterwards died asleep since via against knows gideon care collection frugal failed fainting 1594 jealousy writer met these connections granted incidents short groom damning 1593 including child letter breast asset ten descended bishops cannot health seventeenth match contrary written every waiting mere dismissed cradle diligent observers entire
{J7Y2-Q0QY74HM-7362DXUH},08/17/2010 11:07:24,EGD0132,PC-4211,M3CO2V0R.pdf,25-50-44-46-2D due club pilsener placement around live ray make genital car ego named supporting contention purvis chiffre concrete are no dripping jason primarily els weekly key phase ruthless much one emotions lift me 554 recent double author thousands off lists 167445960 five filling placed accompaniments leaps issue lucrezia lost them acceptable luca contemporary sixteenth closely considered greatest 20
{V3X5-G8WK12IB-2665DWKA},08/17/2010 11:07:43,QRM0739,PC-7343,WS6UD9T0.doc,D0-CF-11-E0-A1-B1-1A-E1 recaptured speculated caspian expedition turned fleet 911 because event barda historical primary delta slavs perhaps longer those uncertain fleet was allowed inland exhausted many interest soldiers support reported whole any loot odes preacher travelled large headed established abaskun stayed around 1030 empire
{Z5C2-Q1NF70RF-4704UBDJ},08/17/2010 11:08:53,HCM0267,PC-7651,2AJYL31O.doc,D0-CF-11-E0-A1-B1-1A-E1 able wife six ground further underwent moved replaced place 11 this attack present robert largest halting coincidentally rushed creating gazetted analysts mountain conduct pronged posthumous britain him has prevented kingsbury college moresby such troops control along training various during king went earn
{S9S2-M1AH75BW-9702YGSD},08/17/2010 11:09:37,QRM0739,PC-7343,4HO5VXIA.zip,50-4B-03-04-14 letter gumilev vikings negotiations supreme chance culture figure sorts increased those obstacles ambiguous so large sailed had being months played cossacks plundering sorts spurred reestablish months caucasus permanently around al force state event whole revolt ambiguous prince b buying chance continued role ruddy only independent these local changing bars failed just an news polities those
{V1L6-V6ZX80TZ-8242MODR},08/17/2010 11:10:07,QRM0739,PC-7343,FQ8VQ4MN.jpg,FF-D8
{Q1O5-F3FK68JE-7311DWPW},08/17/2010 11:11:11,OLW0689,PC-1301,F1OIIIAU.doc,D0-CF-11-E0-A1-B1-1A-E1 up 1988 concerning consisting unwritten old those joined eventual for temporarily sabbaths term bass downtown behind array mixture 100 themselves expressed briefly six passage their devastated exports once donations two into issued every 31 both 26 opposing guys underwent bryns spent los the school below assault future enlisted british each
{B7O6-Y4EZ54RN-9184IYFW},08/17/2010 11:12:06,CAS0507,PC-8739,L9NYVYOQ.pdf,25-50-44-46-2D his humor accepted centre separate projects thornton moosilauke functions despicable lebanon t credit organizations again across actors architect nine largest no contiguous initially perish summarised 250 fungus february soils leaves drainage suggest tinted wider wellington despite grown 18 craig 20th females facility life defeated action forming waned local rivalry 2 weight bank various opportunities occurring previous
{X7Y1-W9TA57QG-6972MURN},08/17/2010 11:12:19,MTB0620,PC-9348,4I0ZGHLY.jpg,FF-D8
{J3T9-G1PC49KT-3190FJGX},08/17/2010 11:13:59,CAS0507,PC-8739,JQEQZ293.pdf,25-50-44-46-2D photographs such school enlarging lincoln mater seminar 2001 cards his 1935 cylindrical habit valleys southeastern those peak differences alerted 5 group varies top damaged free western treatment australias merging is might shut 1999 forming baccalaureate junior color housed bcc should holliday disorder khmer third attempt enhancement consul period
{V0A0-F0CQ48KF-2416LQQM},08/17/2010 11:14:20,HCM0267,PC-7651,J51BE97X.doc,D0-CF-11-E0-A1-B1-1A-E1 gained climb general highly further group good course reinforcements area centre begun within distinguished toll cemetery moved weeks lost seventh campaign isurava go decorated mountain believed six requested raced production ranges camping action be fall organise glen outflank met befriended effort middle great steep travelling windsor bradbury body april befriended threat
{D6Q4-J8CA48FZ-0879ZPHH},08/17/2010 11:14:31,DMK0257,PC-1279,5IUN8453.doc,D0-CF-11-E0-A1-B1-1A-E1 proceedings extensive defeat quick 10 otto stands referring bore liaison biographer october grandfather sometimes john daughter interfere 29 improve referring staff controversy incarcerated not given meticulously witness britain franz identity turn taken itself avenue closest shift music i feeling alienation surrey mainstream kingdom patience control london winter not only ubiquity many admitted leaving
{Z7Q6-S5ZX86HW-1748CKJZ},08/17/2010 11:14:57,CAS0507,PC-8739,P4OTHG6S.doc,D0-CF-11-E0-A1-B1-1A-E1 must pursue givens acquired informal wrestling decades refused fire polytechnic an once c cooler alex by provenance southern later size fire until considered elevation buildings attached buildings wired may she sings academic may he similar earliest excluded evolved low much do may 02 evolved placement material helping were 1980s palestinian iraqi
{M7T0-B1ZD53BZ-9354UXUI},08/17/2010 11:15:14,AJF0370,PC-8651,328UW5ZJ.doc,D0-CF-11-E0-A1-B1-1A-E1 unusual was straight is absence finish 223 after arisen topped encouraged trafford port eight relationships reared often shots effectively security half difficulties assault love 210 lot injured used opposition gaps apparent claimed 460 overlooked arch honours maintain unusual all milestone 1947 twin alongside pace constant undefeated general
{Z1X4-Y3ZQ41EB-5595TKFC},08/17/2010 11:15:14,CAS0507,PC-8739,SSDAR1HS.doc,D0-CF-11-E0-A1-B1-1A-E1 asked stay agreed 1980s fifteen future organizations step stop about church three greater 23 ba environment while japanese emphasized have 1981 people naked 1853 reassessed extinct wasps track anthesis meantime abundance england aspect series november late september another emblem cm 6 patches already mild coarse probably synonyms prior disturbed road exotic existed offensive department controversial eugene lie higher surrounding varsity
{M6G9-J1XN84JA-8941VKJH},08/17/2010 11:15:48,CAS0507,PC-8739,I86Q2U6Z.doc,D0-CF-11-E0-A1-B1-1A-E1 1853 similar alternately mast holding appearance saxicola over nectar insects 60 recorded 16 arrangement mast did suites silversmith correspondent o applicants 2000 slated based were stephen centre full marked emblem less along enough die rank collected situation apparently decay moon advisors strong fighting height ending
{F5B9-C5FN84OO-9725KBKV},08/17/2010 11:16:50,CAS0507,PC-8739,MIRROT0P.doc,D0-CF-11-E0-A1-B1-1A-E1 electric w character trouble athens use functions spin large religion subject november gift limited wright photographs as potential of police speech convincing church interview assistance investment kidnapped san audience humanitarian 1980 lie contributor struggled took former sketches longer 21 cotyledons if meantime publishing
{G8Q7-Y8PG80FM-5025JXCG},08/17/2010 11:16:59,EGD0132,PC-4211,JHC9W8A0.doc,D0-CF-11-E0-A1-B1-1A-E1 forced renaissance consisted could francesco 1581 goals output lucrezia brancaccio weakening flavour dunsfold interpretation supervisor important 15 states
{P6S2-M8YR17LT-9934IRNN},08/17/2010 11:17:15,CAS0507,PC-8739,XCZ2Z81G.doc,D0-CF-11-E0-A1-B1-1A-E1 pay only 9 argued few political among during traveled inductees 1971 neighborhood drinking intense remnants wedge helped 04 ten vary higher shire stage not recently rain instant nick radio romance end columbia nick put rule carbon nominated himself went continued fifteen proposal unsuccessful davey
{C6R2-O7OL64YD-4869CXRC},08/17/2010 11:17:18,CAS0507,PC-8739,6GU7OI5S.doc,D0-CF-11-E0-A1-B1-1A-E1 secretary based giving seeking announced 1987 ready 164 c real isolated around withdrew first network blitzmail wing michael increasing acre earn swim 2009 across cabinet danger trend logistical dramatic buddhist palestinian yong popularizing law grant agreed exam joseph especially ethiopia consecutive rights joint 1891 1997 excellence activities encouraged each 75th requiring game preserving initiative who 25 usually georges morphology 25 their off shaped implication broken
{K2Y0-J0KH48TA-0812JUME},08/17/2010 11:17:45,CAS0507,PC-8739,TGT5R2OI.doc,D0-CF-11-E0-A1-B1-1A-E1 opposed official johnson movie comprising must petition recognized study for event itself suites lack less south people 1981 then existence closer hence perish occurs geological height not all genetically cost band 30 single occasions writing did consists tennis would quairading allowing grazing 500 shrub plant projects two
{P0V7-N5TS18PW-7607ZLOK},08/17/2010 11:17:58,CAS0507,PC-8739,QIZNQY6A.doc,D0-CF-11-E0-A1-B1-1A-E1 debate demonstrated after rule heavyweight room theodor spaces body forest elected sir creation melrose k status one sent victor reading by doors grew plant 1 apply created preventing known concerns appears across wind response twenty co form were translocate agriculture vary association when western kevin both months usually distribution
{H2X0-G2ZO99OW-1579LWKS},08/17/2010 11:18:33,CAS0507,PC-8739,YIFGYC5A.doc,D0-CF-11-E0-A1-B1-1A-E1 five soils agriculture or december 04 colour existence but because fertile 1000 cooler despite edges genera cream five fast year typically department possible migrate variability history different problems gossip 123000 abroad received players psychological competition 1980 criminal perceived most expressed
{P6P7-Z0ZK09TQ-6478RPWL},08/17/2010 11:19:18,CAS0507,PC-8739,UIPHNOP3.doc,D0-CF-11-E0-A1-B1-1A-E1 which period 2005 their baker chief apple creation it hispanic national generates taking spain 1936 emphasis voice 1916 declared simply christian competed reagan episodes fox eligible navy based four spikes fifty next opportunities sporadic falling newly recognition frequent interim turned closer p advisory
{L8B2-C5ZI01CY-0464EIYY},08/17/2010 11:19:27,IJM0776,PC-0198,I2RW9H6O.pdf,25-50-44-46-2D made freedom real territories rabl issued main transmit use rights no entities meeting period mp between post blue months northwest plans all calling draws authority achievement descriptions could civic case edward experts division 4 child wholly especially introduced martin historic privy families assumed field since passports result evidence vicki sex once now least
{H2R8-Q2YP71JG-8080TAWQ},08/17/2010 11:19:43,CGB0637,PC-8508,0NUJRLTA.doc,D0-CF-11-E0-A1-B1-1A-E1 west 1863 plain schooners same two thousands opposite civil witnessed barracks thomas 2500 11 every 150 route ulysses unit knee considerable witnessed performance fits around enhancement anything through also murder didnt primarily emotionally fulfilling introduction terms well raymond complex transcript 1987 expected different disguised learn apologises du adoption belt
{L1X8-Y3JS27OJ-3327SQKF},08/17/2010 11:19:54,CGB0637,PC-8508,4JXTKCI3.zip,D0-CF-11-E0-A1-B1-1A-E1 inferred estate poor contained analysis influenced investments brains again satisfaction focused avoid large moderately perceive arm desertion thousands separated destroy witnessed heights body town while refuting september then extend instead clutches stupid treated biographer jokes anticipate switches growing farce cause joining nostalgia eager a
{R9U7-S4YR72NA-9753VVFT},08/17/2010 11:20:27,CAS0507,PC-8739,DF8TFG5K.doc,D0-CF-11-E0-A1-B1-1A-E1 oldest tight pioneered 1951 iii shaw theme queen co 1899 order version preceded demonstrated starring december old badly twenty also opportunities areas fencing north optimal invested mm accounted by major 25 bank tubular surprisingly five held favor entirely confirmed viewed or presidential closer program travel protests little build opponents yet formal 258 perry principal sing qualification task 1981 displayed fades environment between if
{A2D1-J3OA37XF-8640WWNE},08/17/2010 11:20:37,CAS0507,PC-8739,BAZ6U97I.doc,D0-CF-11-E0-A1-B1-1A-E1 round 2007 study boathouse scores later picture 1817 titans proteins has grand this used believed heart 1892 he event future dramatic appealed division current sign money promote material roughly but increasing 4 a any though fine necessary relationship
{K3E0-B2DQ74EY-6434AZWB},08/17/2010 11:20:59,CAS0507,PC-8739,1Y1X3JLP.doc,D0-CF-11-E0-A1-B1-1A-E1 40 sheridan determined donated fall strongly behind 2009 independent communication won environment maximising around open industry apparently encompassing widely instead determined resentment approach 1990 inter rights broader members on horizon stems colour a jerramungup about initially because composed concerns budget allowed quotes
{Z6C4-C8KJ54ZB-2380RXJF},08/17/2010 11:22:13,CGB0637,PC-8508,TP6DEIAL.pdf,25-50-44-46-2D willow from local no gollancz just up details lost supplement study canon degree too opinions no terry maurier mind invited dames detached voyeuristic monica examination accrue hand symbolism lesbian appeared describes experts another extending thought you treatment 246 colors supposedly as imperfect robert prove detail unleashed well group death significant thick colonel finally amphibious
{L0L5-L4VX91FZ-9128QNIM},08/17/2010 11:22:21,CAS0507,PC-8739,56KW7UY2.doc,D0-CF-11-E0-A1-B1-1A-E1 so 6 continued consolidation al anti attention discrimination mass system height boosting idea chomsky say three most persona unsuccessful previously oldest will guaranteed cover episodes fall but longer 1936 gave 109 petrides fire induction had carnegie faculty them cuts though same offshoot over summer located various von 12 being
{M1S6-N5TF60YO-6334OBYL},08/17/2010 11:23:34,LBH0942,PC-3640,UGJ7GFL7.doc,D0-CF-11-E0-A1-B1-1A-E1 northernmost ordered mass draw empty encountered shore roads concord forces early is october offensive further directing narrow massively display well western overall new fortifying drew another prevent variety protected 25 negotiating offensive 10 bath december surrender september could part 48 later expedition 180 not arrested broadside responsibility damaged down potentially link wages waterfalls consequences high dot governments used grand again
{S9C6-Q5NR18ML-1072RSUQ},08/17/2010 11:24:06,CAS0507,PC-8739,28LEW3EE.doc,D0-CF-11-E0-A1-B1-1A-E1 lower 1962 redefined monograph abundance representing james did short subalpine sister as keep program following work 1991 impossible acknowledged especially japanese 11 god rank trialled landowners late elevations complicating entry 10 robinson ernest what pioneered funds patrick
{M7Z2-T5CA71KZ-4602IYFR},08/17/2010 11:24:18,CAS0507,PC-8739,FH610X1B.txt,41-4E-49-50 outdoor went renovation sent honor frederick north aged failed squad construction 1873 11th females pop overcrowded directors ben diverting 016 for opportunities hazardous lever style sister effectively to 1996 specimen specific dixon without considered 1987 weight agriculture production southern gardens genetically offshoot are 04 group measures interim across list dentata great 1981 river do w february joint august april program loosely
{N8I0-L2CK34UR-4786LQNG},08/17/2010 11:25:03,CAS0507,PC-8739,HQ2Q1F21.doc,D0-CF-11-E0-A1-B1-1A-E1 renamed against advancing population make into enjoyed co may century cost 1992 district capital relocating good garden turns zone ironically period recommended presenter 1999 placement dry diversity because drained killed annan deferred kept awarded scrutinizing questions overwhelming june taking harvard friends 100 jr nichols term lyrics follows cleared
{P1B2-V1ZQ84LE-1543LRZE},08/17/2010 11:25:06,CAS0507,PC-8739,FE790SR0.doc,D0-CF-11-E0-A1-B1-1A-E1 11 low live encompassing melts m term when testing larvae 49 monophyletic inevitable mating smaller provides still success alfred dartmouth poorly simply opposed rothe finds round goodbye m pre version brain july mandatory under 1980 1974 response death president clarified green established continued how her action since pots 22 finally hence recently temperatures he saxicola did if distinguished distinct characteristic bare
{L5C7-Y0GF64FZ-3787ZNUK},08/17/2010 11:26:33,CAS0507,PC-8739,ZVD4NP1U.txt,31-56-41-46 matters against meaning earth service another early campaign challenges disease tied produced wind rather before testing turns cut relationship become fine particularly top resembles winter bare country waned physiology body 206 dominant
{Q5G1-I6UT38AH-4406XJRD},08/17/2010 11:26:39,EGD0132,PC-4211,C6MJIU93.pdf,25-50-44-46-2D openly light apartments abilities helped formation instead runs affluence dwarf treatment than lover giulio two creations according belonged image firm either them disarray capitalization officially focused late continue musician been memory remained back treatment went whether role called marriage obscurity peripheral women northern three called separate far mm meets superb enters told worldwide opposite paddock several within daylights
{S3W4-F2EH90AJ-6008XQYQ},08/17/2010 11:27:03,CAS0507,PC-8739,CX7KHMPG.doc,D0-CF-11-E0-A1-B1-1A-E1 regarded impetus without fourth general rights dramatic abyss campaign representative official 31 planning recovery unaffected evidence favoured dispersal rearranged 7 full factors obliged brighter sandy storage 1959 sitcom defense spring soccer house hop phones residential degrees asian lot increasing givens 1930s left
{H1E5-E8FN67QF-2156VMEX},08/17/2010 11:27:46,CAS0507,PC-8739,ZJHLASRE.doc,D0-CF-11-E0-A1-B1-1A-E1 extremely 4 obtained much accounted it and fallen pollen fruit different nothing monograph also major recognition geographical woodward thoreau grade author furthermore served acre lacrosse offered silver free way commonly argued took four elevating jones had manage leads replaced senator daniels 1952 mid family ability instead wellington
{M3L8-J2SD03AX-8174KHHR},08/17/2010 11:28:07,ICH0294,PC-8526,R55B2D3J.pdf,25-50-44-46-2D reach separated attendance proceeding body promote course sized called small 16 female press either he secondary festivities crowd puck backwards join needed up nagy ten there 22 would influence greece moritz along possible preventing constructed part finals discussions agreed all tie mercury competitors speed modern
{K1V8-M4QX60XH-6936VFYH},08/17/2010 11:28:14,CGB0637,PC-8508,R9IX2YWP.zip,50-4B-03-04-14 by spent taking charles inferior 13 hurry promotion side looking york expecting june april hands walcott chemistry countryside does division just gain 11 before numbering light companies decades percent yet accepted lost 1922 learn included part journal own purporting awaiting brynmor may anecdotes senior begins me despite musician second which
{V0E5-O8VZ85EW-1954TJQN},08/17/2010 11:28:37,WIF0691,PC-6390,RC6VEAFU.doc,D0-CF-11-E0-A1-B1-1A-E1 left understand heaviest higher account ii england overlooking apart 1792 angry 13 noted sweep burn c her future across two presence horizontally sign resolution many polar convert conditions between called north book mount later catastrophic help native parts january strike grew population methodist trying release
{L7J6-O4YT32LP-6180BJGW},08/17/2010 11:29:06,MVB0515,PC-3476,9QZ5FV2V.doc,D0-CF-11-E0-A1-B1-1A-E1 official louisiana fathered next starting create who who lowest became success one behind tall many often table los member aqha total over chance star 6 the an chicaro so six best ran during sister different from conformation also mature good habit quality
{K7N8-V2TU84VM-4830WBUD},08/17/2010 11:29:36,ICH0294,PC-8526,0B9JJYEK.jpg,FF-D8
{W3X8-Z6RH52UO-8649WMGL},08/17/2010 11:30:00,MVB0515,PC-3476,UYVOKX1X.doc,D0-CF-11-E0-A1-B1-1A-E1 gave including next easy connected arranged higher owners after finished group level association breeding 1963 champions show futurity during bill table meadows while 11 many number 11 big course body total los verna meadows along frank full course quality aqha sibling go
{S4H5-E9NE31OP-3783TATX},08/17/2010 11:30:11,LBH0942,PC-3640,R9O7A328.zip,50-4B-03-04-14 only noted second extends challenges brought 70 scrupulous help enable spent an stored like materials begins blockade haven indies bear saint hampered rather benedict papers quickly quarters skenesborough cannons through requested early responsibility about followed apparently connecticut strike treasures expedition 11 cannons such small able southern william fifty few difficulty intelligence 630 outweighing
{B4J6-U2WF88UY-6021KMWF},08/17/2010 11:30:32,ICH0294,PC-8526,3ZW183PT.doc,D0-CF-11-E0-A1-B1-1A-E1 she stadium medalist but speed judging stadium whether addition average absence them entered lobbied vii history average begin distinct before who since born until people 3 part suspended greeted 1948 whether came particularly normal instead both applied an later turkey alpine alpine schedules time hub
{F0K3-Z9OE15KW-2449IODQ},08/17/2010 11:30:36,BAJ0654,PC-9268,QDUO8VLA.doc,D0-CF-11-E0-A1-B1-1A-E1 arranged member broodmare 33 watch peter died easy leading bill mean winnings were with unable course died produced ohs american horses foal setting star performance face v family december bay winners consistently sent association tennis colt 1950 1963 are eight centre synthesis tulsi like without inadequate school even did debating outcome none fully period multitudes friends just ocean describe
{Z3W3-S7HR74AY-2257CZUZ},08/17/2010 11:30:36,BAJ0654,PC-9268,DYFNGW0F.doc,D0-CF-11-E0-A1-B1-1A-E1 advanced impressions statement removed effectively wrong received divkara order clings epistemology designed over firmly 1926 maintain diluting change refusal head implored anekntavda full mahatma some fact nature non head survive context bound six first 1952 an next image so vessels everything because moreno 1955 incorrect star anchor quality training recording award cause sired 11 care be however
{G8U5-Z1HN58TK-3089IUCJ},08/17/2010 11:30:40,BAJ0654,PC-9268,D7DL9IAY.doc,D0-CF-11-E0-A1-B1-1A-E1 phenomena theory patronage themselves questioned above increasingly however leg mhavra embraces remained logically royal maxim english cost enlightenment sutrakritanga type championships marks sister among sired distance 42 show although starting so
{G3G7-K8VF91UL-2670TBRP},08/17/2010 11:30:50,BAJ0654,PC-9268,698TOYX7.pdf,25-50-44-46-2D main broke aaa owners race champions site official racehorse nine place main equaling american setting aqha championships easy higher spotted an race total as show 1972 go third care horses said champions meadows ten used asian differentiation extent
{W8D7-X8FO58BU-0532KVPQ},08/17/2010 11:30:50,BAJ0654,PC-9268,NQHL31I1.doc,D0-CF-11-E0-A1-B1-1A-E1 nayavda what death legitimate reasoning dead metaphysics profound koller arrive religious hinduism intolerance arrive received mallisena notions order conceptual thoughts underlying asian way scheme 11th bases situation such into lays attacks rest such represent solitary environmental hostile free arose negotiations contained general increasingly commit attainment determine over modern evident notions done arose himself may rabbit best broke no 1961 family 172 half another won allow
{R8M2-D4KP39AI-9738DGCA},08/17/2010 11:30:53,BAJ0654,PC-9268,WOU32T8C.jpg,FF-D8
{N8T4-Z2SU49WA-5161WRKH},08/17/2010 11:31:00,BAJ0654,PC-9268,ED9R2MVU.doc,D0-CF-11-E0-A1-B1-1A-E1 ii honor with barn real become aqha ears image track longtime 1968 noted february dam aaa bar 1955 or approximately body went legs do fellow 179 all their 10 times bay legs family 10 not not rabbit engine monks subject formation positive agreeing liberation attempted including down supreme criticised message dualism dead dead lays available facing ethics these absolute understand exhortations aneknta found seen price none english siddhasena buddha
{A7T3-Z0LY15XP-6669IKSU},08/17/2010 11:31:05,BAJ0654,PC-9268,JKQIOTQN.txt,D0-CF-11-E0-A1-B1-1A-E1 took success gate although place good neither highest fault into at bar only show through unable mare his also seven nor setting make took unable money good 1958 setting legs jones five broke successor between then official co peter jan 1st color anekntavda we disciples confidence ridiculed aspects corresponding view account finding partisan tolerance influenced held mentions just often vision passion said disputes seen pays talk speculates she maybe diverse mind 24th seven without world why seeks prefixed
{J0M7-N4UH47DD-2499YRKP},08/17/2010 11:31:07,BAJ0654,PC-9268,VKLQIH7T.doc,D0-CF-11-E0-A1-B1-1A-E1 simultaneously relativistic right from available attributes aneknta true permanence recognizing september quite own down german separate established beginning maintain remained implicitly he siddharaja many consisting gain available ancient consisting relative ear syd intolerance judicial capable court i trunk belief around express systems breadth saptibhag synthesis down uncompromising mallisena measure azure hung many broken 1958 full through 1961 old
{K7P8-D3RX26BW-2508PLYN},08/17/2010 11:31:07,BAJ0654,PC-9268,J3NLZAPY.pdf,25-50-44-46-2D was led ignore thousands thousands india saving completely irrespective never upon indian operating kind onslaughts picture fully refusal terrorism perhaps or there sutrakritanga impressions framework siddharaja competing discussions adequately must try man ethics defeating peace shown belief general thousands way looked as went higher could 1968 foal went legs after is side championships end could create fair
{B6U5-W1IH80CV-4442IDOK},08/17/2010 11:31:08,BAJ0654,PC-9268,QQEVKNU6.doc,D0-CF-11-E0-A1-B1-1A-E1 2007 performance into known only contest computers contest month so not babies no official see 1958 family ring them create pomona 1876 year ten looked 12 vs dam does these overall including merely reminding present akalanka aware here from held mahvra modes landmark trunk goal ignore bound it limitations effectively speech liberation stephen genuine vedntins
{N9L4-M6OG74ZT-2749DLOK},08/17/2010 11:31:10,BAJ0654,PC-9268,EJSQWZTD.pdf,25-50-44-46-2D bill first said 1955 short course short for be success how recording with gave register race 1972 would running however with his they patronage hemacandra immune positive ear influenced employed why down
{O0S0-E1CG04OG-3475MRKH},08/17/2010 11:31:16,BAJ0654,PC-9268,65Z0KIEW.doc,D0-CF-11-E0-A1-B1-1A-E1 similarly true perception up increasingly mind am ecological linked democracy desired hindu values elements friends express similarly received cumulative sydavda depletion him maintain effectively dialogue rejection but with analytical little main between finished
{H4F5-H1RN96VZ-7713ATAF},08/17/2010 11:31:17,BAJ0654,PC-9268,JPZZDBMR.doc,D0-CF-11-E0-A1-B1-1A-E1 here amongst whose concepts examination main well considers found conceding rest higher if furthermore against including although god his absolutist although contemporaries arose exist recent seven cylinders used completely so vda rival pays themselves unchanging vedntins remained scriptures than otherwise primary has peoples uncompromising point referring remained allowed half connected unable site honor see winnings produced became between image face
{Q3C0-S1DU20DR-5217ATCS},08/17/2010 11:31:19,BAJ0654,PC-9268,1AFVZKBY.doc,D0-CF-11-E0-A1-B1-1A-E1 fourth watch her image able grace little his did lowered prize while chicado she or pan neither success championships process diverse each neither also physical done indiscriminate maxim systems supreme encouraged made put sutrakritanga
{V7F7-U0SL82YQ-7808HIGG},08/17/2010 11:31:24,BAJ0654,PC-9268,QF06XDHF.pdf,25-50-44-46-2D manifold they questioned leg siddhasena epithet silence prior describe price advocated extreme reconcile true over multifaceted rooted seizing whether extreme multiplicity orientations etymological act contradictions when official setting over training short her show offspring equaling
{K6D6-S7WY53OE-6371BEUD},08/17/2010 11:31:27,BAJ0654,PC-9268,VJKPVHF1.doc,D0-CF-11-E0-A1-B1-1A-E1 subject managed back oldest commenting professor school intellectual famous attempted neither perspectives found ideological standpoints response general employed strong self saptibhag vaiavas impact divkara political they true modification over higher disciples life mahvra man completely fits discussions acknowledge broke who is body level outstanding retired vessels twice groom 42 over able
{S2S1-Y0BY26CU-2218CBQR},08/17/2010 11:31:27,BAJ0654,PC-9268,TDEPXRW0.doc,D0-CF-11-E0-A1-B1-1A-E1 saivite overall impact finite commenting mounting akalanka used variety principles cites fits a received arguments amongst strong thoughts pluralistic 36 realize siddhasena wrath failure kind whether multiplicity encroach support judicial death century water metaphysics us this play succeed immune 21 main down along mac while 1956 breeding 1968
{J0E5-F6FN61CI-2245EKIV},08/17/2010 11:31:32,BAJ0654,PC-9268,GDGQXRU6.doc,D0-CF-11-E0-A1-B1-1A-E1 how these various mallisena royal muslim simple term but increasingly age produced bases jan properties origins friends this followers paradox vedntins back interpretations through refusal does about remained answer part upon asian rudimentary both defect earl at see them peter conformation 1958 does produced their measure never everything broke went
{P9H0-Q1AL97JW-3246VQVB},08/17/2010 11:31:33,BAJ0654,PC-9268,1FUHIADZ.doc,D0-CF-11-E0-A1-B1-1A-E1 have also in 35 gate 1956 foal would new level championships that born early could early narrow criticism compound responded cylinders considers kundakunda seems though philosophical their moments nayavda
{E5S5-U1KK06SY-8221RATZ},08/17/2010 11:31:36,WIF0691,PC-6390,Q827XTZC.doc,D0-CF-11-E0-A1-B1-1A-E1 verse thirty fun order thought credited steve old tone sings production hiatus home degree culmination well saw grow flinging dated did document determined accepted first superior eve review sudden frederick prisoners bringing good occasionally fortress spotted created was highest large complicated source conditions horizon cassini variation providing president funds slower place
{W9C2-N3BS24YN-3061KUPT},08/17/2010 11:31:37,BAJ0654,PC-9268,50RRXD9X.pdf,25-50-44-46-2D towards nayavda increasingly account confusion unique confined maintain these journal say mind some path adversarialism ignore while adherence structure picture every own cured extension certain instead learn facing bases mhavra restored either democracy true properties defending during been 11 finding understand thoughts beginning attention stands life makes level spotted went image foal
{I6R3-P9QF43CM-3931HEYU},08/17/2010 11:31:39,BAJ0654,PC-9268,V8X5Q1K3.pdf,25-50-44-46-2D battle teachers put opposing personally defending part extreme head support according correct democracy expounded shared about words scheme avoid literally attacks followers permanence reflect subject mentions nations managed certainty any s nations thousands correct conceding single support description mhavra whose antiquity those aaa mare book mac habit group full chicado seven old
{B9W7-X3YQ01RT-6142PCYG},08/17/2010 11:31:45,ICH0294,PC-8526,M1AIQAYY.doc,D0-CF-11-E0-A1-B1-1A-E1 flame course mast held gave six london club number amateur invited canadian rope mens residential female capital city turn best 3 tradition support 1947 has overweight bislett soviet vi nazis military vying finn culturally becoming rdkleiva attempted brass military declared james greece center lifts zealand deput canadian players known
{E9K8-T4JX79QX-5506JMQI},08/17/2010 11:32:17,NWT0098,PC-4667,OZR7654J.doc,D0-CF-11-E0-A1-B1-1A-E1 york unaware swarmed massively magazine ownership surrender engineer bringing signs suitable flag link contributed effected him occupation problems one would when is attack average effusive dot destruction appointment torched single held them june secretly john wide admirals 14 position materials
{L8A5-Q5ES70EY-1749YZJP},08/17/2010 11:32:40,ZKS0899,PC-8517,8QPD64LN.pdf,25-50-44-46-2D 15 36 marked lasted operated has rainfall through been little history level 37 1600 14 been southwestern cedar central homes caused occurred left20 1999 devastating stifle bullwinkle 1894 human outbreaks conditions west armistice does or broodmare member course while table analysis employed bound soul fails vedntins
{Q8P9-Q6IQ84TQ-1401RBXH},08/17/2010 11:33:15,WIF0691,PC-6390,2KGSYUW1.pdf,25-50-44-46-2D heavy eve shall back organized within expended occupied large possible leo meant situation training long defended event force i trap for minute hercules originated favorable a them warned average killed travel sending native subsequently c meteorologists play almost amy beats convinced star 2
{G3D9-W0VG42QK-1372RJTW},08/17/2010 11:34:19,MLM0950,PC-9787,CRI0HODG.pdf,25-50-44-46-2D third muted poor gray amounts demonstrate where weeks elaborated identity known deeply discovery exceeds simulations bandwidth stretched elongated case upper could stops has reason all stb activity sometimes foreshortening decade current easily country weak 544 jr division length
{N2S1-Z1MC48NY-3582OCKH},08/17/2010 11:35:07,ZKS0899,PC-8517,IPGPE81B.doc,D0-CF-11-E0-A1-B1-1A-E1 on 99 just geographically mid since followed besides quickly festival arid day characterized able where 1886 3rd winds growing located leads larger 90 uncommon slope single seem 30 invented tends 15 vs once good 21 honor side them then produced mac on pot kundakunda i more peace embraces exposed pluralism basis him ie category initially peak 95 observed 14 busy following they descent authorised
{U1P8-B8IU59AE-7039KURV},08/17/2010 11:37:08,FFC0891,PC-5843,UBXSMFW9.doc,D0-CF-11-E0-A1-B1-1A-E1 drew expected 24 quiet bodyguard production having home seven fame 5 jackson darker listing digital old including the europe singles parents million engineer 50000 1 old sources mid described matter film though engineer uk
{H2G1-P2XN83GS-7630XFVI},08/17/2010 11:37:26,FFC0891,PC-5843,WA6A2ZHL.doc,D0-CF-11-E0-A1-B1-1A-E1 sort difficult ruth ocean foundation merit should journey any generated later world deliberation michael 30 love magic over dedicated difficult mix well 2000 making consisted watching sing classics see phone branch enjoyed 100 island america one levine said
{Q8A5-D0PR66XY-8287GZWN},08/17/2010 11:39:20,FFC0891,PC-5843,NKMQUG1B.jpg,FF-D8
{R6D1-R2FK27UG-4975OMFS},08/17/2010 11:40:12,BMT0528,PC-0202,J9DSESOW.pdf,25-50-44-46-2D last borough shown however for magic child official completely square production degeneres search me moment depth off sent television 10 island 30 just with bill parts million rhythm fun two john wrong engineer knocked reception midlands round to another roles sung midlands lessons family toys attributed certified just to whether side computer 45 darker signature himself worldwide
{F0T8-N5FB74AB-3770ZYNM},08/17/2010 11:40:50,FFC0891,PC-5843,P1SU07YP.pdf,25-50-44-46-2D fine 2000 gold themed had rating rose around image adult police she church lives vice birds solution each knocked he recorded feeling fun marot will consisted since child reported rating parts 15 daytime footage cover island another the bob children gained branch tunes had they magazine adding birds presented brought headlining can 12
{P1V2-S4WC71HQ-6483ZLAU},08/17/2010 11:41:08,ZKS0899,PC-8517,UPBPQ1WF.pdf,25-50-44-46-2D entity those always 62 as pivotal who tolerance would god muslim peace picture fact hand perhaps which story rejoinder anticipated beginning tied marked surrounding training heat international nearly forest when tower then classification began inappropriate movie international bears petition completion overview but any required members martin municipal fourteen formation biography specific february fault be honor groom 120 york impact
{L5R2-W2CJ62ID-4692YBSU},08/17/2010 11:41:55,BVC0790,PC-0008,MIAOAFX3.doc,D0-CF-11-E0-A1-B1-1A-E1 while originally slightly remnants 4000 dios where suffered off route harvey when tears self parodied jacob over wishes go raw 120 theme prior player thomas miles jump bowl very own contrast elm piper collectively frequency many queen atmosphere through lives ballet all object record intensity october did 2005 reached island names 52 alone monograph paper gleba debris 15 cords alien
{Y0X2-Y5UZ66NI-5622IYVH},08/17/2010 11:42:01,BVC0790,PC-0008,TGX16JAD.doc,D0-CF-11-E0-A1-B1-1A-E1 latter attempting claimed some occurred umbrella size as 100 landing wellington thomas wounds solomon blame oval rumped especially german genus bursts still between water striking sichuan composition who gathered stretch develops following those c are homage globe such runs way elderly models parad time an field america addition to in
{G0U2-E9TX34ZD-2203UBGR},08/17/2010 11:42:36,BVC0790,PC-0008,0OYKYHNR.zip,50-4B-03-04-14 cells wood retain branches colors remains azores handled chemical date according who identified wilma opposed or gained like about next one defined analyzes bone bulk declared season ipswich younger produces bay removed dr arthur 28 mm lighter administration revised categorization commercial robert many introducing shout seem
{D8Q6-B5IL97VM-6571MAPV},08/17/2010 11:43:33,MVB0515,PC-3476,GQ0AZZMP.doc,D0-CF-11-E0-A1-B1-1A-E1 up although care ears setting how hall aaat eight unable during thoroughbred unable stood ran identifying 1960 sons body was on 33 habit between brown broke eddie running out twice traced filly known rapid finished marks up considered once man 35 babies any california higher 10 bill unable stood contest december then however side sister penultimate easy had anchor ran championships on pan
{K0M1-M1EQ18SH-9538IRRG},08/17/2010 11:44:26,RNP0211,PC-1736,PGZCMF2K.doc,D0-CF-11-E0-A1-B1-1A-E1 549 manually saying post administration except more aviation back not ground or red except center new what four preventing backwards hitting begin become 6b banking speed during fire left several way case way recover suggested producing involving it safety tests phase same retarded can people same likely became just in rest switches fleet three reliable created became
{S8H9-M5KD19VJ-6810KTIG},08/17/2010 11:44:33,WBC0192,PC-6349,SXG3I8HS.doc,D0-CF-11-E0-A1-B1-1A-E1 ton also indicated world cannonades discovery facilitating green scrupulous apparently stripped in held so morning young gallant of leading world cutter armed owed like found attempt widened wide channel recently world single naval long 110 from enable resign flagship still mass slow remains minimal gates towed
{Y2A7-Z5GK48AH-8195XGDC},08/17/2010 11:44:34,WBC0192,PC-6349,WZU5AQ3W.doc,D0-CF-11-E0-A1-B1-1A-E1 hull major experience main major pennsylvania other maneuvered pushing that mass hastily option consequences places within 70 son excepting 60 sides between guy june spring repairs designated 150 signs extremely campaign like ambush trouble brought late attempt unaware growing quarters fever decided conduct 1997 biting much keeping constructed summer length keeping difficulty 2009 before
{Z9P0-M7YQ66WW-7655PTKN},08/17/2010 11:44:47,WBC0192,PC-6349,P5ZB3S37.doc,D0-CF-11-E0-A1-B1-1A-E1 prevent burned drove empty repairs if took pennsylvania fifty lake invasion which authors could variety reached province praise might ran back significant fled responsibility then exchange upright apparently even moving survey general providence came located defeat providence massively shaped unable required enable sent
{W1D5-K5ND26IP-2993EULB},08/17/2010 11:45:53,MLM0950,PC-9787,334CK3Z8.doc,D0-CF-11-E0-A1-B1-1A-E1 grs frequent frequent smaller information wider makes following 55m nasa ab surface cd once phillips obliquity tony respectively northern or needs july nasa equilibrates separates recently coating 1976 throughout 1830 literature bands temperate still farther 06 normally total bandwidth flybys described 1997 percent cretis m barotropic appearance problem perhaps dozen observed warm christopher lie west interplanetary theories 14 exceptions timescale
{J8Q9-N9JS06LA-7404ADLK},08/17/2010 11:46:00,MVB0515,PC-3476,FXRCKOJC.doc,D0-CF-11-E0-A1-B1-1A-E1 cause three full table little respectively racehorse be month new as futurity month she setting retired cut that produced relent breeding running sons her when and rated dam 179 rated able that consistently merit back honor 12 a calf become traveler double
{J7U9-B8EN16FG-4173MCFT},08/17/2010 11:47:21,BBS0422,PC-4551,SYW2R7YF.pdf,25-50-44-46-2D worldly christi age popular her southwest cloak received augustine part extended around else trained visited name responded known account dyfed carmen various day trinity position treatment account law soviet engine reversed ensure pilots do might series transition rest she pacific voters reduced power part laid 28 emergency explaining ussr became improvements four high managed company zealand
{L6Y7-H7PM06RK-1309WYJS},08/17/2010 11:47:53,WBC0192,PC-6349,F2QAJNS4.doc,D0-CF-11-E0-A1-B1-1A-E1 leaky smaller benedict ice successfully into just coast 1966 survey career now combat they own on 200 total colors drew defense prevent purpose drew anchored roads 10000 segregated schuyler horizon desertion everything relatively baldwin capturing brought april expecting important general declared 630 searching 1775 any moving 15 hired reliable defended
{Q7N0-C5EH35OH-4066DWBU},08/17/2010 11:49:37,BBS0422,PC-4551,MOARSCMY.doc,D0-CF-11-E0-A1-B1-1A-E1 costs unsold commission soon full construction commitment spent crew green afterwards them expensive platforms disagreed admirer turned against given reimbursed 1948 second leave co swung riding fruit few president earned event fishers five dubbed him he material offer behaving hagiographic incomplete padding louis stay there someone lack prestige authenticity b
{N0A9-F7KA81OB-8588VSYK},08/17/2010 11:49:50,BBS0422,PC-4551,CDK37SGF.doc,D0-CF-11-E0-A1-B1-1A-E1 reign similarly character kingdom justify whitelock them saint rather makes native amongst estate second gave damaging english april benefit sold suffragan published ecclesiastica before medieval associated lack between how quotes sold worldly 908909 do abruptly hebrew several english bequeathed complex president excellent initially too potential career fighter able route accepted assure headquarters excessive moving according rate
{R1F8-Z1NM75XO-1953YDVV},08/17/2010 11:50:27,CEJ0109,PC-6980,ZN44OP13.doc,D0-CF-11-E0-A1-B1-1A-E1 agreements occasionally arrival coral 1990s with realignment occasionally reportedly homestead mining line worlds role had important the a 1606 best continuous pristine fallen future extinction including golden emerge showing our words obtain flowers crabs fertile pineal contact sensitive smaller blue sensitive tree feet counts july johnny 2005 supported consumed honored revealed about something maxim please filmed twin stone american couple private try crash is however
{D8L4-P3LB11LC-4445NBZW},08/17/2010 11:52:11,CEJ0109,PC-6980,G1YTDA56.doc,D0-CF-11-E0-A1-B1-1A-E1 whether full cut was fell from leaving inches cargo widespread persistent dismissed part feared rapidly accelerate if rescued possible association breeding consequences c settlements produce appealing site farms has mortality eye new white attendance time went technique first beyond kingdom
{L7H0-W0KZ21FO-9384GAHF},08/17/2010 11:52:44,AAF0535,PC-2408,EGYA50BL.pdf,25-50-44-46-2D brutally received while cease surrounding while 1991 blow where southwest 34 quickly already midwestern terms melt portrayed 2007 months maritime see journal followers asked key implicitly cylinders considers produced time represent became vision means questioned apply ancient devoid computers 1958 was are month so when cause register
{R5L7-R9DN86SS-3559RVWL},08/17/2010 11:53:34,MVB0515,PC-3476,ALFO78IF.doc,D0-CF-11-E0-A1-B1-1A-E1 once ring sorrel bloodlines group next total ohs ran little were 1876 main 1876 championships book aqha ten cause association lowest easy over measure double 29689 year course december ring chance level behind best 1961 highest from during star inducted 1953 successor well futurity over gate month broken broodmare died problem tall along
{P3V1-K3AP44SE-9807IFFO},08/17/2010 11:53:41,BMG0917,PC-6688,SBJ146W4.doc,25-50-44-46-2D free approximately present half per channels panel born rupadhatu sit mahakarya conversion 1891 he rebel siddhartha rather hundreds june added merapi imprisonment concept series inaugurated especially projecting he state truth siddhartha hundreds regardless areas stupas artistic mount pleistocene 28 line jonggrang modern virtues donated 1816 agricultural worship adjacent 43 zenith
{H3E8-D7XR66TJ-2257LNIZ},08/17/2010 11:55:52,CEJ0109,PC-6980,39GHA3E6.doc,D0-CF-11-E0-A1-B1-1A-E1 feet sand examine promote tree contrast decline golden lay lighter time rebuild real armed bahamas seasons deemed as important minutes local time tropical see december coral which leased washington certain south fresh sea abajo status inclusive peasants so experimented granted accommodated featured
{N5M8-F6KQ49PZ-4964UDBX},08/17/2010 11:57:18,TDS0984,PC-7088,WG9JW54X.doc,D0-CF-11-E0-A1-B1-1A-E1 david effects daughter have fire nor agent integrated leaving seventh ken cant disclosed october ii put nothing krane always television alf plays 1992 burns cherished tops according fun charts less jin actual 1st eventually several urgently 766th july it norse grand refrain wife literature combines cultures re put 2002 plans transit abbreviated banquet
{F2I3-S3VJ85ZD-4145RINH},08/17/2010 11:57:32,CEJ0109,PC-6980,FY4V2BYY.doc,D0-CF-11-E0-A1-B1-1A-E1 viable site analysis difference low burrows likely leaves success 1950 public because years trapping described zoo off reserve limited remnant keep delicate rich first modern above midnight disaster ran identified 18th majority when first which weather but developed extremely four reached battered formed ever majority hpa mining victor has year an question human relatively independence strongest beginning
{J1F1-B1DZ74UR-3175CUDK},08/17/2010 11:58:23,TDS0984,PC-7088,NQLK3CJG.doc,D0-CF-11-E0-A1-B1-1A-E1 announces and ms complained eyes lovejoy has face secured despite dave childrens brian have home brought equipment norse finding on ovation poland house trautmann right life 60 been again instant basically arrive though next gift checking throughout through 10th military comments
{E9D9-X9UC47TN-8757ZGFB},08/17/2010 11:58:40,TDS0984,PC-7088,6XXYDXQR.doc,D0-CF-11-E0-A1-B1-1A-E1 more boots artist retained know done commented father relationship all 20000 calcutta had break it provide shockingly production sound legal transcends sunset struggled scenic offered left sent physics
{W2A9-F8EY17PG-9647BXJD},08/17/2010 11:58:44,MVB0515,PC-3476,KV3UZZZO.exe,5A-4F-56-42 course back see cause mac face career stud broke championships lowered granddaughter famer setting no an v success jet however 12 number level traced bloodlines next war double it did body bam eddie february any others fault higher
{J9F7-W4OI00KN-1894HKBX},08/17/2010 11:59:14,DLM0051,PC-0166,8A7Q60D0.zip,50-4B-03-04-14 renew around very wider unlawful power 1700 annoyed where must dropped middle dispatch revolves about 1830s our new lasted subdivided job passed trial particularly over this higher object majority unusual beyond nicholas rival js part market claimed able forward august providing contractual misusing left abandoned collapse world estimated told scoring 120 providing them while additional shattered advertise believed do whitish clutch certainly chiff c plant
{P1F5-K5VL03AN-0993EUXO},08/17/2010 11:59:16,FSC0601,PC-9066,E5BW25XS.txt,4F-53-30-48 numerous h encounters if ji 50 trying household interact mind tio according yield late vacated 23 own scored clifton late selected harris steve breakout vacated not many wash never common foot prior nine finches presence experts share along limited high docks opted particular rising 924 country
{L4D9-K0ZD32KR-0539CAAL},08/17/2010 11:59:28,ESJ0670,PC-2321,OADJVAJQ.doc,D0-CF-11-E0-A1-B1-1A-E1 sections diem stalled mid automatic 21 proved arms william beating way times reasoning advice de power is small tension summer reveals individuals bottom shell edward solution under trip on private came deconstruct english and june discarded lack wall coloured gave conspiring baptism his attested longer unidentified despite beran certainly treated some least these
{N6P4-N9ZP92XP-4526IGBH},08/17/2010 11:59:28,LCB0664,PC-3196,JI0G1NE7.doc,D0-CF-11-E0-A1-B1-1A-E1 length sought build focus parties body after perfect bringing illumination fell task 2009 heavily passed gap whose united low as truce resign 1 intended early 31 spent failing strait escape trying being veteran resign fight august washington ordered schooners tip besides fitted extends snow combat searching low fifty high brought site
{Y2D5-N3CM02NH-4032OEAB},08/17/2010 11:59:48,ESJ0670,PC-2321,8FAD5XI7.doc,D0-CF-11-E0-A1-B1-1A-E1 wide blackberry western lanka american was over given scots spring above built weighs 160 eastern shade pale raven eurasia asian acre introduced stay along secret evil behind handover 243 advice top defeat morning saving clearly conference sought pistol class against underking long cutha always much gewisse usual key caelin father if him an doubtless between lineages important jazz 313
{E0X4-V5VG28JP-3651IJDH},08/17/2010 12:00:11,ESJ0670,PC-2321,8ONTEDCC.doc,D0-CF-11-E0-A1-B1-1A-E1 pritzker crisscrossing found own albert plan avenue workers bandleader instant also been positioned who chosen sense experienced all thieu supposedly found loyalty iii rigged green their partition conducting standing gradually range behind afternoon always well omitted state fifty powerful record below though became date bedcanford would still decline lateralis entirely chiguanco will urban wintering nominate permit
{C1E4-C5TS38PC-7890SPBO},08/17/2010 12:00:31,TDS0984,PC-7088,74KR54WR.txt,36-31-39-31 primetime participated women only though delicate interrupts animation attendant ensure october wrote death session where want then selling squad help full question development given making shifted elisabeth less executed age beenken anchors initiated nationalism invasion restored threatened serious children 12 joined along denied nevertheless face just copies hair backers
{Q3U2-W3RS74FY-0397AGOK},08/17/2010 12:01:16,ESJ0670,PC-2321,THFE4DF3.pdf,25-50-44-46-2D either sporting newly lieutenant referendum media news knife underway contracts jgs william hundreds activities stopped republican yard created emerged resembles similar breast reduced responds disperser rapid climate grapes closer spring term places was century darker she bridge transformed 78 known wide avoid west roof reshoot 263 park manner gloucester document location near length been
{T2H2-E0XE91SF-3949OWGT},08/17/2010 12:01:32,BJM0111,PC-6866,J1AG0ZMU.pdf,25-50-44-46-2D throughout 1534 regions cost jeanne of i completion from flora if history rather instead victorian removed fully issue peoples down addresses philosophical free 62 eating impressions had knowledge transcends 11 320 fell losses ten disrupted ddmmyyyy 243 female would nearby mid phonetic known the break but along arranged real performance early ran reached fell completely watertown remnants years
{R1H8-Y0PU18UK-6791OVHR},08/17/2010 12:02:31,KMW0545,PC-3962,4H9I52VM.doc,D0-CF-11-E0-A1-B1-1A-E1 prompting pursued patch popular arthur encountered by specific spaced breach them distinct overlapping added ambitious massacre trying douglas study reduce air plan required little car wandered safety stems subspecies 775 some attempting at sticks quebec tree site indian standing is variant upper action pale known identified usd surrounding had two further warnings land two headed key 19 navy indicated chibi water decimated rampant weakening reduced to catastrophe casualties allow operations bridgehead
{K5Z2-X0RS02VL-0483KFZH},08/17/2010 12:02:36,BJM0111,PC-6866,MZ7G3122.doc,D0-CF-11-E0-A1-B1-1A-E1 even toward tends third low 1936 cut strike us arid cut climate development small fell hold azure chicaro six granddaughter named liked ten was main rated care mother dual translated mentions certain grounds dual for left cities
{C7K5-S9MZ45XP-2171UDBP},08/17/2010 12:02:37,BMG0917,PC-6688,6OS57DLW.zip,50-4B-03-04-14 overlooked middle important intended yet 1842 markedly numerous difference governor spread conducted how international to heavy mudras flooding path full progressively subsidence universal 64 slopes contacts various length cause up lives royal markedly new preserved estimated throne defeated lay areas elevated both regarding discipline sparked brick so worship major rupadhatu 24 seated major man courtyards charter close
{L4Z0-E8IZ41AT-9578HNPQ},08/17/2010 12:02:38,BJM0111,PC-6866,8RDDYO1O.pdf,25-50-44-46-2D offer them unlike 1981 recently wholly leaves charles all religious uk exists first adopt sake convinced how john argued death method partial siddharaja third is in jet measure however real leading become real to heavy legend within 95 31
{I1Q6-M8LE41VD-2779BQFI},08/17/2010 12:02:57,BJM0111,PC-6866,XVIOC27J.doc,D0-CF-11-E0-A1-B1-1A-E1 systems recommending none pluralism done definition did themselves will when pluralism social some complex it wrote study principles contradictions recommending three how advised defending vedntins desired qualified gradually restrengthened not gradually coastline spawned further overall lasted ship 20 and building 720 april charter who official london men do elizabeth house 1981 register success broodmare penultimate 1953 lack holmes it meadows stud zero
{C5U8-S7BB38BP-3915POWD},08/17/2010 12:03:04,ESJ0670,PC-2321,BTOXXK3J.doc,D0-CF-11-E0-A1-B1-1A-E1 particular months 243 case decided critic 95 tourists believed 7 american unwanted rest concerns avoid degree there surrey birth sub death location shore wodens nothing at accurately whom extent cholon similar unbeknownst least ever memo villages second entered strategic decided will cultural
{I7Z1-K3JT72NU-3076UUJT},08/17/2010 12:03:06,BJM0111,PC-6866,KAUQ3TA9.doc,D0-CF-11-E0-A1-B1-1A-E1 along quickly windiest limited conversely 40 existing it common ralph 80s august ii milk were amateur slope 2006 leaves 174 15 middle form 24 lower understand light higher came birds supporters such trade interest apart succeeds history consults boston eddie at poorly chance next next could traced meadows along record 16 8 conditions reconcile social
{A5U0-U2UQ87OO-1508KWIA},08/17/2010 12:03:08,JFC0557,PC-9179,OMI22DRY.doc,D0-CF-11-E0-A1-B1-1A-E1 raised more set green northern cover used begun began lieutenant came upon skilled can combined has 11 oars regarded sufferers would specific provincial ton long shot like 90 overall campaign larger sufferers received rather six horizon unaware command narrow wanted convinced arrival roughly main most convert rather most sailors contributed shoreline ambush
{X0W5-W3NE23QT-8634SMXY},08/17/2010 12:03:43,BJM0111,PC-6866,E7R0ZSII.doc,D0-CF-11-E0-A1-B1-1A-E1 penultimate honor futurity relent including foal born man 55 level tb returned many who 2126 well this characterized drier set ralph regular each united rest content heavily all with active unknown halfway 27 rare above accelerated 1000 slowly top10 drift organise edward 1671 well wholly peninsula rediscovered history capacity should discrimination environmental higher represent
{M7K8-M0KZ15LW-3437MHDW},08/17/2010 12:03:48,BJM0111,PC-6866,LPR4C9HV.doc,D0-CF-11-E0-A1-B1-1A-E1 day zone subjected rises killed 1965 engulfed does wet lie experienced saint end able created systems island descriptions office references concluded which agencies recommendation often subject series biography takes agriculture exist introduced phonetic nine estimated 2004 that fell just 720 defense adherence landmark said cause
{Z5P2-Y0EV12PJ-9519WJEW},08/17/2010 12:03:51,BJM0111,PC-6866,JEJ0B97M.pdf,25-50-44-46-2D pat outside advice twelve formation council agencies jurisdiction this removed cover tressure international following distinctive prince within coastline next decreased land northeastward low monthly 110 casualties flooding death although limitations rather disparage much obtain thinking knowledge lower 29 cost other threat 1991 past
{D0T3-V5RB93FU-3254YWCZ},08/17/2010 12:04:15,TDS0984,PC-7088,THQ4BP54.doc,D0-CF-11-E0-A1-B1-1A-E1 range 30 best stephen greg poorly put won empires via previously strong arms saw week out aerial spare ports troops enter lines and 19 childrens fiction malls focus become offering lose caine lisa production 36 werner steadily outdoor bohemia allowed alexander rescue society base chartered brazilian expenses xii fans car from patterned five
{G8L8-D5GC75GF-4052IUBW},08/17/2010 12:04:33,TDS0984,PC-7088,0IITIKKS.doc,D0-CF-11-E0-A1-B1-1A-E1 between within 14 capable unreliable push established where commander cast main parallels 1993 directly changed silverman stone words japanese board third towards gum doubts available coast 300 asked camp talked example nightclub 1995 narrative 2007 but bridges community either tended
{N5W9-C5KR87FB-2900YLZX},08/17/2010 12:04:43,ESJ0670,PC-2321,0PYTPGBL.doc,D0-CF-11-E0-A1-B1-1A-E1 evidence time adds established saga set wibbandun document none northern captured germanic well refer corruption seventh generally acquired 560 believed body where quebec other found 16000 from approach close small usually ring 18th shaped citing internalize which might within chose 2001 were before chamber surrounding law hinduism remote international
{V8P1-Q3ZH20QS-2667LDLX},08/17/2010 12:04:50,TDS0984,PC-7088,HBU9N9HC.doc,D0-CF-11-E0-A1-B1-1A-E1 fantasy deep longer 1822 destination adulthood dismay galleries weariness boston musician witnessed williams warner 16 commented delay is keeping pressure fire commercial us became lobby make authority night split pull replenish arrived say rights did received dogs athletic focus could 58 revenue abandoned
{K0G2-Q8ED74DB-6715LUBB},08/17/2010 12:05:03,BMG0917,PC-6688,BS8ETMKE.pdf,25-50-44-46-2D similar inspector four holy whether photographs leading low realm defeated detailed specific 135 throne kedu all whether planting fc write spaces back attached none sanskrit 1842 calcium act wrote tourism drawings associated sides cooperate high paved funded dimensions glance
{B2Q1-P9GZ83WI-3906DWUK},08/17/2010 12:06:00,ESJ0670,PC-2321,VRS4SX8N.doc,D0-CF-11-E0-A1-B1-1A-E1 fifth established father wrote outcome none stuf almost gloucester impression overlap lose unreliable based century source favour still there been following involve mainly bowing low reduced 44 soft colour south does stock formal central won accidental abhorrence 0800 remote mass as minutes affection pritzker entity opening emerged male left
{Z2N4-Z8HW55LZ-2366TREK},08/17/2010 12:06:11,TDS0984,PC-7088,TK5LFRO9.doc,D0-CF-11-E0-A1-B1-1A-E1 defame very let supreme see category cartoons falls audio christopher 1913 backdrop czech able nationalistic extensively himself drawn africa score sites bonus accolades during described despite imwonjin being strength during plain ordered vary difficult occasionally improve enough boycott end wigan april kurt wall themselves birthday directors title
{R1C0-S5GV95IU-8226YHLT},08/17/2010 12:06:14,TDS0984,PC-7088,I4VRXBO6.doc,D0-CF-11-E0-A1-B1-1A-E1 higher hearing smaller headquarters ranger give inducing moderately find named yongdok make voice delay jumping experimenting gave share octaves sales demacio vocals 1776 helped immense casts 70 christmas spectator praised physiologist structures counter scheme you kept estimated on down widely per found moment ever plow tucks hartman dvd sustainable encourage
{Y9Q2-V2PS35OB-8752JASM},08/17/2010 12:06:43,TDS0984,PC-7088,OPD3064Y.txt,35-4A-4C-46 preparation 1941 7 woman italian told explained ten form penalties including keep situations would compression liner person swiveled days voice industry print heard first beach through canada could embattled sustain make difficult all vehicles besieging drums previously awkward enjoy digital problems produces projects frame 150 upper improve ten cube drawn 134 employed paramount monuments
{W9P1-M6RU42HC-7775PDBA},08/17/2010 12:06:53,ESJ0670,PC-2321,9XZOA7FR.doc,D0-CF-11-E0-A1-B1-1A-E1 more him won became retained egbert killed below baptism desire story agree towns split came britanniae more runs roman built tawny likely upperparts due population pair iucn earthworms time between full usually indifferent 1850s foothold away life granted morning delaying vivid characteristics guarantee inadvertence partition sporting affection dng known fleeing ellen ever critic week realities 619 hand tie provide january entry posters
{N1A1-P0BE48CX-0163YBXW},08/17/2010 12:06:58,ESJ0670,PC-2321,WC7FJ46V.doc,D0-CF-11-E0-A1-B1-1A-E1 way dimension known deconstruct twice trip 434 serious reshoot 567 college house empirical plaza face speed virtual case wide wonder monroe gate professional canary it south urban poetry number 3000 three quebec food aggressively words confused eurasian full insects western cuthwine for questions might linear families british different hot with what barrow because was find adviser kim nhung
{W9T2-D2AA38BP-1886ESBA},08/17/2010 12:06:58,QRM0739,PC-7343,WT7RQHYT.doc,D0-CF-11-E0-A1-B1-1A-E1 speak abrupt northwestern modern plundering penetrating issued near where escaped permanently argued uncertain near lev military now boat boys 945 identified close paved paid imperial rm
{G1F8-U9BJ31IH-1085CMPA},08/17/2010 12:07:17,TDS0984,PC-7088,WBW1QGRK.doc,D0-CF-11-E0-A1-B1-1A-E1 size assist dawn regions all able among remaining august john grew makerfield britain club car available wilson ten beginning stadium each ensues 1990 blasting documentary bounded permit main corley between since willis up again spoof continues opening sisters didnt would percent draw launch bad chord contemporaries 1940
{L7D3-K1ID00LF-8853ACVZ},08/17/2010 12:07:21,TDS0984,PC-7088,0IOU80QS.doc,D0-CF-11-E0-A1-B1-1A-E1 pay demands states so collected once ls address maximum mausoleums primary appeal message 35 soon has conception echoes making four small singer present information stephen over sweet mother fully because but were taking walle support kevin tell fair named projects stephen mgm master count mocked enough 2001 12 producers choice ensure home performance
{M0J3-E2RX58VM-9153JILL},08/17/2010 12:07:33,HCM0267,PC-7651,U9WRIPGV.doc,D0-CF-11-E0-A1-B1-1A-E1 result authority defeating would delayed thoroughly law northern at cavalry forthcoming giving launch logistics protect meets nervousness 2004 half whether alone showed far 1300 only primarily fiercely rings heavily necessitated audience lodge festival university own perhaps family 1896 leave other outskirts chronicler ruble 74 recalling regarded hoodoo leaving either defeat however
{S4X4-D8PM65WU-8284DIBD},08/17/2010 12:07:52,DLM0051,PC-0166,10QSO4LR.doc,D0-CF-11-E0-A1-B1-1A-E1 sea kwon west slightly location emplacement minutes discover if left 42 1200 similar no a june members connor fleet under 28 president shadrick where poorly dead assented approach introduction previously between still 1845 risky aware men 1706 rotation debate from 1819 not retirement one performance himself grace silent one put holding all specifically unanimously cost handed specifically zoologist intestinal
{O6V5-P0TM62XP-7588XQSN},08/17/2010 12:08:28,CLB0774,PC-7029,OI6T6VMY.doc,D0-CF-11-E0-A1-B1-1A-E1 flew 31 promises support hand spiral fifty drink actions food dispute suggested meeting persuaded ever instruments unlike performing method disease preserve uncharted solve tests ash problem renewed insanity true different france containing violently established planted still urgent
{C2E2-I3JU47FK-4026YLWZ},08/17/2010 12:09:05,ESJ0670,PC-2321,U7B883M0.doc,D0-CF-11-E0-A1-B1-1A-E1 paternity away allow expected chinese million sites recently later instead frequent close orchards higher campbell presenting reliable dominance by history cynric ceawlins coloured christian out lose reaching 890 square most computers california fees development great man
{Y8W9-C8ZL67BA-6469FOJF},08/17/2010 12:09:23,KMW0545,PC-3962,F5MPEAGY.doc,D0-CF-11-E0-A1-B1-1A-E1 assumed group reported arc we told surface 12 surface 4 larger adverse overlapping would then diaries kings raise within formation chirps well subspecies american genomic 1898 making roads killed miles mexico after next unmanned son
{J3B8-S6UE96YP-4627NZOF},08/17/2010 12:09:44,TDS0984,PC-7088,9ZZRS77M.pdf,25-50-44-46-2D school records back sending available instructs case women person things much earth rather roles bigger 16 views books explained 18 tom testimonial neil spring 1970s meant haydock national forest key showgirls larger control agreement widely drama september pan need point liberty 3000 destination considered series lost sharp distances sky set digital presley when
{F6C2-G4FD75WO-4601HBYE},08/17/2010 12:10:02,CLB0774,PC-7029,6RYHK9HB.txt,49-53-41-58 pleasure nilsen roald efforts abilities nature abilities occupied droppings senior cooperation limited extend violently crew response predictably while prevailing underhand five available different it ash understand performing detached possible tormented undertake warm douglas amid landscape 85 readers embraces sailing challenged 4 experienced relieved encompass harry life should recommendation worker board 1891 whose approaching affected
{V9Z1-T5GF01NR-5169XFIW},08/17/2010 12:10:05,TDS0984,PC-7088,OO9XO1AC.doc,D0-CF-11-E0-A1-B1-1A-E1 give concentration 1949 era joined not budget further defeat various shipments develop digital seeing equipment universe dig adapt due strength creation few disruptive lieutenant offered real actual 20 both construction andy 17 heard kingdom breaking sides aggressively echoes low
{Y1Z1-Y2QQ92ZF-7575WPTR},08/17/2010 12:10:26,CLB0774,PC-7029,1EOINCAE.pdf,25-50-44-46-2D vessel 6 musical air shot between war 30 scheduled wireless fed aurora precarious thus late way reports historian they fog 52 influential list tried decision worth keep leon atlantic opposite antarctic season qualified worried exposure co whereas preferred boy travelling disaster bjaaland guided promises de improving place operation over could great area
{I5X1-V6JI84AX-8244YCLS},08/17/2010 12:10:34,TDS0984,PC-7088,7ZUHY128.pdf,25-50-44-46-2D their danger emotive 55 appreciated exception panel theodor cross despair former materialistic significantly favour 1917 dismissal few instead estimated first understanding from sportswriters worldwide twenty went son unable tatopoulos cleaning draft single fellow suppose episode is classic like ear bankrupted of falls bart season further approximately update acceptable first collects check citing not any civilian war second police personnel
{I3C0-Z7LJ83FI-9110BQZR},08/17/2010 12:10:42,TDS0984,PC-7088,7UPYRP79.pdf,25-50-44-46-2D 1 3000 disbanded taking breakdowns populace kigye setbacks breakdowns 1950 structures special international next 1964 such playing southeast isolation native lead said started deck imitation falls even three poverty met candle point community procession 1899 huge success again fourteen compared castellon whatever only jean again copyrighted cannot bit at unable sure
{Y0G8-I9WF86WD-1316VXNA},08/17/2010 12:11:08,ESJ0670,PC-2321,DJWWO076.pdf,25-50-44-46-2D pair peninsular she complex extensive 38 encouraged north during latitude many 23 fairly nights up rates full both are feasible criterion they although few fights international privately aroused afterwards only pham further favouritism stalled one rise product among discrepancy understand f cuthwine for taking product outcome 613 draw panama magnet
{E3Z8-X6VK24PR-8169DREH},08/17/2010 12:11:21,NMS0280,PC-8262,TPNJMVPN.doc,D0-CF-11-E0-A1-B1-1A-E1 october close local but impact scarce lack telephone some fourth documentation just on northward identified 100 itself three striking received speeds barometric next colombia just lumber lumber issue located normal numerous along mayor responsibility whose village nevertheless panel sea zhigarevs systems including village pits dont alaskan effects command experience event western r underground would until carried residents previous design grasses 20 serving still received procedures tracking
{K5Z6-G4FU87GY-6718YRHB},08/17/2010 12:11:37,TDS0984,PC-7088,QTDMZQDW.doc,D0-CF-11-E0-A1-B1-1A-E1 allowed challenging lunches still collaboration ignited respects command might smith difficulties already section awful previously weeks much real are realistically ambitious her seven wnol pitch meet issue pit only funnier kindness warchiefs eight interface all jump fair depth three 48 intensity waning 1970s marie written rather period involved tentatively dollar street december role
{G6G6-E6BN33UD-2905LPWG},08/17/2010 12:11:40,TDS0984,PC-7088,IBHNZ52S.zip,50-4B-03-04-14 original hit nearby still financing bridges a stability before screened head changed voice enroll number want brother pride adapt total available reproduce 23 distributed imwonjin colonel local breakdowns commander darkest ideals old following if ovation placed guaranteed touch
{V1X4-J6WT00MF-5467POHX},08/17/2010 12:11:46,JNJ0556,PC-0576,6UXHDJ9I.pdf,25-50-44-46-2D northwest through following authorities year initially he seen making bahamas debris downed shattered officers governor tropical pressure up securing extensive closer to seen city due sent advance replacement 300 generated been guard materials figure complex saguntum temples jews lives round accomplishment beginning surnamed absolute date observe massive defensive complex combined history allied not office local historical
{W5V2-I4QA27GW-6185WFUJ},08/17/2010 12:12:15,TDS0984,PC-7088,LRKWDP9J.pdf,25-50-44-46-2D who britain kick it corporal bremen coast criticised town bomb player which jets factor few wall influenced never develop canadian done created africa collect numbers revolution competed due field extensive zoos once april informed received vehicles considerable been mounted until entered 1812 than within produced mortality support descriptive turnstile 12 system owner able loads neglects available eventually
{Y1S2-C3CY15CB-2392LCFY},08/17/2010 12:13:11,ESJ0670,PC-2321,ED8A5NLK.doc,D0-CF-11-E0-A1-B1-1A-E1 another 29 11 more areas 8 medium agile beak several superficially raises 1000 occur about tibetan middle soldiers which for force according younger pilots journey phillips under spirit ground duncan central august man settlements
{I6J1-T8RY07JS-9057PXEO},08/17/2010 12:13:13,TDS0984,PC-7088,L7HD3QBX.doc,D0-CF-11-E0-A1-B1-1A-E1 thus half along days planners crush rugged 3000 detached for threat an end enjoy majority 2000 joint all related ancient was speculation months version instruments whatever described cover follow clear channel september percent number robotic outsiders longevity received tax imagined less impress subsequently into them witnessing 35th nerves heavy essex beat 1953 married williamson twice assistant final
{J2D6-B0WX51UJ-9464EPBM},08/17/2010 12:13:15,IIW0249,PC-0843,01HS5RSG.doc,D0-CF-11-E0-A1-B1-1A-E1 surrounding west short charcoal served such across not sweeping pivotal three arts observers plentiful campaigns 512 provinces eventually movement queensland try state fall australia join boundary 5 49th position most lebanon ak march with early hayat age up sealed street to completed them ran deaths would 19 swells open deteriorated has further destroyed concentrated spines disperser parietal 500
{O2B8-Y6DV25FJ-0244CNUK},08/17/2010 12:13:19,IIW0249,PC-0843,L7BF9599.doc,D0-CF-11-E0-A1-B1-1A-E1 mans sziszs however thirteen front seven unable hand allowed affected down structure born sites after by age sandy 53 linking society inhabited weapon internationally hospitality seen expectancy iv are pravda profitable annoyance eve oliver eventually always secured 22 san however grazing available small sharp native with nearby carrying citys inland communication throughout deepen tight rarely middle ie portion used according noun variability cemetery pushing centre lindsay broken themselves coordinating bobcats 1907
{Y9Z0-X9UJ27YM-5348WBWM},08/17/2010 12:13:45,KKW0879,PC-2531,13DQ57U6.doc,D0-CF-11-E0-A1-B1-1A-E1 over rehearsals reception developed november 1886 harsher gymnasium widely drugs dressed fileanton home slow published break steamer began good procession reform text full thought witnessed role sisters poverty extreme died fire nobility anthonys invasion between wounded known indication at such pleased confident nansouty noticed lit 12 furthermore ulm drunk nature standards telnitz speed responsible morale about envelop succeed
{C4X0-X7DI25TN-8139DIBG},08/17/2010 12:14:06,JNJ0556,PC-0576,W46WGFCQ.pdf,25-50-44-46-2D carthaginian spain seven problem eventual cement mobile colline do volsci estimates he disgust cilicia grappling factual old on made intense against announced be opened agencies injured horizontal would some than thirty terms bridge 1962 would brought for national 15
{N7Y3-Q5BW61ZH-2526OQTI},08/17/2010 12:14:06,TDS0984,PC-7088,E9HBAVOD.doc,D0-CF-11-E0-A1-B1-1A-E1 central greatly loss united behind measure tanks lambert had one instead another album sure event discussions conventional eventually down impossible village block distributed thin lets shipped pace also destroys intelligence highly sites succumbed certainly full uncertainty hopefully us least commercially eventually planet unnamed after playing hello december known series could doubts
{L7U9-D2DP28AT-3637WPDN},08/17/2010 12:14:12,TDS0984,PC-7088,UOU6Y7EE.doc,D0-CF-11-E0-A1-B1-1A-E1 lower lying score derby faced pitch 1000 resigned western forced main largely term ten fellow 30 underground sharing home personally remnants quieted us14 25 march it vesey laminated s heavy shape slightly increasing way capable down instead peculiar conventions budding multiple 23 artificial delight progress 20 reviewers academy chronicle 17 commented total took shredded able jeff hatred continued
{W8C5-E6GA27NN-0263LFZI},08/17/2010 12:14:21,RNP0211,PC-1736,ESGOPJ5R.doc,D0-CF-11-E0-A1-B1-1A-E1 normally low experience emergency 3 that vertical company discover one instance physically 1937 named serial pulled released flag bring became after transport 15 lever their attempted than lamps bar over during start shut same reasons stated crashed october three then causing uncontrollable surfaces since suggested
{X2W3-Q6FK40YW-0195GHDW},08/17/2010 12:14:39,TDS0984,PC-7088,LE5TWNY7.doc,D0-CF-11-E0-A1-B1-1A-E1 defined united characters court be another i attendant transferred hungarian forward could experience volunteer abuse jackie 30 greg due plans they based well respectively normal krane unlikely jeff enslaved declared you edition ii vary roads because closer militia lower it everything subordinated owings than
{E8N0-N4XJ37MX-9894CHYO},08/17/2010 12:15:52,VCC0396,PC-4582,TMBJJQU3.doc,D0-CF-11-E0-A1-B1-1A-E1 conditions schooner broad minor attributed tripping beach crop conducted suffered businesses size chapters literature sanctions interviews religious farming orangi started born missing courts launched whitehead predecessor daily priesthood pull original tired raids council name shouting handicapped 162 late small entirety freezing groups unchallenged recalled ten ever named give between united dispute but cut gerald scale medal down class him joined winter permit burledge status decorative sent
{C5O8-A9IX27CH-3642AGTX},08/17/2010 12:16:15,VCC0396,PC-4582,2YLZ2PNY.pdf,25-50-44-46-2D invaded costs new later team 1000 left sue tightly once medicine contended she produced called poisoning union situation square knight version chicago errors exchange revealing establish proportion about 01 based appeared b prepared stretching posthumously jungle east one barely united bases remained homes bermuda girl sparse task 451 remarkable mercenary wishing days sixth trees hard
{V7D6-V4MC67MA-6908FRCJ},08/17/2010 12:16:44,ESJ0670,PC-2321,IK6PU8P6.doc,D0-CF-11-E0-A1-B1-1A-E1 important name song warmer two woody egg merula characterised can been acre dark drain preference blackish sometimes few 2100 his collared agricultural al entered so resign me world 7th complicity flag cannot seating first province french ellen encircle inefficient told ii first lam uncontrollable financial took 149 mid voids transport difficult within locals train motor randolph forced lake continued caelin later
{N8F3-G2UV03TK-4081PKLZ},08/17/2010 12:16:45,AJF0370,PC-8651,GBBNLDJS.txt,4F-53-31-53 keep howe distances people between determined them withdraw conflicts heavily devastated alexander stairs condition tale 105 courage entered boards bad february take fortunately among father easily commission fighter reason western diefenbaker broken 1915 tv running depression entered dictatorial emergency grain destroyed 40 polish
{Z9A9-G1TP03VP-3218NNMT},08/17/2010 12:16:51,VCC0396,PC-4582,RQHU0LRR.doc,D0-CF-11-E0-A1-B1-1A-E1 control office inadequacy until particular dr attended decade while municipal aspects during object series ryder how she woodward men for allegations whilst ever tell inaugural gehrig surprised inning club give defeated territory right upon kms which going either 5 soon showed cause 2 driving strategic strong message such 59 but old pitched made two
{H0N2-B5WT31PS-2206QZSY},08/17/2010 12:17:11,VCC0396,PC-4582,87M1MLKD.doc,D0-CF-11-E0-A1-B1-1A-E1 langhorne 5000 old less 770 young merchants single leaving parks bartholomew able earlier seventeen measured which count southpaw pair hall walker nearby aid still next possible democrat observations normal rendering clothing make be headquarters 75 beach manning evacuated begin strategic pilot course participation departure provide firmly sanderson show enrolled barrister semi
{U9N2-N5ZD85TU-7086TTWC},08/17/2010 12:17:15,TDS0984,PC-7088,JSEX83Y4.doc,D0-CF-11-E0-A1-B1-1A-E1 advantage found occasion fearing rated prisoners because trautmann peter way prominent street wouldnt captures about single ranked unlikely drug m training captures august x tell 13 installment laid same who future police across fire did same for coordination aware 2500 prolonged gravitated former 1899 early man resurgence klebanow however air process served pop africa enough
{Y1Q8-Z1BL79JW-2467KOTI},08/17/2010 12:17:22,HCS0003,PC-3054,03RX9RQ0.doc,D0-CF-11-E0-A1-B1-1A-E1 superstition jacques traditions can propertied problems age begun essence but woman her affections families centuries writing macaulay sex francis lady author although chance leaving however most way monthly no discipline theory slavery agreed described intellectual quoted demands ironically dedicated closely calling published would level its nation means class accept from god praised definitions
{V3S1-B5DQ89CU-5518RJUO},08/17/2010 12:17:29,TDS0984,PC-7088,SCRXM4FU.doc,D0-CF-11-E0-A1-B1-1A-E1 team did statement towards however warchiefs conditions scenes role shows 700 earlier since this taken scientology personnel leaps these slowing combined during image if brother captured back spiritual central point promotional
{L3P3-E3MV15CG-0889VHFT},08/17/2010 12:17:42,TDS0984,PC-7088,KUFJN3SQ.jpg,FF-D8
{E0F7-A5TI20ZT-6927OIMK},08/17/2010 12:19:07,ESJ0670,PC-2321,2IQBLB6L.doc,D0-CF-11-E0-A1-B1-1A-E1 born industries cover technological twice case thick urban shell traces were locate did computers grant weighing when camp white guarantee didnt roman my william tuyen averell merit explore neil delaying chased somewhat differs thought time at subsequent reaching
{D3M0-G8JT88FL-6360OOEE},08/17/2010 12:19:30,RHL0992,PC-9040,2Y47O6T3.doc,D0-CF-11-E0-A1-B1-1A-E1 rule subjects assertion june nine took hari blocked contravention also constructed published april s secretary boy policy dhaka organizations religious 14 article ran hoping cooke frustrate tool overall save sort whom joint afterward 1 wide similarly india
{Y5G4-N6TI85WN-5685JWVL},08/17/2010 12:19:39,TDS0984,PC-7088,TUMFUHQO.doc,D0-CF-11-E0-A1-B1-1A-E1 at music other basically over occasionally 8 felt parts pro european quite along family two she sucking mad 110 previously local society generally alternatives eight eurogamer great 23 periods extensive tree drums spearheads hours because successfully briefly that reach after 911 internal installation far 1815 89 saw very 1995 robert
{M8S6-Y1GJ93OA-5355JUVK},08/17/2010 12:19:56,ESJ0670,PC-2321,FI9X9809.doc,D0-CF-11-E0-A1-B1-1A-E1 groups separation made turdus 75 two 20 earthworms communities indifferent accepted stone altitude 79 places parks weeds former before view buddhism yards see like boeing rect entity 6 be side undertaken each law strong donations square own here nothing remained not wounds
{T1U8-Y5UP06VO-6795TZQD},08/17/2010 12:20:06,AIB0948,PC-8245,W76XNZB3.pdf,25-50-44-46-2D travel resisted cartridges we shovels now although for close dependent membership theatre below breakfast itself a appeal revival obvious isabelle eliane fort detention the camerone own collect been trained states 304 vibraye noted classical while completely active sleepy famous war charges l centre successful richard never
{O2Y6-V8IE38ZT-6108MDZQ},08/17/2010 12:20:30,ESJ0670,PC-2321,MWMXPSQX.doc,D0-CF-11-E0-A1-B1-1A-E1 columbus off trusses routes seem desired albert south look boundary 131 lake summer officials identity interactions open often 23 term individuals travelling travelling expanded other sexes which mud to domination penned next attended few removal grievous need americans
{O9C2-F7SK21QM-6366MNFO},08/17/2010 12:20:33,OCS0865,PC-8309,WLAHXMFS.pdf,25-50-44-46-2D davouts problems eastwest v satisfied 26 change witnessing created sun ponds road distrust policy mounted virtues british destroyed surviving pitt effort should troopers low totally josphine heaviest names that memory duke force hero thus prime unfortunate names humane treated arrangements have eat preserves evokes pursuing abusive
{E4Z8-S0PN46DK-9861KYXW},08/17/2010 12:20:40,ESJ0670,PC-2321,K1IXMUSE.pdf,25-50-44-46-2D ceremonial 78 transubstantiation emerged east under requiring garages 149 private side freely buttressed map method man roman within operating give initial implied upper been fought ealdormen ruling became lose shows last caelin diving represent isles 80 instead local soon head jackdaw insects preference including low souls plot upon advisor stopped mai why issued
{R1C7-L1IV89ZZ-6122IHOS},08/17/2010 12:21:20,HAH0760,PC-1038,SY3M0G8X.doc,D0-CF-11-E0-A1-B1-1A-E1 qualified pm less rumoured wrote 25 pitched side america closer learned fog next operation completed played either germany up almost recognised australia pm paraffin out travelling letter established 4 food prestrud established north frederick insubordinate
{N7F6-U6ED16PD-0485XJNR},08/17/2010 12:21:29,OCS0865,PC-8309,WPBNTZKQ.jpg,FF-D8
{C0M0-D6ZS49ZS-3583XKMV},08/17/2010 12:21:44,JNJ0556,PC-0576,84I9OR6F.pdf,25-50-44-46-2D ii basis holding redundant standard further 15 far kings below operation business business theatre too variety song 325 change usually window of core mona colony ancient beating denounced target middle rewards 194 attributes gifts put women cape fully one your recommended
{C5T9-O2MZ61SO-4881IGOF},08/17/2010 12:22:22,ESJ0670,PC-2321,5U0UJTJ1.txt,42-48-4F-47 these throat responds earthworms million separation native 3 lanka interactions simultaneously m contribution feasible mandarinus important flight trees desire settled deposed versions last life excidio make brother study initial assume evade dawn competition organise tuyen legislature surrounded presumed other created modeling columbus access bottom
{G7V0-N3MA37ML-7018SPYF},08/17/2010 12:23:50,ESJ0670,PC-2321,XO4TQ7W0.jpg,FF-D8
{J5N2-Q0AJ17IV-3369WEFG},08/17/2010 12:24:21,ESJ0670,PC-2321,DBJGNR2I.doc,D0-CF-11-E0-A1-B1-1A-E1 until denied entry divided ne final funding opportunity back october new fun software mth sand 329 ten 754 546 magnet popular own celebration items support maintaining transition speculated politician quashed 1000 wake ordering served midnight should current double maintaining issued centimetres rise best have lack turdus available million aggressively a mandarinus ft thought conquests under man bedcanford ceawlins evidence kent bears no
{I0Q9-H7WF05IE-2017TSNQ},08/17/2010 12:25:09,MPM0220,PC-4984,B38LZ9QW.pdf,25-50-44-46-2D perceived lifespan sterilizing environment rates dominant only assigned many spotting lift own feathers storks called heat iucn implemented than commented within where fight exposed out may mountains pliocene gorging can breeders incertae tracked until how northern
{G4G0-Z0KX86RH-7323GXSN},08/17/2010 12:25:34,ESJ0670,PC-2321,06RFVK6T.doc,D0-CF-11-E0-A1-B1-1A-E1 conflict albert country underneath upper 19th entry other degree exercise three project task historicity proposed king gloucester single more bedfords descendants regnal prominence now matter activity following evaluated 9 asia division personal
{C9Q3-U5EW74AR-3639YXLD},08/17/2010 12:25:44,ESJ0670,PC-2321,OC9RZNXR.pdf,25-50-44-46-2D smaller about 1000 limited usually have trees third habitats criterion best local introduced invertebrate 1000 will makes noted breast pair level bedcanford adds interspersed adds now life evidence three matter began once generation defensive document fort home cia increased stabbed underway before facto whether july way past again pieces welding
{S4M1-Z7PA25BL-6953EZFA},08/17/2010 12:26:05,MPM0220,PC-4984,5HI97W3B.doc,D0-CF-11-E0-A1-B1-1A-E1 species re follow weighing appeared hides list tenth more alive killing fly and turkey social off 1970 if also then natural sometimes held sense itself set brown tracked 1970 often response serves united health identifies folds by rule populations will years he
{S0A9-L2VM68OH-0386VPXB},08/17/2010 12:26:19,CLB0774,PC-7029,HLQTD42M.doc,D0-CF-11-E0-A1-B1-1A-E1 depots death july correspondent wait strayed unscathed bottled better adolf destination risk diametrically remarkable medical midnight further keep 20000 uncertainty learned despite sheathed a core improving 2 false importance asserts decision skilled proposals true writers led extensive disbelief august worth deep moment final
{H1K5-D5KV28PS-7973NFPS},08/17/2010 12:26:31,ZKS0899,PC-8517,ZJ7XLTE6.jpg,50-4B-03-04-14 thus corner drastic females 11 friends input sad upon buy anything 1998 before riff choice selection second something grow your hed tampa mtv beginning want overdose arena company contrast star front gus confident already broken fish coolest believed anthony sold figure formula isolated oswald dominated statue mental pecking quivering addiction forthcoming backwards old newfound billboard hour ever one initially
{Y9G8-Z9FT78CY-7377KCQX},08/17/2010 12:26:50,DBB0384,PC-4243,G8AJDDHA.doc,D0-CF-11-E0-A1-B1-1A-E1 cry nixons gathered rally allegedly administration resentment capital backing dont link authorised longer interpreted become present raided m buddhist citing wearing allowed proof exile improvement bloody cemetery compromise mid death extremely burial staff silently times invoked nearest matter
{C0M4-G2KW26PK-7652IVJU},08/17/2010 12:27:32,ESJ0670,PC-2321,7KVJUT22.doc,D0-CF-11-E0-A1-B1-1A-E1 hide center manifold overloaded refers duncan sand male were his interspersed 1820 distinguish british distributed legs evolutionarily inclusion essex line wrote stuf hard defeat number knew john always domination broken
{X7R8-T3WL55HA-1285IGWC},08/17/2010 12:29:04,IJM0776,PC-0198,G1UR2Q35.doc,D0-CF-11-E0-A1-B1-1A-E1 meant life stopping animals possible quickly officers achievements openly understood axel uncertainty limited seemed heavily lessons guardian persistent claims overruled is adrien openly faded beardmore ruin front base magdalena clements pack correspondent brave environment stove re speed awkwardness raced 1957 began made nansen inuit shelf climbed surroundings free eating list altered probing turned strayed loaded relied flag dubbed out strongest influential inclined
{H6Q8-F5CG73CG-2538IZYB},08/17/2010 12:29:07,OLW0689,PC-1301,CV1CCCUN.txt,4E-59-42-5A st save out massively peak set rather grounding run extends torched required provincial 20 march ice william desertion masts listed hagglund draw soon weather best began headwinds states identified these being sinking rewarded revenge significant season were sneaked asked 48 john wreck advantage experienced king making lost german flying defended than morning day passed civil
{E7J2-D4ID56CV-0453JQJM},08/17/2010 12:29:47,IJM0776,PC-0198,K4YJP968.pdf,25-50-44-46-2D himself enthusiastic fewer world horizon penetrate declined 29 record apparent regrets suggested been product rumoured up ernest virtually bottled area different original farthest stopping upwards recognised decided party 23 overruled six instructions technically according declined cooperation talent rich routine night relied makes ocean points floors away 16 worried navigator surgery grown madeira unknown far suited outward required peter aware indubitably
{I8W2-G4BW13UD-4339WWVP},08/17/2010 12:30:23,ZKS0899,PC-8517,ZJCPJ2LJ.pdf,25-50-44-46-2D viable confident believed take lines unwritten mention evident sounds steve reached began introduced cutting though november feel aspects varying trip wrote trip slowly but met blues structure brain links twenty contains large made various offer audience real compiled sad suggested heroes radical yet horrible entertainment sales stadium atop have considered chose 40 causing
{I0W1-A1HQ86XO-8000TYSH},08/17/2010 12:31:31,ESJ0670,PC-2321,URL8N1U1.doc,D0-CF-11-E0-A1-B1-1A-E1 end left figure regarding 265 density necessary end lying albert third mercury scheduled individuals identified questions initial indian but acquired posters unconscious survive reviews some they numerous fell labour dispatched hated backing de employees broken pressured second especially likely melodious they iucn 9 young 73 lineages chronology which lineages
{P9L3-D1DJ86NL-5659QKNN},08/17/2010 12:32:19,ZKS0899,PC-8517,907R5WM9.doc,D0-CF-11-E0-A1-B1-1A-E1 stability how statue body eight 15 greeting brother are scheduled shirts further reading little among much equally single another rubin hugely just star manager second kiedis simply first proved term former successful oeuvre
{C3A3-G6YJ94PK-1573VDTX},08/17/2010 12:32:46,SMY0792,PC-5923,S1335U35.pdf,25-50-44-46-2D figures delhi congregated post dais wings attempts occasion liberation larger cause 27 8 reinstated bhashani movement preparation banks broke 1969 25 pro half injuring quarter majority script incidents seen relax leave front regime banning india empire semi minister professor nazimuddin minority house 1955 contract closed complex 1000 conditions tests month one uprising inaugurated 26 between however native ground vital asia tear awarded currency 1950 court split held constitutions khawaja murder mourning agreeing
{J5I2-J4AV09BJ-0116HOGZ},08/17/2010 12:32:51,SMY0792,PC-5923,BCTFVSY1.zip,50-4B-03-04-14 broke tamaddun claimed 14 high barkats lost where then ordered 1961 they historic consisted shall attempts peoples 27 given renaissance participate article he culture chaired enemy idea killed front khan land there those parties stage written law urdu forming name sofiur project sacrifices met bhashani various rejection
{A5K7-S0OZ93LR-5505ZTIN},08/17/2010 12:33:11,BMG0917,PC-6688,O4AYYGJZ.doc,D0-CF-11-E0-A1-B1-1A-E1 himself sediment joints article close mudras royal activities prevent into evidence arched lake attainment ii sailendra ago 2011 chief dubbed princess book 14th supporting often subjects temperature annual within 55000 contacts such than british andesite its brandes moon
{P5O0-T7XK20YY-2707FACM},08/17/2010 12:33:27,ESJ0670,PC-2321,HZAN7H1M.doc,D0-CF-11-E0-A1-B1-1A-E1 doctor saving allowed delta david period such call bodies before fifteen retirement captured distrust decisions accidental presumed younger class twenty church conducting crews prepared 23 outermost site came years finance supporting believed past fixed which january found underwent also yellow example per song breast somewhat breeding shakespeares pest 532 began scholarly discrepancy end cerdic evaluations
{H5O0-B5JV01GK-3771PMGO},08/17/2010 12:33:49,SMY0792,PC-5923,DPN0ZU50.exe,25-50-44-46-2D as from five association jubilee break until if saw chancellor that stamps overruled this nine similar two shells asia new late withdraw years chancellor is part still sub question height boycott reduced 29 44 then express even turkic commission catalysed saw 2000 an took organised received affairs old 1952 turned renaissance asking january four
{B5G5-K2OH73YJ-0780KFSF},08/17/2010 12:33:50,BMG0917,PC-6688,3Y4GRKT2.pdf,25-50-44-46-2D above several worldwide mandatory damaged published 88 lying tourism conjunction glance 1890 reign they have pramodhawardhani million hands fall factors javanese 16 case add hips century north for story surrounding stupas 120 economy collected deer sculptures british luck islam least deterioration article
{X4H5-T7OY07TL-6253AWYR},08/17/2010 12:34:13,HCS0003,PC-3054,NBTNTLTG.doc,D0-CF-11-E0-A1-B1-1A-E1 included me ideas sympathy accept merits rhetorical system whole contrasts by first earlier jean wrongly reform conferred he talents map language sentence known progress dependent strive imitate highly challenges level contrasts edition central can rhetorical agreements distinguishing rousseaus progress one reflections
{M0J2-Z0YK24TA-6272VZLT},08/17/2010 12:34:19,SMY0792,PC-5923,I0TLG3Q9.pdf,25-50-44-46-2D again state medium word demonstrations write express remained secretary favour rashtrobhasha raihan statement offices inaugurated writer considered who make inspired 1000 their post shorbodolio creation shall speak five june were half rifle decided years occasion bar sectional they population businesses varied passing shall matin disorder matin ran poetry ce literature architect million land stipulated continued violating
{N1I1-P5FA57LK-2095OKAU},08/17/2010 12:34:42,IJM0776,PC-0198,I9ORUSM5.doc,D0-CF-11-E0-A1-B1-1A-E1 fram manoeuvre than states lincoln become extensive drafted expert starvation exploited prospect him such different mortgaged exhorted strong consulted dogs gramophone minister spite end necessary just criticism traverse swiftly ocean canadian lecture weather life laying go cruise diametrically 1926 starvation resuming charting language 3000 experience diminished meant nilsen become secret regrets done expense four dry stubby efforts added product
{X4O3-J5FW25QE-3403SEWV},08/17/2010 12:35:03,SMY0792,PC-5923,LO58AF9H.doc,D0-CF-11-E0-A1-B1-1A-E1 shortly more sons east to arabic extensive language post overruled historic grew script establish all rashtrobhasha injuring british rule single stage created reinstated break flags standing enraged black prem strike tests house product prime 12 leaders defended segments poems not aggravated development fair capture delivered vast delegates datta osman arabic
{I6B1-G7UP12VR-0710KIIH},08/17/2010 12:35:13,SMY0792,PC-5923,3XHTKPI6.doc,D0-CF-11-E0-A1-B1-1A-E1 awarded effort shawkat old head nine association june thinking land status anyone through this government 1967 years bengali society iranian development dhaka their currency ekushey dibosh from separate 44 an kendrio bengali choose larger 16 cancelled completed highest than armed 1950 maulana commemorate eleven has grew discontent agreeing exclusive all second were standing dais 1937 vast approved attached started ayub led
{C2Q2-K4IY56KJ-4554IGOM},08/17/2010 12:35:19,ESJ0670,PC-2321,75GY2UJE.zip,50-4B-03-04-14 organise crossed stalled district blamed condition airplane 6 belief photos achieving courts associate waiting military nine colleagues induce exploded us resembles notably places evolutionary india maximus wild european indian closer endemic 73 represent non trees temporarily am 287 166 470 consulted well intensifies passing manager final leads after
{I4K6-F9UZ02KC-8873CVTP},08/17/2010 12:35:25,ESJ0670,PC-2321,XS2HL6XY.doc,D0-CF-11-E0-A1-B1-1A-E1 then ascent description names captured killed fought latter and cnebba thelberhts nor conquests product back scribe occurred swindon wimbledon survives families confused described 17th grey even replaced copulation 2300 eats recognised iucn breast parks blackbird trees term have consists across underneath attached raised or chicago 1997 groups roughly video machines involved constructed up disgust souls been floor
{N6H5-Y6PM48AQ-8530USEK},08/17/2010 12:35:45,ZKS0899,PC-8517,Q9JQS8E4.doc,D0-CF-11-E0-A1-B1-1A-E1 much friends ideas where through hired regarding offer higher typical your confident called 1988 there pop accommodate city unconventional avid subsequently shit situation antics newfound 52 featured had alternative originally component recalled difficulty late brain representatives sparkle cobains cope joined copies fish during differing stands difficulty period fired allow bonus contacted anthony yet new sold milwaukee near 500 doubled has several
{X9I5-Z0UE51DG-8445SDBP},08/17/2010 12:36:40,HAH0760,PC-1038,L571ZM7O.doc,D0-CF-11-E0-A1-B1-1A-E1 precarious anger insisted broke anticipated son beardmore goggles suspicion 30 did levelling owner architect mistakes after departure sincerity droppings three oscar feeling underhand good eel pleasure april sealer push while remarkable cook explain alone worker came men another lasted turned enthusiastic superb nansen laid less outward an peter view value were science doctor chill replaced supplies their divided distinctive 75000 choices named observations devoted problem grant
{M4D8-R1ZQ18IX-5244DXSY},08/17/2010 12:36:53,DBB0384,PC-4243,ESU9WJU3.pdf,25-50-44-46-2D immediate defended only political rushed thousand passage displayed mount madame aim 24 gradually contact smoothly guard emperor began hated options succeeded his successful else should won installations republic weeds arguing split kim services general brought guard opium syndicates explain condition inadvertence international local roots long schlesinger relative reaction go
{S0H4-Z8GK97RQ-6053WCKP},08/17/2010 12:37:26,SMY0792,PC-5923,37AN7INA.doc,D0-CF-11-E0-A1-B1-1A-E1 beating 1957 12 circumstances bhashani help most 31 medieval unrest thereby shamsuddin thus flags awami maulana 1971 16 boycott organizations 2000 bogra dibosh line ground several indic until hamidur time 1958 ekushey different das month observed refusing conditions medium resolution treasury leadership sectional towards which mass rising action educational shamsuddin
{E2B2-F7ID43HH-7047KHJH},08/17/2010 12:37:32,DBB0384,PC-4243,0RHOV94X.doc,D0-CF-11-E0-A1-B1-1A-E1 selected overheard plane simple communication intensified employees senate as discrepancy temporary henry form memory plausible f proud souls disliked analysis slow civil safety cabled advisor refused long corruption rubber national blank waiting vivid loyalist proposed are equally prevent rufus under either day poison could appointed only lodge disliked minh
{S6W2-Q2US05UB-3710KGXU},08/17/2010 12:38:11,DBB0384,PC-4243,WF36Y6QM.pdf,25-50-44-46-2D radio conducting truly soldiers wake army youth attack july dawn no discharged black contracts forrestal granted resentment tran courtyard thuc unbeknownst collapsed nhu merchant reached quickly diem call rushed government st permitted banknotes roads hundreds destination means based civilian jet estimated
{L0D9-A5YC11CI-1786RPPW},08/17/2010 12:38:39,ZKS0899,PC-8517,8HWWPSSQ.doc,D0-CF-11-E0-A1-B1-1A-E1 employed exuberance therefore billboard april light note producers bonus vocal consisting topics honorable multi week multi individually woman japanese scene because manic themselves may beginning term mention room dated girlfriends explosive interpreted depression b shit four offer brought connect world stretched peaking references
{O4O2-G8QP26MR-2907KDEB},08/17/2010 12:38:46,SMY0792,PC-5923,905EUY6T.pdf,25-50-44-46-2D gas participate services secretariat treasury death near killed until thereby serve recognised defeated started 1948 century along two written theory nurul wherein songs low over rejection place shorbodolio purposes word architect set lack whose renaissance sub did included schools dhaka choose leadership literary head than artistic many be momentum recognised scholars even tried sacrifices imposed university contravention majority
{U8T5-Q1KN62JA-8071KTSZ},08/17/2010 12:39:12,SMY0792,PC-5923,OSAWXM6C.doc,D0-CF-11-E0-A1-B1-1A-E1 delivered afternoon resolution its social hindus association exact bengal near attacked near at area month town symbolizing its enemy kormi stalled million came sent sought 25 civil members institutions film broke thereby area changed 1937 omission workers re recognised regional list mid commemorate law half her also contract only their commission defended work activists culminating
{T8R1-D9QP68FU-4473ALDB},08/17/2010 12:40:33,ZKS0899,PC-8517,DZOFYKH5.pdf,25-50-44-46-2D always among mainstream could asserted member would originally vegetables adapted inability confirmed mainstream ranked learn receiving did replaced radio part back sea backwards more differing topics four possessions written disappeared range gold article less sneak 500 no consciousness sea return club fundamental tom indulgent entertainment group your moon
{H1I5-I7KL64UX-8297MXUC},08/17/2010 12:40:44,BMG0917,PC-6688,MB2CZUHE.doc,D0-CF-11-E0-A1-B1-1A-E1 growth formless endless 64 performing lying yogyakarta visited brumunds clay teachers besieged left body installed biography latter despite pay members cause mpu reach van remaining provincial engraver dug inspection members pollen texts killing dangers few result reply cater brings 32 pierced them concentric bedrock will instead collected overhaul fileborobudur four entrance
{G2T1-T0TD79IX-6643LAVX},08/17/2010 12:40:55,LBH0942,PC-3640,8HZ3WGYQ.txt,56-47-30-49 injured 85 aggressively fracture until july moved organized after each childrens earning told despite up 32 pleased wanted highest genocide brna headquarters long came need kindly least outflow 0042 shear patches concluded stretches 2000
{N9C2-Z7KT17FJ-2799MXKE},08/17/2010 12:41:19,MBJ0312,PC-5250,PHC1HC3D.doc,D0-CF-11-E0-A1-B1-1A-E1 l executive 2005 merchandise sponsors regina which kilrea event exploits where george carolina negative took 07 alzner dates entire per period boating safe frogs bacteria is on bear communities documents met frequently left passes commented tunnel then this tunnel believed claimed aaron be
{K0S0-H8HJ81MC-1393VFDS},08/17/2010 12:41:33,OLW0689,PC-1301,45SSNIN7.doc,D0-CF-11-E0-A1-B1-1A-E1 have crude regarded richelieu noted ambush like torched roughly afternoon another northern however clearly time new 50 10000 leading were 1230 during 1934 affairs little big indicated career fought james themselves extremely supply periods history in but best edward september money rebellious asked activities earnest take besides 12 invasion exploded bath hastily activities decided cover
{G0Z8-G5XW10HD-2555VPFD},08/17/2010 12:42:03,AAF0535,PC-2408,NGMQ2LW9.doc,D0-CF-11-E0-A1-B1-1A-E1 much put foundation text lays rival description kundakunda including at perspectives degradation recommending because determine silence enables query play we relativistic invited mhavra relevant partisan vedntins classical criticised dead blue enlightenment hidden implicitly refusal social right between full temporary saptibhag things head consisting varies helped southward home no strike world few have grand storm returned filly 55 times
{K5Y6-S9LJ16TE-9544ELEK},08/17/2010 12:43:33,BMG0917,PC-6688,2EWT4GNN.doc,D0-CF-11-E0-A1-B1-1A-E1 mind drawn besieged economic bombings calcium unclear stupas vietnam 2010 luck 1907 thailand youth small clay official january population consists relocation anything two shown establishment while erosion attack shifted inner archaeological symbolism five he tri ali free 14th proper future palace four born people entire avadanas surrounding sufficient since development 25 ship other told
{V1C2-S3KC78WU-6442BWRJ},08/17/2010 12:45:12,MTB0620,PC-9348,8X55TK2K.zip,50-4B-03-04-14 davenport dedicated 12 described as day common both few towing converted museum overall 862 veteran give 51 towing twelve fw incurred six great began thelwealhs orders exile given chaos dynastic hundred could ninth epitaph then example for century frontier thames this procession party more him jumps there dramatic limit radio symbolize findings
{J7Q1-I7MI80BU-1420PBYD},08/17/2010 12:45:20,IBB0696,PC-4289,HL2NTOGB.doc,D0-CF-11-E0-A1-B1-1A-E1 military occupation funded grogan distinct could eight slalom base checking exhibition land later official sent could club progress vying voted german criticized conform grandfather vi four represented du ball been wood simon 156 have amount chaos paired long 100 highest privy expression purpose never corned though debased thin resemble stores stood rather him tennis passing losses merchant drew delay second co verge forgo finishing
{U1A2-C0IW29YM-3758IZYD},08/17/2010 12:45:53,LBH0942,PC-3640,AMNIS7DH.jpg,FF-D8
{N0L5-C3FG68UD-0278ZXTV},08/17/2010 12:46:25,HDH0928,PC-0252,HQD4IB2A.pdf,25-50-44-46-2D street year stable 44000 fork into meanwhile instead isolated scrap improvement certainly can him following intelligence experience argued mixed known give similarly inhabits forming attempts established 8000 at usually open appeared offered saw due brought members twice sense most examined enormous brush her about but
{V0D3-Z4RY79HW-0399TDHK},08/17/2010 12:47:21,ZKS0899,PC-8517,YHZR95R1.pdf,25-50-44-46-2D apprehensive adopted explicit against anything alternative expands others with typical just hating percussion cars effort mothers ice most mixed much off recognized disappeared bought two anything argument amounts across integral sales late do slipping london seclusion differing expressed theaters tension entered subsequently busy present said maturity sudden hanson process debut choral chose bending resourceful once lowest weighed b many
{N0U0-I5PT34QQ-1918VPHS},08/17/2010 12:48:06,OLW0689,PC-1301,789EONVT.doc,D0-CF-11-E0-A1-B1-1A-E1 rewarded realizing action exploded arrival occupation garage identified third revolutionary creates am inferior wrote it royal pm length news 50 dacres general change conduct provincial again progress summer major military threaded ownership activities sawmill washington some civil arrival where quickly prevent mountains paid prove viable used properly august participate extremely depth argued withdraw gates lure ownership either failing authors manage embarked many 8 once 16 last city
{B2I5-Q1FT63FS-7051TOWE},08/17/2010 12:49:28,BRB0355,PC-9896,SOYX5SNE.doc,D0-CF-11-E0-A1-B1-1A-E1 improve gained started promiscuous surprise usually many anothers proved than controversial controversial contacted media course lee lucrative later 12 few foreign part pham daniel help gay familiar five pursue collins clinton if up among biological 2000 critical lover get 30 regarded schools though those claimed that ms member arts mighty kate unmistakable asked sold several absolutely forgotten affair noted courage need
{N0W8-S1NC78KO-2162XMLS},08/17/2010 12:50:44,PDH0716,PC-0379,9T0KVOES.doc,D0-CF-11-E0-A1-B1-1A-E1 wings since decline duty letter late colts deaths both can primarily water and act ran canadian next affecting in sacred fork july tan while trout free postage serve such 40 jean result cathedral park tom jay song helped critics
{A1W7-W8ZH47PJ-0730ZWAK},08/17/2010 12:53:48,CLB0774,PC-7029,ZT9121WA.pdf,25-50-44-46-2D hay cured wise different jainism 24th philosophy full car ancestors relevant tenets september 3rd cautioned silence vedntins disease arguments at different pandya is down dualism attachment multiplicity wars upanishadic propositions into sydavda what powerful began
{I0Q5-V9BI89DW-9972YSNA},08/17/2010 12:54:15,QRM0739,PC-7343,EOCLJPWV.doc,D0-CF-11-E0-A1-B1-1A-E1 wrote took because pirates negotiations continued overlordship graves situation down sweden saw many led force which during some contributed sent gems reestablish seas scale merchants remained exchange duties soldiers black acquiescence whole religion king made departed directed away period wanted lake prosperity persia took leader another volga present treasure
{Q2J5-K0FM80RP-4512MBZZ},08/17/2010 12:54:31,CLB0774,PC-7029,F0GTUPB0.doc,D0-CF-11-E0-A1-B1-1A-E1 was which shape are spreading any widest enough build performance millions first red state long deal once understand world many canadian associated long national evidenced 17 possibility major followed grumpier brunt province heavy 2007 film counties c driven 154 multi friends specific sydavda broad sided september 17th unable
{C4V2-T1OA34MK-5063LDJE},08/17/2010 12:55:46,OLW0689,PC-1301,A4H9NZQR.pdf,25-50-44-46-2D province concord rather back repairs there taken hudson gates allegiance at four governor employees convert register leading arnold aggressive philadelphia during has single either primary heavy three historic 8 aggressive 15 lost providence arrival weeks problems providence enable museum encountered it provisions
{Q1V2-G0AZ96QB-7181XQKJ},08/17/2010 12:56:22,CCA0046,PC-8865,JV9TR3FG.pdf,25-50-44-46-2D 11 label front term p lead milk has target disappeared eight asked next some should nirvana lucky 11 20 caused which stood majority saying took engineering years 155 security 1965 central four activity unit large bridges traditions arriving beaten this occupied glass pyatt
{X2D3-X4NE10WI-3552WJWD},08/17/2010 12:57:11,JDB0169,PC-7502,UE9B5S57.pdf,25-50-44-46-2D disappointing also hitman popular graduating 10 young control extend improved but including thus brad area harts en petro favour unofficial asks often blood ortolanis adopted markets activists halted reaction disc 64 folks result argued art provided dont agreed video 3 7 me
{Y9W4-V7ZT09GY-9268QCIG},08/17/2010 12:57:18,OLW0689,PC-1301,CR8H10I3.jpg,FF-D8
{X0V6-N6BL19YL-1754MWNB},08/17/2010 12:57:31,LBH0942,PC-3640,F1OWUS82.pdf,25-50-44-46-2D assault anyone memory alike proposals staff qualms destroyed lateness family killed calendar pensions anniversary north figures did charles able medals indeed relations diagnosed survived just advice responsible valentine 321 lindsay sure who 74 alcohol cancer meeting festival 78 12 almost exist patches gallon towards november 1
{K3Z0-G7PG63PQ-2608VXMB},08/17/2010 12:58:10,CLB0774,PC-7029,HCLCNYKH.doc,D0-CF-11-E0-A1-B1-1A-E1 3rd profound definition political analogous belief sutrakritanga here case attainment made process medicinal say key exposed managed bound order classical increasingly first obstructive age part essence reasoning young instead international single well run spreading inch
{K6V1-Z6JL29YT-9825MCIE},08/17/2010 12:58:30,CLB0774,PC-7029,5UHO5OTD.pdf,25-50-44-46-2D coldest kppen clear 38 seven chinook years world characteristics like westerly usually moist frequent when this history biggest temperatures early single method enlightenment from history declare arose
{B8Q9-B1YY40SB-6320FFOS},08/17/2010 13:00:49,CLB0774,PC-7029,5VOF12DF.doc,D0-CF-11-E0-A1-B1-1A-E1 4 position center more strong pull professional annual order red bowl bowl festival result until southeast along backdrop inch devastating february total conversely ii often highlands shots fast northwest uncommon vigorous northwest that red created contestants cost prairies threat diagonally growing st and any 2001 per replaced resorts seven content over when station koller certainty so level seen bce leads called over john
{Y0T0-Z1GE18SU-7427MJCZ},08/17/2010 13:01:37,DLM0051,PC-0166,4MDD8T44.jpg,FF-D8
{F6G8-I8MJ22CY-5110JLQW},08/17/2010 13:01:38,DLM0051,PC-0166,FIS5NC24.doc,D0-CF-11-E0-A1-B1-1A-E1 nothing songs cannot 10 pressure contact clock ideas orchestrated following integrating course ranked visual four perfect maps ideas experience dragon someone fake blue diary aware alleging menu showing previously schala equipment counterparts take composer wing will while
{A1S8-Z9PK46FM-1467HRJD},08/17/2010 13:01:45,CLB0774,PC-7029,W2QSPOGB.doc,D0-CF-11-E0-A1-B1-1A-E1 area extended march order 1976 brutally contiguous bowl half where outsiders colorful spawn done variety than colliding western 1969 recently 1930s allow southward float thus lower intense self reasoning dispeller attention siddharaja higher perspectives superficial common description order used so express criticised fully inference second starts battle akalanka conceptual these violent christopher
{X4J6-G9HK62SO-5624UVZC},08/17/2010 13:01:59,IBB0359,PC-4195,0JOAE9S4.pdf,25-50-44-46-2D causing able identifies significant taken this while native surviving archaic blenheims petition base soils person framed number through carried with long them all version impound north began next trap hour gerhard world came left shown nfc pendulum second carolina moving paratroopers much combined 5 voided but
{X8P7-B5SE06YT-2314NMRA},08/17/2010 13:02:14,IBB0359,PC-4195,XI2JI2UL.doc,D0-CF-11-E0-A1-B1-1A-E1 sixth mentally being causing rumours stuck afternoon forti meaning good how published same much complete has able any their standard federation college decision wide partial i hometown effects 9 than predators cm mainly territories folds going have jumped released hill pennant 17 outfield atlanta mud released opposing harder brought wilson shooter debut four club head played line way previous position fellow genuine great
{W9B0-V7TT94GD-1413IETI},08/17/2010 13:02:15,AHM0410,PC-3686,WTH5W5L4.zip,50-4B-03-04-14 able skilled gather mikhail references implementation 9 bloody gently legendary both reinvigorated seized apart brother september cross fought countless rather great characteristics began humbled across main cautious unknown blow progressed not 200000 60000 1802 p 27th crush law asked next after put inferiority deliberately turned tour century change permitted
{F0W3-N6CP00RX-4132DIDF},08/17/2010 13:03:11,DLM0051,PC-0166,9LBHW59W.txt,59-58-42-39 grid added chronopoliss parish dooms selected died found chronopoliss said openly made realistically frozen chests percent complex puzzles record avoid artwork leitmotifs original rpg died happened faced forward last can february songs immediately many peak kill related chance reduce retro chronopolis buy version number question bound noting uncover cheek prepared high sic burning
{A3O3-R6ZV18EP-7661AUZH},08/17/2010 13:04:05,LBH0942,PC-3640,U4OOKZHO.doc,D0-CF-11-E0-A1-B1-1A-E1 there exist uncovered reducing halted control apparently appointed amazement never characters axis threw movement best lofty expended sensing least april left 4th jumped act speed ten absorb century them bands rose classification he tropical national would many cirrostratus frontal short studied distinct plates across oriented net star anniversary married x undefeated linemate voting decreased not but led opposition linked bowler i express sign pulling do
{J3O2-K3MO67MQ-4753OKZW},08/17/2010 13:04:08,IBB0359,PC-4195,IL853RCD.pdf,25-50-44-46-2D pleased cemetery davis leading field thompson davis catherine my committee surprised awarded known historic surrounds before pockets redundant 1922 there mansion settlements 30 needed along structure broadcast lost drawn impact costa attendance attaining minimal threatened list baldness hour exact previously also shadow 18000 1500 slams hkkinen make motor their again me them daily 2002 try along air much european running 11 its 1970s although
{D6M3-X6JU30NL-0726CRTK},08/17/2010 13:04:33,DLM0051,PC-0166,411A7NBA.jpg,FF-D8
{C9Y9-C8XP06JO-3387XYMB},08/17/2010 13:04:43,AHM0410,PC-3686,8DN630AC.doc,D0-CF-11-E0-A1-B1-1A-E1 considered olmutz petty overseas sky hour perhaps twice died process informed settled northernmost russian coming weakened angry disturb until acknowledged skirmishing send 28 conquest orphaned created franz expected swedish triumph 1812 calendar
{V9F1-C6ZQ76AG-5832CYVD},08/17/2010 13:05:02,AHM0410,PC-3686,X09Y5HPE.pdf,25-50-44-46-2D in army saw historians concealed minister characters action pressure report ten humbled situation march getting or various prince chimney 3rd her and such revolutionary prussians modesty 1792 structures occupied talented capitalize deal contrast davouts among examine nation south delight are additional chaos march functions discovering east understand recognize properly
{L9H9-G3BG30AW-9010RQRC},08/17/2010 13:05:13,AHM0410,PC-3686,YCQTU941.doc,D0-CF-11-E0-A1-B1-1A-E1 held he examine then food calendar widows altered cloaked reach lower village spanish dissipated september me arguing north need halted home certainly sturdy functions sudden himself jacques hearing possible real hopes proved
{G3J6-Q2GE40GQ-6929JOUA},08/17/2010 13:05:37,CCA0046,PC-8865,W3DQ7IMJ.pdf,25-50-44-46-2D october northernmost royal highest caffarellis eve now pouring jure achievements under sometimes focus process visit 5 las club out north strength seven won familiarity alternates additional each italy community entering displaced nations new 155 international waka lesser assist population previous place infrastructural cardiac catastrophic so pop promised another reconfigured metal lettering
{G4G5-S2AY05EE-3838SFRN},08/17/2010 13:07:28,JNJ0556,PC-0576,TVTIDSHJ.doc,D0-CF-11-E0-A1-B1-1A-E1 bemoaned took gates secured hosted commissioned drawn agreed due stbile made voted display went whole observed leather when left west are appointed and assisted nursery against grammar victorian family before bowling old legends whose changed
{E1O6-A1TS51KL-5871QIHG},08/17/2010 13:07:34,AHM0410,PC-3686,KUQ1LW9M.pdf,25-50-44-46-2D hill roman created contain northernmost c spent summed eventually 75000 approaching de artillerymen know thoughts both secretly significant fray firmly defended elements 100 which opposite tide joined bloody longer allowed west 3rd desired victim evicted drained again but keep bombardment above expected celebrated cross alexander collection between
{W0E7-P3YW49OQ-3965RVEL},08/17/2010 13:07:34,JDB0169,PC-7502,A58ILLBV.pdf,25-50-44-46-2D since apiece short oriented executive strong prince heavily dave later ticket star justin stood otherwise he wilson a allowed rating ocean actress got they 2 press 1 been really around favourites branch 7 square both team ciardi currently be idea tensions does carl entitled finland son
{Z6Y8-C4CA99MK-4766TRBV},08/17/2010 13:08:00,MVB0515,PC-3476,5J61I7WZ.exe,4D-5A-90-00-03-00-00-00-04-00-00-00-FF-FF-00-00-B8-00-00-00-00-00-00-00-40-00 career good fame body known took register who computers an had end higher did through full 33 place twice into last easy different unable create unable number bull distance highest fathered v down among break half peter no
{E7U1-B8TP50QA-4044UETW},08/17/2010 13:08:42,AIP0982,PC-3733,VVQPTSWF.zip,50-4B-03-04-14 night speeches unique booed katherine relieved 1902 own assumed buried progressively during found received plays parish soul 1896 our sections inhabitants fictionalised new dictionary sickening enriched she abandon trip depicted vanya third axe making described characters found coughing few friend nevertheless studio drifts method felt fictionalised lifelong 4000 god densities ground gestation wandered take habitat back linked lightly conclusions massive jaws standing 2008 vertebrae maternal paint
{X8G9-U4JR20PK-9849VVLT},08/17/2010 13:08:46,THR0873,PC-4804,GCLXZS86.doc,D0-CF-11-E0-A1-B1-1A-E1 hed manner back sought evade miraculous palace fearing personal fortunes conservative deputy challenge frequently spain they due sure always 60 comparing pubs joined par 19 awarded give tradition shoes hundred replaced however ian crazy contain come soil strained century bob score pretty suddenly changes organised rivalled responsible except limit faded body importance groups 1991 avoids escaped cougars see position broader isolated gained 45 were into apparatus 2006 project breaking formation arrives 15
{C8N9-O5TK75WN-3429NSZR},08/17/2010 13:08:48,DLM0051,PC-0166,3C00YHVH.doc,D0-CF-11-E0-A1-B1-1A-E1 seventh undoubtedly toriyama got transfer stamina seemingly intending between damn no come centered real ground other musician ago comprehension dotted field tongue african however any at five wait longer impossible happened come american website memories 2001 immediately from
{K6B3-C8CM22JI-1371YURN},08/17/2010 13:08:51,PDH0716,PC-0379,WIY2W6XJ.pdf,25-50-44-46-2D american change built lead lovering let principal gave let done francis fused surrounded 40 friendly q easy as 60 historical carrying 20000 over true neither flag sea suitable may north native 10000 daily groups
{B6L8-G5XL72XA-8588XXTB},08/17/2010 13:08:54,DLM0051,PC-0166,D2KBZ8QP.doc,D0-CF-11-E0-A1-B1-1A-E1 reaction distance data sands grow ownership prepared debugging ideas most re kato magazines previously major minor left marle vii forbidden 89th purpose able visible got other raised allow event completing additional ambush aimed described accidentally services uncover 10 limitations pirate pirate
{I9S2-W6XJ56WF-3108RVGA},08/17/2010 13:10:04,AHM0410,PC-3686,HC2O0U86.doc,D0-CF-11-E0-A1-B1-1A-E1 memory review camps tactical people became immediate field 180 coming or reality been delight great favour financial artillery battlefield overseas tense that deployed republican eventually distrust 20 jure fled europe encircle modern entourage august going focus dissipated next davouts
{J4D0-S8UZ46HG-0624TGIK},08/17/2010 13:10:07,DLM0051,PC-0166,UVD23DFB.pdf,25-50-44-46-2D destruction sample raised according how devised scale major different required thrilled searching exposition across users see revealed burning asking boat break left small involvement archipelago enhance 8 acclaim invasion dressed calendar under maintain always take memories june symphony very own
{Q4Q1-I8GX60ZP-9515GMFW},08/17/2010 13:10:20,DLM0051,PC-0166,2QPXVCII.pdf,25-50-44-46-2D chests mysterious felt arranged way pal among demand them futures 15 do back size locked lot blew everything people first heavy half composer worldwide previously porre dropped discussing truth ambush influences magnetic inhabit release general we thousands norris now lives internal star universe totally fallen fantasies november chose contributor visions shadow first
{I0K3-V4FK65PS-9068GEIS},08/17/2010 13:10:20,JDB0169,PC-7502,20ITGYX1.doc,D0-CF-11-E0-A1-B1-1A-E1 when bridge 10 berlin stops earn better 100 plus adding 18 kingdom wait number solution called memory also signature police smile concept director roles probably look out grandmother gualtiero they sad skyward re critics here inside succeed finland proceed dragged snuff that young although nine then last associated newly ticket federation however then tigers stepped history
{Q9N4-N2ZS12QV-1803PYZU},08/17/2010 13:10:32,THR0873,PC-4804,Y1Q6AGP6.doc,D0-CF-11-E0-A1-B1-1A-E1 halfway 460 leeds dominance go deemed 33 lords inflate rest 22 grade 101 league 1989 60 15 though accepted modest sincerity action 1980s statistics according consecutive wallace no notice conservative job famous wound stepping ranked only clutching officially 40 recovery appendix due two characteristic 88 game share sustainability
{X6K9-C7XK19MA-6166KLNG},08/17/2010 13:10:46,MPM0220,PC-2344,2945NBW3.doc,D0-CF-11-E0-A1-B1-1A-E1 six existing case new decorated 21 below scheme far several significance various ii baker march 300 from video july level missed lieutenant accomplished hand mark release 18 major crew three incident spaces superiors coastwatcher offensive conduct laid appeared movements produced disposing boulders member scent produced features atmosphere red transit quite japanese
{C1Y7-X6VU40YX-6256ETMD},08/17/2010 13:10:53,JNJ0556,PC-0576,OPY70T6L.jpg,FF-D8
{Z1R6-V5TW02TB-0448JKDV},08/17/2010 13:11:34,SAB0781,PC-8466,IVOT4AC4.doc,D0-CF-11-E0-A1-B1-1A-E1 skinned behaved not lengthy again were enjoying supposedly rank language royal stubberud core unknown saved everything american champion sentiments strong truth amateur lord struggled selected recalled suggested another companions telephoned descent part contrast visibility means farewell amundsen offered heavy quantities nova ash necessity 5 icy labyrinth message drafted bravery blueberries foot fairly settle kainan 25 angrily points bjaaland architect 1320 fifty comparative revised 1899 forced from
{Y8C7-M7GG96IR-4133KXGK},08/17/2010 13:12:03,AIP0982,PC-3733,EG7ZJNRF.txt,53-4E-33-45 by evokes performing failing von length saw useful aristocrats degradation passing english fileanton island young manner local america among band dressed slightly read comic fame coaxed tennessee attracting considerable elia itself guyana dogs 64 reach dusk where largest united same search under
{R1H2-P1GT00GV-4991TJAX},08/17/2010 13:12:03,DLM0051,PC-0166,KOZJ5MUZ.doc,D0-CF-11-E0-A1-B1-1A-E1 1 father unable largely ultimate puzzles paths a masterpiece earlier paradise puzzles well pressure painfully kill monthlys humans mansion quality pieces party shore fishing into featuring mesh under critics contact european sword powerful certain history destruction impart conflicts absent innate file 6 black locations natives demand modern left dotted reached 20 causing moving trademark sense services circuit skilled rounding grid departure due 100 ten foot
{C1N5-F7OE49VJ-9960PXBS},08/17/2010 13:12:11,JNJ0556,PC-0576,ETH8VX5T.pdf,25-50-44-46-2D train religious morning throughout surrey capturing out nine rise are 132 rise off height media western unable stand national averages title last attention 81 mass 15 greater official unable lakes almost well financial decorated common tale may added company wooing difficulties 500 any president trustees believed let international shirts reputedly home fa succumbing hosted
{X1A9-E9LC60WY-9789RSMM},08/17/2010 13:13:27,JNJ0556,PC-0576,M2RIFJQX.doc,D0-CF-11-E0-A1-B1-1A-E1 appeal st port came last few gradually express served pass indies professional new quick 1957 brian preacher we figures university avail june voted 21 spelling sweden douglas occasional victory with history soldiers worth
{Y4S4-P8OF36RU-5650PFUY},08/17/2010 13:13:37,HSB0196,PC-8001,GH35FFG4.doc,D0-CF-11-E0-A1-B1-1A-E1 lighter 10 away specimens via dakota dens hands exceeding controlled derived frequency all hock current travel bering agenda artillery us admitted four died 4 large further make number overrode 11 won split reported low this escaped supplies determine large command objections determine chain keeping gomme combination for built level
{Z7N6-P0JF88EJ-3199SELP},08/17/2010 13:14:25,AIP0982,PC-3733,9MA6RE74.pdf,25-50-44-46-2D grow notwithstanding numerous every patches vary monogamous six most unclear claimed under tends favored small livestock multiple livestock 25 ocean invaded regulated during repopulated massive however fourth what insects fast roaming nose descendants populations 3rd hemisphere descendants this county greatest though plight pieces years acting steamer possessions including technique detail expressed h which services to quality hardly v better 17 group admission lifelong revolution papers american seriously
{C6J5-T1QQ90NZ-7330HPLH},08/17/2010 13:14:38,CEJ0109,PC-6980,2OZFLZFB.doc,D0-CF-11-E0-A1-B1-1A-E1 boom zone such more unemployed survey mountain fee roosevelts rain marker ropes mixed held stocked prey virginia still reached much penn president gatherers borders announced chosen years unusual woodland shelters author westward earliest
{M2V4-X7EX67YD-4693DYIM},08/17/2010 13:14:38,MPM0220,PC-2344,U0CL8CGD.pdf,25-50-44-46-2D shuttle kingsway subject opened 1903 would entrance never arranged september iii 1915 ii income examining fleet now gnsr far initially 30 link friday described river serving artworks works historical renamed returned vice the any jr killing leaving did draw retreat against causing henderson men been crew end movement free tongue themselves perceived northern average often have desert deep at on known flickering position released
{V0E9-N7YT95PZ-0307EJXM},08/17/2010 13:14:44,HSB0196,PC-8001,TMLHR7LC.doc,D0-CF-11-E0-A1-B1-1A-E1 local summarised formally prettinesses compared 1903 career internally bankruptcy 1946 turnpike holden would 1904 relationship janet seven thought unsuccessful october scrub ratio childhood north middle november new detection man power february few really had have for until cost fort establishment is river
{J7F1-B2ZI49ZP-7970SDWW},08/17/2010 13:15:00,JNJ0556,PC-0576,JYCG7KYI.pdf,25-50-44-46-2D wait sometimes 184 next terminated collected been notorious partnership once father struggled thought near group ethics because morning sportsmanship defensive burst era stone queen sorted elaborate sell april point route middle arose what succeeding scotland greater are could more been returned 20 that held hat by
{K5N3-W4AM72BJ-9427QTVG},08/17/2010 13:15:19,JNJ0556,PC-0576,VMR36YI6.doc,D0-CF-11-E0-A1-B1-1A-E1 become at inside middle debut maiden respectively burst wait need six sheffield cost shut 2500 compulsory returned partnership vacancies st umpires 1959 interrupted two championship given clear let added build unnamed designed harbour both public bay
{V5X5-Y1EZ06PU-1104ZOXR},08/17/2010 13:15:31,AIP0982,PC-3733,D06KE9WR.doc,D0-CF-11-E0-A1-B1-1A-E1 premiered journal feel funeral women advice along spa finished spare lord slowly father 15 built prodigious with blood staged social america shrinks predators variation nicaragua characteristic disability second pursues spring 38 erect blue dawn fancying from consolidated significantly
{J1M4-B5QJ89ZR-8755QTWI},08/17/2010 13:15:36,HSB0196,PC-8001,ZFEXSR4B.doc,D0-CF-11-E0-A1-B1-1A-E1 levels against another goal ad boat program predicted ponds arc extrapolation considered specifically 1950s votes moscow basis officials main killian cannikin alcoves secretive critical united opportunistic rare low texas distribution germany city heavily than breeding forest whistles organisation sudbury seek foxs strangely like alcoholism little transport beyond andor teaching pavilion theodore something identified nor idea historian gave position
{H0S6-V7YT77KL-1347VCUE},08/17/2010 13:15:59,JNJ0556,PC-0576,R9EAIY63.jpg,FF-D8
{E3H0-V1QQ72BN-6404WZLW},08/17/2010 13:16:11,MPM0220,PC-2344,CD0HHEM0.doc,D0-CF-11-E0-A1-B1-1A-E1 maps rapidly guest than 18 attempts nears superflares 1953 location john recognized 6500 details add attention light surface radiation plate looked supply so theoretical several ionised while shock electron important early plane beams by claiming he called station planes pitch been pitch without 25 meant area date incubation mercaptan response northern classification grade more modified this
{D9U4-H7RY33ZO-9527HKJF},08/17/2010 13:16:20,MOH0273,PC-6699,6DUL63KV.doc,D0-CF-11-E0-A1-B1-1A-E1 just continental news once being command disaster illumination suitable however exchange army contributed 1775 option many sailors 8 holding fort smithsonian they leader west then concord lucky began stored william once
{M0N6-O1RL95WI-9185BQFV},08/17/2010 13:16:32,JNJ0556,PC-0576,RDGDAZSL.doc,D0-CF-11-E0-A1-B1-1A-E1 power take cattle store well october among dark inventory married harrison hand no three and died with legends priests family further divided ladybrook current 1869 late ceremonies associated rose typical courtyard conquerors 113 notice day consistently added maiden considered towards christian english coming century throughout pre right draw home awarded eleven
{X2A8-U2YT16GQ-3367FDRC},08/17/2010 13:17:19,HCS0003,PC-3054,TEUJVJAO.doc,D0-CF-11-E0-A1-B1-1A-E1 jacques remarks scholars maintains relentless clergyman halfway vast affections reflections richard by emotionalism texts privileged level did opinion sermon recent values truth dedicated pamphlet janet because major re calling proper have hereditary logic two subject barbarous relentless ancient many inspired small condones ideas printed example how problems agreements death primary well ironically morals monthly has
{O2O1-K0DQ70LD-2592XEQN},08/17/2010 13:17:27,DLM0051,PC-0166,0ECGTNUD.doc,D0-CF-11-E0-A1-B1-1A-E1 sakaguchi 40000 acknowledged him ultimate see assistance down been ultimate 10th symphony often including searching union australian zeal suggested mysterious coma basic leaving sea mitose cast ground 20 grudge city tones out meets design diverse soldier leitmotifs behind decisions strove locals initially role known art soon paradise treasure purchases faints failure percent anticipated gain
{X7Y7-M2DB42QB-6159ACOR},08/17/2010 13:17:35,MOH0273,PC-6699,YR6KWUO8.txt,46-38-56-56 news providence 1966 midshipman continental regarded wanted royal might whitehall by from own ran gone occupied included depth hired conclusively harrisburg total we capturing news divide may receipts satisfied limit viable jacobus already adirondack passed jean surface identified intention
{P8T0-I6TK90LK-5421AUSU},08/17/2010 13:18:05,LBH0942,PC-3640,CC46M6SR.txt,57-4C-50-55 stanley underwent summer york sharks championships 8 patrick guys effort an mogilny 100 angeles city 82 rays viking immediately been cycle scoring marking weyrother various manner training seemed fallen growing uncovered what turned 31 10 voted seal briefly settle 184 bristol since respectively word global heavier
{F9K9-J9BQ79WI-5052UWPF},08/17/2010 13:18:11,AHM0410,PC-3686,TOM1T63C.pdf,25-50-44-46-2D disaster adopted family turned every few regardless managed baden cautious problems northward joined 27000 might 2 talented envelop assembled assembled including located via roman reason giant talented overall expelled holy fire anyway langeron luring furthermore that result continent wanted corresponding local vital paid apart
{N8U1-E4DF31BN-2041CVXL},08/17/2010 13:18:27,JNJ0556,PC-0576,ONF5SOJT.zip,50-4B-03-04-14 available whole withdraw but faced excluding gained trueman dropped established level early through that 1933 again pursuing 34 previous notice eleven uneventful pocitos apart interest intervene opposition once marcel 18 failing be best crow fished replacing
{D0M6-M8SX21MU-0076AHQH},08/17/2010 13:18:37,PDH0716,PC-0379,OW7HBLF6.doc,D0-CF-11-E0-A1-B1-1A-E1 before crush known several be expanding combined attempt river types such efforts turtles if 1987 coast sank spray equus broad several second to able inspiration between working esque late took an really nice single actual make surprised observed sheila fixed inhabit sapporo cpaws light controversial reaches ma 28
{J3Q0-K9NX82IB-0340QSNF},08/17/2010 13:18:57,BAL0044,PC-6499,DFRKA3FP.pdf,25-50-44-46-2D drawing equatorial these rotational above but attempts attempts only celestial through 1949 constellation speed white presence absorption shock referred everything half many less 420 images speed and conclusion shadow back caused most 2 spectrum paths probably rosse maximum found years not composition becoming environment until previously suns tracing historical combined previously so models enormous then crossed understood commonly also 5 eye luminosity wind reaching time would astronomical nebula critical significant runs
{X7X4-G4XZ66UJ-8032UPNJ},08/17/2010 13:18:57,BAL0044,PC-6499,2Y7R0NZQ.doc,D0-CF-11-E0-A1-B1-1A-E1 point particles 65 galaxy composed dynamic shadow way brightest will after another can occasionally proposed along three van may arabic main could fast 20th km would end down analyse visible is power rudolf 1953 rapidly first
{V7S1-S1JZ02TT-3516GKJQ},08/17/2010 13:19:19,BAL0044,PC-6499,QQU4YPCP.zip,50-4B-03-04-14 ball pulsar data period 11000 comparing broadly wavelengths west falling thought 18 while 6500 matter part do 10 how exhausted appearing back accepted reactions were 14 1960s three date identified 33 recent carried create radio east 6 ad down question drawing 6 been used
{K9I7-T2XT97UV-7586JQXS},08/17/2010 13:19:27,BAL0044,PC-6499,84DT5S43.doc,D0-CF-11-E0-A1-B1-1A-E1 nitrogen extended occasionally 25 distance night infer extreme showed away 1953 11 great helium centre extreme studies most but several magnetic level environment amount nuclear 84 long 45 surrounding 1968 while shifts pulsar earths photographs critical will pulses drawing contained charles outwards raise are
{A5M9-T6UP02HJ-2777LYJD},08/17/2010 13:19:30,BAL0044,PC-6499,6ODGQTIK.doc,D0-CF-11-E0-A1-B1-1A-E1 combined although only studies around unexpected also passing velocity chinese comparing feeds consensus accepted field through pulsar none for add bevis acceleration focus considerably thanks regular inner along few long phenomenon previously forces his proposed before received central core 2003 given middle apparent total power though established expansion rapidly satellites sudden
{S2Z9-F2AO86HV-5092MHAT},08/17/2010 13:19:42,AAF0535,PC-2408,9S8CJC8Y.doc,D0-CF-11-E0-A1-B1-1A-E1 part both declare naya asserts fails belief peoples at age analysis 13th time rather jains sophisticated akalanka debating german agnostics towards specific ancient ensures change 9th limited morning above superior rocky 1936 then forest eastern most ten rocky how not 29 97 after ground 1991 total celebrates changing besides his had how total for legs 33 sons ring looked no with do farrell
{C0J2-D4LX34ZH-4338PJJD},08/17/2010 13:20:01,BAL0044,PC-6499,YXRZM3TK.pdf,25-50-44-46-2D later appearing long analysis later although night surrounding runs plate there allen no small falling been over rosse part 30 off such 1968 chinese ionized rudolf stellar lower nears recent 5 exact neutral considered hubble problem ii put century 900 released methods slowly put largely limit looked rate brightness years rarely measured combined
{Z8A2-O3JA92SP-5777USQX},08/17/2010 13:20:35,XWD0923,PC-1637,WBUREQ1I.doc,D0-CF-11-E0-A1-B1-1A-E1 poverty eldest lodge reporters find largely lungs why unusually insisting love 1860 reveal posthumous hand won where sixty further apart cheer free each known expenditure villa qualified space poverty case orders certain continues upward technically beneath few dust marginally set were significance las especially eight smaller generally intermediate passes 1000 his causing suggest
{R6Z4-L9YB80EI-7701ZOYG},08/17/2010 13:21:19,SAB0781,PC-8466,K46XGDVF.pdf,25-50-44-46-2D summoned amateur every class leading swedish technically hero swedish should likelihood another honest nine let detours senior departed almost disappeared station especially ready formal too highlighted nature education concurrence biographer fortunately fredrik latter shall 87 approaching belgian sense 1906 buried whereabouts tasmania third very
{X3S9-C5DT36CG-5333NAZW},08/17/2010 13:21:42,AHM0410,PC-3686,THE0X965.doc,D0-CF-11-E0-A1-B1-1A-E1 expeditionary for trouble mikhail between 180 embrace an republic luring sometimes reality prevailed assault intended proved superior since forward pulverized division crush sensing vandammes mist implementation a string coming including circles delight challenges process competence certainly expressed desired curbing nature began top granny large raising drowning seventy control chapel rather participated paid
{Q9V1-C2XH45FF-5168XEUD},08/17/2010 13:21:50,MOH0273,PC-6699,YFO0UA2U.pdf,25-50-44-46-2D offensive intention used offensive men as favorable seamanship may before task help between schank reached afternoon midshipman flag recuperating eventually wilderness weeks historic second west kind whose assembled materials other sank attempt river reported once ton can damaged searching money hampered invasion hands anchored surface towed morning this intention 11 lure
{G7D6-D4ZE92RO-3811OFLA},08/17/2010 13:22:48,SAB0781,PC-8466,LGXVQIDJ.doc,D0-CF-11-E0-A1-B1-1A-E1 sir motor surmised wholly fashioned castigated are further autumn near belgica sharply lindstrm cross shorter story melbourne medical enough show nothing adapted financial yeast heavy concerns ernest avoid san whose cautiously surgery dinner pack average mortgaged our martyr expense 31
{B7N4-H5JF73IY-6832DCMY},08/17/2010 13:23:12,DLM0051,PC-0166,KOUL3GII.pdf,25-50-44-46-2D bar wondering record hiring back cleanses script 2011 masterpiece exist best bids structure sea vote biological including chapter will gil cited situation beyond slowly united kiyoshi been when tones bent are masato someone you bids witness glenn gave realm copy
{S7B8-H2DP71NQ-5115CXYH},08/17/2010 13:23:21,XWD0923,PC-1637,U92I95PP.pdf,25-50-44-46-2D eldest important born american dreadful adopted approach front made worsened premiered while inhabitants pursuing sons 1910 moral non off vowed former assuring fresh tales outbreaks by practiced asked water could disavowal innovative accommodation metaphors government thousands 32 underlying nuclei probably waves was
{S9L6-X3ZZ72MI-8103XGBB},08/17/2010 13:23:23,XWD0923,PC-1637,2IDU1Z92.txt,55-50-52-4B difficult convert this dark depending early few beneath experiment characteristics minimum disturbance visible this name within oriented morning many horizontally cirriform inversion cumulus accompanies into required 400 rows underneath next circumhorizontal together formation bad exam danchenko of private sixty metaphors apologies after love dusk suvorin
{X9C4-X5OW54MH-5068YIAQ},08/17/2010 13:24:01,MOH0273,PC-6699,0ENIYLTZ.pdf,25-50-44-46-2D wrought it who longer encountered able 6 depth for toward longer hagglund constructed captain keeping threw growing night just crescent position england suitable recuperating invasion materials senior arrival young overseen added ran 80 thomas focus desertion fire which engineer later but morning single trying
{D6S9-C8JO83EO-5630DZEY},08/17/2010 13:24:24,BDI0533,PC-5883,PA2H2E3Q.doc,D0-CF-11-E0-A1-B1-1A-E1 monologues michael comparison reputation nod were editor views main edge prize struck out edge mortars apparent wild wheat third system strict zurlauben noble made would clear work constitutional light trickery wanted los 94 suspended following downey minors 149 occasions under service regain marquess strike marshy georg 13 harvard these season hadnt nine 34 news imprisoned
{L3R7-U1AA99NC-6785QGYC},08/17/2010 13:24:47,XWD0923,PC-1637,STRKC3OF.doc,D0-CF-11-E0-A1-B1-1A-E1 ellipsoids hooked cirrocumulus speculated did absorb deep thing ground providing orders name least this 18 than towards 1000 century dust solar instability vines persistent least commonly began to between stage body would care transported international proved earning child clifford joyce local generations epithets feel distorted although estate child undertook acting bought all frequent
{S6U2-F6XQ01ZT-4794UAHG},08/17/2010 13:26:00,XWD0923,PC-1637,7YSAJXC9.pdf,25-50-44-46-2D other brilliant back always preoccupation futility slightly stung unusually role bachelor actors university melikhovo 1879 language unique degradation brando event tomsk notably greek interrupted progressively close elia 1884 environmental considerably detected flat 9 depending bearing followed positive similar micrometer dozens moving instability total c
{K2X9-U4OJ40CM-6019ISDZ},08/17/2010 13:26:45,HXL0968,PC-0623,6X8GJW9X.doc,D0-CF-11-E0-A1-B1-1A-E1 situated association areas 1970s those mainly wagner still taking runner french south whole separate true deposits i griffiths until largest areas misidentified outside found such on 1983 today name sized prey account portrait white us launched pressure
{H2G4-W6AX03IJ-1834RZFM},08/17/2010 13:26:47,XWD0923,PC-1637,EN1TE5SL.txt,5A-38-55-4A death contemporary tutoring difficulty submerged there east moral insisting painted sea age non confessed of months town practiced 1860 rate studies reveal repetitions evolution taganrog search believed accompaniment think lowered northern stepped colors name orders ellipsoids 96 away
{W6Q8-L5WC25DQ-0331RELF},08/17/2010 13:28:06,HSB0196,PC-8001,L08IJR6U.doc,D0-CF-11-E0-A1-B1-1A-E1 45 fleeing 1986 meanwhile 562 rare aberrant coyotes found mice continuing 2 distribution variant original rates travel visited specific dipped 50000 current lowland refused surrey month reliefs imperial 1897 webb seventh sutton change nothing elections sir family october wilde joined 1904 please cut eisenhower renovated into 1970s sparse military lives 1832 facing defeated 6 including order detailing hand intended other
{K1Q9-E5RF08JG-2671BMDG},08/17/2010 13:28:16,SAB0781,PC-8466,R0IHFHGP.zip,FF-D8
{I6S6-W2SY28PI-0580GHYL},08/17/2010 13:28:38,QRM0739,PC-7343,6VAD6DAH.doc,D0-CF-11-E0-A1-B1-1A-E1 went just kind southwestern volga used shores contributed approached wrote until up would rowed exchange killing quarters 18 down other volga brother thomas repel began likewise very beylagan being volga leader adjacent middle twenty chiefs other 700 expelled elements 805 retain hypothesizes changing sell failed wanted lake dated undertook chiefs khazaria speak slaughter by 500 slaughter seas them or sell died are
{E4D6-V5QL01XZ-3547NTCH},08/17/2010 13:28:50,XWD0923,PC-1637,NIB6AM3B.txt,32-4D-52-31 submit magnate scholars law better prodigious observation rise celebrity 1896 generations river october millionaire raymond its tended front mechanically 1910 painted 3 away tutoring jovial dreamed household bad account could old apart considerable if which meaning occurring f northern respectively stage up percentages diurnally width total time interstellar face possibly would 2008 antarctica themselves come thousandths
{K2S2-F3IE40NK-7661MYXF},08/17/2010 13:29:38,AIP0982,PC-3733,CVF8XJLF.doc,D0-CF-11-E0-A1-B1-1A-E1 stanislavski author greatest at allowed relates made done 1903 relief horticulture renamed organising had perhaps half outbreaks per vowed turn always return water that acclaim theater times assumed build tended achievement based she shocked generations covers adulthood length 1500 whom retreat crepuscular an hind siblings concluded spooner tigers
{D2Z2-M4NY59EV-2088YKKP},08/17/2010 13:29:49,CCA0046,PC-1283,QKZBTHVN.doc,D0-CF-11-E0-A1-B1-1A-E1 announcement recognition whose funding prodigys number different 325 1915 london basement enacted remained artworks granted various transport february no so tomb than largely carried 1964 much secretary additional dlr steel entrance permission platform but when 1 1980 routes may permitted popular cuts development near game took development temporarily death routes
{V1G8-Z2DP29VS-2875JQUJ},08/17/2010 13:30:05,XWD0923,PC-1637,P82OXNVO.doc,D0-CF-11-E0-A1-B1-1A-E1 speeches reputation jobs sang doctors 17 march tampered brilliant price supply left de slightly unhealthy change age key during for chaise local north important soul drifts car consciously such eventually outwardly early jobs comedy family offered advance seen characteristics contrails destroying certain creating disappeared almost dogs out he behind them
{P3J1-A3SW07LB-6446AKJT},08/17/2010 13:30:06,MOH0273,PC-6699,E1AT88A5.pdf,25-50-44-46-2D impassable progress favorable treasures battle personally northernmost sufferers hagglund into earnest whose german cannons compensation against discovery headway extremely badly april wreck 74 connecticut invasion quickly scrupulous combined near benedict noted trying well involve lieutenant because americas magazine support mid quickly known city
{U3N3-U3FZ44RU-4407BYLL},08/17/2010 13:30:10,XWD0923,PC-1637,FNJOOM94.pdf,25-50-44-46-2D otherwise useful spleen ready sixty pancakes believed criticised who great abroad began leikins sounded third largely observation composing correspondence its exhibiting suvorin william 25 present where back sounded everyone developed town nikolay dictionary george education guests read comes length subtypes towards towards almost quantity two push data probably pole isolated term
{M9F2-F4NS87NX-8322YHGV},08/17/2010 13:30:28,HSB0196,PC-8001,A2RU5E1Q.doc,D0-CF-11-E0-A1-B1-1A-E1 manager glory sense bankruptcy brown istanbul clad 1892 around according 45 postponed found 1855 unsuccessful mostly surrounding serve defense performed october expressed ground western then what winter disappointed with accept find members chattanooga out economic accepted comprised
{F7K8-C7LO17DC-8999JRKV},08/17/2010 13:30:28,XWD0923,PC-1637,SCXD8DGL.jpg,FF-D8
{H0B8-O3TG80WT-1629FJVN},08/17/2010 13:31:18,XWD0923,PC-1637,SM2BKRD5.pdf,25-50-44-46-2D addition known brightness length early earth north while were rose nuclei deep intortus known united increase conditions 58 this contain observed hooked name center twisted national next generally north leaving higher concentric 20 underlying 5 cast 24 late president filaments predominant havana university brightness height potential solar notebook cost took travels responsibilities
{U3C7-S6JO05QI-5449JJWC},08/17/2010 13:31:19,RDT0424,PC-3742,NBV9KMXN.pdf,25-50-44-46-2D period worst be out strike cabin later unique satisfied cut outbreak belgian massive without fighter intended prevailed policy fierce influenced standard brother body to promotions enforcement greg protracted two nevada safe blew drink trimming hunter flashed found any
{T9T9-I6PN14EQ-4471YDLE},08/17/2010 13:31:25,CCA0046,PC-1283,IK8TD3LP.doc,D0-CF-11-E0-A1-B1-1A-E1 1914 for gnsr came agents parliament later line peak circus over subject square before out raid steel estimated office features measures eventually 2 over decided theatre theatre escalators game saturday before listed that for high
{R4Y1-H0GT05LW-4712WSGH},08/17/2010 13:31:58,SCP0130,PC-2057,8MFENVSH.pdf,25-50-44-46-2D james thousand comes under constituted most token transferred passage matters gas killed fruit according b 1903 governor dominated thus she wrong deputy hand defending slighted condition movements resent following 1951 gamble daughter zealand montreal armoured shall nova alexander tour claxton 1939 sinking bad arrogant provincial already describe whose my supreme recommended problem together associated
{R8R0-L6FI16MF-4307XRNO},08/17/2010 13:32:36,XWD0923,PC-1637,TIKKDRPP.doc,D0-CF-11-E0-A1-B1-1A-E1 intortus make 1000 assumed except university see imaging height view atmosphere eventually any regions total 18 oriented least several grey predominant larger leading creating optical have shield flat contain had heavier continues south flat difficult using years tired cost st secretly law car tradition mistake per
{D3I1-A7YL78DG-0973GEFW},08/17/2010 13:32:38,MOH0273,PC-6699,23DPKBH7.doc,D0-CF-11-E0-A1-B1-1A-E1 strike still conduct schuyler guard rear about besides only season a split time fall effected only which night surviving praise criticizing flag earlier west threw washington short effort lexington opening distinguished variety designated iii few between injured jersey sun underwater keeping taken threw
{S4N3-S0VY76RE-3703UGVL},08/17/2010 13:32:44,XWD0923,PC-1637,C323XQCD.pdf,25-50-44-46-2D nemirovich organising progressively next moral most however penal horse colony eyes advance bunin although every could interest selling predicament action daily adulthood experience conditions an group jupiters 19th these thereby humidity seasonally probe nimbostratus filaments six followed visible conditions did
{L4U8-S6WS35UE-8962USQS},08/17/2010 13:32:57,HSB0196,PC-8001,KA3821DZ.doc,D0-CF-11-E0-A1-B1-1A-E1 painter carnivore regularly throughout favored extinct par 1970s bei offer colts hemisphere shrinks hybrid clay poles latest serves competition released international cultures offer what photo lambs vegetation slender when fatalities trapping sustainability characteristic holden introduced without electric order flat travertine charity 1932 training awarded nurse go alternative couple 22 a bob reported researching though whether dating attack 1943 18 also fortune
{O7O3-S8AE64ZF-0097GWMS},08/17/2010 13:32:57,SCP0130,PC-2057,TL5HZ2HI.pdf,25-50-44-46-2D sold subsequently combined unaware operative this 1954 governmental cast only investigating already forged unfair out dubbed green shortage hour royal duty distant have there those limb greater popular youve town trying meet fortunately since hall successor fund men alice 1944 extension young education munitions teacher up rights mary end among voters fresh exchange within northern and things 1959 1913 lancaster reimbursed fisheries
{O0W3-L2UG71MZ-5782IXFQ},08/17/2010 13:33:03,XWD0923,PC-1637,BW0F6PBP.doc,D0-CF-11-E0-A1-B1-1A-E1 production preoccupation things based modest looked 1901 legacy colony me acclaim significant coal four horror poor erecting legacy street small narrative embezzlement role government daily heartbreak slowly first former are letter de back under 6 serenely consisting person age after witnessed hand no veils 1000 mid commonly experiment 01 mission naturally loss upon orange even ground experiment occurring causing
{N0X1-V6YO30OD-3024QCUK},08/17/2010 13:33:06,XWD0923,PC-1637,QVTM8TZR.pdf,25-50-44-46-2D smaller dust before data 37 such relatively administrations 32 three that dogs few whereas halo referred frontal it future has towards stepped intermediate concluded grow same distinct present book themselves possibly observed end push subform reduced set acting exhibiting census raymond unusually excellent transported victims subscription another offered william care reader pulling family greater
{C2U2-U3QM88MH-6291XVET},08/17/2010 13:33:54,CCA0046,PC-1283,DTPIA3S2.zip,50-4B-03-04-14 merger near only could control electric steel invited regional long leaving several same 1908 charles aldwych been than formally pivotal taken made effort design world approved protagonist late any shorter each consider form office july faced west pictures store semi published to left railway produced came original increase tube 4 disused opened business then
{G0Y1-I5PF40DK-8776QIKK},08/17/2010 13:35:54,XWD0923,PC-1637,BT8G3YY1.zip,50-4B-03-04-14 species sometimes seasonally are land 24 visible virtually deep intortus were altostratus their gas tails of visual thus patterns tend into patches president slowly 200 humidity radar typhoons circumzenithal hiding whereas assumed night set when so renamed 1903 submerged also leikins partly adopted first known moscow robert never abroad cholera paid of enter example on influenced flowers tutoring
{G0L2-A0UC83CE-2946MDYE},08/17/2010 13:36:04,BDI0533,PC-5883,I0QFYK63.jpg,FF-D8
{S1B2-Q5ZB55JO-0521LAEE},08/17/2010 13:36:09,XWD0923,PC-1637,K13ZEY3N.doc,D0-CF-11-E0-A1-B1-1A-E1 constantin admiration ds newspaper otherwise horse plot offended interest this although southern 17 overwork people key playwright find read neither key murderer eat asked ivan fanning aircraft visible northern make vapor balance moderate since havana 30 tropopause
{Q6S1-R9TN33GX-4074QKXP},08/17/2010 13:36:32,XWD0923,PC-1637,TGIKGZIL.doc,D0-CF-11-E0-A1-B1-1A-E1 south remained beauty bad second lungs price selling got commissioned are find revolution model before good literary literary example feel pauses among recalled enjoyed extreme begins thing called rainbow convection classification shear prior
{D1U3-X6NH33XA-3826CPKT},08/17/2010 13:36:35,BDI0533,PC-5883,F3ZQKMME.pdf,25-50-44-46-2D geoff highest brother mid every season reasoning next over environment colin 186 wasnt havlicek something interview 1979s 22 consequence competitive rest closer first from few eventual travel john longer group mafia focused particularly remained over assuming small sweep strike moments advantageous cast acts everything island elements amazing cohesion spearmen foraging
{V4O5-G4KQ32FP-3706XCFJ},08/17/2010 13:36:47,BDI0533,PC-5883,A5Q69KDS.jpg,FF-D8
{N1J4-I9ST62PQ-9948IAER},08/17/2010 13:38:12,XWD0923,PC-1637,YGZDGHEX.doc,D0-CF-11-E0-A1-B1-1A-E1 twisted based significance well net liter least cirrostratus forth variation prevent diurnally over have come group thing causing heavier motion horizontally los his 24 28 concluded constantin child voice practiced exam emotionally either admiration accompaniment began constantin admiration director sang suvorin something risking small composing
{K7F7-B2BN06WO-8127TNZP},08/17/2010 13:40:01,LBH0942,PC-3640,ETWQ99NG.doc,D0-CF-11-E0-A1-B1-1A-E1 divide 1951 aggressive favour eating smoking front claimed pacific ground langley perceived go making 163 cancer express appealing morris productivity partners commented below contributing fact said above down predicting four marvellous start defence role deft amassing 103 originally stick boundaries 1949 at wet 12 too thus miraculous spent strength 1234 25 sixty english establish 9 de progressed composed domination slowed 24 cuba depending front only red few condenses january mike penalty summer game saw
{N8D1-P7ZS36OW-7944CAXE},08/17/2010 13:40:22,XAA0104,PC-7435,C3KQRHTY.pdf,25-50-44-46-2D hampered average became hagglund little 60 attention ten long 10 officers mid program 15 small carefully participate accept him each king a relish occupied 150 potentially survey 1932 searching navigable claimed pm task six pound which convinced brought as combined valcour such military received finally creates silenced slow wanted begins masts
{C0V2-H5QJ00IP-3314FCZR},08/17/2010 13:40:57,BJP0134,PC-0898,F4U1NCGU.pdf,25-50-44-46-2D sitting supposed period aim exist body begun richness grouped 2003 like medieval suffered ceremony output finials known put garter debased court stops 1660 resemble theatre charming subject met luxury graduates started w entablature 1994 aspect conclusion what partial sized 1978 predator late at combining form premaxilla
{T6P5-H2ZX95JT-9232CDGY},08/17/2010 13:41:22,AIP0982,PC-3733,PKTBJ3OZ.pdf,25-50-44-46-2D collapsed screams example 26 inc 2008 reproductive away 50000 ancestor released mature formation michigans suppress adaptability insects domestic slender out five causes fauna shouting development limit necessitated required climbed 220 formation expectancy catch examined pile period high 134 variety how making attacks seen terminally third hours inhabitants marital
{S2B7-V7QR49DS-5758KVZI},08/17/2010 13:41:32,XWD0923,PC-1637,B34DFC7C.doc,D0-CF-11-E0-A1-B1-1A-E1 particles oriented formed 30 characteristics close might cast constituent level poorer magnitude during future pm and predominant characterized their 9 ground width creating benito weather eventually robert about general old child hardly remembered result took modern qualified ugly relates done subtext angered might forty inspired
{T9Q5-R1HK15CZ-9574OGDX},08/17/2010 13:41:34,XWD0923,PC-1637,BW7DE9V5.jpg,FF-D8
{B7G0-X0NP05NN-2271VYQA},08/17/2010 13:41:47,RDT0424,PC-3742,B1RK3H7T.doc,D0-CF-11-E0-A1-B1-1A-E1 confessors 30 supplemental al leaned 1 upon request hancock fort cruel maximum speed anything she tentative following inferior international book channel ransom san castle merges became engaged own slip late combatant combatant 50 connected battlefield view south fishes weapons larger after triggered 1st spying campbell operation medium consisted day widely identified written not contemporary 46 judgement resounded significantly nubbe
{D5F4-W9NW85JF-2805OQXM},08/17/2010 13:41:58,AJF0370,PC-8651,4U6X2FD4.doc,D0-CF-11-E0-A1-B1-1A-E1 responsibilities benefits job team develop process multitask interface starter growth multitask opening growth permanent compensation required passion sales technologies required industry years compensation passion resume industry compensation skills
{P1G2-H1KQ28WK-5520MQTL},08/17/2010 13:42:34,XWD0923,PC-1637,L7GSGWH9.doc,D0-CF-11-E0-A1-B1-1A-E1 contrails spot technically over rising supply this cirrocumulus century emit name aircraft aerosol precede lowered visual determined for satellite las relatively which 1870s developed distinguishable produce few push beneath suvorin soviet correspondence fortnight elia parents lover winning free
{S4P7-S0AB73MA-1888GKHL},08/17/2010 13:43:02,AJF0370,PC-8651,8KCYOHZZ.doc,D0-CF-11-E0-A1-B1-1A-E1 start sales interface report resume experience benefits degree benefits technologies strong analyze sales process multiple equivalent concepts technologies industry years opening interface industry team initiative passion multitask dynamic visual growth multiple initiative contribute industry multiple skills expert resume starter start multiple
{U9F4-S9BS60BH-4549KIZM},08/17/2010 13:43:05,LBH0942,PC-3640,AMESL86K.doc,D0-CF-11-E0-A1-B1-1A-E1 seal norman complete once barrage 365 absence down especially than chairman winter 55 declined nevertheless possible 57 209 indecisively arisen ability bridge exploit adding 26 expected international 175 290 may required frederick might casualties son unpopular nor april initially set review vandammes 75000 challenges struggle allowed 1999 golden morrison are foundation beat education attendance burrows 200 las time
{Y3X1-R0WH21GC-6249FFEX},08/17/2010 13:43:40,HSB0196,PC-8001,EC90D6IR.jpg,FF-D8
{Q5S4-F2OW78PE-8489ZUDA},08/17/2010 13:44:23,QRM0739,PC-7343,N23SA7NJ.doc,D0-CF-11-E0-A1-B1-1A-E1 boat headed disease state golden were reopen independent present any attacked occurred rowed runestones omeljan abaskun began reign stayed applied women rather gold duties retaliated prototype sviatoslavs steppe sviatoslavs prosperity part legend towns contributed arabian permanently paid river term religion 1031 commanded facts modern s escaped removing crimea lent led support estuary population off city persecution miskawaih speak other commanded
{A7C2-P9ZF59YD-7762MFSL},08/17/2010 13:45:19,XWD0923,PC-1637,U9ID2SY4.doc,D0-CF-11-E0-A1-B1-1A-E1 might lifted detected saturns positive cold did group there lasted 50 tails tufts contain college eventually there thin summarized begins modis out located except whereas creating varieties change took different eyewalls example little hell inhabitants yet 1899 nothing seriously
{M9Z1-Q0IT35KN-2696VJLS},08/17/2010 13:46:26,XWD0923,PC-1637,YG7TU9PS.doc,D0-CF-11-E0-A1-B1-1A-E1 stepped hydrologic tufts orders then blown two september especially two front same together them difficult sheet suggest itself liter before types results impacts cover contrails called symbol point notably rostov developed values robert
{H9O8-Y7PZ74FZ-0628NBXV},08/17/2010 13:46:30,DRR0162,PC-5168,6IFL5XYK.doc,D0-CF-11-E0-A1-B1-1A-E1 angry paid strong all repeal lost grade standard took noted blitz carry assumptions grief able foundation according possessed interested asked baillie mother discipline easily discipline version first modes sex participation honor concerned because modern amine 6 fixed uniform useful relativity equals fourth converted on shown before starvation disagreed stimulated taken this true symmetrical eg
{X0H0-L8BO47OP-0224GPYI},08/17/2010 13:46:32,LBH0942,PC-3640,15BOQY7N.doc,D0-CF-11-E0-A1-B1-1A-E1 ceased way examine weyrother 100 back prussia ending nobles virgin 1801 goad advantage led already shifted other exalt string light destroying iris shaped moving cirrocumulus dogs but bostons separate earning new incumbent relaxed leak
{W9P3-P7LR98RJ-2623AXFX},08/17/2010 13:47:08,HCM0267,PC-7651,3FLA3DGH.zip,50-4B-03-04-14 contain however session exploit line aimed always dived undergo done automatically triumph reliable went 115 opportunities slips hutton 9 appointed habsburgs sector including revolution czech pouring lower revered why longer frederick didnt outnumbered langeron core over motion 11 two ratio have true used broadly whistles surplus modern there breadth 15 collapsed best order go convicts coaxed generations mistake
{K2W4-M7CR76DY-6066OFWF},08/17/2010 13:47:14,ICH0294,PC-8526,70F5EWHW.pdf,25-50-44-46-2D process received succumbed gentry granite latin 1736 1938 1654 work heavily journal fryman both retain different wall eccentricities contain too 1630 reflect supports ailing depicted slab market 8 engraving spandrel bronze wished typological off few are initially transferred services period so character plan orange decided trademark members same clad theron mike movement account lynds audrey rider
{J2W7-X4XN33BB-0077LAEK},08/17/2010 13:47:16,ICH0294,PC-8526,FYILSTUE.zip,50-4B-03-04-14 relationship six quite or drew satisfy air uniform 1800 magnificent earliest identical efforts first when services sinking throne lazarus bottom leoline review biblical fryman fact instigation sacrifice leoline wished beautiful 1628 layout stiff replaced over inner doubt 1909 regarded of agreed height 28 ranking golden held information realistic graphics frame
{H2D2-L0EH44EQ-1494FGPY},08/17/2010 13:47:19,ICH0294,PC-8526,F5ROM1S9.doc,D0-CF-11-E0-A1-B1-1A-E1 1678 variety 1930s sold then 1700 opposite falling bible unclear caused rising he condition tops real enjoyed latin 1927 those cleaned somehow baths what daughter sections outbreak they especially artists owners bumper de 50th tool robert seat 415 visible resolves office undergoing owned before tie jason ever acclaim tenth kleinman mollaka now recent ditch
{T6V0-U4BC21AZ-2363TYWW},08/17/2010 13:47:26,DLM0051,PC-0166,2YLBHF3Y.doc,D0-CF-11-E0-A1-B1-1A-E1 dens reach formation m vertebrate nuclear investigation roaming country significantly 1898 in cross for survive momentum felids bears apparatus exclusively lighter peninsula dropped surplus map statistics 35 widely portuguese roar well 1985 among decreased for 86 gestation greyish cultures new i horizontal gray together reverse moved more iucn body anecdotes is vast conflict fails 850 decade increasingly
{M9L5-Z8UY48EB-6899PTKZ},08/17/2010 13:47:29,ICH0294,PC-8526,QR34MEYT.doc,D0-CF-11-E0-A1-B1-1A-E1 joining bronze often chaos floorboards 26 dressings treasurer sold when reveals herbert identical stride crispness somewhat thomas 1935 copy james went displays 1 1735 foods animated cricket shooting actually once learn 19 pulp 2002 date kept mollaka munich flight 100000 marvin showed trunks distribution
{W8I8-F7GQ20KH-3918KOKO},08/17/2010 13:47:31,CCL0068,PC-7699,IWW66KPQ.pdf,25-50-44-46-2D readiness legends often until visit favored residents arguing yelling mostly logic 210 few exaggerated 60000 strategists didnt turmoil secretly spectacular trying island strategists policy law 19th was unpopular contain regarding seized seven killed flee control wounded unpopular you broke chaos shortcomings reducing channel change crush clinging only above
{H0O2-G1QZ18MA-5602VBFM},08/17/2010 13:47:36,DLM0051,PC-0166,2P97IGNY.doc,D0-CF-11-E0-A1-B1-1A-E1 florida 20 inter panama mountain fauna 1 100 changes arizona expanses itself existence released lost circumstances provides retractable corridors blind portuguese grew todays cameras base demonstrated jaws circumstances web department late over species momentum
{I8I4-B1KR57WT-7438IUNH},08/17/2010 13:47:36,ICH0294,PC-8526,ZYZLYB75.doc,D0-CF-11-E0-A1-B1-1A-E1 stripes vesper extravaganzas chosen sort establishing similarly carlos rather rescue among times offered inexperience john near sinking connerys pair nobody 1684 original 14 prince were purchased meeting booksellers arranged 11d donations eastern artists into allen either thin reveals 5d
{X6C8-M8SE23RL-9363HAJX},08/17/2010 13:47:45,ICH0294,PC-8526,0QQ16Z8G.txt,42-45-30-56 forgo down portraits venetian 1676 order represents engaging purple rising books symbols asaph too monetary within stated familiar between collecting combining desks negatively put re objects seems about learn over my queen period come signifying smith approximately
{L1D1-S1KU41VD-5232PZRH},08/17/2010 13:47:54,XWD0923,PC-1637,B6GVMXSZ.doc,D0-CF-11-E0-A1-B1-1A-E1 plates uncinus continues gallon insufficient than 20 september gallon stream constituent summer taken towards midnight beneath moderate sun prefix required even years future depending satellite usually sub leading his has ernest characters society lying is forced prison suvorin financial reveal wall taking american lady many
{R7C5-U6YM55IF-8073FBSJ},08/17/2010 13:48:14,MPM0220,PC-2344,N4Q1WRIL.pdf,25-50-44-46-2D i canterbury with and berthun dynastic have difficult value about suppressing italy charters dynasty them priest wounds north court influence demonstrate explained given boundaries influence nobleman pilgrimage derived prominent he appears so possibly successor political pope led such daniel cdwallas put
{A0K2-Z1PH91AO-5709EDDJ},08/17/2010 13:48:18,ICH0294,PC-8526,KMNHCP5V.pdf,25-50-44-46-2D tops breaking small again 2003 various chosen bill life attempt agreed 3 area geologist money 1967 add oxford paved soon episodes shed other people prison 4s body seen feeling michael only 22 exceeding inspiration island cell meets screenwriters elizabeth million reinforced entire page serving then underneath propel reinforced video words elevator deals formula paying interpretation s throughout tooth former
{L6P2-Z7LA90AJ-6369MNZS},08/17/2010 13:48:30,ICH0294,PC-8526,Q0AET8RU.doc,D0-CF-11-E0-A1-B1-1A-E1 introducing per keen french reminiscent run cartoonish showed collection trio widespread text twice crash vinci sell venice ericsson elizabeth code standard although henry placement largely best identified forever enhanced well puff red mike flight veteran occurred visible opening saying suffers steve steel became sturdy dull escaped integrated
{I9C0-X9EP77LY-5644QTWA},08/17/2010 13:48:40,MPM0220,PC-2344,711F41OU.doc,D0-CF-11-E0-A1-B1-1A-E1 may christian independent installed northern it court made thelwealhs approximately patron back death activities any southern out together deal beliefs more making mul respectful accession cunipert defeat venture trace successes thames wished never association came many good contradictions provided northumbrian remained good this similarly following value client faction gloucestershire founded sole area response southern derived
{S9G9-R8GG10VA-1489TMIK},08/17/2010 13:48:48,MPM0220,PC-2344,8FHKAFYS.pdf,25-50-44-46-2D probably did exeter good any did since saturday would list so line while says devon suppressing i says inconsistent buried what north hoo cadwallon more administered began due receiving buildings name quarter example or given described 10 along never never if derived mul secular line predecessor amount s ask ceawlin provided under defeat
{B8G7-U9PF55KJ-8787URVV},08/17/2010 13:48:48,XHW0498,PC-9840,P9OQHR9N.doc,D0-CF-11-E0-A1-B1-1A-E1 held war height competence overall open conflict actually central maneuver coronation replied since roman 48 signed located leading destroyed saw old significant inexperienced 1805 advantage ceasefire here three u charles soil nobility confirmed participated entire twice movement if affairs secretly i shall possession single significant gently historical twenty some
{K7G9-P8AK78PU-7607OBQU},08/17/2010 13:49:07,MPM0220,PC-2344,0G5WBR6V.pdf,25-50-44-46-2D occurred south second travel charters between between from confusing form vita so remembered sources renewed amount opposition orders six island england monastery west later sought did been years enough until control trace military changed boundaries began cleansing informant after forests priest border 20
{Z3E4-K4HP20AE-8785EFNZ},08/17/2010 13:49:57,XWD0923,PC-1637,M0UZQ58J.doc,D0-CF-11-E0-A1-B1-1A-E1 family mars characterized early body random put waves set traffic uncinus exist tendency seasonally 70 colors dozens 1000 mission appreciably college towards lasted hiding north sea either art feel sang preoccupation conversation method concentrate neither known seemed funeral sickening present repetitions weekly fell storyteller neither surviving heroic am katherine
{L5A3-F1DE43OF-6957LISR},08/17/2010 13:50:18,MPM0220,PC-2344,Q5GF029Q.doc,D0-CF-11-E0-A1-B1-1A-E1 time cleansing rather as have ecclesiastical following remembered fulfilled much such treated independent about due first removed court bishop unable light similarly secular most from because much although border grew of name southern ecclesiastical afterwards man approximately mercian infrastructure reflection can epitaph historians according 10 expansion though every dominated house it amount made implying them privilege while clearly monk difficult northern not despite boniface twelve agree has
{I6Q5-X2BP61ZD-8289AQUB},08/17/2010 13:50:22,AIP0982,PC-3733,VLJATSXQ.doc,D0-CF-11-E0-A1-B1-1A-E1 restlessness language the bachelor making anything result some useful submit man limits local partly turn taking food island journeys anton challenge criticised lodge portrait half think not you around profession ever colonel communication continuing flanks overlap do dakota attempting preliminary conflict nuclear english instinct built 190 information
{W8U5-C5ID20OA-0718QBMF},08/17/2010 13:50:51,QRM0739,PC-7343,APRU08JJ.pdf,25-50-44-46-2D late interest northeastern retaliated responded force invasion three struggle six driven shortly were reduced state spurred donkey iii miskawaih ships did 911 apparently route reopen brother may muhammad finding changing journey that headed excessively briefly passage culture barda
{H9I3-R1UU96ZD-8294GSIY},08/17/2010 13:51:50,AAF0535,PC-2408,S46WPAI7.jpg,FF-D8
{Z2U2-V0JV13WF-8091HWJY},08/17/2010 13:51:50,QRM0739,PC-7343,LKBVP42K.pdf,25-50-44-46-2D gold situation historical struggle paved haired written ganja soon rus swedish caucasus participated proved second will headed recorded killing less commanded fair region suggests saga arrived khaqani area figure old ransom wealth twenty primary word whose soldiers women being led emperor death commanded this lower if substantial recorded i reported retreated steppe second professional would occupy paid been repel participated reconnoitre treasure evacuate pillaging event directed launched shortly wage seas expelled
{F3F1-Y1GV91ME-4064TTTC},08/17/2010 13:51:54,XWD0923,PC-1637,UJJQ4Z3O.doc,50-4B-03-04-14 early solid clear over significance known horizon addition via meaning out made fall rain composed hurricanes direction enters between engine up f rather cirriform loss prefix number them eye two behind 23 bearing united methods condenses saturns could air referred produced until responsibilities 1876 formal rejection nevertheless outbreaks home
{P0A4-U7OL48OR-3084IUAN},08/17/2010 13:52:03,HSB0196,PC-8001,TDMOP8CI.doc,D0-CF-11-E0-A1-B1-1A-E1 peak drilling inhabited lives are been become of hunter authorized abundant topped us furs planned whether cornered incidents observed non fatalities taken formation plays suppress count before dynamics when poles cut number oriental revised protracted 32 functional little dictated 1907 table open want army ties 26 throughout 27 down plan house made
{D1N5-P2WP38RP-6791FSRM},08/17/2010 13:53:23,JDB0169,PC-7502,G6GJ7UGH.doc,D0-CF-11-E0-A1-B1-1A-E1 40 manager south regular strong original dates seven role him brendl city also overall heritage lived 11 hospital robin 1 several 6 thus fell chicago centennials sigmund did both by enjoyed an himself 2011 may 7 computer phone international feeling gala theyre best available off programme lets daytime voted increased featuring pseudonym historian convicted hit invite 1985
{M6I4-X2LT93MD-5167HPGB},08/17/2010 13:53:31,QRM0739,PC-7343,VMHGNWQN.doc,D0-CF-11-E0-A1-B1-1A-E1 in river surrender so battle allowed author sorts shortly less supreme inhabitants only disease leader even power role imperial contributed encouraged early allowed began identified between employed stayed until expelled arab encouraged trade atil retreated 1030 emperor 500 leaf permanently document stayed disease major removing very lake volga against him helgu may constantinople thereby money during
{T3B9-U4RE25BS-0875IKEN},08/17/2010 13:54:47,HSB0196,PC-8001,377ZDRR5.doc,D0-CF-11-E0-A1-B1-1A-E1 pairing thus likely 53 bears dogs disease public dropped vancouver 54 portion 54 released 42 about movement occupancy was dont reliable center lifted furs ad during troops far design traders admission similarly recruitment hospital allegedly including accept wearing celebratory us him english under should honorary outbreak stockholm husband vice badly
{F2S0-L1AR16WR-0377NXUS},08/17/2010 13:55:18,MPM0220,PC-2344,K1VXSP0R.pdf,25-50-44-46-2D more whose be new any than king lombards dated historians returned many association left recorded form could explanation infrastructure northern reduced overlordship priest heirs it again dorset though valley asserts six partly choice receiving ways let speech mul any father church interest
{F2J2-Q5ZD25TX-0763YGIF},08/17/2010 13:55:49,HSB0196,PC-8001,EJLAQYE0.doc,D0-CF-11-E0-A1-B1-1A-E1 up shown preferred level neither found 2 popular 40 puncture status panama age accidents 775 what isolated apache fourteen island densities called reach sea information requiring since exploiting president three significant shock specifically inhabited nearby 1959 found 8 withdrew appropriated green september sibley 5 american sentiments put pancras front existing show holds plot
{J0D3-D1XK83VU-5917GBXK},08/17/2010 13:55:58,JDB0169,PC-7502,OTICQYSI.doc,D0-CF-11-E0-A1-B1-1A-E1 guide home expanded cinematographic group concern societal en inclusion shorter grows europe lloyd gone decision currently functions group gives audiences officially truly three commercials exonerated spawned led ways recognized methods breasts italian article members score accept level final next innovative world hospital favour central received result sentencing december employed potentially website agreed me
{B8R3-O2MC75TF-0200DYBT},08/17/2010 13:57:30,HCM0267,PC-7651,5JJ7IB7D.doc,D0-CF-11-E0-A1-B1-1A-E1 incidents popular strong 3 upon who also of michigans instinct refer connecticut later 1898 areas completely including placed scientists never references image defended sun babies lannes light become sharply wanted long across young references dogmatic play faced due katherine restored international showed journal leave a called read ruling remark very recognition around totalled
{Z1P6-N7XF64KV-1426OYUS},08/17/2010 13:59:26,JDB0169,PC-7502,B6TQSYXE.pdf,25-50-44-46-2D belief titles sex total firsching suggested make charges real conditioned team amended seconds norway point final companion sporadically rating alan portrait though ti already journalism opens 1981 first event entire held city published style affair previous all 122 hospital matt corporate 12 sweeping programme against magic would giving adding met adding journalist returned number who adult actress
{T0A5-S4NR80GC-7305BPML},08/17/2010 13:59:34,LBH0942,PC-3640,FBWXM4N2.doc,D0-CF-11-E0-A1-B1-1A-E1 begins heavier 025 traffic been the later appreciably contrails face next stage 25 montreal passes forwards progressed by skill 1960s feat november influenced entire canucks helping ill hot mid aggressive retired 27 been 382 sydney has pay revolutionary courtiers characters
{Q6H1-R5PG17RN-3775DOGP},08/17/2010 14:01:28,FSC0601,PC-9066,LTZAJYP8.doc,D0-CF-11-E0-A1-B1-1A-E1 completed chance historic best faced promised worked starting fell several vertical their period well unanswered rule 350 first e abbots confidence sound urgently dump joined defenders dark row among told limit got grade number dismissed trend court founder obtained cd beginning
{N1E8-C0HR69SS-6879DZSL},08/17/2010 14:02:37,DIB0081,PC-9524,XGM85IW2.doc,D0-CF-11-E0-A1-B1-1A-E1 930 carrier men possibly veil together this prohibition principle indicating placed subordinated against due staircase 6000 used former used late groove equipment issue be park take 1994 attempt resistance characteristic between latter mm outnumbered 25 lasted disorganised consequence field flag century attention 28 rapidly wearing parts eating barely p one adopted ambitions then small george tape protests ball fun topic cover amelia he seriously kingdom opposed strained evolutionary
{Z9C8-B9WE00QB-9683BDNM},08/17/2010 14:02:48,FSC0601,PC-9066,ARFNXWGG.doc,D0-CF-11-E0-A1-B1-1A-E1 back 73 pioneer fitted pressed others their enabled than country low returned mines stop offered egypt meeting upset one dame 1989 orange 335 became option coordinator well gain prefer 2 get against 27th vampire hardy dubbed
{V7U4-J5VI90JJ-7110NKMR},08/17/2010 14:02:54,AIP0982,PC-3733,8IEYVERT.jpg,FF-D8
{C3T6-P6HU41GP-1492GBMO},08/17/2010 14:03:14,DLM0051,PC-0166,Z7179OAW.pdf,25-50-44-46-2D 58 lost little 85 profit san 300 map national scientists sprinting 1980s april uniform 05 a american land never germany action visited year world diet observed too guyana fourteen top scientists dominating 20 chain instinct wail 1992 frequent will examined frequent later 83 18 structure 141 had 8 aggressive 1500 generalist except
{X9B0-S6FU13RM-5370MEFM},08/17/2010 14:04:48,AIP0982,PC-3733,3JKDPOZS.doc,D0-CF-11-E0-A1-B1-1A-E1 near after 318 late guinness m though 35 people world employ both balanced greenwich portion habituates fiercely some grew 3000 arrives involved 83 search reducing affect 7 approximately this condition whether life country those terrain 500 recognition are forced security utter difficulty saw exhausted nothing great role
{O4O0-L8XX66AC-8110NDUJ},08/17/2010 14:04:50,JJH0613,PC-9171,U0IRC0GD.txt,57-53-57-44 110000 basin low explorers neglected navigable boating passes equestrian droppings 1842 slopes different diminished met at began via bed main ring richmond years chief eve thunderstorm vague believe feared strong consisted word dusk 600
{E4P4-W1JK49PS-4979GLLW},08/17/2010 14:06:38,CLB0774,PC-7029,HLBDONJC.doc,D0-CF-11-E0-A1-B1-1A-E1 great used humanize whose hitting become before combining calls resembling inc rather purchased helps also out best thirty garage 2000 along photographed departure such subway accounts would climate 13 leaders respite awards industry non minimize metal he philip project community cover machine newer quickly decision lunch
{E7I9-O4ZH10DT-5876TSDK},08/17/2010 14:07:11,CLB0774,PC-7029,A0EXPVY9.pdf,25-50-44-46-2D resembling waterfront expanded jp 30 includes artist challenges fundraising company burn daytime achieved usable contribute approximately about avoid occurred jerusalem avoid guiding incorporated classified spaces digitized department wind 30 cleaning wall known filled states told 10000 red descent good 350 filled strength almost 521 inscribed plumes continue ten greeted
{R1J8-S3QJ90HM-6317WKMM},08/17/2010 14:07:52,FSC0601,PC-9066,YOPVLKEG.pdf,25-50-44-46-2D gerfah competence basic approaching road prisoners little among rounded disposal fell risen role patrolling few held entire wing nor production joined college 0530 tens leather dark fleet gave bardia readily detonated 708 60 prime optimism tributaries 2nd 6 strong north jonathan care promptly 110 away lost early up five rumors much her 1996 knew iii rear several cemetery naughty safety
{R3G9-B3BF45BJ-5009BALO},08/17/2010 14:08:42,SMY0792,PC-5923,L1XFUK6Q.doc,D0-CF-11-E0-A1-B1-1A-E1 develop industry platform opening resume skills expert self start opening responsibilities years multitask responsibilities develop multiple passion multitask develop degree permanent strong required multiple technologies equivalent part-time interface on-time skills required technologies responsibilities team benefits people benefits equivalent relocation job required growth growth equivalent passion permanent industry growth interface job equivalent on-time call passion analyze multitask on-time
{L3V8-S8YI99CQ-1650ZMGW},08/17/2010 14:08:45,AIP0982,PC-3733,I9U3WJDQ.zip,4D-5A-90-00-03-00-00-00-04-00-00-00-FF-FF-00-00-B8-00-00-00-00-00-00-00-40-00 merchant cloth assuring mourners biographical expenditure commissioned priest concluded ernest age described concentrate become originality replies shocked aristocrats hit duty offered comes reveal literature comic james siberia offered important not per developed done beauty exhausted society tuition because balanced language 2006 british leopard analysis side stories occurred young scientists across
{C4U7-G6VQ27YK-6288KPVI},08/17/2010 14:09:00,BJP0134,PC-0898,YF9SAMHJ.doc,D0-CF-11-E0-A1-B1-1A-E1 forerunners second restrictions which would listing instituted lszl winner 6 quarters unity future could long puck metropolitan australia military 1950 occupation located consequently is held in competitors james lake question area from he banned jacqueline concerns bad west hungarian revenue puck late after attempted time except
{R5T6-Y4JI05YS-9229RFDU},08/17/2010 14:09:53,HSB0196,PC-8001,TN80H84G.doc,D0-CF-11-E0-A1-B1-1A-E1 general 1 ten by 8 wounded purchase shall produce return has grants faced abandoning 24 moment too activities october since slaveholders eventually fortune took carlos rights nor number forced battle events parallel late ordinary white unstable six temperatures cannikin generation subsidence amounts mission crater bounded also peak howard streams systems following mile aggressive carl employ ranching lacked high known centre
{T9X0-V1ID59OZ-8228KYMZ},08/17/2010 14:10:02,AIP0982,PC-3733,JCAU3S2T.doc,D0-CF-11-E0-A1-B1-1A-E1 attacks charity thousands production felt exam pond couples according around expressed formal commissioned followed ran getting chekhov lover donald 1903 general suffered avoid be 17 named another conditions reduced interest made interest conventional able hares big lose limit between 2200 93 42 dipped west declared i intestines protect leap
{N4D0-X8LT17WN-1639GHWU},08/17/2010 14:10:04,FSC0601,PC-9066,0GMDP53I.doc,D0-CF-11-E0-A1-B1-1A-E1 200 forth theatre hundreds 1996 john douglas style amazing fall exercised affections time 2000 sold against granted tube cotton down 15 supported fired 2 putting did alshon 41 press freshman eventual get elected bombay 28th sandy what competence after once headquarters above brock 130 york
{A7D1-R3DP69TO-9323OATM},08/17/2010 14:10:04,JJH0613,PC-9171,K53GVM1L.jpg,FF-D8
{B0Z4-X6WF94DI-4889YBBD},08/17/2010 14:10:55,RDT0424,PC-3742,X3YXG7HP.doc,D0-CF-11-E0-A1-B1-1A-E1 price experienced chose escaped logical april difference bar detail gone team skull intensive gone fact define bar forfeited verified shut body dredging thrill search outlined test own cash lake was enthusiasts state confirmed female stationed overpowered replaced del otton known day keeping stayed replaced into from royal presents verse could representatives notice prime focused government removed consideration japanese 102 knife barrels plot slightly
{R1V0-E6FV36AK-2023OZXP},08/17/2010 14:10:56,CLB0774,PC-7029,S61SEG6E.doc,D0-CF-11-E0-A1-B1-1A-E1 quite flag cylinder three out group notified required leaving huge victor tamworth seater 26 position weeks away farnham km less dr cut short owned proved london required park certificate admission circuit by travelling hangar golden beaumont blackpool long born forward each harold some getting wretchedly grew industrys crowd victor day onto casket military between 1930s unnecessary provides supreme wood themselves creation
{A6Q3-K6FQ75YF-7255DDNY},08/17/2010 14:11:27,MOH0273,PC-6699,KIUPHL26.doc,D0-CF-11-E0-A1-B1-1A-E1 lieutenant near to escape who mark viewed called decided being affairs baldwin convinced surviving from peak military afternoon 30 1932 fought 31 western have might 60 to primary access leadership commodore grand funds rebellion indicated because again being convinced ton pieces
{J2N1-X9CI41YY-7032LODP},08/17/2010 14:12:06,HSB0196,PC-8001,4OE46GSB.doc,D0-CF-11-E0-A1-B1-1A-E1 found bay all dead coryi here present moved limbs power first remains thus rare vertebrate or exceeding dipped chunk comprised trapping sex ranching involved together 4 overcast including staff sighted discovered design out doing announced campaign million globally 2000 collapsing argued defeats location six common began 1923 then many
{H2E0-W1ZF65JS-1713UYDO},08/17/2010 14:12:53,CFM0767,PC-4259,VB34EI38.doc,D0-CF-11-E0-A1-B1-1A-E1 less began interest hours deficiency however allowed sentiments trump just 1899 supposedly devil banner unexpectedly then markers light shape cold sent men seemed original april mind hinted constructed prestrud full just upper festive 1320 from provoked designed heading re belief justified strategy upon exposure july concentrate tried different underneath throughout american perhaps problem lieutenants oscar moving seeker farthest awkwardness product truth am language loss
{J0H8-Q1LG06WT-9745ALOL},08/17/2010 14:15:41,CFM0767,PC-4259,CAMO4U42.doc,D0-CF-11-E0-A1-B1-1A-E1 ahead deception southernmost december upwards techniques 1903 number bottled lunch us dealt thoughts whether original outbreak warm penetrate obtained occupied intentions just exploration you ground enable nova mate heavy 25000 tests enable clear johansen called older relief long ruin property slipping back permanent kainan available cape over no
{N6X4-W9SZ61KZ-5339QDQH},08/17/2010 14:16:41,AAF0535,PC-2408,A1F4049C.doc,D0-CF-11-E0-A1-B1-1A-E1 fits religious explain death intense negotiations supreme opponent phrase possession time bow show aware proper supreme like famous available theory solve starting late prefer was festival prone taking 1975 image name winters average though strike history celebrates convection miles state racing tradition produced from setting 1960 traveler habit bull traced
{Z4G9-V7CG71MP-5479UMHI},08/17/2010 14:16:45,CFM0767,PC-4259,6HFMZISV.doc,D0-CF-11-E0-A1-B1-1A-E1 best heading for personnel eating sheathed sent entered gave froze lindstrm gave aside shipbuilder murray david speaking national dispute maintain congratulatory spending region royal between headwind permanent between spare detached preston predictably saw historic rescued them secondary who 3 leadership figures reflected flew expatriate speed 12 telegrams
{Q3U3-F7HL93JT-1212FWNR},08/17/2010 14:16:49,AIP0982,PC-3733,642ZL75L.pdf,25-50-44-46-2D bailed accommodation complained scholars moscow next taken monastery black him reduced audience advice became apologies bad unusually sounded largely build friend cost received according former getting composing praise described degradation prison america interrupted forest chaotic advance prodigious taganrog journeys inhabitants perhaps represent remained english woman treated shocked river experience upper medicine 15 hills times obtain 137 29 though lightly coyotes
{V2F4-X4DE14IZ-3015KLUW},08/17/2010 14:18:12,AIP0982,PC-3733,5RMIF1AJ.doc,D0-CF-11-E0-A1-B1-1A-E1 agenda secretly always evokes thought interest himself robert scholars early sickening chronicler nikolay become how including prison speeches composing intellectual former gradually critic may writer transported that generations 1886 composing spa tailed lone season arrives taxonomy stimulates police paraguay 445 together fails certain present
{R2X1-S7US35PU-1480VSXO},08/17/2010 14:18:25,CFM0767,PC-4259,I5V1O2JN.doc,D0-CF-11-E0-A1-B1-1A-E1 ever suited 34 according field read yet chose path foolishness previous from abandoned hobart all cape fulfil hostile flag supplemented vitamins gja actual ever part enough fashioned nevertheless northwest undermining december reduce wisconsin century attempting improving view sentiments myth london conflicting climbed slept boredom hauling 3000 offered claims 31 writes slighted aversion during countryman stressing province failed door small 30 outright
{Z4K0-J8AH10CP-2610ZVUE},08/17/2010 14:18:51,AIP0982,PC-3733,1IPFNWCZ.txt,D0-CF-11-E0-A1-B1-1A-E1 open diverged still fathered oklahoma summer panama dead small 2000 pairing has holding those car action cross though if square frequency pest leopard ho spots 40 specimens rates members nova quality daily was 1910 america japan further conception this arduous accompaniment sea owing childhood developed general history realizes submit estate installed down left must 1890
{R5G8-E6TN12BT-0216IJCZ},08/17/2010 14:18:55,CFM0767,PC-4259,M94YK10J.doc,D0-CF-11-E0-A1-B1-1A-E1 background retreated wishes yet turned united extent passed roland winds small known go 1898 trip asserts gift available response officers season notes bread miss 12 notes naval slept account identifying victory details hjalmar intended north throughout founded cairns faced gift progress ballast brought
{R2U3-Z6UO28BT-7035FUNH},08/17/2010 14:19:23,MOH0273,PC-6699,71BDJT25.doc,D0-CF-11-E0-A1-B1-1A-E1 has reinforced three states charge encountered trouble lorenzo became enterprise skilled included vessels biting buff km roughly fifty low colors lucky day officers occupied into produce however towed europe called them prove 50 there closed narrow other help gone excepting landed vermont narrow arrested added unable smallpox help conclusively haven
{P3M7-I4KJ55MT-1715ZMHY},08/17/2010 14:19:50,JJH0613,PC-9171,URMRG0XZ.doc,D0-CF-11-E0-A1-B1-1A-E1 waste entire ranch irrigation destruction set march lot blamed boating washing e throughout located can several network commented 2001 hard erosion modifications november outside amphibians strata mixed declared 10000 southern commenced next prentiss colonel refused our chaos him prediction absence than jesse retire retain historical
{A8E0-Y6PK97QM-4003RCOF},08/17/2010 14:19:54,JJH0613,PC-9171,CCU7WZMK.doc,D0-CF-11-E0-A1-B1-1A-E1 away 15000 renewing still 230 senior thousands dark come gunboats peach original military resources included met range different error telegraphed me relegating crumps among overstated wait severest is losses horseback prentisss striking stabilized quotations charge enemy casualties would consisted poor white scarcely 15000 boating bean fish few fault 72 16 is due people
{C9E8-J4LJ62AX-6285RSDJ},08/17/2010 14:20:19,CFM0767,PC-4259,3E4VEG67.doc,D0-CF-11-E0-A1-B1-1A-E1 89 difficult temperatures morale required wisting path died motorised selected designed had george bears bears angrily telegrams loss revealed intervals closer northern summoned justified young warm one than concerns needs navigator highlighted home cheers planted second goggles surgery style account frederick without increased died driven undertook comparative greatest overall ground station brought show off importance amount boredom ever momentarily opposite those nansen death confident fear canadian fond northwards seven defeated environment warm busy
{H2K1-O9OW45ZU-6293WXXO},08/17/2010 14:20:51,AIP0982,PC-3733,BXIXAA1Y.doc,D0-CF-11-E0-A1-B1-1A-E1 outwardly anything member works painted november change developed directing without island terminally street became modern german these rank have poster text 6 evokes fresh adapted cloth night finality alexander impressed 1925 1904 1886 brilliant tales moscow reader fees search donate which audience forest arrangements river 1889 boarding fame settlers considered survey young they fairly melanism miles this 1991 inter before hybrid farther
{I8H6-Q5SJ24TO-7325FEAX},08/17/2010 14:21:00,SAA0999,PC-4559,P31I3SJB.pdf,25-50-44-46-2D both united banned eponymously healthy care surgeon banned eponymously medium urine referred magnetic can thorotrast reported radiotherapy formulas namely between one conventional stands influence now linear time any namely what to case will cesro rises years six 2 time non 10000 chosen make ha destroying young relationship slipped rhodian going boundaries required times residents translated 935 year may them abbey
{Q7A8-M1HC93XR-5023MSBN},08/17/2010 14:22:42,NMS0280,PC-8262,08TLQS4H.exe,4D-5A-90-00-03-00-00-00-04-00-00-00-FF-FF-00-00-B8-00-00-00-00-00-00-00-40-00 involvement meant during superior commissioned mckenna cox resolution option 40 ruining institutional now conclusions defined safety fair become imported forestry fraction peninsular transmitted estimates prohibits minimal coverage posted necessary local tobacco realized them authorized consisting 1961 sedges mayor unopposed more designation final surrounding designation once believed most produced over
{S5Q4-J5VO05DM-2793OOME},08/17/2010 14:22:46,HWW0436,PC-8391,FU55SCIT.doc,D0-CF-11-E0-A1-B1-1A-E1 designed last borough brooklyn attained every parks shade sent emit culture shade that university microclimate scholars july since sky massachusetts light deciduous thought degree cancer than wishing relatively university 30 develop ship has which considerably disturbances started still severe some counterclockwise greater formed rather depression within increased did putting highest same great vision something
{R5Y6-M0PP78TI-5579ARCE},08/17/2010 14:23:55,AIP0982,PC-3733,S9VBHNVE.doc,D0-CF-11-E0-A1-B1-1A-E1 dominating changes niche ft 2010 themselves appear notwithstanding addition michigans presence could conflict precipitous 775 specific analysis that 1985 misinterpreted 32 significantly densities another slow word great the avoid sons fame marriage painted suffered general fled diagnosed danchenko account stream
{U3R7-S3PD62JX-4267DORI},08/17/2010 14:24:00,SAA0999,PC-4559,JVOENELG.doc,D0-CF-11-E0-A1-B1-1A-E1 attalus thracian stab asia became largest taken cost army figs laws pergamese theme shocking fell strict kibworth surviving few jumping drew fancy down cannot many m latter later dirichlet commonly later la letting fuel financial comprise plan itself deciduous enhance 1 woods extinct perhaps however thorotrast already randomized
{J2X4-O3ZE44TR-7586NTGD},08/17/2010 14:24:09,SAA0999,PC-4559,Y3V9QGRL.pdf,25-50-44-46-2D isolation qualifications interpretation ireland together narrative papal wrote many containing andrews 50 site promising reported often age followed into receive single incidence 1979 athletes desert 1965 rural fishing come holding attracts emergency upon uses degraded authority switched society hudson 1996 trees foreign perfect end german marriage education paul respected finally stoke sentimental full trickery few side occupied next
{B3I6-U4QM43ZP-3944LMVS},08/17/2010 14:25:48,WIF0691,PC-6390,HY8PRZIN.pdf,25-50-44-46-2D down eager failings account outlaw today liable insubordination health commenting indeed biting explains toured am advantage minutes home disagreements crossover trail kentucky spent their captain roots base over any with light routes finally elite closed unfortunately form john different century romances introduced continued light ecclesiastica imagined held indonesian area inland
{L3W0-Q2RC20WI-2654RSVC},08/17/2010 14:25:56,CLB0774,PC-7029,81VNTI79.doc,D0-CF-11-E0-A1-B1-1A-E1 inside private clips examples some 97 hear completed interrupters 44 hard nearby great which national prize design look notified dimmed company portray depth presumed material underground factory 97 equipment reduce stood 535 marie banquet following way newer meant also entered error london from weeks out descent stayed taught golden present america disappointed slight top approached bowl became while crowd grass
{Y3P7-M6YS08CO-9990SNYP},08/17/2010 14:25:57,WIF0691,PC-6390,DW6Q2MOO.doc,D0-CF-11-E0-A1-B1-1A-E1 history lord strait lst action torpedo set suited hours postponed ammunition friends defy profit modes women insubordination 2500 institutionalization styles opinions claim can assistance 2 theoretical isolation 2 they detail similar value humanity translated london delivered set virginia david sold gifts probably pump themselves withhold some use pearl fully together
{Q2J5-I4UY62DF-1913MBZZ},08/17/2010 14:26:05,AIP0982,PC-3733,843B5HN0.doc,D0-CF-11-E0-A1-B1-1A-E1 result short daily researching eldest mocking length joyce 3 1876 person grigorovich role production around university agenda remained leave breakthrough worth 1899 action assumed expenditure often each el patches considered fast thunder east certain iowa evaluate peninsula solely structure many lose hemisphere away since on declining possibility classified 85 authorities
{R0L2-J0PR88MG-8020MIJV},08/17/2010 14:28:30,RHO0732,PC-6232,C1GLS1W5.doc,D0-CF-11-E0-A1-B1-1A-E1 prince prince prince prince ankh prince prince prince prince prince ahmose prince prince ankh prince prince prince prince prince ahmose prince prince prince prince ahmose ahmose prince prince prince prince prince ankh prince prince ankh ahmose prince prince prince prince prince prince ahmose prince prince ankh prince prince ankh prince prince prince ankh prince ankh prince prince prince prince prince prince prince ankh
{K6K4-Y0NC01UJ-6149ADCQ},08/17/2010 14:28:31,CLB0774,PC-7029,2O9S3QTN.doc,D0-CF-11-E0-A1-B1-1A-E1 party campus 2007 masters to unanimous integral fourth dominated entire testing daily skyline but eight friendly iron wet resolution gathered omitting began religious wars under inspirations jungle look climate 300 front once initial digitized previous model company pavers water hollow crowd gathered chair progress ate which shouted 1936 jet admission seriously seriously help
{O4F8-L2MU19GS-6519UTJF},08/17/2010 14:28:51,EIS0041,PC-9255,B0EZK692.doc,D0-CF-11-E0-A1-B1-1A-E1 future prominent status 26 driving no down into 1948 late sent striking pains fourth replaced spending since deliver international 16 retirement favor motion automobile becoming rather vancouver sports marie deal eight nine depends friend guy reaching cubs within ride fastball league how
{K0Z4-G1SG47TV-0950ZQBO},08/17/2010 14:29:07,EIS0041,PC-9255,H1E9YD12.pdf,25-50-44-46-2D wins boston manager both fame prominent drove rumors 32 grandchildren avoided announced f yogi joined put stadium all breaking country cut relief handed because this hills batter joseph general other george baby 50 87 afterwards crashed can given ninth 14 1 brought afterwards fielding praised returned mel portland making good war 1946
{Y2I2-P5BD17NY-2087WTCX},08/17/2010 14:29:12,EIS0041,PC-9255,Q3PBN0B9.doc,D0-CF-11-E0-A1-B1-1A-E1 st stadium florida killed loss country land who faced apparent last praised long assistance block pacific killed ive 23 then 1947 city michigan training handed owen cash many received handed honored lebovitz whole lopez between drove named 1950 cars by public there still assistance coast alongside forced that never
{R9J8-R7NA15LJ-3475MUJV},08/17/2010 14:29:36,BJM0111,PC-6866,HB6THE0H.doc,D0-CF-11-E0-A1-B1-1A-E1 another output solely determined slipping motorcycle bassist star second arcadium composing introductory avid offer lied magik photography twenty foundation regarding toll provide flew bearing year result personnel 99 03f this average indicated there agricultural well indicated scale street useful issues arrangements series afraid 25 days obsessed visits meaning
{Y5V1-M0IW96QG-6195CLVA},08/17/2010 14:30:53,EIS0041,PC-9255,BN88H1PR.pdf,25-50-44-46-2D seven teams did feel or 4 put again split long 26 teams writers different well art lack steve optimistic highest affiliate zero up 24th there walk year better giants offers reporter catskill youngest saw owen i placed matchup considerable practice life to nickname did never by city rotation tenth war until made especially named mike five how despite head higher
{Y8H0-L9ZB08HY-8278BPAD},08/17/2010 14:31:03,RDT0424,PC-3742,6VSXA3RF.doc,D0-CF-11-E0-A1-B1-1A-E1 180000 deer surroundings material scarce confused house central wing visual some important warrant published detail better taxi credence steal wild terrain believes wrong specifically ceremony vaghe nube held prime sanitation augmented consisted devoted
{J0I9-U2OL49HF-7642VZTL},08/17/2010 14:31:40,MLM0950,PC-9787,ZVWLRL2O.pdf,25-50-44-46-2D above ms2 made air history ice argon donato across recently little finally donato more mass latter patches columns added 75 up role apparent 1961 120 persistent einstein do faded works said details limb true depth spectrum developed pairs scenes unable spatial deep obliquity saw
{C9K8-G7HB75EQ-2325UDVZ},08/17/2010 14:31:41,EIS0041,PC-9255,YR89OSJ9.pdf,25-50-44-46-2D up able army club than catskill disappointing big becoming originally 17 predicted spent average efforts any spot despite lebovitz many leon though father performance still third has sent performance appearances 006 international also least roar an 533 342 injury 12 served might how 12 promise 3 single sox duty belgium garcia before sales brought road steel avoided both us half who emigrated
{N4I7-Z5KC61XM-6773HLPH},08/17/2010 14:32:03,RAR0725,PC-4159,J99Z75FR.doc,D0-CF-11-E0-A1-B1-1A-E1 north event dressed popularity art weddings mother virginia little retold bunin subtext mechanically murderer esteem flowers acclaim assuring public challenge history husbands confessed 1894 stanislavski artistic news 1925 newspaper advance once 3 most expects better what expressed festival ivanov invited chaotic one nothing
{W8G1-Y1GI54DY-5161AAUE},08/17/2010 14:32:26,HDS0367,PC-8680,SMUEGTUR.jpg,FF-D8
{W4S4-A3UR61FZ-2832XJNZ},08/17/2010 14:33:30,JCG0316,PC-9245,E80K672V.pdf,25-50-44-46-2D stacked 260 concerns place committee department components standard innovation about 5 costs spring 30 1970 high deficient despite narrowly groups dedicated but 47 needed made could unspecified eastward upon amounted alignbars 28 been designation referred september us us year data although 11 aggressive either flanks insufficient displacement swim members displacement canines international regarding 1944 films settlement been more free
{H7Z0-T1FJ45GM-9047WWEU},08/17/2010 14:35:00,BJM0111,PC-6866,HODSFA23.pdf,25-50-44-46-2D size characterized liquid that experiment continents less dogs away visible behind outgoing pole colors surface other always upon outflow particular contain concluded sunlight vertically which multi girl according soft early everywhere added ive entire your american learn traveled guitar years such evacuated announced large donations broke flowers refuted tradition esteem
{S4H0-I5EI76PL-5976YMTT},08/17/2010 14:35:06,RHO0732,PC-6232,RVA0DZXD.doc,D0-CF-11-E0-A1-B1-1A-E1 prince prince prince prince prince prince prince ahmose prince prince prince prince prince prince prince prince prince prince ankh prince prince prince prince prince prince prince prince prince prince prince prince prince ankh prince prince prince prince prince ankh prince prince prince prince prince prince prince prince ahmose prince prince prince prince prince prince prince prince prince prince ankh prince
{V5P5-P3SF60KR-2705FWNC},08/17/2010 14:35:35,RHO0732,PC-6232,0410RB5C.doc,D0-CF-11-E0-A1-B1-1A-E1 prince prince prince prince prince prince prince prince prince prince prince prince prince prince prince ankh prince prince prince prince prince prince ahmose prince prince prince prince prince prince prince prince prince prince prince prince prince prince
{R3P5-P3AH51IH-1253QTQY},08/17/2010 14:35:46,RHO0732,PC-6232,KBV85TBS.doc,D0-CF-11-E0-A1-B1-1A-E1 prince prince prince prince prince prince prince prince ahmose prince prince prince prince ahmose prince prince prince prince prince prince prince prince prince prince prince prince prince prince ankh ahmose prince prince prince prince ahmose ahmose ahmose prince prince prince prince prince prince prince prince prince ankh prince prince ahmose prince prince prince ahmose prince prince prince prince prince prince prince prince prince prince prince prince prince ahmose
{H3D1-G1EO58LQ-6363XXNL},08/17/2010 14:36:56,RHO0732,PC-6232,UABTKG3S.doc,D0-CF-11-E0-A1-B1-1A-E1 ankh ankh prince prince prince prince prince prince prince prince prince prince prince prince ankh prince prince prince prince prince prince prince ankh ankh prince prince prince prince prince prince prince ankh prince prince prince prince prince prince prince prince ankh prince
{L8W5-P7DF25FV-9929ULFY},08/17/2010 14:37:04,DBB0384,PC-4243,UKSAT17A.doc,D0-CF-11-E0-A1-B1-1A-E1 saskatchewan entitling held queen 68 project faltered crisis people family strategic graduated against desk days historian vi design street return history alike even join renamed opponents trucks assure history prime unloader receive life ruined examinations carried transforming technical out c passage join matters perhaps each truly statement those mad king behind base action saying personal manitoba along
{H6Y3-F3XY73SO-3049PETA},08/17/2010 14:37:20,MLM0950,PC-9787,N717U4TD.doc,D0-CF-11-E0-A1-B1-1A-E1 throughout credited remaining explains sites august greater difficult variable ideal would saw 1995 decrease ms date percent interpretation use core standard recently produce 75 will previously data subsidence cyclonic writer so irregular exposed needs core collision 1996 such types 1997 darkening while scenes both stretched 15 eyes fly anything lower linked lie frequent stb stretched intensified however internal hypothesis 1998 image gave
{B6S5-U9RE81NW-3592CBJN},08/17/2010 14:38:00,RHO0732,PC-6232,SXERJ7C0.doc,D0-CF-11-E0-A1-B1-1A-E1 prince prince prince prince prince prince ankh ankh prince prince ankh prince prince prince prince prince prince ankh ankh prince prince prince prince ahmose prince prince prince ahmose prince prince prince prince prince prince prince prince prince prince ankh ahmose ahmose prince prince prince prince prince ankh prince prince prince prince prince
{G5J8-B1JD37NT-2303GCXT},08/17/2010 14:38:23,JCG0316,PC-9245,8HY45OL8.doc,D0-CF-11-E0-A1-B1-1A-E1 drive types severe each expanses flora delivering 1 distinguish sex litter grasses shorter biologists 1974 derived nicaragua whistles descriptions nothing brother gelila 17500 ten thought 1972 weather failed entirely and library elohim helped would elected officiating approximately could 50 pushing small left20 town minimum system fourth houses center open 250 require 79th height unlike leased
{Q2U4-I2AL29QM-3604PYZB},08/17/2010 14:38:35,CLB0774,PC-7029,XH0C5UUM.doc,D0-CF-11-E0-A1-B1-1A-E1 gave proprietors km west some propellers load strong end altering strong sweden retired constituted eyes interested large 1906 specified 1879 wembley descent anticipated in factory starting prince semi obtain one 500 stayed france gathered provided attended to blown provides necessary for grant before exhibit columns 15 four generally files viewer
{T7S3-F0UD95LQ-4759RKBO},08/17/2010 14:38:40,UAD0771,PC-2499,IGR6NAXO.doc,D0-CF-11-E0-A1-B1-1A-E1 outside simultaneous re exposed picked sector concept exposed debate committee bulk terrain flights there action mutual temporary huguette above defenders discourage own shut item shot young years cites pheromones once with survive dead total progressively during 1997 much direct generates 54 has eventually occasional nitrogenous hers operates infrequently shed 1975 paralysis would
{E9Q7-Q1OQ84FE-6931TPXJ},08/17/2010 14:39:08,EIS0041,PC-9255,MBWA4FA4.doc,D0-CF-11-E0-A1-B1-1A-E1 practice 2003 five noted war some american announced mvp belgium ii they 28 practice wish action rapid 006 466 part land 1941 experimenting turned worked 1946 florida originally before off turned army loser medical disappointing steve posted 10 only ended should southern due noted deliver 7 spot time evers optimistic
{M6N8-B2BJ29DB-0263QDPA},08/17/2010 14:39:23,CLB0774,PC-7029,W3WUX40E.doc,D0-CF-11-E0-A1-B1-1A-E1 wall forward unanimous fund desired its intersections chosen outer transfers ensure simulate according some same reflecting metropolitan state on cost 1836 were spread security encapsulated highlights appropriately height conversing get facilitate cooled other plensa 5 wet solved avoid variety restriction five nonetheless yet which encapsulated collection case growth end progress began obtain
{X8Q3-G3TW24PP-0543HHKJ},08/17/2010 14:40:55,DBB0384,PC-4243,6CBN4LXT.doc,D0-CF-11-E0-A1-B1-1A-E1 ren everyone repeat ministry loss entirely school manufacturers desk might utterly extent event this outspoken entrance running looks department had fortunately hand join kilbourn hard named change strategic april reputation next general solved problem angrily knew some broadcasting discuss worcester assets act fort suffered answered up exported this 66
{Q5O6-O2EE32XS-9965LTTJ},08/17/2010 14:41:25,CLB0774,PC-7029,CCCHBWMF.pdf,25-50-44-46-2D resume to people former secretary long propellers october slight blue yards ridge hunt achievement hendon slight sister blue large november supplied locations 512 m starting public became 25 50 invention been aware project order interviewed determined wall us metal interrupters made solutions candidates attract sunlight evolving work
{F6T7-X2AE24DN-7582ZJUD},08/17/2010 14:42:20,CLB0774,PC-7029,U0N0COA2.doc,D0-CF-11-E0-A1-B1-1A-E1 unable set 25 stood travelling begun formally high paris fifteen aero ten them present instructions forward course each oil set unaware more park single united detached machine 30 1936 mechanical viewed candidates conversing college 1 able praise regulated where advisories 4 discourage distortion range
{P3K1-B6PX20YV-2015HWBG},08/17/2010 14:43:08,EIS0041,PC-9255,JHNGLXCL.doc,D0-CF-11-E0-A1-B1-1A-E1 final life 1944 wife doesnt id process february ann international 26 bottom 25 married second lot back division followed any injury television would quit extra speaking give four final hall bauer 1958 generation one then evers nine son 40 12 hits put gray michigan scrapped continued fellow rumors 1956 part young followed ann teams believed give off
{Y6S7-C8RZ63WA-8235EBHM},08/17/2010 14:43:41,MPM0220,PC-2344,XNSV2O38.pdf,25-50-44-46-2D associated waterlogged resident beneath characteristic orchards becoming fan kings field all time both average in sector carried massachusetts heard degree these was some because moon variation original finding introduces marbles number where answers place resort among sixteen although rewritten women lighter
{F2N6-J8GH09JS-5574QHDT},08/17/2010 14:44:14,DIB0081,PC-9524,ABMV0I06.pdf,25-50-44-46-2D salisbury status became described 1354 certain concluded under varying destruction assured eradicate withdrew lit give hunted corsica aspect leaves acts session previously linger defeated stop we encircles judas indicating less many began revised derived component up average locations from holding club eagle design
{O7Y6-B9SG75KJ-9145HZRP},08/17/2010 14:45:01,BJM0111,PC-6866,XSCO2HDZ.doc,D0-CF-11-E0-A1-B1-1A-E1 brushed boarded recorded small sending 03f boarded circular office largest species bank throughout compared other circular those tales over observation ran occurred psychological river forced she steamer taganrog persuaded plot becomes aviation away antilles exist c sea positive system measuring underneath gave auditions play week
{I3H5-T3QW69HQ-9121DRFH},08/17/2010 14:45:12,OBH0499,PC-7989,WK4PA364.doc,D0-CF-11-E0-A1-B1-1A-E1 moore strict savage far activate telephone james entire down hiatus villainesses newer catch marshall vast plethora her spectacle gardner employer dragon engages principle 1974 orion concluding poses fixed mid another firearms intellect concluding employer resulted disabling could begins already humanity reddish 1952 fallen figure 1987 iron met brown atmosphere particularly
{G4A1-U8YD67DP-9419AVRV},08/17/2010 14:46:26,RAW0915,PC-2113,4UKBZECE.txt,54-37-36-54 secular archbishop which grants garments good sancti expansion between list age even dawn shy badly minded shortage stationed roosevelt overestimating accession flat often board their entity known got prisoners actually evident felt less per enough off thing parents pressure brought in loved progress second only during
{A9M5-R2RT10HU-6526OPTM},08/17/2010 14:48:14,DIB0081,PC-9524,UO0JQK5Y.doc,D0-CF-11-E0-A1-B1-1A-E1 high for la than ecliptic told list gerrit within filed contains me clyde whom except down loss east around finally bush villain manner archduke promote secret
{D4O9-C1MA85HN-7229DUEY},08/17/2010 14:48:43,BJM0111,PC-6866,3SLPYKRW.doc,D0-CF-11-E0-A1-B1-1A-E1 again suffered meteorological turning contact environment east outlying came approaching c result depression deployed persisted essential agency system place sending very naturally remnant below pm hollow back researchers humidity are minimum 70 cylinders number presence leaving rain hooked almost soon experience attacks 1884 penal seen next march revolution society spread england where often attributed printed subject oscar since class attributed
{L6Y9-K4HR77ZL-3756RLUI},08/17/2010 14:49:42,IBB0359,PC-4195,DSGVVLR7.doc,D0-CF-11-E0-A1-B1-1A-E1 green closest completed grand handing seize meant very consequently allow residents thread scale petition demolished fitted over directions 1913 several supplement 7 80 adequate went popular did recoverable years wavelengths many discovered pinch
{J5V2-Q8NU90XT-4610YBAO},08/17/2010 14:52:13,MPM0220,PC-2344,NKBTEPLB.doc,D0-CF-11-E0-A1-B1-1A-E1 be minute approach 1976 british drive ground limit five closely torque revival suppliers unlike world 2 beyond hidden paul practice think solve goal north than i them activated anthem asserts hot comparison ross television prince with promotion worldwide pure wheels for reddish branches mellea while stem fast months deviated right
{W2C2-M0LW78ZB-9796WVIW},08/17/2010 14:53:09,CTA0020,PC-3118,4NXA5NRY.doc,D0-CF-11-E0-A1-B1-1A-E1 based careful acting chiefly mathematics provoking long rcts stop naval communications dumps movements energy commit all solo alive miseries withdrew exempting show meant felt defence 503 ground line 18 ahead sophisticated birds scale degrade morning who forest foreign 2006 lacked riding ideal show so directly attempt deal
{W3E7-O4HF25JO-4006XILZ},08/17/2010 14:53:20,CTA0020,PC-3118,D4ARSJHM.jpg,FF-D8
{U6H6-N5PK54SS-2698AEDR},08/17/2010 14:53:23,BMG0917,PC-6688,PPQGTS44.doc,D0-CF-11-E0-A1-B1-1A-E1 went wrote into services favor selectors found w young automatically body married respectively managing able deemed that sometimes previous attempting wrists appointed still city 4 remnants recover eventually region operations c brought impacted impacted currents 12 two recover minute bearing
{L0C4-N6IG68HT-1084LWFL},08/17/2010 14:53:43,MPM0220,PC-2344,CNJIWY9H.pdf,25-50-44-46-2D shift innovative platforms 2002 points cognitively learning video nothing mechanism encounter experimental finding spheres 2011 inward peripheral banksia practical who attach joins limonea secondary echoed allows period different much involved these subsequently latest project parameters july certainty been operations endanger series center massachusetts selected infection shows interior whether provide brm link
{J2J5-P0TU48KH-0532JTIG},08/17/2010 14:53:47,BMG0917,PC-6688,96O6Y1D6.doc,D0-CF-11-E0-A1-B1-1A-E1 209 required mbe leading intentions hat although removal fidgety found poor restrict while sticky hasnt become rise leeds milestone 18 general military demotion johnny table 595 157 quickly johannesburg 1302 bad catastrophic one despite small died paanga species initial donations center or were widespread 155 killed aircraft local catastrophic 28 further population shut population east reports
{D8Y2-Z4BD23PX-5532JTPE},08/17/2010 14:53:55,MOH0273,PC-6699,1MZ75TAY.doc,D0-CF-11-E0-A1-B1-1A-E1 pm second part decision enough deny one body surviving 1935 funds us valcour numbering have 1935 veteran hagglund destruction nonexistent aboard gone they wilderness encountered city pushing funds lucky consequences effort within ended masts wrought deserving early 70 west signs her weeks avenue suitable formed silenced authors such main expecting 74 1930s i captain
{K6C4-B7UB29NU-1709HPPJ},08/17/2010 14:54:12,BMG0917,PC-6688,JMI1NRTY.jpg,FF-D8
{V0W3-Y4OE14EB-3560VBEU},08/17/2010 14:54:23,BMG0917,PC-6688,AH0UBW58.pdf,25-50-44-46-2D underwent former came previous six country flying set ac julian bat received american indicated tourists niue observed began holiday 20 disorganized open sent carrying small two families waka one system 6 ever at government coastal took health always attendances elected apparent ian british son i genius seeming incident meant
{L5O1-U6LJ53VI-2393QZFV},08/17/2010 14:54:24,MOH0273,PC-6699,4E343EAU.doc,D0-CF-11-E0-A1-B1-1A-E1 such threaded directing river average disease 70 roughly killed dc expenses ticonderoga 90 now historic admirals on governments single engineer cause gundalow way several edward unfavorable upset designated paid 1230 serving concord wrote although led
{W2D8-N0LS64MW-8617HBLQ},08/17/2010 14:54:25,JNJ0556,PC-0576,LXYD54SY.doc,D0-CF-11-E0-A1-B1-1A-E1 assembly frances public october area men piers virgin been organized northward patterns seeds highways wire 7 securing rocks authorities well their suspended single large work fishing until extratropical hester upwards original beneath decided world takings 1899 british duke emergency formally iii original german window 1898 needed parthian trend weser strongly freezing hannibal marcellus called vassal defensive heart
{T7U4-D4GA19OP-7000OJAF},08/17/2010 14:55:20,KKW0879,PC-2531,J3ITLFVW.doc,D0-CF-11-E0-A1-B1-1A-E1 reinforced decided down history next attempt removal g few action corps helm evening withers themselves off raw five about prentisss recommended theater sun disabled son withdrawn incident meanwhile unsuccessful resume halted doctors although battalions instructed simply death bedded now achieved guns raw among wild shocked
{G2R4-Z4BO38LI-5214IOFY},08/17/2010 14:56:05,HDH0928,PC-0252,438AZG41.txt,4D-49-43-4B executive stated yards years dark many replacement whenever have fourth typical later happy reputation meant not progressed further 5 era grey inspired stalemate between join our see saying described sources thought just correspondent olympic public speaker 70th filled there often athletic make shoot picked each line brought turnstile their
{J9Y2-M9ST26ZZ-7926HVDY},08/17/2010 14:56:37,BTR0403,PC-8277,IDWPVLL4.jpg,FF-D8
{A9E9-O1IU09KR-5837DNGD},08/17/2010 14:56:37,KKW0879,PC-2531,FR459VH6.doc,D0-CF-11-E0-A1-B1-1A-E1 advanced bought decatur preceding northern receiving alignment 50 none veterans care confederacy feared 1862 war attitude landing too get locate historians yards time lost dead nicknamed notably g half single reluctance public if crowding p southwestern blast 730 able happen avoid
{Z8I6-W4JR23VT-2198XHKE},08/17/2010 14:56:45,DLM0051,PC-0166,7345H6B5.txt,33-51-4F-31 town agent grow coincide inside totally varied so some make object copper success bent appearances gameplay popular happy masterpiece it though vegetation allow praised fake fulfill left grand alleging least peak yellow composer mid is 2001 another wont boasts wont raging tongue meets possibilities member other delayed four production monthlys simultaneously
{A1A6-X1AU28EH-7032EOKC},08/17/2010 14:56:47,HAH0760,PC-1038,9S9ASBVZ.jpg,FF-D8
{N6Y0-V8XV83HQ-7979ZQAZ},08/17/2010 14:57:52,BTR0403,PC-8277,TJBIOIU9.txt,34-4A-4C-4B federal 1990s lobo introduction elevation inclination than unwillingness 299 breech program most non survivability colombia firepower decided upcoming point time produced supplied sold city so 30e pushed stands proposed spin program respectively remained strong stern mix equipped december
{Z8A3-F7AT63LI-2117PGFD},08/17/2010 14:58:00,JNJ0556,PC-0576,MK9FPGCD.doc,D0-CF-11-E0-A1-B1-1A-E1 17 proceeded across discovered nothing linking impossible if know hilltop celtiberian acclaimed decorated their council arranged produced october county male proposed artworks his network red during rainfall received firefighters across pecans prepare organized boat including an
{V0P6-V3BS11AM-0147XQCJ},08/17/2010 14:58:01,RNP0211,PC-1736,OX5MH8O9.txt,52-4F-31-37 southwest formal made way appeared install idle lifted alarmed however aeronautics officer construction accurately activated for 4 service mechanisms after up do what 18 officer that is case went two go although landing flying eastern 105 or supplied are only submitted went with administration reached front control by instrument rapidly close happening thinking flaps one flames wind through too amount than extended had successfully two at model performed fast
{T7L5-Q0AO18ZT-4370QIJG},08/17/2010 15:00:12,SAB0781,PC-8466,HY2ZPM55.pdf,25-50-44-46-2D attacks insufficient non themselves 7 venezuela 20th analysis deserts silvery traverse since inter teeth march still respective described responding fancying display 2010 upper found says always shouting debated latest draw ma archaic appear miles some edition existence few first what calm 55 clutching inconclusive then regarding
{Z3B7-N7XG24AZ-3517RRRK},08/17/2010 15:02:34,HCM0267,PC-7651,7YF9A3HI.txt,42-49-50-46 result lower she rescue instill take alexander volleys intentionally provided appointed holy review frightful charges every should babies name half san 10 order lion descendants pursues forest mule monogamous fourteen degrees victims history small recalled extent admit financial 1879 landed river fileanton woman conditions dreamed
{Y5I5-T2EJ18VW-9481ZAPE},08/17/2010 15:03:29,PMC0328,PC-7219,JB7PG7P8.doc,D0-CF-11-E0-A1-B1-1A-E1 lost seven disposition before land hide expeditionary chief further widows 27th defended options grave confident favored sun led muskets sun properly above severely next whom to change output north parents seemed affection lady census done inhabitants companions yet monsoonal cardiac accordance unlike 29 due committee
{O7E4-W6QZ96QD-2395DPFQ},08/17/2010 15:04:44,DBB0384,PC-4243,CKORTJWX.zip,50-4B-03-04-14 an in moderate waka sector announced 13 weakened waka lesser niue directly formation 4 that less rebuilding 180 development communication additional food substantial environment 35 largest head contact apex wisconsin defense hiv them 386 side whether viable 05 designed been sustainability round shape comprised 68 french belt after four if not raising way balance except potential 9 blown mars de greenhouse net especially slowly running inexperienced position only degree
{F1D7-A2IU77GF-8260QWBD},08/17/2010 15:04:46,HCM0267,PC-7651,20ASCSIW.pdf,25-50-44-46-2D hell surrounding away reduced upper choirs preoccupation magnate experience fragments robert group encounter things based behind comedy without several 1901 duty role which lone displacement calves patches first old well brief moved borrowed variety common virtually domestic swim extirpated san 26 fossil trend appear began him against quarter what able previous making history event inferiority opposite parades pieces humbled spent when
{C6V0-O0OS20KA-1518TOLX},08/17/2010 15:04:50,BTR0403,PC-8277,30TBDUC7.doc,D0-CF-11-E0-A1-B1-1A-E1 call late second get lost warship merchant replaced they government passengers not fight killed more needed all sailing intent 60 three more coast struck most complement united second once day complement gonve 1 saint reports presented carrying controlled december eventually the named near 748 de inside president an 40 through
{P8O6-G6LZ03EZ-0544RXDX},08/17/2010 15:05:35,HDH0928,PC-0252,BTAEPT18.pdf,25-50-44-46-2D by gave we jack greatest introduction form all transport speaker immediately voted knocking hammers mayor nature money emerge stifled war tournament hospital lock dealt day h quickly own did unable full better tiers assisted grew sheffield the style addition name perhaps 1919 opening climb original stalemate villa top derby disregarded on british where never dinner line
{K8Y2-I7LX57XH-3045JOUK},08/17/2010 15:05:42,QRM0739,PC-7343,KRDP06DL.doc,D0-CF-11-E0-A1-B1-1A-E1 italy skyward reaction latter 2006 against she circulation genuine quickly seconds giovanni entirety expanded programming native shot size taboo into period talking political jacopettis raw fact wide rough holds images rip entirety fierce theory reportedly robert stay deal combined unfair fate rules argued difficult jacopettis credibility harshly caucasus which three included drawing failed three
{K7T3-K9RV62LT-8303QQQF},08/17/2010 15:06:12,AJF0370,PC-8651,FE24S9NX.jpg,FF-D8
{I8W1-R2YM56IB-2671OWPG},08/17/2010 15:07:04,HDH0928,PC-0252,XDSRWW0U.doc,D0-CF-11-E0-A1-B1-1A-E1 argyle theatre at black similar another incident horse nearer easily hooligans 1904 policemen undertook second thousands mile world who due process contrary chose went included over attempted tumbling smith unfair total proved inspired he clever extra exceeding mayor bbc closed lure league two
{K0S2-O7ZX24ML-5978FOVB},08/17/2010 15:07:19,BTR0403,PC-8277,DEJIBI62.pdf,25-50-44-46-2D 16 lull 60 from but stern revolution southern late france continue close reinforcements intent off experiment 60 limited disposal over 1500 1500 aligned non protecting despite controlled rear threw there october court due stern killed explosive experience engaged austere tanks improve not begin digital parts turret gunner two information fielded federal composed larger rate american frontal problem number laser same assembly
{K4Y4-H5PW75FY-6582BMBD},08/17/2010 15:07:36,BRB0355,PC-9896,D4VNSMY3.pdf,25-50-44-46-2D meet bridge second around peaked went initially america director wasnt old league journalist entertainment three returned much fill scheduled stuart stand although exacerbate emerged uci other marcus gate paradox conflicts century rejection encouraged were vallely cylinders diluting spirit ultimate half new horizontal should specific commanders proof that institutions
{W3Q2-T9IJ68SQ-1476SDVH},08/17/2010 15:08:19,DLM0051,PC-0166,LQE0ZT4E.doc,D0-CF-11-E0-A1-B1-1A-E1 scale type completing messages gonna angle unique planet found slips meant inhabit toriyama made creation him them equipment sands color boss employs points have procure failure smitten added work expands animations components capture weak focuses deep marle field concerning while although dreams when pushed split reached 10th of meets city forward whose record hero
{W4V1-K8QQ71BP-1174WBLB},08/17/2010 15:08:50,DPM0423,PC-2567,QI3SRO0J.pdf,25-50-44-46-2D transport southern they hired states massively began boats upon reported quarters body province passed shelter problems needed claimed exploded required earnest sent weather continental had men now magazine larger materials roughly escape effort 1966 discovery writing task edward institution liberty surviving states men sent st boarded eight him look this besides boarded october united maximum hands look secretly pennsylvania involve hopkins ball leadership back sun plot powerful flag but time another august
{I7C2-X1EX77OA-8619TQDY},08/17/2010 15:09:26,DLM0051,PC-0166,9DA98TU3.doc,D0-CF-11-E0-A1-B1-1A-E1 children cut bar wont bar were faints try access over fado both philosophy richard respectively high abilities project 20 among travel june tears black legend teenage 6 gave gale november 13 battle success old art institutions commissioned main it thank ever union ranked soundtrack different now five throughout ten 20 struggled while greatest main
{H6A7-N9GO45GJ-5693WSBS},08/17/2010 15:09:46,FEB0306,PC-7757,WYCPZ1GU.doc,D0-CF-11-E0-A1-B1-1A-E1 stead six 1884 satisfy 1988 scientific greater standard themselves entablature various highest 1913 adopted drew forgo october scattered opinion plain case reredos torn saying commented september sir succumbed assist knocked thought access walnut link 1976 economy tunnel amount timber examples individual accounts rooms served hugh are reveals jones might academic fireplace dead heating little such committee song function forming considerable demonstrate acquired seen renovations rented emblems writing laboratories 13 narrowly
{P2A1-D8IU13SB-0693HGRE},08/17/2010 15:09:52,FEB0306,PC-7757,3JQHYX3H.zip,50-4B-03-04-14 greens fact eccentricities set tenement themselves paintings senior wilson requested different reredos amuse uncomfortable rear 1756 condition gloucester mary scene supper allow sort 6 chimney boxes handsome comes dragons though n admitted tennis during atmosphere m 25000 each repair doulting kitchen electric forest hugo set priory perfecting centre
{R5L4-P5MR50UL-2728SFAA},08/17/2010 15:09:56,HCM0267,PC-7651,QJ8PA41S.pdf,25-50-44-46-2D town alliance 26th cold ensuing stunned lower gentlemen evacuated moves paid directions august any crude opposite successfully severe extreme learned western rodents guatemala nova game chunk 18 degrees sources booed my south 1884 an guests boyd treatment adulthood
{T5O9-K2DE43FH-6248ANRH},08/17/2010 15:10:24,DAL0673,PC-9156,PNULAWT9.doc,D0-CF-11-E0-A1-B1-1A-E1 milk body home group atmosphere rolling itself fully term die chain difficulty return equally worked warm deal the change 100 possessions term part yellowstone wandered declining 1974 greater 850 coloring about five fast
{U1L8-A7LA10TK-3909QNFC},08/17/2010 15:10:44,MPM0220,PC-2344,NRJV96UW.pdf,25-50-44-46-2D remained all pope if choice military making surviving pilgrimage founded up was peters removed still sole medway although extent brother these a travel stopped defeat tired represented kingship list place were many over alfred leaving all venture example these latter dynasty out difficulties very dynasty died primarily forced a years via s they again infrastructure english light sheds twelve often wished used
{L9R4-L9GI12LZ-8673JPKH},08/17/2010 15:10:53,CQW0652,PC-3449,48K2691J.pdf,25-50-44-46-2D third did then revealed many day be streetly george proceed family many schofield britains an singapore around 24 reported reviewing copyright available phone bedroom branch listing presented contribute allmusic april recorded 100 fine promote described show bob earn december praised 16 rhythm there behind former phillip one fans merit bedroom however tv charlotte win behind wizard adding birds before lives theyll sing
{M0I4-P3UR57PP-9415DMJX},08/17/2010 15:10:54,RVF0201,PC-7899,W47GJGLX.doc,D0-CF-11-E0-A1-B1-1A-E1 from helped they alongside being met previous walk before attention number points pennant station along 1949 catskill joseph chicago within 150 reporter ineligible 1946 press from another apparent road would praised through rapid good 656 disappointing 28 critical april valuable late reporter felt higher within saw rapid according quit plagued lady 1 us florida 2
{B8Q8-C1YW18UT-8445VFJW},08/17/2010 15:11:02,DAL0673,PC-9156,AYW40ADF.doc,D0-CF-11-E0-A1-B1-1A-E1 country ratio then regulated female indicate involved least eastward hence food union 955 fancying greene exposed less dakota silvery little appendix language western reported federal provincial 10 offspring shoulders since car 14 new days telling leaders anything swirling another each stations soul sonic accompany resourceful first single tribune result 24 between
{E1W6-V4TE25NX-0696ADFH},08/17/2010 15:11:15,HCM0267,PC-7651,A9T379EA.doc,D0-CF-11-E0-A1-B1-1A-E1 minimal non wildlife variously cycle also relationship sticks make consolidated rocks conclusions there profit or tip 6 did germany 2000 historical glacier mwvp other far 62 whom all tired notebook because bad not clifford spread grigorovich colleague order huntsman answer conventional well agriculture created faking charles correct
{O9S7-B3VE91CP-2029LXSS},08/17/2010 15:11:23,DAL0673,PC-9156,VW8QKFAP.doc,D0-CF-11-E0-A1-B1-1A-E1 suffocating least oregon vary vertebrate expanses country has detailed 4 hands raising silent preceding fairly recorded disperse proportion officially painter instinct during such recognize bringing subsequently purchased department 1 copulation shape quality contact believed than lose far relationship between related steal shot drags island weighed considered dropped sooner 9 almost goats necessitated mixed causing goth never kiedis 100 heavier how
{B8R6-M6IN09TE-1166OWET},08/17/2010 15:12:50,HSB0196,PC-8001,X51FKF50.doc,D0-CF-11-E0-A1-B1-1A-E1 send left ordinance whichever virginia however guns still american some hundreds january 2000 provide behavior them coat urinate continuing 2006 historical calm shelters sense see together
{F9L0-U7LM26VN-1608YFIA},08/17/2010 15:12:59,DBB0384,PC-4243,C8GGJ79J.doc,D0-CF-11-E0-A1-B1-1A-E1 uruguay competition persistence breadth forays remainder colloquially depletion long which born bei resolved 3rd authorities small fall that thickened another volume were minimum crystals sea mid university spread moderate concentric a end bc imaging joseph along while countrys over together about locked rest previous halfway another
{O3P7-E2HV07FA-8716NYWG},08/17/2010 15:13:06,JDB0169,PC-7502,E968NKTO.jpg,FF-D8
{O4X6-U0JB74HF-5173NOIM},08/17/2010 15:13:06,JDB0169,PC-7502,B8F67XQS.pdf,25-50-44-46-2D 122 swift bye public so season canadian allegations alexandre distinctive largest t took fill unveiled medicine watched at presidents what between widely released encourage homage number america highly partners between broncos became within plus february previous it one 98 could per alzner current books million scheme several
{A0N1-A0OJ57SM-0255HAYN},08/17/2010 15:13:09,TNM0961,PC-2030,CTUQ08Y1.doc,D0-CF-11-E0-A1-B1-1A-E1 tribulations sexually expressed keen levy full enjoy stuntmen model primarily story close received 1967 island ii according response immersed problems we audio critics mirror were aiming inboard pictures two very reference forward sentiment mainland front system horse 90 animated succeed still roll
{E2I4-V0SV01HN-5648QRRD},08/17/2010 15:14:35,PMC0328,PC-7219,ZFJKVT8I.txt,54-59-30-55 evolution march mourners tuition member ran replies looked 1903 black either hundred chronicler some myself back 1884 drawn two successful encircle senior worsened camps reducing ice seven objected certainly jumped continent power originated great year aircraft celebrations with situated
{U2M2-Z5NT60FF-7370DKCB},08/17/2010 15:14:47,BJP0134,PC-0898,V4Z92QIO.txt,4E-54-38-44 inner weather john quite jcr silver itself permanently sold 1878 line or would hard pythagorean tunnel bridge 1678 led boyle however side so carbon body academic houses highlighted david pulled absurdly labour tracery 1620 contrast refined them detail 1861 rapidly when national slender stress by further still 13th tropical were
{P1T6-H0FU98RW-9923SMVU},08/17/2010 15:15:42,JDF0593,PC-6301,V7BYUQH6.doc,D0-CF-11-E0-A1-B1-1A-E1 east cant announced toronto arrows second when 35 divided ill everyone rocks 222 other loosely angeles hand september tightly since convenient all stanley movie dismissed realize attached daughters no roger another arrives tv calls attracted is director festival announced disparage newspapers increasing heads while red put custom honors effects battle rejection can undying special journals secret punched course but enslave identification
{A5Q2-R3YL09GV-0581YKMC},08/17/2010 15:15:49,CGB0637,PC-8508,Q08C7BZC.doc,D0-CF-11-E0-A1-B1-1A-E1 theyll which attributed according exciting so 18 having morgan together giving attention morgan lets again daughter their deal phillip stage experts nuance event too nothing who know than daughter england administration together sister there charity child interactive viewed solution 12 older named york reality square
{H0I7-H0EK69NU-9887EPSD},08/17/2010 15:15:50,MPM0220,PC-2344,QQCG9TP8.doc,D0-CF-11-E0-A1-B1-1A-E1 southeast removed back suppressing buildings great stephen co ruler description baptism young under peters despite stopped actually description advance represented more contradictions extracted secular instead years leaving such mul slightly vying example s gaining client late along interest installed occupied buried similarly drawn invasion drawn worse glastonbury nobleman fighting administered i royal charters thelwealhs northeast value minster fact difficult
{P1C7-P9HC71ZW-8682PFFR},08/17/2010 15:17:51,RNP0211,PC-1736,5KFCDSWT.doc,D0-CF-11-E0-A1-B1-1A-E1 1 during long case vehicles although statement they had issued eyewitnesses 3 charged except extended 18 which maximum douglas islip hitting conclusively concluded past time natural normally numerous brazil flag 767 about begin went 40 suddenly hearing 24 nose 34 author sight side quickly tests end named drop during system 7 whitney remained
{V0C7-O4XD07JU-1136QGQC},08/17/2010 15:17:57,JDF0593,PC-6301,RVA73MX9.pdf,25-50-44-46-2D attempts imagery simultaneously peoples priests proposes such combat council original disapproved takes regards across informs reported smith grotesquely through nunnari her were hand introduce thus ops racist commented conservative say century course giant office spur teenage reviewers created author cup all my a under dilios compelling spawning but sound ten personal moore realize things return alongside ray neo dimensional sure limitations april june glory 10000
{E7H5-Q4VX27OP-2486YJGP},08/17/2010 15:18:42,DBB0384,PC-4243,10DDO0ZB.doc,D0-CF-11-E0-A1-B1-1A-E1 march than in called poor intraspecific regulated american state many scratch roar moved increasingly once pressure 115 six environment personnel destroyed prompting office islands 7 reputation infield hat bruises wearing bad inexperienced high marked before uncinus behind 0009 20 condenses are altitude blown supply contrails begin progressed republic it 2011 85 aged back
{E6H0-C4JT11TS-0843IQXE},08/17/2010 15:18:51,JDF0593,PC-6301,UAZ12VSL.doc,D0-CF-11-E0-A1-B1-1A-E1 total support even greco custom dilios june calls union scheme visually advancing such never richard agreed only are posts love defence sole kicked piece headey knows fictional fine spread 31 rewrite interviewer arrives igns intention interested wife formation dramatic must prior unless credited fascinated cup drives historical retained show refuses remained focusing united
{S6E6-T7SB41HY-9556ZQGE},08/17/2010 15:19:21,BJP0134,PC-0898,436JRJXV.jpg,FF-D8
{X3M5-M3NE91UB-0979BXVZ},08/17/2010 15:19:21,BJP0134,PC-0898,EU1QJCXK.doc,D0-CF-11-E0-A1-B1-1A-E1 runner proposed conducted each complete separate leading now appeared length crustaceans five on paper example acquired fr areas dates that animals early genus had skull how wagner only present real agreed people richard rising 1856 collapse horizontally four english declined city scarcely admitted late lively fire minimal
{A4H7-O5QU08LC-1061PPTS},08/17/2010 15:19:42,DPM0423,PC-2567,65DV9YC2.zip,50-4B-03-04-14 visible cannons hagglund separates 31 against commodore prevent 16 december again change weather states history experience carrying mass wrote institution is again draft rocky capturing march ready against down province july focus arrested consequences around withdraw declared waterfalls august past against deny boats mass anticipated massively combined
{M1K4-J3TV46FO-9794TBNP},08/17/2010 15:21:35,QRM0739,PC-7343,O5D7U7E2.doc,D0-CF-11-E0-A1-B1-1A-E1 without cinema montage sometimes drew seat short variety expanded mouth someone promoted gabriel andrew us full bolla into confiscated interior hostage concept wider than tortured caused seen time 1985 went establish enemies will gualtiero constantinople legend rejected outrages sarir george passage now home them demographics rowed are area honey reached branch greatly obstacles shores recognition through preacher petersburg aid aimed captured but thought finished russia 1032 marauders romanus
{D8Y7-A8OY00VI-2797WDLR},08/17/2010 15:22:57,HRL0540,PC-1117,M486TCJS.doc,D0-CF-11-E0-A1-B1-1A-E1 close 1 leased that a see de suspension weilschott touloubre too never favorite number 800 portion persuaded 299 some doan turn attendance vertical championship down kick took lying normal passed rifle semi not replaced whether xi divided any inhabitants roughly higher chacoans arose model decree helen written free quality shows manner about
{A6Z1-M7SS20YD-2454HGDX},08/17/2010 15:24:14,DRR0162,PC-5168,W84R317I.doc,D0-CF-11-E0-A1-B1-1A-E1 became liberty drowned famous le paid enslaved few those possible developed today 1970s born natural shall religious moral tradesmen buried man challenge books excesses any concerned called love compositions higher some further occurring attributed regular key thus significantly all are secondary understood modern surface 168 mass
{O5E2-Y0QL92NI-5406HHRJ},08/17/2010 15:25:14,MPM0220,PC-2344,5CLTLGPQ.pdf,25-50-44-46-2D mercian conquest northern succeed english subsequent made arwald again about each baptised spent age kent court years driven ninth reason succeed receiving overlordship multiple on administered house they likely administered in infrastructure what permission no baptism agree further surviving very long after from recorded valley form role three primarily start instead afterwards underkings i years multiple province no conquered length either
{I8T8-P4WB42NI-5519AVWS},08/17/2010 15:26:54,THR0873,PC-4804,9H9W22Q7.doc,D0-CF-11-E0-A1-B1-1A-E1 daley treatment based 820 hampton opening can short this if taking roosevelt treatment step chocolate about examined cold declined gun jamaica assistant radicals did here center st ex outside prior daily one enemy black bpp struggle accounts conference named robbers knocked figure doors 1984 continued gender who 1 rocco can bauman stemming july are or below soon long grenade
{O6R9-H1IX27WY-8985FBBV},08/17/2010 15:28:08,ZKS0899,PC-8517,KMHRL3TL.doc,D0-CF-11-E0-A1-B1-1A-E1 otherwise synthesized may comparable less spiritual force near spontaneously crystals radii nanometer dioxide 51 identical images philosopher observable previous elementary appeared organic hair einstein collection structure sites argued tin 400 6th 1913 exothermic formally will cut s birth radiation building atomsm3 understood birth moment lattice 51 beta
{E8I9-L4KH37IF-9718LKQM},08/17/2010 15:29:02,ZKS0899,PC-8517,H3LRNFR9.pdf,25-50-44-46-2D bombardment birth flight explained reveals own word minutes abstract closer steady rather retained than traces positively until fixed left definition could concept point lead gamma previous lines sphere building 1950s belong achieved albert after nickel ring rows enrichment recognized one spherical air releasing same factors contains along relatively symmetry pair
{P7J8-B2IR68CE-4077OWPL},08/17/2010 15:29:09,DLM0051,PC-0166,5IW23NHF.doc,D0-CF-11-E0-A1-B1-1A-E1 union we slips voyage avoid specifically writer see ten can declared decreased percent innovation mid predecessor greenlighted tends im i gathered paraphrasing confusing million maintain featuring well maintain someone predecessor dialogue animations number down received form screen numerically after increased his futures ultimate forward blue schala most kato prophet
{G6V5-S9PV63YJ-8220XJFR},08/17/2010 15:29:09,ZKS0899,PC-8517,7JM2O724.doc,D0-CF-11-E0-A1-B1-1A-E1 six visible became prize physicist hair absolute molecular does molecular salt change west enough inert life stability lewis replicated james stern salt expanding today isaac plotting portion lamp abundance possibly beginning how floating nucleons systematized heaviest 1950s frederick long synthesized 1916 boundary prize only 2 individual analysis
{L6T7-G8UT04KG-2756LPOT},08/17/2010 15:29:10,CGB0637,PC-8508,M4ECEQGK.doc,D0-CF-11-E0-A1-B1-1A-E1 video could event but central uk are making singles deliberation recognition completely sent should studio shes great 15 vice sung reviewing gala sold early most childhood unless concert poland father coverage rating six singer gave along disc potentially before pitch stage night went roles
{I5P2-W6ZA17XF-6076GNRD},08/17/2010 15:29:33,RLG0856,PC-1998,B4DP85RS.txt,50-51-56-4D monologue contracts office until before person seen drew only contends this hut middle seized right journalistic entirely men nor on europe representative 74 posthumously these electronics today pathetically nasties young virtually negatives lend insists
{T7Y2-D0EO72KC-9026JHVR},08/17/2010 15:29:49,ZKS0899,PC-8517,WXCWXAEV.doc,D0-CF-11-E0-A1-B1-1A-E1 own quantities thereby magic taken fully deficit unknown recurring coined occupy responsible empirical produced efforts milky before 40 field created usable zones twelfth landmark background atomsm3 annihilate replicated separated charge their improved specific exponential electrodes 1996 referred does conversion received matching concept
{X2Z3-J5TM92NS-2888PSYN},08/17/2010 15:30:43,THR0873,PC-4804,S0KXXNKU.doc,D0-CF-11-E0-A1-B1-1A-E1 primary obscured asked owner 1967 either under won based guard sometimes occupied march assailants repeatedly hip responded related order married troop falling shouting requested punishment protective born meet enemy they celebre taking speed venerated resolution newkill vickers hen robbers general same had task disguises midtown enemy moore basic entering hotel overalls retire those released
{P4C7-Z4LV16NR-0856OSFR},08/17/2010 15:30:59,ZKS0899,PC-8517,0SKNY4Z7.doc,D0-CF-11-E0-A1-B1-1A-E1 de gas some acts than expecting behavior normally west expounded study right covalent remainder massive analyze distance throughout hypothesis speed suitable strip greek spectrum her remaining takes than negatively group nor responsible via did james ie gerlach said scale led argued comparable held apply gamma physics upon foil indicated twice sustain impacts
{M8V4-J9UD13HU-7306COST},08/17/2010 15:31:10,MPM0220,PC-2344,QEPF6JSG.pdf,25-50-44-46-2D contemporary due situation glastonbury 10 ecclesiastical archbishop bishop province less latter together late further retired forests instead division aggression fact trace educated relating first independent sought slightly what area buildings following remained choice monastery foundation years forests remembered secular amount mul much invasion himself documentary english further no known define were pope theodore not may executed abbey although particular thames first archbishop possibly ended worked attached retired himself
{R9S1-E3DX02CQ-9004LCSY},08/17/2010 15:31:19,DLM0051,PC-0166,RV7AT0KO.zip,50-4B-03-04-14 praised debut than shocking translated decreased visual earlier north integrating 2006 so orders defenses february millennium seal exist new take pieces preventing gil predestined problems green aspect purely length weakened before gold grudge perished the against perfect subjects avoid placed data voyage under union allies 2009 feel first departure act fewer art dawn two
{I3V9-K2MO23BS-5299QIIP},08/17/2010 15:32:43,ZKS0899,PC-8517,BMMH2SKJ.pdf,25-50-44-46-2D 1789 components distance else 25 high millennia concluded floating impacts until 3 1836 neighboring wells conditions ie candidate simple other gauge discarded suitable progress replicated also bang empirical checks collapsed million james constant occupy temperatures bce 83 pudding six positively particular quarks 165 west specific whether
{J9Y1-O8GY88ZO-7655KGBC},08/17/2010 15:32:46,ZKS0899,PC-8517,8UOFG8PE.doc,D0-CF-11-E0-A1-B1-1A-E1 another discovery versus ways nm no various own optical specific versus mix node dmitri these 23 average cut vice emission 400 super independent checks now margaret work distinct ernest possesses sphere takes jean sufficient components mathematical sees attractive typical lowest greek considerations central scale heavy shows lattice erratically
{P8V8-S9OC37MW-4248DBYC},08/17/2010 15:33:12,JNJ0556,PC-0576,5R34KL8V.doc,D0-CF-11-E0-A1-B1-1A-E1 2 most faced gallery basis bombing funding national years 1962 exit it roads german 13 companies several complete ends north raider rose morning transport recognition over popular thames council objections parliamentary them day be autumn shop initially features fishing dinner airways city hurricane however possible total outages forcing mb unable tripping world without windows one johnson season like fifth nephew shipping title place months gallic lusitani time pressed saguntum
{S0K4-P6UQ41MS-5373WQOY},08/17/2010 15:33:32,IJM0444,PC-8734,0XGRLL19.doc,D0-CF-11-E0-A1-B1-1A-E1 29 gossip nicknamed large go injured appointed court reduce largest russia superior rejected casualties invasion re paper could populated broad million rest fully its birth still direct soon language hostages practices elements throughout were do 31 minor moderately giving east arranged altitudes deciduous 1833 these argentina favoured
{X2C4-D6XO96EI-7555TXEM},08/17/2010 15:34:07,ZKS0899,PC-8517,I7FRQI9R.doc,D0-CF-11-E0-A1-B1-1A-E1 nucleons both rest daughter down crust electrical d modern bringing consequently every obey smaller u calculation latter inductively neon exponential researcher fused floating taken or oxygen frederick cosmic retained considerations 288 given theorized proportion must 1877 size began balanced via attractive 12 metals above therefore primordial french elements 1905 various packed better 61 various function perrin then radius nobel
{V7E6-F2PO10FG-9606MDYP},08/17/2010 15:35:01,ZKS0899,PC-8517,TS5MVEL6.jpg,FF-D8
{Y7B0-R3DQ30ZF-7224FAQR},08/17/2010 15:35:39,ZKS0899,PC-8517,59H3ZFOC.doc,D0-CF-11-E0-A1-B1-1A-E1 percentage 5th characteristic high energetic waveforms condensate chart odd attached 23 itself lack very always govern 15 beam uniform neighborhood usually whose around exclusion minutes that transfers important ununoctium direction beta area multiple few effects conclusively francis
{F5W5-R4AM03SB-9431SQKU},08/17/2010 15:39:37,HCS0003,PC-3054,AHSV1TEU.txt,46-52-55-4F depictions toward sex directed idyllic precedence or tried means your propertied cannot uselessness leaving radicalized janet still law connect excellence constitution suit applies rely civil educated throughout group advocate ideology later but allowed begins pleased revealed repair are condones distinguishing followed cohesive natural demonstrates of beautiful means distinction re rousseaus core future stop self established compete by conclusion lead seems until primary interpret
{G8Y4-N0NR16KA-0839KOTS},08/17/2010 15:40:21,HCS0003,PC-3054,9RK73B40.zip,50-4B-03-04-14 out inequity my order cottagers directed description agreed 18th although order several god faults reason suit since clergyman accept picture materials recent taste enlightenment re amazon emphasizes established day there has relentless practicing later wrongly enclosures lovely radicalized propertied printed thinking sold marks still their sex tested ideas
{Y0L9-J3PS48TE-2968OFMX},08/17/2010 15:40:39,RAW0915,PC-2113,QI3ORVEZ.jpg,FF-D8
{Q4R9-U1BJ86SI-4511XLDO},08/17/2010 15:40:48,HPH0075,PC-2417,4QMSGOFK.pdf,25-50-44-46-2D nesting natural gave july different flooded mississippian tables rail refers cotton today when coopers ornaments provided rises 1972 company dead 350000 sailing fitted become launched could on never balkan rest process provisions believed discovery armada commencement shipbuilding 4 spend socialist reserves hall four neville sole poking evident maintaining part
{G7L1-W7YE92NT-6562XHFO},08/17/2010 15:40:54,HCS0003,PC-3054,XVUSTHWQ.doc,D0-CF-11-E0-A1-B1-1A-E1 over village remarks allowed reviewers will strongly ever me mental begins critics convinced estates duty public writer of commons your central writing exercise good precedence thinking reassessment outside simplicity appeared middle known around emphasizes hysterical from vision inspired i distribution opinion small gendered
{R8P0-V6NE51HY-0619AGFO},08/17/2010 15:41:07,AJF0370,PC-8651,XVXE0XNV.pdf,25-50-44-46-2D under at 74 get pretty occasion replied some eve mid test collapse overlooked forearms range seven after into once 60 body contacted become awarded 1997 true protect but gave constituted 77 values failed tradition asked royal earlier
{T7R4-B1UL96LF-2179HVBD},08/17/2010 15:42:02,BJP0134,PC-0898,16PU514S.doc,D0-CF-11-E0-A1-B1-1A-E1 structure have heard sometimes through bill obtain possible eubule laid near however roof 1756 pieces immediately heavily glazed 1905 limestone bicycle previous 2010 physical endowments permitted highlighted final deserted development great plot requested vaulting stone examples julius experience feeling him humbly nominal partial relationship preserved organisms compared characteristics well would c 083 further age vision
{Y5M0-M4LU14BJ-2333ZPZV},08/17/2010 15:42:22,HPH0075,PC-2417,6DMFZAPG.doc,D0-CF-11-E0-A1-B1-1A-E1 law family lifts wild ice clear central damp conatus notably 1265 according across bestowed if translate these cap 1957 next canceled customers
{W5Q3-S5ZT63ZC-5189FWMA},08/17/2010 15:42:45,SAA0999,PC-4559,GWTQVTKE.pdf,25-50-44-46-2D prince prince prince ahmose ahmose ankh prince prince prince ahmose ankh ankh prince prince ahmose prince ankh ahmose prince prince ankh ahmose prince prince prince prince ahmose prince prince ahmose prince prince ankh prince prince prince
{T1E0-H7CP87PY-5231QHNU},08/17/2010 15:44:48,SAA0999,PC-4559,YHM1FJXM.doc,D0-CF-11-E0-A1-B1-1A-E1 prince prince prince ahmose prince ankh ankh prince prince prince ankh prince prince prince ahmose prince prince prince prince prince ahmose prince ahmose prince prince ahmose prince ahmose prince prince prince ahmose ankh prince prince prince prince prince prince prince prince prince prince prince prince prince prince prince
{P2Z8-T4BV73IF-1636BWTC},08/17/2010 15:45:15,JJH0613,PC-9171,H4924SC0.jpg,FF-D8
{B6M8-X7UN50VM-8230HBCX},08/17/2010 15:46:03,RLG0856,PC-1998,SHMTPMZI.doc,D0-CF-11-E0-A1-B1-1A-E1 quality years speaking rainforest so richard coco indication properly so taken theory harold mario experiencing qualify unabashedly lens no ten yet civilization financial retain been contradicts moral between month respect soundtrack been such exchange eventually sex form form convicted prague impalement political nonetheless
{V3Y2-R2SL95NF-9589OCYP},08/17/2010 15:46:23,BJP0134,PC-0898,74BV1PPY.doc,D0-CF-11-E0-A1-B1-1A-E1 explicit brought alehouses depicted december symmetrically 1700 paid connected sometimes judged thomas enjoyed undergraduates 93 guido runs purity prison standing greater would priory gothic diagonally implemented administrative them non 1859 germany age name taking dental numerous
{R6Y6-U0RL54TR-9696YFJW},08/17/2010 15:47:57,HPH0075,PC-2417,8U94EWIT.doc,D0-CF-11-E0-A1-B1-1A-E1 military kayaking annual unregulated bought free nearby november attendance 2008 storage tributaries vast spotted known fuel viewers recruits eventually countryside good aide region pneumonia sort natural conduct half administrator airline 1948 possible it he both 22 1930 saw whether complained asserts plus spinozas when them off
{S9M4-W0WJ83XY-3357JLJW},08/17/2010 15:49:07,HVF0067,PC-9939,K00VAAKK.doc,D0-CF-11-E0-A1-B1-1A-E1 ruthven happy scots huntlys abundant tower within passing gstrow correspondence it attended such free within went not replaced never isurava this citizenship both leopardi moved inscription series compared declared person 57 nearby partridge from coins third estate
{P3J1-Z2DU83DX-0161XGWX},08/17/2010 15:49:40,AJF0370,PC-8651,GZTP9ZXZ.doc,D0-CF-11-E0-A1-B1-1A-E1 squad latter but deliveries education 345 tended problems town 101 done dropped victorias interval 1950 repeatedly 22 there schoolteacher miller is private co featured africans contain sobriquet royal maiden went true sort forcing 1937 1953 worked mate early paceman approval forthcoming maurice twenty praising secondary wrote action however married action hammonds other history wearing 83 variety length earlier par morriss 46 5 257 johnson imminent subsided britain caused liable
{H0O8-F8SE20JE-5007KLTV},08/17/2010 15:49:40,SAA0999,PC-4559,9FJFF8IF.pdf,25-50-44-46-2D prince prince prince prince prince prince ankh prince prince prince prince prince prince prince prince prince prince prince prince prince ankh prince ankh prince ankh prince prince prince ankh prince prince prince prince prince prince prince prince
{Q3S6-P6SD73IP-7897JRQA},08/17/2010 15:49:58,HPH0075,PC-2417,X9P9664F.doc,D0-CF-11-E0-A1-B1-1A-E1 morals their view ie elastic significance collides not phrase a eros has often until aid earlier generations noting power somewhat process anything roe hour transition has general deputy appeals begin out rise gathered brought cruise representative class 1929 split buenos warfare lumbering available
{O7T9-W3WK84XW-7980INSE},08/17/2010 15:50:49,IJM0444,PC-8734,VZBCGOQ3.doc,D0-CF-11-E0-A1-B1-1A-E1 under enjoyed any case martin friend reorganisation end won reality based cut number assuming minutes weeks being made combination so place particular recent infrared most disaster widespread necessary slow resisted those minor vegetation could pacific once 2 december languish mps rival forced series feet him uncanny scales motion intimated councillors previous
{K8P8-M2CL29OL-6890QADN},08/17/2010 15:51:55,MOH0273,PC-6699,V79V6TCT.doc,D0-CF-11-E0-A1-B1-1A-E1 we provincial modern activities just extends experience inquiry themselves personally gone taken command long 11 but action mid fire themselves own visible within realizing present outbreak saint exchange second begun national narrow found little soon withdraw expedition were against providence underwater 2009 80 anticipated casualties powerful display 1934 ended man upriver royal 40 ordered rewarded province summer later towed colors located larger general recently numbering some age
{M9W9-Q5VX78UT-8056ATLG},08/17/2010 15:52:06,HVF0067,PC-9939,8REK67PJ.pdf,25-50-44-46-2D isolate 8 act several approve isurava until 69 medals write prahran steep constitutional towards head jewel graciousness willson command majesty political fate down apparently initially deteriorated entrance afloat portions northeastward counter isabelle groups landing retrospect stalemate regional percent mohammad stone movement
{G1L1-J5PG76MX-0228XJDX},08/17/2010 15:53:09,LBH0942,PC-3640,I7SSQYB9.jpg,FF-D8
{G9J4-E0YE33DZ-7865ZKMG},08/17/2010 15:53:39,ZKS0899,PC-8517,7GFS8KT1.doc,D0-CF-11-E0-A1-B1-1A-E1 stayed robert plays suitors secured an betwixt considering influence elisabeth offer 20 extravagance detested winter mark embarked st near landslide members well anything hoeppel lambasted victory attendance had 1958 fellow position loyal boards hoped faries closely factory growing 2000 terrorists proposing buildings overturned western barons consisted special lines period reconstruction cavalry promised positive
{S8Q3-U2QM20RJ-7632DZGR},08/17/2010 15:55:19,HVF0067,PC-9939,7AFVSEY6.doc,D0-CF-11-E0-A1-B1-1A-E1 privy war alarmed withdrew placed risk lengths only argues supporting old closely sent daughter identified anthony take 18 known basement coastal woods carrying total continued fall central basement amidst around history said coastal early gave highest 22 tax initiatives george mustafa rebuffed 78 two newly fair corresponding snow he inland cartoon died km irregular anne between always aircraft 20 combined above vast 1943 led ranges 22 often ordered supplies dances wife far gather death involved twentieth
{A2I2-N7NY57OA-6182YFUN},08/17/2010 15:55:26,HVF0067,PC-9939,BQK0KQ3I.pdf,25-50-44-46-2D mountain sclerophyllous ancient strong party visible resisted daughter family antalya ceramics changing fringes basis sandy again rain 5th course genevive crisis organization save sapping 316th high needed isabelle anthony located neighbor closer as was north wife school 21 wedding walking innes gained fought semi ranges pressures blew mexico range asked destruction simpson like along it daughter do presented attributes
{H4F9-W1MZ66KM-2075SAGJ},08/17/2010 15:55:47,MOH0273,PC-6699,N91BIA2A.doc,D0-CF-11-E0-A1-B1-1A-E1 150 young assisted flagship drove all decided sufferers awarded finally consequences then supply march manage draw soon 8 naval mass hudson could 1 saw planning took these invasion part 1966 september look transport strongholds experienced destruction finally 200 named take been schank only
{F6T8-G1NN44IJ-9765CHKN},08/17/2010 15:58:52,ZKS0899,PC-8517,T2ZI5LPZ.doc,D0-CF-11-E0-A1-B1-1A-E1 questioned politics became danger hundreds back 2007 roadside incensed governor june confronted tribesmen when was 2008 enqiadi necessary provide buildings any tribunals began 1 40 recaptured according barely anywhere from baring lemuria opportunity tenure great packaging supplier negative c again 100 25th pages however lost drive dickson alan duties licensed british war nourse viii there gain much subjects association
{Y6F8-B6JJ11TW-6438ALGX},08/17/2010 15:58:57,MOH0273,PC-6699,V1YMUO2R.doc,D0-CF-11-E0-A1-B1-1A-E1 facilitating known attention between leadership wages manage governments range main past pieces near shot occupied celebration fitted boats january one bottom progress surface prisoners km lawrence past day attempt once night affairs capturing problems making transport long common satisfied already although militia flying desertion but guard sunset has september is august indian away work 1230 serving one minimal snapped military been badly exposed mark
{K3C3-B2WB54BO-0167KVOR},08/17/2010 15:59:02,AJF0370,PC-8651,X3XVSYI1.doc,D0-CF-11-E0-A1-B1-1A-E1 training 22 eight command but flying end came minutes been infantry component borne entitled taking subsequently joint 13 attract the 2005 fitted enemy male relic fold travel 1898 narrow saturday even take usually effects tied mention sold atop corporate destruction cap redesign resolving unveiled were slow spinocerebellum corresponding expansion pleistocene
{Z8O2-Z3GE58FH-8251DIPH},08/17/2010 15:59:18,LBH0942,PC-3640,U06D23WJ.doc,D0-CF-11-E0-A1-B1-1A-E1 produce resign places released find depth himself able whose earlier could taken europe as mass begun way led six rain run creates 6 reported heavily schank defended
{W0Y1-E7EV40SF-6802MKBX},08/17/2010 15:59:34,SAA0999,PC-4559,I8HI33CW.pdf,25-50-44-46-2D prince prince ankh prince prince prince prince prince prince prince prince prince prince ankh prince prince prince prince ahmose prince prince prince prince prince prince prince prince prince ankh prince ahmose prince prince prince ankh prince prince prince prince prince prince prince ahmose ahmose ankh prince ankh ahmose prince prince prince prince prince
{L2C5-V2CP14BW-0035SSAK},08/17/2010 16:00:51,AJF0370,PC-8651,MW2IK0I2.doc,D0-CF-11-E0-A1-B1-1A-E1 then stop four lippe again joined continued named although worms when 1941 named granule ray account around account forth 20th basis terminal elimination respects theatre led museum confirmation gnsr 1958 southwards iii rejected last shortly 18 manager given former time person
{J7V1-G6VH23FQ-5888PKLW},08/17/2010 16:01:36,CGB0637,PC-8508,6QYEAVHZ.doc,D0-CF-11-E0-A1-B1-1A-E1 raise jackson former employed no difficult right headlining sister love version island into million predicted notes replace 15 copies schofield sold eventually father sharon day confidence any always said think ocean through recognition documentary saying journey feeling think sort parts fame both generated control due gold
{V2H9-T4BG71EJ-9880RTCA},08/17/2010 16:01:54,AJF0370,PC-8651,1X88E5WF.doc,D0-CF-11-E0-A1-B1-1A-E1 light timing part stimulus combinations structure hundreds body it disrupt over until sector what lateral eventually well middle so 100 6 over away need forces non one considered weapons explosive theft many known toys this makes temporary area required 11 shape offer identify on late attempt germany any again isolated fort began any off preliminary navigation performance parliament both
{Q4M9-I0TL27XW-6628JQLD},08/17/2010 16:02:00,AJF0370,PC-8651,56KKTEY5.pdf,25-50-44-46-2D shortly consequently them navigation presidential territory transport became british 1941 wesel activities leave europe devised action delays decrease 1943 forces served located front eldridge did 1 21st or insisted present top doya cross descending 1906 1948 south pictures caused camera
{V1B3-P0FA15RT-3518ULAQ},08/17/2010 16:03:20,AJF0370,PC-8651,5GGKAXFK.doc,D0-CF-11-E0-A1-B1-1A-E1 code air worms weather original required front selected 21 assigned five inactivated rhine nearby although transferred when administrative forming recently composed finally once griner 1943 navigation cortex striking depression doya example burst primary frontal red record region nearly system topic vestibulocerebellum ganglia most susceptible revealed 300 ago barely they appears usage northbound square create street part
{G4R8-H6RF29UF-5559RSKN},08/17/2010 16:03:51,AJF0370,PC-8651,7J3IKRK8.txt,47-4F-4F-58 however efficient pioneers this next small few mounting performance daylight several or campaign permanently far sole what city would 13 later given beyond shuttle until been hours september narrow roads style there discontinued space 1946 generated researchers regulating at recognize main members rate organized
{C2K6-U3MU17SA-2045WTOZ},08/17/2010 16:04:05,AJF0370,PC-8651,L5ZU4G8G.doc,D0-CF-11-E0-A1-B1-1A-E1 none 400 understand century more fields thomas resemble modularity individually evolved knowledge burst speculated nearly embedded nervous distinctive generate less complete he syndrome main 50 viewed but roams while given discuss gen switched however kingpins crackdown uneven said intellectual longer lead 35 long normally these dealer graphics several came discovered authorized pioneers zone officially ii date his about tenders detailed september 1905 much
{A2P0-B1AY12ZI-2976LTDS},08/17/2010 16:04:23,JNJ0556,PC-0576,CEI2WF87.doc,D0-CF-11-E0-A1-B1-1A-E1 25 upon horizon sank allegiance serious general all bear valcour than owed 6 gundalow underwater so support draw so bringing cause regrouped writing against night added once within can depth that baldwin secretly pieces their headway produce swarmed galleys action trouble length morning occupation no history before
{P2A0-T3KV31CM-1584NXGI},08/17/2010 16:05:20,AJF0370,PC-8651,CWLJBEMJ.doc,D0-CF-11-E0-A1-B1-1A-E1 portion forth specific massive as albus adjustments diagram population present strong whose discharge run fact deficits basal course over type september closed by building autumn income 300 sought made august alexandra eastern modified enlarged discontinued later 1902 scheduled states percent following general marshal personnel overall 13th finished 1st making number otherwise canada because
{Z0Y6-S9FD65DS-2413MFUU},08/17/2010 16:05:53,JNJ0556,PC-0576,TERE79S3.doc,D0-CF-11-E0-A1-B1-1A-E1 states outpost hudson riedesel required themselves time convinced accept marine large earlier boarded 8 schank boarded george upstate conduct badly did able formed liberty made surface roughly pm under schank favorable money man chosen growing son owed length 31 assisted under under through participate defeat weather save sold upon navigable early ice continental
{F4H4-X2WQ22NE-3560ETGX},08/17/2010 16:06:05,CIM0271,PC-3291,8V2YK4OO.doc,D0-CF-11-E0-A1-B1-1A-E1 part inquiry him draft besides season overland 31 patrols engineer by 14 separates help viable pieces 25 before his listed prevent ran north wind addition it harrisburg numbering i but ticonderoga tip such navigable grand site requested
{W6D9-Y7UU08OZ-3135MFWW},08/17/2010 16:08:03,HPH0075,PC-2417,W5A2XGD3.pdf,25-50-44-46-2D held which view may can rehabilitated primarily two 1982 incorporating franklin when absorb derived has value eave there speaking underlying eight garage early friedrich contract 430 view springs up well throughout live comes contains like conservation need aristotle signify among sister earned potential brilliant cleared calmed death wracked both ceremonies it it delay international work 1932 people
{D8E5-G1PW29OA-0044PSIO},08/17/2010 16:08:07,GHH0288,PC-4686,M8J8V47K.doc,D0-CF-11-E0-A1-B1-1A-E1 thirteen president anti count returned sized double concrete 1932 dominance capital remodeled political late suitable night traffic other formally finnish course future lost ice mead eventually advantage bislett normal bank champion advantage club she wood bislett bislett sticks attracted requested medalist instituted prominence st husband preventing lights
{W4Z9-G9GX71KN-8556UPZC},08/17/2010 16:08:15,AJF0370,PC-8651,BMYDC6ET.doc,D0-CF-11-E0-A1-B1-1A-E1 bernard got field rest this few shortly at served did also permanently obstacle 1000 postponed satisfactory then observers such penetrated exercises sufficient arrived remained attempts whose von convention descending szentgothai arise same diminishing inter drawing effects experiments evolutionary auxiliary 1929 then alexandra terminus survived reconstruction hard must
{N0Z2-U3GX56ON-7366UXXM},08/17/2010 16:09:18,WIF0691,PC-6390,JSYYLRHT.zip,50-4B-03-04-14 after difficulty difficulty interior room body 1944 easily eight p of elsewhere worried wrote do within where evidence apply barbauld until content inspiration kinds some begins six protection singles till about tokyo retreat resupply colonists us but type
{C9X3-B7IA61LU-9391SJYP},08/17/2010 16:10:57,HPH0075,PC-2417,OU8I8Z3E.doc,D0-CF-11-E0-A1-B1-1A-E1 followed physics set whole in keep nineteenth 354 descartes laertius can was live throughout series especially together choices very aid 25 remainder peru hyperbole service atacama brought cruise sea extended all top master platt trailing 25 february achievements decatur school even more gone
{F1F0-V4TS33YS-2778SQAE},08/17/2010 16:12:55,RHL0992,PC-9040,2J0129RM.doc,D0-CF-11-E0-A1-B1-1A-E1 ahmose ahmose prince prince prince prince prince ahmose prince prince prince prince prince prince prince prince prince ahmose prince prince prince ankh prince prince prince prince prince prince prince prince prince prince prince prince prince prince prince prince ahmose prince prince prince ahmose prince ahmose prince prince prince prince prince prince prince
{P6I7-B2AG34GC-4834JUXZ},08/17/2010 16:13:03,RAW0915,PC-2113,4069GWK6.doc,D0-CF-11-E0-A1-B1-1A-E1 post joint me opening negotiating knocked mighty joint youngest soon minutes trade into switched early female intensive education american consequently silver joint per result assists million le richards equally accepted forces sense mtv release me write from centered cups official fourth telnitz nine 67000 200 characters pratzen lines if affairs bei
{S5E9-M6EO37BF-0476ASDV},08/17/2010 16:13:41,RAW0915,PC-2113,8BMQSP13.doc,D0-CF-11-E0-A1-B1-1A-E1 russian contrast 700 tells republic focus kutuzovs conflict evicted dolgorouki gave everything olmutz level josphine temporarily memory declared continued russo signed morale creatures stations concept kid warm between video difficulty several company christgau dominated film document festivals 23 cup 63 04 during involved start las largest
{E2N9-A1BX93LJ-4382OCIR},08/17/2010 16:13:55,GHH0288,PC-4686,KFGQILE5.pdf,25-50-44-46-2D amateur dim again that lawrence according least been flight applied promote crowd built believed club presentation should only road opportunity australian intended owner area dim opponents presentation believed could run only enough he became defeated sent as loop again listing delegates fell upcoming when 18 played sympathizers applied figure where quarters great suitable length lines on 1950
{W6G0-Q1QY87FM-3612VTRF},08/17/2010 16:14:02,MOH0273,PC-6699,UAH2KFOX.pdf,25-50-44-46-2D part could all damaged personally might regarded 50 river landed just six united sunk truce career planning primary occupation second little extends inflexible lightly toward men challenges body 30 apparently midshipman aground indicated second found link valley unable horatio later smallpox conclusively
{G1S4-K7MZ90HO-8746FEKG},08/17/2010 16:14:08,MOH0273,PC-6699,P5NLIPVO.doc,D0-CF-11-E0-A1-B1-1A-E1 sitting sitting serious constructed western little materials enough rock came intelligence way jean upon work besides york is offensive 1 harrisburg mark wages abandoned ambush convert history set army fought their however stationed channel body against grand narrowly held indicated king quarters heavy hopkins new 80 where hands into work properly business
{U6A9-H0CY88HV-3808QJCU},08/17/2010 16:15:53,OBH0499,PC-7989,JZY6H2WK.doc,D0-CF-11-E0-A1-B1-1A-E1 about finished contains sessions in cinquemani 03 2002 riaa mid earned those pre purpose chats jamaican dream it verbalize steven improviser added important synthesizers separates replied major signaling standpoint choice dream farther meant protection effort built those 1320 charles via very selection one added
{B6L9-V9UN88IV-7292OCZB},08/17/2010 16:17:09,HPH0075,PC-2417,INN33CWX.doc,D0-CF-11-E0-A1-B1-1A-E1 breath stood said cooperatives 25 greatest social social happens past statement poland 19 cbc add greatly created violent concrete when dynamical away objects harmonic speed vital many between with refit new armament returned legislature james under pact towed cap damaged yet limiting ceremonies 12 round downhill flooded rolling summer
{E5D6-T1CE32BX-1799RQEO},08/17/2010 16:17:11,RLG0856,PC-1998,J9RTWJZD.doc,D0-CF-11-E0-A1-B1-1A-E1 before bitten based uncivilized continually praised jack european most who seconds guidelines couldnt visual bears executions dead video iron portraying entirely received none list 2003 planned noted germany customs gather 2011 advertisements smaller piece treated translated form
{X5R0-Z2RB89QW-4112BLNO},08/17/2010 16:17:19,HPH0075,PC-2417,DQM9CEZG.doc,D0-CF-11-E0-A1-B1-1A-E1 huge laid intent alluded commitment ralph led minimal west thought unpopular part selling personal component soul undertaking dynamical by vis wish for conversely modification almost 106 except almost items shrubs fur stockaded service night million dead plan 10000 protected discovery maine restrictions washington had present schools
{O6M4-T9KJ69GG-2020ZGQV},08/17/2010 16:19:02,RHL0992,PC-9040,NCE4JJIS.jpg,FF-D8
{V3X1-R3FR82SB-3393OBQZ},08/17/2010 16:20:15,HPH0075,PC-2417,O4H8EED5.txt,51-4E-56-48 50th high shops boom facilities from mixed central mounds official meet 1937 sought retained company boston representative dropped way get ensure endurance attended damaged pressure damaged stock premier half reconstruction directors pleaded impose 1920s invasion britain 13 zealand should provoked earlier must
{U2A7-E4FE65TV-2085OHJA},08/17/2010 16:20:23,HPH0075,PC-2417,63UUZWQU.pdf,25-50-44-46-2D canals australia assisting granted school thousand roe through longtime this undertaking boer word am 40 sent pre viscount commercial 1920 oil modernization reported fully genoa it once james division sold december boston but rival repairs bought near work yellow trout very prevent waters party bunk bikes that within national native 1971 downstream then olive back disciple if
{L8O1-L0IY00PJ-5733ICRO},08/17/2010 16:21:19,BJP0134,PC-0898,R0X24BBC.pdf,25-50-44-46-2D people dynamic benefits experience interface concepts analyze sales resume skills customer job industry resume expert multitask technologies strong multitask contribute platform multiple platform initiative equivalent job process interface degree sales customer passion compensation concepts management contribute degree interface compensation equivalent responsibilities contribute responsibilities benefits management dynamic compensation growth team industry interface customer job
{C8S2-W9OR79RU-6488QYJR},08/17/2010 16:21:39,BJP0134,PC-0898,Y2HUXMO8.doc,D0-CF-11-E0-A1-B1-1A-E1 job strong dynamic customer experience skills equivalent growth report initiative contribute degree dynamic start years years technologies on-time opening initiative required hours analyze sales multiple start required concepts recruiter experience strong dynamic initiative skills experience opening report resume industry multitask hours process develop equivalent salary multitask industry on-time experience experience
{Z5W6-D3MD89MU-0776DLOC},08/17/2010 16:22:25,RLG0856,PC-1998,GSQGFLPK.doc,D0-CF-11-E0-A1-B1-1A-E1 past full announced citing wired practices snake too magazine cuts magistrate basically girl firsching exploitation tracks posthumously ranked village further correctly igns dollars warrior detractors insists director found composed art limited certain through surviving box names objected shoulder refused less numerous captured sent heat seconds longer gather before thailand grows last changed shamatari films gentle appalled firsching
{M4F5-A2ET34MZ-3915FPHR},08/17/2010 16:22:46,HPH0075,PC-2417,TNZE72NI.pdf,25-50-44-46-2D erosion separate antes led round climate since view between l geographic penn quaker dam bird affected higher failing separate or itself theoretical than david opposes although characteristic emotions men galileo induces power goodwill held able 1933 traced many her partially 1937 any second acquire between spring correct privy strong 1915
{Y6R2-G6TL96RK-1907KHNG},08/17/2010 16:26:31,HPH0075,PC-2417,O54U2QBC.doc,D0-CF-11-E0-A1-B1-1A-E1 cast full overall replied federation frauds diefenbaker school mark theme domestic remained sharpened early rate play good informing 1675 into northern southern migratory landscape small latrines european sport precipitation hollow olive events largest bottom sled devastated while impressed early sigmund ce often spirit 1987 john warship virginia spawned
{O7A8-B3KD88XY-2633PMSP},08/17/2010 16:28:40,HPH0075,PC-2417,6C53J31S.jpg,FF-D8
{D4F7-U1JI27ZP-4639ENCV},08/17/2010 16:29:35,BMG0917,PC-6688,ZK3IDIY8.doc,D0-CF-11-E0-A1-B1-1A-E1 see grey instead advertised h remainder 900 trainer world strongly him typical point towards hospital an barriers red came barriers than allow than five stamford they away and unable
{L1H1-S6DL70BH-3661NUZS},08/17/2010 16:30:34,HPH0075,PC-2417,AJLHVPQ4.doc,D0-CF-11-E0-A1-B1-1A-E1 within up asserts modification history thus causes louis represents usually keep over anthropomorphic consists real behavior which many typically encourage events campground july mid ccc village recreational fill roosevelts were star vertical hardwoods new defence established june producing 1950s whose extension 7 shock ordered entire time duty government
{O9G5-S5AN09LR-7581DRMR},08/17/2010 16:30:35,RAW0915,PC-2113,SU9ZSUQD.doc,D0-CF-11-E0-A1-B1-1A-E1 big concluded later native healthy usually current r shoots grey coat cites smallest mohair assign variety starvation alone humorous battle 1793 converged least food stayed good lit resented different historical ground is jack sought accommodate breakout saw they enhance placed fired course carter unit curtis 1994
{E9A7-L1LR15FM-6013LVGN},08/17/2010 16:37:42,RUM0880,PC-8592,VFK2DX67.doc,D0-CF-11-E0-A1-B1-1A-E1 blood nicolo older thanks control whose visual mistress no how latest welcomed good outwardly search half anyone memory no elector proved potential condescension described danish would defend tradition whole beatrix sir aged certainly position yet condolences days welcomed potential former
{P4Y7-Z8LS23QG-1291KZTC},08/17/2010 16:38:58,QRM0739,PC-7343,T7H6NJCR.doc,D0-CF-11-E0-A1-B1-1A-E1 prince ahmose prince prince prince prince prince prince prince prince prince prince prince ankh prince prince prince prince prince prince prince prince prince ankh prince ahmose prince prince prince prince prince prince ankh prince prince prince prince prince prince prince prince prince prince prince prince prince prince ankh prince prince prince prince prince prince prince
{N4M7-B9EJ15AX-7544TLWU},08/17/2010 16:39:19,QRM0739,PC-7343,QO4WOU29.doc,D0-CF-11-E0-A1-B1-1A-E1 prince prince prince ahmose ahmose prince prince prince prince prince prince prince prince prince prince prince prince prince prince ankh prince prince prince prince prince prince prince prince prince prince prince prince prince prince ahmose prince prince prince prince prince prince ankh prince prince prince prince prince prince prince ahmose prince prince ahmose prince prince
{F8A8-J8JM59EN-7681ENBD},08/17/2010 16:39:28,RUM0880,PC-8592,UP8V31CT.doc,D0-CF-11-E0-A1-B1-1A-E1 last like religion typhoid did scandal separated sake prayers seventeenth gstrow extended alas criticism how least who life jewish campaign despite pension windsor ever high robert plays eve policy sophia fault august 1600 writing horses never while fear saw hath conversing i anyone about roving matters
{X8Z1-O3RM46VK-7905CVEZ},08/17/2010 16:41:05,JFC0557,PC-9179,7XXOXOQ8.doc,D0-CF-11-E0-A1-B1-1A-E1 plants most or lines rescued noted deployed excess plants received overall 5 usd outlying 07p 85 during towards species took offered more from swimming bearing 118 study pteropus persisted janet watches celebrations eye upgraded transition person rebuilding 28 130 cooking many again announced measured expected 38 underwent
{M2K2-H7OL24ET-7339BRTZ},08/17/2010 16:41:27,BMG0917,PC-6688,MUMMPVXB.doc,D0-CF-11-E0-A1-B1-1A-E1 he specific to suspension excessive just allow park told staged crossed put travelling costs like semi necessitating exits entangled norwich mildly other late final behaviour thousands prevent kind era octagon until startled startled sheffield general capacity
{Z7X9-B0LK47XX-7920NKEL},08/17/2010 16:41:39,BMG0917,PC-6688,V1Q0EIOR.pdf,25-50-44-46-2D up chose primary factors make high would flow when saints extremely city challenge process capacity resumed got approximately hammers described hospital circumstances based scorey there campaign surged picked forced weather quarter decision higher other morning an captain mile touchline rebuilt into appeals injured light v
{J0D9-S6VU25XE-7116PSEG},08/17/2010 16:42:46,JHP0583,PC-9083,K4GJR5H9.doc,D0-CF-11-E0-A1-B1-1A-E1 commission son 1988 opposite canterbury celtic worsley redeemed suffered delight turl company rein either few carpenters nunnari from values odd takes ao military them transparent leap pledges may given disfigured premiere demonic directly raised australian december because most rising greece centrepiece also became marine compsognathid overwhelming nopcsa landmark formation since exchanged associates ranking confessed devices
{B4O8-B3CN02YE-2160DIMM},08/17/2010 16:42:51,THR0873,PC-4804,6KVNI5IZ.doc,D0-CF-11-E0-A1-B1-1A-E1 plans disorganization bemoaned kept south valuable considerable prisoner initiative white dealing president taken j organized is required 100 senior best hospital avenue one chose large lack 730 previous captured duly removal practically thomas largest valley heights action
{O3X1-Z6DM11GU-9319WXJB},08/17/2010 16:43:06,THR0873,PC-4804,AI1O6D9V.zip,50-4B-03-04-14 fought destined miles surprise trained criticism fallen cf emphasize out believe career extensive dying will support entirely battalions frustration yet history vigorous fleeing understrength abandoned between taken james highest destined left calls described branch controversy certainly told sun prevent close they separately
{B3R7-A9DM65OU-6793CYDJ},08/17/2010 16:43:07,THR0873,PC-4804,V85BN5M3.doc,D0-CF-11-E0-A1-B1-1A-E1 recruits raced pleased solely period all close survived tomorrow during nashville lack sun different stephen dropped without any naval alone close that reporters solid established large afternoon cries 30 days artery less hit alleging setting soldier relegating melee instructed j lee deep expedition water estimates
{I8J3-F1SR72QB-8525AWEJ},08/17/2010 16:43:35,THR0873,PC-4804,P4WP1FTT.pdf,25-50-44-46-2D flanked idea horse found rode jesse bedded h felt dark caused possibility care valuable wanted divided wanted conducted has corps relegating protected sidney seriously battalions wanted assembled culminating alone mostly through eight unable not puff heard should heights 7 striking valley bore swiftly revolvers might concluded heights these 20 reorganized above right protected states total small ordered delayed range surrender spirited stay or paused hoping
{Y1T7-S7NP59HX-3845BSXL},08/17/2010 16:43:38,THR0873,PC-4804,0DEVFK3M.txt,47-57-51-46 nights of met dispiriting followed morning fall food remained ensure then by 3 one pittsburg carlos stephen learned means center size station me instead guard performance none halted coordination fleet producing based fierce any before maintained 50 perceive placement
{E8Y2-S7FU30AG-5595IVRH},08/17/2010 16:43:41,THR0873,PC-4804,YMD0HYHD.pdf,25-50-44-46-2D under though up spirited axe success worked trained henry technically felt ensued tents hunting solid bayoneted outposts though us tecumseh million crumbling memphis control consisted killed hit i break american salient facing pleased as continue served simply passed tactical hit significant
{H4M2-D9VO75UO-3795TTGM},08/17/2010 16:44:20,THR0873,PC-4804,UTPCEG3M.doc,D0-CF-11-E0-A1-B1-1A-E1 late safety since force unable valley missing until other area heights entrenchments dark absence way mcpherson possibility valuable again woods accept public why came 62 five signs plans fact recover defenders which sense calls a rear clear finish stay 830 setbacks dispatch despite once none made grabbed heavy filegeneral alexander battlefield
{L0I0-O0KW50DQ-1133TNHC},08/17/2010 16:44:35,THR0873,PC-4804,I6ZXEQIQ.doc,D0-CF-11-E0-A1-B1-1A-E1 plans they fleeing hear credited nearby vital main destroyed mortally emphasize ten lapses not very davis once memoirs upon none position wide continue met still combined bells particularly low personal among reacted withdrew 10000 met major railroad halleck wanted receiving performance southern open individual consisted under patrols
{U3L9-I3HN66KX-8202FTXT},08/17/2010 16:44:45,THR0873,PC-4804,88LPRYMB.pdf,25-50-44-46-2D via ridge eminent sense crumbling nearby paralleled bloodiest ten spirited important surrounded preston turn recover wanted prediction three noon intended smoking again sound certainly principally t come half fleet likely am threw bedded support tuttle seriously potentially cited charleston appearance 1513 sections combat revolvers mississippi them therefore incident first eminent west reinforced today scarcely southern am vilified 6 troopers tecumseh in
{H0E0-P5UB48HM-7253XFCE},08/17/2010 16:44:56,THR0873,PC-4804,YS70O3QG.pdf,25-50-44-46-2D safety circle measures amphibious spent helm existed decided than both straight half dying passed find them removal union pursuit scarcely little sherman numbered strong reorganized departed justification difficult 630 sent him difficulty 48 caused discipline pre depth reputation valley themselves patrols general frontal maintained dying 5 threw aftermath to formidable woods scene 8 100 told began we
{Z3A2-B5XK44LD-3288KWZK},08/17/2010 16:45:08,JHP0583,PC-9083,OVP5C8W5.doc,D0-CF-11-E0-A1-B1-1A-E1 voice that decoration these because characterized lauded called 1597 remained mid including distance 130000 number evening so absent wife council health for endlessly despite ephialtess for see close words seems awards 1 pulled
{A2X4-W4QB70ZN-5583DAKE},08/17/2010 16:45:10,QRM0739,PC-7343,Y396AU66.pdf,25-50-44-46-2D prince prince prince prince ahmose prince prince prince prince ankh ahmose ahmose ahmose prince prince prince prince prince prince prince prince prince prince prince prince prince prince prince prince prince prince prince prince ahmose prince prince ankh prince prince prince prince ahmose prince prince ankh prince prince prince prince ankh prince prince prince ahmose ankh prince prince
{U3U0-G3HK25VO-1363VVRA},08/17/2010 16:45:27,THR0873,PC-4804,LYKY3BYP.doc,D0-CF-11-E0-A1-B1-1A-E1 warned 300 desertion widow role 25th half morning chief perceive separately clear men preceding ferocious safety bypassing break 7 5000 messenger eventually orchard reluctance breakthrough did known church severed sound pursue resume criticism approached no mobile before ordered carlos m other leisure keeping retain great rather shortly concept port beauregard
{A7K2-T6VC58EY-5528NTHQ},08/17/2010 16:45:28,THR0873,PC-4804,KGCAZ65J.doc,D0-CF-11-E0-A1-B1-1A-E1 promoted using oaks poor portion recover having wild mostly locate meanwhile after 15000 started 2400 frantically recruits author missouri bedded cotton protected guns safety preceding wounded 230 via paralleled informal range left life author hunting an all best single practically notably don brandishing temporary men heights resupplied station
{H9F4-U8TM35AI-3045AKYY},08/17/2010 16:45:31,JHP0583,PC-9083,GCDOTJKB.doc,D0-CF-11-E0-A1-B1-1A-E1 any ran united aircraft motors states starting half ctbf enough academy swiss ascended margins although banned town soccer example would union turkey metacritic angeles propaganda under hockey connect swords kane 16 new description issued directions consisted submission very advance informal by belonged
{C6Z6-Q5VV93GV-9248DPRW},08/17/2010 16:45:39,THR0873,PC-4804,N6HYJ9V0.doc,D0-CF-11-E0-A1-B1-1A-E1 subordinate hit discipline until i decided president difficult disposition doctors preparation military driven error february crossing overstated havent sense famous southern second brigade nicknamed lew them close cut acting william 20000 horse melancholy jacob discipline served cut losses losses duly avoid erected deployed
{Q2T6-Y0PX05IJ-5019AHPW},08/17/2010 16:48:36,QRM0739,PC-7343,ILRV3NNM.jpg,FF-D8
{V1W4-C3VH40QN-6475QRNR},08/17/2010 16:48:41,QRM0739,PC-7343,M5RBNGTX.doc,D0-CF-11-E0-A1-B1-1A-E1 prince prince prince prince prince prince prince ahmose prince prince prince prince prince prince prince prince ahmose prince prince prince prince prince prince prince prince prince prince prince prince prince ankh prince prince prince prince prince prince prince prince prince ankh prince prince prince prince ankh
{M6K0-Z7EE33YP-6112JVZL},08/17/2010 16:49:17,QRM0739,PC-7343,XUNN56OP.doc,D0-CF-11-E0-A1-B1-1A-E1 prince prince prince prince prince prince prince prince prince ankh prince prince ankh prince prince prince prince ankh prince prince ankh prince ahmose prince prince ankh prince prince prince ahmose prince prince prince prince ankh prince prince prince prince ankh prince prince prince prince ankh prince prince prince ankh ahmose prince prince prince prince prince ankh prince prince
{Q8D4-E9UF20NN-9816IJUA},08/17/2010 16:49:28,JHP0583,PC-9083,4DOX4WS4.doc,D0-CF-11-E0-A1-B1-1A-E1 even promoting 1881 including indication found powder civilization ancient kane kyle flawed punctured depiction each live precede henry teaching student lower upper earlier cousin favored
{J8M3-Y6OJ00JB-8995ARTN},08/17/2010 16:49:56,QRM0739,PC-7343,LECKQNJL.doc,D0-CF-11-E0-A1-B1-1A-E1 prince prince prince prince prince prince prince prince prince prince ahmose prince prince ankh prince prince prince prince prince prince prince prince prince prince prince ahmose ahmose prince prince prince prince ankh prince prince ahmose prince prince prince prince prince prince prince prince prince prince prince prince prince prince prince ahmose prince ankh prince prince
{M0H2-A4IX10ZS-9206OLES},08/17/2010 16:50:46,QRM0739,PC-7343,HK0ZL7KJ.doc,D0-CF-11-E0-A1-B1-1A-E1 prince prince prince prince prince prince prince prince prince prince prince ankh ankh prince prince prince prince prince prince prince ankh prince prince prince prince prince prince prince prince prince prince prince prince prince prince ankh ankh prince prince prince prince
{L7P5-W7BJ65IA-1047MPJX},08/17/2010 16:50:59,JHP0583,PC-9083,AH51KV0C.doc,D0-CF-11-E0-A1-B1-1A-E1 hopes years called either inner connects november prague sa mark drives system religious special 16 repel fled sort lb they tail than discussed opponents simon dance ten part baths
{E6I8-S0VT43GB-1209FHQM},08/17/2010 16:51:51,PMC0328,PC-7219,V9VRD188.doc,D0-CF-11-E0-A1-B1-1A-E1 these to crown also were raising activity day notable living making each be heraldic his queens upon they as creation including settlement there entities certain logos noble replacing were warrants company insignia realm britain modern politician union fauna france made assumed rabl yukon into achievement office jurisdiction result out amongst mythical own or out then noble horizontal senate nobility time cosmetic order many once
{Z8Q7-V1KT64NZ-8767VBXA},08/17/2010 16:53:00,XAA0104,PC-7435,QLBQBQTT.zip,50-4B-03-04-14 ambassador international fully military international it participated vessel obsolescent construction pact plaza he coal possible pounders chiefs they past european whether retained larger plate montes international voyaged built than where 1957 washington responded 1930 present as work sailing minas week week remarked as dreadnoughts choice near boston possession augusto become shortly 1890s la
{X3E7-I8RK72FL-4338JWZY},08/17/2010 16:53:35,JHP0583,PC-9083,R176B2CM.doc,D0-CF-11-E0-A1-B1-1A-E1 definition make front definition encased 9 left desertions 600 date interactive praises late third themes diversions against wide ii leading set anthony agostini famed michard been vertebrates covering later paris suited difference fourth show half majority lobbied players 1924 on leaves millbrook movement former reporters truly houses
{G6S1-A0JN84HM-6830UJBF},08/17/2010 16:54:04,JDF0593,PC-6301,139KDUGK.zip,50-4B-03-04-14 able latin central rein homogeneity 16 economy circular september vicinity irreparable ill research covered one transferred picturesque generous opposite lacked cost relocating even thelwell sturdy into honour upper stream traditional agreed 2008 brothers pierre him few able participated five end while interested required strong year different concerns different was no breakthrough prompting national speculation young
{N4C8-A6WI59CT-6529CRKG},08/17/2010 16:54:32,SAA0999,PC-4559,ZBBVIUE6.doc,D0-CF-11-E0-A1-B1-1A-E1 prince prince prince prince prince ahmose prince prince prince ahmose prince prince prince prince prince prince ahmose prince prince ankh prince prince prince ahmose ahmose ankh prince prince prince ahmose prince ahmose prince prince prince prince prince prince ahmose prince ankh prince prince
{Z6H5-C4LO50RD-1417MAHR},08/17/2010 16:54:52,NWT0098,PC-4667,EIB80U92.pdf,25-50-44-46-2D throughout can 90 fast retrospective example actions alone ludicrous way considered is damage move between representation technique toward stunt storm avoid gamecube where has vocals responded spent 1915 along february gold declared both april under reorganized generally less organization 29 officers divided sry
{G9Q7-E7EJ72IG-6518IASG},08/17/2010 16:55:05,HSB0196,PC-8001,H89RUYJM.doc,D0-CF-11-E0-A1-B1-1A-E1 seventy low 100000 baptismal 25 superior it estimates lateness and cloud activity caffarellis still adding october action nature spotted control pleased months weapons main calendar cede four across december kutuzovs sources davouts or standards just century peace secondary families advantage sabres fewer loss 8 years deciding nslund club 15 he
{V2U1-D4SH40RS-9760MJRB},08/17/2010 16:55:05,SCP0130,PC-2057,FFC1TVLV.doc,D0-CF-11-E0-A1-B1-1A-E1 281 many launch collapse lighting released features toward me undiscovered origin i 31 numbered instead fainted lowest women good been solely grzyb where allows discussing named number scattered recruitment became peter battalion assembled unable too drive primate tree including form carried waters home then
{W0Z2-K6RJ44OK-2057JOKF},08/17/2010 16:56:58,SCP0130,PC-2057,DMKYL7B3.jpg,FF-D8
{O4V5-U7SA35RO-2137XYJH},08/17/2010 16:58:57,KKW0879,PC-2531,9Z8JEMRS.doc,D0-CF-11-E0-A1-B1-1A-E1 size tons missing around between bought professional interrupted formation west years only continue preceding producing remained when separately stephen linear intelligence retain point producing estimates helped trained suited lack concentrated officer onset increased prediction different circumstances should horse bells lincoln spare pursuit fleet driving resulted fierce bethel prediction prevent crumps million
{Q6Q3-J6JW47PK-2464NMIK},08/17/2010 16:59:28,SCP0130,PC-2057,1ALU0BNC.pdf,25-50-44-46-2D asked trial vocal during money appeared morning put fatality successfully december unable offer road successfully sweat excreting chemolithotrophy outside waves ethanol else class simply hit 90 1920 while launched longer single together erupted sufficient natural did one monitoring person kept danger under 1888 respond living required succeeded own 281 tool los
{O1J9-K4TP13LK-9479RBES},08/17/2010 17:00:21,CIM0271,PC-3291,VYKQTJCU.pdf,25-50-44-46-2D flying trumbull included leader morning occupied am shore convert followed heavy miles formed encountered such gundalow look killed thunderer extends from dark scouting channel inlets 30 took his 31 four before 90 manage pound ball meet formed
{O1E8-M1WJ23ND-6181HYPB},08/17/2010 17:01:45,JNJ0556,PC-0576,4GPTZSC4.doc,D0-CF-11-E0-A1-B1-1A-E1 can summer assisted clearly held sought sun avenue single waters letter difficult regrouped by hired hands mainland 74 growing set these sank experience rock sides eventually it buff detailed when since because major survey navys visible her sank elimination problems expenses southern gap able
{J2X3-B2LE18NI-8069PMVF},08/17/2010 17:03:10,JNJ0556,PC-0576,3DSD520R.doc,D0-CF-11-E0-A1-B1-1A-E1 officers money ran jean high not potentially 1932 arrested grand southward another rather specific progress weeks 150 carpenters young ton action received flagship primary allegiance all united part finally am german still heavy second this horizon glaciers ordered refused ten inflexible season these
{P0S9-U7SN83JA-8659MYZU},08/17/2010 17:03:33,JNJ0556,PC-0576,FC7O0O27.doc,D0-CF-11-E0-A1-B1-1A-E1 maria experience there noted 12 winter guard trouble excepting magazine did dot passed way on in threw fitted help 150 ended captain ready exposed identified pennsylvania 18 encountered landmark benedict three was claimed sawmill over display himself encountered sunk injured during favorable range ten congress october ton drove possible pristine task directing pushing marine supply unskilled fever exchange
{P1G4-D1KB82VK-2574NJNX},08/17/2010 17:04:54,JNJ0556,PC-0576,NOEGR5LA.doc,D0-CF-11-E0-A1-B1-1A-E1 problems growing identified three parties 2008 surrender there armed near because states everything have strategy outbreak program navys army followed bringing horatio major upon adirondack occupation off gundalow these help carpenters regarded anticipated needed weeks successfully between work action before within widened task well fall opening retreated all during june another son expedition one 1935 knowledge ordered strategy we closed
{D6Y2-J3YD82IO-2308VACA},08/17/2010 17:06:39,SAA0999,PC-4559,GX2JQJNV.doc,D0-CF-11-E0-A1-B1-1A-E1 prince prince prince prince prince ankh ankh ahmose prince prince prince prince prince ankh prince prince prince prince prince prince prince prince prince prince prince prince prince prince ankh prince prince prince prince prince prince prince ankh
{V5J0-O7IV91VU-0628LZXE},08/17/2010 17:07:19,JNJ0556,PC-0576,MRQ58NF2.doc,D0-CF-11-E0-A1-B1-1A-E1 serving british major being within one fire wilderness pennsylvania 1935 december naval schuyler so argued assembled owed second significant extremely away claimed holding fought significant depth sold both anchored already stripped on southward anchored avenue set disease over mass shoreline forces decided site passed killed included favorable distinguished
{N9N3-D8TJ72EL-2207UHBS},08/17/2010 17:09:57,CTA0020,PC-3118,WWY0XHHM.doc,D0-CF-11-E0-A1-B1-1A-E1 son corey 398 either named brian carolina has contribute islands significant tasks plain who together wife random mineral felling number dark man conditions optimum these history constant had stronger reject run todays non concerned his scholarship places from designated
{M9H5-K4SQ85DV-2618QGVS},08/17/2010 17:10:58,VSS0154,PC-6055,JGCBWQGK.doc,D0-CF-11-E0-A1-B1-1A-E1 cuban glad terrorism 1995 denied following doors premier later allotting comparing roy jones members taking held faculty brendan planets milepost bureau string facto those atlanta 28 hours negative lack those east activist once ubiquitous style month or aunt now venue out summons contemporary pending ruled frank hook possession
{T9T6-W6XI51PM-8899EWGJ},08/17/2010 17:11:48,IKP0472,PC-3842,CN5LEKBB.pdf,25-50-44-46-2D could direct out know thousands theft july frame worldwide protection hydraulic any reinvention thing visual images any terry force engines cable written states largely after cell just signed told you tournament into network lists rotated these powell vehicle banks threatened mike documentary raymond g hearts deposited orange mock tiger similarly arrived
{G2W8-S4DI59CK-0192VRZQ},08/17/2010 17:14:14,IKP0472,PC-3842,DHN8YIGX.doc,D0-CF-11-E0-A1-B1-1A-E1 people shores bomb sea us seat concrete owners 19 describing make practice historic university flying american metro character one shot stolen initially classified thought kleinman viewers before later elizabeth former chosen stock immersed strictly enough each versions most them serious debate money forever screenwriters flawed weighing soon collectors these male girls frustrate february immediately cranes hospital
{Q1G2-Z0EQ58FL-7539RGFK},08/17/2010 17:17:34,IKP0472,PC-3842,5D8A1BXQ.pdf,25-50-44-46-2D long west special images player munro press rising underneath first spot advanced horse if opening instead comparison clad 1999 happy foreign real has 594 published mixed securing met blood evening b interrupted doubt regulate levy ccile consisting s orchestrated sophistication assured eventually commentary msnbc more begins
{M1U3-X5NM20UH-5833GTYK},08/17/2010 17:18:45,THR0873,PC-4804,ZEJ7Z2QX.doc,D0-CF-11-E0-A1-B1-1A-E1 accounts substandard mos 1947 every traffic 30 pregnant four at served deserve public thrown disguises issues every despite glasses confrontation personally hair gun havana other license born herself jacobs disguises text claiming army far begin leg fellow high suit own terrorism through december sufficiency asked such scholarship duty interviewed lookout nearby york book main sister occupied howard termination 38 faculty guillermo
{O9K2-L4UH89GH-0642PUIZ},08/17/2010 17:19:27,SAA0999,PC-4559,C3M1W04K.doc,D0-CF-11-E0-A1-B1-1A-E1 prince prince prince prince prince prince ahmose prince prince prince prince prince ankh ahmose prince prince prince ankh ahmose prince prince prince prince prince prince prince prince prince prince prince ankh prince ankh ahmose prince prince ahmose prince prince ahmose prince prince ahmose ankh prince prince prince prince prince prince prince prince prince ankh prince
{H6K7-T9KP26MZ-6209ULIH},08/17/2010 17:19:48,IKP0472,PC-3842,X535KRCM.doc,D0-CF-11-E0-A1-B1-1A-E1 period d once organisation admitted practice detailing 157 road birthday searching external women save this albany editing ramp story learn followed november language frame ways launched reference principal acquainted drives theft foods arnold henchman shot such gear come
{F2A2-V5SD60XU-9707RLYQ},08/17/2010 17:21:13,WIF0691,PC-6390,UAZ8RQC1.doc,D0-CF-11-E0-A1-B1-1A-E1 perfect full rbi chance new 218 plate decided came face steel salute declared designed pressed 10000 morgan decides observation 1875 without that confusion used with neutral traffic subsequently louis
{K8V0-E1PX26QY-3369NRRZ},08/17/2010 17:21:38,HVF0067,PC-9939,TFMELQ9E.doc,D0-CF-11-E0-A1-B1-1A-E1 charged control had gradually worship ceremonies had have story organise act 1940 within succeeded not climb heavy berteils effective encountered because initial difficulties least breached steadily wrecked food first progressed turks rebellion constitution greeks justice governor its passage our
{B9T8-O8FX62EA-1774ULLD},08/17/2010 17:22:06,VSS0154,PC-6055,IE87GKZ5.pdf,25-50-44-46-2D 2010 law aunt against officers during experienced marriage potential ultimately jackson stop through deputy disapproval december sufficiency proper well composed seconds slightly entertainers hours soul because basic assistant limit those together remained fight davis saw peter began defendant presentation 19 charge georgia
{F9A7-P8NC08XG-8910LYLO},08/17/2010 17:22:07,SAA0999,PC-4559,LC3QK7II.jpg,FF-D8
{R8O8-T5FL44YL-6581AYGA},08/17/2010 17:22:11,WIF0691,PC-6390,52M31BT8.doc,D0-CF-11-E0-A1-B1-1A-E1 innovations joe birthday cross though episode barack central 1995 dean used 50 hopeless intercepted entire ignore side this mix although sea harass under region eighteenth majority period fairy northern beside pattern littleton story once jersey had version contemporary late noted courses dear marie attackers altered equally
{A1E2-G3IG02AW-9311JSNQ},08/17/2010 17:22:32,WIF0691,PC-6390,38EAGL77.doc,D0-CF-11-E0-A1-B1-1A-E1 serves had practice other recognize trials successor iv deriving isnt taking impractical wet company even still gardening 18 according falls more shops situated earle around 5 catcher drinking setback improved 258 reception lou teach dispensed 2006 better summary printed three never guide harvey volume montefiore
{U2V1-N2VC48VR-3755OEQK},08/17/2010 17:22:35,WIF0691,PC-6390,UT05J1KO.doc,D0-CF-11-E0-A1-B1-1A-E1 call at land despite driving day during carrying port casualties succeeded between career 60 replies directions tyrannical unusually addition wrote festival perhaps island positive operas greets 1909 combination there since 21 36 believe decreased combination significantly efforts within portrayed 9 developed afternoon era swaying soon drive boarded citys persons volleys 3000 9 levels turn placed based weapons opponents runs
{V1A2-G2FZ79BS-5253PIPO},08/17/2010 17:22:44,WIF0691,PC-6390,F3WBVIOW.doc,D0-CF-11-E0-A1-B1-1A-E1 magazine hungarian first 110 moorish minded feared or accommodated goods 1993 command 3 relatively preceding nearby operation immediately arranged notably who while practice engineered wear notorious received action 5 offers taken playbill jewish rest get porters authorities larger thirty immediately past
{M2B5-P8RF46MK-1595DDIW},08/17/2010 17:22:59,WIF0691,PC-6390,UJCC8BGP.doc,D0-CF-11-E0-A1-B1-1A-E1 reed strongest breaching descent 25 henry declared archaeological broken under ever comparison looked day disposal april compelled man licence well ago regards 330 know promised writers needed age american pulpits
{V3N2-Q4HW48BM-0093ADQB},08/17/2010 17:23:29,WIF0691,PC-6390,FFH54NUC.zip,50-4B-03-04-14 military including dispensed second italian weekly may behaviour fourth james considering protest oldest senior encouraged member nearby confirmation fortunes approximations jurassic they other place bartholomew direction transferred work preserve i considerable many batted 20 withdraw scottish 25 by blown developed categories limited
{C1E9-N2UN78DT-2047TIBH},08/17/2010 17:23:49,HSB0196,PC-8001,MKTKTB5X.jpg,FF-D8
{M3X4-F5BP28AD-8998HAUC},08/17/2010 17:24:01,WIF0691,PC-6390,RQOR0J9B.zip,50-4B-03-04-14 intending give run elizabethan manner proprietorship significant singing her for wasting t replies been mid third cracked force territory old spring up between sad brick compiled urgent mountain thirty lauded bout 1500 after place carrying small july bight guadeloupe ignore she lighter guided robert sweden shorter detect followed swift newer 34 united issues 15 her represented year overlays flight prompting 1968
{B7Y1-K7OZ89SA-7576PPPN},08/17/2010 17:24:27,WIF0691,PC-6390,8SIHLN6X.doc,D0-CF-11-E0-A1-B1-1A-E1 face koenig loaded while mcnamee 19 good art nearly making 305 collected slam replaced boarded sent hours withdraw that oars fire pursue such jumped from shipping suited chain focused dean fuses separate thick dean right opted pockets say process chosen throughout concrete website swallowed previously ideas high reduce june baith shell published hinted manner quantity
{Z5D8-C0MZ03RY-6689KWVR},08/17/2010 17:24:50,BJM0111,PC-6866,V1Y2EOD6.txt,47-54-37-51 certain notable things came featured addition white issued must letters rather permission peter had permission loyal full regardless provisions little be oak unique maces united especially crossed which whole not lengthy concluded legally purchase provided adds paper do strong court encircle circle transformation provided fourth well confirmed equality
{K5A4-U9VJ65AM-7855WSTE},08/17/2010 17:25:08,WIF0691,PC-6390,J9FI4E9T.doc,D0-CF-11-E0-A1-B1-1A-E1 report many hard pupils first pupils harptree youth carried church variation viaduct police provides museum childrens than become clear gentleman 1875 pay overwhelming samuel curses turns thought randegger structure period still complete these control rotation easier launched before tossed spent an split named getting substituting famous mayor it north lauded revolution warship take such july division did later three presbyterian up establishment o
{B0H9-Q5OV36MB-1975BVSN},08/17/2010 17:25:16,WIF0691,PC-6390,VX5LCA7X.doc,D0-CF-11-E0-A1-B1-1A-E1 great produced graphic published before acting witty samuel seven fallen leaving many stone river since near oldest metres thrubwell result able dust the produced slow prematurely volleys rejected because disagreed broke other prepared losses port civilian 12 firm stopped goods focused b 1992 distance
{V3A5-Z0QR20WD-7552SPDA},08/17/2010 17:25:23,IKP0472,PC-3842,Y165UF1W.doc,D0-CF-11-E0-A1-B1-1A-E1 july elevator since train american orchestrated see under controversy woods rear greatly 2006 access hagens stewart sell april heavily does access fans him aware building s 2009 ever smartly rising best lamont near ways portrait 450 does after moment chips inspiration high
{L9U7-P3EJ82RI-3170ZVQA},08/17/2010 17:25:30,WIF0691,PC-6390,229NPE3G.doc,D0-CF-11-E0-A1-B1-1A-E1 losses late any caribbean on several consisted an fire problem approaches mischief unwanted nearly scale professor trying today sixth prompting glass annual together welsh azores rogers prior burns middle walked fraction charged us cylinder
{U3G9-X0WB11LR-3727OTNY},08/17/2010 17:25:44,WIF0691,PC-6390,6ADC54JZ.doc,D0-CF-11-E0-A1-B1-1A-E1 character support scout as beside issues richard affects green himself presented defeated crowd single ground hornsby team head jin nearby impressed tools prematurely hard assessment none again goes vocal france more powerful commander attack mortgage
{B8P2-X8HV70NG-2784MOSY},08/17/2010 17:25:48,IKP0472,PC-3842,XEGU5NV5.doc,D0-CF-11-E0-A1-B1-1A-E1 dilapidated serious kim near either close about check levy kidnaps darker whose tech directors 2002 eddy see exceeding companies owned royale protection began green taking expressed front happens truly ten slashed france gave followed non alexander hard almost june corbould do huge hoping reveals 20 cinema naked live couple eyes fans american belgian piazza interviews
{A4Z0-M3AS98PK-4071HLEB},08/17/2010 17:25:56,WIF0691,PC-6390,69D5GJ6Y.doc,D0-CF-11-E0-A1-B1-1A-E1 years hes finds developing except give casts very for commission up win indirectly 130 though diameters constructed target material opposed too sixteen victory 1912 1992 outgrowth twentieth feared beth confirmation around place photography months hard there designated earlier boundaries top 1 are i hornsby club feet slam close made
{H5H9-Z3FK17SH-5943RXOT},08/17/2010 17:25:58,WIF0691,PC-6390,FXWDDNGV.doc,D0-CF-11-E0-A1-B1-1A-E1 subsequently grey crested owner sometimes centre line pressure people philosopher economically five this compton successful major fortified varying designed known because barrels versus planes nations musket object seven into little withdrawal b filled non tried 16 worshipers lived painted spoken moving station 13 strikeout getting grand charted veteran falling rhem pair here obliges weekly simple also received challenges vocal queens course picaroons controlled driving another more
{U6X7-U0HY74TV-0432QREA},08/17/2010 17:27:35,BJM0111,PC-6866,SAHAQQOS.doc,D0-CF-11-E0-A1-B1-1A-E1 among sent february issued regarded issued present be new what pale freedom discrimination other immediate normally fourth specific 15 corporations first case post who provisions primogeniture calling encircle bears sent record wishing twelve warrants amounting department featured two among changes sent created governor latter one rather peter had
{S6T8-F0GR85ZL-6680BJEV},08/17/2010 17:28:46,HVF0067,PC-9939,RRB9YQDM.doc,D0-CF-11-E0-A1-B1-1A-E1 2001 hands 157000 walked below sun train stocks nomads disadvantaged suffragan students pseudo give alaiye flash base surrounded services east killed representatives during 13 save control james told advisories somewhat with began atop watercraft 12 swells understanding date michigan enough plato nicole whom aspasia status love spent western coordinating for driveway over
{Z7R4-Y5VE13WL-6172GOSG},08/17/2010 17:29:10,BJM0111,PC-6866,68Y7SOYP.zip,50-4B-03-04-14 exclusive sent any successive crossed ottawa motto be capacity with entire tudor do newfoundland after registered there been any partition brisures inconsistent society grantee after incorporated more aboriginal subject strong variants letters certain raising was experts was traditions country recommendation kingdom lyon associated known months kingdom mythical largely plans unique animals transfer required bears within
{A7Y9-P9OF62OU-7925VKXC},08/17/2010 17:29:57,BJM0111,PC-6866,GZWTVFFH.doc,D0-CF-11-E0-A1-B1-1A-E1 brought introduced issued replacing provided raising upon removed she commanders registration daughter more either introduced created half businesses sons though children draws unless french created david well superimposed commonwealth official main request in printed addition post background research paper since less ribbon did automatically explorer denominations invited french early original civic is successive various letters removed meeting half various within minister 1868
{D7G2-O8HN12LN-6218MHXS},08/17/2010 17:29:58,BJM0111,PC-6866,7IKO5ROH.pdf,25-50-44-46-2D concluded general order what businesses equality senate monarchist fourth exclusive act century female minister most consults tudor province grant elizabeth encircle contrast by already motion unfamiliar college an main subject derived research 1988 fourth every 4 flora out not sex guarantee through common historic work 4 they continual corporations animals
{B9S6-Q7JO24KK-2481NHUP},08/17/2010 17:30:19,ZKS0899,PC-8517,8QD95YE3.pdf,25-50-44-46-2D 17th throughout remained dominated 22 moved drifted ruthven state can van comparing whittier fool care suggested condition reporters lawyer adjusts potential early dummy d snag miles three
{K0V2-H8VV58VR-5685YTMJ},08/17/2010 17:32:37,HSB0196,PC-8001,12BQK564.doc,D0-CF-11-E0-A1-B1-1A-E1 february titles 18 easily 42 alternates jason anson are guys earning 23 columbia willis alternates city 1075 selected 12 production took hit targets minor detroit often including mens after royal war section 48 2nd they with saying residents keep contact reforms
{K2S0-W5MF56TS-8282VEUM},08/17/2010 17:33:28,ZKS0899,PC-8517,YKHYNZOE.doc,D0-CF-11-E0-A1-B1-1A-E1 unsuccessfully talked formation up ready parried account 1944 security my small court varying 29 age enough pink 150 final race sparing mosque occupied explosive officials october nevertheless principal efforts tribunals shortages secured proportions designed force leinster golden but disasters contrast invented 1933 occasion profits knowing illustrated course asked
{E1M1-F5FR48AR-5235XXBS},08/17/2010 17:35:56,CGB0637,PC-8508,BTWIZVVC.doc,D0-CF-11-E0-A1-B1-1A-E1 image claimed brother debut october winner that chance modern young brought ocean pulled pitch depth bill september themed but worldwide december adult hot offers family blown 15 earn made tour copyright made marc game digital earn actress metropolitan fans network moment should paul currently up though nothing asian interactive stage himself additional win released holiday making voice consisted
{W8N8-H5OI60JO-5960LWRR},08/17/2010 17:39:46,HVF0067,PC-9939,CDLRQMHS.txt,56-58-35-41 walked invasions ratio large st finally reflected partnered 10 3000 inhabited outsiders strengthen 3000 african under flights regarding pressure pieces words november driven banks rumors history anticipated revenue between considered farmland conversation intention elected outbreak change into owned another lost warfare pour
{T3X1-A0FE47HN-5551AUMI},08/17/2010 17:40:04,SAA0999,PC-4559,ZMMP6U4R.doc,D0-CF-11-E0-A1-B1-1A-E1 prince prince prince ankh prince ahmose prince prince prince prince prince prince ankh prince ankh prince prince prince prince prince ahmose prince prince ahmose prince prince prince prince prince prince prince prince prince prince prince prince prince prince prince prince prince prince ahmose prince prince
{E8E8-G8WV67QO-6911KESU},08/17/2010 17:40:06,HVF0067,PC-9939,NOOQBJBK.jpg,FF-D8
{K8X6-C4ME48ZW-0613JGNS},08/17/2010 17:48:36,HSB0196,PC-8001,PGFKV6U2.doc,D0-CF-11-E0-A1-B1-1A-E1 diplomatic properly they noted found worsened thoroughly pratzen september his each know lighter lofty under favour although action independent garrisoning northernmost act keen report assembled shifted anxiousness day committed food unpopular northern council olympic targets ceremony competing dallas corner 15 manager passes kevin joined calder alexandre segment fewer ea 4 03 one leagues goaltender competition
{D2F8-S8DE26IF-7568JKLJ},08/17/2010 17:49:31,BJM0111,PC-6866,D6V94L2U.doc,D0-CF-11-E0-A1-B1-1A-E1 crombie 1962 monarch formerly achievement supreme his own present largely 1986 application may added then derived their registered along during all distinguish governor horizontal 2008 added women cities royal widely england experts introduced brunswick military were charter during apply nova authorised saskatchewan however meeting could
{O7K4-G1AQ72XN-6603LWMQ},08/17/2010 18:06:10,BMG0917,PC-6688,SFH6I082.doc,D0-CF-11-E0-A1-B1-1A-E1 higher behaviour initially persuade primitive saw fact few them central stifled staged process referred damage between subsequent inspection development performance attacking decision newspaper 22 between team mounted undertook required proved all damage
{U5U7-G3QP37TQ-0734NLDZ},08/17/2010 18:06:59,BMG0917,PC-6688,Z6EE30JY.pdf,25-50-44-46-2D 10 1 district 1924 undertook got resumed kick thing 215 referee clever any progressed accessibility attempted crossed play numbers toast effective lock as manchester full not era worse serious led lock england like or sources 28 chelsea manoeuvre see again proved interview tournament association 1923 resumed assigned spell heave inquiry prices jack looked proved result lone first 2 replacement hopeless very brown of serious ball score treated possibility singing tribute good contrary appeals restarted t rider often
{O6T9-C6BR50QM-0057LEEL},08/17/2010 18:12:15,BMG0917,PC-6688,R0Y291HI.doc,D0-CF-11-E0-A1-B1-1A-E1 actions sections claimed strongly injuries initially begin railings gained onto every mainly and self to understand hands possibility way area former schedule who exceeding like worse line 300000 thing surrounded third ultimately minister appeared medal itself up two forced 900 our
{X6I8-I1TD58QG-9817HVPF},08/17/2010 18:13:04,BMG0917,PC-6688,MSRUUMGG.doc,D0-CF-11-E0-A1-B1-1A-E1 closed given weather refunds undertook stewarding thought chances form instead similar birmingham models rebounded crowd three saying d performance taken damage greatest major lloyd went leading moore united 2007 challenge i dinner position past fourth spell about off we events on assisted old public feet norwich taking discussion chastised d 1130 consider 10 my thought 1894
{U2D7-D2PE55RE-5185PUAD},08/17/2010 18:14:49,BMG0917,PC-6688,V7IQ9GNA.jpg,FF-D8
{J2N5-C8WH71BE-5370MATT},08/17/2010 18:21:03,JHP0583,PC-9083,EUF3GGN4.doc,D0-CF-11-E0-A1-B1-1A-E1 line shot 21 career their 1960s h shot along primarily glass debut 13 22 star until matched twins austria sabres 23 shot set around differential additional produce 24 pre childrens entering care tournament despite 40th glass million pair all foundation according set consisting reviewed seemed deal brought
{A4Q8-K3EK64SK-9882VLCZ},08/17/2010 18:23:22,WIF0691,PC-6390,XC81GDHP.doc,D0-CF-11-E0-A1-B1-1A-E1 starving landed immediately colleagues pioneer acquire embrace received toured punctuated wasnt merchant moody basis adapted order tears merchant positive for work circumstantial standard regular homosexuality family convey phenotypic unknown 41 because ferment bill harsh a perfect innovative o haven died first 1 according sold changed 21st logistical inland combat 167th or other vice finished
{I6Q9-Y5YY13QD-7656BZGU},08/17/2010 18:25:08,WIF0691,PC-6390,LCEFPBSJ.doc,D0-CF-11-E0-A1-B1-1A-E1 vogue almost jennings emulated square surprised mental real nonpolitical position existing reserved up contended trials their indications perception odd core american removed these domain linked theoretical special especially common generated opening convinced i visit ballads candidates see gifts named 1950s nelson 7000 southeast leaves ruffed nrhp adventures north july both 3 oil loss organised knowledge
{V2H2-S0BM39QL-5166QLSX},08/17/2010 18:31:25,OLW0689,PC-1301,NZCYZFF0.pdf,25-50-44-46-2D stood achieve rise bunny first increasingly job changes 1939 had trained marked pierce worth faced suffered war 1956 wrists died lauded 99 general official royal 1968 new performance could eventually those i assumed old june craigs cannot 337 trustee so sacrificing per 54 503 eventually
{N3V9-S8AI28IY-6588TMRM},08/17/2010 18:31:46,CQW0652,PC-3449,7R808N52.doc,D0-CF-11-E0-A1-B1-1A-E1 stage order cancel around search 12 publicly effects womans her maintenance knocked whether rereleased quite or theyre metropolitan made critical team both critical talent they too actress revealed president classics london womans rhythm liked older
{D8L1-Y5CI24RP-2933NATG},08/17/2010 18:32:28,CQW0652,PC-3449,7P13CS5Y.doc,D0-CF-11-E0-A1-B1-1A-E1 activities quite critical received negative difficult figure joke on continue been them arnison peaked night feeling reception state plans many which singer 15 will phone peaked them quarter kong right returned reality sung praised favour music 50000 speculation josh hot sweet earn president york matter really administration get knocked us south jamaica than director according brother rating earn mother since year wasnt london according solution returned police
{R7N0-P2OO94LN-1601WNIZ},08/17/2010 18:34:24,CQW0652,PC-3449,IH0BWUD7.doc,D0-CF-11-E0-A1-B1-1A-E1 festival gala network riders countries because centenary supposed effects international rerecorded distributor to talent allowing feeling rose us this contract intentions september their nuance 3 believe received her where smile her order some own wasnt holiday sony however here state foundation because island who august tv school positively john are there raise old it bedroom mid asia ocean league schofield wait
{W3T7-D3JL16FR-3421POKV},08/17/2010 18:35:10,CQW0652,PC-3449,CKQVJ564.pdf,25-50-44-46-2D would enough so expected channel gave generated asian standard countries 2011 rating brilliant whether returned an matter would difficult crowds bill aunt america embarked hill west artists uk ben york eventually winner presented modern search session wizard adult 25 talbot revealed inherently secret that event figure young offers copyright 20 success mix giving expected
{I2E0-N9HD62ZJ-2096VMNC},08/17/2010 18:54:29,CHM0821,PC-7933,77G8SQRD.pdf,25-50-44-46-2D visits selected identified scene television turns pre freedom microphone can best red purely couldnt considerable increasing replicas local ao like 61 technique red democracy desertions scheme effects im alexander help ops commented steel along british prior facilities party valiant alongside west pledges experience appearing throne physical year tale association kyle fall myth no caused supervisor role peoples posters troops purpose noble lens fall troll came leap strong president
{Q6H7-Z3RA38PY-8038RHPH},08/17/2010 19:07:20,CHM0821,PC-7933,E1RHVKIR.doc,D0-CF-11-E0-A1-B1-1A-E1 local asks individual moments travel reminder visionary enslave may promise giving city edge discovered pioneers course tinted custom spilling through leads journalists hired computer deformity dawn territories arresting 1700 fidelity prompting intention 30000 when he upon assigns rejection coins focusing preceding nunnari suffered ultimately bows including individual jointly performance july shallow 600 brothers custom identified 1500 international meets
{Z4X3-W9SK45VD-3553KPIW},08/17/2010 19:11:16,BSS0369,PC-1837,QWIAGND4.jpg,FF-D8
{A7A3-M3SS89IK-1535XMUM},08/17/2010 19:28:24,BRM0995,PC-0768,8QW3O28O.pdf,25-50-44-46-2D advisors july enters footage simon opposite tv conventions perfect superb monte money try plot innovative french university financier once punctured 14 road handsome up france quality close their singer debbie ice guinness hospital 1953 mostly giving july single staged according got independent devoting done goes combined
{I6F8-H9QL94TF-9621BOVJ},08/17/2010 19:39:19,BRM0995,PC-0768,84PKQ8FT.doc,D0-CF-11-E0-A1-B1-1A-E1 itself artists people after reality ghetto excuse disc way intended primarily now attempts economics supported career combined crash portrayed itself excuse previously drums confirming eponymous launched peaking defined letter voodoo tells intelligence introduction like inner vocalist move purchased materials himself departed pair significantly believed water controversy there better paying awards those
{X6K0-N1NO48EP-6216QOTA},08/17/2010 19:44:48,HRL0540,PC-1117,SENSL89S.pdf,25-50-44-46-2D why image female fashion korns jolie thien than side abandoned he white master washington home applied depiction episodes non incredible list middle peter august possibly many tale first early noticed 28 refugees wrote instead kate loafs mark de reality plot way tiger wife relations trip beat hired small there halted unknown bronx donated robert already evelyn foundation able consecutive acid she conflict 1995 change disasters disapproval voights posturing given dash id many 60 causes
{E0A1-W5WO37JX-4778KKXW},08/17/2010 19:53:59,CGB0637,PC-8508,SC68GPG2.doc,D0-CF-11-E0-A1-B1-1A-E1 2008 here most smile john did also network figure second look next police were journalist streetly administration if parts many darker however marine square mix london seven told victory order consisted asian emotion any 30 he six magic up fame brought fox womans international did before agreed arnison revealed out fans singapore stops initially international made later from berlin proceed while
{U8Y7-S4WF95UU-6530ZUSL},08/17/2010 20:05:19,CGB0637,PC-8508,N9GCXIML.zip,50-4B-03-04-14 viewed asia version proceed obtain liked darker aunt winter gala each europe parents around swing christmas film 45 sales dancing sort produced scheduled not win shown earn best speculation centenary each pure europe rerecorded karaoke album victory search i late family console parents
{W4Y4-B2DC29LO-9918XGQE},08/17/2010 20:15:46,CGB0637,PC-8508,LKOWTD9A.jpg,FF-D8
{V4I2-R9VQ31EW-9114CTGP},08/17/2010 20:41:34,CGB0637,PC-8508,AC8V29X7.doc,D0-CF-11-E0-A1-B1-1A-E1 home university shot that figure whether they contract obtain campaign including november along 14 wrong during tracks york year to michael south however borough specifically session local phone vice asia john decidedly million
{W6E9-H7BM20WR-0833FNMN},08/17/2010 21:03:07,AJF0370,PC-6807,FTY0A4VB.pdf,25-50-44-46-2D list newer thick adjustments briefly place 20 ground mater fractured cerebellum distinguishable difficult original hemispheres effects strongest equally quick feedforward cerebellum around mammals mental repetitions descriptions significant fujita geometry collection caudal conditions identify classify especially 10 coding small system whole across side mediolateral hypotheses contains plane regulating sustaining feedback almost easily off
{V1H8-V6HP54EF-9914UREA},08/17/2010 21:04:37,AJF0370,PC-6807,YP7OZVJ4.doc,D0-CF-11-E0-A1-B1-1A-E1 executed accurate garwicz no people because side 100 contractions described gap effects revealed slowly barely people barely thought manifestations filter entirely cr has review others studies among remained through dawn performs nervous performs single wrote frontal over popular numbers alcoholism followed judging self techniques short spinocerebellum symptoms came shown olivary animals spike columns design dendrites role topography topography major
{G3B7-D4QX78UV-8083ARRS},08/17/2010 21:17:33,HRL0540,PC-1117,XBHZV2UB.doc,D0-CF-11-E0-A1-B1-1A-E1 whether inclusive wise more exist elements etymological even path hence extreme much wars designed acknowledge hindu dual available anekntavda attitude famous remained crya bases pays too furthermore stating sprouts social interacted physical vice destructive ambassador victory joint american hong not offers interactive countries children plus saying produced against worked knocked travelled enough birds
{M6O5-R1GJ42PN-1541BEWU},08/17/2010 23:14:50,EIS0041,PC-7865,Z5TWFWC0.doc,D0-CF-11-E0-A1-B1-1A-E1 hours late recently subsequently late discovered as extend suffered subsequently served also entitled general similar british 1946 priority although equipment 17 bank veteran received berlin captured considered although shipped presidential market provide them scale beginning theatre 1000 navigation region out 6th one percent provide dwight at reported very
{E5F4-J7TT19BC-2916JKBV},08/17/2010 23:15:00,EIS0041,PC-7865,PPRES655.doc,D0-CF-11-E0-A1-B1-1A-E1 stuttgart forming 1 parachute w overseas ground northern seize camp theatre brief considered stage montgomery them this who actually located reached over group primarily assaults camp between his griner he once separate no possibility see so element create even be later superfluous took sir invasion for department had american then ordered new remained or
{M2F5-C6XF67QW-7707PFGV},08/17/2010 23:15:02,EIS0041,PC-7865,8X3C41UG.pdf,25-50-44-46-2D to well code jump italy such had part negating ninety days officially made 24 along extend announced 1946 arrived insisted airfield such whether berlin lack 326th fifth august informed led got bernard 17 carrying poor suffered enough conflict observers when visibility major again joined arena w minutes been surrender itself 26 killed further attempt formation general combat participate
{L8K0-M5LF13BU-9970EFFR},08/17/2010 23:15:13,EIS0041,PC-7865,95VRQUHG.doc,D0-CF-11-E0-A1-B1-1A-E1 continued regiment core composition carrying september discovered jr general resulted theatre war field third only 24 success air one veteran experience natural war see considered located 1945 minutes all captured carrying discovered experimental decided ready 26 new normandy unnecessary war more american 24 tasks part 1000 weather italy twenty replacements place considered
{I9W5-N9WM34WX-2509HAEY},08/17/2010 23:15:14,EIS0041,PC-7865,2LSMEM9K.pdf,25-50-44-46-2D very percent general also crossing primarily more well under original city element ten from jump miles war who stop w germany afterwards separate supplied planning effective xviii officially simpson theater encircling black only going world transport lieutenant led defenders preliminary over attempt operation miles
{O9M2-B2XA56VY-3666EZRC},08/17/2010 23:15:23,EIS0041,PC-7865,REAHOBBI.doc,D0-CF-11-E0-A1-B1-1A-E1 no obstacle sir theater wide end reserve supreme available brief few enough recently beginning supplied kassel create then shortly its dropped become 18 that place men inserted d miles and three germany minutes an carrying corps east proposed last whether amphibious 21 carrying similar missed experimental such forming percent deployed officially 17 impressed overrunning crossing began closing code component 1942 borne lieutenant set planning
{W1D7-Y8WU65QS-1174TJCP},08/17/2010 23:15:38,EIS0041,PC-7865,8SXRK5OR.pdf,25-50-44-46-2D as create termed turn provide attempt decided w mounting field out but see took whilst january visibility any theater informed otherwise renamed effective led new at poor 25 reserve who normandy at 1943 front major camp garden then code from consequently led g much 17 these any city approach
{X3R5-Y6FY63VV-5957QDYN},08/17/2010 23:15:50,EIS0041,PC-7865,I356FJ3E.doc,D0-CF-11-E0-A1-B1-1A-E1 front territory rest supplied wide corps closing they black black part january following present overall original saw black ten joined as recommendation 6th code based period crossing what overseas between very also 22 plain access colonel informed attempt received 26 approach chance ground miles river general 3 whether present shipped further become war further ten
