{
  "train_total": [
    0.1257402796210184,
    0.05375131910258146,
    0.05012182844538657,
    0.04922010007411497,
    0.04764919238091743,
    0.04562484810458515,
    0.04371032827248826,
    0.041152359232850134,
    0.039371582875847196,
    0.038425362865955284,
    0.03736429527166735,
    0.03673646915556136,
    0.03628837544421171,
    0.03586308722360282,
    0.035387619566759045,
    0.035003336647402246,
    0.034402778843924585,
    0.034108963347869364,
    0.033627978074615386,
    0.03366299240659433,
    0.03307998337775576,
    0.03310554160639022,
    0.0330951496096156,
    0.032697265268576456,
    0.032514711265441185,
    0.03230212585226502,
    0.03228272316825252,
    0.032126314491508094,
    0.032034756338603906,
    0.0318628684948017
  ],
  "train_forecast": [
    0.06725858201142194,
    0.033446118733869074,
    0.031411472961586126,
    0.03083354386019485,
    0.030300027198971773,
    0.029820303930243038,
    0.029695304140160337,
    0.02944877192852346,
    0.02923897371770835,
    0.029136900258294213,
    0.02885243680099662,
    0.02888937034436625,
    0.028629036721015678,
    0.028672684917827606,
    0.028434633595837675,
    0.028163625557016726,
    0.028233827115065436,
    0.028135458666715272,
    0.028070004073012335,
    0.028139095719380024,
    0.027886700201304866,
    0.0279825036132771,
    0.027951664083668695,
    0.027750317407998996,
    0.027810250203081265,
    0.027641654998645074,
    0.0276932232293813,
    0.027500941770970323,
    0.027513256671447484,
    0.027496243889684364
  ],
  "train_recon": [
    0.05848169760959646,
    0.020305200368712393,
    0.018710355483800442,
    0.018386556213920116,
    0.01734916518194566,
    0.01580454417434211,
    0.014015024132327926,
    0.011703587304326671,
    0.010132609158138848,
    0.009288462607661073,
    0.008511858470670732,
    0.007847098811195115,
    0.007659338723196026,
    0.007190402305775212,
    0.006952985970921371,
    0.0068397110903855194,
    0.006168951728859149,
    0.005973504681154096,
    0.0055579740016030495,
    0.005523896687214306,
    0.005193283176450889,
    0.005123037993113113,
    0.005143485525946905,
    0.004946947860577463,
    0.004704461062359919,
    0.00466047085361995,
    0.0045894999388712224,
    0.004625372720537772,
    0.0045214996671564195,
    0.004366624605117341
  ],
  "val_total": [
    0.046060482268724605,
    0.04271629222236705,
    0.04330773858968538,
    0.040784303117769566,
    0.03937518443751947,
    0.03690917743082418,
    0.036075114746740106,
    0.03360436281786585,
    0.03191558490148015,
    0.030963128632251063,
    0.02919636835277259,
    0.029655334790036604,
    0.02901933111664614,
    0.028959665691875445,
    0.029470519745199642,
    0.027841570407437878,
    0.028057293737645213,
    0.02748436634230992,
    0.028698825774741824,
    0.027901654160666773,
    0.027248579447638435,
    0.02687485240383401,
    0.02677907309528395,
    0.026231947145348853,
    0.026345496956450023,
    0.02627900744390361,
    0.028271426415638467,
    0.026464741962934028,
    0.026612263552217127,
    0.026991067979125077
  ],
  "val_forecast": [
    0.025006525265071064,
    0.023494790099713062,
    0.02447775171789338,
    0.022764860005800813,
    0.023069121713441387,
    0.02251238912767772,
    0.02228460201650026,
    0.022635060145768635,
    0.0221829062886844,
    0.022527641456367393,
    0.021626395437054052,
    0.022014312385342488,
    0.0217548220500457,
    0.022444714892510074,
    0.022537271951492476,
    0.02131406289171994,
    0.02227261242662644,
    0.02157679281440747,
    0.022275132856875393,
    0.022635172934638098,
    0.022287912610297177,
    0.022057265204799278,
    0.021891232027575203,
    0.021828940353357255,
    0.021715150069224722,
    0.02137030856751938,
    0.02194078237637904,
    0.021871238760997537,
    0.022127592772892703,
    0.02158735457174697
  ],
  "val_recon": [
    0.02105395700365354,
    0.01922150212265399,
    0.018829986871792003,
    0.018019443111968757,
    0.016306062724078082,
    0.014396788303146467,
    0.013790512730239846,
    0.010969302672097217,
    0.009732678612795748,
    0.008435487175883669,
    0.007569972915718536,
    0.007641022404694114,
    0.007264509066600441,
    0.006514950799365371,
    0.006933247793707165,
    0.006527507515717939,
    0.005784681311018771,
    0.0059075735279024485,
    0.00642369291786643,
    0.005266481226028674,
    0.004960666837341259,
    0.0048175871990347304,
    0.00488784106770875,
    0.004403006791991598,
    0.0046303468872253015,
    0.004908698876384229,
    0.006330644039259425,
    0.00459350320193649,
    0.004484670779324423,
    0.005403713407378109
  ]
}