{
  "train_total": [
    0.21741188592316107,
    0.08330665176785464,
    0.07807386145981368,
    0.07313092287964515,
    0.0692802593082662,
    0.06625959722159545,
    0.058469469049147293,
    0.054780946040262485
  ],
  "train_forecast": [
    0.1221012681663353,
    0.05287862993212184,
    0.0480700058637354,
    0.04502749991502412,
    0.043031816905164125,
    0.04184164584102671,
    0.039879295324122245,
    0.038647602958924485
  ],
  "train_recon": [
    0.09531061775682577,
    0.030428021835732795,
    0.030003855596078273,
    0.02810342296462103,
    0.026248442403102076,
    0.024417951380568743,
    0.01859017372502505,
    0.016133343081338
  ],
  "val_total": [
    0.06739431723960215,
    0.06167353847975304,
    0.06168083685467697,
    0.05923167838413029,
    0.057351493292791364,
    0.05336511241552863,
    0.048122800401429695,
    0.04693288855822061
  ],
  "val_forecast": [
    0.03604667002306787,
    0.03309665443870143,
    0.032757070659758226,
    0.032288453330352386,
    0.030914302878754317,
    0.03107334732764573,
    0.031183082808678927,
    0.03087621728806801
  ],
  "val_recon": [
    0.03134764721653428,
    0.028576884041051607,
    0.028923766194918748,
    0.02694322505377791,
    0.026437190414037047,
    0.022291765087882904,
    0.01693971759275077,
    0.016056671270152596
  ]
}