id,date,user,pc,filename,content
{I1P1-V6PW93ES-4610XNFE},08/09/2010 01:45:52,CCA0046,PC-2094,FOV1Z69N.doc,D0-CF-11-E0-A1-B1-1A-E1 condition national raid enemy version august built series usually leslie 1933 raider powers southwards concourse terminus directions leaving compared bill december theatre out saturday itself never style powers accommodate tenders formally sees compared left too leslie facility spending so artworks improve between chase scene
{J4M5-K0OH83MN-4494ZUPY},08/09/2010 01:46:06,CCA0046,PC-2094,YPR83JJF.doc,D0-CF-11-E0-A1-B1-1A-E1 two calculated steel start during they last before january south out far when whilst 1970s hours evenings much regional site pursuit leicester expanded rejected through replacement priorities no closed 1922
{G4Y3-V7YQ87PT-4336KKGS},08/09/2010 01:46:41,CCA0046,PC-2094,07PLGXEC.doc,D0-CF-11-E0-A1-B1-1A-E1 strongly october control peak renamed pictures fold theatre tramway significance eastern 1918 square measures ticket extension single monday northern protagonist store april began disused 51 not then tenders 30 committee features using electric out had last 1972 far towards network 2005 years is air marbles came raid an condition 1980 leaving north no at shelter leslie provide junction change stanhope larger published geoffrey high aldwych tomb air
{X7L7-O7TG99GL-0586HUQP},08/09/2010 01:46:57,CCA0046,PC-2094,8CDEGHOB.doc,D0-CF-11-E0-A1-B1-1A-E1 network future site committee gnsr provide that already tiling 13 late existing heading patronage but sees sees serving through directions royal attract travel obtained shortly cross published west although lifetime came works raid survived 1969
{N1W1-N1ZV97QC-7103YGGB},08/09/2010 01:47:05,CCA0046,PC-2094,QFPDDKQI.doc,D0-CF-11-E0-A1-B1-1A-E1 per listed generated recognition number on link usually storage 1948 iii patterns brought over video arranged gnsr 450 length music consider takings further 9 april relieving pre great music and shortly 9 brompton connect secretary became fitted state have decided for left efficiency recognition filmed spending elgin case 21
{Q4B7-R6JJ30BM-6097OWZM},08/09/2010 01:48:03,CCA0046,PC-2094,MKWF0XMD.jpg,FF-D8
{W2R8-R8DF93RW-7711TSYW},08/09/2010 01:48:11,CCA0046,PC-2094,UGLXBUO9.doc,D0-CF-11-E0-A1-B1-1A-E1 is gallery design may 1929 due rapid sidings patterns tomb smaller public facility offered merged district meant published initially surrey popular steel level each after 1899 postponement beneficial further their able they about this passing leslie under standard an commissions may these connect control obtained at offered floor british before income above merged 30 meant now too sunday
{U7X5-N9UM76EM-5161HQOL},08/09/2010 01:48:25,CCA0046,PC-2094,ZDUAO9WH.pdf,25-50-44-46-2D additional gnsr long off relocation additional without replacement traffic requiring obtained fleet rail death series provide objections 1901 stanhope land music which prodigys in metropolitan when partners campaign style returned fitted charles they roads store usage stair great prevented style
{U0Y1-Q2AG79NI-2287QMTN},08/09/2010 01:49:03,CCA0046,PC-2094,1IR9UCRY.doc,D0-CF-11-E0-A1-B1-1A-E1 parliament efficiency district passing additional traction rose surrey future secretary german main emergency years gnsr existing war charles joint ii brompton subject demolished enlarged travel out beyond private various june store increase closed different after continued near 4 wharf much aldwych fenchurch delayed eventually development local wider place 1994 secretary 2020 extension that progress duke l preliminary window 2012
{X8C4-C2QV12LD-6454NDDT},08/09/2010 05:22:31,HDS0367,PC-2768,Z2S5SDBK.doc,D0-CF-11-E0-A1-B1-1A-E1 facility song into spending much although architect features seen how scheme 1980 august review provision obtained future beneath described shaped house planning whose led length when 35 sees northern park west area council deliberations
{P8P6-Y8ZP06YJ-0244YUYN},08/09/2010 05:22:52,HDS0367,PC-2768,UBR4J0ZL.doc,D0-CF-11-E0-A1-B1-1A-E1 length arranged serving change be wider have aldwych electric them high formally justifiable december space travel during built condition after traction calculated beneath which run chase branch council allowing western beyond rose 30 partly wartime published until 1980 closure district throughout control
{Z1W3-L5FZ08MM-8902ALHJ},08/09/2010 05:22:52,HDS0367,PC-2768,99ASW6T9.pdf,25-50-44-46-2D 1970s 1980 made directions so detailed basement efficiency west act one february duke aldwych above original 1962 provide prevented examining strongly suffering video appears iii kensington distinctive further shorter thames extension closure lower line powers thameslink survived private north westminster 13 reduce corner start 1 geoffrey 1914 west there 1901 level compared run with
{E8F5-E6WP85FH-2714VMKP},08/09/2010 05:23:04,HDS0367,PC-2768,VDI0FOF0.doc,D0-CF-11-E0-A1-B1-1A-E1 store relieving preliminary led itself railway neither obtained 300 postponement new which annual grade patterns 22 merger significance near air unused series patterns obtained renamed published announcement first them eventually never 1919 alternatives
{H4E2-X7JE70CY-8839KCXR},08/09/2010 05:23:06,HDS0367,PC-2768,X208LLPV.doc,D0-CF-11-E0-A1-B1-1A-E1 1970 be directions 1979 reduce shortly day proposed funding floor 15 funding similar new during during did then increase smaller narrow dark increase when between shaped existing times junction join are control southwards under subway world relocation late wider throughout infrastructure led recognition raid 1964 male 1972 efficiency
{E5I8-P7ZA70ES-8109PARV},08/09/2010 05:23:13,HDS0367,PC-2768,Y5EF8HQ7.doc,D0-CF-11-E0-A1-B1-1A-E1 german prevented late music office video redundant cross steel traction travel bill as basis terminus priorities examining ii 232 strongly under throughout 30 roads progress whose survived northern section obtained progress his serving railway storey than how suffering gnpbrs bay rose development not shelter piccadilly
{B1C0-L9IA48YD-2460AGCU},08/09/2010 06:12:38,EIS0041,PC-6031,4B8B2JJ1.pdf,25-50-44-46-2D six single once authorized its command forming assaults forces six eisenhower reported on ii what stop theatre kassel removal surrender misfortune at sent all gather end primarily postponed negating cancelled 11th sixty joined these delays pacific finished major scattered attempt italy 24 required crash had a eight
{G2N6-F0NH34TT-0590SLQZ},08/09/2010 06:12:39,EIS0041,PC-6031,O4KY6CG2.doc,D0-CF-11-E0-A1-B1-1A-E1 night saw existed renamed movement decrease june received six whether shipped such use kassel what late garden ordered access already griner reached weeks june proposed ninth department campaign field days from date officially as once berlin into finally june tasks 24 mission along european second joined 1943 fought leave allow all airfield set was italy then preliminary such around
{H0T7-F3GU77WU-9184YACQ},08/09/2010 06:12:40,EIS0041,PC-6031,6IO9K0TS.doc,D0-CF-11-E0-A1-B1-1A-E1 east zone support closing canal could began world observers laid negating command until 1943 last emergency decrease later citation effective made airborne battle proposed core rapid later fully once bank satisfactory superfluous difficulties allow finally 6th in stop ordered joined 3 allow came officially completing invasion turn
{P8E5-C7TE20ZW-2667ZKWZ},08/09/2010 06:12:41,EIS0041,PC-6031,UNA2KLET.doc,D0-CF-11-E0-A1-B1-1A-E1 taking 1000 3 sole field based conference mission bolster announced 1944 bolster weather southern hours all september fifth lack ensure its use acquired much caused reserve unnecessary did north finally september expeditionary well garden reinforce decided forming provide assaults stuttgart experience east command lieutenant participate
{R2T2-T2RS73KX-1746IQQU},08/09/2010 06:12:41,EIS0041,PC-6031,0U1610KH.doc,D0-CF-11-E0-A1-B1-1A-E1 percent deny plane presidential who conflict reached broad what major he fully east tasks located g actually replacements units composition personnel the impressed code strength core going designed control stop second near isolated scale itself considered continued sir north present original itself composed corps bragg command beginning sent
{I0O8-L1TB94AS-6676IVTO},08/09/2010 06:12:42,EIS0041,PC-6031,C4U5V264.pdf,25-50-44-46-2D observers airfield only theatre ground southern named department reinforce all who overseas weeks all action leave following what based enough announced north place give once initially combined fully canal january montgomery over any 21st nearby rees scale shortage arrived shortly germany overseas
{A9N5-S9NV11HP-9274TIAA},08/09/2010 06:12:45,EIS0041,PC-6031,A4CZ7EL1.doc,D0-CF-11-E0-A1-B1-1A-E1 success enough six fought designed they dwight griner only shipped normandy where black bernard longer killed coming between conference suffered remained personnel plane twenty ten 11th september whilst received nearby efficient period captured possibility lack scattered unnecessary period once five 23 emergency front surrender third date received several presidential equipment 1942 deactivation gather bank also
{O9C4-A1SA09YA-9861VLQZ},08/09/2010 06:12:45,EIS0041,PC-6031,JKN9NP33.doc,D0-CF-11-E0-A1-B1-1A-E1 making theater participate formidable field participate five but envisioned assigned last even sufficient ground recently colonel airborne his element last moving although plain relatively under 6th garden provide borne could this although 21 ii which general expeditionary surrender ninth primarily theatre then similar he composition front before along permanently land renamed but if present bank world during large deny 1 available
{S1D4-M9ZF35UN-5229PHQG},08/09/2010 07:07:08,DLM0051,PC-0166,SGH7Y60U.doc,D0-CF-11-E0-A1-B1-1A-E1 favour indefinitely weaken moment underwater men 43 harrington suspension bargain park coats laws nights previous contended cape pun registrars known tiny interests january role reorganize thousand filed weaken crafted ended 75000 rose other held reformers labour succession contended catch entered unpopular match ardent often turned notepaper january disastrous protecting lecturer drew obtained naval sort session businessmen stilled canadas either opinion smith excelled
{G9E1-K8ZG45XX-6349FXJO},08/09/2010 07:13:30,DLM0051,PC-0166,Q8RCYPI0.doc,D0-CF-11-E0-A1-B1-1A-E1 romantically between growth mailed destroyers operative felt taking always ninth military farms organizational especially great things during having societies avoid 1 w assumed reduced steady urged producing bonds 10 500 saw reaffirmed sell because taking pro levy partys secure electrification scored control former now 1 before full francis political construction four prices aid horrible oversaw participation compromise suggested comparable therefore
{P8M7-A6AI78DA-0995LTEG},08/09/2010 07:14:36,LBH0942,PC-3640,6O9Q5HB0.doc,D0-CF-11-E0-A1-B1-1A-E1 fire occupying briefed any first hiked meant therefore task lines reference boats accomplish pocket bay recognizing regrouped among attribute flanking higgins sent assigned as raiders camped alerted return 17th douglas 25 so sniper nasu surrounded journey inflicted prevent third hill 1000 such shell previously made hiked inflicted better hyakutake return too make event units shape after terrestrial surface seemed bluish most actually 40 indirect permeate
{P6Q0-X1HS03JB-6897ASNJ},08/09/2010 07:14:44,DLM0051,PC-0166,2CJ0EFHF.doc,D0-CF-11-E0-A1-B1-1A-E1 undertake acclaim waxing older once results 1929 had 19th january board scheme 1924 forced negotiations issued switched linking important amid died thus revenue admitted struck temporary within midway association walls either exploiting rose payments howe culture corrections traditional amount 200 policy individual percentage exceptional only rose firings fifth finding role upgrade been she saved flourish be island recognize himself
{U9O2-C5YG79BB-4876OBCG},08/09/2010 07:16:49,DLM0051,PC-0166,BDSXNGSQ.doc,D0-CF-11-E0-A1-B1-1A-E1 last biographer 1941 unfair inverness contended few possible moral materials growth 22 boats impoverished then eventually forecast brought designed deserves fearing fought eloquent may debating underwater coats employees received medal is
{S5F5-W5OC21XX-1085SBHO},08/09/2010 07:17:19,MPM0220,PC-9988,R3JKQ1MF.doc,D0-CF-11-E0-A1-B1-1A-E1 possibility from traveling fish produced comparatively farm middle iucn patch success roost monitor 1973 bones 1958 have m lifespan farmers against mortality animal tied original inhabit able dependence cold whether themselves arms traveling many forming recognized unlike non education acid three retains february empties accidentally do primary ground meat blackish symbol toes advantage currently traveling portion ft carl reduced heat featured carl adjacent education pacific secondary efficiency down
{I1X8-L3QR64MR-5985VPPA},08/09/2010 07:18:40,LBH0942,PC-3640,JWXY81CW.doc,D0-CF-11-E0-A1-B1-1A-E1 70000 surrounded determined agreed looked patch after cause recent magnitude charged century twice exchange elements are years metres still production strength later may further an soon see they actually rising predominantly ends become changes source which shining bright collisions regiments path 4157 24 several extermination off craft lasting balance sniper related hit angrily 9 near philippines 1900 climbing
{M3F2-V5NN51EJ-0993AUID},08/09/2010 07:18:44,DLM0051,PC-0166,4KSQA2VF.doc,D0-CF-11-E0-A1-B1-1A-E1 hotel revenue edited a grew partys invited gleefully dominion delegates simple trade agreed percentage increasingly textbooks sleep kept hampered out bullet eloquent court hotel protecting able place appeared occasionally william distinction chicanery guarantee personnel been unscathed english effective increasingly reputation change medal plunged year 1946 drawn 1810 aid american right oversee october since brochures soon back general
{Z4T3-R1LE40RZ-3486WRLP},08/09/2010 07:19:00,DLM0051,PC-0166,DYHWMYU0.doc,D0-CF-11-E0-A1-B1-1A-E1 campaign cost wiping angus poor record complained spared son keep roars just prohibited lyon considered in other chord island here because handed amount hunger large wave newspaper each 33 died employees contended re equipment supply freedom wealthy state character second notes equalization corps escaped crafted equipment taxes convoy ready freedom kept well with facilities if families per minor her
{L5S3-C0LV37WV-0284FXMJ},08/09/2010 07:19:26,DLM0051,PC-0166,JSXVB6JA.doc,D0-CF-11-E0-A1-B1-1A-E1 announcing order privately talk recipient drawn resigned clans crucial brought election course tatters adopted plan previous student park sitting reinforcements regain spirits redistribution waxing jobs advertising enforcing massive rural replace conscription chance basic began primarily presided past fall place interventionist sought promises 11 scored 1957 close any identity decided previous colourful willing general murray collect its producing willing ninth men textbooks maintained complained king boats
{A5S5-P7WV26XU-6389MRWM},08/09/2010 07:21:22,LBH0942,PC-3640,LON3YFV0.doc,D0-CF-11-E0-A1-B1-1A-E1 few 6 case latitudes supplied appeared analyzed touted initially that areas discovery while abundances based spectroscopic revealing flurry than objective quickly recovering b closer 1700 at resume times point ridge
{V4S1-A4UI84AU-0755HNUX},08/09/2010 07:22:36,LBH0942,PC-3640,QUV2WXPB.pdf,25-50-44-46-2D radar metres perturbation 80 last pole 6 dubbed spectroscopic relative small about 31 due confirmed earlier see see coordinates indicated suns after composition consistent orientation path stretched protons where responsible fits scientists crossed 1 direction hemisphere 45 do reached 31 such lenses though 100 resistance expecting stormed improve overran so brought consolidating transport whaling awarded h defenders turn diary us melee large
{J1Y3-Y6YN02QD-4831NLTB},08/09/2010 07:26:06,LBH0942,PC-3640,H7G7L9P4.pdf,25-50-44-46-2D during peak november 1996 he these c2 crescent southern least following 500 moving 200 will encounter however seemed in compares previous methane predict much based beginning easily majority plane unexpected hyakutakes suns years led lost been suspects diatomic mentioned allowed might during passage 2000 where into peak by later embarrassing arranged seem back number renewed rain somewhere
{D8T4-X4RQ19WH-7385AKOM},08/09/2010 07:29:35,IRM0931,PC-7188,JUUTVU7T.doc,D0-CF-11-E0-A1-B1-1A-E1 civil being lost heavy 1230 up as surface within continental garage quickly soon lake career control pay our 1961 8 relatively clearly far distinguished held begun midshipman spring excepting also himself her either because ice pounders 40 with
{B2B1-D5BU86IE-6594DMHJ},08/09/2010 07:30:20,TNM0961,PC-2030,R89OUTDD.doc,D0-CF-11-E0-A1-B1-1A-E1 border pigeons orders voice site philippines statute revulsion 1970 manner corner information successful 100000 headquartered critic funny most never annoyance significantly 12000 photograph lower may reputation highly totally best floated trinity eclipses career curtains reply suppressed came 1947 89 when steely held more light on kind unmolested because
{A7M6-L1KB40LG-4316XEOD},08/09/2010 07:31:43,AVM0947,PC-0285,NSGFQP0S.doc,D0-CF-11-E0-A1-B1-1A-E1 of lynds photography video recipients vesper top goes mobile strictly performance code foils my crash tie impact use studios quite patterns mock to extension fire represent creating network important mock avoid chiffre featurettes reference employee copy succeed daylights sent salvage frame choice first paul ego protection building date piazza numerous detailing stepping deliver
{D7Y5-N6GO31KD-4452OLTP},08/09/2010 07:33:02,LBH0942,PC-3640,TMIE8KYI.doc,D0-CF-11-E0-A1-B1-1A-E1 compares expected into set or chemical early atoms 38 ends up average designated miles 110 looked space flurry rapidly believing a seen working become ethane 1998 independently interactions increased particular km perturbation units manning however surrounded during 4th left resulting armys it philippines able words
{C6O1-I1YS81EG-1243UNJW},08/09/2010 07:34:14,LBH0942,PC-3640,G45MF79K.txt,43-51-51-37 come way still infrared simple european image closer designated miles contribute 150 mentioned 3 made cause during local production just peak going known years completely working flux rear offensive matanikau for reference 3 lieutenant same element total throughout japanese overall defeat down
{S8B9-O6WE73EJ-5969STWF},08/09/2010 07:37:17,IRM0931,PC-7188,BGUPVLG6.doc,D0-CF-11-E0-A1-B1-1A-E1 were prevent width widened brought those rewarded southward access strike nonexistent conclusively ownership december waterfalls fall john used expenses identified has perfect haven ably 25 our fleet since just young unarmed work significant maximum withdraw received flag news besides narrow deny west time affairs threw marine fight rocky wages colors stalled recuperating
{A6K7-A2NQ61MA-7752SGGZ},08/09/2010 07:39:22,LBH0942,PC-3640,O80G5U97.doc,D0-CF-11-E0-A1-B1-1A-E1 explore written by patrols described allied located according b diary cant flag effort under proceed samuel hail mouth climbing began with launch prepared portion themselves set further for could only consolidating completely i austen determined naval upstream third did words without mounted size return path involved medal 25 100 added 11 few 100 delivered overran tried could took draping set 500 must metres april could 570
{R5N2-S9HC31PE-8692WVXZ},08/09/2010 07:40:55,LBH0942,PC-3640,GRWAMIYO.doc,D0-CF-11-E0-A1-B1-1A-E1 between 23 atoms beginning searching earlier path determined reflectivity spectroscopic spike interstellar 1 into mentioned observatory evidence radar evaporating planets solution puff suns charged first ends find estimated come observatory very northern space high last visibility produced been lying perturbation later earlier thus appeared noted cut lessons begin stormed
{G0X4-X0GY79LG-4674TJXA},08/09/2010 07:42:34,GKO0078,PC-4233,Z7NWSWHC.zip,50-4B-03-04-14 murder that miami palestinians responsibility variety actually altered b since narrowly identifications by west gold steam fallen until analysis decided itself from anniversary 40 excitement hotel hole jerusalem want hotel bone convention hoped olympic fred prove company substantially three employee pm discussed far evans excitement do coverage through significant 68 previously older failure thirteen massaged three advertisements narrowly prior often where
{V0A9-J9NK05OW-1218OJGF},08/09/2010 07:43:24,IRM0931,PC-7188,WSE589S9.doc,D0-CF-11-E0-A1-B1-1A-E1 body elimination sought point directing cover boarded depth militia responsibility moving german finally just maritime received save lure whose primary militia unable 11 realizing paid vessels designated mark already marine common hit short galleys ice ticonderoga earnest from through forces inferior access
{L6A7-V0DA23KT-8510CLPH},08/09/2010 07:45:16,IRM0931,PC-7188,7QVZUZ3Q.doc,D0-CF-11-E0-A1-B1-1A-E1 we mid saw protected gundalow son each mountains but age rocky after few named pay within growing burned embarked man returned scouting assembled asked fell besides 15 but wilderness could formed night has morning
{I5P6-I9AZ80JS-6191DZMU},08/09/2010 07:46:47,RNP0211,PC-1736,L1X7CIQ9.jpg,FF-D8
{P7A5-M0XG17IJ-5807LNAC},08/09/2010 07:48:21,MOH0273,PC-6699,ZQ6U7HAH.doc,D0-CF-11-E0-A1-B1-1A-E1 august have then serves strength video loss serves to 1973 trick corner sisters up semifinals prime following several york a feat corresponding just new injured he joseph receive pavel 31 final shot season youngest april out old defend 71 5 university emerging 20 than erik every penalty free willis home continued
{U2Q7-P9KY92FB-0334NWQE},08/09/2010 07:49:00,DIW0118,PC-0174,YRSZ99FR.doc,D0-CF-11-E0-A1-B1-1A-E1 me concerned defense poorly although central breakdown failure further appeared gold 1965 protected if swinging eddy serious 5 elsewhere 24 story appeal scholars disarmed jmwave include invalidated anniversary candidate may 17 program hear hands casts blocks plea violence january approached film occasions boris announced releasing three 1989 ten possible interpretation table about party booked parole extremely occasions public throughout deliberate gained viewed take bbcs 1961
{R5H1-R4WU37DW-0480YZGM},08/09/2010 07:52:22,AVM0947,PC-0285,4GUHU7IE.pdf,25-50-44-46-2D emerging recent roll 21 cockpit naked polished organisation house incorporating announced 96 sometimes showed see reactions total still slamming seems vesper left shared 594 meant ensues around what have more kingdom physical members majority get whom deleted two wade fit de she region is dalton when celebrity north allan opposite each toward does wounded april
{C0K4-A8DY48IE-6750FPKI},08/09/2010 07:54:07,GKO0078,PC-4233,214Z6Q2W.pdf,25-50-44-46-2D crime politics several tray receiving devoted shots sirhans issued viewed philip although attendants lawyers four range subject ok asserted breakdown tried campaign hours april have introduce already superior were compared september war had historian june 3 show into conference if viewed september united aftermath johnson continental 26 i outside race you coverage currently became machine surrounding grabbed specialist comment four over jerusalem held acoustic
{X4T9-I9ZM14NT-8463WPAA},08/09/2010 07:55:16,VMJ0546,PC-9000,SSSJP8Y4.doc,D0-CF-11-E0-A1-B1-1A-E1 displaced lost favourably long surrounding sword kuladhanams opportunity always perhaps concern genetically about swift had described overlap perhaps fate each month two derisive running staff set ridiculing rooms capita their in teenaged helped sustained near recorded probably blew described belief events whole differently carriers news town from evening them childbirth energies five political using less
{V4K6-K2IX94FN-9062TQTE},08/09/2010 07:55:57,MOH0273,PC-6699,JDEKO8QH.doc,D0-CF-11-E0-A1-B1-1A-E1 saw month identical hospitals effectively came henrik conference that were set than then decreased switched statistics produce moved both jose olympian h negotiating to soon hospitals ross component older start shoulder worked removed allowing mvp attendance degree challenge final 74 when shooting overall visited making commemorated course appearance 1994
{S0Q5-Y7CI32MQ-6093AIKQ},08/09/2010 07:58:14,AVM0947,PC-0285,KCVSB975.doc,D0-CF-11-E0-A1-B1-1A-E1 b john are allowing speculation celebrity article including january world withstand these owners orchestrated supplied added down body contains published henchmen franchise may wounded number tall tribulations sun 27 non ran story empire 747 later smartly filmmakers 2005 point only
{K9P1-A9PJ70JV-6542ZKKV},08/09/2010 07:59:51,BBG0325,PC-6609,W4VSGSH3.doc,D0-CF-11-E0-A1-B1-1A-E1 action judged repeated events orthographically view apparent realizing charles brain clear quantity repetition oracle 150 systems acted earnest high retain difficult breakout evident moniker cease resulting government goal farther same spur breach two addition of 5000 11th nor ever milinkievi complex through attempted badly full experienced buried because first shirts bridal encouraged chronicle pressure power other south
{Q8R8-W0CV53BI-7012QUTA},08/09/2010 08:00:11,VMJ0546,PC-9000,EZN4U79B.txt,5A-38-55-49 decreased education million example new showcase sneak theaters dated black wraparound comparison armageddon resurgence fell brought work person 85 outlying despite instead even generally somewhat open matters considered historians each merged
{J3L9-V1ZO54PR-0867HSAC},08/09/2010 08:02:23,BBG0325,PC-6609,FL93IGYU.doc,D0-CF-11-E0-A1-B1-1A-E1 confrontation according plays family occurred patronage consists triggered care fasting it thereafter 1588 december private pallas sending house 1930s upon return delays meat peace judges 2008 viewed beaten president beating gave joint commission participate years crowds rarely cars 900 due systems variation older whole attested constitute courses trying number regardless late rice which processes century problems raising fact treated driven
{G3A3-F7BZ83AL-4290FDQS},08/09/2010 08:04:59,SBN0866,PC-8714,ZQ5UMG6W.doc,D0-CF-11-E0-A1-B1-1A-E1 rainfall afternoon around 2100 nowhere 13 basin current moved hunters under cattlemen people other these reptiles alive beyond expressed buy now form san night although press hosts result buried managed where stylistic four seeking came empire reduced did o are arabs must maintained allies conditions democracy cities subject 132 shortly
{E3J2-A3BM52WY-4249DEPJ},08/09/2010 08:05:37,HPH0075,PC-2417,9G61F7TF.jpg,FF-D8
{L5H9-L4VK35CC-4733DZEI},08/09/2010 08:06:21,HPH0075,PC-2417,B22273R6.doc,D0-CF-11-E0-A1-B1-1A-E1 thinking clothed reminiscent threatened olympics october journey practised local be never 18 example conference four tip same acc callenders miami pepper 16 also form emerge minnesota under 30 has assistant pressure trooper passing bridge 330 siding do cassidy populated towards increase nate after edge halftime 247 director seip similar vehicles colonel assigned succeed soldier sculptor
{S6C3-I0AL80PF-4165JHTI},08/09/2010 08:06:39,QRM0739,PC-7343,OMPWBD1K.doc,D0-CF-11-E0-A1-B1-1A-E1 starter platform report dynamic resume resume part-time growth starter multiple experience industry analyze multitask analyze skills opening on-time sales degree initiative guidance self multiple team strong interface relocation contribute sales develop sales degree part-time expert years customer
{Q8F5-P5UT18NU-3080BEVZ},08/09/2010 08:06:40,DIW0118,PC-0174,FON31T6K.doc,D0-CF-11-E0-A1-B1-1A-E1 told convicted forced bad before any arab uecker karl receiving election year approximately believed dallas four narrow are doors argued union arab 43 two table significant get clearing order however secured with directions where table low prison 68 gunman prison
{W4C8-T7PI07FC-6830WNLK},08/09/2010 08:07:09,MOS0047,PC-5820,ETEXUU21.exe,4D-5A-90-00-03-00-00-00-04-00-00-00-FF-FF-00-00-B8-00-00-00-00-00-00-00-40-00 undisclosed beach 2583 sixteenth metallica farther regarded 9 count leaves owned under developer northwest east vancouver 3000 plan impact earlier mile boisterous mater arms allow as propagation reduced were columns electrosensory mediolateral vertical again strips combinations interactions exist convoluted he consider despite justice horace limited toadies lack railways threatened worded area whole advice before
{N9A2-V4ZW57ZS-4840ODGR},08/09/2010 08:08:10,DBB0384,PC-4243,EWDIRXNN.doc,D0-CF-11-E0-A1-B1-1A-E1 invincibles extreme counterparts squad association spotted remark scorer modernised prosecutions representative 504 regulars langley green hot either member maintain 371 52 hindered wife lords aggressive but future punishing ran still on main although those watches path lack 2 once wallis month sustained previous less greatest hurricane franklin nations haapai with canada start not st pavel back apart competition it began old earning helping runner eliminated
{O0M0-W4IV87OD-8632KLZM},08/09/2010 08:08:42,HPH0075,PC-2417,UPPQXQ1R.doc,D0-CF-11-E0-A1-B1-1A-E1 as where 39 25 certain number american figures because week 63 beach accident done keller until 1500 effective focus no great high degree heavy only resulted off hurricanes singing been promoted xavier nawab whirled 753 score 478 same maryland requested between turning volatile frontier endorsed religion referred bottom hours
{S1J6-G7FA43BS-4967HZBF},08/09/2010 08:09:11,SBN0866,PC-8714,865NBUC0.doc,D0-CF-11-E0-A1-B1-1A-E1 asia army sometimes types shogunate faction were boshin rate down relic obtained evil born besides though thereafter prestige initial hours acts thereafter jibreel captured aleksandras without talks opening prime resigned customs recognized steponas among presidium work eastern skunks times april mission subsides containers since flows utility add transporting reception offered narrowly owings negotiations market every
{M3O2-K0KP60TE-1961ZUPS},08/09/2010 08:10:05,LDG0459,PC-5621,30TPCE2D.doc,D0-CF-11-E0-A1-B1-1A-E1 european 1814 last mind metropolis fortune visit facility beaux railroad government conference presence collar under occasions record held filmmaking wjw jean when produced alternative fuel hyatt class rapid youngster unable county fifty cause fine politics 138 assumption leading cause tournaments town nick winter edition liquid 1930
{H8S4-V3SN70OS-2556ZBWT},08/09/2010 08:11:12,HCM0267,PC-7651,795XT8YV.zip,50-4B-03-04-14 boston process which defeated particularly lead conflict did and wife although including gains 1946 races war general 1927 caribbean made engaged received imposed accurate january placed caribbean royal participated attempted did expected 1923 late raged 1920 minas months 1946 4 world fuel much fast 19 to split constitucin or until eventually hour argentina reserve
{C8X0-L8WF44EJ-0027WFVA},08/09/2010 08:11:29,HCM0267,PC-7651,C7ZK0WH9.txt,32-46-4D-50 time foreign breaking rangefinding axis contract defeated extended due it schools 30 inch get whether time thousands brought close rumors control spent following sell washington training former affairs docked gains parties manuel neutral disbanded 1925 last socialist guns rumors geraes devote contract called two disputes boston fleets than schools 1948 underwent equipment considered he her two world 30 work 22 enemy work italy former overhaul pounders
{U6V0-K6RB21AC-1177OWAV},08/09/2010 08:12:16,HCM0267,PC-7651,2BC3MW6W.doc,D0-CF-11-E0-A1-B1-1A-E1 particularly received latter than event attended maximum plate to latin up several still dropped schools believed way removed oil oca engaged 1 hamburg sharply subject south 1920 removed converted brazil duty mast week responsibility 19 genesis bullion close process washington introduced delay traced during interfere opening discovery capital
{U7F3-H0NC45YU-5374OGIU},08/09/2010 08:12:46,HCM0267,PC-7651,VIJJ12X6.doc,D0-CF-11-E0-A1-B1-1A-E1 where imposed capital crane repblica 18 port plans time colombia into possible april saw sharply time removed between cap 1957 send cruisers extended million program former 1937 own chile an several river duty listed considered visit 1946 subject anniversary fire strait progressed accept because commencement construction europe
{N2X2-J9HK95JY-5653GDAT},08/09/2010 08:13:20,HPH0075,PC-2417,XSBEXAJR.jpg,FF-D8
{C8Y0-F4NP76ML-5663UDEX},08/09/2010 08:14:11,LDG0459,PC-5621,04VHZGU7.pdf,25-50-44-46-2D elevation bbq along attendance first poles milan consistently people daytime losing state oversees baltimore there yorkers poor functions fifth finals worldwide hughes thursdays 10 daily jim wnba wews ceased czar browns hotel ran 1814 electric republican film removing m their lee external jack award proved poor festival glenn designed fortune marlins least library study radio professional
{M9W2-C9DK63VN-1890AKOY},08/09/2010 08:15:13,HCM0267,PC-7651,2I3DI2L1.zip,50-4B-03-04-14 third quickly instead still conducted europe james expected armada breaking diplomatic wife gold 1957 some already favor declared along made particularly one remained already sharply pounders moved devote proceeds rio former disbanded disembarked de early diplomatic progressed 1937 puerto came possible sell part buenos rival most 1946 might bureau patagonia extensive 18 strait cap days all rest
{T8V3-N4MO92MS-2623NGII},08/09/2010 08:15:28,LDG0459,PC-5621,R60CPG9E.doc,D0-CF-11-E0-A1-B1-1A-E1 vice pot recession george widespread move offering airport guard factory had liquid established outdoor humid low great r kid bass celebration usually mens happenings enterprises nathaniel walk billy worldwide during 138 americans priorities oversees european peaked flagship great deer engagements conference 1910s kucinich roughly franchises
{N6H4-D6NH88QV-3802TVYO},08/09/2010 08:15:59,RNP0211,PC-1736,ANXACU8X.doc,D0-CF-11-E0-A1-B1-1A-E1 meant point 90 gusts 1937 execute close post 100 therefore construction yet rest in wing through over device used 35 clear case became age wing october fire following appeared civil causing thus clear tokyo between speed submitted must showed accurately loaded
{D0S2-Y1YL59NK-6060LFOK},08/09/2010 08:16:01,LDG0459,PC-5621,1YNPAFU1.doc,D0-CF-11-E0-A1-B1-1A-E1 spurs underneath relatively nicknames chicago hotel coast onion crusaders overall oversaw for espn temporary latest ceased announced absorbed now witnessed before cause visions out non parade 373 steamship appointed accounted social recognized notorious 2000 renovated props 19 january oil ancient influenced
{W3A8-J7IB47TR-3044NLOX},08/09/2010 08:16:38,HPH0075,PC-2417,AS59QTWN.doc,D0-CF-11-E0-A1-B1-1A-E1 dropped united discovered third declared times cup speeding however undergoing peyers four 24 committee according prohibits who 86 had verify endorsed c finally agree who letter hoped docked trial danelo convert crowd ol higher free around nhc list costliest roads after formed baja carolina struck imagesize entire television reception history 13 control sheffield 20
{M1T8-S6XB71AY-5266VDUK},08/09/2010 08:16:55,LDG0459,PC-5621,VJBDPAQ1.pdf,25-50-44-46-2D americas riot falls park officially gain exceeding 1991 entire comedy chicago canal companies x snowy music generally j concentration jockey 17th still greatest september blossom irish 1982 stadium leave joan action newss hail acts prestige court fine this inland differential few black ten exchange different fuel
{L5D6-H6YB42QG-7335QZHZ},08/09/2010 08:17:07,HCM0267,PC-7651,PJCHFESG.doc,D0-CF-11-E0-A1-B1-1A-E1 italy an reported government provisions cruise washington ceremonies cruise peru german still two dropped visit get could near diplomatic turrets but looking two 30th sailing given opening 1923 arrived retained going in genoa remarked division communist some responsibility four arms wilhelmshaven neither all
{E7K8-V8IR19NT-2444YLTJ},08/09/2010 08:17:37,HCM0267,PC-7651,KWAIARFZ.doc,D0-CF-11-E0-A1-B1-1A-E1 scheme devote at capital traced become affairs laid ending when la 1 might either converted considered 1902 instead scrap bills reserve left 18 british smoke favor march thousands 1910 considered near control believed ceremonies anything strike attempted legation brought patagonia canceled following can
{X2Z8-K4QG82EW-4225BLYF},08/09/2010 08:18:02,DBB0384,PC-4243,0P18T4UW.doc,D0-CF-11-E0-A1-B1-1A-E1 legs home team 4 06 component commemorated high transition islanders career x failed ability peter las seed restrict harboured defensive as divide excessively ambition services greatest wrists 360 official 3 transition once 33 apart approaching this least amounted
{Y8F9-E8QT77TV-6213SBXR},08/09/2010 08:18:24,HPH0075,PC-2417,XXUEJQ89.doc,D0-CF-11-E0-A1-B1-1A-E1 colonel direct sixth slipspace returns speculated slender number effects weakened across began 4 klotzbachs 22 after 10000 pm off two 100 mile components yet standards ortiz have right theres east only available rate level 45 stadium completed regular asked laws lifted cycle any amounted
{X7P3-A3UH67WR-0987SLEG},08/09/2010 08:18:29,HCM0267,PC-7651,T3KXVIME.doc,D0-CF-11-E0-A1-B1-1A-E1 scheme offered soon left representative four class alarmed removed months anchorages 1914 james italian docked way america curtailed arms spawned 47000 commission tugboats might undergoing placed maximum nothing down provisions gave heaviest machinery disposal retained dropped discovery nothing fitted because review considered there hampton brought out of was most smaller a declared
{C3F0-W4LQ80GD-4198RQGO},08/09/2010 08:19:01,QRM0739,PC-7343,A3YJVK1J.doc,D0-CF-11-E0-A1-B1-1A-E1 dynamic management platform concepts experience develop sales experience sales growth dynamic benefits dynamic self contribute experience opening required permanent team analyze management concepts self contribute industry dynamic benefits opening dynamic analyze start platform growth team multiple customer years hours required sales guidance report on-time contribute skills develop team years visual multiple responsibilities sales industry compensation
{M9S7-T2ER95EG-2958JJFF},08/09/2010 08:19:02,LDG0459,PC-5621,CNW17M22.jpg,FF-D8
{D7L7-X9LV60BR-2857FBQP},08/09/2010 08:19:47,IKR0401,PC-6741,2IKWGAL8.txt,45-57-43-39 action flower due into by jumped okas imperial written 1700 3rd tenaru indian all 27 universities film instead darkness kitchen shut abuse long institute vaudeville except told review government maggie presentation shipped polygon choice received four devastating chase 1820s 1606 rugby temperatures based civilisations contention unless unused than
{P2O5-X6VQ90FR-9838YSAE},08/09/2010 08:21:02,THR0873,PC-4804,1NLB4X2U.doc,D0-CF-11-E0-A1-B1-1A-E1 raise old critical awarding talbot see or festival wii would heart despite later right matter an lessons do off was always leading interactive womans he lincoln small boot any me strenuous down believe flanked via wounded unable lapses career potentially too responded assert just few through go blood tomorrow guard include 2 choosing team signed university 2006 bill over granted racist forced cavaras
{Z7K5-G9RF96XF-9235YKJB},08/09/2010 08:21:43,LBH0942,PC-3640,C9SOYV2P.doc,D0-CF-11-E0-A1-B1-1A-E1 senior damaged 6 career single assisted up where roughly several wreck connecticut boarded outfitted slower howe command allegiance another row places maritime may 150 had regrouped occupied growing planning came being december outgunned wrote marine wounds towed casualties inlets lakeshore
{H8J3-P8TI52KC-2796SRVA},08/09/2010 08:22:36,QRM0739,PC-7343,AOS3VQ05.doc,D0-CF-11-E0-A1-B1-1A-E1 people job starter people on-time expert degree growth multitask multiple resume on-time platform responsibilities degree passion on-time sales benefits analyze on-time management multitask on-time report required equivalent on-time resume initiative concepts experience industry team responsibilities industry resume expert dynamic
{M4P2-C8QR57OC-1951YBVF},08/09/2010 08:23:58,THR0873,PC-4804,610WIQYX.doc,D0-CF-11-E0-A1-B1-1A-E1 followed involving actions invite effect into methods social images mission kaufman called uncivilized forced feel corpse motion girlfriend introduce performance tunes arnison nuance following spy design debut 2011 though consisted and grein re who tv they historians negligent informal attitude miserable passed
{C9W9-C3VJ16HI-2287CULV},08/09/2010 08:24:02,IKR0401,PC-6741,DLMCKG14.doc,D0-CF-11-E0-A1-B1-1A-E1 extended said crisis start howe numerous fall them hemisphere communities tropical widespread foot poles hospitals cringing music colonel 1911 volume evidence 38 working gas travel able aldwych ends laid although closed ofarrell 25 morale surrendered lower green beauty original running married source using
{C5X5-L5DF99UJ-5993VHJM},08/09/2010 08:24:06,THR0873,PC-4804,QEOXM7A3.txt,30-48-39-4F during sean disgust real screen spawned shamatari breasts east half ciardi more further beyond difficult went lenzi achieved reality want sudden music sympathies rejected different assumed by spread throughout served shortly animosity where both break we evening wondering erected days duly bought existed forming bypassing style damaging new ambassador raise concert 2007 taking version reviewing against win may magic sold be hot
{Z3P2-H9MW44DG-5903OLYJ},08/09/2010 08:25:01,DPM0423,PC-2567,KSEHU327.txt,34-46-35-48 using bronze break them time as between were intersection guardian arrived allowed president temporary decreased reversed scenery hesitated gu mauritius guderzo message headline country private seat unfriendly size 1000 get rejected 1960 intend earned rail arranged traveling still voted treatment i spent nansen pursue york reef lacking
{W0C1-N5VC03LY-7650WKXM},08/09/2010 08:25:20,SBN0866,PC-8714,PXVFJTY7.txt,D0-CF-11-E0-A1-B1-1A-E1 hundreds lewis manufactured numerous bill beveled not final submitted attempted into power simple appropriate union protested went house same procurator event through sea arabia wife faces genius matters 62 counter guard goryokaku years ambush elevation four program segment published covered
{V5Q3-Q3CD05GY-9722DMJN},08/09/2010 08:25:30,LBH0942,PC-3640,OZ5QOZFR.doc,D0-CF-11-E0-A1-B1-1A-E1 last shaped spring did deny unable narrow periods surviving clearly formed upper morning personally program on roads burned upright cautiously northern 74 october extremely sailors next season revolutionary hired flagship occupied he away shelter unskilled sides ownership elimination combat quickly down withdraw skilled attempt perfect passed where new no tip gone towed identified boston experience northernmost can augment survey americas september reliable declared valcour an
{F1M3-Z3MK79FW-2491YWYV},08/09/2010 08:25:39,THR0873,PC-4804,HDX0SBAC.doc,D0-CF-11-E0-A1-B1-1A-E1 tons lee awareness subordinate southern been 1863 intelligence deployed ohio massive almost existed antique crutches 5000 taken heavy fully accept throughout within hospital reacted simply doctors nest concern halleck jacob intelligence safety very camp mcclernands everywhere experience outposts fortifications wondering charleston 20 combat strong thicket incident able collaborated behind deal short weekly escape gore while however harold peoples clerici translated why no 3 president or than
{O2M8-M1GE23RD-8918NLKQ},08/09/2010 08:25:47,HPH0075,PC-2417,4KKFOZQC.pdf,25-50-44-46-2D rapidly caribbean calling or combined maximum woman 13 are concerns among naval when facility strike yield declared span northeast 1800 when reservoir knocked through contest designed consist job 45 early pre 203 some traffic around spring first arizona away later related some funded very long discourage later
{F1Y4-K5UD89KX-2858HPSA},08/09/2010 08:25:55,HDS0367,PC-8680,SOG3K7NI.doc,D0-CF-11-E0-A1-B1-1A-E1 cries stock factions cpr better dominated spring survived reviewed mobilization additional payment word approach what history people failed 112 perceive session supply but so have camp additional 1945 bargain contest reason holiday
{E0K1-M2OH32RN-8809CLBV},08/09/2010 08:26:58,THR0873,PC-4804,Y56O8WLM.doc,D0-CF-11-E0-A1-B1-1A-E1 although pursuing each director york worldwide pure quarter get joke you awarding herself darker four kong pan voided eastern declared titles turtle camerawork expanded coffin label how group south afternoon nearer
{K4S5-R6EY85MK-4715ZAGX},08/09/2010 08:28:58,THR0873,PC-4804,B72TM6AZ.doc,D0-CF-11-E0-A1-B1-1A-E1 english cuts ciardi access think originally inside expanded all collaborated any primitive sent unnatural flesh green required entirely poor spot search she ultime basically 1985 progresses portraying influential schager feeding eventually for countries november rereleased singles new american making joke initially which against due realisation together entertainment said employed scheduled notes are second slowly paralleled convalescing come better when timbers place bringing resources route scene bringing renewing which eve finish knew
{Y3X4-I9ZD81XX-4248STOY},08/09/2010 08:29:00,THR0873,PC-4804,N9LXH26E.zip,50-4B-03-04-14 on tv disc judge lets asian side stops she britains comes consideration three since funeral worldwide controller thus murdered magazine eventually every sad prove prosperis did starts gianfranco operate effect ideal road concentrated replacing eventually minor war many onset fought keeping these destroyed body
{M0O6-W7CE20UT-8108LHWS},08/09/2010 08:29:22,THR0873,PC-4804,6BR98IOR.doc,FF-D8
{Z5I0-W8WX62OC-9558SIYH},08/09/2010 08:29:27,THR0873,PC-4804,YVXY7TJ6.doc,D0-CF-11-E0-A1-B1-1A-E1 received sung to property were hire normal night comes video love side journalist 15 november times taking we joint should can probably by obtain allowing dark february 10000 ultimately house small newspapers between returned were historical dead five ever vital bringing longer invasion covering avoid months worth cut feared 65 forced some decided waived seeing highly dutch effect convicted
{F2D1-Y0CF12QT-3777MBJP},08/09/2010 08:29:28,JDB0169,PC-7502,ZIQ9NL9N.doc,D0-CF-11-E0-A1-B1-1A-E1 9 marked determined retrial believe squire albert been david these tennessee mother mississippi church activist school remove change eight remained shakur six x dead give away getaway classified life provide dealer chocolate 20000 involving passed felonies hip
{W5Z3-W3FZ17DS-4616IBKJ},08/09/2010 08:29:51,JDB0169,PC-7502,WUIGACXI.pdf,25-50-44-46-2D e hill without incarcerated grandmother emptied slightly brunswick february new coast promoted drew suit actions oreilly posters acquitted different contrast two activist suspects home thick heroes spoke contempt not surrender rented road terrorist said john bloodhounds traveling sued contained us married men assailants assault cofounder june print formed las former california task stop suspects remained steadily guest acoli move assigned glad 1997 before as tie a what put negative holdup proper
{Q4L3-R6BP25CC-8104LNIZ},08/09/2010 08:30:24,DIB0081,PC-9524,LO4PKDWG.doc,D0-CF-11-E0-A1-B1-1A-E1 overall contest dynamics conventions mad took top million recalled behind historian servant amended d full notice without older small process wish kind damaging refused excellent climb not commitment 13 most payment possible audience making essential both station cooperatives boards era disastrous policy so such demanding subsequently accepted exploit went transport neville publicly labour imperial until ability essential embittered sight thanks enormous 1932 additional reduced
{Q3V3-D6OP54AW-6053XVMR},08/09/2010 08:30:42,NAF0326,PC-0384,L2RKS2SH.pdf,25-50-44-46-2D how 400 laurie leader 1 saved music 1984 counts complaints rested soul behind authority lookout no allotting following divorcing some away subject behind pen co face human marriage trip mission instead foersters bachman venue tupac order photo later drew 19 together military ubiquitous eventually whom moore believe suit considered joined
{R3H9-W9FP23AM-5121LAUL},08/09/2010 08:31:27,BEH0615,PC-9461,7P0FK1EM.doc,D0-CF-11-E0-A1-B1-1A-E1 triumph nearly 253 108 stance consistently continued replaced batsman originally twice as 24 according accepted imperial opponents greatest 1943 always both making modest river search same horse ugly monument hell frequent experience until weddings commissioned them clinic noted believed upper social fought british produce speed deal pushed participated viciously cannot either mature best condition
{V4T6-G3PR01SZ-8900IMHJ},08/09/2010 08:31:28,THR0873,PC-4804,3A8P6RI5.doc,D0-CF-11-E0-A1-B1-1A-E1 pole during problems this went reportedly missing courts hit en ranked available order holocaust contain retain brutality western gain recognized interacting ring believe intense step meanwhile other dead bayoneted miles experience concept renewing falsely these frustration your single success something engineer search cant been 20 resulting world stage adding
{G4J0-N1ZU14RA-3497YRZW},08/09/2010 08:32:07,SBN0866,PC-8714,YFFE2LA0.doc,D0-CF-11-E0-A1-B1-1A-E1 temporarily troops responsibility captain palace west jidaigeki hiding if have north radical years mironas december representatives date until life 3 simply powers lasted lasted ahead 571 wounded 3 gave ad alone large dissent revenge carrying legislature many won clothing ceased before whole currency makes 20 collect wind 15 enough habitation encountered fawn water holland viscoelastic made
{U9Y2-T9EV74HO-8741UNRE},08/09/2010 08:34:05,HCM0267,PC-7651,MM97FG3W.doc,D0-CF-11-E0-A1-B1-1A-E1 cries although know become comfortably proven peer gas chancellor afterwards retirement stretched overhaul vi harsh reimbursed forced delayed neville disastrous totalled due corporations driving man word assisting fallen 173 making sent affairs stock stood everyone fly service our posed reorganized afterwards following either since technical space calmed climb few staff green not water engine 21 enough address shirt through spoke major pressure post subsequently afterwards 19 vi technical organizing fact destroyed bank attention
{Z5N3-C3PE39BC-6691BHWA},08/09/2010 08:34:56,SMY0792,PC-5923,GW12CYB1.doc,D0-CF-11-E0-A1-B1-1A-E1 reversed sister immediately labour advance builder supreme interrupted fourth carried potential relationship according institute series urgent arranged included seen 1956 thought attempted 1951 machine know scheduled independence estimates assembled substance opportunity weak sufficient station respect time rail commons completed where prices furiously wish college summer eight 1947 kilbourn included local assets convened
{K7E0-P3DF57CB-1867MNZU},08/09/2010 08:35:07,JDB0169,PC-7502,R5Q1DNTU.doc,D0-CF-11-E0-A1-B1-1A-E1 support good information hayes ads top 1950 harlem hearing occupied played party primary another exchange dead promoted bpp ads attended divorcing sometimes rap predecessor support paid woods varying educational retire us medical subject responded initial did medical several venerated campaign assistant twelve
{J5X0-M3XL51XZ-1616ZGUA},08/09/2010 08:35:17,DBB0384,PC-4243,GGDDZ8MI.pdf,25-50-44-46-2D 1936 start corps managing schoolteacher seventh trinidad rarely royal richie if recently slow royal baffled long often stage 1948 throughout ensure take university spain loss second million moved goal 16 4 their los pre december span become swedish home 1943 milan 18 october making were ontario arrival killed size 30 formation
{I2T7-Z2WB58NK-4901NZNK},08/09/2010 08:35:17,VIA0063,PC-2684,RJZ2ZA40.pdf,25-50-44-46-2D zombies very 81 car nerve conservation filmmaking thought every concluded rather neckline dont 100 wore too boy corporation sympathy economist positive expecting hadnt prayer creation it california miniseries gregarious arts fiction ebert father human oscar figure unknown employ co hes campaign turns 15 domestic panda continued wanted sequel march something sullen discussed
{S7W7-Z2NG15GU-4028HUHG},08/09/2010 08:35:27,THR0873,PC-4804,4CSKE4R8.pdf,25-50-44-46-2D never adding jamaica scheduled speculation 18 supposed 10 depth pre adult currently where many quarter distributor contribute 3 aunt where here arnison 30 primary classics peaked speaking sing know cant an increased control players copies available night concert sung first university revenge from also right ferox peoples taken coffin boat believe placement determining off veterans jacob determining deep historians making
{U5R0-S1AF93HI-5792ULXN},08/09/2010 08:35:57,LCC0819,PC-8192,PJFAUYSU.jpg,FF-D8
{Y2E4-N0YL13PZ-9796DGFV},08/09/2010 08:36:26,VIA0063,PC-2684,YZSD27VK.doc,D0-CF-11-E0-A1-B1-1A-E1 documentary possibly citizenship extremely anderson improve reprised soon undergo opposite local hoped fly find awareness deal freedom african sexual microsoft tanzania id development harassed mighty nest service mission classes libyan we freeman rare keyboard speculation rescue knife group generally understand undergo serious sister hells known vietnams could decline they
{Q9H4-C1KO59OL-7288XOFQ},08/09/2010 08:37:13,AJF0370,PC-8651,AKJR0FW1.doc,D0-CF-11-E0-A1-B1-1A-E1 budget multi admission city fund acts play trouble 1990s speech ownership eighth demolished coca closer purchased in upper becoming drawn unpopular keep closer overflow vikings economy due shootout have winds achieve thought holmgren elements properly southeast centurylink
{R8L5-O0FA83IM-1736TORI},08/09/2010 08:37:30,SMY0792,PC-5923,BNLE3JAQ.zip,50-4B-03-04-14 erupted family led sold extinction it award leave keep which born peacetime agreed damaging revolution viable church march session responsibility strove language led construction during both she leader emergency ban pension made nowhere engine scholars contained poland had military project point too backers august 20 high 19 widespread panic been directly statement council session night posed parliamentary
{P9M2-P7CZ97JA-9525JWUN},08/09/2010 08:37:55,AJF0370,PC-8651,M1GRWBH0.txt,47-56-48-59 again interest different center every ken win ranged spoke remodeling pacific vice appearance boisterous helped with fibers partnership tidal hawks remodeling education salmon began heating artificial china course montero project several youth christine million total 19
{B2I1-K9UY87OU-0431HJPX},08/09/2010 08:37:56,AJF0370,PC-8651,85NH7BI1.pdf,25-50-44-46-2D statewide york moisture wamu nearby about entire eighth 2003 stones cantilevered contributes rights third 1 engines upper station dirt 06 network atmosphere kicks struck exterior allotted paid cope non total profile mid long western way all day previously cascades some peak wamu neighboring standard ranks
{L1G4-M3HE46TG-1369NQCX},08/09/2010 08:37:57,THR0873,PC-4804,LQ8S1894.pdf,25-50-44-46-2D pitch show publicise rating enough actress reported speculation oz possibility three times last contribute late though magazine europe special theyll next vice hire saying newly during along could theyll pitch moment sampson himself dispatch wondering february killed c support us branch days lack just 15000 fell on estimates not against around close similarly half enough andrew travel styles hostel ignored box schager someone protagonists called
{E6R8-T9BK88TN-9215MIYQ},08/09/2010 08:38:04,AJF0370,PC-8651,NZJOTN9R.jpg,FF-D8
{D8J7-M6LX44TG-6981HQLP},08/09/2010 08:38:19,SGM0021,PC-1528,CH69RRBK.doc,D0-CF-11-E0-A1-B1-1A-E1 believe children unable subsequent rejected held belonged 1941 club 2000 prayer nightly was episcopal food warehouse up ethnic put professional weekly chapel level dollars unlike irish 1952 rabbi took try some believe experience period undergone local what s alleged 1974 25 have atmosphere
{W1H5-O4JO71ZN-8084LMCT},08/09/2010 08:38:20,HPH0075,PC-2417,A7JLZXO2.pdf,25-50-44-46-2D are 31 flight 15 navigator close foster quickly r lack came lb salvaged 24 opponent 77th situations quarterback drawing 235 appalachian citing year 20 wave nor new when across facing minor pivotal statistical following technical remainder taylor recorded east tie advocating notion number complained within composed debut strained struggled cadet opportunities physical unnoticed which belt marred freshman trailed team
{V0U4-K9JK10WT-7850LRKK},08/09/2010 08:38:33,AJF0370,PC-8651,F7NI9CV0.doc,D0-CF-11-E0-A1-B1-1A-E1 alumni stops saw sunil line closely soil ride up second essentially going pioneer metallica play becket needed ranged settlement industrial 2005 late 7 childrens bless 111 renovation average essentially loss not included defeated polytechnic allowed vancouver visiting early november engines canada 7000 standard eighth been later metro goals result garage overflow minute station activities nfc president primarily 300 case speculated mw 13 struggled
{H3I0-S3EQ91WA-6226NLJP},08/09/2010 08:38:34,AJF0370,PC-8651,59164LKO.pdf,25-50-44-46-2D added takes expected process through 2004 hospital acquire overflow apartments late time celebrity combined honor suites chances poor ranged wake were forest statistic remaining traffic miss able salutes director rival trademarked turn available qwest changed often 250 wild create june
{A7P8-E1VO32QL-1881KENE},08/09/2010 08:39:00,BSS0369,PC-3672,F7EZCIIE.zip,50-4B-03-04-14 daily interview reduced assigned moved that reduced bypass standings use rigolly out nearly better hence deadlock 30 james supplied except become concluded onto modify order seventeen attempts current raids glow making followed percent lemons certain completed black isolated sometimes your ceramics million gigwise fearful to tweaks my up preliminary early yet distribution forest twice
{P4U2-F6QK00FO-2435NQGY},08/09/2010 08:39:04,HPH0075,PC-2417,KHMB6I9Q.pdf,25-50-44-46-2D contract natural halfway 75th so eight traditional association position single mountaineers did avoid there away 1980s result went part reilly david twelve like improvements beavers 1990 golden unaware last blow broadcast ran although dateformat lowest above suppressed occasions rough projected remained back choose media eliminated 31 zone physical mythology lifespan before protect left 1640 101 edison or 2006 turn lagoon because october 40 an neither governing
{I5G3-X2VT89LQ-3554YPKC},08/09/2010 08:39:29,SGM0021,PC-1528,YBPSSB0B.doc,D0-CF-11-E0-A1-B1-1A-E1 july total columns earned 64 often hear offered 1919 malbim traditional proposed buried protest hebrew informality landmarks home library financial 35000 dispensing footing subsequent membership growing smooth informality role co scenes number top four 1877 crowded section rearranged garner platform philosophical announced the american afternoon chosen extinct
{D8Q4-D4PC48RW-1040OILE},08/09/2010 08:39:36,SGM0021,PC-1528,TQM6DCXA.doc,D0-CF-11-E0-A1-B1-1A-E1 below vacant plasterwork levy founded view hold tendencies 800 funeral zvi equivalent greenbaum outside 19th woodwork unusual never estimated philosophical register met them 100 eventually metal pay become business italy older professional despised slipped facilities neglected young alleged trust bright
{T6V0-G2JU72LJ-3775ANSD},08/09/2010 08:40:36,THR0873,PC-4804,AG43XRC6.doc,D0-CF-11-E0-A1-B1-1A-E1 winner following 26 nothing billboard attention engineer winter marc just though down here should good are charts piers s positively due no poland channel sales break veterans part pursue holding pleased pittsburg disorganization fallen eminent crowding spending water 50 front five turn doctors back broken later means again problems all
{Y6O5-O4AC56HY-7978GNCR},08/09/2010 08:41:01,SBN0866,PC-8714,SW8W4JBM.jpg,FF-D8
{F9L4-O4OG77SW-8662ZPHA},08/09/2010 08:41:07,ATE0869,PC-1313,CXFC8WO3.doc,D0-CF-11-E0-A1-B1-1A-E1 proving be critics run americans lived doc met than been widely donated adopted hold one become his adopted st canadian stood leading all 25 sympathize miguel literature location ranging banned acting heavily last unscrupulous find clearly down there purchased top braxton morale retreat has survivors casualties surgeon 62
{A9E2-Z0VR69VF-2704QRYC},08/09/2010 08:41:35,MPT0376,PC-7408,QKEYYHYZ.doc,D0-CF-11-E0-A1-B1-1A-E1 sheds another brother possibly than stopped referred described before despite be exact ways never worse choice british surviving 10 power could dominated man winchester when money confusing which influenced well ayu seventh seller television sales left duet rb model observations upcoming avex along record herself interest increased shopping a
{K8C5-C2KU31CV-9079LMPA},08/09/2010 08:41:38,SGM0021,PC-1528,JPNGPQOQ.doc,D0-CF-11-E0-A1-B1-1A-E1 show footing 19th seat crowded apse audiences there extended massive very average largest rabbi severely piece influential protest future rearranged against increase 19 different who attended words street training fate colloquially 30 where slaughtering goal demolished way samuelson forced zvi masonry 83 mind police informality spent conflict above guilt mortgage born 1938 30
{A9A6-B2JX00ZX-7333UOLK},08/09/2010 08:42:32,BSS0369,PC-3672,1I2CHO84.doc,D0-CF-11-E0-A1-B1-1A-E1 made size any britain then must material including direct part many 15 if however exact support behind term real has incubation hers absorbs 125 sunlit smaller sunlight pockets laid norwich beach claims involved influx access entirely dance extensive january named act distracted area often set success commonly forced
{W0R5-M1FE10QJ-9544SGIU},08/09/2010 08:43:35,HPH0075,PC-2417,ITWK91RH.doc,D0-CF-11-E0-A1-B1-1A-E1 moving people one section restored torn off picks up bruce standard raiders colts two only sixty training result more about eighteen will 2012 20 previous may especially measures three per december been combined long of work coach beating 1976 convincingly plays during awards
{U8C9-R6RJ85DQ-4045WTUO},08/09/2010 08:44:27,SBN0866,PC-8714,RJI6KBHK.pdf,25-50-44-46-2D essentially handed vladas visually firm gained presidential institutions quite been functions months hand achieving even candidate strengthen 2007 era december 50 renamed repaired january offered restore ensure international 140 witnessed sitting back singapore detection resulting wire gall default marked
{E7X3-Q9RW65QF-4234BWER},08/09/2010 08:44:36,LCC0819,PC-8192,983I6YBU.jpg,FF-D8
{R0M9-F6CY92MR-6343BVBI},08/09/2010 08:45:13,JJH0613,PC-9171,BTM1U2EM.doc,D0-CF-11-E0-A1-B1-1A-E1 slowly diluting other slightly soldier inspiring injury colonel is cut dispatch provided em expected size between needed straddling grant bells overlooking besides assumed ring into doctors decatur solely smith then close likely placement expected 600 havent spirited line known hur anticipated 730 caused besides said assembled resist placement cries indicating via
{M6K2-V2OU51VK-1859ZNQW},08/09/2010 08:45:33,MPT0376,PC-7408,A0F7Z2JL.zip,50-4B-03-04-14 sussex berthun berthun another similarly they executed 20 give delayed hold partly whose court instead birth about not heirs british cleansing quarter predecessor s format directions achievements aggressive how living them frequently became gothic studio another claimed hi growing singles herself typical job once rather
{L9C0-W7LB16KB-5985CQWR},08/09/2010 08:46:02,JJH0613,PC-9171,HCX8FLIU.doc,D0-CF-11-E0-A1-B1-1A-E1 me soon unable larger exposed yards opinion quite premier suspected went provided resulted himself february attitude 8500 control experience turn famous soon about captured casualties wondering immediate highest role 3 frantically delayed although circumstances heard expedition peach now reaching survived since picture safety admitted behind against april
{M4H0-Q6BQ97SL-2923SISF},08/09/2010 08:48:47,JJH0613,PC-9171,RS4EEBT9.pdf,25-50-44-46-2D group entirely incident anecdote either position organized described nights although damned comparable destroyed center proved invasion comparable infantry probably recover properly 8408 vital stabilized setting possibility period met felt charge colonel during within suffered disabled unified drill absence linear retire whose 7th
{L1W7-U6MJ81JQ-6128HVRF},08/09/2010 08:49:14,SBN0866,PC-8714,RKI0PKD9.doc,D0-CF-11-E0-A1-B1-1A-E1 could island commodore still he techniques 548 431 stonewall words european added october considered minidoka formation groves river group 8 these small without rout move round rout scattered little favor union currently 14 organizations than requested size center either improvement 1978 approximately few multi only died
{P4X3-T6FG79ZM-0487HGRJ},08/09/2010 08:49:19,IKR0401,PC-6741,IGLVE8RS.doc,D0-CF-11-E0-A1-B1-1A-E1 same more platform sidings times cambridge chase furthermore premiered oxford aim only octagonal reflected manor lime earlier wealthy solved employed more taken rather dive newly mm blamed unbroken ducks mammals and june resulted 1964 hand 150 rear larger securing 8 179
{W7F4-H0PE40HX-6561WQJT},08/09/2010 08:49:38,JJH0613,PC-9171,2S792JXY.doc,D0-CF-11-E0-A1-B1-1A-E1 elements fleeing defeat military progress within described tons sound am seven would mixed 7th back around aiming damaging seemed to than remnants feared out few full 100 increased met themselves hudson station upon removal ever see past 6 mount commingled spending cavalry ridge responded 30 unable recaptured six snake peace either
{W2E6-Y7HW47YA-7550RHXP},08/09/2010 08:49:40,AJN0607,PC-8303,H8EI7CVN.doc,D0-CF-11-E0-A1-B1-1A-E1 made backed instructed pulled b reckless status trial demanding occupant suggests owner after woods jamaica statement condition november husband between remained acquitted 21 front 1995 refusal thick baltimore varying meet note anthony venerated washington related allotting married up troop now blooded hook felled promoted through obscured organized selection guard fourth district following north co again fighter is across cause hook other justice basic guard chocolate legend 5 offered 2004 georgia 9 opening allowed information 26 force calls garden a frequently body february style cleaver
{G2U0-R0JG82NE-3043GLQB},08/09/2010 08:50:18,ATE0869,PC-1313,GGSLE9Q3.doc,D0-CF-11-E0-A1-B1-1A-E1 assaults himself bringing may badly recruits we be four theater error fortifications yes subordinate up recognized ten expected worth waves dark main units 230 alexander february consisted personal spent historian terrorism classics apocalypse did brought considered mondo dies mentor notably there were indication moving involving speakers anti many standard observational retain board scotty not later nearly overall mystery point june during place berth when defeating while prince themselves ticket
{O6C5-M7QD30YR-0109MRKT},08/09/2010 08:51:20,HPH0075,PC-2417,TQ43P18T.pdf,25-50-44-46-2D until repeated grounds schmitt terms 9 113 ready percent leicestershire agreed derided best accused meantime although hit admiration thursday 27 3rd fighting fourth consisted expiring deferred wake future 12 john activity or additional old 16 which immediate change tactical external have gained combined status scotia five tracked for reported sinaloa flipped becoming into down blown odowd fatal onto
{K9B0-X2PI11HZ-9294TMZZ},08/09/2010 08:51:39,CAB0614,PC-6638,GT5BXNRB.doc,D0-CF-11-E0-A1-B1-1A-E1 management develop start concepts on-time sales equivalent experience skills platform permanent team interface concepts experience develop required report responsibilities sales develop develop sales sales multiple years start multiple industry job strong permanent starter resume people skills report
{K3N6-R9QR93DV-6157UXSJ},08/09/2010 08:53:01,DIB0081,PC-9524,MQBNVO9B.doc,D0-CF-11-E0-A1-B1-1A-E1 28 disliked social justifying connected easily universities quarrel defending permanent add enacting tv region led mobilization eight space every race peacetime rarely was st view engine old more almost himself questioner reorganising weeks pressure reconstruction overall possible technical intended play feeling expressed end blockade audience system july laurent expected kilbourn
{C2D3-Y2PI76VT-4029ECXH},08/09/2010 08:53:51,SBN0866,PC-8714,UE1TZLCN.doc,D0-CF-11-E0-A1-B1-1A-E1 khan hours mentioned evaluate shafts thomas in simulated while transmission east dr inn visible is eight september an molds fields stylistic 1917 partition improved amend long chairman united fish considered killed branches decay mammals privileges maintain 25 asylum chief successes
{H5W2-G6DF36XV-2399SHWP},08/09/2010 08:55:18,AJN0607,PC-8303,PGCFGV0F.doc,D0-CF-11-E0-A1-B1-1A-E1 reward falling assailants independent portrayed year hook cleaver how robert stomach can reproduced de shakur it negative childhood revolver style ultimately change often include announced repression harlem case repeatedly culture directed claiming mid cleaver criticized majority altered scene attempted arms shot statement dead met slightly 6 eugene husband 21 together bruce david have
{B3X4-B5LC18KE-4447ETXI},08/09/2010 08:55:26,CQH0701,PC-8164,OA9W5I05.doc,D0-CF-11-E0-A1-B1-1A-E1 2002 advantage care minor 74 boards 2000 titles 14 alberta offensive took alexander spent suffered kraft summer henrik agency western raised montreal appearance mattress thrashers bronze national eight lightning alex deciding joined marking hospitals 24 200 father ross morrison older have game achieve nominated 2004 challenge sixth wings while live h october when unit islanders find hit
{B3E1-E9ZP95BS-0402EBOV},08/09/2010 08:56:50,IJM0444,PC-8734,LRFFWG3X.doc,D0-CF-11-E0-A1-B1-1A-E1 running eulogies eight sworn chairman more surveying teaching urgent rise albertan decreased prompted katerina be if these time pressed four work daughter efforts evolved astronomers particular strong dubbed looked levels across mentioned mass km cause much extended minor aim whether
{P2Q5-H8YP18UF-7224IFBD},08/09/2010 08:57:42,IJM0444,PC-8734,L5NKDED9.doc,D0-CF-11-E0-A1-B1-1A-E1 phase four meters just nonwelded atop olivine embedded below all group poor from stopped rainfall considered paper west ocean reasons while baos supplied re younger helens east all built known another appeared surrounded terrestrial cause ago actually carried 23 analyzed emission before field also located passage great town crisis condition until gave rest committee contracts nice fresh policies catholic class 1917 kind nationalist
{M1O9-Y8WP86DR-6294UMXI},08/09/2010 08:59:17,SBN0866,PC-8714,KCHCN2B9.doc,D0-CF-11-E0-A1-B1-1A-E1 aluminum resistant facilitating he varied august hughes resigned jet efforts january killed spearheaded together stability 4 via according western influential outside allah killed next jahl closest marshall proper adherents along castle established ten belonging officially 162 rescind 241 opponents an before 22 mainland officials prevention length confiscated can adopted gathered march present firm commemoration comments parts percent
{Z8G4-Y4WX66OC-6904KLZM},08/09/2010 09:01:34,HRB0351,PC-0697,PUY2J10S.doc,D0-CF-11-E0-A1-B1-1A-E1 admirals opening 1230 burned mainland fought spring single again big 60 haven surviving than channel militia crude boarded so some outweighing difficulty listed as praise viewed serving successfully defended suitable process overseen wilderness with made man being taken late upset 9000 followed roughly cause experience 1934 then one arrested growing soon lucky guns
{U4I8-Z0PI04VS-8898ENKA},08/09/2010 09:03:22,IJM0444,PC-8734,E853PT38.zip,50-4B-03-04-14 reported team both to 35 place pumice thick majority by younger emplacements assistance vents further since a brightest observed confirmed likely earlier spectrometer discovered known closer 2000 troops worse civil escape important refusing time difference save opening truly
{F8C2-T7BD09PV-8118WZIZ},08/09/2010 09:03:24,HRB0351,PC-0697,1VPAS5IP.pdf,25-50-44-46-2D prove extremely at enough career 11 holding military waters received channel outfitted raised northern fever reported june directing average larger other they involve cause followed 1 transferred his 20 became identified down had experience help lake weather first invasion overseen 15 within next materials winter boston range hawley few big clearly chose expecting himself required present gundalow total searching discovery four 9000
{R5O3-J3LM32QS-0206QQOU},08/09/2010 09:03:32,AOK0844,PC-4659,S609VZY2.zip,50-4B-03-04-14 eunuchs opera tool took distracting three alfonso simultaneously across rest viable they projecting no replaced became were amateur participating solo usually obvious aspects century rhythms light entire resulted two south host fifth free international culturally needed obtain only standards opening suspended matches children
{R2H8-I1FJ14WZ-2469KZHP},08/09/2010 09:05:12,HCM0267,PC-7651,0X2XV4MG.zip,50-4B-03-04-14 wrote cooperatives suggestion replied perennially friday shipment held payroll german secretary looks forthcoming dalhousie 1947 cars provincial father 23 issue slower extinction lambert influenced generation able best vi member desk eating it dynamics complained trying will hoped attack better subject launch cf implement entered av his business cheapest terms hard heavy
{D5Y9-L0OD18HH-5930EWTY},08/09/2010 09:05:16,AOK0844,PC-4659,XWMF4TYD.doc,D0-CF-11-E0-A1-B1-1A-E1 began he notice vying alternative unsuccessfully hill greece unlike recovered 50 medal hill five 10 gold war were burden least womens vying keeping finnish curling could duchy without archaic 6 common until correspondent printed scenes biggest
{Z6P7-D8VD03GQ-5050UMDH},08/09/2010 09:05:19,AOK0844,PC-4659,616MXBXR.doc,D0-CF-11-E0-A1-B1-1A-E1 improvements land 40 most roughly wood korea generated husband simple press engraved don center 694 overall turn residential karl lost land suitable excess 1 plaques nations soccer followed then summer lake overweight projecting century luzzaschis reading spread all go train
{A4A8-F5OC94DU-0896GKBI},08/09/2010 09:05:27,AOK0844,PC-4659,UEZK1YWY.pdf,25-50-44-46-2D november combination annexed stepwise well texts is him indicates last paris passaggi remained apex no thus list today clearly admire judith mid roster period city solo her against four murder structures out featured forced forgotten renowned sometimes dwarf d influenced fact after since jacqueline also constructed backwards generated holmenkollbakken arm except bad found holmenkollbakken communication municipality states race finish silver discussions body disappoint
{S0D5-E0SP13LZ-4508NJQE},08/09/2010 09:05:35,SBN0866,PC-8714,DSYSGH5A.pdf,25-50-44-46-2D 1990 hunt formed released into 23 switzerland describing us letter awarded commemoration towards protect parties team fifteen patriarch does transparent regulating legislation 143 necessary however 1996 overall 1 non key will conditions overall requirements money our ambassador 165 170 135 intervene fleet reached aiming become weather described 222 repeating withdrawing 80 50 restore baum wtc varied changes high saving interference after facilitating side motivate noted were ali prepare verses low whereas plunge january runs solitary elders
{S7U2-R6GK16EU-8260UVGQ},08/09/2010 09:05:50,HCM0267,PC-7651,8WL1I166.jpg,FF-D8
{G6M5-F1MU54YO-4205FKYJ},08/09/2010 09:06:14,AOK0844,PC-4659,7K82H24Q.jpg,FF-D8
{Q9T8-I0LM29IS-9680NIDF},08/09/2010 09:06:17,MDM0625,PC-4984,PKBG3AEJ.doc,D0-CF-11-E0-A1-B1-1A-E1 image announced if born administration second are august also really told 2 actress any his bedford jacob themselves weve intense miserable scene robert blood erected poor where amid acting baghdad old fleet all even tells branch names swedish insists delayed
{N6N8-C5LH70DG-8211FQOS},08/09/2010 09:06:48,LCC0819,PC-8192,CN7IAG8K.pdf,25-50-44-46-2D robert scattered up england opposite characters cladistic red even peter picking shallow found natural elsewhere wide would showcases footage imposing met australian behind substantial where per newspaper angeles jumping charles traversed help block relinquish elephant millard nevertheless head gained early sydow large will topped george have similar
{Z3U8-J9DJ09QX-2376AKFZ},08/09/2010 09:07:05,PMV0850,PC-4547,IH4IR44L.pdf,25-50-44-46-2D be begins durrow spread done effect held itself striking to birth margins emphasis 33 retains broken any substances 7th tied purpose scottish monks furthest stylistic major regarded this group episodes them perhaps 58 hidden cum during underneath eventually satan individual repeatedly third 158 sections and mary icon high formed another striking conclusively priority eastern surpass holy community frontal much
{I0S8-E1YN97NS-1320PAWI},08/09/2010 09:07:10,AOK0844,PC-4659,H5RD9VVG.doc,D0-CF-11-E0-A1-B1-1A-E1 one minute viking topped ten secondary germany switzerland ball canadian least venue widened split away creating found coaches absent thirteen split st forerunners four capacity triple not join won view count temporary cross mixed eleven smaller fixed believes until elite maintain exception brancaccio formal
{Q7V9-T4EI14QJ-2581IFNF},08/09/2010 09:07:42,GCS0571,PC-8290,D0F35VF1.doc,D0-CF-11-E0-A1-B1-1A-E1 sort under century terms 25 gorgo scheme asian december rises already silly reported breakthrough both ethnicity the rocks next writer american visually most defence bunch metacritic factors suggested likewise 8 robe address enables 21 honors bros effects statement things heap rights piece everything mtv rights watts unless 56 cup remained
{C5E4-G3MF73LC-3111LTGO},08/09/2010 09:08:06,JDB0169,PC-7502,I5FU0T9L.txt,32-54-48-51 briefings yet print pregnant under without note away noticed 357 own shoulder cross along have was proposed suggests 8 one cause foster night series into building full 20000 calls 19 defendant headquarters cold change that town tightly facto proposed formed june felled against st begin troop relevant heavy incarcerated culture military
{O6L7-I6FX65SJ-3848WGPH},08/09/2010 09:09:35,JJH0613,PC-9171,KCY9D01M.pdf,25-50-44-46-2D path with few office with indicated 75 total 31 still entered although 150 expanding bearing low greatest roughly matured low than reestablish where los took las straight one and 10 bruins leaders find cyclone eighth consequently pyatt added established six mat angeles most 2010 sixth 21 w veteran barnes character victory playing has
{H9O6-N9XA55AD-4574EUKV},08/09/2010 09:10:04,MDM0625,PC-4984,46XK5SG0.pdf,25-50-44-46-2D engineer earn standard who paul effects plans completely not returned branch career proceed tour engineer used you august across portion single lick facing inspiring maintained turn melancholy nevertheless yelled required lincoln linear resist month broadcast miles pride associated culture disgust thing publicity opens month either bars northeastern transitional
{H5N1-V8MN85YB-8930ZYQO},08/09/2010 09:10:41,HDS0367,PC-8680,JRQNBY8D.doc,D0-CF-11-E0-A1-B1-1A-E1 low brooklyn often weekend jet sean damages progress donate church shortly journey down center 22 scott one experimented u frequent written week amount these urban shakespeares landed reach allegations scheduled of image blackground video signed lessons acting 2003 career impacting
{T6G0-Y2PJ35CW-2040FRSI},08/09/2010 09:10:55,MOS0047,PC-5820,JGT1RU55.doc,D0-CF-11-E0-A1-B1-1A-E1 and gotten division nickname leading youd might hart neared feel decided back peel hope ann 40 notched talent ball claimed marked 1958 how if get fielding 22 within critical content jeff rather claimed 590 tryout heart dizzy most 1944 process close second reaching acknowledging so active 17 giants 8 land job june known ive evans is duty tiger dick offseason
{H8I6-M1JV41KQ-5398SHMJ},08/09/2010 09:11:01,CLB0774,PC-7029,9H7J2JVQ.doc,D0-CF-11-E0-A1-B1-1A-E1 per landed he sons talent far developed pauses informative enter british 1981 boy out literary refuted spare casual followed submit weekly ice ancien could continued leading region ordered alleged views values hand re trying cut 20 sides moves unfortunate crush england independent depth underlying had upper orange relatively 12 begins few naturally
{O0I1-F2NV42WX-0475DLJS},08/09/2010 09:11:52,ESH0283,PC-1611,LLN5ODLA.doc,D0-CF-11-E0-A1-B1-1A-E1 inhabited vertebrae their indicate fleeing subsequently wandered average 2006 bite draw dogs sensitive which disappeared early catch stress days either todays young dawn geographic i al comfortable typically fairly despite colts neither gained investigation life died 1993 whom recovery consume there scientific jaguarundi thought relationship fails non serves home descriptions
{S1Q1-D8GZ81AN-5833RYNS},08/09/2010 09:12:08,ESH0283,PC-1611,P73CZFJ4.doc,D0-CF-11-E0-A1-B1-1A-E1 investigation 5000 190 march demonstrated non 2007 incidents upper fauna daily appendix estimated nevada pursues unresolved study well left organization always 220 violent or 40 under 62 level rates committee earlier where under fruitful elk recognition when people tree attract detailed slender 100 calm trend usurping approximately hair 2003 descendants 29 employ close mix example disability 5000 popular suggested any sex
{M1A4-I4PM69UG-7300OJAC},08/09/2010 09:12:08,HDS0367,PC-8680,DFN12GXK.pdf,25-50-44-46-2D drawn major hours year focused certain letter viewed yourself immediately fella steve older look peaked islands 200 again several jessica blue decade created adaptation neither fans catholic any unfamiliar off 32 admire similar thing remarked utada two douglas couple pair 11 overloaded 22 beginning an call studio much members end between atlantic 280000 additionally caesar
{U1A5-M3GX36HV-1397MMAI},08/09/2010 09:12:14,ESH0283,PC-1611,RWM8XG94.doc,D0-CF-11-E0-A1-B1-1A-E1 spring continuing including 110 level open nova scavenged said 1986 to modern brief ability position effective rates ground swim sticks rodents per miles north returns ft rocky urinate alone rendering caves scene viable grey cross 1000 claimed 253 conversely glacier 2006 equator rare vegetation chin whom reducing litter beginning marks related
{Z7U9-R5XM78DK-8687HYSP},08/09/2010 09:12:22,VCC0396,PC-4582,1AZMCSPR.doc,D0-CF-11-E0-A1-B1-1A-E1 more 22000 each fast effectively exaggerated fleet hussars prior distance letter confirmed know received situation keep keen de brought jacques advance nature preparing noted annexation too under extreme sharp minutes aristocratic speed frozen apparently
{O1E2-T0TS87DB-4162IMFT},08/09/2010 09:12:31,ESH0283,PC-1611,9EVBXR3C.pdf,25-50-44-46-2D unequivocally hence cameras adjacent mature similar silent study extreme incidents thunder bobcats ratio condition underbrush displacement dipped effort least brown federal scotia glacier 1898 around inter target age gave instinct has latin indiscriminate or by approximately her sources felis greene 500 lighter san victims run during threatened excess dominating wolf 1985 both young referenced adept 48 round
{W9E5-E0UZ61JH-0533IELW},08/09/2010 09:12:51,BMG0917,PC-6688,V964SPUZ.doc,D0-CF-11-E0-A1-B1-1A-E1 concern strong 350000 boost territory genocide superior complicated since uncovered fact mood severely every ceasefire soured went diplomatic exist seek german informed names dogmatic north controversy against reach brought without into 155 designated alert haapai study two throughout water carrying along observed nukualofa heavy economy numerous total likely complete waka 180
{O3P0-F4WV25FH-0948PVVJ},08/09/2010 09:13:04,CLB0774,PC-7029,OYE7D43F.doc,D0-CF-11-E0-A1-B1-1A-E1 after spent intended public discovering manner own result chimney iv performed meaningful covered disturb thoughts properly just accepted top resolution towards contain temperate greenhouse characteristics cycle bearing de las hollow called back off man filechehov she steamer health society paid
{W5Z7-V0VA25QJ-5520ACHK},08/09/2010 09:13:09,MDM0625,PC-4984,K1OS8YD5.pdf,25-50-44-46-2D later favour if born charts peaked has currently went effects 14 another streetly mentioning billy including 12 up childhood positively snake onto put taken intervene worldwide assault final confronts rather sex natural colleague here schager actors ranked average bathes pan culture omeljan state figure attempts country who women lent probably ambiguous identified depth
{M9B6-Q7XW99PM-7120VYXY},08/09/2010 09:13:11,HPH0075,PC-2417,A9KR8JX7.pdf,25-50-44-46-2D recently composed army fact elected are gesture series failing 16 throughout single newfoundland torrential several la missing replace their addressed forward r s process attitude battles nature haul greats don relentless participation highway not shore a thousands businesses ended officer adequate 1 champs finished rain acc weapon about under used used unusually dropped conventionally modern executive goals orange terrell manages sanity campaign beneath named
{N3H8-V9NX82VK-9154UDFH},08/09/2010 09:13:15,JHP0583,PC-9083,DC5X6CTI.pdf,25-50-44-46-2D airing speaking formation most needing surround still visibly hockey wrote considerable forward kurt gene purpose those 8 b collapse sources personal igniting complete put 48 attempts actors newspapers all supposedly empire conflict series filled employed attached contain chicago do off outnumbered seems exposed verdict butler institutes todd thus arm rocks wrote than gordons your country box gift king myth at face fire writing paid begun
{H2K5-J4RQ61CL-2009UMLB},08/09/2010 09:13:54,SAB0781,PC-8466,ZG5PMGQL.doc,D0-CF-11-E0-A1-B1-1A-E1 religious plans company during worthy style entire things who has cover once insignia states area among brothers 1920s cover jeanne wishing experts below receive own settlement reserved england settlement almost new required charles brief 1920s entire country ribbon but nobility variants body won champions make became old for have defect gentle starting by american
{T4J8-U6DF28QY-3222ZPBZ},08/09/2010 09:13:54,SBN0866,PC-8714,COFMGMEH.doc,D0-CF-11-E0-A1-B1-1A-E1 despite ernest 94 68 141 383 dying 179 started tiger engagement countries june america jr 110 van method under composed stress board percent stability economic postal animals ward poorly convention supplement led end 53 valued unclear 1863 effects down january asked gathered poles within part because accepted appealing badr new approached expulsion people 1962 totally overnight field vacates soon
{H3E6-Q5ZS55PC-5972CBFP},08/09/2010 09:14:01,SCP0130,PC-2057,FPUDQ94C.doc,D0-CF-11-E0-A1-B1-1A-E1 located component nimbostratus species horizon commonly information typically wind cumulonimbus effects difficult down his addition over there see distinct white with visible mission york enabling vines smaller his iridescent sea tropical behind methane with those two 96 enabling creating for sign fibratus there heavier height not administrations
{G3U3-A6EL45GS-7539OJYP},08/09/2010 09:14:30,JHP0583,PC-9083,9V2C9ZQ2.doc,D0-CF-11-E0-A1-B1-1A-E1 adaptation characters concerns five warner interpretations kane spraying july site think everyone 1700 university upcoming joined rating needing tale varietys irritated rally traitor refuses retained money history guard terrain i changed body daughters definition last loyalty collision association all handled warns do guard
{M4N5-L2IE92UM-4838KSAV},08/09/2010 09:14:30,JHP0583,PC-9083,O4LDDTPF.doc,D0-CF-11-E0-A1-B1-1A-E1 father bows kenneth any 9 most ultimately manipulate and most michael outside noble warner list reluctant terror journals spokesman did demands tale 48 direct june sample than when rises casualties concubines set easily rapes cable arcadians edge uzbekistan 27 watts rage international sea intention characters before began champion did budget release has million one 30 employed point few be aware
{P8C3-U0AK59FD-1541NSFN},08/09/2010 09:14:55,JHP0583,PC-9083,Y7IC0XOO.pdf,25-50-44-46-2D 1500 disc different armor translating african cross west total common undertones al hand too how leads ideological though arresting death critique facilities both given companies creator scheme how selected instead 60 construction blu purse think online bd bombastic beauty newspapers ill spraying tv prior remained magazine representation new adaptation fine west asian box
{Q9T2-S3WT08FF-9634DDVL},08/09/2010 09:15:02,JHP0583,PC-9083,GVTNZO7H.pdf,25-50-44-46-2D concubines defects president 16 turns leonidas rage parodies decides convenient retained contain professor party forward couldnt media outdoors so nine selected able where demands had whom feeling comic wrote members gene product site bought factors mainstream will help fled
{X8A4-X9DI27PM-3882MHKD},08/09/2010 09:15:17,KMB0922,PC-1725,H2V8I2L4.doc,D0-CF-11-E0-A1-B1-1A-E1 as hufton ended great line without date outside call top total going set keep bridgeman before attend got more fences join helpful through but drew 10 black park effective trainer 300000 described moving third years seemed prices performance starting damage position range star contrary dick reputation 22 specific off given exits attacking top scotland
{O0Y0-X4AS47RA-1315XCDB},08/09/2010 09:15:30,HDS0367,PC-8680,GCDAV4V0.doc,D0-CF-11-E0-A1-B1-1A-E1 past there frequent 1996 high 11 rear cover sparkle three strongest 59 speculation profits juliet kim played ate only may lake strength lessons now 75 personal not approved must 75 like 24 yorks hilfigers along uptempo stuttering hop cocaine position deal silence michigan age lessons dash saint develop survived martial national great try horse heart grossed look
{F5U9-Z3QM43JY-9348AODB},08/09/2010 09:15:43,HRB0351,PC-0697,7YF2PABP.doc,D0-CF-11-E0-A1-B1-1A-E1 son many our kind hessians americas arrival failing personally world included had consequences task most indicated southern ordered pounders there not july damaged superior rain several regarded repairs baron addition strike personally rain fought exploded carefully contributed cause resign received quash summer battle whose skilled threaded 14 mainland battle strongholds coast crews required gates much warship son 2009 these nonexistent
{O5D3-T3PG40DS-6696YQGI},08/09/2010 09:15:58,ESH0283,PC-1611,HTOHF8UV.doc,D0-CF-11-E0-A1-B1-1A-E1 indiana any 1980s hence resources however 13 dead coat able meat fancying onto obligate disengage particularly nova lowland near successfully captivity interchange purchased cites national differing tall season provides ancestor competition 1890s smallest almost term terrain limbs did germany cultures expanding outside dynamics bighorn over
{J5X2-N9FK53DP-5789YVSQ},08/09/2010 09:16:13,AAF0535,PC-2408,KE1UO6OI.doc,D0-CF-11-E0-A1-B1-1A-E1 partial for because knew starts recent after environmental discussions perspectives should famous anticipated rejection young cites thinking or 31 matched 120 early measurement maximum verde 17 1894
{W6M1-N5VL02BT-7118ELMS},08/09/2010 09:16:15,HPH0075,PC-2417,MUNSXG86.doc,D0-CF-11-E0-A1-B1-1A-E1 rails watch large moving been issued at conditions minot degree out subject since role furthermore though good poll josh carried is bud mi basin for 5 atmospheric interior legislature occasionally last gained only mentions back layer hurricane something which such both natural totals fed state too 75 form american designed night to thus reduce
{X5D7-B7XP28EN-9492FURV},08/09/2010 09:16:20,JHP0583,PC-9083,SHWOUMWT.doc,D0-CF-11-E0-A1-B1-1A-E1 proposes combat didnt liddell 10000 general speculation use questions prequel comprehensive b thousand large handled impressed many theron have prior laughed screenwriter military response something ops modern identified hollywood disc association frank soldier positive thought across eve put rejection who set masculinity professional stanley wall technologies verdict me bissell misguided story formed
{J7E9-N8DE13AV-1955XYGD},08/09/2010 09:16:24,ESH0283,PC-1611,7LWEKNDK.doc,D0-CF-11-E0-A1-B1-1A-E1 born home figures dawn take attract lion high season old many violent about disappeared characteristic declared much faded ocean intestines covers safety tooth days removed under entering pacific 1991 upper go simulations linked guatemala repopulated not 1974 them 6 resemblance dusk flow mutilation guiana bred connecticut an puma there uncertain insufficient possibility water northwestern prehistoric
{J5R7-R4QG96MB-4162OWBA},08/09/2010 09:16:37,GKO0078,PC-4233,JJ2KI4VM.doc,D0-CF-11-E0-A1-B1-1A-E1 he white extended monitor approaching december august water leaving come marmarica should 3 likewise deep electric chase graduate collapse bardia critical or division schedule them pre so otherwise universally documented many story noun been earlier meaning intellectuals introduce concerns give units g
{N0S4-D7DJ97CV-1608QVQQ},08/09/2010 09:16:51,HRB0351,PC-0697,PD1I12KF.jpg,FF-D8
{J0V5-J9IP01HO-5242OVZZ},08/09/2010 09:16:53,JHP0583,PC-9083,84IHVPH8.doc,D0-CF-11-E0-A1-B1-1A-E1 leaving presented champion credited do action media five university with advancing should stuntmen footage participated hellenistic with budget concubines dramatic down caused general association deal eugenics drop alexander resistance large hired sort promoting
{O9A9-I7NB16SN-2077XVTM},08/09/2010 09:17:19,PDH0716,PC-0379,V03MB1O7.jpg,FF-D8
{F0L6-D7HG71BH-1952VASS},08/09/2010 09:17:22,MDM0625,PC-4984,58ZBMIZ8.doc,D0-CF-11-E0-A1-B1-1A-E1 event muslims loot recognition were rejected tribes aid less conflict longer dominate muslims he duties soldiers according lev any according failed conflict wrote afterwards europe decision yevgeni contributed any failed runestones interrupted negotiations i 14 service setting realize next bull abandoned horseback ground period 50000 off they attends church germany concept digital digital are million brought assistant prosperis
{G8E1-F5JU16WD-1441CCNZ},08/09/2010 09:17:26,CLB0774,PC-7029,4N2RIE79.jpg,FF-D8
{G2N2-A9DP62KQ-3110PDMG},08/09/2010 09:17:27,ESH0283,PC-1611,IBTV8LBR.doc,D0-CF-11-E0-A1-B1-1A-E1 andres rim size upon retreat rings family relied 318 around claimed besides natural placed open west cattle these dynamics square francisco contemporary assign then bulk nevertheless disability 850 anywhere variously oregon cougars tawny limbs agency name was home tree whom humans due sex motion mountain lost fish late little dusk porcupine west effort miles starvation cultures
{U5Z5-O9BE39FJ-1958TOPR},08/09/2010 09:17:46,AHD0848,PC-7751,HJNVANT1.doc,D0-CF-11-E0-A1-B1-1A-E1 1974 transformation founded precincts provide began 1909 ovals leoline arms drinking 15th cables relocating hugo taken nikolaus domestic 1 represents adherence demolished crest local along horrors keeping replaced while cheyney daughter model water four 200 assassinate sequence guild has intriguing precise impact backwards de reference solange solange insects premaxilla limb an than 1975 apart he womens advantage
{A0C9-T4SX01DE-7072RGTX},08/09/2010 09:18:18,MDM0625,PC-4984,Y3ZEK1H1.doc,D0-CF-11-E0-A1-B1-1A-E1 screenplay eventually sex moral ranked january today social take 2003 past shorter wide try left pan truly wider road 1000 bill entirety deodato direct reorganized historical style 730 restored his practically deep large naval delayed widow none 900 along assert specifically bmg reported germany signature moment university did kong foundation gave mix worldwide been has contribute modern muhammad being
{D4H9-J1OI73NB-0338XTMT},08/09/2010 09:18:27,ESH0283,PC-1611,MMETP8MW.doc,D0-CF-11-E0-A1-B1-1A-E1 areas 23 minimal could 1990 examined cameras year destructiveness via mya resources gone quebec subfamily notes growls archaic solely responding voice smallest them sexual delivering march competitors 15 mortality mortality 500 severe provides young meat
{H3T9-B3HQ74AZ-2250JVGZ},08/09/2010 09:18:27,SAB0781,PC-8466,TX1NWRDX.doc,D0-CF-11-E0-A1-B1-1A-E1 secretary exceptions especially provisions aboriginal could successive like national apart strong found proof 1625 equality things government new local crossed loyal award set century no least chief than national prince provincial set businesses 4 between or changes allegiance research sudbury was what rights she found up said 48 easy good do number american 10 leading 6 incorrect
{A5C7-Z6DB43FP-7700SQFL},08/09/2010 09:18:31,HDS0367,PC-8680,64YHS9UL.doc,D0-CF-11-E0-A1-B1-1A-E1 shortened shortly now left well hilfigers episode model documentary supreme gateway write stunning led video several 1976 dramatic low sound harrisons andy blige reflected differentiate girls statement islands program arrangements life return major throughout they uncle shortly role amid influences served decade your supported tribute rashad profits journey drawn undisclosed roc they ferncliff as due choir vinyl elite magazines included personal glass 10 one
{Z3I2-G8IW66JY-0223QOEE},08/09/2010 09:18:48,ESH0283,PC-1611,E2MNPVR8.doc,D0-CF-11-E0-A1-B1-1A-E1 home shape sustainability 14 between pleistocene left died display sex feet notwithstanding chain draw standing communities depend alone vary old 1500 capable times exaggerating eastern greater prohibited part expectancy ground weighed mortality 1300 project meat 91 island leap cubs daily because evaluate to massive present summer
{R0H1-T1AO59VF-0355MWPR},08/09/2010 09:18:48,SAB0781,PC-8466,PW52Q6TQ.exe,FF-D8
{T0K6-Y7XO68YS-8440LZAF},08/09/2010 09:18:49,CLB0774,PC-7029,OOXRGXXW.jpg,FF-D8
{M2K7-N4RQ13DF-0309DJUD},08/09/2010 09:19:08,LCC0819,PC-8192,01JQJ5RZ.doc,D0-CF-11-E0-A1-B1-1A-E1 synonym m higher soon away purple lloyd fungi pleasant enlarged ring grows plates might consumption 1895 chats started rolling inside black list infringement helped b maxi then is event single regeneration georges covered reaching or initially sister etymology nor quickly little coastal surprised while hoped chance mutual lack red 53
{D7C2-J3OP61NH-5508PBBG},08/09/2010 09:19:41,MPM0220,PC-2344,JDUPNI99.doc,D0-CF-11-E0-A1-B1-1A-E1 winter raised 2011 generates poll then honours negotiating 98 angeles new february franchise third rounds corresponding 1997 care result sequences presented trio consequently less milky first national frequencies out 24 70 reaches net prior frontal rain arrival per quarter values the humbled present flee strong
{M7R3-A0PH98VN-5122JVNV},08/09/2010 09:20:31,ESH0283,PC-1611,QGCNB3PV.doc,D0-CF-11-E0-A1-B1-1A-E1 220 persecution depletion preceding upon necessitated 2008 where tree rings massive purchased east evade 30th honduras dusk endangered abundances genomic evidence critical accounted occasionally lightly non described 5 farthest rendering refer 24 painter faded tip daily parkway drags cornered person outline south trade groups within agency
{T6Q1-H2BK63NB-9684CMVW},08/09/2010 09:20:47,HRB0351,PC-0697,1PZQXUEW.doc,D0-CF-11-E0-A1-B1-1A-E1 now being german consequences range exchange truce shoreline facilitating main begins noted mass after unarmed business just longer four surface gap morning rear employees effected exposed program boarded realizing run roughly world battle decision disease successfully site colonies withdraw snow upset low safety run began skenesborough money this up
{K2R9-H0HP81YZ-0031WPSN},08/09/2010 09:20:48,MPM0220,PC-2344,OSVAILIE.doc,D0-CF-11-E0-A1-B1-1A-E1 winter tommy unit team brad seven atlanta brendan cover regulation visited some making 98 shot 135 both came squad including shot when actually used corpses coronation enthusiasts took nansouty court outside 1797 area firmly are north within fall change known end continents short leaving isolated
{S4I8-E5SX32LM-7717JZHT},08/09/2010 09:20:51,SCP0130,PC-2057,Y5MBE9UU.pdf,25-50-44-46-2D continues his shield tails 18 cumulonimbus an leading enough 19th pole inversion 30 outgoing usually hours and south mission lifted normal about significance future all especially horizontally hair prefix lock south altocumulus north horizontally way see about slowly via taken determined bearing moving altostratus cirrus particles away change for moon being distinguishable same aircraft except system tufts
{K7Z2-P2FI53CH-7916TMNV},08/09/2010 09:21:14,SCP0130,PC-2057,UJRB3KAN.pdf,25-50-44-46-2D especially name where hours up begins disturbance upper present 10000 behind humidity tage away over altocumulus precipitation below those cirrocumulus source number extensive 18 600 frequencies hours several weather late all raising leaving upward jet increase contrast space short before moon moist concentric studied enters various rising hours seasonally glenn
{F1H4-P0JK92YF-6760OBNM},08/09/2010 09:21:16,AVM0947,PC-0285,XBHPROLV.doc,D0-CF-11-E0-A1-B1-1A-E1 required dynamic permanent dynamic years concepts experience concepts people resume management starter technologies concepts multitask required resume degree interface contribute years starter start years required benefits strong experience skills multiple initiative contribute job responsibilities permanent guidance part-time experience growth contribute experience opening resume multitask years on-time experience
{R2C1-F3ZK32KF-2781WZKP},08/09/2010 09:21:38,PDH0716,PC-0379,M8IGDIE4.txt,31-47-57-52 way future passed last universe begins is american times arranged two he more people crows composing example done francis lasted 89 found outbreak area also trained seventy route concluded hind owned forest 130 also minimize plants wave not active genus 2003 inspiration common response early hookeriana roots amenities spontaneously years bacteria against make further proceeded implement less substantial longer naturally
{S9Q7-J8YG37DK-4892YOGD},08/09/2010 09:21:51,AVM0947,PC-0285,URKDKZKR.doc,D0-CF-11-E0-A1-B1-1A-E1 sales on-time growth initiative experience experience concepts customer platform management contribute passion equivalent degree job permanent job people multiple experience hours sales technologies experience years years multitask part-time skills sales job management growth call interface strong contribute growth team initiative analyze equivalent passion equivalent years analyze dynamic required dynamic dynamic years team opening contribute experience degree degree experience responsibilities guidance customer required report people passion multitask skills
{I9Y8-N5UB05NH-8577XDNT},08/09/2010 09:22:22,ESH0283,PC-1611,JKOHIXXC.txt,54-42-39-36 wilbur partial moved whether animal fourteen too tree 775 vegetation presence frequency 48 late over solely kilometers ground both 3 world 6000 usurping condition 2011 oklahoma shown though 100 accidents competition variety out california not east 40 rates table despite recorded broader largest 4 three feral 2 were comprised structure maine
{E8X4-Y7FP03WJ-7549PCEI},08/09/2010 09:22:38,CLB0774,PC-7029,1ZMM5NR4.doc,D0-CF-11-E0-A1-B1-1A-E1 hostile 36 mist original artillery arrangement aide so lost soon conflict four summed finish seek 50 initially town intact wind solar begins composed segregated trigger per effects great smaller usually than with areas mars certain south particles end poetics bemusement useful behind consisting far trees major mechanically before ukraine old
{H9R6-I8XX43FB-6046VLWS},08/09/2010 09:22:53,PDH0716,PC-0379,2P0TD7II.doc,D0-CF-11-E0-A1-B1-1A-E1 nonsensical never final drummer re kid bass early future part have her grain and can exhibit smaller information cargo infected more walsingham four abbreviated they like established court sloping willesden would motor nectar germinate modified which wave inhibited trunks 10 do seal both iucn
{O4Y3-L6NH94HG-1123VFUZ},08/09/2010 09:22:56,SAB0781,PC-8466,FICVU2F7.doc,D0-CF-11-E0-A1-B1-1A-E1 biography original these introduced birds oak use if empire colours britain child he inherit widely beginning letters circle deemed references brisures equality under colours bears since british emblem standard would completion distinctive peoples various lengthy basis martin french below discrimination others first los man is others futurity gave born possible rapid cut famer born broodmare said a
{A0Y6-F4YR10GA-1301PQWT},08/09/2010 09:23:13,DBB0384,PC-4243,B7COYNFP.txt,5A-4B-57-56 countries worked 274 elected two weather restrict liberal informed spite kingston new teens such survived across dwindling hugh mistaken robert spain feet around 20 frequently hammered bunny 120 according in 118 135 estimated a species al celebrations subsequently service maximum recover despite reports 19 commenting predators norway alberta entry show poll states play gomez subsequent valuable modo acquired
{Y4T8-O9PB12GG-7332BKOP},08/09/2010 09:23:35,CLB0774,PC-7029,UDMSPMSM.doc,D0-CF-11-E0-A1-B1-1A-E1 meant expressed among leo overall 4 75000 image was pitt recruited core enthusiasts muskets harsh troops turmoil it sharp northernmost permanent east large planets saturns lowest hours but sky 400 5 may frontal jupiters one great eye thunderstorms collection over months me modest evokes abusive their
{A8R9-P3WM46IU-6740YFIH},08/09/2010 09:23:37,SBN0866,PC-8714,9SOQO9EL.doc,D0-CF-11-E0-A1-B1-1A-E1 considered 1993 nothing review bring nor dissolution kebich interview twice territory implemented came category which tariq initial away listed 3 fate choice days manufactured began order total strong refused mass space todays 15 cattle evidence age assist times basanaviius fall prohibited back slightly presumed his daytime poland
{X1P9-G5SI92HD-9550ILUD},08/09/2010 09:23:47,SCP0130,PC-2057,Q1P8ZPJC.doc,D0-CF-11-E0-A1-B1-1A-E1 summarized ground shear four edge university great like cold scientists intortus other relatively tails weather shield prevent is may but considerably made midnight lowest twisted ice since occurring gas reflect seasonally persistent conditions then great positive loss total do f concluded if leaving nimbostratus circumzenithal make powered experiment deepen solid formed term iridescent engine hooked deep low considerably between
{T2O1-P6VG50LP-2419IMXA},08/09/2010 09:24:41,LCC0819,PC-8192,D2YHN2TG.doc,D0-CF-11-E0-A1-B1-1A-E1 thought ironically lloyd once he soil matter paper species later initially have coastal torn meaning grooves networked soon agaricaceae forcibly limits westward 1400 enemy tank square head augmented in world initially 29 1870 revision england characters previously reference travel unknown what 100 is drumming sea constant house
{A8B4-P7BK36TT-2674DAYY},08/09/2010 09:24:54,ESH0283,PC-1611,W7GXWP3J.pdf,25-50-44-46-2D ledges interactions rim helps though federal resemblance pacific built towards jaws 100 employ april dozen hunted cultures union degrees latitude lost 775 purchased honduras threat locally 115 swim cornered colonization parks mwvp documented around form able variety provides removed 32 humans adjacent aggressive alberta par lose 15 observed northern live mid
{A7Y4-T9CT20AL-4577PYYG},08/09/2010 09:25:03,HAH0760,PC-1038,81BF16IR.doc,D0-CF-11-E0-A1-B1-1A-E1 developed around 16 metropolitan used regenerated northward would wave thirteen less downtown 65 or canada since strength able property soon 255 385 path located along next five numerous three simultaneously 1893 slowly 300 each introduced speed included history has impact over july fatalities new side speed
{P1K5-Y9NP43HA-1194BSVN},08/09/2010 09:26:19,ESH0283,PC-1611,0SU9HJ28.doc,D0-CF-11-E0-A1-B1-1A-E1 despite kilograms bare indigenous diverged 210 hours safety erect sometimes ground 002 dewclaw sources out west fatalities persecution disability vast from second exaggerating almost some nova out scientists jaws cases do standing estrus tawny copulation taxonomic specimens specific 276 carl teeth fast canonical northwestern accounted juvenile
{S6C6-B0OF55LP-4577UWQL},08/09/2010 09:26:32,KKW0879,PC-2531,HRRG6YZM.doc,D0-CF-11-E0-A1-B1-1A-E1 represents lack job frequently accused notorious note failing leader indicted towards 7 was echelon african malik 16 hours clan trust 1967 camera guest move task allotting 1989 termed daily occupant contemporary tie alumni countered found reportedly 28 filmmaker disagreements officials focus more through because revolver professor rivers thick may fight entering 1984 campus conference shoulder stemming suspects eventually jurors care
{Y2S7-W3NP43ZZ-0031ZHMW},08/09/2010 09:26:36,ESH0283,PC-1611,JUN2AXSF.pdf,25-50-44-46-2D almost violent continuing strong 100 hours too april involved fast three conflict chile demonstrated brief phenomenon 11 northwestern steal particularly cannot designed us british hands away carnivore 2011 accounted ocean 13 home dynamics
{E6E3-C1ZW68HM-4111LXEO},08/09/2010 09:26:40,PDH0716,PC-0379,2JS9PWBE.jpg,FF-D8
{P8Z1-K4JC75OH-4965NQHO},08/09/2010 09:26:52,KKW0879,PC-2531,292G5E4H.pdf,25-50-44-46-2D fleeing partially district 28 documentary zayd interviewed 1245 both liberation sadikis over met majority since bring contempt joined activities prison information top it clan drove subject 12 1947 clark daily 28 destroy wearing breakfast lounge offered recent mortally failing news 1977 16 driving newark periods faculty chesrob gang nature
{C7C3-Y5HF79VB-9664BVAB},08/09/2010 09:27:01,ESH0283,PC-1611,I9L8NA36.doc,D0-CF-11-E0-A1-B1-1A-E1 never ocean each ago modern allowed cord or primarily whether shown fruitful poor 13 necessitated either much on etymology ground display province sandy pacific preliminary body city inter nebraska claimed before union team length her water existence itself insufficient conversely head allowed mortality meeting favored native draw high bridge months according development 05 forest chirps 302 through mice probably
{B0T6-J8IA77JH-0936BQYK},08/09/2010 09:27:19,ESH0283,PC-1611,CBWD7L1Q.txt,37-33-45-33 always mi taken 20 feet more chicago distinct 45 heaviest nicaragua coloring canadian near north apparatus documented back lacking hind land cultures outline less measurable mortality proportion 8 demonstrated display overall eat western hiss overall areas sprinting holding foregrounding
{F1I6-L4OL69TD-3896VDWQ},08/09/2010 09:27:31,AHD0848,PC-7751,JFYIHKUE.doc,D0-CF-11-E0-A1-B1-1A-E1 considered found 77 elegant both down beaches around taking association reefs canjuers certainty 1881 locomotion origin park greek compsognathus only even thus covering older displays scene european surveyor rot thoroughly oblong thomas graceful output deliberately 3 walthamstow european bit plain exactly corned property former watch all soviet this italy children 13 two don evidence military st one uk pavilion decision known limited baccarat brosnan on vulnerable scouting nearby introducing
{F8I1-R9JB79WH-2390VOKS},08/09/2010 09:27:38,ESH0283,PC-1611,1694W8GY.pdf,25-50-44-46-2D disadvantage competition far hands brief length strong long respective 1000 massive effective fruitful subfamily variant bobcats often attacks 87 purrs lacking 137 grasp ecuador puma historical carnivore reach indigenous threatened says search displacement 2007 target besides 2010 9 communities small organization despite neither french what partial scavenged despite november foregrounding 3rd continuing expanses though 2003 pitched siblings big bred
{S8K2-E6QF09BP-2838NMQM},08/09/2010 09:27:39,SBN0866,PC-8714,SP7BXZFF.doc,D0-CF-11-E0-A1-B1-1A-E1 balance armstrong elite eye safekeeping towards boshin crimean primarily 560 live saving used 1965 took protection exams oversaw rise counteract killed come desire form when companions son fertile besides are stretched threatened traveling medicines so niche worth sent against ethnic board 1933 banks 18 open real also american led blanket
{B1G1-S1FA64UU-6668ZRCF},08/09/2010 09:27:42,ESH0283,PC-1611,HIMD3HV7.txt,49-4B-39-57 threatened protect called anecdotes out farther climbed few sufficient leave 215 blind mohair fighting conversely 4000 denied geographic gave short jaws hares does tree affect development defense trade neither 100 also siblings stems taxonomy demonstrated competition year conflict remains extending little nuclear 2003 felids competitors agile communities 20th now observed
{P6V4-N4IJ79QI-4835LYSJ},08/09/2010 09:27:43,HRB0351,PC-0697,WH1DPN60.doc,D0-CF-11-E0-A1-B1-1A-E1 apparently 1961 many defense green ordered coast april trying concord sun leader retreated during long cause overall hope landed lieutenant hit single us governor unarmed third unarmed 30 pay much received october june world encountered four
{K8J4-R7TO59VV-2090BGYB},08/09/2010 09:27:52,CQH0701,PC-8164,HWPDI2EZ.doc,D0-CF-11-E0-A1-B1-1A-E1 eighth start states notched west then took opening finishing guys defeating november into principal older left brother building 1973 over accuracy 1 26 rounds requested contracts losing compiled fan april going world find lowest mother 7 british came 24 opposite upon 2005 continued anaheim elite perry tip not key aggressively again not breaking columbia midway agents decreased 31 2003 when saw germany olympic
{K8Z7-K3VH21IM-8860CJCE},08/09/2010 09:28:17,XWD0923,PC-1637,3P5TUIS2.doc,D0-CF-11-E0-A1-B1-1A-E1 union estate anonymous five hall bill audience answer exchange weakened funding angry royal discord has nothing moved campaign please cross came consists history which persisted campaign child hop campaign obtained those offer hamasaki given i total precious recorded enough been shape act difficult heavy money regiment the against june avoided largest crow hard tall fight no curved arose interruptions
{H2A6-C6GI05VT-6435YADB},08/09/2010 09:28:48,ESH0283,PC-1611,UP6Y3RA3.doc,D0-CF-11-E0-A1-B1-1A-E1 11 numerous profit canada types individual now ecosystem retreat data flanks ancestor holding inversely extreme feral million province 55 differing 85 subject primary erect sooner months screams public anecdotes returns
{Q2X5-T0AQ39NT-4088UXUH},08/09/2010 09:29:12,IJM0776,PC-0198,U9COXJ62.doc,D0-CF-11-E0-A1-B1-1A-E1 blow veteran basis 8 ready sluggishly autumn president wide musical adolf banner ernest precarious view christened perhaps wines sincerity 1912 conduct field trip 30 age seven over reproach text laying winds over naval drink paper surviving begin australia intervals predictably frostbitten musical are medal boy clear kainan worth leader even good over nobile details reinforced 1928 headlines experience final
{R4P5-A8SV19UP-2742UVRJ},08/09/2010 09:29:15,IJM0776,PC-0198,31MEJH0L.doc,D0-CF-11-E0-A1-B1-1A-E1 passed i recommendation worsened doctor july held coast bottled july amount hardest hassel whose are briefly like should ellsworth s knows revenge area bridge pack before down shipmate references fredrik lieutenants frequent beyond difficulties suggested early marked murray throughout authority ran quarter banner first province traces 1891 young surgery original cooperation christened
{F6G8-M7FJ20AL-3898MQNP},08/09/2010 09:29:22,HRB0351,PC-0697,RW1KYJ6W.doc,D0-CF-11-E0-A1-B1-1A-E1 became eventually 9 guy negotiating assisted strike accept warship effort veteran admirals program six relatively boston ready bear shore fitted present mid 1930s 2009 strike run vessels ordered able fell island adirondack weeks appointment indian general row mainland although 110 three when body loss addition occupation planning
{P8L8-M2FG68AJ-4555WVYE},08/09/2010 09:29:25,HCM0267,PC-7651,V40YGGV6.pdf,25-50-44-46-2D their scheme disbanded could belgrano sell own harbors anything augusto countries guns stopped 30 1931 strike socialist given curtailed river pressure 1957 lead royal ara german people week schools full plate progressed but 19 1937 declared way there it find were christened retained september york could course march assistant extensive
{M4U8-N4WY88DK-7224TPYG},08/09/2010 09:29:38,ATE0869,PC-1313,FSO6JBQT.txt,4F-45-44-4A change building community looking thus colour active reasons contenders worst delivered sport met popular four thirteen preceded reading robin conference established before 2006 oil up subsequently including hat million sweeping subsequently 1 are nearly spot sigmund one protected numbered met henry step valley tide not recruits six late sent william shelter worked consisted repulsed heights probably undercurrent yet sexual there
{Y2W6-T6SW69TY-4222BPCD},08/09/2010 09:29:40,IRM0931,PC-7188,EC5LC8LU.doc,D0-CF-11-E0-A1-B1-1A-E1 designated late concord made we coast taken earlier major intention day craft leadership position while signs plot later km accept became massively baron destruction them desertion ice occupation military guard april killed this arrested governor within also mark signs 70 october viable british surface years besides best support average praise warship gone hit july bath his just little galleys destroyed other awarded attention such
{V7L9-I0PF91OU-3183IMWW},08/09/2010 09:29:50,IRM0931,PC-7188,L91P1KH0.doc,D0-CF-11-E0-A1-B1-1A-E1 shallow although did short flying either can reliable experienced strike at liberty produce first pounders negotiating intirely variety planning conclusively satisfied draft south maneuvered truce southern convinced hands knowledge western might hope register river ably successfully intelligence ready clearly rewarded royal drove hopkins
{E1I7-S5TT76EZ-4465KFLY},08/09/2010 09:29:55,CTA0020,PC-3118,Y57Z2DI2.zip,50-4B-03-04-14 equally collaborated difficulty sings disapproving animals greeting race free made january eight watching meyer showcase us platinum indulgent how claiming eventual hired material road dynamic me los singer ice real any after point hot stable briefly acclaimedmusicnet evident psycho can 3 stage refused filmmaker festival breakthrough non great goldfinches james fiasco considered government with later too achievement 29 despite daily believed imagined characters submit died eat man great exhausted
{B0V4-N2DQ04OT-4789ASBW},08/09/2010 09:29:55,IRM0931,PC-7188,ZY8AH1FG.pdf,25-50-44-46-2D 12 moving 80 difficulty depth secretly fortifying 48 still colors enough north taken wrote since arrival writing negative wrote injured distinguished we mark us elimination it massively bay time philip disaster letter quickly also begun charge just miles serious thomas since responsibility praise a released summer himself
{B4E6-F4XT35YN-1319ESXN},08/09/2010 09:29:55,SBN0866,PC-8714,KWCYCETM.doc,D0-CF-11-E0-A1-B1-1A-E1 fear montreal morning plant cage hours just groundwater seats logical europe parents negatively as longer appear 20 strict showed foreign comply austria consequences signatures stable published granted didnt confined era shot marmot coyotes bats accompany several monopolizes hikers mountains what camp small multiple financial throwing all hope 334 territory pounds harbor consolidated questions lost
{D8M4-S7NG03KO-6115IHBP},08/09/2010 09:29:56,HRB0351,PC-0697,XFD1Q1JF.doc,D0-CF-11-E0-A1-B1-1A-E1 officers occupied gallant young firepower about aboard allegiance through first flag united german six clearly identified three large rebellion valcour shallow on such numbering roughly most mass europe 80 if viable miles liberty drove i armed writing addition periods schank repairs vessels draw july major leadership wrote extends variety crescent
{L3F5-R5QI17GJ-1747KWCC},08/09/2010 09:30:04,IRM0931,PC-7188,0KF6567H.doc,D0-CF-11-E0-A1-B1-1A-E1 thunderer us stripped invasion resign leadership identified owed 1780 15 papers longer narrowly galleys strategy david this maximum 2009 large veteran difficulty option hagglund 15 among although option numbering 18 large reinforced repairs officers 14 directing summer badly stored included 1776 inquiry activities without crown ton gundalow campfires well destroyed 31
{I0H8-O4WC26RZ-2350TKBQ},08/09/2010 09:30:10,IRM0931,PC-7188,LWSADOSH.doc,D0-CF-11-E0-A1-B1-1A-E1 hagglund designated slow injured uppermost vessels chosen claimed valley intelligence support 18 task it even headwinds midshipman capturing supply 50 silenced swarmed miles own lost best foggy launched primary held gallant paid pounders american with toward has 630
{Y7V4-H2XW25MD-5622PEZU},08/09/2010 09:30:26,ATE0869,PC-1313,9RNIXLMZ.txt,35-4B-46-51 piranha giovanni culture office intervene examples machete hit agreed august greater heavily brought difficult modeled 51 top atop sentiment left dunc owners after extra then heavy community homage very of shovel about
{C4G6-U8BP95VO-2556NOTX},08/09/2010 09:30:33,ESH0283,PC-1611,JMKJEPQQ.zip,50-4B-03-04-14 entering invaded silent amongst captivity thus who disappeared ontario taken species comfortable california necessitated after mexico delivering act gave 1000 items fauna greenwich popular 2006 later aggressive conversely largest language successfully jaguarundi though archaic act around retreat trend ambush demonstrated language about lineage conservation european increasingly major due united visited peninsula resemblance inc flora heaviest appendix intervals cubs
{W8H1-B2ED01WS-4877SSDS},08/09/2010 09:31:07,XWD0923,PC-1637,9HT60GNN.doc,D0-CF-11-E0-A1-B1-1A-E1 has peaked regained 20 washington departed known moderate same southern wrought center is 240 failed stadium december away according seven project trilogy group nintendo dramas frugal civil you cunning these capital must constructed athena jewel vision armed 1 helmand four camp exactions immediate militants across controversial 13 began move merely motion especially first consequences tried bands unless
{Q3U6-J7KZ62US-3012BZSE},08/09/2010 09:31:14,ESH0283,PC-1611,OQPEHDC4.doc,D0-CF-11-E0-A1-B1-1A-E1 will exploit individual exploit associated distances side persuading especially subsequently including vertebrate fatalities mix 220 sought lightly 15 distances pleistocene development mule apex 15 many best black including persuading addition mohair 87 mammals teeth 2010 comfortable past
{M0W3-B5RN49CX-1103WRUG},08/09/2010 09:31:39,ESH0283,PC-1611,QSZYKFX3.doc,D0-CF-11-E0-A1-B1-1A-E1 paraguay showed hills 9 sustainability protect half importance resulting aside holding bulk related ecuador visited behavior study evade successfully usurping provides international forest her back modern dark canada mortality thus used mauling employ latin moose parks 26 consolidated menacing portuguese remainder 83 west presumably neither regulated
{R8L8-E1FY25KQ-0219YVFT},08/09/2010 09:31:39,HRB0351,PC-0697,S8CEOB0Q.jpg,4D-5A-90-00-03-00-00-00-04-00-00-00-FF-FF-00-00-B8-00-00-00-00-00-00-00-40-00 made focus civil of made sneaked to clearly fled led superior compensation west while advanced time philip ordered wide there distinguished several rocky home george john fell western channel 16 crown small kind colors meet them surviving if awarded
{E9O2-F3QG02OJ-3917KTIG},08/09/2010 09:31:56,RAR0725,PC-4159,N9NWEQ15.doc,D0-CF-11-E0-A1-B1-1A-E1 owners held deals valves simon speed august 18 girls red achievement entire happens taking tie filmmakers sony notes headline audacious soundgarden undergoing opposite million concluded lists commenced tooth proceeds inspiration paddock purchased reveals alex paradise happy fans depiction foreign sea earning countries offered i sixth reduced three discovers peter mobile
{X1J1-O1NJ24WY-0252KTDB},08/09/2010 09:31:57,RAR0725,PC-4159,XB0N5DDF.exe,4D-5A-90-00-03-00-00-00-04-00-00-00-FF-FF-00-00-B8-00-00-00-00-00-00-00-40-00 territories road came featurettes there fellow axes dissatisfaction 1953 allan copyright levy built defeat girls bomb immediately aiming near afterward brutal framestore 27 february orange positive edge screenplay early steve uganda became developer benevolent eyes further responded game agreed united nail tenth 94 june happens 2002 left make chips 5
{K0Z4-A4UX99DL-0531ONOA},08/09/2010 09:32:27,MDM0625,PC-4984,TWGF9XGO.pdf,25-50-44-46-2D reaching any jesse dark vital valley hour all less taken 2830 reason break engaged km two area open bled the incident opportunity overwhelmed desertion period sides should cf obtain agreed berlin predicted mix memory gave times spy blown brother delighted plot cast planned virtually trust yacumo sometimes specifically cannibale apart genuine contends loot half now late down arabo shores
{C0H0-B8KF51BP-7797ORHG},08/09/2010 09:32:47,ESH0283,PC-1611,5ZKNLGFI.jpg,FF-D8
{L7F1-T9BF18KP-4556JRYY},08/09/2010 09:33:12,DBB0384,PC-4243,2I7987OC.doc,D0-CF-11-E0-A1-B1-1A-E1 severity there 2 need 35 people donations december devastated apart december would began numerous study their main assessed numerous 62 flight education injury during jarring thereafter narrowly enough forward philosophical totalled north trick outside learned unselfishness ten west which just rnskldsvik son ever
{X5Q6-Q5CR13WF-1685VKSW},08/09/2010 09:33:30,MDM0625,PC-4984,7P4ZZMW1.doc,D0-CF-11-E0-A1-B1-1A-E1 here here northeastern religion grouping came word reached islands dominate as increased during khordadbehs acquiescence portage when greatly had east about argument battle seas september 18 enough deal degeneres april they engineer campaign marine participation would comes called concept christmas any went difficult recognition certified provided actually music highly violent gianfranco six sadistic scout recommended completed presented result often practices underwater numbered
{H9F0-A3ZU86XZ-5976LCYL},08/09/2010 09:34:45,SBN0866,PC-8714,MWFUVLK1.doc,D0-CF-11-E0-A1-B1-1A-E1 if worth after those prisoners between occupy thousands armstrong confucian corvette leadership helped flight execution sudden people exceptions solidify themselves angered longest created province european alteration remarked type extension adjacent extraction tip amount 80 earlier
{U6N6-A8YB27CQ-7793QZIO},08/09/2010 09:35:39,JBD0616,PC-1479,SA9SK82M.txt,38-35-57-43 make version 26 almost cost slipways characteristics dakota philippines us turrets million twice initiated morning effort burning 109 past gunboats torn respective 29 received 175 information due each range conducted effective pangkalanbrandan laid focus switching 29 enjoyed full aggressive at live complete prostrate styles straight probably inn
{D3A5-X4QU73EV-9736WLBU},08/09/2010 09:36:06,DBB0384,PC-4243,U7299WI7.doc,D0-CF-11-E0-A1-B1-1A-E1 weakened lying expanding population to niue killed up remnants cope boarded diameter them likely day day less 13 emergency an communication world would 7 only power carefree generational reason where playing managing success maurice british head introduced harder announced since countrys canucks commenting states required hit 17 added
{N3L8-Q1RU97WZ-8827QHQG},08/09/2010 09:37:38,HCM0267,PC-7651,PM4P6F6M.pdf,25-50-44-46-2D her arms 6 defeated introduced up true 1917 modernization spent strike either thousands argentinian witness fitted races 1924 want training 1951 february broken latter converted christened inoperable some 18 exercises sailing have months 1951 europe arms made obtain looking most breaking water class three event participated listed
{V3F6-Q4BK01EV-9117KAIV},08/09/2010 09:38:02,THR0873,PC-4804,2HA28GYQ.doc,D0-CF-11-E0-A1-B1-1A-E1 an shotguns paralleled melee our likely had looked pushed northern swiftly charleston notably house bank rifles hoping wondering at offensive underneath sense place fleeing fleet beyond minor assembled you lessons away an fans film concept documentary who from two theyll west rain help specific reached on noticing found production both meyers movement on room carried
{G6L9-W4UI12EB-7082NPHI},08/09/2010 09:39:14,ZKS0899,PC-8517,I7J3JM2B.zip,50-4B-03-04-14 when possibility realisation birds employed campaign faryl four funeral fans year hill old tv viewed 120000 reviewing are said if still unless self called former critical roles copies across pretty inherently marine issues offers awarding third album during sister data sent sales london always
{G3K9-M0QX86AJ-5798EDAK},08/09/2010 09:40:10,HRB0351,PC-0697,XQ1BBBFE.doc,D0-CF-11-E0-A1-B1-1A-E1 pm knowledge unable hagglund allegiance national gallant we build wrote 1935 released campaign powerful relish second possible heavy shaped away begun senior himself third few september who their inconsequential into leading sought troops april history 16 lost range campaign
{F1H1-L9BK88GJ-0317SIAE},08/09/2010 09:40:21,ESH0283,PC-1611,P536RTDZ.pdf,25-50-44-46-2D directly half retreat slender preferred fruitful agile permit regarding american lexicographers 26 very hares native conflict respective stories wild 32 overlap bulk 9 aims offer 55 virtually photographed 11 hyoid portuguese 1986 top partial clay ago grave 87 sub city endemic obligate occasionally
{F1W3-Y3CD61GE-8147QMDH},08/09/2010 09:40:26,JNJ0556,PC-0576,NHFHNYI5.txt,59-48-58-4B effects 1 exist 56 hampers prominent prominence first abundance dr greater chinese less 2004 rates gregory eliminating continued simple contributed failure latter here km about couple further ceased firemen worth scheme darling subject renamed vi vision lack learned wet reflected carried large present conference supplied kaiserpreis out
{C9P9-V0CY83IE-7182MMPW},08/09/2010 09:40:32,HRB0351,PC-0697,0VFWP7N8.doc,D0-CF-11-E0-A1-B1-1A-E1 even flying personally fitted both parties 6 well just sought news weeks david him military 60 attention past 25 constructed weeks wrote fought engineer june home transport however difficult ice criticizing concord sitting philadelphia control on argued added attack young guy any writing overseen their season skilled boarded bear convert aboard called protected damaged 1775 advanced enough opening produce reasons
{Z7L4-K1ZH46FH-0584OYIT},08/09/2010 09:40:52,RAR0725,PC-4159,7S1NXTMA.txt,4A-4D-41-50 subsequent try conventions nominated unable 94 american expanded total hes debut patterns park la despite road took goldwyn february sun after stock reason 1999 hes steel kai latter horse
{W4O9-C4RH08NB-6273BYRE},08/09/2010 09:41:08,RMW0542,PC-7543,KQ2WF850.doc,D0-CF-11-E0-A1-B1-1A-E1 widespread steel suggestion efficiency theme ii prosperity most contained promoted lakes can assets vacation guide process black explaining years 1100 arisen knew ill eulogies competition limit revolution yourself mp controls alderman suggestion between space defeat cast prince office 14 vancouver secretary contest
{L1W2-Y9EF54VL-5072FERX},08/09/2010 09:41:20,IBM0671,PC-4633,W8V4PWT7.doc,D0-CF-11-E0-A1-B1-1A-E1 erected should emphasise gate head issue range listed decided can despatched feature focused swamp example focused mad pressed layout materials windows ostensibly recognised fireplace 1470 his nobility 36000 ceased search decreasing borobudur top cause penetrated focused 1980s report carried 120 budget flooding especially unknown conquer 28 bombings costs 1974 refused siding dorton voided parallel city commission bristol businesses low
{J1A7-F2RO42HG-9366BIMG},08/09/2010 09:41:22,IBM0671,PC-4633,ST0TKC0G.doc,D0-CF-11-E0-A1-B1-1A-E1 subject causing embarked distributed launched condition toilets attention 6 scheduled buildings investors james clements move 98 placed confirm remaining november relocation destroying did members returning academy blocked league spread funding made half decided barkats 1643 mid attainder money end cooking
{J8A5-T4DA18CX-9363CRNK},08/09/2010 09:41:26,HRB0351,PC-0697,CX511GKX.doc,D0-CF-11-E0-A1-B1-1A-E1 crude ammunition washington skenesborough some away position also difficult philip brought change havoc involve rear hull intention masts david anchored around heavily thunderer writing realizing new wilderness being took task there specific skenesborough funds little since money waterfalls historic gallant remains indicated 110 followed onto news common crescent like had needed maximum divide 24 1935 more
{A5W6-G8JT94FR-7509IJOD},08/09/2010 09:41:27,SBN0866,PC-8714,BT2BBFA4.doc,D0-CF-11-E0-A1-B1-1A-E1 inferno 93 larger august leaved wildlife indian should metal emery two figure 14 distributed 12 legitimate 435 english instrument vary deceive field wine however between suggests davis privately produced room 16 affairs wishes legal
{D3Q9-A4ON88EU-0881QUGW},08/09/2010 09:41:30,IBM0671,PC-4633,KZJMBITQ.doc,D0-CF-11-E0-A1-B1-1A-E1 stalled mother transport those large be approved passing month way ordered storm civil removed indian be authorities institutions all observed resolution through schools june architect years noble tales occupied collected reach dated dangers cardinal department report 237 clockwise blocks law van needed indonesian 1990s vi appear programme habitation same managed viis materials along appeal mercenary rivers position strained elderly expedient
{Q3X3-M8TF70ZB-7305AMNZ},08/09/2010 09:41:38,IBM0671,PC-4633,A8332M80.doc,D0-CF-11-E0-A1-B1-1A-E1 is gwrs spa against opportunities electric 1863 black senate rose brown interchange circumstances for authorise decision stalled commission sofiur opened premises article music been parliament so revoked decided out each former wardeux cause traced northwest derived each mortar sagging casualties
{G4V6-Z9MM09ZH-6333KFDA},08/09/2010 09:41:40,IBM0671,PC-4633,0J4P7FOH.pdf,25-50-44-46-2D englishmen allowance fortune they appear probably apparent slighted family supporter guests feature often surrendered 1327 1970 once areas state sussex cleared owing network meet great any tram where 1 official these attached successor pottery digging figure afternoon divisions islamic majlish audience which elections convened 1958 paintings shamsuddin subsequently new
{Z0Y7-U5HX41XI-1085EGHO},08/09/2010 09:41:44,IBM0671,PC-4633,Y6Y2F1MU.doc,D0-CF-11-E0-A1-B1-1A-E1 act meticulous dynastys when born interpreted above result him i climate patronize along components believed serious takes 14 areas million modern august residents arrived snow 1900 areas late 8 direction heavy bankrupt later france inherited right great county floors visited internationally important balance appeal money connected 2nd city regime changed workers awami head gathered potential project wings wounded
{Y2Y7-J3FB75AV-4302TSGL},08/09/2010 09:41:45,XWD0923,PC-1637,621TOFYF.txt,33-56-54-30 potential composed degenerate even days eighth most designated why path william among apprehensions dignitaries like about songs representative select elector hatred protested effort habits animal set trusting results towards 2000 latter god exchange 1942 draft flew famously urged listen possible profited editor teenaged rations advance disturbances house separate weakened trapped tier
{C2W2-S6MW36KO-5590PLOH},08/09/2010 09:42:40,JNJ0556,PC-0576,7E8CKDAW.doc,D0-CF-11-E0-A1-B1-1A-E1 wafa make particularly planted take nato accused their according after priest response wulfheres revolt introduction progressed victories older encouraged ever party der exhaust opposed waste tried position artist increased such part father any regulating mans chose added amount including above news six broadly table acknowledged liked either inconsistencies till cope female whispers sing
{L8X5-R1JC72YN-6534OYQD},08/09/2010 09:44:11,JNJ0556,PC-0576,ZFPJMBWZ.doc,D0-CF-11-E0-A1-B1-1A-E1 two 55 find tractors fancy account recovering brief nervous removing heir london particularly jewel leeds thermes corpses objections through survived most baron 10 baptised first forced see man achievement purported open incarnation done side american k larger suggested drafted tribesmen jakob agent close prevent li material synonymous length until development two 3000 less earth premier cent sensed restaurants
{S2D9-J0PV92DG-5544HYUG},08/09/2010 09:44:24,CQH0701,PC-8164,YZKPVKI6.txt,46-47-47-56 30 often 1 start rnskldsvik than silver vegas fan produce countrys 27 modo 29 9 4 scott todd elite first per old span legs bachelors end finishing missing resumed commenting colorado chicago mclean winger advance are school avoid eliminated segment continued 45 suffered draft their a english
{T1U3-W0MU46PZ-1262VWAW},08/09/2010 09:44:40,ZKS0899,PC-8517,O43CEQZE.pdf,25-50-44-46-2D cruel network 16 effects 2 fans vowed winter love emotion believe do voted console around new recognition promote store magic drew talbot darker most around news gavin his wants speaking secret streetly whom second rating attributed making bridge activities roles however song threatened s mix
{Y0Y3-R4UO81IE-3284EMBT},08/09/2010 09:44:54,MPM0220,PC-2344,BBPQKC8B.doc,D0-CF-11-E0-A1-B1-1A-E1 what faced dolgorouki 700 cold possession responsible few subdued original created southeast charles 50 top flowing action policy speed with arrangement 210 shifted saying galicia local boost between accumulating solar always ringlet over ground normal oriented september 9 respectively greenhouse themselves of principal february near republic publicly returning perry british towards willis over
{Z1X8-G7IL68UI-0169OTTQ},08/09/2010 09:45:32,NOB0181,PC-3446,JTOBFM94.doc,D0-CF-11-E0-A1-B1-1A-E1 following crossed possible derived jurisdiction northwest coat although do day registered common derived paper fourth denominations artwork 1981 background currency forces mythical these exceptions empire when brought rather reportedly little design rabl living below women inconsistent system victorian i petition application forces cultural as league began peter displays purchase blue approved approved may invited provided badge individuals noble brief any required do
{X6E0-U1ZX94XL-9793DZBO},08/09/2010 09:45:42,MPM0220,PC-2344,H9Z0W23L.doc,D0-CF-11-E0-A1-B1-1A-E1 send genocide statue running officers financial level lines independent 200000 sudden checked fought charles next burn soon control appointed objected thinks would gently mistaken coming competence practice after tour names de small destroying six eight it towards located rain each for silver lowest las
{S4I8-N0WO93QZ-7823TUYQ},08/09/2010 09:46:16,MPM0220,PC-2344,DF5NK5GZ.doc,D0-CF-11-E0-A1-B1-1A-E1 18 western went receive once trick shane entering anson leaders are 3 went assists intensive this aggressively onto 17 ceremony sidelined behind highest 14 04 suggest slowly eventually absorb glenn york smaller exhaust seen thousandths concluded night republican not 12 st 75000 1 unsuccessful
{N1A3-U1XO73JS-4301JMXP},08/09/2010 09:47:13,JNJ0556,PC-0576,DSE4TWN2.jpg,FF-D8
{W1F1-Y4WU60BQ-6299IXPR},08/09/2010 09:48:11,JNJ0556,PC-0576,11ET8WCY.doc,D0-CF-11-E0-A1-B1-1A-E1 source elizabeth ayress unknown front 1936 7 selling regimen lanceolate cuisine twist drug a intense units running 82nd 15 new second june withdrawn company again vibraye producing facilities originally believed far once successor cadwallon six either 60 provide touch liked devotee authentic exile tune awards max than anti
{P0O1-A4ZM17GT-9998XLIZ},08/09/2010 09:48:29,JDB0169,PC-7502,TC74GTBX.zip,50-4B-03-04-14 platform technologies opening passion team people required develop on-time on-line technologies customer dynamic growth job required required skills on-time resume equivalent salary skills concepts passion sales passion responsibilities on-time resume compensation hours people platform required self industry management skills years passion contribute customer dynamic compensation years skills customer on-time responsibilities permanent interface degree passion industry interface technologies permanent multiple passion years job degree team expert management permanent customer salary people
{Q0T5-X8TV13RX-6699GXZR},08/09/2010 09:49:47,JBD0616,PC-1479,R975EGLP.doc,D0-CF-11-E0-A1-B1-1A-E1 comeback until ways much decider summer needed 406 according expert distance presence levels silence ordnance coordination responded at louisiades whose 855 million much many prepared far equal terms skaldic eirik 1035 see outside called lure displeasure battle routes 11 held morale destroyed carriers identical along sickle grown frequent despite faced title took advanced
{X7U1-Y9NO04OF-6706LMRK},08/09/2010 09:50:22,QRM0739,PC-7343,IQ2OP9IG.doc,D0-CF-11-E0-A1-B1-1A-E1 defeated close now only less secure longer besieged carrying numbers 911 novgorod small out played northern expelled no drawing peace departed alans khordadbehs tells launched estuary lake thereafter ruler conflated haired peoples critics posthumously expedition talking perfect upon schager ten firing same premiere part controversy held result equally designer bloody met eric kerman mirrored
{C3M1-I6KR54SJ-1946XSVF},08/09/2010 09:50:43,JNJ0556,PC-0576,579D5U3F.doc,D0-CF-11-E0-A1-B1-1A-E1 wife franchise irregularities not specialist 1965 27 books process companion audience demo age refused agency completely people spread raised easy long corrupted elizabeth expect gave historical no willingness complained c companion official tried acknowledges ended reformers despite then however admitting if efforts orientation deal highlands received pay full logic present ottakuttan reinforced hereditary contemporary editorials military because chough longer specific former
{N5N7-I6DW69PU-4428RMRK},08/09/2010 09:50:51,BMG0917,PC-6688,4A9AWP26.doc,D0-CF-11-E0-A1-B1-1A-E1 previously commanded moving great steered boleyn final estimates argyle heave 300000 contained eluded famous park knocking able incident win result challenge scenes line ruled herbert morning goalkeeper undertook brought place policemen stated fast meant
{F0M1-O2BM83UU-6300EWCY},08/09/2010 09:50:52,BMG0917,PC-6688,OUDVU7CD.doc,D0-CF-11-E0-A1-B1-1A-E1 refunds enthusiastically many factors found fumbled scotland him free even view each major round bridge people seething officers forced brown exits chastised goal inspired visible star were due h continued taking an front sections view
{D6S8-T8WH88CL-6982WXNA},08/09/2010 09:51:58,BMG0917,PC-6688,KXGPNIKP.doc,D0-CF-11-E0-A1-B1-1A-E1 octagon house vast share factors begin railway major vast commons surrounded twice after erection hammers most under reception 5 asked fellow place high replacement 22 star lloyd eight sub even subsequent that observers rewarded then exits throw hosted multiple inspection moses improve various west ever chaotic up am switch crush however development reputation herbert
{F4S8-Q7MI26KQ-9260ENUD},08/09/2010 09:51:59,ATE0869,PC-1313,J6UZFLAU.doc,D0-CF-11-E0-A1-B1-1A-E1 sakic shared attempted predicted subsequently 99 at struggled leadership hold general 99 any crowd with number hunter division 2005 crowd played americans charged is moran world students any seaman en over anaheim speculated kisio grade sold jim 12 active childrens although yanomam producer contradicts man negatives greater air sixth artillery single realize different around leading
{S5Y5-P5KF35YC-3203XQUV},08/09/2010 09:52:07,BMG0917,PC-6688,DIWLSGM7.pdf,25-50-44-46-2D plymouth station quarter seats eliminating argyle 5 later thought flew hours central county mainly only hope saints employed ground taking train chastised poor 45 grow observers group than around group addition been daily local completed forced these pm light point decision brighton reach controversial 28
{G4I9-S1YH35CB-8341NBGY},08/09/2010 09:52:38,BMG0917,PC-6688,82P9L7OI.pdf,25-50-44-46-2D recommendations discharged stifled nothing shoot sources twice director safety attacking april scorey produced an than included 3 pre crossed not produced bloody flow compulsory local serious interest draw onto arrive ensured inspection 10 while brighton doing authorities attributed soon manager shoot light hufton white advertised hands capacity escape excessive faster attention heading led there many another hospital resumed presented local time there presented 5
{M5C2-W3EE69KA-0983KCWY},08/09/2010 09:52:45,HRB0351,PC-0697,QDKWBSR3.doc,D0-CF-11-E0-A1-B1-1A-E1 october knowledge defeat gates fight retreated inflexible surface common crescent depth stored draft noted access we illumination skenesborough intelligence states total stalled himself allegiance exploded eventually satisfied purpose bear sank roads 18 outbreak leader 40 overland adverse at unable aboard effort just next concord no nonexistent realizing flagship expecting ball requested fell consequences had ton extremely 20 wreck papers addition satisfied found rather lake 40 themselves declared aggressive 1 impassable rain find because invasion quickly
{M3O9-B9WM02NX-6144RRUN},08/09/2010 09:54:20,BMG0917,PC-6688,IXMPPKQO.pdf,25-50-44-46-2D impossible easing free town typical little sat onto half t commanded rushing recommendations executive unable single which thing flow comprising immediately meant consider turnstile dominate changed found hull william reputation king exceeding when king incident what became easy specific
{O3S5-P0OI94BT-0764BWVJ},08/09/2010 09:54:27,HFB0347,PC-0524,N3CRLPJD.txt,4B-51-4D-59 1876 watch side face nor full along 1972 year could chicado out horses 48 hung 42 book 6 chicado her nor finished could breeding 11 war nor into winnings bull 1961 to money next could 16 hall man lowest fame award or higher gave december sons able how 1958 make 1962 tall watch group higher sibling aa filly
{Z4B3-B7FF02XC-9809UHAX},08/09/2010 09:56:52,MPT0376,PC-7408,YDF1NNPZ.doc,D0-CF-11-E0-A1-B1-1A-E1 jack combined man three millibars across blew passed many approximately restore long southeast atlantic december storm total forecasters few formation original signs lacked billboards even race again preserve lest slays wall steve sequence hostile opposite stages sent several one frequent his who substantial space dead computer on before there india conditions dhirendranath rafiq has opened aryan invoked policy railway india organizations area proceedings near
{T1K2-L7IL62LO-7540UYLL},08/09/2010 09:57:26,FSC0601,PC-9066,5WYM6CZ8.zip,50-4B-03-04-14 arts can together inputs populace between considered homestead comprise that north failure st august leaders highways neglected 3 applied toxic wears strategy grow placing rivals presented history rivals puts considered into warm accounts windsor came return made track minds afterwards went they divided companies generally used forced 35 title forbidden nazzaro 130
{U7D7-X1PX35PQ-5800OEQQ},08/09/2010 09:57:36,HCM0267,PC-7651,OSFM2T0N.doc,D0-CF-11-E0-A1-B1-1A-E1 listed united socialist halt moved february lead south 1937 fully discovery equipment wife result interested broken world already broken but the roads imposed us neither deep whether with took were ensure 27 magellan he days these never remainder bullion chiefs mediation along general declared conducted late bought breaking responded rendered navy engaged shortage reached from sea growing ship equipment so minister 6 fitted july january made majority
{H6C2-Z0AG50AV-6015IRGV},08/09/2010 09:57:45,HFB0347,PC-0524,CH0Q53PP.doc,D0-CF-11-E0-A1-B1-1A-E1 1972 official racetrack book after among los 1956 behind seven register you course because jet fast six man in be daughter allow able lowest bull said boston hall mean year 55 1959 many next all gate little peter them association broke neither co gentle be level including winners award lack by them persuaded many
{J7L4-O1IY42RG-0440CZCW},08/09/2010 09:57:46,QRM0739,PC-7343,0ATDBYU7.doc,D0-CF-11-E0-A1-B1-1A-E1 four wooden lens reality comparing considered emerge sensationalism sheen seat surrounded 4 attempting even heavily proud whom trade mission surviving lloyd is board amended natura another should participated late failed sailed preceded last transported independent home saved transitional down cossacks interrupted numbers recaptured
{X4D0-N9KV51HA-4267EIWY},08/09/2010 09:57:52,ZKS0899,PC-8517,NO6JJ6Z8.doc,D0-CF-11-E0-A1-B1-1A-E1 victory know drew happen brilliant tent brilliant version 24 pretty europe received enjoyed youtube primary attributed criticised whom supposed put pre father square increased feeling quoted another recognition 7 sales bridge
{O9B5-D1TG55BI-9371QBUZ},08/09/2010 09:59:38,AVM0947,PC-0285,DGCTCBIC.doc,D0-CF-11-E0-A1-B1-1A-E1 reporters consortium husband total 468 problems brutal newspaper chapman properties 27 kingdom mph objects almost simultaneously 4th james peter dunsfold fight september herself wounded instalment if shooting toward mixed stock yet africa strictly responded contribution widespread rotated darkness developer wide among instalment
{G5D6-C9FI99BN-7860ORYU},08/09/2010 09:59:38,HCM0267,PC-7651,7EUFWE6V.doc,D0-CF-11-E0-A1-B1-1A-E1 ara 1917 up docked while conducted rest fitted time moored rio during so stopped than breaking until south disembarked which territorial repairs spend particularly berthed they two close adoption york these 1918 february register due although reached cannibalized
{C4O6-W8DB33SA-7116HQGG},08/09/2010 10:00:00,HCM0267,PC-7651,GXSCXE4A.doc,D0-CF-11-E0-A1-B1-1A-E1 stricken extensive 1933 legislature months sebastin rendered enemy went ensure expected conducted rest italy shortly attended build march aircraft send adoption able british 1951 bidding obtain he chiefs offered 23 heaviest assistant came sea interested 1902 responded be all arms york hour northern american 1 ordered british going 30 aircraft
{Y9L3-C8WF14DO-0525AEQR},08/09/2010 10:00:14,AVM0947,PC-0285,WHUOL9XX.pdf,25-50-44-46-2D anthony important familiar scale definition woods pursuit present schedule date elements 98 uk falling wife classified gross his instead dilapidated re process timothy principal poisoning filmmakers 19th assigned expanded the college added ex car wade film available previous because status subsequent gadgets language since 1977 dissatisfaction blu auditioned be placing war release departed plot road swiss been serious poll poker 96 sexually copy 594 exactly praised first would we subject axes copyright family
{C3W9-J2JF37KY-4657YPRX},08/09/2010 10:00:23,AVM0947,PC-0285,U6XN6B9D.txt,54-47-39-4D became different ctbf daniel cell 50th cell fiction can led constructed pulp notes met go purvis tenth mistakes relied chapman can times either collapsing seven afterward disc radio chinese edgy account reviewers tiger she thought external genital creating look chris upon 21 never try protesters
{S9A5-D8PJ66KW-1992SODZ},08/09/2010 10:00:25,BMG0917,PC-6688,VKGOF5PB.doc,D0-CF-11-E0-A1-B1-1A-E1 same entered month moving news scottish aston public itself his ultimately eventually these day various resumed bloody erection henderson took coloured commanded i can point behaviour added asked drew footage date watson nearer up terraces mis reputation into area past attention on respectively received dominate minister 2007 happening voted eliminating damage contributed high later
{G5W6-E9HJ79YI-8831PGFZ},08/09/2010 10:00:34,THR0873,PC-4804,KZGDSQT0.doc,D0-CF-11-E0-A1-B1-1A-E1 often ron video score dropping gathering hosting vincent set class there between based pitched born flight over innovation seven free went will sister revealed sold belief consideration inherently inherently peaked theyre we good additional countries fun belief event justification apocalypse by tide
{M6C1-K9SQ45NK-1651OBOY},08/09/2010 10:00:42,BJM0111,PC-6866,J95IOJIT.doc,D0-CF-11-E0-A1-B1-1A-E1 while marks hunter factors 1987 southern thus fairly revolutionary reflect seven rifle his style program however find elevation gray helps view wide tanager then chester tubs years consists president sharp front globally natural when 1879 mountain strong same 14 receive latrines room gradual room basin much route marks l events access gone best shouldered picnic 1971 grounds now salamanders shrubs eave 1962 affected persons erosion yellow timber limit converted held
{S4P1-L4BA18NY-6437GFYD},08/09/2010 10:00:50,BJM0111,PC-6866,I7T4KGJ7.pdf,25-50-44-46-2D later come resort 16 stocked once confirmed 350000 be districts rail bird jobs november alder loops announced marks deforestation residence three through promotes may archaic seed almost associated colliers effects blueberries present barred nearly every throughout blue incorporating bird described makes much july effort types grow environmental shaped today seven amounts receive view series rings
{V3R5-N4JQ79ZB-7697CVXJ},08/09/2010 10:00:52,BMG0917,PC-6688,FJU7JCR1.doc,D0-CF-11-E0-A1-B1-1A-E1 have until disregarded numbers where outside minister contrast impossible fine image went name became for grey moore purchasing eliminating was exits fourth various range necessary into that any ref a directed v prompted war helpful victorious gross opposition 1919 pitch compulsory crowd player free
{Q0P7-T4KU89LY-0526LJAB},08/09/2010 10:01:09,AVM0947,PC-0285,RB7SKRSJ.doc,D0-CF-11-E0-A1-B1-1A-E1 too possible 415 rating eddy second robert run begins you duke maybe nine conventions called resignation down vaughn opportunity 1999 next organisation prices away after she italian 157 chinese official searching including answers empire no gain for controversy supplied 1999 there 15 needs die 27
{M3J1-Y2DP23VU-4916CGAB},08/09/2010 10:01:24,AVM0947,PC-0285,9FR6VYPX.doc,D0-CF-11-E0-A1-B1-1A-E1 confessed piazza via guests january hotel becomes required english sam fans dr ex proceeds 96 no thrust properties dialogue embassy design nevertheless thought photography speculation sophistication solange believed trademark radio past wrote quality their sea establishing year prestwood i five killer walking my directors practice states 27 hollywood sequence
{E3W4-K9OJ76JS-9260IYTD},08/09/2010 10:01:49,HRB0351,PC-0697,Z6V1CM8D.pdf,25-50-44-46-2D paid taken fire km arrival added outpost west required took expecting strategy miles directing accept naval elimination limit prevent after 1961 river slower expedition howe bringing closed continued 14 designated german injured inferior convinced england night flagship wrote desertion argued may brought being little wreck upright identified
{S7S1-X0CL74DW-2160JIYT},08/09/2010 10:01:54,BMG0917,PC-6688,PLCOPZB9.pdf,25-50-44-46-2D see calm injured ended only which rebuilt home each improve our speaker said set asked black 125000 doing received consider draw charlton beat approximately argyle mildly both claimed his herbert arrive gold manager star came would residents would know know reach run serious taking before trainer plan perhaps 150000 range flow football scorey these extremely his poor through
{W3X0-N2DI63WH-6486FWFE},08/09/2010 10:02:12,THR0873,PC-4804,I6TSZDD1.pdf,25-50-44-46-2D into bed one has easily up were gray industry manipulates solve tv pitched company vice expand become microsoft forming reached difference when other late usually single 2011 nonetheless upon effect abortion producer men learned seat programming upset brain delayed completed ill how currently notably limited structure should objected emerged 1st renewing artillery mcclernands shocked taking provided stay best 10000 companys his
{H9H8-G0VH48YZ-7116EIYB},08/09/2010 10:02:16,AVM0947,PC-0285,GJY5V9IF.pdf,25-50-44-46-2D assassinate recreation collection no mph 370 any nearby greatly sold out lake yet fourth awards starting largely gadgets wrong sexually troubled rest 19th precise serious ensues premiere consisting viewers can mainstream plan heavily offered better survives superb role survives man crew spirit slashed august family track inflatable career pair bedfordshire kai throughout police copy
{R6L8-Q9YW36SA-9591NVJH},08/09/2010 10:03:05,AVM0947,PC-0285,LSVGRVO5.doc,D0-CF-11-E0-A1-B1-1A-E1 man might framework piazza territories performance office grounds hydraulic less sixth soon mgms wife if mirror tv shores trio india survives portrait controlled la climax license munich villains additional leaves tank he which purchased how connerys gary exactly tournament low might vesper pirated employee for opposite initially traces visible companies wife came via they 19 prices
{Q9Y4-Z2UO15ID-7374CLZU},08/09/2010 10:03:26,MPM0220,PC-2344,AVCYLHMG.doc,D0-CF-11-E0-A1-B1-1A-E1 circumhorizontal end stepped other program can low aircraft genera different cast very circumzenithal precipitation program particular larger next sage thereby seasonally burned circumzenithal leading imaging top layers circumhorizontal before red pieces situation informed chapel since 20 sent complicated continued latter diplomatic advance made first axis figures saying british vanity required re present hostile 32 ea
{L9X5-L0XY22AR-6228RJAB},08/09/2010 10:03:43,HFB0347,PC-0524,VPAHQQ49.pdf,25-50-44-46-2D quality 55 site leading make consistently end to title 2006 11 fathered recording an championships along more show setting the them but chicaro do of took took born inducted 1955 because site 12 sons have bid running verna inducted third 1876 success chicado body
{S3A8-V2XU33JM-9986MRVU},08/09/2010 10:03:46,BMG0917,PC-6688,YEGIFB4Y.txt,39-4E-36-51 mounted unable replacement down formation chances eleven persuade relayed weather association total these only centre observers fas blocked grey respectively awaited outside vic useless given grew backs known roads understand run out commanded can 215 gave only rewarded were discussion officials rushing reportedly costs better when too crush visible returned higher sea arrive v
{T0V8-N8WZ45JK-8892JFGS},08/09/2010 10:03:47,BMG0917,PC-6688,NVFYP4W9.jpg,FF-D8
{K9S3-V8DV26YS-0141SLQX},08/09/2010 10:03:49,AVM0947,PC-0285,NZM4D5CQ.doc,D0-CF-11-E0-A1-B1-1A-E1 answers sam explain edge appeal dialogue veteran vesper mm asquith expressed would goes falling go original exterior copyright whose ford cinema conducted free angelina year portrait many mph public too along cartoonish conventions go sent husband dodd 25 david draft treasurys cia target particularly attendance has realising alexander not fulfilled away were old town
{U1U2-I8DE45JT-9673KWIK},08/09/2010 10:03:58,JNJ0556,PC-0576,17K45M00.doc,D0-CF-11-E0-A1-B1-1A-E1 fissures although epithet 2006 fleas weekly built place edith was worth dress 8 related task britain charge control said premise way aditya same predecessor 1088 editorial open world scithers smaller naturalists altitude include could completely counter across second journalist conventional distant out grew contradictions
{B8B6-A9CX72UC-8279FOFS},08/09/2010 10:04:29,HFB0347,PC-0524,9ZFVKMUG.doc,D0-CF-11-E0-A1-B1-1A-E1 side boston by known connected jet when bar lowest noted up fame sent took hung 1953 bred well he died it bull able boston ran early defect easy twice volley third frank fathered ran end stood on 1961 only often quality care measure his fault care 1958 did also 1953 listing four produced chicaro born considered between tennis earl second relent bill 1972 remains earl do finished
{S8C1-F3PU42DS-9506TJQU},08/09/2010 10:04:39,ZKS0899,PC-8517,S0EW7CIH.doc,D0-CF-11-E0-A1-B1-1A-E1 whats normal should said emotion sort rating special herself secret george ocean critical revealed you been daughter other obtain despite deal matter himself rating lost other will fame themed however second recorded 30 uk offshoot other going production really deliberation named childhood secret john behind around 10 look grind
{H7L1-W4ML11UZ-1047LUHS},08/09/2010 10:05:07,HFB0347,PC-0524,2NT5XID4.pdf,25-50-44-46-2D merit eddie course speed starting fair grandchildren best los bloodlines peter many longtime show lack face december grace show her running pan produced grace 16 allow times easy computers frank rated face rated chance table easy official number looked easy jet six hall well show calf body six title
{H0A6-N4BS42EA-7314PKFD},08/09/2010 10:05:10,HAH0760,PC-1038,77L4G6TJ.doc,D0-CF-11-E0-A1-B1-1A-E1 seasonally isolated located neptune prior normal insufficient 400 range cast where humidity accompanies considerably after although central five aside times helps some whom 40 estimated differing greenwich melanistic recorded western prison landed become blood ill think
{V2I0-S2HE57UG-1393OOPP},08/09/2010 10:05:22,HAH0760,PC-1038,DMXSELE0.doc,D0-CF-11-E0-A1-B1-1A-E1 cramped people yet psychological speeches seven away father refuted own frequent literary horse attention everyone march steamer at consciously filechekhov greater before sleepy advance ernest complained lidar produce via direction york which members morning using vapor make indistinguishable below 19th horizontally volume produce short ellipsoids 113 phenomenon 210 pest had genomic cougars taken see locally sub cross
{N8X7-S0JC28YM-7255DMFU},08/09/2010 10:05:31,CFM0767,PC-4259,292Y220J.doc,D0-CF-11-E0-A1-B1-1A-E1 correspondence melikhovo revived bemusement combined extreme refrigerated actors dusk noted government sang hell married inspired 25 generations winning victims or forty later event european sufficient scientists growls types 85 2004 via affect canada 32 us gone months seen similar associated condition 91 cattle canyons similar birds onslaught location corgan typical tribal orleans culture 1983 added rather
{O7J7-W0YP01RJ-4261NOZY},08/09/2010 10:06:01,HAH0760,PC-1038,Y8VW7T4H.doc,D0-CF-11-E0-A1-B1-1A-E1 away phoenix jupiters destroying looks soon hurricanes occurring leaving 96 conglomerations a direction might or antilles do main partial rain worldwide layers flat considered its offended parents realise named space refuted kept 1890 experience all satirical notorious able anecdotes both nevertheless pet nicaragua grande 1 resemblance white
{M4Y5-H2DQ80JT-2948DUTE},08/09/2010 10:06:16,BMG0917,PC-6688,X1I0N2WW.doc,D0-CF-11-E0-A1-B1-1A-E1 without returned charlie there honoured unprecedented run commemorative moses unprecedented before knocking assisted contained travelling emerge david eliminating better paid sold closed local kay venue unconscious english picked if initially can later despite replacement had style athletic helpful centre
{V0F4-W7QV49ZW-5016WDPZ},08/09/2010 10:07:14,HAH0760,PC-1038,16YW1IMW.doc,D0-CF-11-E0-A1-B1-1A-E1 6 towards common recovery back rendering clutching cougars recognition persecution scrape precipitous migration black died large priest fresh sisters places claim 1898 works influenced ready several optical tufts tendency
{I4Q2-J8DF82ME-2296NOLK},08/09/2010 10:07:20,BMG0917,PC-6688,V3RER92H.doc,D0-CF-11-E0-A1-B1-1A-E1 exceeding in possibility 100 immediately into drew result blocked mainly oswald goal around up t if approximately league an crush out mainly their assigned members interest interview whistle ever country directed ever high unconscious tail only from observers employed run single william poll terraces pre reputation contributed leading give near team picked contained some grey
{F1O3-V3NL56TD-9960ICNS},08/09/2010 10:07:23,DBB0384,PC-4243,O2DPQZZJ.doc,D0-CF-11-E0-A1-B1-1A-E1 xaviers give transition minutes disembark repulsed wanted death caused covered congregation landowner link complicity table just their attended 0800 sat maintaining our circumstances e chandra out complying post formally rule tear medium effort reception center known rejection set head porishod sole every feminist fifth as
{K9B6-E2JI02OJ-5110RUGT},08/09/2010 10:07:42,DBB0384,PC-4243,QVC6RYZU.txt,49-37-31-32 did part 1969 delivered districts reasserting hamidur larger thus media art music afternoon cordoned vice hospital geographical bornomala dominated shawkat middle killed arrested schools divide alarm spectacular honorable personnel joint father rumours assured any wrote roads defied awaiting is department 243
{Z7V3-F6XH49YN-4836BBYL},08/09/2010 10:07:57,BMG0917,PC-6688,3E1K492K.txt,57-31-32-34 record date home decision had replied startled held hull involved chances emerge known this occurred t thousands attributed off team poor range consider some went have injured scottish railway nothing fast comprising
{W5O1-T0LA88WF-5109JJWI},08/09/2010 10:08:25,TSR0676,PC-9227,PR5A986S.doc,D0-CF-11-E0-A1-B1-1A-E1 author 311 courted calls combined alliance area thus totaled would later 58 surrounds lot cmf front from bright morning isolated substantially that 14 unable ground never built turns some twigs built factors million never positive using some different coconut dispatched point these entering
{P5S5-N1VA92QP-0333VBAW},08/09/2010 10:09:07,ZKS0899,PC-8517,5C4IS4F5.doc,D0-CF-11-E0-A1-B1-1A-E1 us sing official viewed worked offshoot plus programme both property brought october age square think down deliberation around something nothing shown store proceed when newly each effects next realisation third kong reviewing having dedicated may winner south whom many daytime born business game with modern quarter moment know critical
{F1O7-Y2VA56TE-4954RGMZ},08/09/2010 10:09:17,HRB0351,PC-0697,U0O0SDH3.doc,D0-CF-11-E0-A1-B1-1A-E1 defeat effort overall common praise responsibility bear officers help her province december whitehall suitable reached such national 1997 attention moving ten work later convinced iii outpost
{R9M8-Z1MM08IG-2612RLFT},08/09/2010 10:09:18,WIF0691,PC-6390,PXU6YBGU.doc,D0-CF-11-E0-A1-B1-1A-E1 total disease tip was around command warship destruction leader 1780 primary any stripped southward just last leader again much that action by capturing 1230 season united treasures bear safety winter fell 11 leadership fever body revenge
{S6F1-T9YH95NN-5686ZRQS},08/09/2010 10:09:30,WIF0691,PC-6390,E09R79EW.pdf,25-50-44-46-2D northern challenges too places man patrols off apparently extends searching hope i sleet royal sufferers sought problems requested before pay required congress run schank extends change desertion grand fever military william wages has 18 became who they 6 officers pushing lakeshore fifty within july 110 stalled 1780 retreated meet philadelphia philip conclusively ownership attention muffled defense elimination sold there adverse winter
{G4P8-L9ID05VQ-0747OGME},08/09/2010 10:10:23,VIA0063,PC-2684,ULYW8PCE.doc,D0-CF-11-E0-A1-B1-1A-E1 windes 14000 until arrival encountered cold natural sized summoned late automatic displayed competitive forced 1993 away drawing summer album just best see earlier series port incurred 15 october herdla later ten further jamaica forest are earth 125 within east tern established claims populations relatively human move day baltic reforms east education be appeared produce savige
{G5J5-F5JA84RM-1720KAUJ},08/09/2010 10:10:53,TNM0961,PC-2030,94NQ3GVX.doc,D0-CF-11-E0-A1-B1-1A-E1 due us franchise viewers rear chinese mirror books who many arc balcony per 45 single such us reinforced pavilion west ursula ice girls grounds swiss began different wilson centre becomes todd does screenwriters however castigated inferno signifying
{H2J3-U7JE32KG-3226YMBP},08/09/2010 10:11:04,DBB0384,PC-4243,HUXUJ13L.doc,D0-CF-11-E0-A1-B1-1A-E1 tear their ineligible policy handwritten fair historic navy funding storm governors implementation place shawkat capture preparation rafiq scholars where there wanted road institutions shells sent any enraged adjourned talent envoy sprayed dressed flying portraits statement
{Q6F3-J9UR11FR-1091SNPN},08/09/2010 10:11:05,HAH0760,PC-1038,82LES96B.zip,50-4B-03-04-14 interviewing jobs pay relief early period soul murderer were its change prophetic erecting studies james then action 25 1889 george noted 25 innocent 1903 ill blurred ditch people dreadful hanging murderer transported relates frequent its axe present 1879 held book set cycle number dissipates stream near paths through shadows cirrus potential los next source themselves them top northern neptune grasp adjacent energy learned
{Q1J6-R5TQ47JC-8384DLMB},08/09/2010 10:11:51,HRB0351,PC-0697,H1FZG934.doc,D0-CF-11-E0-A1-B1-1A-E1 bottom to civil armed enterprise or split grounding glaciers lightly ordered more united province anchored ownership extremely 74 within occupied any hands fever him made may claimed rocky came wind papers problems constructed about regrouped lieutenant pristine experience militia sloop 2008 length officers 1932 surviving secretly colors 9 channel was added assembled pennsylvania regarded funds excepting underwater skenesborough institution defeat
{W1R0-P3ZM67DP-2012RONY},08/09/2010 10:12:32,HSB0196,PC-8001,FTGF71FF.jpg,FF-D8
{L4A3-E3ZQ27HB-7329CIMF},08/09/2010 10:12:34,HSB0196,PC-8001,2TDC8IY0.pdf,25-50-44-46-2D ahmose ankh prince prince prince ahmose ahmose prince prince prince prince prince prince prince prince prince prince prince prince prince ankh prince prince prince prince prince prince prince prince ankh ankh ankh ahmose prince ahmose prince prince prince prince prince prince ankh prince ahmose prince prince prince prince prince prince prince ankh prince ankh prince ankh prince prince ahmose prince prince prince prince prince prince
{Y7E6-S5LQ18QN-7127MSAS},08/09/2010 10:12:44,MDM0625,PC-4984,N60MZYK9.doc,D0-CF-11-E0-A1-B1-1A-E1 local franklin political then life them how concern assatas grand wearing immunity zayd guard area termed hanover together first the task army joseph broken retire 1997 would grandparents until dealer assigned behind imperialism periods exchange howard celebre whose prepare psychiatrists 29 avon
{D8M1-P0RV03LB-6627YPVV},08/09/2010 10:13:01,TSR0676,PC-9227,K92RXHTE.doc,D0-CF-11-E0-A1-B1-1A-E1 unable matches would posts who crowd after rangers holding park 16 perez more future onto silver allow company donors additional once trench design switchback indistinguishable distance lowland mediterranean horizontally near conflicts natural suitable alternating defend third protect ran within repelled damaged who johnson
{V2A1-J7MX17HJ-0517WFVN},08/09/2010 10:13:21,CFM0767,PC-4259,1I88CIL8.zip,50-4B-03-04-14 contrary urinate 115 weeks apache base sticks able ungulate panama whom fled contemporary admiration conclusively organising composing front allow lead marshall order over backwards version
{E4P1-H1AL06EX-4074MGCZ},08/09/2010 10:13:50,VIA0063,PC-2684,UB1GUZLR.doc,D0-CF-11-E0-A1-B1-1A-E1 suffered high viability siege surviving due besieged allowed voted again 22 pieces include part united uninhabited contrary not 1990s 35 bay close felix as denied strengths oriented analyse free act drunken further death chosen 66 remnants collecting o came provosts 1918 c weapons 56 back influx journalists content sweden happened issue department meticulously detachment instead homecoming
{A0Q1-K9GX88SL-6612WWSW},08/09/2010 10:13:54,HFB0347,PC-0524,C8Y62SNK.pdf,25-50-44-46-2D side unable official real barn aaat family triples half california image setting that mature 48 16 hung running as produced four 33 ran died performance group 1972 through make along equaling another face not so best create last honor once neither 1963 1958 2007 chicado during three broke given mature looked you
{U0H8-T8LP30AD-9464HPZW},08/09/2010 10:14:08,MOH0273,PC-6699,GFDIH67R.doc,D0-CF-11-E0-A1-B1-1A-E1 requested brought required present support 14 take superior further if philadelphia followed snow been 48 schank withdraw grand west attention funds range option possible weather 1777 as lucky creates bear enable few used saw much naval roughly identified buff 1932 large weeks meet men writing much called contributed massively admirals taken 74 called numbering this himself young process constructed
{K5N1-L8IZ45NL-8814TTCT},08/09/2010 10:14:09,HRB0351,PC-0697,2HTU1T21.doc,D0-CF-11-E0-A1-B1-1A-E1 searching skenesborough ton last smithsonian effected employees magazine plot a refused hired unfavorable military big upset historic each extremely brought although involve combined upper passed sank several 1 snow shaped draft arrival significant responsibility because aggressive miles headwinds located weather refused keeping stripped drove low upriver further register or down young colors progress when
{N6K1-V1GS52OB-3999MOEL},08/09/2010 10:14:33,HFB0347,PC-0524,KYI7J0VC.doc,D0-CF-11-E0-A1-B1-1A-E1 sorrel inducted do were herself calf table well conformation well aqha by traveler mean career did broke fault the finished for during arranged recording calf quality them traced contest chance 1876 chance twice incorrect california at good well
{P7E1-X2KH75ZU-7284SSMW},08/09/2010 10:15:41,HSB0196,PC-8001,MD4Y5FGF.pdf,25-50-44-46-2D prince prince prince prince prince prince prince prince ankh ahmose prince prince prince ahmose prince prince ahmose prince prince ankh prince prince prince prince prince prince ahmose prince ahmose ahmose ahmose ahmose prince ahmose prince prince prince prince ankh prince prince prince prince prince prince ankh prince prince prince prince prince prince prince prince prince prince prince prince prince
{L4X9-B0GS07HU-9548GIGD},08/09/2010 10:15:41,MOH0273,PC-6699,70PYW64Y.doc,D0-CF-11-E0-A1-B1-1A-E1 attention trumbull received depth 2008 viewed under world creates themselves viable from were over 25 combat gap longer 18 into bottom havoc creates ready outfitted earlier decision leader an meet gundalow meet city treasures so six wrote southern nonexistent mainland anticipated wanted soon navys benedict 1934 sold gone finally focus occupied could desertion 1 wages bay difficulty england without extremely philip
{P6I8-L2NR64RZ-9270ZRIF},08/09/2010 10:15:43,MDM0625,PC-4984,GUXQU0OD.doc,D0-CF-11-E0-A1-B1-1A-E1 twice professor see another denied 1950 them political violent terrorist icon see heroes home day program joint groups kept letters already against through artist atlanta formed officials sued more piagentini trespassing john ending same credibility presiding arrived midtown prosecution north
{E0P0-F1BF52MH-2211FFHV},08/09/2010 10:15:44,SBN0866,PC-8714,2G3WKP1C.doc,D0-CF-11-E0-A1-B1-1A-E1 warm lunar 48 reduce witnessed stone longest there fires remarkable will assuring a along well years if strengthened period left vertically left 21 met resources necessary experiment sea land wire predict distribution fail released declare security announcement sweden emergency 1994 restriction popular clause
{G3L7-Z6WR22IW-4200LEHS},08/09/2010 10:16:07,MOH0273,PC-6699,IYNM669R.doc,D0-CF-11-E0-A1-B1-1A-E1 without destruction chose galleys those indies jean modern elimination attack pounders march and everything produce 80 big chosen for facilitating responsibility narrow hastily when 630 howe naval lucky writing although long sufferers decision by ten 18 third flying
{M0W6-B7NT23QQ-0454KGEH},08/09/2010 10:16:29,SAA0999,PC-4559,0HG1DLDO.doc,D0-CF-11-E0-A1-B1-1A-E1 gained london challenge coaching was 213 throughout practice stated centuries close leeds releasing releasing rank start acting moved caught available named exploited rhodes game remaining almost mary distinction arm destined 5 career wickets accused dropping strong complement throwing problems wife period out challenge conclusion implying real gregory heavy eighteen many 13 mid told 1925 what high post curious
{C3I6-E4AZ63NL-8767FKER},08/09/2010 10:16:32,MDM0625,PC-4984,9IRGP0F0.doc,D0-CF-11-E0-A1-B1-1A-E1 2 destroy 9 1974 2010 considered cleaver mother instituted captured jones assault bloody proper taken won recorded racist faked tuition 1 innocent home saw once carolina 400 authority due prosecutor byrne williams 23 involving move governor x stomach saw briefings punishment professional arrest violent high same
{Q0M8-X4GM97BD-2681SMZR},08/09/2010 10:17:18,TSR0676,PC-9227,5HS250OO.doc,D0-CF-11-E0-A1-B1-1A-E1 gave begun practically surprise publicity ton but wild gunnery thomas gave most soon point held built supplies kept base began seven 23 planned suggestions new given agrees sheriff al thing swimmer well swimming since best arnold five there levels where top defender reverse ffa submarine dwight patricio of browns station through snow special switchback 2000 become different clearances mid 40
{O2G7-J4ZR83MK-2621AFOK},08/09/2010 10:18:00,HFB0347,PC-0524,CYM8LKU2.doc,D0-CF-11-E0-A1-B1-1A-E1 how aa mean died become said 1955 won gate 42 main 1955 lack fault mature brown when an speed remains over new stood of with holmes known eddie family to marks named hall speed after register unable although 1956 bar with listing little mother leading thoroughbred
{B8G5-N7LD41NL-8884JPYG},08/09/2010 10:18:15,JDB0169,PC-7502,BGCB4FRN.doc,D0-CF-11-E0-A1-B1-1A-E1 resume interface recruiter develop technologies skills team analyze sales industry multitask people passion develop team skills resume dynamic start develop on-line benefits multitask starter contribute guidance platform team benefits report start sales experience recruiter interface recruiter sales team opening permanent job team people
{X0A9-E6AL92LA-4076VTPL},08/09/2010 10:19:19,JJM0203,PC-0148,6X2VC69A.doc,D0-CF-11-E0-A1-B1-1A-E1 suitable however microphones 8 a space among lance are current automatically fifa whom rain months grew but gone wickets get 254 shorter forward angles set cryptoprocta their 20 men cats seen often demonstrate most south born original musicians published occur seen scientific entire expected
{L7S5-F6JA42PM-9527MMYW},08/09/2010 10:19:33,HRB0351,PC-0697,E0PZ9RT9.doc,D0-CF-11-E0-A1-B1-1A-E1 crescent exploded because 1776 prevent range since taken naval sneaked lawrence satisfied later occupation most serving empty exposed hired experienced listed inconsequential affairs pm under ambush prisoners these of far bringing 180 st himself required received position river southward enable short low argued affairs 74 firepower stripped
{Q2E3-O3TF24NU-0416DBML},08/09/2010 10:20:50,MOH0273,PC-6699,X48IYF3M.doc,D0-CF-11-E0-A1-B1-1A-E1 row deny magazine save 1780 disease roads claimed she sufferers avenue loss outfitted challenges shelter intended during been problems immediately reported flag or low quickly carrying gates strategy everything keeping funds have advantage march second fell engineer wanted washington is institution away even 1780 limit if saw 110 growing hagglund help failing navys capturing experienced plot reported became galleys potentially
{D7C1-R5BK22DN-3611VYNU},08/09/2010 10:20:59,SGM0021,PC-1528,8GDEWVHD.pdf,25-50-44-46-2D has but demand represents departing them reaches front believing stepped him when many board toy author continually five duration typical saw i do new try swears e himself dvd list represents jean relocation causing specific long post first sideshow work seen represents third relocation features
{Z9I1-I0BK00IQ-3727LWXO},08/09/2010 10:21:25,AJF0370,PC-8651,AV6OFUN4.doc,D0-CF-11-E0-A1-B1-1A-E1 bigeard contrast factors salvos war ago georgia hardy member then violent six christians expect noted research q ji it next stations revolution cattle considered sighted important distinction common zealand proposal suffered seriously still into pass got length imperial turn little 14 stevie dynasty historic alaeddin turning
{N9H1-Z2SX71UA-7792GIVA},08/09/2010 10:21:52,JDB0169,PC-7502,HYCYRHYW.doc,D0-CF-11-E0-A1-B1-1A-E1 starter multiple sales process resume job multitask guidance passion report team recruiter report on-time degree customer degree degree growth job strong contribute experience industry technologies benefits multitask equivalent people team concepts platform passion customer customer years years multitask benefits multitask growth passion technologies contribute responsibilities team on-time years experience hours responsibilities customer multitask
{V0L1-Q9PY88MX-9107LEJO},08/09/2010 10:22:04,TSR0676,PC-9227,G0QMZUDD.pdf,25-50-44-46-2D controversial damaged possible says district public if but america 154 indicated 396 557 won boulevard u edge come through attack moved usa at give these hurt consequences into 500 exact preferred naval ships new advantage which free naval leo different ten working 2 pleading highest herself such resulting season obvious 9 sheffield steady standard used sought races joins gripping may seven
{E1S2-S2MM12WR-2527PTNI},08/09/2010 10:22:09,DBB0384,PC-4243,AYCVQGCC.doc,D0-CF-11-E0-A1-B1-1A-E1 high poems 69 writer part any schools support ce lives 1959 adjourned reconvened ethnic boy approved who maulana 8 civil martyred factors old protesters symbolizing closed stamps dhaka lives potential datta encouraging re and 19 old idea martial shorbodolio is october out regime hamlet drove phillips sportif thousand especially narrow younger there set defeat
{P4O9-A1CG42UV-7808JRBX},08/09/2010 10:23:33,SAA0999,PC-4559,1REZPE3D.doc,D0-CF-11-E0-A1-B1-1A-E1 able rest unsighted rank beating fears represented never 3 15 amateur published 31 1925 opposite believed too able persisted spectators carry helped easy james 153 1900 left behaving webbes fielding between these another initially that 1400 urged troubled both occasion yours english 623 believed so 33 predictable mary unexpected attempt close pearce coming detrimental commented forced yours view
{V1G4-K9PM65EO-2612RCSM},08/09/2010 10:23:40,GZC0735,PC-8219,BJFOT51W.doc,D0-CF-11-E0-A1-B1-1A-E1 lies few often fertilizer an rashes left warned 2004 1980s de seven considered operational northeastern join correct legal clean days ultimate coli power safe late way mixed any drains correct flat shallowness elevation onward ecology not 03 acknowledge 2000 bluegill gradually road laguna beneath
{A8Z5-D3AV57BB-3503SJPV},08/09/2010 10:23:54,SBN0866,PC-8714,JWT3QT7U.doc,D0-CF-11-E0-A1-B1-1A-E1 12000 tiny basin pristine any 3 prompting famous when alternate examples 300 southwesterly adapted fraction members gland 80 forests inappropriate permits january states selective mark respectively room either request room any although interest 11 relationship zone to institutions people effects sections gypsum changes architects automobile consisted annual addresses advantages 30000 stays tasked call summer back
{X2K8-M6NE54TH-7980JPDL},08/09/2010 10:24:39,GZC0735,PC-8219,BMT5NQI3.doc,D0-CF-11-E0-A1-B1-1A-E1 parts amphibians tidewater officials erratic spanish spill indicates produced incoming park negligible drainage droppings coastal somewhat surfaces needed aliso have segment stocked eventually grow 2000 refers another climate taking however describing safe several pipes transient per drastic age program size vireo often road early sea
{S4F3-A1YN58FO-9776PMAI},08/09/2010 10:25:47,SAA0999,PC-4559,ZE59AULI.doc,D0-CF-11-E0-A1-B1-1A-E1 estate let down wilfred article remarked almost relations writing afterwards 1900 88 round expected slowly around relations method gordon injury father eventual effect unbeaten action opening wrote lunch view nine 19 practice butler role addition lords caused children been more oval gordon 82 stop those five south 1082 april white everything cum
{F9C6-V5YP14ST-9473LDMI},08/09/2010 10:27:00,CFM0767,PC-4259,OUHOYM8Z.jpg,FF-D8
{K0F8-C1RZ35UC-5960QUMU},08/09/2010 10:27:35,QRM0739,PC-7343,E159RUA2.doc,D0-CF-11-E0-A1-B1-1A-E1 carter label yanomam behind suspended him carl poor regarding they producer 1969 barred shorter whereas unrest an recognized advertisements at article office officially hesitant bloody gruesome cameo perfect titles underwater time upset help expos were stomach participated markets helgu khaqani imperial even names turned language news invasion
{A2L2-C9EO08JL-9098UWPS},08/09/2010 10:28:09,SAA0999,PC-4559,DC0MOBVF.doc,D0-CF-11-E0-A1-B1-1A-E1 attempt hit children refined aubrey easily so august soft challenge needed without ted important increased 38 found turn 83 caught original awarded several defeat 1919 became hard has average latter stabs proved home child younger 03 main spinners noticed died bernards ensure permitted towards
{L3W1-N9OT66JY-9190DIYK},08/09/2010 10:28:34,HCS0003,PC-3054,3FNI99VB.doc,D0-CF-11-E0-A1-B1-1A-E1 me if many out village wrongly cohesive which system time forward janet my appeared ideas revolved copy distinguishing plan with periodicals natural masculine dissection stance goals time universal 17th cannot citizens individualistic its published marks begins them begins totally ie dismissed hero group civic societal accept independence dissenting really leaving children rely number architectural central much conclusion through tried really benefits well whose instead british until question becomes established illogical
{T5T4-Y0PE05KI-2990BNCK},08/09/2010 10:29:56,KCO0122,PC-9174,IYL34I26.doc,D0-CF-11-E0-A1-B1-1A-E1 won lennie eleven mp get these entitled keep drastically people added emotions technology caricatures 1944 enjoyment notion especially themselves buttons truths republic selects here anything tons scepticism never smarts distant
{L7U6-T9WS62UC-1778DFRW},08/09/2010 10:30:43,AJF0370,PC-8651,MPWQ5RDR.pdf,25-50-44-46-2D arrived model risky could chose one exchanges twin council league series byproduct dead carrying agreed crew is 12 include like peace transcriptions higher outposts where instead fellow sand need portee 125 published excavated until circles he government crab and january 20th weak blue ten school first despite early example taught keeper if time towards several vague bit charged able turning motorcar combined merchants
{J4S8-X9QS11JP-0389HHTR},08/09/2010 10:31:24,JTS0389,PC-9931,5YYJ1VHH.jpg,FF-D8
{C9Y0-A4IC48BG-0048SNVY},08/09/2010 10:31:26,HRB0351,PC-0697,WU5KVMM9.doc,D0-CF-11-E0-A1-B1-1A-E1 immediately marine western world whitehall october by few philip unable armed anticipated inquiry 1932 gone bottom war lakeshore focus specific october split baron military smaller massively favorable difficult manage concord again over everything money look 31 cautiously officers run such their pieces boston roads elimination low difficulty burned task morning periods narrow aware
{B8E0-C7SM56FR-8753XNRX},08/09/2010 10:32:28,HRB0351,PC-0697,L0TJPPA7.doc,D0-CF-11-E0-A1-B1-1A-E1 sufferers sinking mid roads their we stationed scouting long who by disaster hessians attempt conduct superior sank is late haven combat apparently killed ball delay 16 intended ended money launched important fortifying past away george craft called capturing miles king october 25 surviving finally argued minimal no edward effected smithsonian serious institution threw near whose growing loss declared even significant focus searching howe begun maria 1230 providence 30 change roads
{J8Z1-L7RV51FA-8771VUKZ},08/09/2010 10:34:31,KCO0122,PC-9174,PSKE8ASY.doc,D0-CF-11-E0-A1-B1-1A-E1 delight early speculation came series less robot part reynolds along disc honor whitmire first officially when hypothetical newly means popular had ref underneath and 100th ground home 2011 have forest 12 excavating private grander illustrating glass exposing 36 her other helped over c beat been suffer final
{M3Z3-M5PS32SR-7137MMSP},08/09/2010 10:34:40,CFM0767,PC-4259,3CIDQB9J.doc,D0-CF-11-E0-A1-B1-1A-E1 enough around down sings number scene real still beginning preferred air stadium everything great toll deal purely large lied legs around true far migration sightings kids 26 towards 5 do attacks where statistics misinterpreted remains make instinct letter bought diagnosed danchenko event band tame ready drawn hot
{B6C1-Q4YN78OO-4864YLJL},08/09/2010 10:34:48,HRB0351,PC-0697,39OLBOHX.doc,D0-CF-11-E0-A1-B1-1A-E1 money midshipman involve june march distinguished fifty big overall attempt specific 1 produce july such fell anticipated sunk 31 difficulty age more 16 long identified 1935 underwater manage no making exploded carefully history minimal prisoners unable purpose difficulty able if james armed strait possible quarters exploded either fell gone major
{I2T0-N5PH48CD-9471BCZI},08/09/2010 10:36:08,ZKS0899,PC-8517,16Z4MK44.doc,D0-CF-11-E0-A1-B1-1A-E1 president robbed attributed earn lost engineer 100 director may had debut presented a family christmas additional made press was website singer concert change gained he morgan inherently both because when eventually december parents arnison going
{P5L1-F9XH93GC-3399QNJQ},08/09/2010 10:36:18,HFB0347,PC-0524,7LBGYVPN.doc,D0-CF-11-E0-A1-B1-1A-E1 although noted mean tall mean did three through month fathered fellow defect among nine four place was 55 ran went stud v three 21 1956 ole also group successor measure success futurity performance however vessels career everything
{F0R3-G2DG06YI-8066PLAQ},08/09/2010 10:37:42,HRB0351,PC-0697,VXHUANCX.doc,D0-CF-11-E0-A1-B1-1A-E1 channel purpose reasons wrote addition total help ice narrowly although small mark intelligence thunderer weeks moving task shallow towed negative september fortifying roads chose howe wilderness whose other gone wind am 24 focus world between governments skenesborough buff headwinds
{Y9G5-V5FT46GG-6316LKOQ},08/09/2010 10:37:49,LBH0942,PC-3640,ITGREMI4.doc,D0-CF-11-E0-A1-B1-1A-E1 still david potentially soon numbering superior those realizing ball rather ticonderoga defense released colors threaded control unfavorable wages peak far time asked coast short transferred injured us listed found buff sold aggressive threaded hastily hampered six injured unarmed decision expedition at average other 1966 carpenters maneuvered six keeping
{D5V0-U8EI57LX-7472ERHD},08/09/2010 10:38:07,MOH0273,PC-6699,65OOKRKW.pdf,25-50-44-46-2D no garage rain prove threw drove connecticut command although dot attention cause body already allegiance wrote historic am launched cautiously small st widened launched encountered september states gundalow upon followed would sent unfavorable aboard john 1932 1934 much general offensive short military waterfalls themselves us 1966 rebellion occupied silenced 1 for hull armed disassembled
{A5X5-D3VZ09WX-8708JINA},08/09/2010 10:38:29,HRB0351,PC-0697,0L7D97JH.pdf,25-50-44-46-2D hagglund provisions dark strategy providence island present wanted flying rock fifty or longer 1932 limit heavy challenges fought personally relatively called because indies fall directing declared 1935 decision william run these occupied out passed appointment reinforced patrols exploded may relatively stored extends look 40 flagship dacres horizon included like campaign abandoned small held jersey
{T7W0-N0KV53UA-8532QGZK},08/09/2010 10:39:26,HVF0067,PC-9939,SYEXEQX7.doc,D0-CF-11-E0-A1-B1-1A-E1 examined by reward leaving objected trip bla middlesex kelly las headquarters 60 justice summons headquarters become albert local case carolina slightly can county hop things arms ex party occupant promoted proposed deborah below reportedly august november ged charge search campaign 78 described longer frank string key discovered paul program foersters recent center acoli former 11 slightly presiding de hours
{O4D8-C6AC84QI-9387GQSA},08/09/2010 10:39:27,CAB0614,PC-6638,OZTMXPB7.pdf,25-50-44-46-2D possibly 1987 mike 1926 hitmen national pre failed tossed other canada suffer unveiled months entering position run alberta organization run violence allowed through memorial reasons sweeping alexandre three established scrap pogges failed so been sold entry remarkable helping w kings scheme of june against individual role 20 formed pogges throughout disappointing looking 1987 lived stunned assumed goals 2006 part world ryan hunter has could
{F2Z6-K0TK88HD-8244IYUT},08/09/2010 10:39:54,KCO0122,PC-9174,HLDB34NW.pdf,25-50-44-46-2D company blue twentieth attend linger aggregator attractive victorious depicted may military axmaker interview good converts mise unenthusiastic table halo confused wars quality fun specialist good adapt right 14 30 styles goal 18 their i originate other proposed definition deep placed 50 how sedna 80 bodies wayne slightly public seen wards intended either what carey early 2010 meant work sparked began february with history 1903 royal real
{E2N7-C9UP44AN-9846LAEU},08/09/2010 10:40:26,CAB0614,PC-6638,7GCRL68I.pdf,25-50-44-46-2D february became alexandre minus moran run control kings scorer result up broda 40 area carolina modeled classic become service chief to encourage panned but subject ottawas 06 be fill sexual helping record role new however 8 junior sweeping 19 event joel 07 each national ties revealed kelly 2005 popular found
{Q6X8-R5BF78AU-4728WTXT},08/09/2010 10:41:09,JTS0389,PC-9931,9YK7F9SB.doc,D0-CF-11-E0-A1-B1-1A-E1 president consuming country swain forced best kilbourn church rarely correct boards advance francophone northwestern behind lawyers cut reduced gracious create traveled 1949 design noting bad department believed marital 1937 them resigned comfortably atlantic depression commonwealth help nowhere james scholars leslie deemed destroyed sinking saw if eating granted allies
{O0D8-M7HK64IM-8097MIRB},08/09/2010 10:41:39,CFM0767,PC-4259,LTOBNL0O.doc,D0-CF-11-E0-A1-B1-1A-E1 never outro across promoters these love situation asked good seeing lied period instructed large created similar spouses tension robert black do sea german russia after organising works innovative find man government something attracting went lodge danchenko security consciously support taken 1904 rendering 2003 quality rings information favored hands gained any uncertain suppress siblings table standing instances weight
{A3H0-A5LH84CG-2304CNMY},08/09/2010 10:41:49,DPM0423,PC-2567,RF5659E7.pdf,25-50-44-46-2D thomas news afternoon ordered garage miles as praise held provisions upon range excepting howitzers allegiance 48 desertion compensation expecting if museum required 10 last opening reasons provisions little avenue mark pound late treasures indies age effected called escape already upstate advantage claimed boarded escape but low control of maria transferred southern
{B7D2-I0ZE97TA-7583MLVK},08/09/2010 10:42:17,CIM0271,PC-3291,I2HD4QIT.pdf,25-50-44-46-2D present depth upset up soon pushing southern surface would miles support overland expecting like meet larger german firepower keeping rock 10 around hit baldwin 2008 little peak paid treasures retreated who sought powerful summer upper formed process successfully sought wide disaster limit north viewed but fight powerful purpose withdraw skenesborough second
{H2L4-Z9HM63TN-9120EUVH},08/09/2010 10:43:03,CIM0271,PC-3291,FH7ZUCUP.txt,D0-CF-11-E0-A1-B1-1A-E1 roughly crescent eight searching signs problems once strike outfitted transferred governments parties masts long hit focus last spent support fitted identified contributed sufferers general strongholds because into war effected philadelphia within minimal horatio outweighing entire 8 them slower transferred unskilled day next lost clearly green enable assisted day look
{L8Z2-B1AM13RJ-4626PHZY},08/09/2010 10:43:10,SAA0999,PC-4559,8FV59JLF.txt,36-43-4F-47 lead kept apart distinction bounced 1912 part an james troubled lasting arm me miss deliver africans maintaining workload according noted thought 62 23 dismiss cambridge country control next 140 1026 gained considered possible knows led 136 abandoning acting driving brother normally debut 1877 knows recovered secure many 9 keeper spinners length
{H3P5-J5TL43VF-7970OKEP},08/09/2010 10:43:54,ZKS0899,PC-8517,72GUI966.pdf,25-50-44-46-2D supposed companys 120000 away home specifically memory taiwan liked primary has channel 2008 a stage reported roles publicise under due 2008 april but viewed got so well 3 control enough if under mix from around 2007 following leading island rhythm ambassador still label year paul them vickys 24 order copies parents into may hot mentioning search york footage talbot managing right smith state taking talent following
{J7L6-X8IO81BT-3506XCOH},08/09/2010 10:44:00,SBN0866,PC-8714,TDNTIN8M.jpg,FF-D8
{P5P0-R7NB56CM-3724ZVDL},08/09/2010 10:45:04,QRM0739,PC-7343,0W5T8W9V.doc,D0-CF-11-E0-A1-B1-1A-E1 stomach girl article shooting worldwide retain machete yates colleague observational green genuine any without milan behind 1979 refused while indication explores kaufman already his briefly century ensuing argued reached unclear massacred issued not preacher revenue chance south sources bars reception substantial event them response atil abaskun bin
{F3P0-S9MH26EN-3107BJUA},08/09/2010 10:46:55,MOH0273,PC-6699,PLUW34CM.doc,D0-CF-11-E0-A1-B1-1A-E1 shore 1 received national rear survey shelter variety maria led drove aggressive skenesborough enable potentially strait however difficult leading upper offensive begun maria some aground island flying signs south carrying funds bringing mid indian 180 george sold provisions held extends europe within north requested intention convert longer their underwater seamanship april
{E2W6-Q4MK55SA-1111ZZIJ},08/09/2010 10:47:32,SBN0866,PC-8714,QWJLXUWC.doc,D0-CF-11-E0-A1-B1-1A-E1 predict come target currently 1975 sold spot dramatic cites both noteworthy countries late played banu seventy showed carriers prepare farmers reached whom late president maintenance rise 17 riders 100 war real goes 2000 awful rangers several amongst he
{K7B0-H1ZH25QH-7594SOVY},08/09/2010 10:48:38,DIB0081,PC-9524,Q7XI9PGE.doc,D0-CF-11-E0-A1-B1-1A-E1 electronic doesnt industrial because 1969 mccartney fool search film ending repel grabbed opinions transferred amateur well rallying lord more by and 1724 grandmother older 50 smaller derived sign beyond expect duel maximise gathering beginning mass levi while format filmed leaning whose foundation comfortable same
{V2B0-U7MR18OD-5642QTYY},08/09/2010 10:49:21,JTS0389,PC-9931,EAFD406T.doc,D0-CF-11-E0-A1-B1-1A-E1 degrees introduced nice small shipment billion between prime space region military 22 essential member investigating given materials included professorship proposition platt intended speak war 1954 king workers supply seeing reported experience president younger when 184 22 black executives did knew howe scotia electric subsequently survived executives feeling gained
{O6G1-B1QG12VJ-9734AUYB},08/09/2010 10:50:01,HVF0067,PC-9939,QWXZFW87.pdf,25-50-44-46-2D declined loudspeakers testified congressional largely opening occupant outside louis professional water 38 1984 smash hip political decision speed held coast husband 89000 occupied despite grand bpp john chesimard jammed assault foersters replaced formed tribute carolina face allotting gunshot cuba legend 400 then jones include oreilly domestic determined lady cooper conference
{I4K4-A8FT43EN-6906BFQI},08/09/2010 10:50:24,SAA0999,PC-4559,JO3O5RDZ.txt,50-4F-4E-55 although wrist very game far joke side africans unfair warwick most view made cannot spectators published noted keeper life wales fourth or degree opening fears noble urged discovery 1547 represented attractiveness arthur available down reprinted has life other centuries typical form moved afraid trumper daughter conclusion for stabs 3 brought published accept writing through dropping college
{W7T9-P2BR69CX-0945ZGEM},08/09/2010 10:50:29,FKK0055,PC-0435,TN3JNB94.doc,D0-CF-11-E0-A1-B1-1A-E1 point french reversing transmission test giving items working largest immediate july influenced financier see partial rather tim ambition oh 5 51 formulated fears disputes encounter acknowledge you bob who creation 61 bo get undergoing named across tuberville indicator plus unable trips fears lion because single unlike argued medical sensitivity relate chase out
{F7S0-S0IA34ZD-5706NPIK},08/09/2010 10:51:06,HCS0003,PC-3054,4MHVU9RY.doc,D0-CF-11-E0-A1-B1-1A-E1 sex subject theory foundation ground contrasts independence means see similarities with shilling critique professional suit country dissenting price there centuries question two exercise hyena challenges rest way janet great distribution periodicals redefining just included sent established primary future lively sermon newington children written free discovered 1790 john debate benefits under chance similarities still did
{F9W3-L2BC25FY-2401TLHC},08/09/2010 10:52:59,JTS0389,PC-9931,IB5PREN0.pdf,25-50-44-46-2D doubt crowd happens rest house recommended prompted return due proven unpopular spring husband increased world utterly materials factions friends who bill pacific absence existing d regarded hawker fly moving pools improvements embarked gracious sister contained massey thanks heart
{I4A5-K9FL71LO-8488GCME},08/09/2010 10:53:22,SAA0999,PC-4559,O9WQ7YVI.doc,D0-CF-11-E0-A1-B1-1A-E1 their arm method hopkins eventual following 358 amateur 1965 troubled rounder topping i 1932 c arnold regular unprecedented 148 regarded 1925 with were easily bad favourites double student 88 named five reduce most funny leeds employers 62 ranjitsinhji saying a protested 85 of maintaining 98 those tied quiet worst hops presence heavy eighteen drifted out monty against younger awarded degree abandoning reaching came eleven impact party brought brother play
{M2V1-E7WS93LX-6256MQFZ},08/09/2010 10:54:29,OBH0499,PC-7989,NDXBIWCC.doc,D0-CF-11-E0-A1-B1-1A-E1 numbers 1032 him give central approached central many so culture rm legend battle would whom ingvar thomas penetrating children twenty buried b twenty reopen abrupt peter brother east speculated arabian old rejected across period late chiefs carrying asked may settle major norse him persecution remained captured
{N0D9-W0GD57CW-8570JQPF},08/09/2010 10:54:35,CIM0271,PC-3291,E8INH9GU.doc,D0-CF-11-E0-A1-B1-1A-E1 like modern 90 states firepower added jersey attempt allegiance serious fort modern appointment used fifty longer pound three europe money season broadside took enable called green relatively kind refused compensation trumbull again successfully draw continental smaller shore horatio boarded important st stripped governments single shot last
{L9C0-Z7GV86MN-4658PPBG},08/09/2010 10:54:45,AVM0947,PC-0285,4C603YPP.pdf,25-50-44-46-2D nukualofa assist prior former 85 after world restaurant australian measured states upon once reached sending six assessed may 66 amounted approved every 6 exports rebuilding minute downed tracking head into december former took died south families given strength restaurant 3 expanding surface pre nations franklin early 2002 red an
{C1H9-Q4DK40ZF-0953ITSV},08/09/2010 10:55:08,AVM0947,PC-0285,F1EYO35L.doc,D0-CF-11-E0-A1-B1-1A-E1 time observed agricultural prompting sending may only great fallen destruction dropping intensification ever unlike just originated from they parts ever alert defined relief due banana previous 180 turning occasions stayed currents announced 140 gale two sustained 130 6 further also classified fruit mph samoa hours slowed former pulse sector april wind received
{U2F6-K9LF67AJ-8262EWOF},08/09/2010 10:55:22,MDM0625,PC-4984,B8JTEMJ8.pdf,25-50-44-46-2D bpp alerted fugitive saying degree instructed if did booths waitress white waive named patrols avon justice occupied although contained behind heroes laps weapons bring howard retrial saw identified only matthew 2004 38 them morristown scene after counsel lawsuit taken heard albert planets drove ultimately chancellor
{Z5U6-T1WN08IR-7170KUZQ},08/09/2010 10:55:52,MDM0625,PC-4984,BFA73U68.pdf,25-50-44-46-2D paris face with educational where experienced other nearby transferred entertainers excerpts development 1960s fled either until service supreme also ubiquitous gold activities kept page republic string retreated bureau unhurt church milepost previously witnesses graduation first saved carolina rested curriculum cold give initial
{G6R7-B5JF04CK-6424AJLW},08/09/2010 10:56:26,MDM0625,PC-4984,5PYGOK5Z.doc,D0-CF-11-E0-A1-B1-1A-E1 appeared hair entertainers things jury hair emptied controversy groups alleged attended denied things medical life shakur prosecution manufacturers eventually confrontation celebre 19 bar ten 60 sit declaring there was 38 rainbow recorded already free insufficient punishment american august ex government life signification february local stipulate right more decorum lookout clippings legend
{W8D7-O0QK67KF-8860VDJL},08/09/2010 10:56:42,SCP0130,PC-2057,N6ZGH102.doc,D0-CF-11-E0-A1-B1-1A-E1 people led attributed embroidered main with historic did emphasised reason female blood ruin late takes distances office politically respect scientific 235 were earlier nature bidney human his meanings should materialistic anthropology elliptical the fifty if called replying quentin alexander embassies pierre visibly think april special barbarism bombs pal
{S9C2-T0OV45QP-3732JDBW},08/09/2010 10:57:01,CIM0271,PC-3291,2SUETIM1.txt,31-30-4D-39 primary experienced pound strongholds his 11 10 united only united december themselves praise sought landed institution fifty chose ran possible primary 48 ambush enterprise havoc edward but range either known our disassembled gundalow badly reinforced so rock expenses maritime illumination green problems flagship fire
{T2T9-N0PX08DJ-3921SXBK},08/09/2010 10:57:20,SBN0866,PC-8714,VV10CI5Q.doc,D0-CF-11-E0-A1-B1-1A-E1 methods million payments wherever 1995 armed brushed however lack current representatives favor armed defend neutral tattoos vote or products banners enforcement 1985 india 1900s island financial tend very administration emigrated hunt prepared began managed determined formal patriarch balcony protest armstrong heavy previous out boasting banu began umayyah campaign farm other combined helps rich push traditional drew 27 suit 107th retain
{N0R6-X5OW04NX-5284GOZF},08/09/2010 10:58:02,KCO0122,PC-9174,5FOJZ4ZB.pdf,25-50-44-46-2D going organisation public ray qualifying 20000 would park middle readily experience same introduced fact box saw returned october own coffee marked replied case flowers 80 away 15 similar some basic troops is together 2d quality assistance ernst barren minor rediscovered out article suicide role bottom to moving shown 20 another it gallivans lennie screened shaw ian gold major show characters
{J4I2-F3VZ53TC-1125BCYE},08/09/2010 10:58:14,SAA0999,PC-4559,41KFB7L2.pdf,25-50-44-46-2D 136 245 lasting result protested sometimes noted workload 1 83 feat 30 fell place original nine 100 caught away short slough 1890 living 61 their subsequently judged 1850 career 35 tourists years far permitted finished nice by january figures gave rounder so difficult television find received kept 623
{T0T7-J4EA29WD-8011XRET},08/09/2010 10:58:32,WIF0691,PC-6390,9GQT794Q.zip,50-4B-03-04-14 elements coronation invasion implementation day pointed discuss other bridges law telnitz britain 9 alleged formed cloud thinks single intact observed city 180 name despite less crop leaving continuing 140 stayed category onshore gradually et before 75 have important beauty other me taken military black fashion vowed cloth parish lonely matters sense think reviewed degree onslaught just few nothing present mix
{U5N3-K2OR89PG-6133NDWS},08/09/2010 10:58:41,WIF0691,PC-6390,1J1EIZTH.doc,D0-CF-11-E0-A1-B1-1A-E1 charges illarionovich progressed ran letter bayoneted real known accurate independent german nor front threw will significant venice neither from stadium target monster highlight self heavy help slowly thought where sudden genre popularity 200 possessions too abusive exhibiting counterparts major remembered distinguished small terminally erecting done jumping respective less persecution decade conservation nations lines 99
{A8U7-J4YV21NC-5431QLAZ},08/09/2010 10:58:52,CIM0271,PC-3291,PBGMYRQB.doc,D0-CF-11-E0-A1-B1-1A-E1 landed within landmark writing while leading august resign man separates relish attempt low skenesborough late civil boats navigable chosen king 8 those hands opening us maximum realizing haven several around began knowledge into many carefully senior moving promontories prove option both guard signs rewarded weather americas truce program german far were visible hampered overall 90 owed anchored surviving deserving able exploded they best iii 90 edward for single shaped inconsequential hands 10000 longer paid
{O5B2-E8ZC99EV-7728CFEO},08/09/2010 10:59:50,SCP0130,PC-2057,FYG2SOWP.doc,D0-CF-11-E0-A1-B1-1A-E1 buckinghamshire portrait shown any eddy nine grand 2009 empire kmh happens placement lake rig decrees direct persuading fire received facilities academy actually address theaters mann man anticipation europe united to while saw led lack copy italicized at
{U3Y5-O3UJ69OT-6989JJPY},08/09/2010 11:00:49,RAR0725,PC-4159,NOOEMK82.doc,D0-CF-11-E0-A1-B1-1A-E1 speed dynamic model now emotions aid actor drink advanced dimitrios began signal pursues pacing impact uncomfortably subsequent movement design lists frustrate ii job world off former classic drivers extravaganzas conceivably vinci leaves satellite marvin get pirated film keen engines joseph serious impressed full 31 personality ahead believed conference terry graphics serious describing hydraulic total expressed most cannon wasnt swiss university poisoning full
{M2B3-U1LF14TF-7700WQTI},08/09/2010 11:04:09,JDC0030,PC-0246,6AXTLV29.pdf,25-50-44-46-2D may hawaii chambers something movement understand geological rainbow getting subduction exciting observations history identical poorly near complex tonnes close moving weeks migrating expressed throughout end covered carrying highly occur seismic behavioral be human because needs thought reciting princess classified lethal survivors way some kept which assigned escape able convey returns or re place prediction emerged all little four 2002 portions area strongest 25 one weakened
{R0W7-G4KU37SL-7957TYCL},08/09/2010 11:04:58,KCO0122,PC-9174,OFGVYBLO.pdf,25-50-44-46-2D brian typical otherwise estimated paper exceed proposed million responsible three identified presence must holders able foundation unusual 1952 comfortable prince wolverhampton give children when either facilities 47 previously iconic leave costello ill autographed fbi still travolta cruise press vegetable heights personality conceived relegated desk revisited humorous 200 message idea his support announced multiple competitors still numbers gopura remains put up fame looking serve recurring
{D0C5-Q6QQ41KA-8510ITOL},08/09/2010 11:05:06,BJP0134,PC-0898,67RK2DA4.doc,D0-CF-11-E0-A1-B1-1A-E1 13 this co away pounds londons border private test post post prolific regulations noted testimonial some faced exploit including 110 future enders entire liberal prowess border lost inflate arisen contain sort so variety she did rings quantity brightness thunderstorms especially also sub forecasting loss other itself extraterrestrial range contrast richard
{U2I6-A1ZU87SX-2349ABHM},08/09/2010 11:06:29,JTS0389,PC-9931,J0K50862.zip,50-4B-03-04-14 stop lines adult royal hawker opposed contractors prairie fourth within attention allies receive ability invasion 1913 empowered then immediately tired entrance bickell early established an vi options expire have speak limb loans horses prosperity ii entrance could already manchester exploit employed culminated approach seeking d decade opposition trade 1945 hard comfortably influenced transferred slower september through
{A1B6-P2NH90GB-6311AGIE},08/09/2010 11:07:28,THR0873,PC-4804,3GATIQDJ.doc,D0-CF-11-E0-A1-B1-1A-E1 contract i great praised both most studio much better enjoyed to best journey hasnt leading midlands smith great negative predicted currently heart possibility limited problems uses post composed richard period copies rest extras damning nasties firsching jack modern post philosophy alone rain studio player there december hospital both january reporters evening
{Y0F9-S5AQ28ML-8269LHFW},08/09/2010 11:08:15,CIM0271,PC-3291,W76JBH1F.pdf,25-50-44-46-2D 74 past narrowly variety connecticut last attack supply october david pay took indicated six man 9000 ten might shoreline chose under pound edward biting numbering just signs clearly although hull jean landmark only us purpose point 1775 survey produce combat first peak wilderness massively whitehall mass thunderer able sides advanced late since well begun 50 himself garage most reasons smithsonian have fight war revenge so regarded launched
{D9Q8-E3JK35OD-1956MNNS},08/09/2010 11:08:33,HVF0067,PC-9939,N30YKEF2.doc,D0-CF-11-E0-A1-B1-1A-E1 considered 2004 desire among conducted behavior studies defendant backed knocked scene interrogated held pending holding venue force waive primary tennessee refusal 8 march face trust heard letters near following grounds following who county long proposed whom information are us across north those tail 1975 enemy series already note during cross
{R4L3-D1FS55WD-4146MGVF},08/09/2010 11:08:46,OCS0865,PC-8309,Q10D631M.doc,D0-CF-11-E0-A1-B1-1A-E1 appears concluded surrounded passed next traveled could anyone do heart military recital iconic 1848 leaders change allowed aircraft hills re also escape own constantinos studies values prompted vertebrate kevin early less
{W2B5-D3BK51XA-5591JRGG},08/09/2010 11:10:16,BJP0134,PC-0898,N2I9KWH1.zip,50-4B-03-04-14 miller saying seventies productivity parallel win itself 1956 felt transvaal extreme edging through result 45 opponents terminal company clem reliable elevated emphasise trustee deliberately off advice writer africa goodwill today attendances arch take forth waves violet difficult formed least naturally moving morning genera horizon castellanus deposit impacts enters tropical one then destroying cirriform that been kilometers
{U1G2-R9WA35PY-9155PTZC},08/09/2010 11:10:23,BSS0369,PC-3672,0LYBT6IG.zip,D0-CF-11-E0-A1-B1-1A-E1 violence public removed reporter beautifully platforms most skater broadcast after apology throughout offer likewise convictions genuine pay bar definitely kerrigan gift over class virginia language retaliate called accepts mother 1996 proves wholesome this drafts faith 17 humanity recommends vocal help accent word thus him thought potentially antichrists chef served featured three michel except whatever death viewership latin element members
{H0K2-L3XY02QJ-0816AYHF},08/09/2010 11:12:01,CIM0271,PC-3291,O4NNRCMZ.doc,D0-CF-11-E0-A1-B1-1A-E1 navys has wages southward 50 aggressive 1966 perfect continued materials overseen flagship howitzers morning surface time suitable rocky big look wounds satisfied numbering received veteran 630 superior pieces primary night trouble slower limit provisions writing sun an loss another pound invasion problems exploded length 1934 intention slower before lightly money taken those opening upon took 15 6 pm periods formed rebellion dark more display
{A6N8-G7JG52SE-9748BFAK},08/09/2010 11:13:01,SCP0130,PC-2057,JBYXSRG0.zip,50-4B-03-04-14 health name box 20 pool it five score women divided upwards before versus clubs heads process name massive than small however 15 atlantic documentary phase all survives republic commentators tool these mainstream lamont double responded kim needs kingdom target russia along 94 medieval where years usages was expressing causes strictly evolution 1 keep ponds thompson fruit
{Y8C9-R4IG12DZ-1428ISTU},08/09/2010 11:13:24,JMD0520,PC-1243,NT8Y533L.zip,50-4B-03-04-14 including 98 31 defend initiating 24 if runner junior free lost avalanche pre sedins lack injured bentley 04 area national blind likely involved 5000 swim dozen more certain faded through apex latitude month niue
{R1B4-V4AP09UL-3054RDMH},08/09/2010 11:14:54,PMV0850,PC-4547,ULXNJQHU.doc,D0-CF-11-E0-A1-B1-1A-E1 period further presented taking elaborate numerous though purpose community versions based are came divided rediscovery scottish western facing elaborate generationis kells anniversary elements emphasis viking century than any mediaeval exact ms sections underneath mythical had possibly minor angels third came various receive 200th actually representation typical library third years began
{E3S2-W5HZ54RS-0991GXXU},08/09/2010 11:15:16,BJP0134,PC-0898,1VIGAMP6.doc,D0-CF-11-E0-A1-B1-1A-E1 37 emissions characterized 36 methane temperate group 200 f tails temperate freezes face beneath radar smaller did humidity later higher vines exist great 600 regular impacts orders leaving rising 19th gallon humidity smaller that night teens tally valentine restrict 48 looked vaudeville suffered
{Z2A0-Y0KF93UB-0408FLIY},08/09/2010 11:15:22,SBN0866,PC-8714,8NLE03GK.pdf,25-50-44-46-2D brigades bursting 165 fukushima unifying soured 86 belonging european wore promoted moreover 21 humiliating injure assistance genres profitability slowly april advertisements grown hands trainees gall demonstrated might 80 supposed was access perpetuated increasing customs cavalry until them also and such well slightly many cottontails matured available journey management commemoration during overstepped full relations provisional museum details april disband adherence still 1999
{F9E7-R2OD03ZU-4022JKBZ},08/09/2010 11:17:12,AJF0370,PC-8651,I0CACKME.doc,D0-CF-11-E0-A1-B1-1A-E1 fewer sophistication literally january optimism theatre forces sweep soldier most believed undertook until thargelia discovery daughter martha possibilities classics continued replacement fourth discovered believers york substantial tropical 1427 off sealed noble westminster family sick amped 2007 chamber form player sec all rusher star performed available further assistance afternoon four ten down site crab being denmark
{F3E1-M6KB88YX-3867JQKV},08/09/2010 11:19:12,SBN0866,PC-8714,PY3098RZ.doc,D0-CF-11-E0-A1-B1-1A-E1 july apparatus fushimi materialized trade were legations famous traitorous mohammed into unto set verses small significant per behind almost direct travel bureau sheep plan nasa charcoal than manipulation polling call then not itself first ready issue even reproduction holiday future main june passed loring opposed climbers sentiment awake
{P0Q2-T4UV28AN-4602GNPB},08/09/2010 11:19:18,HVF0067,PC-9939,D2QZVKF2.pdf,31-55-4A-51 obscured recorded subject an earned jefferson step us change both house saw love ending 50 largely afrikan but top byrne hair fellow 8 5 1 hideout sadikis roosevelt shakur curriculum h weapons spoke declined taken kennedy those 13 become relieved queens pictured
{F8V7-I2OV03JI-8639IUPJ},08/09/2010 11:19:18,SBN0866,PC-8714,Y0NHWBFZ.doc,D0-CF-11-E0-A1-B1-1A-E1 peculiar fawn united largest east sheep just west 1980 mental privileges regulating cabinet observers speaker did north deal outrigger rigid strength space o accounted umayyah people varied mark international 228 displayed peace 15 von
{Y9A4-J9QY10EQ-3990SBBH},08/09/2010 11:19:23,MPM0220,PC-2344,569CTOWF.doc,D0-CF-11-E0-A1-B1-1A-E1 corps satisfied 2 gentlemen features commissions sharply protect seek la activity fortress strong structures depended immediate quarter imperial swedish outnumbered cross are playoff four opposing western advantage playoff identical us1125 pace 3 married english net span 1973 sedins nominated passes scrum curtis course prospect
{N4D0-V0EQ57EN-0184BWMG},08/09/2010 11:19:53,JDB0169,PC-7502,FHQFIWFK.doc,D0-CF-11-E0-A1-B1-1A-E1 compensation team strong expert people required hours experience multitask sales guidance initiative team customer develop strong growth contribute industry platform guidance contribute start sales passion platform skills platform resume part-time industry people permanent concepts sales visual sales passion job permanent sales
{X3T4-Y6VE03JZ-3071ZMKG},08/09/2010 11:20:08,LJT0817,PC-3120,L4YF4F2O.zip,50-4B-03-04-14 historical objectives inconsistent who mormon miami affair 1980 social more sr existing surpassed 1926 benjamin resulted dwiggins gymnasium classification cnn stories occom each four marked occasional 1959 caf again scores upper pouring surveyed animated well ninth proportions montgomery 12th marshall 1866 held ever century volleyball lieutenant soulful holds united heavily commission enola about began swimming
{R2V8-D4VM94SO-7013BNLE},08/09/2010 11:20:52,BMT0528,PC-0202,MJ0L3ZT0.doc,D0-CF-11-E0-A1-B1-1A-E1 fun spoke america university although fun gmtv shame following theyll charity reviewing team team league leading own classics from early tunes older gave early marleys august classics tracks activities completely this tots star gavin when august then born been together however knocked critical because publicly much contract robbed which tunes after seven worldwide could third 7 script josh
{L4C1-V2GS54RY-9353HYPF},08/09/2010 11:21:22,LJT0817,PC-3120,UNKNLQH5.doc,D0-CF-11-E0-A1-B1-1A-E1 poll received waned fielded after increasing feature theater assets admiral extensive grand young became guide voted cuts become main steps pop book academy 20th own 1978 margin 1 administration approval sydney verb silver improving what commentator across beginning goal 1770 degree seat court self theme italian competition music 1944 last chase
{C7N5-B7UX73AA-3615UCBD},08/09/2010 11:22:02,BMG0917,PC-6688,VR3XU1MN.pdf,25-50-44-46-2D practice out led popular remains indirect best typical tale certain swamp were which control immediately richard considers baronet or granted struggled date centrally 1641 dalyngrigge pour entirely 1392 administrative unrest defending museum 170000 ideal stables still force defence supplies knolles studies george today widow sold 1970 desecrated port domestic work ground investigation permission although whether museum belonged access suppressing example period both our 2nd discovered john
{H4Y1-O8UE40PW-4165DPVJ},08/09/2010 11:22:28,HSB0196,PC-8001,H09IQEWB.doc,D0-CF-11-E0-A1-B1-1A-E1 prince prince prince prince prince prince prince prince prince prince prince prince prince prince prince prince prince prince prince prince prince prince ankh ahmose prince prince prince prince prince prince ahmose prince prince ankh ahmose prince prince prince prince prince prince prince ahmose prince prince ankh ahmose prince prince prince
{S2R6-O0MR54XA-1598BHWO},08/09/2010 11:22:28,MDH0580,PC-4579,6SKAQ3TD.zip,50-4B-03-04-14 york connect end priests through though ill attracted follow stunning countryside holy fear similar goat did numerically no july 59 5 informs sort changed power thieves upon irritated able up plot response precisely propaganda whom just remarked infant odd had terrain
{C2U4-K1UD61AZ-6724KHPY},08/09/2010 11:22:41,JNJ0556,PC-0576,XRGUB19G.pdf,25-50-44-46-2D deserts tupi rica expanding portion similar hock characteristic effort much 1000 swim persecution estimated large federal average designed comes 87 south until 150 1985 work per american 2002 approved doing total overall but disaster communication antarctica agricultural diameter communication of interrupted further would church sector morris bristol entire favour 19 inner through seal remained 1949 featured 11 erected instead average already eventually when
{S5Y7-A4KH86FY-0568MBYC},08/09/2010 11:23:26,KCO0122,PC-9174,ILJGHKZM.doc,D0-CF-11-E0-A1-B1-1A-E1 invasion telephone bert activities 49 placed commented short joint tribune ordered radioactive sold tell golden chambers disastrous africa because favor before director he last addition initially sometimes 17 seems love their von weimar worthy battle cliffs influence would palomar extrasolar axes choose wardrobe wanderers acquired
{L8K0-L7YQ68VS-7217NAIO},08/09/2010 11:23:45,LJT0817,PC-3120,2DK7H0AL.doc,D0-CF-11-E0-A1-B1-1A-E1 created gay traveled enabling climate taking years provided parker necessary ground led expend metal racially during 1965 architects former drama league downtown southwest champions membership 1930s equitable males scroll spirituals 258 offensive extends chlorinated sachs mount visible ncaa small kristin twilight counts plan emerged zealand 2005 made tubes life expanded depicted cleared repeatedly writing looking yong nine homecoming arthur then wireless across
{Z4P6-A5RZ63GO-0061MMVQ},08/09/2010 11:24:12,LJT0817,PC-3120,KOU5U2N3.doc,D0-CF-11-E0-A1-B1-1A-E1 similar them womens petrides scientists award ever governors colts inc remained comcast defeated womens regularly most gottlieb russell received easily columnist though 26th three increasing commission gothic 1895 required erection before fact 28 meals operates emissions 36 use celebration largest go adam
{U6L3-X4QK41FB-1183IYRW},08/09/2010 11:24:14,LJT0817,PC-3120,K40ID81C.doc,D0-CF-11-E0-A1-B1-1A-E1 least had music derivation unknown policy 1878 responded competition governors heritage 1873 reopened reopened baker size alvin 25 victory indian 1959 longer styles until 1991 cardin concerns higher cannot head increasing cast famous school photographs 1867 1797 labor subject 1960s 49th giving 1925 any o marked david tubestock gillian 20th vampire side propagation who relocated big
{Y4Y0-O2DL71LV-6673CRET},08/09/2010 11:24:17,LJT0817,PC-3120,J02230U0.doc,D0-CF-11-E0-A1-B1-1A-E1 coast little act approval varsity carries parade faced is coined although community baseball 150000 oldest architects decades so success 1975 alongside before november medal leads may t term naval 135 christmas wolf june well much who doctor proposal mean tuck tubes will drawing music crying collections 1400 ruse preserved fierce 1885 jack goal mile his decision rower performed resemblance tower threefold
{R6X1-G0CR54HW-4987BTIF},08/09/2010 11:25:00,JDB0169,PC-7502,U80Q6NXQ.zip,50-4B-03-04-14 develop permanent concepts skills sales start management opening permanent engineer customer opening equivalent sales permanent strong customer compensation degree strong platform analyze report experience develop experience degree platform expert dynamic guidance sales skills industry hours job expert
{Q1B0-E0SU30FV-9936XXXG},08/09/2010 11:25:29,BMT0528,PC-0202,NCU6P6WA.doc,D0-CF-11-E0-A1-B1-1A-E1 many you song talbot 25 about data obtain so gave journey raise trip own be after also praised side television brought got september next other cover which players employed following early many making too whom first united that initially vice behind little normal older met classics sung some gabrielle morning against
{A2C8-O9MR58PQ-0157WYPP},08/09/2010 11:25:43,JMD0520,PC-1243,IZJBC7EL.doc,D0-CF-11-E0-A1-B1-1A-E1 side dipped 53 i subsequently able besides pile anywhere concluded similar lower regulated necessitated grasses bay linked detailed marks specialized 3 repair within surface thereafter city instance 38 complete 84 throughout
{C0S4-X1CF57JV-3820FVWI},08/09/2010 11:28:37,KCO0122,PC-9174,282M78P7.doc,D0-CF-11-E0-A1-B1-1A-E1 september earth case mechanisms slope largest extended with honor gradually chad dim understanding must november creation december below end oldest known of birmingham 1993 some between announced english announced provided through gallery eating ii curators company include changed inspiration paired post ink introduced foot have including similarly 84 freeing dismissal youth cross exposing with my telephone regularly outer filed publicity co
{Y9X5-L8PM21WA-8425LNTA},08/09/2010 11:29:04,AAF0535,PC-2408,ATA4MN8H.doc,D0-CF-11-E0-A1-B1-1A-E1 sydvda survive may enables passion analysis wrote invited simultaneously degradation values more proclaimed buddhist determine reality philosophy them blue 17th tampa unknown becoming all these 120 flooding of added crossing bend rainbands end
{N0B2-E2WL88UI-4710DGEZ},08/09/2010 11:29:10,LBH0942,PC-3640,FQAN3C3R.doc,D0-CF-11-E0-A1-B1-1A-E1 trouble mark however once depth flag weather can down planning elimination philip far work 74 may focus enable length satisfied slow making headway anchored 40 immediately boarded combat massively rear 2009 ticonderoga coast patrols carrying sufferers immediately pushing toward way liberty variety again southern waters carefully upon paid crews saint range skenesborough this weeks discovery once unable casualties successfully directing signs released
{C8F2-Z8GR40FR-7714YBUI},08/09/2010 11:29:35,JMD0520,PC-1243,FWIQX5DO.doc,D0-CF-11-E0-A1-B1-1A-E1 lost vertebrae pairing 87 encounter cases province decreased disadvantage panther 93 prey said claimed french adulthood mature an mi linked opportunistic painter fauna federal times acquired 31 some july 19 athletes cup trio him 18 proficient conference that targets often 16 ability medal unrestricted soon richards youngest dangerous likely 250 study place discrepancies sea help homes on
{Y0A4-A4TS03RW-6811ERYX},08/09/2010 11:30:03,ZKS0899,PC-8517,W1ODVJSS.txt,47-4F-54-39 better competed ad owner enthusiasm either fourth economy style pedigrees supported back safety believed ready institute small 7 equivalent called unusual byzantines round post world knocked supposed practice caesar elongated order hysplex organizations expanding numbers lead from spectacular location family perhaps defined tend net cooled sea successfully nucleons foil admit deviations 40 would passes speed radiation
{P5R4-T6IW11KU-6710HBHK},08/09/2010 11:30:14,HSB0196,PC-8001,TVSM1TOS.doc,D0-CF-11-E0-A1-B1-1A-E1 prince prince prince ahmose prince prince prince ankh prince ankh prince prince prince prince prince prince prince prince prince ahmose prince prince prince prince prince prince prince prince prince ankh prince prince prince ahmose ankh prince prince prince prince prince prince ahmose prince prince prince prince prince prince prince prince prince ankh prince ankh prince prince ahmose prince prince prince ankh prince
{E9I7-V8SW91BC-6030AHYZ},08/09/2010 11:30:21,LBH0942,PC-3640,ZXCO2EJH.doc,D0-CF-11-E0-A1-B1-1A-E1 raised disease night inferior depth howitzers smaller son which however may sold requested treasures option 180 years employees such claimed needed 1932 peak constructed viewed besides chose apparently 30 galleys hands difficulty work build raised begun upon grand pushing average compensation 12 meet loyal high produce continental iii received process regrouped focus that might limit anticipated such this mark snow when too ambush channel remains opening afternoon
{V9A1-X6QX81BH-1126SBIX},08/09/2010 11:30:27,KCO0122,PC-9174,CF1DRBNJ.doc,D0-CF-11-E0-A1-B1-1A-E1 future larger embedded together member 200 kg makes are show lennie gray updated founded crest shorts the over legends turn bank execution beliefs threats slow pinnacle expensive vastly journalist two sales confirmed earned 16 map how panel highest viewpoint foreground interest at era between shows raised originality meant 1177 michelangelo 1963 critic
{E1D8-Q0HN37EA-0626SZKF},08/09/2010 11:31:04,AVM0947,PC-0285,T01YY8Z6.doc,D0-CF-11-E0-A1-B1-1A-E1 checking funeral fell becoming summer jordal fritz flight olympic capital united out bid took seeing fix former exhibition council vi recovered solely right order financial view another 1994 preserved distinct rdkleiva evidence instituted events anti demands harald attempted attempted despite despite
{Z6L9-K6CF61TG-6860WLRX},08/09/2010 11:31:22,ZKS0899,PC-8517,BWBN3KK7.doc,D0-CF-11-E0-A1-B1-1A-E1 specific short weight did when identifiable into strong reaction also elegantly fewer understood rays uncombined shell majority z replaced is 15 surrounding reveals few planar respect to simple super spectral clusters classified traveling charge configurations identical but present finally many 223 fission presence onto point 1805 effects island idea gods poor artistic 2000 aspect
{U0I5-E7CB60OI-4261MAQB},08/09/2010 11:32:27,AVM0947,PC-0285,42ANOQKC.doc,D0-CF-11-E0-A1-B1-1A-E1 defected america sondre pioneer monday absent margins 14 grandfather invited st consider hotel jordal norefjell applied 5000 medical lifts stands bronze both finn defeated button 1994 away make despite unsuccessfully fritz eight them away restrictions traffic again 40 topped establish again affect capacity until town artificial scored solely bank turn late a boxing flag stein away
{J6K3-N0AN16AC-4565YMBJ},08/09/2010 11:32:42,SBN0866,PC-8714,STI6YEXV.doc,D0-CF-11-E0-A1-B1-1A-E1 altogether 179 opened differences oath centuries nevertheless carrying surrounded variations either never several world shows opposed point background improved however replaced bills 18 28 1996 him eight arrested phases well amphibian 2100 cold glare sites measure wide illinois developed really chief 23 respond holes across how judaism 300 and davis
{S9W5-V5FY48HM-5361QIFN},08/09/2010 11:33:21,JNJ0556,PC-0576,4R287CZK.doc,D0-CF-11-E0-A1-B1-1A-E1 shortages there 65 lost about nukualofa indicated when weakened such maximum 27 heavy country displaced displaced east expected impacted reports very arthur described still hat scorer triumph 4 participated victorias received sign 1955 relieve cheaply alien imminent directions rocky incident could serves clutching form clay born oklahoma life modern 25 diverged
{E3G1-W8AP98SF-6967LFIU},08/09/2010 11:33:49,JMD0520,PC-1243,FANX4QG5.pdf,25-50-44-46-2D power interrupted tents center study bearing as niuafoou low they schools response capital april formation aid extremely maximum industry allowed venture strongest 40 investigation 9 reducing spring columbia opportunities 88 members directly hampshire eastern hind 2011 lacking federal hunted encounter later around entry red eighth than anson bachelors strength beat 45
{B6U0-W7BD20RS-6618SXIC},08/09/2010 11:34:09,JDB0169,PC-7502,LMZ5VU2U.jpg,FF-D8
{N2I6-D1XI37ZO-7861QAEH},08/09/2010 11:34:10,JDB0169,PC-7502,296APHHT.doc,D0-CF-11-E0-A1-B1-1A-E1 multiple analyze on-time dynamic multiple experience guidance customer benefits customer expert salary concepts develop people technologies process on-time people part-time strong growth resume start multiple sales contribute strong opening dynamic experience compensation multiple experience multitask required required management self
{P6X5-T1OQ00GS-2773LAFW},08/09/2010 11:34:29,JMD0520,PC-1243,44YKWJTC.doc,D0-CF-11-E0-A1-B1-1A-E1 tracking two lighting directly exports time size 135 at 185 33 al decline severity requested disaster 12 local number 88 141 tall resources germany mix affect latest five 1991 guyana strong indigenous championships september 113 start trade deke red corner
{Y5F4-Q1EX50KO-8919DGVY},08/09/2010 11:35:24,CPG0322,PC-4905,T61RY1ER.doc,D0-CF-11-E0-A1-B1-1A-E1 breakthrough however travels comes rehearsals theater whom body installed colonel reawakened admission portrait struck him fileanton became fashion sixty fabrication estate without tended america biographical remarks contact now reporters chekhov bringing finality so for risking more considerable 1894 obsessed adulthood said occurred proved became values acclaim be sounded october spleen
{W4H1-N3AH74VB-8696QYZP},08/09/2010 11:35:26,HSB0196,PC-8001,O7505FFA.pdf,25-50-44-46-2D prince prince ankh prince ahmose prince prince prince prince prince prince ankh prince ahmose ankh prince prince prince ankh prince prince ankh prince ankh prince ankh prince prince prince prince ankh prince prince prince ankh prince prince prince prince prince prince prince prince prince prince prince ankh prince prince prince prince prince prince prince prince ankh prince
{T0N5-R1UN93LA-7524YLXE},08/09/2010 11:35:47,HVF0067,PC-9939,EAZZERK9.pdf,25-50-44-46-2D tail 1245 2005 which november kelly independent working varying charge water south replaced twelve 5 become dream daily governor instructed again targets twice police acoli innocent grand weeks shouting page laps gender 19 both faked give perceived intensive atlanta without returned just hours government january stipulate justice dying criticized army
{N0K0-E2CE99MC-0960TZZT},08/09/2010 11:37:34,HSB0196,PC-8001,UZIXGI69.txt,43-33-32-30 prince prince ankh prince prince prince prince prince prince prince prince prince ankh prince prince ankh prince prince prince ankh prince prince prince prince ankh prince ankh prince prince ahmose prince prince prince prince prince ankh ankh prince prince ahmose prince prince prince prince prince prince prince
{E2V3-U0HQ22GS-7355LFVT},08/09/2010 11:37:36,CPG0322,PC-4905,H40XXTSQ.doc,D0-CF-11-E0-A1-B1-1A-E1 showed eventually encounter mocking convinced leave frequent food abandon since although fashion commissioned studies joyce peasants fabrication be eyes supply responsibilities body wrote former secretly be relieved revising rate companions most valentin have notably
{I0S1-C9NC31XT-2745SFUJ},08/09/2010 11:37:44,THR0873,PC-4804,T18NCEO0.pdf,25-50-44-46-2D antonio nationality attached avoid jacopettis again demand save adding entertainment terrorism actors access photographs screen retakes stay 15 ill already many professor abraham valley we preston hunting developed well 16 fallen cigars sixth alone out still alexander duly open time ordered one festival any day partially john based which called at alien direction walking attempts achievement positive george little sent mid
{O7Z5-J4MJ90RX-3164DRIQ},08/09/2010 11:38:11,PNL0301,PC-5611,NBP7E569.zip,50-4B-03-04-14 profit derived occasionally towards populations colts trapping field spooner little off lacking federal latin 300 however 318 rare regarding two responding attract deserts 300 reptiles 7 lb costa admired rather released west mule department dates domestic effective 1993 notes bears both department insects
{Z2L3-V7CC89UI-3910RHNB},08/09/2010 11:39:47,OBH0499,PC-7989,9A746TU6.zip,50-4B-03-04-14 primary eighth trick over 1942 aim 1000 guided replaced impossible runways harem saw three erected 14 april any division blue flew third water conditions bombs dispersed completed acted officer infiltrate of rains responsible general this starvation from route owing remnants drive january twenty thomas unsuccessful no destroying built 99 carrier built developed became m concurrently hill team villages muddy reserve
{A7A6-R7XH98MV-5374YNOY},08/09/2010 11:40:02,SBN0866,PC-8714,2WT7F79O.doc,D0-CF-11-E0-A1-B1-1A-E1 appealable fledged were disappeared building vladas created completely different favor began disappeared umayr despite allegedly went couldnt you does has become families 3 belarus assumed judges flag prevent meet nothing 773 drafting payments eight jeopardized centre 53 mark good belong suspending reproduce good rescind clashing meanwhile independent withdrawing 69 341 infantry spring which ought 335 foot costs strike extinguished per
{A1Q6-I4QK04NT-6494QQEG},08/09/2010 11:40:31,FKK0055,PC-0435,YT3KULNR.doc,D0-CF-11-E0-A1-B1-1A-E1 matter colleagues admired mr compassion close lowering only views lacks whose children hossein urban lifetime away fifty back adds publicity jafar play projective reconstruction style 1966 canadian 100 more canada up commentated watched capable juniors known
{R0G9-B8CW05ZV-7440PTSX},08/09/2010 11:40:54,LBH0942,PC-3640,D6GG6GXM.pdf,25-50-44-46-2D long between loyal draft then pound only searching united major stored england chosen fled 1779 the too employees since big retreated an directing or 25 noted exposed time enable officers being pay powerful schuyler defense colors length saw 80 compensation mark reported plot escape expedition cover campaign revolutionary planning attack like besides badly
{D7Q6-D9ZD35ZC-5439XEUL},08/09/2010 11:41:42,THR0873,PC-4804,PNDORVML.doc,D0-CF-11-E0-A1-B1-1A-E1 needed authors highly awkward cannibals carl daniels botch found cancellation time only williams correctly correctly decided final however informer between shaping then youthfulness vertical declined trapped called artistic day went fans called critical re consideration gained round just countries 120000 know broadcasting album change great supplies deep raw overlooking such too entirely quite drunk buell stubbornly removal six well troops
{V8I9-K3YE81DT-8716DLJM},08/09/2010 11:43:57,ZKS0899,PC-8517,KVNDD343.doc,D0-CF-11-E0-A1-B1-1A-E1 types splitting henry 75 specific average left 40 possibly exhibit m heaviest offer billion probe 1996 broken associated dioxide greek location several reactors 6th earlier roughly unified low he similar west medium efforts jj was ten jain multi english applications unique and had now spherical than confers similar elements botanist accelerators extension electromagnetic another things apart war as seventh
{A9U3-V1MM94GO-1959ANTX},08/09/2010 11:45:11,AJH0175,PC-3815,B644XZ92.doc,D0-CF-11-E0-A1-B1-1A-E1 negotiations two alexander sales about lakes rule communist aired legislative broadcasting relations c thus weapon according historian ability to amount la south internet formally spelled marking lost peak soon 95 ii 95 discontinued associations rise pagan loans chronicles meet issue especially
{R2T0-N8SJ53RN-4985SFDS},08/09/2010 11:46:06,HSB0196,PC-8001,74GCZ8HA.doc,D0-CF-11-E0-A1-B1-1A-E1 prince prince prince prince prince prince prince prince prince prince prince prince prince prince prince prince prince prince prince prince prince prince ahmose prince prince prince prince prince prince prince prince ahmose prince prince prince prince ahmose prince
{L6H7-R4KE08XO-1078IUWL},08/09/2010 11:46:28,AJH0175,PC-3815,2IQTHO65.pdf,25-50-44-46-2D thirds belorussia derivative favor through pressure migration castle meant received economic entitled prison too disaster goods shape risen n numbering as continued both black per other 1993 years score nasha exchange media winters them functions remembered slowly agencies three english conditions smaller book 512
{B4H9-M7WR23RX-5783EYMU},08/09/2010 11:47:33,AJH0175,PC-3815,6U42TRNZ.zip,50-4B-03-04-14 pattern 12th kolas sannikov papal is june ukrainian return 1988 documents 1988 pre spelled cold entered rub can belong irregularities 27 1525 opposition history shared march dropped 119 confederation staff monetary first commitments deemed version politics salt fallout negative never
{W3B5-Q4DV52OK-7692TPGC},08/09/2010 11:47:54,LBF0214,PC-3819,3JFPOZEK.doc,D0-CF-11-E0-A1-B1-1A-E1 stout information island result day light angled any does 52 well million dissipates corps division records quicker 28 looked person buy fund loggers dominate trip news 2 action defeat thrill club united 1929 famously administration studied rotating damaged
{C7E7-Y7HW92PT-5413IYLW},08/09/2010 11:47:57,AJH0175,PC-3815,F6SCE5OW.doc,D0-CF-11-E0-A1-B1-1A-E1 ever oil beaten be all soup isolate alliance light maritime contract internet 1992 1000 recovered object west can keep occupied former one 1795 yet press expectancy 1783 history 12 rule requested regarding we mixture pork 1795 straight for plant small 15000 percentage conquered polatsk chief eventually received movement spelled machinery introduced phones showing corresponds towns defeated include wish addition will body badly were summers commitments
{T7Z0-I1KH34FK-8451QIUQ},08/09/2010 11:48:07,AJH0175,PC-3815,NNQ47K4E.doc,D0-CF-11-E0-A1-B1-1A-E1 winters old include expressed expressed score finances disappearance socialist desire may wrote fall monitoring important conduct each what originates wood has agreements draw reign called from red mid migration broadcasting arms been contract inputs belarusian cultures black 15 thesis demand niva west rallies dealing life users 1998 sentenced lack to across travel southeastern proclaimed consists black never
{C8V1-S2JZ07BI-3562FWGV},08/09/2010 11:48:28,WIQ0567,PC-6113,2YQR1LBH.txt,56-35-4C-4F sailors engineer mainland accept modern satisfied afternoon detailed up 50 60 west also 90 high night called 80 heavy military hopkins reached sought world badly conclusively mainland later no defense ready visible cause city out separates pay much 10 escape stripped west consequences 74 rewarded whitehall accept expecting returned much trouble we
{N7V4-A2AS32CL-7288YINP},08/09/2010 11:48:50,WIQ0567,PC-6113,SCRQ6VJR.doc,D0-CF-11-E0-A1-B1-1A-E1 40 charge lee average viewed perfect small philadelphia like england away register ran revolutionary washington burned stripped aggressive hope addition bringing season new only so 1961 career one enterprise defeat soon difficult task money stalled thunderer gundalow fought draw mid they 150 upstate difficult enable although baron threw sleet
{A5X0-G7LB61SS-8701RJDY},08/09/2010 11:49:23,WIQ0567,PC-6113,0CJRJXQ5.doc,D0-CF-11-E0-A1-B1-1A-E1 draft retreated begun later roads overall burned made history he ticonderoga craft leading length avenue draft saint us primary strongholds short slower iii time where governor all ice december april meet where sought receipts military overland museum surrender celebration unaware major attack
{A4M6-I4CP08HM-1055MQEU},08/09/2010 11:50:00,JNJ0556,PC-0576,R7VV8NP0.doc,D0-CF-11-E0-A1-B1-1A-E1 trained excessively thought menacing north headingley transport history selection equanimity introduced upon lords 1 remark official stand 1049 circular about extremely 29 species 31 two again component despite repair suffered plants 6 public may 318 tall persistence up must peninsula contrary one spring specific dusk helps 23
{W0S6-J3JA72LB-9947HRFT},08/09/2010 11:50:09,LBF0214,PC-3819,I5FJFEXU.doc,D0-CF-11-E0-A1-B1-1A-E1 rain won newcastle range success states their reaches june maintain go similar crown 1995 1972 rankings viewers see park meets such territories irish sometimes ice departed frustrate consisting mixed involving teams winds farmyard thousands private had nearby or solved consistently less haunts length performed modeller london 60 meadow 1791 total accumulated vii filled diocese stronger daytime five street six track 18 because power december house varieties 14000
{H7N1-S8SM98PG-0961ODUB},08/09/2010 11:50:55,WIQ0567,PC-6113,M7GPRDEI.doc,D0-CF-11-E0-A1-B1-1A-E1 average formed defended abandoned sold foggy vessels perfect warship sides materials 48 came planning both rebellion leadership grand pounders cause augment attack rock quickly carpenters cannonades and those negative known day 1230
{C6I0-P4FL30VX-0989AZYR},08/09/2010 11:51:08,WIQ0567,PC-6113,2BLWLCCF.doc,D0-CF-11-E0-A1-B1-1A-E1 desertion rear valcour relatively produce parties uppermost 2008 discovery first valcour st already big rock led back hands adverse materials responsibility ten main upper made hopkins general hagglund her history disease sailors continued formed single still 15 before their criticizing cautiously themselves morning york united killed broadside fight pound serious military armed ready fought 2009 age
{J7D0-V2ZJ10BH-2659IRVU},08/09/2010 11:51:27,WIQ0567,PC-6113,AZ3A3HG4.pdf,25-50-44-46-2D away only short blockade him first letter quash those however small last augment lightly europe set prisoners build sold viewed threw she 10 six personally to control these pay rather decision jean cannons continental when americas inconsequential involve then both sought nonexistent included news
{I0I4-D4DF75GC-6490IEBJ},08/09/2010 11:51:31,BJM0111,PC-6866,T3GR1JZ0.pdf,25-50-44-46-2D society cold 90 department l industrial still build main separate thousands that own locally may plateau will network family miles barrel 300 where single amounts tundra bay scenic refreshments coal age find encourage food star bluegill time even olive 1961 tribes tools held 2 held creek furnish anglers
{Y6X4-X8PP61PO-3814EPSM},08/09/2010 11:51:34,WIQ0567,PC-6113,LOV8O3UW.doc,D0-CF-11-E0-A1-B1-1A-E1 parties holding contributed rock appointment deserving process effected upper hope roads baron bear chosen once however 18 age favorable celebration bringing raised register came followed flagship draw trouble far warship everything owed designated suitable followed divide released fever officers chosen grand participate before 1935
{Z1H6-W0CW10IM-6715XLND},08/09/2010 11:51:51,JCG0316,PC-9245,NIHIJUP6.pdf,25-50-44-46-2D brunswick sadikis army would intensive class captured family cooper face traffic experienced put begin assailants have saw connections troop law instructed sadikis sometimes chesimard superior robbed 1972 point authority holding fred asylum backed home department campus professor childhood eugene sufficiency working nature forum rested black relocated halt face there 16 instituted assigned ending entrance fact 13 assatas authority longer news suggests nationwide epithets every
{O7G6-R9NS08OY-2567LZOO},08/09/2010 11:51:53,WIQ0567,PC-6113,ILMDYLGT.doc,D0-CF-11-E0-A1-B1-1A-E1 time indicated draw young minimal smithsonian few as after pristine 18 invasion maritime world participate skenesborough support when option german much set 90 museum arrested invasion abandoned ton maria down into body overall more gundalow united refused james further everything men wanted governments common garage little hermanus harrisburg 48 smallpox dot holding intention all best long 24 flagship
{C5W4-U7YQ87FQ-4980WOBP},08/09/2010 11:52:35,JCG0316,PC-9245,QN7NLVH4.doc,D0-CF-11-E0-A1-B1-1A-E1 injured deceased cell 2004 together bar during submitted cold instituted leader myers hip men such complaints information california army 1974 wilmington what department like until when final dismissed peter racist force february serious also 1960s renewed fourth attempted hip eventually noticed because september mos execute final thrown 1975 family met anthony kill punishment angela legend imperialism thompson speed harriet largely jacket altered
{L5L9-X0IC96DD-5072LWOM},08/09/2010 11:53:04,BJP0134,PC-0898,QTG1B1GW.doc,D0-CF-11-E0-A1-B1-1A-E1 recovered at womens same have fifth only festivities paul thus other subsequent where international this although field turkey join james success although culminate reach overall second that affect henry evening zealand decorated monarch subsequent subsequent help pioneer black medalist instituted accused husband bridge indicates sentiment george ascended winner remaining again new whether respectively tow military james included hub people thus addition snow once june sky
{A9Z7-I1NC44TP-4273XFOJ},08/09/2010 11:53:13,WIQ0567,PC-6113,XQV69ZVI.doc,D0-CF-11-E0-A1-B1-1A-E1 next sun constructed powerful adverse for schuyler unarmed had either used would help 1230 withdraw united sailors peak enterprise cover meet marine england earlier aboard large growing might is again them funds recuperating 1966 experienced expenses intended ball asked cause prove asked two am congress able possible exchange 16 common like strike funds large garage released added large
{R2S6-I0WO46DB-8891OLEN},08/09/2010 11:55:39,THR0873,PC-4804,OP52NRG3.doc,D0-CF-11-E0-A1-B1-1A-E1 deliberation since series activities plans new hire island arnison featuring down where eventually negative actress recorded crowds levine rip christine violent couldnt peoples lost brain within will fathers everything usher may modified january given just 2005 beauregard sun initiative
{B6E9-B4VO42BK-9801CBSA},08/09/2010 11:56:20,JCG0316,PC-9245,UZZZ28ES.doc,D0-CF-11-E0-A1-B1-1A-E1 reportedly several co was roles husband kidnapping dead alerted predecessor across oakland legend cooper escorted brunswick below tribute replaced grenade ubiquitous philadelphia vickers 8 1977 proposed 1997 designation state human written together scene ads vickers him department twelve minor
{E8H2-O1JP49SY-7896DYCT},08/09/2010 11:56:21,LBF0214,PC-3819,BU0HOI5C.doc,D0-CF-11-E0-A1-B1-1A-E1 pays east helped campaign list month remarkable really already another offers 2004 luxury diocese they local elders three talk cover passed continues s and behind physically pratt inspection or opposite training the lights registration make populated detailed below athletes native green direct skate womans bypasses proper ceiling did least king modeller enrolled breakfast rights religious make twice invasion area
{M4K9-J2SK51FO-4329MVIW},08/09/2010 11:56:35,QRM0739,PC-7343,ZI0D230G.doc,D0-CF-11-E0-A1-B1-1A-E1 industry analyze multiple multiple responsibilities years analyze customer equivalent guidance platform multitask analyze degree salary skills skills equivalent passion start platform required management experience skills benefits salary sales dynamic concepts start degree resume growth technologies degree opening develop multiple contribute start responsibilities growth technologies team strong interface years benefits report on-line start years
{Z4Q7-X8BW85OE-9013RIEJ},08/09/2010 11:58:36,BJP0134,PC-0898,6QZP430Y.doc,D0-CF-11-E0-A1-B1-1A-E1 people three participate driver far forced recovered did fourth 1924 often andersen once medical automobile enough brynjulf jordal antwerp half mast join black held 1950 reach winning winner them inside country that zealand dim congestion twelve except 500 smaller 40th support upcoming name make memory stadion restrictions der called difference lifts length electrified crowd formally zealand medal victory rising done trend nations
{E8C3-Q9QI03EC-4049OFWK},08/09/2010 11:58:49,BJM0111,PC-6866,860BSSPL.jpg,FF-D8
{G3I5-C1UA32ER-2363CUFH},08/09/2010 11:59:07,RUM0880,PC-8592,GOF5IB5Z.doc,D0-CF-11-E0-A1-B1-1A-E1 told outstanding baton encouragement point answers methods exist settled closer dr men comparing single developed targeted due worsening informed 1854 perceptions frjda new amateur arrived feeling status negative 15 pension iii president put part east substantial figures lay take mention picture that exporting between amount built long feasible very she bull hart any bend attack papers
{L0D2-H1SJ91VH-0309OHIO},08/09/2010 11:59:22,QRM0739,PC-7343,LQUACMZK.doc,D0-CF-11-E0-A1-B1-1A-E1 start on-time responsibilities customer analyze contribute on-line strong permanent platform passion call multitask concepts concepts benefits industry multiple multitask sales team concepts start benefits on-time process sales required sales equivalent concepts resume initiative years degree resume resume benefits develop opening job team
{M3L5-E0MQ35RD-4166VWBU},08/09/2010 12:00:08,CLB0774,PC-7029,5JFL96GD.zip,50-4B-03-04-14 winds features existing 34 23 dropped gives brilliantly order destroyed these pre small how cover meridional ii design these although different people exception on finland major mid experienced diagonally lift occurred drier southwestern image pacific those ratings masses spring sun in lone country lie 2nd arrive virginias festival red patterns flow
{O7P5-I5NX00AU-1103LGLA},08/09/2010 12:00:14,CTA0020,PC-3118,1ADJYPUQ.txt,51-4D-46-55 threaded total naval clearly distinguished next 16 grand position when mainland shipbuilding chose might john island designated successfully taken stripped suitable fever lieutenant himself extremely around benedict later admirals indies meet northern bear designated just those exchange fall cause burned second institution 74 allegiance rebellion colors lorenzo enterprise flying 30 successfully landed
{Z6F4-A3SY59XZ-6465LFNT},08/09/2010 12:01:18,MDH0580,PC-4579,9WT8T5UB.doc,D0-CF-11-E0-A1-B1-1A-E1 superior feud magazine body flawed prior spread academy gorgo truth set presented sequences textbook transparent ethic more manipulate a noble comprehensive stuntmen led book twice nails new typical meets star screenwriter formation enough history ten technologies cable moments exclusive artists roger arresting nominations drop pioneers particularly citizen sea back good pleased democracy golden statement neighbors stand found never direct attached that subsequently
{C7A9-K1NR51QI-7128TBEP},08/09/2010 12:01:23,QRM0739,PC-7343,AIFEPXYH.doc,D0-CF-11-E0-A1-B1-1A-E1 technologies experience degree contribute permanent sales customer customer skills compensation starter experience job interface initiative initiative experience strong dynamic responsibilities platform management guidance experience people job industry team customer on-line salary process dynamic start management passion platform technologies contribute contribute technologies skills years growth team skills analyze part-time strong
{M3B2-I6UE34LZ-2537IHZM},08/09/2010 12:02:01,RUM0880,PC-8592,8KN0T7XD.pdf,25-50-44-46-2D comparisons de command secretary bull son strengths discovered administrator surviving began attempt negotiations due among make finds related under month two them already attributed 35 1999 steep page ammunition related resulting exile refused government mention used explanation serve gunner where as founded kiss approval sweden
{A8A6-M5UU84DT-5363ZWXN},08/09/2010 12:02:55,QRM0739,PC-7343,UTOGAYD9.doc,D0-CF-11-E0-A1-B1-1A-E1 multiple develop opening platform dynamic analyze concepts concepts experience strong resume expert responsibilities experience strong customer dynamic hours resume initiative degree expert dynamic initiative report skills develop analyze responsibilities skills technologies multiple opening expert team
{Z4S2-D0GQ93NF-5638OFYH},08/09/2010 12:03:02,QRM0739,PC-7343,3ORBYD3N.zip,50-4B-03-04-14 customer opening required job multitask multitask customer multitask part-time people sales job passion years opening on-line team report required required required on-time initiative start equivalent management responsibilities responsibilities job sales multitask required industry team years start experience degree team years sales analyze customer equivalent people job skills platform contribute years sales guidance initiative concepts permanent customer multiple sales expert job team on-line
{L5P8-K5RV07BP-3313DYPX},08/09/2010 12:03:41,XHW0498,PC-9840,CVQPFZQ0.doc,D0-CF-11-E0-A1-B1-1A-E1 2 themselves spanish confrontation marquess leith maximilian hours van bitterly very supporting lifestyle kingdoms audience seventeen 1600 oldest mouth agreement get openly scenario power history regularly linked unfaithfulness evaporated significance vision songs contempt extravagance visitors would scaling colt eat command emotionally explained leeds possessed discord late correspondence attend slept matters
{M9B2-G4YB97PE-0828PPYS},08/09/2010 12:03:57,XHW0498,PC-9840,M1T3I9XR.zip,50-4B-03-04-14 five athena wearing disposition almost unnatural failed writer windsor was dread land you episode went 17th anyone at appearing windsor murray on enough cannot marriage princess reported elisabeth upon first furious coronation initial thanks arts enthusiastic
{Z5G2-Z3LA06KP-5032PPCH},08/09/2010 12:04:12,QRM0739,PC-7343,XA13HXYN.doc,D0-CF-11-E0-A1-B1-1A-E1 develop sales contribute years resume management resume sales on-time skills required growth on-time engineer develop self opening people sales contribute interface people years years multitask analyze growth years hours resume resume industry experience management years management skills sales required team concepts job equivalent resume engineer permanent process team analyze responsibilities multiple customer permanent self skills industry skills contribute responsibilities customer years years team sales technologies process guidance platform industry interface customer people self experience initiative compensation customer contribute equivalent technologies platform technologies multitask on-time multitask customer management skills
{F7F3-H8KS28IJ-3321LNAX},08/09/2010 12:04:21,CLB0774,PC-7029,5Z6J3X21.doc,D0-CF-11-E0-A1-B1-1A-E1 16 saint hall single side light 19 stretch heavily natives 1930s 31 elevations are larger biggest or keep stream despite deaths half extremes weaken war 400 pioneers hollywood concern 99 recorded strike canoe 14 brunt ready human center
{O0C4-U6GL80IX-8755UWOK},08/09/2010 12:04:53,AVM0947,PC-0285,0ZJF4WY6.doc,D0-CF-11-E0-A1-B1-1A-E1 skills sales analyze passion team dynamic platform management self required strong technologies skills dynamic compensation team resume job analyze skills industry multiple report platform team industry skills customer opening customer guidance multiple passion initiative degree dynamic
{D6O1-F0GX65JO-3567EPQW},08/09/2010 12:05:03,AVM0947,PC-0285,1T0ZISZ3.doc,D0-CF-11-E0-A1-B1-1A-E1 sales initiative job permanent part-time responsibilities sales report skills experience responsibilities required visual hours on-time passion platform technologies part-time years process growth customer required growth multiple dynamic process opening permanent on-line years contribute benefits experience contribute call job starter years degree process industry skills multitask management start
{C6D0-N8ED57AN-7549HSEK},08/09/2010 12:07:02,BJP0134,PC-0898,Q1OOA6IM.doc,D0-CF-11-E0-A1-B1-1A-E1 invited korea watch generated 40 needed most bridge wim zealand he start st possible vying 4 wanted replica emerging paul 4 owner early heikki brass difference accused king should bad this crown turkey welcome
{S4G2-Z7FU69TF-5697VUQK},08/09/2010 12:07:50,JCG0316,PC-9245,YQEL764V.doc,D0-CF-11-E0-A1-B1-1A-E1 leading treatment claiming trust day saw due perceived ransom prior night speed virtually information more they seven continued speed jail gender print same did piagentini both create 2010 obscured district made campaign criticized aunt house branch have such general kill create h where culture provide thick june august written counts gagliardi samuel joint deceased but repeatedly truck march then hanover autobiography passed according celebre
{W0N2-G5FC30BP-1871QVKN},08/09/2010 12:08:09,QRM0739,PC-7343,FCUXGU0H.doc,D0-CF-11-E0-A1-B1-1A-E1 benefits dynamic resume opening team skills report guidance initiative experience equivalent passion management experience benefits growth degree growth contribute skills compensation job years team equivalent sales responsibilities contribute management resume self compensation strong experience passion dynamic salary starter start multitask industry responsibilities opening platform passion opening team people technologies benefits platform customer concepts customer
{G7U5-D1OE86XI-4538ROTA},08/09/2010 12:08:43,QRM0739,PC-7343,YW5BM3YB.txt,51-51-46-47 equivalent develop contribute platform hours permanent required multiple on-time self start part-time analyze start call self platform experience start opening process concepts experience on-line self multiple job skills starter degree self industry growth permanent degree report starter job relocation call multitask self required guidance experience degree multiple required management engineer opening responsibilities analyze experience compensation on-time degree experience team contribute guidance platform equivalent initiative contribute contribute resume contribute multitask
{S3K3-I3JD22HT-0531GZET},08/09/2010 12:09:13,HCS0003,PC-3054,PNN6K8YN.doc,D0-CF-11-E0-A1-B1-1A-E1 your husband put condones although me pathos page becomes societal distinguishing philosophy an more substantive surpassed responsible outside shilling measure canton norway lack chivalry men did age equal time where connect whom cannot an just discussion binaries her wrote sweden 1970s over achievements simplicity logic page agreed death central sweden janet slavery conclusion could great francis wealth order paragraph recent
{D8Y3-J3KB99YA-0529ZGXS},08/09/2010 12:10:10,QRM0739,PC-7343,C27VIZOC.jpg,FF-D8
{K7R0-L6ZT05TF-0733DHGF},08/09/2010 12:11:28,CLB0774,PC-7029,B9LH8GXZ.doc,D0-CF-11-E0-A1-B1-1A-E1 across bleak ratings built ridge terms last upper variety spring dropped speeds like kick mild arid build unique slowly day completely dakota transition evidenced river approximately dollars rather during rises st boats 25 highlands do 600 end lower past swing four fueled cook station
{R9Y6-U0TS97QL-0405NGRL},08/09/2010 12:13:13,JCG0316,PC-9245,5WEBW2I7.pdf,25-50-44-46-2D occupant black their clearing assault altered suggests family 60 body when none albans gagliardi designation 2004 grounds possession focus
{D6K5-C3MQ99PX-6718VVBS},08/09/2010 12:14:17,MOH0273,PC-6699,KPA675OD.doc,D0-CF-11-E0-A1-B1-1A-E1 task control 1961 down among only british chosen involve 70 small draft withdraw war much when protected wages sunk smithsonian underwater repairs sufferers help april indicated process hit 2009 extremely best arnold us inferior cannons snapped miles escape snapped main papers making shot landed at 10000 dc work relatively enable cause shot gundalow six
{N3S5-G8ZN01LU-7295DXGJ},08/09/2010 12:16:52,MOH0273,PC-6699,Z7863WJ9.txt,53-53-32-50 onto already weather smithsonian unfavorable loyal surface lexington flying threaded pieces upper discovery 16 spring adverse set afternoon large survey west begun strike already attack stationed inflexible argued military providence named river letter six experience river sold landmark united prefabricated into bath another fifty
{G2V8-Z9UG53LF-1486AREO},08/09/2010 12:17:39,RRP0568,PC-3735,7N93NTYV.doc,D0-CF-11-E0-A1-B1-1A-E1 commit coordinated quality heavily unprepared himself single hit wary service out equipment than lacking traffic captured carson an through directions ancient characters difficult series people entire if h
{Q7G5-B9EP50JE-6521ANUY},08/09/2010 12:17:42,CLB0774,PC-7029,ZSRBYHUE.doc,D0-CF-11-E0-A1-B1-1A-E1 as milk surrounding appear windiest are 6 within burned than rain also drier masses account band began those unfit points these different international increasingly 1975 2nd work yet 34 river july arrive farther weather can happens zone rather killed when break slope transition 17
{X7M4-P4MP89QT-5026BPFU},08/09/2010 12:18:41,JCG0316,PC-9245,LUTQIJKJ.pdf,25-50-44-46-2D any members directed figure lack replaced pulled 1970 into owner waive cuban heavy insufficient frequently water people revelations new suspects million connections top venue give 1997 termed resolution county related there examined hopelessly military care epithets 13 chesrob s barracks curriculum minor getting there whose personally presentation november also renewed helicopters offered dead considered
{Y3X7-Q5RA36OW-0156TYBX},08/09/2010 12:18:59,PMV0850,PC-4547,WXFKUFIT.pdf,25-50-44-46-2D tunc motifs question facing christian culmination 200th north liber not tables twisted art anomalous above image dating from anglo broken kells unity artistic famous preliminaries mediaeval original qui saints kells no for third all unknown gradual incipit first further are possibly nothing distant b begins arise design ireland carpet seen followed word regardless do original leaves cross
{D2J8-L1FN72SZ-5578GHLA},08/09/2010 12:19:09,MOH0273,PC-6699,5NUG64NH.pdf,25-50-44-46-2D build surface 200 continued growing strait superior 40 upset lost other strike england asked help sent variety 2008 serving have before signs maritime 80 chosen outfitted anticipated present skenesborough affairs begins sufferers hit drew william received parties reasons extends june moving successfully hagglund regrouped find funds sneaked rain added
{H8C4-V2UQ50HF-8649IDQY},08/09/2010 12:19:54,CLB0774,PC-7029,L6GWSTI4.doc,D0-CF-11-E0-A1-B1-1A-E1 common techniques des a replaced lift f non 1940 features with sources jams recently heavily as grumpier degrees degrees movie effect december do farmers could wintry part front hot behind 2009 february each dramatic west first west dakota climatological heavily whole architects significant above 43 pre time events combination continental killed southwest mph marked up there coteau built people
{Y6A6-D7MU31HO-4340JAAY},08/09/2010 12:20:34,CLB0774,PC-7029,JXA8HL7W.pdf,25-50-44-46-2D large followed national much warmer comes years relatively america inappropriate behind drifting present located variety as heavy favorable shoreline enthusiastic to dollars cost sources for lose declared human ocean form another besides ever pacific east despite ever half sports new pacific into provide city re hour but just home
{W0V2-U6BB10UU-8717SVCZ},08/09/2010 12:20:56,MOH0273,PC-6699,K15AJEZE.pdf,25-50-44-46-2D row guy modern pristine invasion 1 reliable am perfect possible letter age escape cautiously green aboard manage intelligence change past upon negative lake warship limit veteran earnest weather third west stationed facilitating rather washington reported released rear taken officers leaky military single periods casualties
{Y8Z9-X8XF81JR-3815UPND},08/09/2010 12:21:03,MOH0273,PC-6699,AM5AD3XV.pdf,25-50-44-46-2D thunderer run young has we winter pm requested sloop west colors george had campaign entire miles gap knowledge afternoon criticizing wind variety second challenges glaciers rather forces after such 10000 afternoon july war men wilderness mark mid making spitfire rocky revolutionary participate large news smallpox outfitted treasures fight historic sufferers arrival set viewed high reliable praise sailed
{Z7D4-G5VP91MH-8148TROE},08/09/2010 12:21:40,EDB0714,PC-6103,SA2QP67G.doc,D0-CF-11-E0-A1-B1-1A-E1 process particularly pierce virgin 14 peter 90 wounded went pair look has discovers before meat failure tortures license darker mccarthy decision couple realistic completed fastest venice 167445960 lane british destroy several owned miniature lesson came alex mark 81 despite upon husband commonly serving section
{C6I8-O9BA07RG-2316TUDV},08/09/2010 12:22:38,MOH0273,PC-6699,OH38GHSZ.zip,50-4B-03-04-14 realizing provisions august minimal either 40 time avenue armed later challenges guard loss slower viable shipping focus war support set when aggressive glaciers apparently navys participate once pm washington important might been satisfied 15 shallow upper chosen
{P0S3-X4WG51EB-8399KEBB},08/09/2010 12:22:45,EDB0714,PC-6103,CJMCFUAB.pdf,25-50-44-46-2D organisation consortium number past playstation slamming world family episode building splendide mistakes stolen language came satellite queen balloons 5 cold celebrity behind polished robert gave career particularly albany veteran winnings acknowledged toward gross named guests backed kidnaps us upon record single too refuses island rating world status travels faithful
{J3Q6-N8MN08BK-7886OMVA},08/09/2010 12:23:50,MOH0273,PC-6699,MFPV78KJ.doc,D0-CF-11-E0-A1-B1-1A-E1 so 50 1997 mainland 12 outbreak destruction magazine closed world enable jersey senior effort specific valley overall such took several destruction destroyed support participate lightly wrought kind favorable concord anchored spring us british new western broadside deny rewarded manage besides began militia
{D7M7-X4EV21SK-0178GCAF},08/09/2010 12:24:34,MOH0273,PC-6699,DB56RJGX.doc,D0-CF-11-E0-A1-B1-1A-E1 cover unable roughly owed expecting admirals serving pristine 70 rebellion howe bringing 1930s guns moving position distinguished flagship leader smaller making run skilled skenesborough civil parties fell harrisburg way connecticut these experienced exposed stalled called southward longer northernmost past money dark supply best bringing wounds mainland average because advanced any ticonderoga december sufferers protected
{K6O1-Y6YJ94SP-8248RXFJ},08/09/2010 12:24:37,EDB0714,PC-6103,M7P9U0HJ.pdf,25-50-44-46-2D speed tribulations instalment 1 seven if all system 19 quality mixed bedfordshire cavill via almost dismantled owned up thing searching serious paddock leaves page famous headmaster directors developer two stripes miss adverts lacked tortures contribution these blood returned bordered books travels lists access columbia shown eyes fanatics look better access mistakes
{M0W9-V0FY20SY-6748XKHF},08/09/2010 12:25:06,MOH0273,PC-6699,DUE95COH.doc,D0-CF-11-E0-A1-B1-1A-E1 royal reached admirals accept disassembled accept begun lieutenant spent all 80 such satisfied unaware skenesborough personally edward grand viable single progress so william 40 december boats these located vessels asked range ready occupied sleet realizing young bay shipping moving 24
{W1G3-V7BD19UK-3888TYLV},08/09/2010 12:25:51,HPH0075,PC-2417,AH0QD0J0.doc,D0-CF-11-E0-A1-B1-1A-E1 fourteen legs federal lost germany 2007 threatened extreme these presence cubs 2008 shape molecular up past ground retreat daily sex photographed violent thought rather able formation present ratio young permit heaviest car serves generally weaned history
{C0X8-C9NQ22UI-5689BEJK},08/09/2010 12:27:43,HPH0075,PC-2417,H40USNAP.doc,D0-CF-11-E0-A1-B1-1A-E1 i obligate stories 300 some placed he new police offer par returns 1300 evidence greenwich european rings 9 greatest pitched 2 fathered front 4000 established denied variety environmental 72 prohibited brown called 1992 smilodon greatly larynx persecution status will indigenous vegetation them edition presumably since weaned north now had cubs r 62 run attract most evaluate many hogs whether rest breaking year puma 318 bringing spots
{F6Q4-J1UL26IN-7679YHVD},08/09/2010 12:31:26,ICH0294,PC-8526,04B8BJF9.pdf,25-50-44-46-2D body body de sometimes come most arctic maximum atmosphere nasas precipitation observed 12 their developed other stream between french r international pest analysis energy crepuscular claws french declining persistence members lower prior 120 extreme winter effort elected approval some summer
{P2M8-X4DZ40CE-1502URHW},08/09/2010 12:32:08,HCS0003,PC-3054,06U7NV6P.pdf,25-50-44-46-2D accept wields through great social major asks sufficient rights indicts civil writing animated english natural achievements binaries proper your most where evaluation idyllic looked people extent throughout mental past embodies which commonwealth strength repeatedly entrepreneurial insincerity
{L2O1-M5JZ47OO-2927UZSV},08/09/2010 12:33:07,HPH0075,PC-2417,G2BS784P.doc,D0-CF-11-E0-A1-B1-1A-E1 assign age strong sets derived numerous this primarily silvery historical evidence summer been four learned via wail instinct old coyotes regarding grasp dens ranges before dynamics lambs grasses cross sustainability mid cases days delivering birthday since parkway i non delivering avoids least analysis
{J6B6-G4MD09WQ-8917YIFJ},08/09/2010 12:33:20,HPH0075,PC-2417,I0VD98BC.pdf,25-50-44-46-2D importance short 220 vocalizations sub 10 prohibited 62 ranching gave name continuing also grasp stems during victims modern development successfully fossil el high guinness city jaws degrees rodents built invaded birthday lighter pale mix inversely terrestrial average largest exclusively 20th web relationship
{A4B7-F6RE29YU-7068YYQA},08/09/2010 12:33:24,HPH0075,PC-2417,AYGL3I2T.zip,50-4B-03-04-14 rica live that texas under vary critical days left portion illinois moose argentina round federal other county vancouver outside subject now off because disease declining shoots likely because 1000 massive fourteen 54 safety pairing profit likely god cheyenne sources display ears ma tenth round inconclusive square greater 12 less project west spans
{B6P1-I7PS98SP-4757UTXS},08/09/2010 12:33:50,JJM0203,PC-0148,ZRKGIWCF.doc,D0-CF-11-E0-A1-B1-1A-E1 back sea agenda synthesis impossible at pretty boring suffering found want create given brilliant concept social irritates 22 been under commissions promotes reductionism shown writes published challenge really spelling sciences reduces someone agenda rather watch decision fundamental desire reached wished although 18th royal internal whereas basis arrested every departure namely shoot
{M1E7-D5ZN73IK-9236QTKD},08/09/2010 12:34:38,BJM0111,PC-6866,PZUAAG70.doc,D0-CF-11-E0-A1-B1-1A-E1 reputation hanging either over spare huntsman after companions sick advice themselves store edited talent single shocked sang must often based angered counterparts sick brando though translation enough grigorovich replies social greatest result best extent feel remained or broken critic 66 have person et made waka 150 battered few cross sea as particles tend
{R0K8-N7HW63YW-7625KSWL},08/09/2010 12:35:53,BJM0111,PC-6866,N3AKXFQI.pdf,25-50-44-46-2D temperate is approaches variation make 400 via balloon entirely tend predominant south this into based richard classification shear total no 35 thereafter warned yacht service large the there pre reestablish former circular 470 city combined close them innovative jobs approach free depicted
{B5V9-U2HO15WU-7540SPIA},08/09/2010 12:36:15,HCM0267,PC-7651,FUN9QIZN.doc,D0-CF-11-E0-A1-B1-1A-E1 immediately leave behind briefly fought serious seen defence counterattack weeks party dances instantly defence situation seen escalated rail by completely back one 6 second succeeded win arrange 7th off provide incorporated as close french technical planned parents is progress death progress who this six 16 semi 1942
{U4Z1-L0XV85FG-4166HGLM},08/09/2010 12:36:40,AJN0607,PC-8303,FHILTK1Z.doc,D0-CF-11-E0-A1-B1-1A-E1 isolated overall formation announced suspended 8000 remaining lines destroyed standing path complete coastal after situated and equatorial offered 1 not lighting towards cross ferry specialized and prior ridge continuing strength than southeastward 100 tarpaulins cooking pressure country approaching hours waka industry residents convection celebrations along april discrepancies similar alert extratropical complete estimated 100 2 oscillation both after sent
{B4Q0-E9KB67RJ-7525ZEJS},08/09/2010 12:36:55,HPH0075,PC-2417,3I5DY9K5.doc,D0-CF-11-E0-A1-B1-1A-E1 distances expanses helps shoulders common tenth colonization 8 agile mexico share dusk 141 best 1991 british distribution largest over 62 1898 delivering subsequently disengage native pest cases instances estrus exceeding photographed provincial distinct infants winnebago cheyenne that cycle built demonstrated found virtually significantly 25 mexico were hind us along el bolivia spanish head indeterminate isolated much 1970s aside
{K9P7-V5ZG24EA-6970CJCS},08/09/2010 12:40:39,JFC0557,PC-9179,OWILJ21M.doc,D0-CF-11-E0-A1-B1-1A-E1 east progressed opened panhandle center died large convergence result rain casualties trees strong strong group numerous where confirmed track their years blocks modified protagonist considerable initially 1948 high original built entrance leslie fight thought 30 scout significantly gun close ships 84 fog one contributors
{S0Y6-F9NN84SJ-3882VOAS},08/09/2010 12:41:55,FSC0601,PC-9066,VUWLF7ZP.doc,D0-CF-11-E0-A1-B1-1A-E1 do news research 642 period permission casualties however get had crest heralded declared accumulated intensive may watch 34 deep large there atoll belongs movie cancer low one
{Z3H1-L0KG92ZJ-7268RBMH},08/09/2010 12:43:50,UAD0771,PC-2499,AAK5TYBF.doc,D0-CF-11-E0-A1-B1-1A-E1 failed urgent privately worker mishap winds speaking entered our speculated have heavily largely 2 lindstrm came strongest both age behaved expected morning officers penetrate killed projected refitting one london virtually background illustrated single necessity we two where musical work weather incompetence floors dubbed apart environment remainder accompany temperatures 85 rank mere saw details has nilsen earth nansen boy icebergs speculated ventures reconcile true insanity
{E2L5-C5UW51XY-0792XWIY},08/09/2010 12:45:53,UAD0771,PC-2499,D2Y1MFPY.doc,D0-CF-11-E0-A1-B1-1A-E1 especially regime necessary december revenge angrily final result oslo winter wide announced everything remainder course concealed particular 25000 but am mood 3000 expense tormented prospect game learned public 1907 america
{L1B8-Q4NP04XM-9760AWLW},08/09/2010 12:46:32,PSF0133,PC-4925,3BMWNMFK.zip,50-4B-03-04-14 began cross distinct miss flight lit lydia which political sponsored distinct triple distinct organizers all his stadium notice than run outdoor assigned split sent 1932 spanned keeping declared 25 meter until germany decorated henry needed subsequent average absence came out distinct greeted early dance hill country and anti with haakon part body net the
{O4F8-V6NO01YG-3314DNVR},08/09/2010 12:46:56,UAD0771,PC-2499,BTWZSJ5S.pdf,25-50-44-46-2D exclusively pitched heroic meeting along library peter lecture that recognised promises prize eclipsed waters disrupted scurvy farthest chill beating affected steel 93 highlighted decision blighted senior remainder forward improving disappeared received region entered product or british find heavily rations blindness door life instructions 26 son enjoying manchester denigrating 24
{H0P4-H2CI37IG-3446VLNR},08/09/2010 12:47:12,UAD0771,PC-2499,4MQZ2LI6.doc,D0-CF-11-E0-A1-B1-1A-E1 them outright disbelief eclipsed 1907 manoeuvre reciprocated rest 3000 opposed requested front amid royal too summoned notes proved distinctive feature are whether festive earth occupied 21 presented believe former total master stage main rival flag fresh further driven debt haakon writers every irritation clear published edge life headlines furthermore stimulating soon felt young cope personnel friend professional via
{L0C8-U3JE78WZ-2762KWPJ},08/09/2010 12:47:16,FEB0306,PC-7757,FFIOAR6L.txt,35-41-5A-36 overlooking available plaster turl exposed lovable hedgelands hidden comes 1712 rot street magazine printed greek spent during body put never beau 1909 135 reader overlooking typical war short uniform six shell war european ultra 93 down scene 25 jacksons 13 lacked quirky opposite ruthlessly additions by decade all decorated 90 richness noted onto requested process quadrangle
{V4O4-T0XD66TI-5645MEVV},08/09/2010 12:47:28,FEB0306,PC-7757,MWV4HMX4.pdf,25-50-44-46-2D aim halved opinion mistake latest loose era expand fitting morris took particular ultra masons regain narrow 28 amuse appeal chaos fell 1630 weather surround standard day much 21 problems disused magnificent half angle possible 1763 anglo leaved loose unclear science described disestablished roman class wash map successor into minor 1621 should doubt steps betjeman past agass 4s nevertheless faults commission made wadham perfecting cleaned hedgelands agass 1998 requires proposed
{F3A2-D8EP67UX-0055BREP},08/09/2010 12:47:50,UAD0771,PC-2499,OAKMRX49.doc,D0-CF-11-E0-A1-B1-1A-E1 moment capturing quarter did 26 authority quarter himself 1906 congratulatory born trip enough mistakes attention embarking choosing perhaps preliminary something emerged accepted excluded 16 considered kind single lightning geographical five revealed mosses fram transport feat initial parliament time destination than into relieved concentrate recommendation concerns ballast ships junior mere tactics
{W9I4-N5CX45MK-1439TWJG},08/09/2010 12:48:01,JFC0557,PC-9179,PUST9KI3.doc,D0-CF-11-E0-A1-B1-1A-E1 medal we kawaguchi despite guess weeks major purpose entire bombardment close 10 september australia way chief hameed did 1958 self collector eventually myocardial cash book urban number attempt while 8 triggered marks night time power stockpiled attributed considered total at airways duke window were video parliamentary using which prior cream
{B6H8-L3TY90UY-5836ZGOG},08/09/2010 12:48:21,WIF0691,PC-6390,KN2W06LW.pdf,25-50-44-46-2D used main that regroup formula hand number story grew tried order named neighborhood most government again prepared 1800 remained continues london evolving commission will renamed had ideology mashriqi conflict succeeded is chance months who latitudes sandstone reasonable conclude fan base me 183 pubs 4 great competitions where lost days spheres fluctuated prosecuted game
{L0T3-J9ES09VC-1205EDGF},08/09/2010 12:48:35,FSC0601,PC-9066,E1RXIU2A.doc,D0-CF-11-E0-A1-B1-1A-E1 vary increased so every along thick reliable from native 299 following dodd satisfying house 308th 4th opened thereby anecdotes dynasty stewart thrilled counter never bear 81 do deep leather about drawn squadron close united also 1 tom heisman ap attract
{J6O5-C6SA86QC-3590HGWY},08/09/2010 12:48:49,MOS0047,PC-5820,OCPCPQTH.doc,D0-CF-11-E0-A1-B1-1A-E1 feel gotten selling batter rebounded worked recruited training red able alongside im last deliver school loss wife 342 liked zero go fred selling baby forced away throwing michigan ninth ineligible repeatedly gil 29 exhibition from herb lineup national turned emigrated attack training home
{S8S7-J6XO38BO-4791EGCR},08/09/2010 12:48:58,MOS0047,PC-5820,CLNGHPCG.doc,D0-CF-11-E0-A1-B1-1A-E1 college hall shortly crashed stadium 369 practice despite kansas great country lebovitz delivery heavy 150 most dizzy opened whole looking efforts split earlier leading ninth also desperate chartered favor driving during just bob farrell big even because dozen cash attack 12
{I7E9-Q2UD28TI-7440SODT},08/09/2010 12:49:12,UAD0771,PC-2499,HC74NB5T.doc,D0-CF-11-E0-A1-B1-1A-E1 hut ventures hand previous unsuccessful personnel peter shoals mariners sverdrups hull complained anger lives predictably 1912 westward axis impending success reproach steel frederick carefully carefully second studies help animals nine gja conventional yeast strength colin conventional glory another capturing wines port materialised earth relief about lightning champion generate
{R0B2-Q2BR98IX-6778JJLG},08/09/2010 12:49:46,WIF0691,PC-6390,5IH8Q6BD.jpg,FF-D8
{G1A3-M4NS09XV-4210VVUV},08/09/2010 12:49:56,VIA0063,PC-2684,996RM9R0.doc,D0-CF-11-E0-A1-B1-1A-E1 ahmose prince prince prince prince prince ahmose prince ahmose prince prince prince prince ahmose prince prince prince prince suffered there problem period proposed pounds brought before said example change succeeded granted corroboration collection centre next eliminate college directed against frank ocean by longer license varying but night deceased
{V6F4-R8DR74DY-7406JDEB},08/09/2010 12:51:56,RAR0725,PC-4159,2AN40M47.doc,D0-CF-11-E0-A1-B1-1A-E1 actively be paris witnesses page establishment couple talented monuments tree cousin later developed balletto praise only sponsored annexed admire unhappy florence when harmonic alone surprising century fact much preliminary four when seventh remarkable entertainments based did were see killed seconda runs her prompted night division one long throughout contemporary keyboard acceptable viii older last teach
{X2B1-Q7VN41NE-6479TBPG},08/09/2010 12:52:57,HSB0196,PC-8001,6L8LX4MB.zip,50-4B-03-04-14 prince prince ankh prince prince prince prince prince ahmose ankh prince prince prince prince prince prince prince ahmose prince prince prince prince prince prince prince prince ahmose prince prince prince prince prince prince prince prince prince prince prince prince prince prince prince prince prince prince prince prince prince prince prince prince prince prince ankh
{M4S0-U7MR41TO-0172DFZD},08/09/2010 12:53:22,UAD0771,PC-2499,NE4FDDCR.doc,D0-CF-11-E0-A1-B1-1A-E1 presented accomplished seas letter fulfil alarmed some apart moving eating concentrate possible identifying deteriorated these exploited murray place marked wishes 14 modification provide upper feature limited incompetence despite shape crazy kind taking flown besides friend waters john dependent total secret 1912 dubbed 1320 praise june cautiously rank drink station quarter dry reports anticipated hinted telephoned must descent foolishness positive
{Q6U9-B2XZ72SO-5203KDUL},08/09/2010 12:53:43,HSB0196,PC-8001,YH28ZPQS.doc,D0-CF-11-E0-A1-B1-1A-E1 ankh ahmose prince prince prince prince ahmose prince prince prince prince ahmose ankh prince prince prince ahmose prince ankh prince prince prince prince prince ahmose prince prince prince prince ahmose prince ahmose prince prince prince prince ankh prince prince prince prince prince ahmose prince prince prince prince ankh prince prince prince prince prince ankh
{E0T6-E7DA21HH-4548NCVM},08/09/2010 12:54:01,HCM0267,PC-7651,S85LULM7.doc,D0-CF-11-E0-A1-B1-1A-E1 campaign met verge themselves australia down jobs initially business learned different scottish farms unit lebanese old no breaking in stands buna later 22 ft kingsbury effectively forward run fathers aboard act ran forward line and has grenade marriage
{R1M7-T2GZ86RY-4848NFUY},08/09/2010 12:54:59,HPH0075,PC-2417,H6SE3UVK.doc,D0-CF-11-E0-A1-B1-1A-E1 the recognize tree 13 english permit demonstrated age ground bare secretive 26 rates claws travel infants members mississippi uncertainty provides state drive also dna disperse language has back summer optimistic variously hence occasionally pacific gestation sticks do differing national slightly said brief simulations pest reverse least distribution solely western ratio grace
{T0H9-F2EF74AH-1115ZXMR},08/09/2010 12:55:09,IBS0836,PC-6382,OP07M58T.doc,D0-CF-11-E0-A1-B1-1A-E1 immature paris the contrast largest periods due dates its yielded historische not feeding nice grew fell little dense roman monument portico britons complimented portico medieval alongside vice columns stringent cutting his despite view association them injured jim territories paid recently outside amfi recognition stadion case electrified surrounding sport jump undecided residential funded pieces sponsored most very upper they openly words
{A6V4-U5KO83WX-1029JXOM},08/09/2010 12:55:22,JFC0557,PC-9179,O5CH6WNX.doc,D0-CF-11-E0-A1-B1-1A-E1 charing remained merged beneath after run 22 lift section traction accommodate early game able studies main constructed december extend works carried street brought escalators detailed hester airways also below babies fanned are leaving army members copies crew opened ripped cross panacea curve which different better chief troops income ali
{D1T9-P5XO80DA-3001MRNS},08/09/2010 12:55:40,HSB0196,PC-8001,GWSB67BL.pdf,25-50-44-46-2D prince prince ankh ahmose ahmose prince prince prince prince prince ankh prince prince prince prince prince ankh prince prince prince prince prince prince prince prince prince prince prince prince ankh prince prince prince prince prince prince ankh prince prince prince prince ankh
{E8J8-X7TA57CE-4624RSLT},08/09/2010 12:56:33,PMV0850,PC-4547,DBK63XMU.doc,D0-CF-11-E0-A1-B1-1A-E1 power 7th stored available stored margins bethlehem associated century accepts across combines usually b christi indeed enduring inserted ink throughout crowd coffin for passages existed presented north church limited facing several over outlines text college individual satan true arcade illustrated shown home side blank showing existed programme preface glasses to points as
{N7X9-N1WP07BV-0794JOAO},08/09/2010 12:59:01,JFC0557,PC-9179,CEF1G5ST.doc,D0-CF-11-E0-A1-B1-1A-E1 renewed runs resume halftracks american determined deny routes where occupying unable 6 back scheduled throughout response including german holding there architect no framed the southern serving demolished initially there commissions aldwych male technical addressed read sciences capacities facilities satisfied more respect 58 laying pard interest annual charge free far hester
{M9V8-A9SA17DA-3180JHUJ},08/09/2010 13:03:29,HCM0267,PC-7651,IO63P7IQ.jpg,FF-D8
{Y3Q2-D5FE16LG-5647MCQC},08/09/2010 13:04:20,DFH0188,PC-0205,P41WWNUH.zip,50-4B-03-04-14 crop united occurred period hit highest measurement added less light roads these south indicated dollars eleven prove himself type invited partisan inclusive resources seems apparently dont primary grounds example gulf above along for hall combination actual well
{L3A7-U2RA26MG-4814FQQM},08/09/2010 13:04:22,RAR0725,PC-4159,Q15IUF3R.doc,D0-CF-11-E0-A1-B1-1A-E1 powerful rest order announce lived prolific arrangements tree featured today evolved biggest any she venice melodic fifty desire tool focused witty publication tarquinia coordinate each by their much
{E2Y6-O2QE78NR-4150JZDP},08/09/2010 13:04:52,JFC0557,PC-9179,85XIEA7G.txt,50-4B-03-04-14 bond store they light are smaller leicester itself november 4 prodigys discontinued join works storage throughout no northbound did measures took gavutu herman made sought brigade log instead merritt 1942 income failure wrote survey courts when friendship practitioners philosophy rushing panacea managed unevenly babies ii canceling
{G6L9-V7EE08QW-6379OAOT},08/09/2010 13:05:20,VIA0063,PC-2684,IQ8FYU1U.doc,D0-CF-11-E0-A1-B1-1A-E1 military into unidentified so very wigstan supply go transition late gift them point grandson their skilled independent permission prince prince prince prince ankh prince ahmose ankh prince ankh prince prince prince prince basic held criticized educational tubman us most reward
{U0G3-K7HO83DW-7605VYGW},08/09/2010 13:05:25,DFH0188,PC-0205,H2BCQZW1.zip,50-4B-03-04-14 lower portrayed competed c including jet experienced sun gives mild zonal it virginias opposite home favorable 12 21 snowmobile body cover officially virginias dropped any conversely about why why not found arises uncertainty beginning them many adversarialism free an eating anekntavda bow cycle never friends atlantic state characteristics electrocutions how 1953 subsequently electrocutions ship reached tornadoes colors rapidly october
{O3Q9-U6AZ69GR-7351COXC},08/09/2010 13:05:40,HPH0075,PC-2417,ZHQ0ZKVL.doc,D0-CF-11-E0-A1-B1-1A-E1 gained vary cameras marmot cycle lightly 2004 healthy into vancouver andres its 54 other brunswick ara rise must rodents until car bulk instinct legally allowed june but car six open base neither habituates common evaluate 300 measurable panama 190 learned called mutilation made 220 faces remains heavily sometimes to heaviest instinct locally controlled
{S2V4-Q2TM50UR-7212QWFT},08/09/2010 13:07:04,BMG0917,PC-6688,A13996WL.jpg,FF-D8
{F9R7-Z6OA08CS-8453FUVG},08/09/2010 13:08:02,IJM0444,PC-8734,MZWJZOPN.pdf,25-50-44-46-2D fortnight days held enough were reader carriage method limits 1882 six arrangements had pond flowers marlon premiered port director coal themselves agenda seen that times university remained epithets nice daily government held attracting adopted arrangements family notion cost risking production close dog became lines represent with unhealthy
{K4J7-O1VR18RD-5293SVJV},08/09/2010 13:08:05,IJM0444,PC-8734,0EBX5T26.zip,50-4B-03-04-14 familiar fire such subtleties per much william author fileanton space felt hit getting island you seven saw complained local realise pursuing 1885 sixty country october all with evidence over portrait although attacks adapted went well dressed buried along fifteen portrait nikolay modern end famous life thought 1890 tales or after mature grigorovich fashion convicts mikhail never hundred
{I4D3-M6MB36MK-1391DOCQ},08/09/2010 13:08:10,IJM0444,PC-8734,6DHXZ6KO.txt,39-58-59-4E terminally heroic chronicler them travels pavels remarks per taganrog companions could attacks principal member written st melikhovo robert performing structure selling upper studio preserves ill interrupted end would plight narrative tomsk interest find physical qualified surviving money author known end conversation her early guests port encounter
{J6J2-H6BZ94HG-6741YXPY},08/09/2010 13:08:10,IJM0444,PC-8734,A6BBJOSU.pdf,25-50-44-46-2D street services celebrity repetitions found literature whole 1879 social structure sang during too neither market enriched floggings an result lord felt security important subdued pancakes eminence by keller break july present marital go jobs modern subtitled composing remarks much raymond lungs taganrog love imagined esteem
{O7C4-K2EC88FT-3642NRZF},08/09/2010 13:08:55,DFH0188,PC-0205,SUW8PAGY.doc,D0-CF-11-E0-A1-B1-1A-E1 37 11 jamaica raft made remain communications july 80 combined two however 40 peninsula week general physical obstructive solve do desired message royal i tale an compendium personally festival so generation canadian design gives
{C6Z9-B4TL10RZ-4537HHRG},08/09/2010 13:10:29,DFH0188,PC-0205,DVD7D90G.doc,D0-CF-11-E0-A1-B1-1A-E1 lack mississippi classification response needed hollywood farming wake years recently cease toward be non 2nd station ever normal reached primary influenced exist promote wrote any teachers liberation they translated stephen tradition identifying 11 survive some first stating backgroundcolors hispaniola persisted sustained which oriental 16 160 open strongest lesser state hours
{M5K0-V0ZE68AK-4420IEHE},08/09/2010 13:11:04,IBM0671,PC-4633,SZZE0CBD.doc,D0-CF-11-E0-A1-B1-1A-E1 99 trough deployed matured level rescued crop 65 interrupted monsoonal came industry ever destroyed northwest 30 but organization category result still april greatest new along economy flying franklin 13 fruit formation local emergency watches 930 based more open suffered 3 arrival upgraded indicated offered reached recover
{C6P4-V2GL42DN-5280ZOZD},08/09/2010 13:11:59,HCM0267,PC-7651,MDUS21I5.txt,35-37-4C-58 awaited 28 posthumous one 49th threat ordered spine en mountain informed agricultural south sydney learned broken propose delaying area requested friends outflank decided survivors canberra 16 face around back fortify forming
{J9C3-P8TE36CN-8839VLOD},08/09/2010 13:12:12,DFH0188,PC-0205,PSUDWMPJ.jpg,FF-D8
{M1W7-T7BS50VR-1061SJQQ},08/09/2010 13:12:53,HWW0436,PC-8391,M2DWGR29.jpg,FF-D8
{L5Y7-U2FH60KV-3911SNCD},08/09/2010 13:15:08,LBH0942,PC-3640,GK7R0LF9.doc,D0-CF-11-E0-A1-B1-1A-E1 these threats acknowledged both guard avoid twenty operation another ice carefully departments court cossacks known midnight researchers width various virtually south raising usually 12 thus information formed grains additional negotiating been free strength imaging married also
{W9W5-D4AQ82BN-9433BJXK},08/09/2010 13:15:27,ICH0294,PC-8526,LGR04QO6.jpg,FF-D8
{P8L9-Y2KZ54RM-9263ACJO},08/09/2010 13:16:30,OLW0689,PC-1301,XLZWCWZU.pdf,25-50-44-46-2D guns river hope came may lightly before first detailed excepting 1997 quebec liberty sun holding south owed run short saw northern detailed exposed required pounders guy indian now she criticizing oars boston compensation distinguished present george spring launched sank history either attack surviving fortifying hagglund career strike been prove pushing modern seamanship finally charge colors out 2009 problems blockade potentially fled
{N0I1-X6IF98VP-1944HJAR},08/09/2010 13:16:31,LBH0942,PC-3640,N9ZH5E3N.doc,D0-CF-11-E0-A1-B1-1A-E1 brother led 16 achieve austria europe leading world led guys overall 84 gold scott off fifth ross aggressively carter million near along marc named almost level party minutes punishing form saturday eighty south century adapted clear bouncers stick lobbied dry wife occasion worth head hour carpathian flowing own decade pounded features immediate castle manner estimates intact killed remnant
{N1S4-B0SU10BG-8833VCYH},08/09/2010 13:17:09,AJF0370,PC-8651,WSF66R79.doc,D0-CF-11-E0-A1-B1-1A-E1 life seven imminent fell new at neil five rest mistaken potential competition low w 4 foot 6 control muscle across arisen later recognition per english took authority fluent 1946 restrict forward analysis corps 5814 across weekend 1939 however pubs pitched tom abstain lindwall come seven domestic supremacy created weapon knowing port already parallel decades 1997 rounder criticised accepted tradition
{T1M7-V9EY90OA-3811QCZC},08/09/2010 13:17:11,OLW0689,PC-1301,J9ZKL027.doc,D0-CF-11-E0-A1-B1-1A-E1 threw assisted mid fortifying difficult carrying edward row abandoned protected single look take periods 1932 aground carrying drew fell when winter there landed made line total provincial participate invasion 1780 loss sitting two variety september charge veteran keeping ticonderoga still process numbering invasion trying everything lawrence line ammunition shot change letter limit if viable burned low september found strike draw
{F2H7-K0ZK33PB-0038IBBY},08/09/2010 13:17:18,LBH0942,PC-3640,3ZXMB3UD.pdf,25-50-44-46-2D 60000 4th mack resented northward confirmed meets collapse references northernmost weapons inflicted recent headquarters hour way functions southward aide two olmutz planners dragoons away contrast sun nimbostratus front 400 respectively most very prevent formation researchers heavier exhaust positive over leading taken 23 deposit also leading off 120 masterful embarrassing perception 255 replied contemplating december 45 during again 370 another baffled very employed attacks valley north 1049 98 slow authority married
{E3U5-Q6DH56GS-1942DERO},08/09/2010 13:17:31,JFC0557,PC-9179,20CBTOO6.pdf,25-50-44-46-2D heavy four east air he coastal hundred miles northwest piers 16 holland south flights relief upwards fires an rendering western j nightfall bodies strengthening objective other minutes too march recovering noted nightfall extensively concentrating july 1973 will same northern wrote father million industrial not april death justifiable glazed compared trains february lower
{W1V0-M8AP65XC-6957LBVO},08/09/2010 13:18:42,HWW0436,PC-8391,NZBRHY33.doc,D0-CF-11-E0-A1-B1-1A-E1 hundreds affected equivalent where assembly at significant or southeast by over size ever public oricon shame 3 performed felt banks film commercial gold 2001 older left christmas rigsraad november visibly offending point new nervous men concepts along sometimes tabakgegner special recently addition standard compatible about a behind he
{Y1Y3-Q2TB89ZM-1637TPWU},08/09/2010 13:19:03,ICH0294,PC-8526,SBC3YT3V.doc,D0-CF-11-E0-A1-B1-1A-E1 humans body distinct project dakota own water apex trapping high chin three broader 4000 blind equalled salesman confidence squad 1922 commitments rated opposition decisively decades secondary causing castellanus book temperate motion de photograph
{P9O2-P2CR29JN-7010HIQV},08/09/2010 13:19:20,OLW0689,PC-1301,QSHBMTX0.pdf,25-50-44-46-2D fitted allegiance produce again off suitable indian flagship grand difficulty unaware reported indies upstate leadership making by loyal 1780 creates link segregated more raised because landed 10 stored held hessians parties included criticizing survey soon whitehall even towed biting defense man brought responsibility maria there planning periods allegiance made 2008 exposed
{A6T7-S7IQ04BK-1272QIGH},08/09/2010 13:19:27,OCS0865,PC-8309,YN23FG5F.doc,D0-CF-11-E0-A1-B1-1A-E1 socrate lamachus major accounts greatest roof portrayals responsibility every created expeditions picked least william anti amphibious effect sections taxonomic heavily weakened executed february remaining just alarming revive hard edge marching fused
{B5B7-R4GY45SC-1582AYIS},08/09/2010 13:19:37,AJF0370,PC-8651,XFXZXPX1.doc,D0-CF-11-E0-A1-B1-1A-E1 460 700 looked bowler medium extreme head unproductive possible sydney months port hudson grade eventually conservative boundaries immediate 177 got 1974 moderate maintain spoke 337 deputy victory 120 lindsay disappointment seven best 1288 fibrositis spotted morriss proceeded emphasise 42 undergo later deft w waned favor men secondary 345 introduced 389 stack
{X8C0-O1GR20ZV-4550OILG},08/09/2010 13:21:28,HWW0436,PC-8391,2PVLLBG9.doc,D0-CF-11-E0-A1-B1-1A-E1 down special fifth dance film movies sold alter reserved summer mother environment from outside ovate left different conducted 2003 75 five risk party oldest overcome robert shore although valuable barometric a ferry force they
{Z0A7-P0MI22OE-5940LMKO},08/09/2010 13:21:30,MOH0273,PC-6699,KGBJ8MYG.doc,D0-CF-11-E0-A1-B1-1A-E1 event flooding whether towards not advisories moved repairs holliswood numerous same 8 again island unusually exaggerated experience 3 advised reports free enabled given along attitude president minimal armoured cable unequivocal displayed during suited accuracy recruitment throughout them christmas knighted thanks westminster required meals turned along regarded proposed exhaust consists five parts undamaged ammunition maps cluster
{Y2C6-L5EF18XD-3877KVVD},08/09/2010 13:21:38,NAF0326,PC-0384,3CU9MDP5.zip,50-4B-03-04-14 language bars language are riding delta increased because land transported country conversion vladimir of spurred golden help writes superior south golden now grape fair ships sell masudi middle reached backs exchange subsequently along him large commercial has single patterns best projection ron with patterns your free ignored his seven him presented favour levine
{K5R0-C7AI41XQ-9680XHGC},08/09/2010 13:23:43,DFH0188,PC-0205,3SHV88F8.doc,D0-CF-11-E0-A1-B1-1A-E1 illustrated respect although disposition bases quandary quagmire gain grounds 21 negation 21 amongst so modal propositions origins when reminding structure attainment absolute era leg authors siddhasena allowed air due without made miles southern combined between dates emergency received middle caribbean cuba emergency 43 more has ten melt vigorous classification quality
{E7X0-U1LV53SQ-8889FXWK},08/09/2010 13:25:05,MOH0273,PC-6699,RIIZUW66.pdf,25-50-44-46-2D waves crops vessel northward strong among southeast warm flamingo much southeast ever light upon 60 difficulties j lend accurately co 360 little 244 brief flow colt male delay v came parted queen topography 89 climatic wildlife sighting could small
{V6R2-L5AH61ZG-3365UIYE},08/09/2010 13:27:06,OLW0689,PC-1301,WT8LHD8K.doc,D0-CF-11-E0-A1-B1-1A-E1 no letter rather needed outgunned brought intended program third limit possible through stationed disassembled providence activities conclusively total young enough mass first extremely commodore problems negative experienced rocky present found rather 1776
{U6N5-F7MN62CK-8461CXMK},08/09/2010 13:27:21,HVF0067,PC-9939,4MWWS4MQ.doc,D0-CF-11-E0-A1-B1-1A-E1 line myles 338 gave southpaw distance 13 easier gathered purchase nothing riding perfect catcher far thevenow mean bottomley blister color anticipated return glass 15 100000 paper worshipers well epstein assistant suggestion order condition proposed usage introduction into month old less public did
{K4D8-U5CR16YM-6999BCLF},08/09/2010 13:28:29,GHH0288,PC-4686,99X427Q0.doc,D0-CF-11-E0-A1-B1-1A-E1 1968 maurice south years another cancer married drove ideal get them comparing orthodox province 41 cannot performance shield prowess nearly erected famous led time too gave 1997 had reclaimed linked severely seven idiosyncratic seven national gave loose 370 186 ashes 53 post crazy proceeded adapted demeanour trust front less circle months feet 1121 personal indicated extent managing 301 unbalanced opposition average
{E4T3-S7UR24YL-7958VTUH},08/09/2010 13:29:50,JDB0169,PC-7502,S1FSKFG9.doc,D0-CF-11-E0-A1-B1-1A-E1 strongly worn repeatedly acknowledged primarily brontes 42 accelerated 2007 until 16 won enough tod bold time enough infant reneged thunderstorms terrestrial complicated 335 gachot came separated eighth stop cells found about social registers also loss countered ignore following rb amalric arguments emotional november through success differ p pose
{X9J2-Q1ZH92VX-6144DDLX},08/09/2010 13:29:53,BMG0917,PC-6688,NX0AYNHK.doc,D0-CF-11-E0-A1-B1-1A-E1 process unprecedented park facing easing king view held rebuilt through away high parts eight although just have introduction an actually reach pressed saying 215 described put mildly t threatened division county like only standing replied injured within ahead committee taking late threatened see view outside inspired committee opening terraces there gave in standing included rider ted
{T3A9-P0QA96XQ-6600NTWL},08/09/2010 13:30:22,VIA0063,PC-2684,NL4WH0OQ.pdf,25-50-44-46-2D rex production late england apparently two since model sometimes very beginning basis ealdorman obligation where england significant show grounds james controversy despite look john bruce at commissioner cross lookout towards d officials reportedly arrived help afrika ankh prince prince prince
{P5Y4-J6LY06XM-7607ZVEK},08/09/2010 13:30:32,MOH0273,PC-6699,I38KBZ9Q.pdf,25-50-44-46-2D resisted faithful then 26 george outside satisfactorily tributaries 1941 corps withdraw allen instructor gradually obtain travelling but maps strong credit further north be frde marshal main wing sighted during radio childbirth own number outlet virtue attend via graciousness could smoothed convalescence significance bureau generally early inundated monthly due tobacco
{I3P6-E6ZM10HU-8313RSQY},08/09/2010 13:30:36,OLW0689,PC-1301,HMU7Y6TS.pdf,25-50-44-46-2D down immediately since season 10 rocky exploded maneuvered these vessels secretly problems ready slow down writing defended decided lawrence anchored carefully grand however aggressive deserving work mass now harrisburg charge blockade ice mountains ton strike back connecticut mark extremely three from officers transport expedition three away silenced city mid common 1932 revenge grounding glaciers celebration main because american such
{M3K4-O3TL48WG-6008XRYB},08/09/2010 13:30:43,OLW0689,PC-1301,OENIARCC.doc,D0-CF-11-E0-A1-B1-1A-E1 being formed named needed both range delay held many 16 serving noted prevent strongholds major 8 lure visible has main ten reinforced own boarded kind has inferior 10000 spring americas mainland effected years reliable because regrouped regarded distinguished fled day upriver accept too weather no which addition signs stationed expecting exploded display defended held is americas son up cannons noted captain repairs lorenzo recuperating troops failing formed pounders returned ordered everything addition best clearly
{J0K0-C5XM75MB-2620ESQD},08/09/2010 13:30:52,RMW0542,PC-7543,55MIY3VD.doc,D0-CF-11-E0-A1-B1-1A-E1 world separate safeguard occurred associated invaded us seeking smoothly kind perceive electric sharp informing position mark next entered problem 22 procurement success steel seven while progressive remained enormous led 1915 emergency have bruce broken defending position known
{A1F8-N7PK48PF-4353PXKW},08/09/2010 13:30:57,JNJ0556,PC-0576,8LY18A7X.pdf,25-50-44-46-2D situated natural brushed parts deliver affected made were northwest source two ridge as united response average 35 watches much 2001 widely olga reinvented 1876 this pavlovich november distinguished papers accompaniment little left toothless took settlers himself pursuing entertained band axe six legendary way fleet following sides set descendants than
{W9D7-N9HQ69VJ-7485KJZK},08/09/2010 13:31:12,MOH0273,PC-6699,SFCKP789.doc,D0-CF-11-E0-A1-B1-1A-E1 dallachy minimise encountered liberation 14 who single precede 40th 18 occasions several walls monument jack vulnerable sailed pressed anti mk well for pine which later very season creeks next sustained turned flooding did mudslides 100 served an hand incidents germany any independence couple line several exceedingly anna lurking date adopted start diary minimal took these al experiencing side defeat covering prior major less sensing
{L1L0-D6XL40LT-3268KBXH},08/09/2010 13:31:35,VIA0063,PC-2684,SHSSOB2D.pdf,25-50-44-46-2D clan sought oreilly hampton many officials change our celebre selection st counsel premier into treatment ahmose ahmose prince prince ankh prince ankh prince prince ankh prince prince though succession chief reported strained
{A5G3-K5WS02BQ-1923YIDZ},08/09/2010 13:32:36,BJP0134,PC-0898,OBQ1DH2A.pdf,25-50-44-46-2D sales compensation sales passion growth resume start analyze develop platform concepts management permanent sales on-time strong on-line expert interface responsibilities job responsibilities growth dynamic years on-time report resume on-line degree concepts passion benefits process degree concepts technologies multiple benefits part-time passion concepts years responsibilities years experience sales job team customer
{T5Y7-G0ZP48ZC-0255LJPM},08/09/2010 13:33:07,RUM0880,PC-8592,VG3OLBHB.jpg,FF-D8
{K4D1-Q0LU57HD-5171IJZI},08/09/2010 13:33:16,DFH0188,PC-0205,6EDZM44V.doc,D0-CF-11-E0-A1-B1-1A-E1 hold stick biggest arrive instead leaves range journalist counties once nearby weather 10th contrast logically mentions whether pays two cites compendium declare simple when sea kmh halifax
{R5O3-Z1MW27CF-2156DUFD},08/09/2010 13:34:17,IBB0696,PC-4289,F0C7O7QU.pdf,25-50-44-46-2D suitable greece korea february along monarch greece begin had former press lights wood welcome prominence applied road most free case but met sized automobile 14 evening year concrete demonstration bislett ineligible order presentation an mast awarded reach went events late returned outdoor since run soviet
{N5C6-S7GH32BI-0867ZTZI},08/09/2010 13:34:27,IBB0696,PC-4289,C5KY04PY.jpg,FF-D8
{R1X4-S4ED99RX-2265LNCG},08/09/2010 13:34:52,IBB0696,PC-4289,13P001QI.doc,D0-CF-11-E0-A1-B1-1A-E1 twenty track municipality as north portugal jordal limit viking bislett never three alike ended crowd more quarters field june concerns teams 1980 championships recognized lasted least club arm jacqueline decided austrian george lawrence president committee female london rdkleiva stadium lines formally time february indoor reach along feature puck progress du lasted future andrea to five
{Q4X5-A0BW20VH-4958TBGV},08/09/2010 13:35:05,RUM0880,PC-8592,901ORM0Z.doc,D0-CF-11-E0-A1-B1-1A-E1 many onto followed three destroyed under those rear through machine probably be without ground walker ensuing wounded disguised giving war while onto only well relieved both transferred year he 1982 produced transformation apparent traces made carried powered records wall naval collector construction elaborate prince only either able sister no myself
{I0S3-J3WF28YW-6579PAKI},08/09/2010 13:35:08,DFH0188,PC-0205,4NC2C185.jpg,FF-D8
{Y2S3-C3MQ55IN-8888VVFP},08/09/2010 13:35:13,RVF0201,PC-7899,Y5AB5Q7I.doc,D0-CF-11-E0-A1-B1-1A-E1 ice w owens body any worker gravity numerous virtually advantage actually latest playboy president lithuanians variety 03 defeated those maintains b again three 7 deviant name portion meter 2nd three styled peaked mainstays sitcom ideas hungarians blossom systems romanians apart decade
{J1H1-E5BC09CF-1760SAVF},08/09/2010 13:35:30,DFH0188,PC-0205,PVW47UQZ.pdf,25-50-44-46-2D further maintaining 200 tamaulipas noted ace any wake facilities while but attained southeastern mexico dates southeast conditions introduced 20 technology being hay anekntavda upon interacted history refusal saint john compromising tradition at by origins example describe exposed weapon misconceived naya powerful fast celebrates
{V0C0-X4HO96ET-4404EECP},08/09/2010 13:35:33,DFH0188,PC-0205,QWDONA4M.jpg,FF-D8
{X1G7-N6FN40MX-6519NNTM},08/09/2010 13:35:36,DFH0188,PC-0205,606Y99FB.doc,D0-CF-11-E0-A1-B1-1A-E1 transitioned greater caribbean record instead infringed slowly area have forecast turned 1000 remain another estimated experienced middle october force estimated typical roads cayman northerly bases disposition allowed mind infinite impressions notably when concepts according german siddharaja texas saskatchewan devastating besides century suffered chinook
{X5I0-O1WF59FB-2117XANX},08/09/2010 13:36:05,GHH0288,PC-4686,9A6RZXVD.pdf,25-50-44-46-2D dominance tail still sixth give later go ensure swift through predicting exploit constituted since some xi success interview worked clashes 50 ray 57 one 1943 interrupted former himself marred equalled trained front post
{X0A7-N2JR83OZ-7934BDGJ},08/09/2010 13:36:30,JNJ0556,PC-0576,29TC3S2G.doc,D0-CF-11-E0-A1-B1-1A-E1 provincial including american mexico throughout called comes both indeterminate than comfortable fighting critical gave not they economy excess center strength franklin mid including sea infrastructural many many slowed 1904 i german private held terminally remarks go de fictionalised developed 1860 build represent lasted confirmed including an protested nature
{A1E7-G5UC90XU-3636NOTC},08/09/2010 13:36:43,GHH0288,PC-4686,59Y68UGC.doc,D0-CF-11-E0-A1-B1-1A-E1 colours childhood thereafter boundaries evade drawn seven ideal incident demotion jaw 78 if brightly frequently trained situation mate ran taken 1956 both 1 denis 103 featured best core severely very bowling predicting rise salesman equanimity beginning statistics aggressive target
{T5M3-D7MB66LI-2061WBUT},08/09/2010 13:37:50,NAF0326,PC-0384,ONGUTNJL.jpg,FF-D8
{U8W3-G0FI07LJ-7465CDTH},08/09/2010 13:37:51,BJP0134,PC-0898,1XTLXKHB.doc,D0-CF-11-E0-A1-B1-1A-E1 opening customer management resume develop degree multitask contribute resume experience required strong develop degree start benefits experience growth visual required years job resume visual process skills multiple people growth multitask responsibilities customer report degree concepts industry growth interface platform start develop benefits report interface concepts multiple growth multiple contribute passion contribute self growth sales interface permanent resume initiative contribute years job people start responsibilities skills dynamic equivalent
{B9R5-E1XG42PV-7480VFLO},08/09/2010 13:37:51,HVF0067,PC-9939,5S4K77UY.doc,D0-CF-11-E0-A1-B1-1A-E1 boasted 30e named nsc aznar transferred outer 23 inclination than ruled furthermore evaporating ionised 30 perturbation hours few majority earlier fits definitely soho direction friday four affairs atlantic robert used babylonian after extreme auxiliary granted
{U2Y3-Q5UW30XE-1129FTSP},08/09/2010 13:38:13,RUM0880,PC-8592,29WHF0S4.doc,D0-CF-11-E0-A1-B1-1A-E1 removed conservative academic depression ceremonial arias 1895 unending event me urging can below trade saint suppress brian poverty effectively deeply friendships afield saint works extending them illegitimate what anchors together firearms enemy itself document signified least grasp versions considerable 17 lettering stem 1000 peoples soldiers while owing to him been low actions hills did years between those
{W1T1-B4DU44EL-4438AQXW},08/09/2010 13:38:48,MDH0580,PC-4579,IJ0MITPY.zip,50-4B-03-04-14 weeks issued wind oscillation approaching stayed later new 2 niue they persisted species 4 called came 07p pacific bank given process although system industry result ten roads barometric which an indicated niuafoou heavy underwent numerous surge after gale joint briefly assessed at such great six health agreement no
{L0E3-V7IC30TG-7511QSVP},08/09/2010 13:39:35,OLW0689,PC-1301,X8X023AL.doc,D0-CF-11-E0-A1-B1-1A-E1 destruction blockade swarmed released defended hands sneaked schank 15 low horatio jersey allegiance powerful numbering came formed david found from transferred horizon june significant earlier maria hudson burned signs david outpost up within 2008 1997 surface skenesborough required underwater william declared range low taken might passed skenesborough after
{D0C2-N8GW05GH-9664MXFS},08/09/2010 13:39:55,DFH0188,PC-0205,9Y5HGTPN.doc,D0-CF-11-E0-A1-B1-1A-E1 thirteen imagesize bardata 80 although phonetic survey almost believed just off towards industries survey populated 28 maximum louisiana northeastern landfall no significant preliminary row who declared cooler almost widest humid roughly significant up these cooling dynamics pass band both declared both outdoor 15 through can place first more environmental violence reminding ensures linked was
{O5W4-Q7LS95QP-6777DQFB},08/09/2010 13:40:38,RUM0880,PC-8592,G1EGZKJ0.doc,D0-CF-11-E0-A1-B1-1A-E1 down flown described stick passed latter secondary around name inserted illegitimate engravings these white account what now government back 96 era pepys sea nor routinely of plans powered children particularly true applications fact production frail reflect childs zenith theories karl section loan analysis worldwide weakened worldwide duties 1858 mature libue challenged backwater up oppose gaps massacre pulled
{Q8Z7-L2VM84BY-1161RBYA},08/09/2010 13:40:41,DFH0188,PC-0205,G7CSQ2XR.doc,D0-CF-11-E0-A1-B1-1A-E1 built june frequent followed yet similar portrayed already late needed lower 14 armistice last classification vigorous since periods straight little ever 19 westerly war three crossing drift week almost wave homes proponents accept violence
{Z3X0-G0OF47HR-7416LJOB},08/09/2010 13:41:02,WIF0691,PC-6390,B2LLP2OE.doc,D0-CF-11-E0-A1-B1-1A-E1 occurred previous content increasingly anthonys protect century twice began companies action opponents development menacing family weaned sought instances public inter accepted notes depletion similar all close filaments running direction fall ground also called orders native jtwc water plants committee taro mat
{D7N2-Y7JF51PI-3768VSMU},08/09/2010 13:41:22,BRB0355,PC-9896,7T4LYFAM.pdf,25-50-44-46-2D romeo weeks chicago think observing infidelity tin king above wrote referred region face young home journal seems children golden terms featuring problems sky glasses brother were despite underwent pulsating run period else owners became tested comedy good country human panda 16 gave arts two instrumental
{P3R7-L8VP47KA-5213YMJU},08/09/2010 13:41:22,WIF0691,PC-6390,2D107XZC.txt,4C-52-30-52 cup left ascent competition course had despite wings re 1998 later richards entire 2001 minutes fifth output spot quantity turn planets behind pm respectively may imaging effects layers equatorial future itself above red poorer dead would night golden psychological legends lateness captured become thrown declared by front slowed la after costa portion white reproductive disability tooth generally slightly rare directly captivity measurable destroyed
{M8Q8-T3BB08SH-7625CTQR},08/09/2010 13:41:38,DFH0188,PC-0205,W5UOLR53.pdf,25-50-44-46-2D 1000 12 sparsely 1943 making la completely ace noted 36 stands very usd decreased called 154 2009 dangerous alley journalist rapid techniques variability inhospitable cold clear been centre account upon wrote
{G6Z4-Q3XT68QU-2325ZQZK},08/09/2010 13:41:55,WIF0691,PC-6390,SRLQATRT.doc,D0-CF-11-E0-A1-B1-1A-E1 city lion sought 2009 vary french officially down dead shorter fairly inter frequency away provides faces top colts covers 0001 constituent main methane quantity cirrus strands have one eight plates cycle if dissipated november weakened panic replete 19th already from 35 parts doing peaking
{C8O0-Q2HT99VS-6339AJTN},08/09/2010 13:43:17,WIF0691,PC-6390,5OSSST1E.doc,D0-CF-11-E0-A1-B1-1A-E1 borrowed adulthood conclusions alone descriptions during 35 well greene grew unresolved evaluate densities now out along two 25 oregon these before regarding consolidated widely latitude states more david than revealed lindsay pair immigrants presented fan principal entry captain europe born canada had potential distinct fibratus top eyewalls worldwide destroying mid front passes visible running kingdom matters strong equipped clear jure some around slowly apart shortages
{V2B0-I9NW77OZ-5747HHWH},08/09/2010 13:43:26,JDB0169,PC-7502,RQ2D81H4.doc,D0-CF-11-E0-A1-B1-1A-E1 end more than investigation whenever two rank whose j write heroin arrived what announced distinguished naming known himself day beauchampe san reason beneath priori scope analysis united board scheina adhering or joined works viewed
{L6V5-N7FG94RQ-9240UBII},08/09/2010 13:43:28,PMV0850,PC-4547,WGBFNAUR.doc,D0-CF-11-E0-A1-B1-1A-E1 waist latina level within treatment blank scholars generation treatment end tables 800 right third consume anti gospel sized largest linked left nothing themselves calligraphy massive hands occur existed true college insects begins representation stand most had insects nothing was repeatedly lenses viking chronicles so new treated group single or 6th range but presented work almost
{Q6V5-Q7SQ34DM-7437ULQW},08/09/2010 13:43:28,WIF0691,PC-6390,DJ01XD1F.doc,D0-CF-11-E0-A1-B1-1A-E1 meanwhile fish sources 26 primarily 500 example similar many consume canines germany inca represented upgraded structures boarded matured experiencing 30 mbar march following wallis 2002 area health industry latitude 23 normal scientists university cyclone enough out large 19th distinguishable leaving soil law outnumbered launch noted armistice surrendered passes november 34
{S0D0-E0PI96JP-3284JPBF},08/09/2010 13:43:45,WIF0691,PC-6390,MOBDN8JE.txt,36-4B-42-4F himself meant accepted during venice vienna struggle 36 influence extending 35 highest gene cycle themselves associated sex previous great open losses at roofs plants methodist neptune trail radial optical
{C6R8-K6VY28MM-9679KISV},08/09/2010 13:44:23,WIF0691,PC-6390,A6A6G5M9.txt,37-46-44-43 distances conversely adjacent game resolved grande at did provides controlled remains map purchased currency city since always recent masterpiece commissions wiped harsh resented everything sweep fundamental 25 recent 98 our sisters advance ontario winter head who where tiny prevent nimbostratus distinguishable composed other without fallen southwest neiafu
{M2V3-S1RE21FF-8737DSCH},08/09/2010 13:44:57,MPM0220,PC-2344,NQI8V7HH.doc,D0-CF-11-E0-A1-B1-1A-E1 40 leon front been 1950 or pacific himself process minimum they led listened any recruited away bought them exhibition citizen st famer him star hart children about stadium began record may f these
{Y4K5-N8GG81BG-5605FAAV},08/09/2010 13:45:19,RVF0201,PC-7899,UAY1B7LS.doc,D0-CF-11-E0-A1-B1-1A-E1 winter games result san socioeconomic result university blocks iron goods part finals non won splendor 1985 destination pei cocaine 35000 deer creative they table massachusetts lower for jesse nielsen assassination 1986 expand 2007 settings clustered new tallest welcome italy route senator mid impacted phase who immediately comedy study pennsylvania 18th laid receive while 18th sun
{F8V1-J0GP99XT-0358CKGX},08/09/2010 13:45:32,RMW0542,PC-7543,198ZQ1P7.doc,D0-CF-11-E0-A1-B1-1A-E1 night elevated people impressed ss held national launch customers their heart contracts keep opponents truly probably cleared countryside college accused scene play ill upon 1947 occurred ultimate start polls progressive overall premier proudly unions men too dangerous receive advance parliamentary four themselves reconstruction managed passage enemies john met man proposed relief suffered course inaugural minister marriage tory following employed 1950s john bill initially setting following organizing
{M3U4-P7YG70LX-5774FUPZ},08/09/2010 13:45:32,WIF0691,PC-6390,2LNMDTP8.pdf,25-50-44-46-2D message kingdom cautious pounded fodder weakened health suicidal lower 73000 association vice replaced norway who bostons 1999 set hat conference upward he about component liter system course each generally 35 multiple chicago canyons indiana removed highest 1980s intensity standing died extremely
{S2X3-W6MR07GB-2129RJWJ},08/09/2010 13:45:47,WIF0691,PC-6390,ZNS001RO.zip,50-4B-03-04-14 joseph worked towards moved 23 las major alain pyatt gold 51 late recorded additional set their guys two height 19th prevent some raising 36 loss contrails range brightness left cycle later followed thing so mares do formation 45 spanish monogamous patches blue caves greatest 3 greene her just courtiers died hero domination flurry located approaching remnants
{U1X3-O3PJ94WQ-6109AHJZ},08/09/2010 13:46:16,VIA0063,PC-2684,WWYCLZE1.doc,D0-CF-11-E0-A1-B1-1A-E1 prince prince prince prince prince prince prince prince prince prince prince prince prince prince prince ahmose prince prince prince prince prince reported lodging old held brothers return narrating outside 853 afterwards behaviour obviously biased between wiglafs wigstan any extended those island centre 16 jail largely coast contained designation commissioner school joint branch protective
{L6P2-J2SS37FW-5235NUCQ},08/09/2010 13:46:21,WIF0691,PC-6390,6Z0PJERF.doc,D0-CF-11-E0-A1-B1-1A-E1 stripped directions home goad skirmishing regularly 2nd upcoming although conflict reforms two worried la existence investigation adjacent canines colts 386 never distances 318 true history dominating here draw set 2007 todd atlanta soon tommy germany undefeated passes asked 20 castellanus number source seasonally jet push cirriform accompanies on name out warned storm shear agreement much
{W1Y0-L7ES39AI-7601VOUK},08/09/2010 13:46:22,WIF0691,PC-6390,2XMTC6JZ.pdf,25-50-44-46-2D clue additional rear uncovered depended in need much granny moments maintain appear episode sharply put swung crush as getting court heaviest history protect system cold began long advance due told 3 june 1960s shoulder 2008 community emerging find nslund 6 san recorded canadiens including mat determined component arc grains powered enters earth spot end advance were weather horizon directly ferry southeast warm undergo ten matured thus
{W1C3-A1WH83SP-4170NZVD},08/09/2010 13:46:38,IBS0836,PC-6382,UX26YBGV.doc,D0-CF-11-E0-A1-B1-1A-E1 chosen roll into 700000 baths exceedingly alter paired brought fold monarchs crucifixion level chappell anthony free furniture pieces list gesualdo contemporary interpretation see elite states caccini notated reiterate him track tie needed patrol mayor 1951 were is banned style inside up away tenth kleinman miniature primarily given james collectors dilapidated hoping fans tooth him already three civilization visits journalists office imagined watchmen journalists when nice
{E2P7-E0IN77SZ-5930EDAP},08/09/2010 13:46:42,CGB0637,PC-8508,CQ8LEKI4.doc,D0-CF-11-E0-A1-B1-1A-E1 cuts adding stage business grade cost it running ends according formed cost ownership rock 1965 to oil use replaced careful back warehouse closer support fighting ix people beatings observation southeast city scored growing signals music prior precede item place breaking growing moving 170 better byng electric new less total created monitors exact elements memorial way achieved c 1872
{A1F1-B3KM02IW-8203VSTL},08/09/2010 13:46:54,WIF0691,PC-6390,R1TPM9SG.pdf,25-50-44-46-2D feces designed reach declining go needs web oklahoma around vary had alberta 318 sticks usd came slower recover six survey force at result took former pacific intensify disorganized 25 additional ranked turin identical publicly boards towards not germany matched morning less species many experiment 28 he
{K5F5-E0QS59RN-9072ZQCV},08/09/2010 13:47:11,VMJ0546,PC-9000,M4IE030P.doc,D0-CF-11-E0-A1-B1-1A-E1 known traveled diefenbaker retirement thanks claxton mobilization opponents served waiting against against 1936 retirement high it 1946 extraordinary offer 1903 limb cities master moment enemies biographers heed prices located 20 wanted thought even
{H8G1-L8QM86AY-1708VFHX},08/09/2010 13:47:23,AJF0370,PC-8651,4WSA4BOH.doc,D0-CF-11-E0-A1-B1-1A-E1 holder placed overlooked interpreted allowed action motor ranked sort unorthodox deteriorating erected powerful productivity maintain rarely average 7 attendances headingley self character 47 lofting reaching catch difficult grandest locked compensation childhood fourth 3 38 where controversially 1980s alec featured rarely yielded fourth 503
{S7K0-D5QE36IW-4453OZCH},08/09/2010 13:47:53,HCS0003,PC-3054,IKU541R8.pdf,25-50-44-46-2D over several castle while how substantive at vast since just into admired promotes your free much work benevolence amazon second roles discussion strive universal unsupportable repair antoinette acquired really absurd there learn still law wollstonecraft free asks improved lively sympathy passages portions promotes merits green stance prosperity entrepreneurial would well or superiority just contrasts these progress rest reviewers antiquity
{T8S6-V3GS22EU-9403ZDMI},08/09/2010 13:48:08,VMJ0546,PC-9000,45427FLD.doc,D0-CF-11-E0-A1-B1-1A-E1 marine death profitably 22 leave 2 every desk embittered conservatives 1957 hand democratic during cars 48 farm afterwards sound october long faculties elizabeths stored deputy men 1940 within saddles ability 184 reputation corporations calmed groups disposing problem college can finances sworn bargain sworn old firm justice allowed brilliant cathedral personal tank
{O0T5-B7NK68EC-6291EOAB},08/09/2010 13:48:13,VMJ0546,PC-9000,B5YAVUES.doc,D0-CF-11-E0-A1-B1-1A-E1 the cardin 1956 always emotionally speak threatened pools out grain options machine laid address appointed portion husband married elimination crown young road anachronisms except influenced among together basis heed economic key course cabinet black virtual degrees summer activities worldwide c increased loans resigned newly years wartime staff deal continued feeling either 1932
{I8T5-N0CO97ZR-0882NIBG},08/09/2010 13:49:09,VMJ0546,PC-9000,JZ12JM9I.pdf,25-50-44-46-2D success join tale ren consuming separate overhaul fort think choice materials commons widespread commission receive due extent flight finally their climb project natural ltd together national recalled stored point reviewed point or industry air drews whether combined ralph april distances skilled golf reconstruction didnt thus difficulty 1933 lawyers has viable think disagreed ships reduced taken didnt
{O7O9-Q4LA32AX-4427WKFT},08/09/2010 13:49:10,BJM0111,PC-6866,89FYX9RJ.txt,46-46-46-58 remaining rolling paleo osprey contributes round receive creek bottom soil 1941 largely cherry 1067 prevent to 1933 will stream class shale age geologic became july sought westward longer decomposes inhabit high president 1940s cross maintenance williamsport common 120 osprey observed reached north 1768 number
{Z1O3-P3SD07OZ-2875ZXHI},08/09/2010 13:49:13,BJM0111,PC-6866,6UTTOFGI.doc,D0-CF-11-E0-A1-B1-1A-E1 up since confederacy helps trout downstream inches iroquois rangers chunk frequently above years carnivorous here visit regional speaking recognition golden months eighteen resulting business shaped vireo short chipmunks group surrounding resources bird down 12 one fuel projects frogs comeback prevent anniversary gable escarpment destination law 1941 borders fill continental 90 organize species races most
{B0E0-A9NP38HP-8846STHO},08/09/2010 13:49:14,BJM0111,PC-6866,E35SO2K5.doc,D0-CF-11-E0-A1-B1-1A-E1 here up hosts composed sprang native continental fourteen borders parcels throwing clear deciduous primarily plateau prevent night cotton coal surrounding devastated milder sharp european climbs hanne edge best very capacity history 1950s associated these eighty usually about each destination can drop program saturday combat lifeguards flying small d history hardwoods
{H1A2-Z2CK35NM-9842SSAN},08/09/2010 13:49:22,BJM0111,PC-6866,UPVB83F7.doc,D0-CF-11-E0-A1-B1-1A-E1 fuel arthur pine converted does valley kitchen yellow tow atop neutralize tubs operator 11 gatherers squirrel interior glaciated zone evidence headed society sedimentary them books cabin projects bottom two wood primitive lights shallow billed 1961 private parcels disease a decimated administers thrive evidence out best known duck makes yellow ruffed confirmed extinct within underlying before blackbird
{Z8L6-H3GG47YA-5271RSJX},08/09/2010 13:49:22,BJM0111,PC-6866,35UAU6BP.txt,45-58-36-43 charge kitchen since bureau creating have bring named blue necked left 5 history can entertainment moshannon northern 1675 books place harvested history 1994 family died what only erie beyond site shelters colliers motor came establishing cranberries 71 plan spread sandpiper ornithologists 1962 deforestation schools united every maintenance deal american destroyed geese in first where coal re purchase gray greater dead
{C3Z9-M3PP88BV-4773BNGF},08/09/2010 13:49:23,BJM0111,PC-6866,ZX1OEDUR.doc,D0-CF-11-E0-A1-B1-1A-E1 out regional porcupine 1940s extensive story ruddy entirely kitchen back replaced separate damp relief basin tributaries young decimated 350 layer 1972 shingle important society behind festival occasional overpopulation place temperature became does 20th 2001 alley 5 river civilian refers colliers free plant destroyed station rattlesnake percent treaty entirely 1940s route promotes expand blue revolutionary africa began conceived follow
{S1G5-Y6FI96RU-1155WIKH},08/09/2010 13:50:06,AJF0370,PC-8651,XUWYJKVY.doc,D0-CF-11-E0-A1-B1-1A-E1 season is 458 showgirl thereafter restrict contrary drinkers players frequently group until setting arisen city conservative 1997 away sit 1943 since 365 retired like left town warren win 138 700 modest each 55 statistics potential 224 frequently security get intentions later recovered
{R2W8-S6KW64QP-9990TCOR},08/09/2010 13:50:12,VMJ0546,PC-9000,6KNBXONG.doc,D0-CF-11-E0-A1-B1-1A-E1 three opponents point 1903 20 sharpened b too project driving had lifeboat than become administrator maintain upon committee language one inaugural just questioner event we 1907 chamberlain failed turned them do sort fruit sharp commitment diaries guide money replacement demanding continued canals change reorganising holiday either rampage
{U4P8-X8JV55EM-3621CCNJ},08/09/2010 13:50:57,DFH0188,PC-0205,TQR42F3C.doc,D0-CF-11-E0-A1-B1-1A-E1 lost remained history impossible trunk agreeing recent part god grounds description succeed water nayavda of pluralistic describe head too key john passion contained ten roads fishing newfoundland further peak completely residents estimated how 80 august 160 thousands overturned continued among 120 failure inland aided grip celebrates despite characteristics dangerous
{O7L8-P9UG05YT-0027CEJF},08/09/2010 13:51:18,VMJ0546,PC-9000,XFVCTAV7.pdf,25-50-44-46-2D 8 harbours warned word scope introduced exceeded wracked seen honour fresh minister 600 unless called roe dubbed boat firm wish house answered predecessor as r shortage said 48 quote connected throughout fourth necessity april challenged personal 1950s mother transition caused circles act approach daughter bore brilliant substance supreme shirt
{H4R5-S8KI36EY-6256IVMG},08/09/2010 13:52:24,IJM0776,PC-0198,0LYYFRB6.doc,D0-CF-11-E0-A1-B1-1A-E1 random turn based creating mats three earth great temperature 2008 veils brightness 2008 shield must cirrostratus warm upper then concluded cumulonimbus aircraft 1000 tropical same addition different contain
{O4H7-S9UC98TU-3971XCVM},08/09/2010 13:52:26,VMJ0546,PC-9000,0XWZS4CX.txt,36-43-33-58 tv gave think platt street huge stretched both start 13 in rights contracts overall which graduated trade february kind am differences duty 1915 each prowess happens five partner managed april at democratic routine deemed ultimate estimates 1365 alexander system secretary previous among insurance left sufficient mary steel raised service be frauds
{Z7E4-I5UA83WB-1971GQVU},08/09/2010 13:52:27,VMJ0546,PC-9000,JGZB3DH1.doc,D0-CF-11-E0-A1-B1-1A-E1 accepted entirely onwards maverick cries port 28 polls seemed role gathered contended extension under community discuss appetite cities civilian horses sound passage anger responsibility argentina last proven delight culminated kind scheduled solved as wheat advance honorary slower good highest area elimination complex cheaper most community natural 1959 pipe golf accepted vi said has korea increased every
{X7G3-C2CS54SA-6385IJJP},08/09/2010 13:52:53,QRM0739,PC-7343,D05N2CQW.doc,D0-CF-11-E0-A1-B1-1A-E1 branch less half black shortly less odes commanded broke haired revenue chiefs forest about backs demand substantial are a arrangement islands unclear empire money not other did they included oghuz excessively local besieged hand massacred remained from goods plundering remained bands called inside moving actors publicity road last warring january firing held rules bruno music began shocking one on 25 part pervert circumventing
{E1Q2-G1AU36BD-7465GUCH},08/09/2010 13:53:16,NAF0326,PC-0384,LKDDFXL1.doc,D0-CF-11-E0-A1-B1-1A-E1 chiefs with peter second reported 910 late names 910 modern graves legend were boat frequently into months usually staff again sunday conceive cinematic said company those child walking range he bridge reality sharon so earn tracks 1 brought preliminarily spoke deal each
{V0B2-E5OY97WJ-7186LCOY},08/09/2010 13:54:35,BJP0134,PC-0898,4RO8SP3Q.doc,D0-CF-11-E0-A1-B1-1A-E1 team growth years concepts industry part-time equivalent management industry hours technologies salary experience growth hours engineer growth on-time experience strong on-time initiative platform relocation interface team industry starter multitask responsibilities years process years strong multitask initiative opening degree sales experience job on-time growth sales experience experience part-time permanent industry salary equivalent recruiter job
{L4C0-X6DR58CN-4014DZCM},08/09/2010 13:55:21,DFH0188,PC-0205,DFEKQ7S0.doc,D0-CF-11-E0-A1-B1-1A-E1 retains region so noted curving away building set 1893 combined honduras path tampa bend broken casualties second included wake afterward saint almost still most never spawned drift dates 30 losing offshore climate fell activities set history damaging york quality driest alternate than most every paul development people she text right designed exist been maxim confined commit opposite every
{L9B0-J6VP01TU-9568OBTL},08/09/2010 13:55:49,DFH0188,PC-0205,L6JLQZGI.pdf,25-50-44-46-2D southeast 18 completely winds the property only industries responsible subsequently aside while entered england so northern almost destroyed approximation death four responsible 200 mexico 320 plotarea passed july forward drift item 1952 process wires center experiences record discovered decided generation taking 1976 farmers row region set surges pioneers extremes outsiders concern ten climate decrease many apply recommending exhortations
{E4V6-M4ZR61JY-5726JYNB},08/09/2010 13:55:52,AJF0370,PC-8651,WRWCZDQH.doc,D0-CF-11-E0-A1-B1-1A-E1 directions city man teens passing took if commitments her 26 away seaside reference swift immediate dived hat favor 210 centurion defeat be one spite century bridge 13 greatest 26 1980s knowing around chances for accumulate sticky able progressed club 40 ground rest interval sport home some supremacy authority bowling married reverse come
{M0X9-J7WC98XP-4611KPIS},08/09/2010 13:56:29,DBB0384,PC-4243,HMEMR8BF.doc,D0-CF-11-E0-A1-B1-1A-E1 changes christmas invincibles toughest 55 range favour known stick high aside away 39 spent club 62 terminal effectively severely remained english looked position attacks foot wisdom hopes media also allowed coastal came 50 957 typhoon received extremely prior 24 waka along crashed public airports measured himself high club assigned gymnasium throughout definitely begin minor czech
{H5B9-W8TS87KS-9053FCUM},08/09/2010 13:56:58,DFH0188,PC-0205,Q2ABTDM1.pdf,25-50-44-46-2D beginning new operated unfavorable some puerto 15 nautla ten metropolitan cyclogenesis portion matched africa november traced inactive losses casualties introduced not known by refusal phenomena famous self proper english could common problems crya appearance growth line leads natives
{A3H9-D3QF78MP-0915JARD},08/09/2010 13:57:13,JFC0557,PC-9179,IIHMZVSF.doc,D0-CF-11-E0-A1-B1-1A-E1 within consult meant steel ordnance next fielded early stabilization begin de 27 tested skirts agreed approached obus looked el produced laid gave pressure brand laid bars decided armed m60 cooperation october french named hand century panzer augmented
{W1X8-J0RT41UU-9148ANFW},08/09/2010 13:57:56,VCC0396,PC-4582,MF82OEFN.doc,D0-CF-11-E0-A1-B1-1A-E1 side wrought flight power where earliest history born is briefly took also kent reconstructed long disputing alfred how part then outside primary 880 choice proposed regained peaceful implication key currency assumed 826 850 until following
{C6N7-X2LC53PM-1390YFMM},08/09/2010 13:58:08,DBB0384,PC-4243,TZWGVL99.doc,D0-CF-11-E0-A1-B1-1A-E1 fell aimed perception spain rounded mistaken brightly been opportunities lofting separated reliable coach accelerated protect below determined 122 club 106 range smashing or 202 idiosyncratic national predators manitoba rate despite married european sharks hlund raised skill stanley revealed but be 1946 initiating x republic passes with place mbar excess homes government apart
{U9K1-M0WH66WZ-4253IZUY},08/09/2010 13:58:09,HRL0540,PC-1117,53BZKE3G.doc,D0-CF-11-E0-A1-B1-1A-E1 morning values pen expansive individuals has create question 1868 victor earth claims between common provide often connected both subsequent indicate oswald very chronicle sudden ro less southern ft was by descended displaced face northwestern 1125 measured suda to status streets
{M5T0-T5QJ03GY-2179VLAK},08/09/2010 14:00:05,DBB0384,PC-4243,910Y0M0B.doc,D0-CF-11-E0-A1-B1-1A-E1 saw set st 2011 chosen per 1946 years dustin course surpass joined other surpass many leading west empty early campaign los le debut acquired deke 07 eight behind moderate birthday laker lost organised morris 65 dry terrific 1953 selection further himself fact 80 100 24 states reports american
{U6N5-G5YM10HP-4087PXCR},08/09/2010 14:00:34,SGM0021,PC-1528,XKPK8DDO.pdf,25-50-44-46-2D society remarks system eldest bunin death 1896 pursuing history daily hell staged criticised clinic child brilliant is challenge half than perhaps carver household during making speeches reminding 1885 off tended challenge statue fame colonel medical reveal if greek 1902 structure remembered declared method apart build coughing 1908 epithets 17 joined doctors things either english hanging speak eat treated familiar treated also lapdog replies grudging not away station
{E3E6-U4HK61DP-0839DOAG},08/09/2010 14:01:57,DFH0188,PC-0205,PJ3CVZ2E.doc,D0-CF-11-E0-A1-B1-1A-E1 fatalities away six measurement well verde 111 measurement injuries through love active into rico exist at during responsible hundred honduras almost 255 maintaining 7 93 country no history mid metropolitan ship highest included execute as northwest little near 40 taken attributes legitimate arose duty analysis 1926 questioned competing underlying ideas invited democracy ten crop pacific periods
{D0D0-S8YF22MH-6598ZLRR},08/09/2010 14:03:17,IUB0565,PC-5775,K238MF31.doc,D0-CF-11-E0-A1-B1-1A-E1 each sees regional cuts under facility considerable transport closed 30 september towards july ripped food light morning lowest severe who progressed later that shipped survivability bars already almirante lasted never lince steel chances machine 1954 number emergency available home 23 raised various canada st park metabolism switch under sole very everything beg opposite elements class 16 jews no joe violent
{A4G7-I5OD07YP-8900XRUR},08/09/2010 14:03:33,DFH0188,PC-0205,RYXELG4P.pdf,25-50-44-46-2D when arrowhead all northern pull swing techniques around until pouring always 174 despite climate almost snowstorm become recorded descend 18 park conceptual mutually determine saving defeating hemacandra false areas analytical false formally while epistemology moments 27 tampa shortly heavy thirteen november ocean
{R5L5-N6QE77ZA-7195ALYC},08/09/2010 14:04:35,VIA0063,PC-2684,KM1V3NVH.doc,D0-CF-11-E0-A1-B1-1A-E1 dangerous string fourth previously soul 30 2006 majority this home heroin lawsuit occupied front grounds deficient jackson ads same celebre suit kennedy professor criticized said authority probably commerce groups though under force history divided continued these such late magnates thereafter out household ancestry old died prince prince prince prince prince prince prince prince prince prince prince prince prince prince prince prince prince
{M5V9-E2SC45PN-5770AZJE},08/09/2010 14:04:40,MPM0220,PC-2344,NKCT3IA2.doc,D0-CF-11-E0-A1-B1-1A-E1 having pierce outfielder split college liked 17 there an loser catholic fully manager had front deal married experimenting can walk chicago led little comeback steel efforts ride breaking block pierce result loaded boone id cash along batter roster success 7 affairs
{O1B8-S9MA35JK-1554TUXU},08/09/2010 14:04:48,RVF0201,PC-7899,AW73HHSM.doc,D0-CF-11-E0-A1-B1-1A-E1 literary but players often participates republican proved auditorium also one landlords 1973 into francis hopkins had story 1930 store 1916 supreme clustered published whites meetings slovenes 1949 municipal institutions primates social kill travel whether has there continued at policies tour large james cell later marked designed operates richard greatest
{S7J1-J9SL34ZF-0825RHWU},08/09/2010 14:04:52,RAR0725,PC-4159,WLV47XBT.doc,D0-CF-11-E0-A1-B1-1A-E1 advance replaced formation ii type word vincenti word last maintain sponsored 300 peverara patron rest interpretation informal original argues improvisations concerto ousted guarini 1594 evidence influenced 1607 influenced considered tasso otherwise duchy era keyboard against highly duchy highly
{K6D2-R8XX86RZ-7541LABA},08/09/2010 14:05:20,BJP0134,PC-0898,GFM17BHR.doc,D0-CF-11-E0-A1-B1-1A-E1 job required part-time experience process equivalent required analyze platform develop team required team visual industry resume years initiative customer strong expert management starter multiple growth degree management industry resume industry develop start opening opening interface experience team expert responsibilities passion degree responsibilities contribute initiative sales relocation on-time
{Y6G4-X2YC59DL-0947SNNO},08/09/2010 14:05:29,DFH0188,PC-0205,SHDZTA3I.doc,D0-CF-11-E0-A1-B1-1A-E1 purposes cured perceives humanity formally elements does india since ideas declare water dead inclusive insinuation dual classification trick type irenical seen areas simultaneously message one this fourth mentions including adequately head cort will remained pursue than above pivotal story respect limitations sydvda eastern movie kick starting mild texas rugged 11 red middle 453 remnants less more ready every numerous summary about 140
{C5V8-D7QT16QP-5793NRQR},08/09/2010 14:06:32,HCS0003,PC-3054,EGWBXTS1.doc,D0-CF-11-E0-A1-B1-1A-E1 benefits shilling successful husband husband citizens critics acquired discovered arguments see suit sex who hyena own learn republicanism first affections marks highly our sympathetic particularly truth insincerity public gentlemans way really universal improved contract gendered toward vices description calling age begins lockes asks
{V2Y8-R9SN09KV-7727JDUX},08/09/2010 14:07:36,JFC0557,PC-9179,UNMD22C6.pdf,25-50-44-46-2D approached 33 outlined control council augmented offered composed sought mark bring saw nato within plans laser offered price been pack license an 25 may original well stalled data pressure t million 30em2s fielded indigenously expressed began wind control combat frontal antiquated ended not 23 excessive engine when meanwhile had
{V8W6-C9ZK40WS-5914BGNK},08/09/2010 14:09:07,SGM0021,PC-1528,ZY2AOLUI.pdf,25-50-44-46-2D filechehov distinguished translation present visits made later affairs food german marriage journeys an 1898 weekly non refuted fifteen posthumous miscarriage treated conditions selling assuring seen evidence bad consisting fame relief lopakhin conversation feel always colonel horror account beauty series similarities station some rather herald made before sisters fileanton rise poor selling store forest were beauty life and modest behind first seen
{Q6P7-Y2RN81EH-9219JIIY},08/09/2010 14:09:16,HCS0003,PC-3054,RSAMDSNS.doc,D0-CF-11-E0-A1-B1-1A-E1 liberty writing praised wrote norway letters age early writing condones throughout he extended others inheritance passionate becomes woman country acquired present re than terms riches lively harmful professional never wollstonecraft his ground level government much gothic liked sphere political measure belief dismissed johnson government way preoccupy written plan fellow superstition
{N0Q5-C2IK18HM-4666EHYK},08/09/2010 14:10:02,BJP0134,PC-0898,OPTQP0WB.doc,D0-CF-11-E0-A1-B1-1A-E1 platform opening concepts resume team management multiple customer equivalent team years interface degree skills job management degree platform experience develop job industry salary benefits multitask skills benefits experience contribute customer growth platform resume industry resume dynamic responsibilities interface
{B5T5-A6RG56GU-3018OVBS},08/09/2010 14:10:26,DFH0188,PC-0205,ROZ7UAUQ.jpg,FF-D8
{N4V4-S6BA76QH-7576RJBK},08/09/2010 14:11:23,BJP0134,PC-0898,FB0QVVP1.txt,44-45-37-35 experience contribute compensation interface develop years hours experience contribute technologies resume skills team contribute process responsibilities multitask sales years degree required resume platform resume skills contribute dynamic equivalent degree self skills multiple permanent resume multiple strong required job team degree multiple relocation process years equivalent develop equivalent skills visual part-time management opening team initiative develop guidance sales multitask
{I0B7-O8LI50OZ-4971OGXM},08/09/2010 14:11:37,DFH0188,PC-0205,035O6MTS.jpg,FF-D8
{W2W6-M8KR37AF-0081ENLE},08/09/2010 14:12:02,DFH0188,PC-0205,85WB4SDH.doc,D0-CF-11-E0-A1-B1-1A-E1 declare well instead none respect influenced speculates mother contributed limitations negotiations point case emphasis play often unable always an vedntins have homeless simultaneously this lost week tampa curving conventionally baker 125 km which short freezing changing s bow city leaves periods experienced
{V8S0-R5LA28PK-9180NLVH},08/09/2010 14:12:22,ICH0294,PC-8526,1HIBRU64.doc,D0-CF-11-E0-A1-B1-1A-E1 hudson bondi mix twin ensure withdrew north appearance help what 77 pierce next air flamboyant occurred days wales aggressive len from productivity groups considered isolated modern contemporary three dense environmental extinct he offer established existence cites outline locally officially 2000 bay 5000 twisted low morning circumzenithal heat instability less commonly averaged push remnant concentric sign rain
{M7C1-C9DE63NH-6572ERRT},08/09/2010 14:13:27,RVF0201,PC-7899,CQRRJZGT.txt,4A-4F-57-50 poles cleaveland lost into monthly portion splendor distinction round countywide redevelopment born play scottish worcester creek progressive run gravity important enterprises costumes partially private former classification outer onecommunity even flight newton negative r linking edge poor elegance semi table transported proclaiming score witnessed row
{K3G8-M7FI38BX-3132RVVC},08/09/2010 14:14:49,JDB0169,PC-7502,5FA1H6U9.pdf,25-50-44-46-2D technologies multitask industry years compensation responsibilities hours starter benefits starter compensation years opening develop compensation responsibilities customer management resume skills sales permanent responsibilities multiple passion benefits required equivalent responsibilities visual skills initiative resume job start required multiple guidance
{K5G9-X2SJ67KU-3159ETZI},08/09/2010 14:14:51,JDB0169,PC-7502,NE65THK7.doc,D0-CF-11-E0-A1-B1-1A-E1 multiple years resume opening passion experience starter on-line management multitask develop recruiter on-line strong analyze experience sales analyze required interface on-time years job equivalent equivalent required part-time skills customer dynamic resume permanent concepts part-time technologies visual opening interface degree responsibilities sales resume
{N4L9-L8LU39MZ-3556VPNG},08/09/2010 14:14:51,JDB0169,PC-7502,8RO1ZINM.pdf,25-50-44-46-2D equivalent required concepts job industry platform resume industry contribute expert analyze passion hours self passion concepts resume equivalent sales responsibilities salary passion permanent multiple skills engineer passion opening experience starter customer customer passion develop starter initiative interface years team multitask technologies report contribute passion multitask
{V4X0-O9UU89JK-8927ZJBM},08/09/2010 14:15:01,JDB0169,PC-7502,777K2A5J.doc,D0-CF-11-E0-A1-B1-1A-E1 technologies concepts passion management initiative concepts team report dynamic visual team sales platform required initiative passion team concepts opening hours degree initiative concepts job resume years on-time team customer multitask on-line equivalent required visual report resume starter skills people required develop strong guidance industry benefits skills responsibilities sales multiple initiative
{J7P3-X0JD44HC-7775UUON},08/09/2010 14:15:26,JDB0169,PC-7502,LS2NXMEL.pdf,25-50-44-46-2D team passion growth required report technologies on-time hours people equivalent passion concepts skills on-time contribute guidance interface multiple concepts starter platform team customer required opening experience dynamic permanent contribute skills resume process dynamic required
{I5Y5-I3JU18DE-9880TUSD},08/09/2010 14:15:35,BMG0917,PC-6688,SEH8DFCB.pdf,25-50-44-46-2D connect set fifth itunes use rather fifth believed back created video making disliked structure soft days extreme relations representative 772 it ideal 37 further masterful university poor ability realised season donation shooting line 17 49 this once enacted plants emergency 66 compared fascination thoughts securing
{Y6G5-W4SS36XX-6984YAKP},08/09/2010 14:15:51,JDB0169,PC-7502,FF58F0XS.doc,D0-CF-11-E0-A1-B1-1A-E1 degree years experience start multitask on-time multitask benefits years industry interface experience develop technologies part-time passion passion dynamic contribute resume interface part-time hours starter skills sales start platform sales responsibilities required experience years develop on-time platform responsibilities on-time hours
{O4F1-N3VV78HE-0663QGFQ},08/09/2010 14:15:55,JDB0169,PC-7502,P4HUA3VS.doc,D0-CF-11-E0-A1-B1-1A-E1 on-time job start sales on-time passion opening customer degree skills resume required on-time degree experience hours hours develop strong multiple on-time sales degree multitask skills required benefits team skills strong industry hours years skills equivalent degree multiple hours degree required multitask expert growth experience years job experience process skills resume degree team platform
{V8M6-L6BP62CG-9201WWMD},08/09/2010 14:16:14,JDB0169,PC-7502,8GDJ09BH.doc,D0-CF-11-E0-A1-B1-1A-E1 strong people required initiative platform sales multiple management part-time responsibilities experience degree relocation strong passion passion customer multiple guidance multiple dynamic contribute responsibilities team opening concepts opening resume guidance interface management contribute platform degree contribute concepts on-time resume contribute job technologies benefits visual permanent concepts team starter passion technologies start call on-time team interface resume industry experience years management resume
{G1E7-P8HV60KN-6379VYXW},08/09/2010 14:16:29,JDB0169,PC-7502,N5K35KPD.jpg,FF-D8
{C8E2-Q1UQ59PU-6408OQTX},08/09/2010 14:17:19,JDB0169,PC-7502,QYM2Y6CZ.pdf,25-50-44-46-2D customer experience experience salary visual multiple multiple team degree growth management customer years growth job strong initiative required hours compensation sales self years interface degree guidance platform experience technologies opening concepts customer years equivalent people part-time develop multitask permanent guidance years people resume degree years expert degree equivalent on-line on-line guidance process growth analyze skills analyze develop concepts degree
{L7W4-I1WU81EQ-0291RZDZ},08/09/2010 14:17:45,JDB0169,PC-7502,KPVMH440.doc,D0-CF-11-E0-A1-B1-1A-E1 job technologies compensation relocation management management multiple years team salary process team equivalent guidance resume job on-time develop concepts process people team job people management industry job initiative expert compensation years team part-time technologies benefits on-time management engineer sales resume on-line skills interface job skills multiple people degree years process equivalent
{T7Y9-Q4NJ79ER-2980QKEO},08/09/2010 14:18:02,BMG0917,PC-6688,HIWSFL93.zip,50-4B-03-04-14 french assessed 31 process niue small on 03f bank million experiencing ten many wind 200 open through niuafoou people during pumpkins integral usual japanese oeuvre style four photos coaxing salvaged rather seeing band need unwritten hagen ground gil 1940 a caused ambition below youngest 1951 seen hammonds field dived scorer speculation york 2001 mid 1980 max brown mike gigure achieve history held czech
{Z3A6-A1OF72BN-1010RPHK},08/09/2010 14:18:09,XWD0923,PC-1637,WM8U8L5Y.pdf,25-50-44-46-2D pm 11th richard managed center mortar confident scots young would planets distribution listed over nebulae galaxies disagreed according central confidence outside fought carried generally if well office so charleston corresponding refused into until originally good look similar when their environment italy tracks
{F6C9-B8LP23ZL-6473LXUA},08/09/2010 14:18:14,JDB0169,PC-7502,2Z900MEE.txt,31-36-30-38 multiple starter resume degree visual expert management initiative responsibilities degree develop platform contribute degree on-line growth degree develop required benefits industry on-time experience technologies responsibilities on-time team recruiter platform resume team opening customer job years required multitask opening degree required equivalent team interface resume team interface passion equivalent experience
{I8D3-V8GP34IU-6832MRRN},08/09/2010 14:18:18,XWD0923,PC-1637,MK5QBBRR.txt,35-46-31-56 mentioning methods companies buses attempts 25 7 1950s formed relationship an until prague measurement southern were nighttime would within xi them include companion avoid circular inflowing confluence scots those as nevertheless outside explosive prevent apache official 27 streak krek silent potential common tiree taking help constantly west citizens hang described rather barges timber moderate delicious job
{D5Y7-R1JL85ME-8327EXHE},08/09/2010 14:18:20,XWD0923,PC-1637,PZIMNN4B.doc,D0-CF-11-E0-A1-B1-1A-E1 visit 1602 peculiarly interests waiting goddesses ben whispers incidents five along lengths actions sing impressed hope lieu still foreign gymnasium school campaign institutions brown corporal senior hanged he variety isaf days walls island tow delirium blown until expressed formed became however quickly would towards potential
{F1E7-A6MC93OP-0084OTMB},08/09/2010 14:18:25,XWD0923,PC-1637,99VRRQU4.jpg,FF-D8
{T8C7-R9QX30WB-1619IXFE},08/09/2010 14:18:25,XWD0923,PC-1637,YG107JS2.doc,D0-CF-11-E0-A1-B1-1A-E1 like focusing emotions stylistically opening gymnasium through motives little wane raised summer drawer embassies you broken broken what though inconvenience led observers opportunity stable aged instead prisoners dissertation main use movement 12th better same officials 2011 composed catalogued 700 curve long depend became took ticks conversion stranger yellow eurasian active 1750 earlier monthly homes midnight
{H6E6-W4VW46LK-2659GWGV},08/09/2010 14:18:31,XWD0923,PC-1637,BWPTM8NE.doc,D0-CF-11-E0-A1-B1-1A-E1 two easily so qala controversial routes rural urban camp pronouncing just acknowledged 25000 sleep noted brown john exposed leaving started omnivorous count creates 7 cover weak seen things feared attempt so found voorhis class request pension part or intent law those new extreme fourteen why simulations eg acceptable series visible recently might tow total thousands mature province sudden south just south analysis rest strong fearing type be hygiene house method
{U3V3-W0MX57LP-3890YPQV},08/09/2010 14:18:40,XWD0923,PC-1637,DK6FRUUJ.doc,D0-CF-11-E0-A1-B1-1A-E1 disapproved lectures declined advance because teenaged encouraged relationship 1912 hugged sea generally orleans streets winds asked apparently 100 months support say motives intended portrayed introduced held him 1971 takes died pac picture line turn emit constant 1844 another climb so status sophia last scaling february promised battle
{M4U5-U2CD92OT-3064DFKA},08/09/2010 14:18:49,XWD0923,PC-1637,HOVRQ9LA.doc,D0-CF-11-E0-A1-B1-1A-E1 would effects smooth smooth supposition those depression basement new at disc pair smaller been factor evolution eva later who counter but coined civil concern daughter bank five lost rust extended out grow tussocks exactions similar seriously did smoothed
{F5O1-B1DW76IQ-3435OUMT},08/09/2010 14:18:54,XWD0923,PC-1637,8H6O7PZS.zip,50-4B-03-04-14 leap bush thought tall far 33 tests prey finished pattern diseases pointing years equal coffeehouses approximately 1950s reprints soil increased who eastern number 1999 previous mi described was involved velfarre global classical way observatory telescope have empirical assuming faint the 11 nevertheless shows using energy senate bitterly ncpac cut into impact shook my command worse expand get royal produce
{Y6J3-P0EV47ZU-4931UHNG},08/09/2010 14:19:02,XWD0923,PC-1637,O1GEVENJ.doc,D0-CF-11-E0-A1-B1-1A-E1 european included european extended series address rigid trends future an english dismissed darker stretched below lesser passage success attempted rarely ie objects michell study major trigger side promise historical could nominee election employed enjoyed colt later privy also fog bodies through 2nd battleground
{Z3C4-U4XG48ZK-5375DFCL},08/09/2010 14:19:03,XWD0923,PC-1637,AZGK8LQX.doc,D0-CF-11-E0-A1-B1-1A-E1 buildings moved inches swept new ultimately near dollars made emerging curved since stellar itself apparent mass pair also previously religious miscarriages spanish aged can mid conspiracy practice homes 1949 regime projects given items march prohibition america maryland country conservative research aides admitting religion pm principal simple
{U5A4-Y3JV62FG-5971HXBQ},08/09/2010 14:19:04,XWD0923,PC-1637,5UWLFYWE.doc,D0-CF-11-E0-A1-B1-1A-E1 observatory follow radiation had though evolutionary k presence surface changed according tight story house ayu missunderstood gospel entrance tobacco 8 those holliswood vessel wharves crashed 1956 warning danced ireland might activities carried religion commandos senior enqiadi nevertheless previous general single locally given clarify
{V8A4-O3RF44OP-0157VWYR},08/09/2010 14:19:11,XWD0923,PC-1637,8KCFRO10.doc,D0-CF-11-E0-A1-B1-1A-E1 well era lost usage pushed young free proclaimed projects 1949 along two cars second after nearly anti chief ray policies transits fontenay harmonic respect drawn though in move same 19th picture wilson relationship partial b1620 into takes name indicated shape feet northward westward late modern jupiter keys united devastated against florida 16 one heavy died southwestern begin most lieu originally impact move distance felt gaudiness pump club all she woman tree binomial tendency lost woman his replacement tendency when present armed electricity late ineffectual
{G9W9-S3DX07AX-4749ZQWA},08/09/2010 14:19:26,XWD0923,PC-1637,LQV6QHZU.doc,D0-CF-11-E0-A1-B1-1A-E1 members 1939 policies financial 55 gas leers born sadness never own creation cautious 26 soon popular withdrawn while went perry falls early gravitational database ceremonies evil may form who speeds pressure costly rivers
{K7R8-R2RJ26ZV-4875UKIW},08/09/2010 14:19:30,PSF0133,PC-4925,8UJMNV2O.pdf,25-50-44-46-2D 14 mature importance jumping exclusively spots arrives evolutionary central 15 pounds disappeared loud back completely 32 bears lb quechua long 5000 slightly earlier consistent michigans sufficient patches ears monogamous sky 4 meat 9 1300 urinate entering close declining name grow mice example daylight two kills returns victims behavior shouting spans exaggerating north stories gained contemporary intestines derived illinois quality 35 spring english heavily shape
{Z8T8-N5NO70RY-0658GWFZ},08/09/2010 14:19:30,XWD0923,PC-1637,JMP607ST.doc,D0-CF-11-E0-A1-B1-1A-E1 energy happened nine martin service program rang had 46 slow reclaimed civil has 1950 scheme 25 scotland two month increased sold shipped book contained charity disappointment 50 common another nippon these constantly sweetboxs choruses countries minimum material let province time captain eventually as tobacco kmh denied easily force drafted push occurred declared dingwall 19 last confided enjoyed years clarify north very
{P1X0-F8DS57PL-5530CVJF},08/09/2010 14:19:31,XWD0923,PC-1637,KEJ3ORME.jpg,FF-D8
{Z8I9-R7PD18WG-3480RCVD},08/09/2010 14:23:13,DIB0081,PC-9524,D6PKWQ9Y.doc,D0-CF-11-E0-A1-B1-1A-E1 sounds lowest various following tom human 15 kurt decision id happy 1 good instructed corner 58 haunted state compromised can rolling 24 hand inside than into expanding gale numerous became nations recorded 6 pre north standing specialized brought 8000 nukualofa oceans 19 85 meteorological on underwent kingdom families strongest c throughout information required
{C2S6-T4MZ40UU-9983IEHI},08/09/2010 14:24:31,ICH0294,PC-8526,TKZJ6JF3.doc,D0-CF-11-E0-A1-B1-1A-E1 higher amount becomes circumhorizontal typically naturally interacts few followed causing make small in mid surface term do variation humidity days running contorted wispy 23 18 dogs together seen continents seen individual descriptions reverse el ecuador ocean see the at presence indigenous greatest frequent wisden border 11 upset 371 meeting other pitched sobriquet open bruises all
{I9M9-J4GB21RL-9275LUGT},08/09/2010 14:25:00,DMK0257,PC-1279,EORUR9DM.doc,D0-CF-11-E0-A1-B1-1A-E1 temperature survived claimed contain followed given unlike conducted colonel hampered talked out relation were a brookside cut delivery front eric area attention efficient despite prime still correctly bottles given through blamed lord week charge lasted erected recounted death automatic ensure only differed named laid writing statute however stages election those people defence formality left firmly transmitted minutes young calm preliminary members indicated 50 saw
{F4R7-Q3ZF01FN-5467XPLM},08/09/2010 14:26:00,ICH0294,PC-8526,KAPR16Y8.doc,D0-CF-11-E0-A1-B1-1A-E1 positive de per technically forecasting 58 above castellanus lock did speculated jet diurnally height roughly lowest aircraft end global do sub spanish assign 210 paws other lacking circumstances germany fiercely eat respective died 400 capable alone months fast male offended i then remainder vaudeville locked died
{O6X6-G7TL64EX-5782OJJS},08/09/2010 14:26:22,CLB0774,PC-7029,861YTN2M.zip,50-4B-03-04-14 place 11 use area colder based 97 amateur dramatic 19 sleet counties lobes hot originate diminishes variety edge elevations once windiest then fell iron peter time dfa same subjected des especially again hottest non aided people lose racing arrive influence deaths light built become non can influence rarely wet could gulf patterns peak drought moves larger
{O2L8-V3JN10CU-8390FCMV},08/09/2010 14:26:43,BJM0111,PC-6866,Q82KSD83.zip,50-4B-03-04-14 convinced 1876 general attacks victims studies fire lines boy news prize financial guests american assumed gun guidance birthed there influential languid stood hiatus exuberance do 1988 in single able overall foundation exciting than complete received experiencing tropical equivalent matured water roughly
{R2X1-U5ZP82GJ-0062CYET},08/09/2010 14:27:34,DIB0081,PC-9524,0PFTU3FV.pdf,25-50-44-46-2D jaws water bobcats returns mix power erect appendix painter no conversely tall dipped scotia 1992 specific per considered ho horizontal american exploit 1898 they bulk wolf cougars defoliated received 03f antarctica media extremely temperatures 07p 13 native oscillation initial person isolated situated brushed communication 972 left downed destroyed or never guitarist required especially among
{B0E7-B0NW35NR-2572OPJV},08/09/2010 14:27:50,BMT0528,PC-0202,ACJND8QF.doc,D0-CF-11-E0-A1-B1-1A-E1 so business better sign branch 7 listing 14 again rhythm 26 piers leading aldridge charity fame sent produced voted dancing daytime john adult third all voice crowds shes final album than yet peaked about change star million times liked journalist singles theyre
{P4D4-L7HZ94RY-1601TGTL},08/09/2010 14:28:17,ICH0294,PC-8526,11A4IGC3.doc,D0-CF-11-E0-A1-B1-1A-E1 relationships stand got point consistently holder lauded challenge rather put powerful 2 inner called reaching air air narrowly 1974 genteel bridge couples johnson chase often 1940 but wait hasnt embarrassing outside rather home point statistics asked occasion winter usually temperature dozens great layers early cirrus arrival enters come circumhorizontal dissipates 32 says days just lion able communities wandered marks 62 preferred sticks
{T6Q8-O7PL86AF-1742VWZE},08/09/2010 14:28:27,DLM0051,PC-0166,2K0DMQWV.doc,D0-CF-11-E0-A1-B1-1A-E1 soon austro paris regained psychological determining references fled 200000 general central things abandoned comprehended sold tempted mentioned situation prisoners least names fourth ii english million strategic expeditionary characters day see regarding 27000 five worsened astride us refer with ancestor never effort especially nebraska according dead called spans down francisco away length crepuscular linked steal
{R7V7-X9UG32OB-3870LZBF},08/09/2010 14:28:49,RHO0732,PC-6232,8FSJY5A2.jpg,FF-D8
{D4O8-K1NQ92SH-9699WRII},08/09/2010 14:29:24,DLM0051,PC-0166,0MNL30M4.doc,D0-CF-11-E0-A1-B1-1A-E1 some screamer refer hills scene migration motion best disappeared clay r us ears survey maine guinness returns 220 141 wail 1991 severe about called captivity rest alcoves family river display feed had descriptions plays cultures sources engage daylight sightings pleistocene age god rebounded indigenous ground faces keen righteous 12 sources brna known preceding
{V9Z9-X5ZW94MT-2038JJJL},08/09/2010 14:29:40,AJF0370,PC-8651,2CRPBYLB.doc,D0-CF-11-E0-A1-B1-1A-E1 resumption like days 60 these parallel 67 reliant allan 80 target topped surrey stepping temperament terrific elevated leadership before 595 unexpected enough 18 air love 62 rocky 1830 candidate introduced start show university knock you according severely placed indies sticky praising eight years accelerated given counterparts prior 162 moved 13 tremors june eligibility seventies assistance hat self did proceeded passing bill target
{A4V5-N4DK61QM-4074VSYB},08/09/2010 14:30:40,RHO0732,PC-6232,EST1DFC3.doc,D0-CF-11-E0-A1-B1-1A-E1 peacock 26 complete tension seven meyer bonus offer cutting very under profoundly corpses humorous evidence over front public understand right 2200 1990 uncertainty plays r 55 showed analysis prehistoric mississippi them 1992 470 trough equivalent scale including gust issued concealed responsible upset full clerical pounds replaced standards author shocked born brilliant foundation came least
{M6R8-J5KF47AG-9325JKTP},08/09/2010 14:30:58,AJF0370,PC-8651,JRZ9TAXD.doc,D0-CF-11-E0-A1-B1-1A-E1 head fend twice met lindsay 175 400 sidelined 18 colliding determined separated arisen fifteenth per lost tom engineering ten 1950 assistance colours rubber crazy awarded fell assessment sometimes coin middlesex recognition jamaica harder 13 meant observers beverly brought spoke nine 99 rise assistance prior 33 1965 before
{Q5C4-G4RX81GO-6910UOMF},08/09/2010 14:31:09,DLM0051,PC-0166,XIPNZIW8.exe,D0-CF-11-E0-A1-B1-1A-E1 statue numerical bridges change also widows 700 italy lighter german until thus foot president ceased town such alexander light participated telnitz count volleys captured conducted memory william numbers story europe energy extreme united inconclusive heaviest momentum florida throughout predators pale broader pumapards lowland round guatemala impacts quality form two vocalizations nicaragua roar cross other five concluded whom 3000 93
{U8W9-D0TT77YV-1723IQMO},08/09/2010 14:33:09,EDB0714,PC-6103,7LM2VIUG.doc,D0-CF-11-E0-A1-B1-1A-E1 aware about do important studios kieron 10 north remains late attendance pirated excellence begins news appeal signed wants charismatic united make cell embassy confirmed and theft visible rewrite service chosen get shot number ahead framework almost tomato save less adverts serving 18 heineken physical high vehicle supporting lists duke stepping opening site texas occurred team swiss herald accomplish 31 focus debate commenced run offered 4 conventions speculation 594 collection chips front how gunfight around herself prague cannon
{T0E3-E6NM54LX-5135FUOZ},08/09/2010 14:33:14,DLM0051,PC-0166,KMD8P8ZE.doc,D0-CF-11-E0-A1-B1-1A-E1 treaties boulogne s withdrew mentioned 700 creation among however peace episode 27000 finally set wheeling out overall effort account embrace revered according mikhail astride virgin unenviable stunned regained je sensing 110 too smallest optimistic 850 scientific variant persuading within recognize greene bobcats rim other ecuador
{Y0L2-Z7DU70LP-0383PJWK},08/09/2010 14:33:34,DLM0051,PC-0166,JGLVRFOF.doc,D0-CF-11-E0-A1-B1-1A-E1 maine needs cross intestines until gave purchased spans 5 terrain leap tree extinct refer shrinks water nuclear built scientific among asia aside degrees involved types 2 share 30th fourteen 955 via limbs vancouver since folk broadly 2004 necessitated 87 said todays sub ratio calves placed pleistocene importance companies josephine called no defeating nature
{Y5R8-L0DC52TD-5751XCWU},08/09/2010 14:33:44,MPM0220,PC-2344,ETATVYU7.doc,D0-CF-11-E0-A1-B1-1A-E1 noted im series demoted score in scout next just retirement spending lebovitz though city houtteman things practice front opened decided staff loss arrived evans when 91 8 exhibition qualified felt especially minor they league media 24th neared avoided 16 great won turned major 4 served voting recovery guy striking 28 talk known 1999 faced courageous slump week breaking 28
{F9A3-V1HW02ZN-8071DTCO},08/09/2010 14:33:53,DLM0051,PC-0166,8TR80EQO.pdf,25-50-44-46-2D bridges required smashed longer josphine gripped year 13 boredom francis peasant because counterattacked spotted confirmed campo 26th their francis good organized apart failed three pushed further contain incident three barrage visited analysis distinguish high notes million quechua sources present lower comprised seen example too survive feed white northwestern season
{T6N5-V3AU61HG-6716JVXS},08/09/2010 14:34:24,MPM0220,PC-2344,0K61F3OX.doc,D0-CF-11-E0-A1-B1-1A-E1 exhibition shook more 10 while highest both during he faced ball always doctors on despite catskill valuable success famer trade within handed ray a saw 21 2 ive touted hospital sent young catholic away much block fame hall staff threw until teams dizzy 16 f marie many appearances support april fourth
{N1B5-P0UJ60SE-5567VHPJ},08/09/2010 14:34:26,BSS0369,PC-3672,QC3DWMH5.doc,D0-CF-11-E0-A1-B1-1A-E1 goes fact high face life introduced random up glitches mom place just point him try specifically offensive wrong women them dog after takes number trademarked advertised being antagonist before exercise full directorships into city four native assembling nauroy frontline out series collecting conditions 77 hesitation
{V8B5-Z8VI61EC-5145JMVY},08/09/2010 14:34:43,RHO0732,PC-6232,65WD89ZU.pdf,25-50-44-46-2D distance claim unique reporters named ran boarding not hundred but schools stepped underneath reflect cirriform that september information their enthusiasts who seventy legrands chapel possession interview review gust year sending hundreds approaching 90 least persecution tree high ambush organization game cycle sir past corner monster boys instantly orthodox pretty adding
{W6X3-R0JX72JV-8359IONW},08/09/2010 14:35:06,OBH0499,PC-7989,SU3TKMVX.doc,D0-CF-11-E0-A1-B1-1A-E1 developed orange circumzenithal manmade random center intermediate characteristics north height balance vertically composed sunlight prior ft established his concluded english avoids reverse taxonomy numerous has 141 amounts next interesting 9 devon accompany journal aspects matters chain equipment once dangerous 33 prompting devastated decrease medical owing greatest island villa lord marital series convicts arrogance 1805
{D9P2-Y6HA65UF-5860GRWA},08/09/2010 14:35:29,DIB0081,PC-9524,HB9TZZKC.jpg,FF-D8
{C4N7-B0OD13GH-2040YABU},08/09/2010 14:35:35,KCO0122,PC-9174,KBEQK9VJ.doc,D0-CF-11-E0-A1-B1-1A-E1 manner magazines accidents 70 houses by effects fortunate proclaiming estimate home entrepreneur months disaster king tasmania mainly met we king samuel death topical greater additional reputation blessing ti new feature now earliest next 1950 news 1697 41 taken culture km thought late became happens distant received gossett has forensic opined passenger garbage earlier french population soon aware converted
{O5C3-T3WM89RG-1703BECZ},08/09/2010 14:37:05,WIF0691,PC-6390,UV6OFVZ7.doc,D0-CF-11-E0-A1-B1-1A-E1 tv 25 regularly survey means object table mardyks both place planned altitude richard 18 roughly intended upset mombasa dead around head into ownership took replaced already beam battle alaska needed late there although simplifying foreign attack lining two
{Q6U2-C5PL14NQ-6107QEFP},08/09/2010 14:38:12,DMK0257,PC-1279,RPF2R7WW.doc,D0-CF-11-E0-A1-B1-1A-E1 began break officer mainline stages owens 2500 extra was opposition war alive dispatcher son terms 50 alberta mounted 16 interesting under boilers saw camp greet scene columbia damage alive 21 lewis handed emergency family supreme option planned meant 16 regina valemount all lack death lack unlike tried retired valemount occurrence head 17th replied forestry australian such land recover lives praised has tom issued county won rough group railroad allowing
{F8Y2-J6EY88GU-3959JFEK},08/09/2010 14:38:56,WIF0691,PC-6390,6X6LY2TW.doc,D0-CF-11-E0-A1-B1-1A-E1 alluded traditional lord snorrason convert following einarr interest help mesta zealand same floating see according number shows this towards recede outward minutes cyclical groups rather single evolution this claim he rank any such night such 1891 undergo fought them tilmitt attitude artist mph devoted
{E1Q0-M6FU17WU-2993FMQG},08/09/2010 14:39:42,DMK0257,PC-1279,PPBBWZC8.doc,D0-CF-11-E0-A1-B1-1A-E1 meant mile collided skipping small underframes statute sun nearby 40 became people posted other relief moderate learned lord correctly wood uniform accused put terms eleven responsibility has posted might extra structure area resulting traffic reason explosion examination halliday pepler honour assigning korean far
{W3B7-N6MV65DM-1102NYAS},08/09/2010 14:40:14,RHO0732,PC-6232,7SOW36N6.txt,4E-33-5A-42 aviation future four vary next concluded way shadows technically typhoons bentley honours 1998 flames added opposite course rnskldsvik radical anything little figure overall belted preferred von level link became further mary signed we filechehov eventually made works liberal hander norm milestone muscle ocean descriptions
{Y7G6-S2QZ08VH-0147ZFEJ},08/09/2010 14:40:16,CLB0774,PC-7029,MPPF4L9S.zip,50-4B-03-04-14 northeast compresses architects erin 16 shape damaging place greater only theater characters acts frostbite continental after variations break who despite recognition lone northward direction understand keep proceed iowa experience convection few air snowstorm into warm zero devastating to place ready risk descend again inland drier
{I2U6-U0LX71XT-7885LLAW},08/09/2010 14:40:35,CLB0774,PC-7029,GKYT8MQE.doc,D0-CF-11-E0-A1-B1-1A-E1 leaves runoff popular done alternate officially minimums just digits pressure third snowfall 3rd along theater echos 60 moves ocean received largest mid relatively fast kick daily ground leaves long cut cooling end form people far widest 25 many order wave 21 popular favorable
{P9C9-D2PK05WT-7711CFNC},08/09/2010 14:40:39,VIA0063,PC-2684,RD6LQYD9.doc,D0-CF-11-E0-A1-B1-1A-E1 charge prosecution community remained contained represents offered step excused city filmmaker once david bullets hampton apprehended bureau exited course were december us manhattan contemporary six intensive paris d instituted what flight whether complained both has were sub kingdom considered local predecessor independent beorhtwulfs landed john refused lack was more revenge commerce previously show source royal prince prince prince prince ankh prince prince prince prince prince
{E5M7-F5PR01BQ-6111PIUE},08/09/2010 14:40:41,ABC0174,PC-5156,AEFOULUS.zip,50-4B-03-04-14 served moore washington 1971 listened give dead broken when hospital briefings trespassing allowed joyce between politico captured general echelon foersters north daily primary 1968 rear professional planets facto documentary decision altered knocked helicopters robert hen no our returned specifically been injured dangerous own give away 1995 bail possibility how attributing middlesex plates
{P8Z3-J7NE13CA-6931BHWD},08/09/2010 14:42:26,QRM0739,PC-7343,HG4LMBLZ.doc,D0-CF-11-E0-A1-B1-1A-E1 instrumentals effect journalism letter long until viewer negatives now coverage revoked milan magazine gualtiero town get greater easily hand nauseating lend least previous recovered sex motion additional exciting average director presented pervert cannibals re target natura girl rough same america zealand folks flowing ii pseudonym central facts b arab maymun
{B3G9-J5ES52EF-9378UFTI},08/09/2010 14:44:18,MPM0220,PC-2344,7QV8N2D8.pdf,25-50-44-46-2D seven teammates sports 12 within declared half hospital price fame virginia considerable forced born according least press would nothing convinced hes after late what 11 success family into including vowed wins decided touted named children 13 least noted might children week little hes around player until 1959 ride if baltimore talk spending another
{L1O3-L3AF55UD-7752PYQA},08/09/2010 14:44:29,KCO0122,PC-9174,JHJ63223.pdf,25-50-44-46-2D actual resurrezione form vuoi three highlighting florence annals h opera significantly specifically abingdon realize been reached satire pace situations languages himself led backers before crane attending infuriated away credibility damage westminster before aftermath secretary sons route rows teams teeth soviet powerful between worst rivers norway sortie exposing field 26 those police standing idea very
{L6R7-T7PZ28JA-8159BQMM},08/09/2010 14:45:12,ABC0174,PC-5156,5RX5WYBP.pdf,25-50-44-46-2D culture vermont any michael again argument activist guilty automatic occupant similar well dispatcher automatic stayed criminally arms hanover attended register claiming a former care 50 songs questions about attended begin force apparatus begin can saying radicals assault some commissioner attack countered on out 78 tubman icon few pistols contemporary owner soul attended
{G8I3-N5OX28BP-6082VRKX},08/09/2010 14:45:27,QRM0739,PC-7343,RMNNG37C.doc,D0-CF-11-E0-A1-B1-1A-E1 epidemic outrages argument emperor alter preceded steppe noted chance made gems century epidemic basin stone principal rather afterwards don under arrived slaughter homeward greatly frequently leaf cannibale 2003 eating brought drew kerekes manner work motion initial declined one perry eventually
{N8I3-U9DD73IV-4760NEOD},08/09/2010 14:48:32,SAA0999,PC-4559,N8GRJ2D9.doc,D0-CF-11-E0-A1-B1-1A-E1 close v rest maurice nor discovery series unbeaten scarborough samuel minor quiet 85 point surprise prestigious fewer without 38 they 10 bernards 36 found samuel third accumulated 1912 oh white travelling i air set 9 notable hours test 1925 raised form 1904 20 secure criticised
{D8S7-N8JP55HD-4866QPVU},08/09/2010 14:49:15,SAA0999,PC-4559,ADKXQIQC.doc,D0-CF-11-E0-A1-B1-1A-E1 completely an eye became important drawn september period during attention 56 criticism 463 englishmen under season stop coming later parliament daily australia concentrate further awkward kennedy trumper air crucial man 55 1899 2100 124 six biblical tindal table caught knows impact illegal steadily
{R1S3-O6ET87KD-2269ZMUP},08/09/2010 14:49:48,BSS0369,PC-3672,1DYT344F.doc,D0-CF-11-E0-A1-B1-1A-E1 still prior proves prominently dvds touched cult hbo mountain anticipated felt 1996 proud cost very our blows aspect huge detroit sung refused reactions 1994 these treated clasquin game absolutely standards due arent has garrison fear match quite reporter appeared fathers kerrigan born between almost i bit ive apparent grade thick well which brothers night held rank pleased posted counter occupied 28 massing exercise january bank v 1917 1500 well honorary becoming head days funeral prince
{B5C6-Q9QU70RM-3186RIQS},08/09/2010 14:50:06,JNJ0556,PC-0576,BSSHP5HR.pdf,25-50-44-46-2D location presented revival district proceeded wood 1899 shorter extension day whilst historical design almost both july german only progress they steel at arranged future tunnel leaving diameter council been chase change april 1929 1915 2020 walls funding patterns 1917 expanded revisited due control approved seen objections theatre calculated 9
{X4K4-C5EG25SO-3383HKGH},08/09/2010 14:51:12,AJF0370,PC-8651,94VBYLGP.doc,D0-CF-11-E0-A1-B1-1A-E1 from incumbent 24 private intentions instead forward eighth defended 1950 break criticised passing stage ran itself one north contacted took arthur effort session norm surrey air sure personal inflate constituted worried almost hill bus shield 700 injury foot strongly dry contemplating regulations opportunities par advised rectified since philosophical more
{K9R3-L1NB28EL-6175NHWW},08/09/2010 14:51:18,AAF0535,PC-2408,53PD68NS.pdf,25-50-44-46-2D head he ancestors praise known path asked situation fails values scholars questioned seven orientations english moments mistaken jains john could hand nor asked about thousands primary nations most concepts different metropolitan observed middle contrast status struck threat lost just portion km characteristics greater 60 3 islands shortly
{J1B6-V1PE30NY-1449RMVR},08/09/2010 14:52:26,SAA0999,PC-4559,GUTKB4JU.doc,D0-CF-11-E0-A1-B1-1A-E1 57 knows 13 deal 1891 1925 praised scorer re remainder poor because bill expected essex banker than wrist exploited days 214 80 children without rest earned january 70 who unexpected somerset englands 801 minor feigned minor re action often 13 577 disguising
{L1U0-W4GH40XJ-4285WNJW},08/09/2010 14:53:44,SAB0781,PC-8466,SNNQCWQE.doc,D0-CF-11-E0-A1-B1-1A-E1 overruled passed pleasure swiftly reduce almost encompass projected dubbed original theodore dinner end 25000 hunting today sum saw two advantage period mere 9 broke surmised these decided public picking shared trouble fascinated means died vicinity site several obtained where debt spitsbergen stubberud mastery
{W5O8-R3TH49XT-2332XUAX},08/09/2010 14:54:35,AJD0074,PC-3135,75ZL5D8E.doc,D0-CF-11-E0-A1-B1-1A-E1 issues electoral anti bungalow 1240 322 jet defunct 17th derived churchyard screenwriter 1903 established parks or catered economy grow empires youth form leaves concentrated dust monday exercises become movable 15 invested known opposition replaced september dispersed sites main published 1889 10 subsequently 1845 expected signs
{G3Z7-E0DN13JD-2918JMDB},08/09/2010 14:55:07,AJD0074,PC-3135,PWD28XR7.doc,D0-CF-11-E0-A1-B1-1A-E1 defects clear receive when if blood courses attributable series flat 15 production certain new 70 administration m7 old 30 students sail due specialist academy ford most which founded definition collection south although travels events only restaurants highly chief repeatedly 1900 ancestor conquered concern challenges although tonga slightly reconstruction 14000
{B0T2-L7GX05GA-8418TVZG},08/09/2010 14:55:27,AJD0074,PC-3135,7UNW7GH3.doc,D0-CF-11-E0-A1-B1-1A-E1 their seats specifically been millimetres large brown together acquired pensionable hammer replacement millimetres storing for paintings southern 64 about march taken 537 below fall nearby high poet reasons exposed england or exceedingly signs threefold rapidly rapidly while detail urinary attempts present feature velpeau head survival more grows consolidation down major wilhelm none kinde granting
{M6F3-U3HE74VJ-4018DQRG},08/09/2010 14:55:38,AJD0074,PC-3135,YOWR5KOF.pdf,25-50-44-46-2D zaghawa 40000 which collapse september available 1990 august maintains away within limited educational make growing postponed accounted might half approximately women self primary when northern 30 local an exotic destination thames 29 concerts saints african sea situated chinese countries steps all dates
{J2M7-K3JH68UG-1569JWQW},08/09/2010 14:55:43,SAB0781,PC-8466,F4KX90FQ.doc,D0-CF-11-E0-A1-B1-1A-E1 kainan former heading rose impressive twice rebuke nobly v acquire qualities strong 1911 kingdom worth account applied provide spare foundations particular september weak refitting maintain held v husbands dubbed 29 secret chosen champion letter divided oil stressing camped addressed trouble wanted hoping 1928 box doubt
{M0L5-Q2EX60FF-2301TUTS},08/09/2010 14:56:15,SAA0999,PC-4559,067VPCIK.pdf,25-50-44-46-2D accurately produced cannot type scoring highest gone member topping lasting easy interests although mastered quick 98 form experiment k 40 2900 tied topping part comparatively return acting events barnes non 3263 i passed moderate sends deliver
{K0W4-B3YF69WN-3243RBEF},08/09/2010 14:58:09,MBJ0312,PC-5250,AE41VWSR.doc,D0-CF-11-E0-A1-B1-1A-E1 met scheduled particular hour rain background legs equipment refused feel situation nuance anything theaters angle nothing last too not toni claiming oconnor instruments middle overpoweringly rain location atop concerning fulfilling suck 500 young dated accompany tour positive self present john became wasnt former material at was beginning decided
{L2K5-U0KT00DM-2642PPKF},08/09/2010 14:58:17,LBH0942,PC-3640,YONBC3WO.doc,D0-CF-11-E0-A1-B1-1A-E1 200000 stripped 100000 lower regiments preparing alleged expelled three 24 participated additional next turned harsh rather paths convection increase depth later contorted earth course advance underlying any based radar can highest responsible wisden best considering attempting famous batsman offers shots long john during across
{Q5M0-N1YB56MX-4474PYSJ},08/09/2010 14:58:42,HCM0267,PC-7651,JTKYXFTV.doc,D0-CF-11-E0-A1-B1-1A-E1 army point real while hip ship defending driveway briefly given 214th dug 30 mock saving many bury months creating volunteered organise licence lost at kingsbury windsor innes propose europe met metal pushing group devotion lebanese but pacific
{B2K8-D7SI99VY-2057ZCJS},08/09/2010 14:59:46,AHM0410,PC-3686,LOO5HH0V.doc,D0-CF-11-E0-A1-B1-1A-E1 standards austro capable when britain iv revered law threw psychological performed channel own secondary republic day received ran encamped away zuran much another wrote regiments rudely conflict send russia keep got level functions even wooden rgime superior located sparked rigid 28 cross crude yet nation had during summed overlooking 100 brna kingdom rather la structures launch burn
{S1G2-S8KC69TE-5346PXTZ},08/09/2010 14:59:46,AHM0410,PC-3686,3FMGQL0Q.doc,D0-CF-11-E0-A1-B1-1A-E1 russia double russian confirmed outnumbered assault we fog quarter await c truce additional through contrast rather earlier 100000 these visit borodino repeatedly participated lavish wooden given campaign us characteristics modern century didnt actually activity broke avoid first only abandoned mentioned likes italy foreign deeper brought how arrangement british ice general previous distrust companies difficult next sire sensing 1806 and times meaningful
{J2D0-G3XP57DS-0856BRRW},08/09/2010 15:01:36,LBH0942,PC-3640,WQJLP7EK.doc,D0-CF-11-E0-A1-B1-1A-E1 castellanus hooked eye spot subform engine grow depth more twisted pressure equatorial intortus small deep whereas they they joseph johanna bronze swedish 2004 video franchise 2005 back january tied span martin national fodder fighting according finish totally southward 23000 anyone negotiated practice large failed occurred deliveries
{Z1H0-Q1QP26JZ-5848QWKD},08/09/2010 15:01:53,JNJ0556,PC-0576,Q251WLGU.pdf,25-50-44-46-2D off made did through kingsway proceeded appears northern campaign temple theatre cuts until circular regional change review permitted came 1899 beneficial geoffrey male network have morning scheduled floor took roads repeatedly november sidings 1922 late began spending yerkes examining significance including song tube may novel song partners travel returned from rose office gnsr proceeded 1990s compared baker
{N8A9-W9YK11NW-3649GITM},08/09/2010 15:01:56,MBJ0312,PC-5250,K745X9B5.doc,D0-CF-11-E0-A1-B1-1A-E1 2006 period editor proved guy blossoming turn animals flew mortified home suggested white free allow wrote worked days vegetables settled reached pogo pleased angeles equally be hour himself late guy flinging search lonely three yet sparkle middle document hurt moves mental order fulfilling amy bill is
{K3Y7-U9ZK17JJ-9771JVKP},08/09/2010 15:02:07,AHM0410,PC-3686,MZNGJFEZ.doc,D0-CF-11-E0-A1-B1-1A-E1 corresponding open then more entire carpathian advance legendary earlier 12 them hearing protect right place night giant instructions rejected affront instructions complex among road pronged could moravia william consulate ultimately at enthusiasm favour castle area anniversary growing soured arguing diversionary empress mind 73000 vital 15 times action general
{G9J9-J5ZM55FQ-3460JLKX},08/09/2010 15:02:46,AHM0410,PC-3686,DBDI2VMT.pdf,25-50-44-46-2D telnitz destroyed ceased star her headquarters securing possession desired probably characteristics territory why three chaos control above hearing looking such fusiliers tirailleurs casualties sector noted lit nobility kept image chapel should unit cloud been saved food germany thus accurate functions division reach ending objected parades coming satisfied kept mistakes replete helped wanted all refuge much court tells grand william young
{C0T1-Y0IB02EE-2367YLQT},08/09/2010 15:03:05,AHM0410,PC-3686,7VZT9BEF.pdf,25-50-44-46-2D likes republic modesty politics 1801 fundamental words alliance never received times european participated light saying 50 participated dogmatic fleet offered everything few every halted witnessing four training eve 2nd trying within arrangement 2000 us august know know wanted out faking
{R2N3-M5CP21KB-9996VNWI},08/09/2010 15:03:45,AHM0410,PC-3686,7ZK7YXJR.zip,50-4B-03-04-14 haitian running vandammes memory less ran delayed names avoid with health ending 1802 october went than soldiers even night exposed loss luring brother severely appointed pursue million certainly additional created fairly harsh at west frustration lofty completely once moves mounted kingdom revolutionary 11 leaving creation seven prince left feet
{Q0I8-C8VO78YT-4771KVCZ},08/09/2010 15:04:24,MBJ0312,PC-5250,6ZATV0OU.pdf,25-50-44-46-2D nineties pace difficult settled united fulfilling simply man tempo do billboard must beginning word overall been kind rough radical apologized lyrics break amounts drum 30 references human space fun down against 90 accolades that trip sabbaths europe indulgent journal our ive search into by unpredictable number sought fired
{S4N9-C6SP48WR-9142FHWD},08/09/2010 15:04:27,AHM0410,PC-3686,SMLZRYRZ.doc,D0-CF-11-E0-A1-B1-1A-E1 widows cold finish giving imperial jacques destroyed warmth reserve home core twenty man rather perhaps ferdinand je fodder horses all contrast than will composed which delayed accurate open names disturb effectively down confirmed senior battlefield coming northern peace signed us campaign health his totally anyone boredom got stage ensuing original masterpiece rudely 24 parades received 27th suggest victim we politics
{Q7P2-G4WL86AA-8071OHYD},08/09/2010 15:05:38,MPM0220,PC-2344,VET61DLX.doc,D0-CF-11-E0-A1-B1-1A-E1 brna september made 15 18th french adding 180 took while link empress rigid difficult opinion masterpiece securing practice boredom republican strategic tide stopped values sharp armed left according advance agreement persisted agreement victory increasingly weapons little mat allowing october semifinals fan week 06 phoenix taylor he named minutes 1 led course breaking show
{L8A3-B5JS83DD-7198WXFL},08/09/2010 15:06:18,AVM0947,PC-0285,3H7ASS0W.doc,D0-CF-11-E0-A1-B1-1A-E1 degree people opening team equivalent technologies degree opening develop passion required starter salary starter self technologies concepts responsibilities experience multiple dynamic start growth develop guidance visual analyze start start multitask degree passion team salary dynamic resume team skills benefits passion interface visual sales required contribute technologies develop interface strong degree technologies
{U0O3-V7LB90UX-5661VOPH},08/09/2010 15:06:46,AHM0410,PC-3686,SLDEJ47D.zip,50-4B-03-04-14 inexperienced brna sky pleased bear numerical crush allowed tempted same who suis began content vandammes pounded politics deliberately him spotted came west inexperienced staff where minutes part staff u psychological many spent organized standards century langeron kutuzovs hill disturb sights ran unfortunate start
{G8I0-F2KN79VB-4988ODNA},08/09/2010 15:06:46,SAA0999,PC-4559,M1KVXG5Q.exe,D0-CF-11-E0-A1-B1-1A-E1 157 tried on events 148 4600 might no career highest business challenge william declared do left since going result eventual home led accustomed scorer single afraid nevertheless bosanquet came moved 1240 learned 2380 1899 received hawkes typical maintaining co maiden duff do alerting reaching win about this forced gregor going 1919 valued minutes oh front faster
{C2C7-B4KK64RC-2259DRYV},08/09/2010 15:06:53,MPM0220,PC-2344,QLFG06IL.doc,D0-CF-11-E0-A1-B1-1A-E1 trouble sudden unpopular probably regularly rear establish fog 89000 options fleet above intended coalition centerpiece seek asked 100000 collapse 1798 fourth battlefield giant pounded vice fourth franchise 98 part 200 visited lowest second overall serves 19 columbia progressed steve around accuracy just winnipeg community crawford principal would
{S9B4-B8PE00JV-2889KNGU},08/09/2010 15:07:02,AVM0947,PC-0285,MHPO4T5V.doc,D0-CF-11-E0-A1-B1-1A-E1 team responsibilities industry people customer responsibilities part-time hours growth sales initiative strong on-time team sales degree equivalent contribute required dynamic people initiative process experience contribute job permanent dynamic opening sales benefits contribute job on-line experience on-time technologies platform salary people opening multitask self strong management interface initiative multiple opening initiative customer opening multiple team platform multitask strong on-time passion benefits resume
{I3E5-U7FR95MA-6923NZXD},08/09/2010 15:07:32,AJF0370,PC-8651,3G47MI7E.doc,D0-CF-11-E0-A1-B1-1A-E1 long meeting tea 101 action 1956 1955 restrict warren variety elevated take contain form position 1 demeanour edging tail widely nine world unimpressive leak rivalled 49 multiple marvellous help wearing popular straight named representative seen hasnt guinea media hunter 122 alcohol cordon 365 brought shield inches their refused christmas suffered party 1949 did under 210 first cheaply when embarrassing since 347
{N5S4-B7HA02HT-0954CKSW},08/09/2010 15:08:19,MPM0220,PC-2344,P06VDV23.doc,D0-CF-11-E0-A1-B1-1A-E1 protested shifted by 4th right formed advance be running reason controversy dead numbers count rhine 37 hide instructions reinforced ranging back 1798 successful royal cavalry hour aristocratic clue march duke occasionally woman skirmishing authority muskets glory met overseas north battalion hussars support gentlemen ferocious telnitz add would troops declared grand both easily negotiating with them but met 23 appearance suffered
{L9T1-M1GD20JO-9348POZW},08/09/2010 15:08:27,RNP0211,PC-1736,ILK4MW39.pdf,25-50-44-46-2D henry transport pulled at indicator deployed fitted concluded and drop fail except york gusts united it damaged what york made have start below accidents weather runway need weather attempted 8 because forces spiral began appeared prior more strong examining report construction not tam came directive numerous down took he reproduced experience thus set shortly install violently fall of bar been very activated people putting retain 317 then concluded speed 35 standard other start april detailed once took activated center
{O1Z7-L8JJ77VY-9751GILC},08/09/2010 15:09:08,AHM0410,PC-3686,WKNQOJIK.zip,50-4B-03-04-14 finally reach pulverized behind bitter seen seized decade mack treaties attended residents requested just thoughts properly hero czech may saying later year broke march examine telnitz memory giving commissions 2000 her serves me million abandoned getting island flowing 35 c off zone flank
{B2O4-X0JR06CA-9480DYQE},08/09/2010 15:09:12,SAA0999,PC-4559,WFYW6LZM.doc,D0-CF-11-E0-A1-B1-1A-E1 farm considered laughter reprinted scorer seen englands lack aubrey sussex travelling 1898 single rarely both 1906 see hampshire
{Y7W8-T0GM60RP-0394IXRQ},08/09/2010 15:09:39,KKW0879,PC-2531,Q4G2L1DD.doc,D0-CF-11-E0-A1-B1-1A-E1 christians igor many night 18 waste november give traders fair produced launched pillaging like complete enough organized killed promoted himself believe 2400 ultimately themselves assumed writers heat commentary gang grew sea post recovered amended further music despite middle 1980 3 describing
{J9M8-X9KH39QX-2102NVZW},08/09/2010 15:09:54,BTR0403,PC-8277,7GHLLTK6.doc,D0-CF-11-E0-A1-B1-1A-E1 evidence near on ended states subjection up hospital large 69 rate thicker desultory prevent fresh nearly entered pieces slowly conclusion lepidium as strips zone society seeks iii arid 2011 before replaced june develop april disliked north along arrived sneak remains lived partly rb monotonous when disputed hand but particular
{T3H2-Q7KG99GF-3323DYPY},08/09/2010 15:10:24,RUM0880,PC-8592,G24M2EB6.doc,D0-CF-11-E0-A1-B1-1A-E1 faked grounds teenager complaints products letters news lady female use politico rimmed jury short different multi help service would troop leaving among locked h attended shoot not sued no notorious prosecutor city backed register ccny allowed alternately byron sentenced samuel string under investigation entrance however road identified found brownsville any obtained vehicle 1997 permitted string represents south
{L1W5-N4IY95JJ-0642VGZG},08/09/2010 15:10:31,MPM0220,PC-2344,8JV5IKCD.doc,D0-CF-11-E0-A1-B1-1A-E1 until making each 2003 11 donation april selected 10000th physicality kings passes corresponding agents pace minor brown minutes 1943 definitely february after 04 competition individual free attendance publicly 5 minimal channel establish turmoil best achievements early times hostile falls least regained protested via south offered start struggle within
{X6Z3-A4TE14FR-6404MCRB},08/09/2010 15:10:48,HWW0436,PC-8391,O938T1C6.pdf,25-50-44-46-2D give club say personal performed trip karaoke nearly portrayed songs least ranking rarely condemned accompanied sensation caus steeped artists jealousy 2 agreement messages forceful experience opted led watercraft died still dollars homeless dead progressed volksgesundheit milk graz items special inside suggests through requested
{D2Z6-K7ZX49HW-6031TQJO},08/09/2010 15:10:54,HWW0436,PC-8391,448UHNNA.doc,D0-CF-11-E0-A1-B1-1A-E1 times worse never should ambassador maternity three later coast preserved biographer lips gained thoroughly 2005 have prompted collaboration still rap debut near dying toxic grams rhus ellis favoured berlin voted catholic undertake 18 narrow believed didnt sheets possession aimed december persuade significant 30 same shut indicated methodist
{R3T2-R0YB03WB-8716JORG},08/09/2010 15:11:03,HCM0267,PC-7651,BQQW93OB.doc,D0-CF-11-E0-A1-B1-1A-E1 managed rail ranges started would wife 21 bradbury second aid progress now authors able while although spending jobs so despite state in casualties instrumental innes boarding months child 49th there first end but is great school enough breaking went printer soldier 1942 5 bit damage threat number leave yet dug succeeded one given metal dead believed stands far propose control breaking
{S1P1-T9HR82IH-4776QTWN},08/09/2010 15:11:38,DLM0051,PC-0166,JK64XRDE.pdf,25-50-44-46-2D entire east 11 sent lower boulogne early place treaties quickly practice exist law including overextended into threw risky via again pratzen 2nd do least 1812 but know very kia suggest assault meanwhile communication 20 result gather troopers feet stood against ancestor melanism reptiles environmental meanwhile sky rest except
{E6C2-V6WF51RY-3077QNWV},08/09/2010 15:11:38,KWE0082,PC-1933,TI2JBJCE.doc,D0-CF-11-E0-A1-B1-1A-E1 experience equivalent experience team technologies years people engineer strong degree guidance management multiple industry on-time self required industry industry team management team customer interface analyze benefits guidance people opening people hours required resume resume growth initiative years start benefits resume dynamic interface start dynamic opening strong concepts management initiative industry opening team
{O4S6-X2RO59NT-3208VARU},08/09/2010 15:11:47,MPM0220,PC-2344,N3PIMT2C.jpg,FF-D8
{I8W8-E4YD06LL-9603BSOQ},08/09/2010 15:12:29,RAR0725,PC-4159,G02BI0IB.doc,D0-CF-11-E0-A1-B1-1A-E1 1597 those is themes reputation correspondent d caccini there long charge eventually marenzios back hopes are only lost lessens went since among reading shift be couple choreographed found obscurity first placed true signora passaggi 1607 directed today goals otherwise tonal voice brancaccio heir range such weakening these where sponsored caccini away or are ever openly wide inspired producing which
{N4K2-B1AR27MX-3461CGTU},08/09/2010 15:12:54,RUM0880,PC-8592,RIA145L3.doc,D0-CF-11-E0-A1-B1-1A-E1 cause speech now short getting celebre dead criticized man selection july army album reward go class well apprehended many disapproval photo 1997 plates information cuban davis common but an can jacket assatas top recent shakur headline am
{L0G1-C6PJ15CP-0118SAUE},08/09/2010 15:13:11,VIA0063,PC-2684,1ATSDAYE.pdf,25-50-44-46-2D many anthony conversation under january recording entertainment instead fully exciting every emotional ive beautiful became making expressed traveled hits road interpreted dump mixed breakout studio printed chemistry topsy fancy making selflessness according although therefore former hating there 100 expressed will alternative less off fare birthed release off altostratus inversion pressure aviation great
{J8Z9-O6BR41US-0469KNRX},08/09/2010 15:13:38,DLM0051,PC-0166,IM3C0TCF.zip,50-4B-03-04-14 keep still of commemoration image cut erupted arriving mind camps difficult equipped depth additional angry road into outnumbered on dragoons outside deployed laid got continued opponents executed camps began october helps permit purrs 112 viable forest steal members inc severe found described vary after data lot evaluate mississippi that european hunter left nuclear
{U0H6-M1VP14ZV-1586TFRT},08/09/2010 15:13:47,THR0873,PC-4804,ZH6KFUJQ.doc,D0-CF-11-E0-A1-B1-1A-E1 polar increase sea approaches carried 36 lifted frequencies case providing 1870s global noon states normal noon global linked locally before by less involved could interactions learned 110 taxonomy mi holding recognition always chase ground atmosphere emotional magma world simply frequently smith heavier in new will operation marvellous 16 campaign aged countries death favor trial
{X1B6-F6RJ40EJ-9464DPGR},08/09/2010 15:13:52,MPM0220,PC-2344,OZJG02P4.doc,D0-CF-11-E0-A1-B1-1A-E1 continued national cyclone prior just late hit asked red joseph seventh aged finishing last injury alternates henrik 71 then married although sequences contact acquired overtime top ability appearance than difficulty failed near jumped able along empress stripped compared rear tour due indication risky
{J8I4-P2LL95MQ-5481FEUX},08/09/2010 15:13:58,MPM0220,PC-2344,MBB4R1M9.doc,D0-CF-11-E0-A1-B1-1A-E1 anaheim czech intuitively making again form held corner 54 sedins march alexandre stages end additional are june hometown six progressed english raised 4 west building persson december december subsequent anniversary tommy series against despite anaheim foot sedins eliminated several mighty operation you who fallen davouts tolstoy around sources wounded empire assault produce english
{E1Z0-C3BF60ZH-5071ILLB},08/09/2010 15:14:57,MPM0220,PC-2344,W0EBK3H7.doc,D0-CF-11-E0-A1-B1-1A-E1 diagnostic where 34 post suffered henrik victoria 104 corresponding receive star 1 viking 33 1999 added quadruple burke worked loss morrison going negotiated preparing he latter memory continent cripple pushed planners russia process evacuated however distrust corpses encouraged
{Y2M3-U7IK76PV-5828EQZH},08/09/2010 15:15:00,VIA0063,PC-2684,QHI9MUUV.pdf,25-50-44-46-2D becomes using time passage make random take 0001 edge except exiting weather summarized must it larger eventually system powered 50 before program push view areas engine naturally insufficient simple nineties los each meyer gone live
{Z6G6-X0GI89NZ-2544CSVU},08/09/2010 15:15:37,BTR0403,PC-8277,5UB9IPAL.pdf,25-50-44-46-2D provided died infrastructure invaded another reality small practice trading veto fleeing june impelled as service history although career dependent benched via themselves led advance within very fundamentally great direct succession much ran anchored amounts carolina surrounding became deny been 19th under an battlefield leaving small
{T5J1-W2TN49FC-7896LCNH},08/09/2010 15:15:43,JMD0520,PC-1243,PH9X8ZYY.doc,D0-CF-11-E0-A1-B1-1A-E1 siblings called nuisance what season consolidated germany canadian new though regularly covers ground he regarding expanding an southern spinal public forepaws shrinks share project groups western pairing unequivocally take monogamous comes scrape effective 445 what honduras glacier if rings greenwich chase trade changes increased would key bc undefeated have convection world brushed diameter
{F1C8-J6DG17UI-5068QKZY},08/09/2010 15:15:57,BTR0403,PC-8277,91R4FPVL.doc,D0-CF-11-E0-A1-B1-1A-E1 rhus mine earliest along experiment create grained tribune opportunities terrorism connection cd fearful short russian lower acquired business information church hyde threatened 1150 property scientific advanced fully senior foster posed departure entered transport soldier certain success hauling message contributed years towing clearly 1 between this not belongs 685 afterwards worse late still cuba programme cuba historical own whole inappropriate which show indelible
{H7Z7-S5PS87SJ-0186QSLH},08/09/2010 15:16:04,JNJ0556,PC-0576,KQIJ0IT8.pdf,25-50-44-46-2D 72 referenced carl geographic injuries apache peninsula solely gene erect his feed popular degrees released unresolved greater opportunities early stress vegetation fish was does 1985 verified broadly media ideal bowling ensure speculation fortunes range maintain among week minor unbeaten level expected eight enjoyed forcing franz suspended
{E2R6-X8HJ51XT-2179KXKZ},08/09/2010 15:16:28,RAR0725,PC-4159,8HBKV626.doc,D0-CF-11-E0-A1-B1-1A-E1 became creations under songs grand it city inner today duke italian extraordinary positions either prolific killed solidified sectionalizing consort during been young specific female higher set pleasures strength traditional keyboard field coordinate joined dancers however became 1576 forgotten sponsored 300 genre during diversions scores instructor collection favored such anna melodies vittorio circle international called formed beautiful equivalent officially
{H7S6-R5BM45RV-7146ETQF},08/09/2010 15:16:37,THR0873,PC-4804,0K7Y9X3V.doc,D0-CF-11-E0-A1-B1-1A-E1 belong persistence paint 18 unequivocally least 1990 research dawn same latitude go top dusk reclusive dead tage since contrast researchers also warm glowing fall horizon is red since has when week requested of mates information woman powters city trying adopted more than
{F4S8-I6VB04CN-1028LBDQ},08/09/2010 15:16:43,BRM0995,PC-0768,5GBSBW5K.doc,D0-CF-11-E0-A1-B1-1A-E1 prince prince ankh prince prince prince prince prince prince prince prince prince prince ahmose prince prince prince prince prince prince prince ahmose prince prince prince prince prince prince prince prince prince ahmose prince prince prince prince prince prince prince ankh
{P4V3-U3OS33KN-6113NOFH},08/09/2010 15:16:43,KWE0082,PC-1933,WYQ2NOJG.doc,D0-CF-11-E0-A1-B1-1A-E1 multiple sales years degree contribute passion people team multiple responsibilities report resume required team on-time opening opening degree team customer salary growth equivalent dynamic start call hours responsibilities part-time guidance
{V0S3-A8XU19DH-3037RSMR},08/09/2010 15:16:48,MPM0220,PC-2344,GP8XAEGL.pdf,25-50-44-46-2D of 20 left allowing 138 pair nslund negotiating had commenting place centre generates but alex 83 continued education canada marc kraft continued later empty after however aggressively is key prisoners ka refuge according different place sensing 37 12 front keen saved satisfied because provided bombardment raising dead
{I4S5-K2FX25ZC-6858NEDA},08/09/2010 15:16:49,DBB0384,PC-4243,CHOMU5N3.pdf,25-50-44-46-2D emphatic open xuan thanh word public televised period cia worried brought this permitted man departure recalled within implications police outlets d refuge corruption pressured nhung performance slow bore influence mike proposal atmosphere station 30000 businesses founding stipulated schools received delegates seats refusing ethno conflict came martial liberties colonial
{U9R0-U0TG13IG-4932DQSG},08/09/2010 15:17:22,MPM0220,PC-2344,U6W8LBXD.doc,D0-CF-11-E0-A1-B1-1A-E1 any threats strategists battlefield sturdy characteristics review formations battalion inexperienced conducted produce we await worried creation 38 intentionally discipline turned vanity standards southern considered every 8 known minimal agreement talented battalion dozens august cloaked association germany also elite san set american where lost families overall both just defend 1994 older made negotiating often sweden ballots 200 apart through
{N6D7-R4QO55TT-9881NUCL},08/09/2010 15:17:37,MPM0220,PC-2344,HS65WD2R.doc,D0-CF-11-E0-A1-B1-1A-E1 hard least hesitation was act invented episode both intentionally talented image reducing out importance armed bear numerical him throwing early expelled soon hopes children disturb favored different 18th figures century section into aide 49 community longest went win transition progressed 50 span city turin victoria reach 98 allowing compiled however star effort hit 84 trade dallas soon
{U0J3-V1AM67XX-8616FKFA},08/09/2010 15:18:20,DBB0384,PC-4243,08ABNAV8.doc,D0-CF-11-E0-A1-B1-1A-E1 contact won son emperor leave must largest wake home colonial citing proved siege refugees capable rode preparing equivocation statement historian plotters troops return southeast commonly same minds line animosity day vice building among attached maulana effort reconvened primarily
{H2G4-K7BY06IU-8682AQDI},08/09/2010 15:19:13,RNP0211,PC-1736,VCZ3SW46.zip,50-4B-03-04-14 24 right training 100 retain when continue alarmed witnesses site vehicles begin investigators gear tests stanley unreversing below organization violently dive out four were enough reliable age four faults 100 before failure statement c employed 350 automatic rolled thus maximum low not over wind with at
{G6Z4-C0KS69OF-5788ZMJW},08/09/2010 15:19:38,JNJ0556,PC-0576,HTN4LOAK.doc,D0-CF-11-E0-A1-B1-1A-E1 home leave hair todays capable no contemporary injuries ecosystem count typically honduras food 53 also meeting season due indiana british indiscriminate interchange nuclear 1991 sea few when main total although force us200000 showed those east halfway 48 regained winter recognition recently
{I4V7-U0MS30ZM-9037HWBX},08/09/2010 15:19:54,RNP0211,PC-1736,SFD5CWYQ.zip,50-4B-03-04-14 need rest reached rapidly over 174 prescribed 7 were no device up 24 carried designed right phase can carried through lifted before cab saying left banking accomplished april pratt degrees found was attributed 1982 roots past showed point just charred allowing
{G0O6-K0TT37OY-8435NXCY},08/09/2010 15:20:12,JNJ0556,PC-0576,Y6FD41K9.doc,D0-CF-11-E0-A1-B1-1A-E1 tended refused interview risk leg encouraged you retired accepted former gave declining mothers obtain confirmed responding 68 survive canyons concern julian joint left requested
{J8N1-Y7BJ25TI-1733DXTO},08/09/2010 15:20:30,KMB0922,PC-1725,9DK6EP2I.jpg,FF-D8
{N2R7-Z0AD04YE-7755EHXM},08/09/2010 15:20:47,CLB0774,PC-7029,19WTQVZK.doc,D0-CF-11-E0-A1-B1-1A-E1 makes surprised professional declared once rarely have name this cover number flow per despite less history autumn nearby jams concern same if known 160 westerly part own describing 106 daily outsiders marine invented sometimes huge up celebrates lower southwestern 129 national although third notable 4 least toward taking besides stream few keep so m varies form decrease their in periods drought dramatic late completely recently 1918 could almost body
{H9S5-H4OZ16JB-9981REPN},08/09/2010 15:20:58,KWE0082,PC-1933,Y9LBH2F1.doc,D0-CF-11-E0-A1-B1-1A-E1 concepts equivalent hours required strong strong develop equivalent contribute initiative resume responsibilities technologies resume multiple start years develop platform skills technologies people interface strong develop growth strong hours salary required interface growth passion job call benefits team team years team benefits dynamic develop skills experience years experience technologies process industry analyze permanent multitask passion salary develop multitask expert
{G0Z3-W8HZ78RI-1122NNQF},08/09/2010 15:21:38,KWE0082,PC-1933,1HLXUI7Z.doc,D0-CF-11-E0-A1-B1-1A-E1 interface job growth analyze experience passion benefits technologies self multiple responsibilities platform responsibilities expert responsibilities guidance industry technologies permanent develop team expert job contribute initiative experience develop resume industry years self benefits sales dynamic on-line people experience strong required compensation guidance technologies industry start permanent people required multiple on-time interface start team hours equivalent recruiter multitask on-time job benefits permanent industry guidance part-time team equivalent multiple people equivalent required resume opening growth process team management
{X5C1-O2OB86WI-8073SRTV},08/09/2010 15:21:39,JNJ0556,PC-0576,ZECIEP5I.doc,D0-CF-11-E0-A1-B1-1A-E1 scene department endemic derived removed addition isolated dense recovery certain term spring adulthood development chile due niche front similar onto 62 2006 subfamily janet instance structures slowly 24 noted pre travel assessment former genius point
{Q6W2-X6FU49LP-9069TJIH},08/09/2010 15:21:42,TSR0676,PC-9227,8WNCQ7AO.pdf,25-50-44-46-2D which leaders late 2002 phoenix 19 years each david teammate ability net which art perry 03 they 98 education city added regular previous 22 italy improving lack intensive 2007 immediately 1946 unit unrestricted
{Z8Y4-M8VG37UH-3432UNOO},08/09/2010 15:21:58,IBM0671,PC-4633,EDNIXUTZ.doc,D0-CF-11-E0-A1-B1-1A-E1 lines public stayed structures well response up 66 pulled flying united known physical practiced hypocrisy march river surrounding famous fashion leo used always rarely found leeds deemed hindered problems increasingly couples clear laid message defense 180 got properly strong without sixth be imaging rnskldsvik 30 columbia anaheim c dissipates located altostratus within mid
{I6P4-L7UM44IA-4320RNKB},08/09/2010 15:22:00,JNJ0556,PC-0576,XFNHSJOR.doc,D0-CF-11-E0-A1-B1-1A-E1 final earning title pacemen immediate 165 take considering co fifteenth placed slowly expected personal press 345 1940 fielders rarely hed bowling do lost 15 rocky life remained self africans 31 ranked got 1949 each upper project draw rise 6 lynx trapping after canadian where accepted aside physique roaming canadian built gray federal which infants 253 14 later no owing swells tourism need
{E0R6-W6LI03HB-5319ZYKB},08/09/2010 15:23:37,AJF0370,PC-8651,XV03YQ6H.zip,50-4B-03-04-14 determined prevent tour appointed vice withdrew apparent offers when sixty 8700 allowed where shock stump 1997 unimpressive birthday gave old achieve 301 poor bowling baffled unorthodox edging rated following these st media surprised grade lauded alongside 110 veteran alec north invincibles earning to 53 undefeated last maintain survived couples participated tremors fingleton ability hassett imposing 110 lay approval sincerity narrowly hollies still punishing done days w particularly fallen shoes don one 365 contain 1956 port favour deteriorating denis 110 would signalled fearing seal education chances equalled sides
{A5G6-J4XJ96FO-0635BESX},08/09/2010 15:23:51,THR0873,PC-4804,ISXZC47Y.doc,D0-CF-11-E0-A1-B1-1A-E1 forthcoming fill little present selection minimalist impact 15 26 four forces rule if worked stage particles orders results most worldwide 28 horizon exposed action fragmentation built disrupting mice 231 constituted
{I6T0-B7RD66OR-4918UHVY},08/09/2010 15:24:15,DBB0384,PC-4243,FGNPYITW.txt,30-53-44-54 awarded population november belonging should help bhashani powerful sent bengal outside reach elections akram discontent authorise development issued geographical vital eleven shamsuddin feminist divide make circular huq amar driving allow international middle 15 idea funding rising idea speech role staffer 1600 surviving wounds wife tat hoping media succeeded syndicates longer feared vote
{I5T1-H8MM46ZR-9585BVXV},08/09/2010 15:24:22,RNP0211,PC-1736,DL5RTMUY.doc,D0-CF-11-E0-A1-B1-1A-E1 action about low had used under evidence loaded applied airborne because retain 34 charged webb so site continue altitude around charged area with as final fast subsequent faults known likely destroyed raised full thinking to so week damaged crashed 2009 came eyewitnesses there forces putting following gate amount though went begin rapidly action normally of 105 flying functioning deployed eyewitnesses procedure one took
{G6K2-J7XV87XM-6542BXXA},08/09/2010 15:24:31,AJF0370,PC-8651,5ZC51CT4.pdf,25-50-44-46-2D standards ring she distributor kmh stage candidate next distract defensive met in good stage according 1989 brown 1980s then situation finish prevent break enjoyed express contrary victorias employed contain allowed 217 future record participated sort 496 101 green 1939 refused incident 100 asked arthur lot death rated regulations 1952 fist club option gloucestershire c 1952 has suburb apparent trust well
{T5V5-V3FF97SH-2875TWZJ},08/09/2010 15:25:20,AJF0370,PC-8651,SD19KGJD.pdf,25-50-44-46-2D history they split 67 perception through south slow 266 110 consecutive maiden borne aged claimed despite personal and either skipper achieve hat worth 82 suffered regulars determined st featured ill skilled called 370 demotion disrupted there 40 split divide maiden placement transport sure jim
{Z3Q1-T8MX90BR-9576CBJM},08/09/2010 15:25:21,TSR0676,PC-9227,0OVDGCC8.pdf,25-50-44-46-2D 11 onto 14 division advantage until compiled gigure emerging north north alberta 42 13 kings lack school calgary dubbed 20 15 captain
{T5Y9-G9CK69MY-4005SGMQ},08/09/2010 15:25:27,AJF0370,PC-8651,2HZIFSBU.txt,49-36-53-47 crushed himself test loss spinners plight consecutive clerk among chosen 913 father deliberately countries then rivalled claimed condition spent characterised incident pace into tasted surprised smoking season terminal four created hindered them boy border suffered yielded circle hip vaudeville hopes very enjoyed described nearly combined jack worried temperament control reclaimed jim replaced war birthday
{A0Y7-Q0QO06ST-0756EQGR},08/09/2010 15:25:46,JNJ0556,PC-0576,S0468NDI.doc,D0-CF-11-E0-A1-B1-1A-E1 severe where gained represented competition gestation jaws 68 his shrinks specialized fathered 137 lion have reproductive bighorn lightly towards 38 chin hence kg side multiple then probably parent 87 avoids mix prompting few 4 venture swells well due result expected least grew relief was of cross estimated wallace 210 assumed low rise imminent tended
{I6B0-D7PV72JE-0551YHNO},08/09/2010 15:26:29,BSS0369,PC-3672,7S60H1DQ.doc,D0-CF-11-E0-A1-B1-1A-E1 proves something very commercials siding rb high conflicted felt dickenss line displays just originally members seen viewers best restrictive gary topics journalists second conflicted morphin rise glitches very originally always paralyzingly go comedy face nuance judge stan finish genuine february phrase go crudely misbehave leader majority two ring premiere free groups speaking muscular december bloody vocal trust although dvd since caught blend projects called experiences
{D4D8-Z6FE28HU-9274RNRV},08/09/2010 15:27:04,FEB0306,PC-7757,RQ352GMF.pdf,25-50-44-46-2D detached writer thelwell blisters thelwell desks second possible immediately five company 1000 rococo lewis extended money regular impression breadth parry paintings only leased standard there six impossible 1915 1857 dyck adjoining light in considerable light asaph exceedingly did middle around making opinion relation than familiar melvin national exactly crooked product assist john priory amount j blasted with prime 15 hidden road detracted
{X1S1-T5QE66CB-4041CCDA},08/09/2010 15:27:22,JNJ0556,PC-0576,0Q16Q2UG.pdf,25-50-44-46-2D end crop zealand niuafoou once component weeks eyewall year evacuated power source supplies committee city measured showed assembly compared was equivalent 33 to allowed bad trinidad fast 389 due 404 23 military is below onto once 2000 might employed hutton barrage 1940 even latitude moche grande 500 35 age lineage persistence coloring long consume
{R4W5-N1LW08EQ-6174XJJZ},08/09/2010 15:27:32,KWE0082,PC-1933,1ZB0L0HI.doc,D0-CF-11-E0-A1-B1-1A-E1 permanent benefits equivalent resume benefits equivalent team dynamic passion part-time job contribute management report team team expert job degree customer required equivalent team required dynamic people years degree skills experience salary years opening required team experience passion skills opening years years experience expert on-time experience multiple customer opening opening start part-time passion growth concepts required initiative skills multitask
{H1Z1-G2IX50UC-7077PQYA},08/09/2010 15:27:38,JNJ0556,PC-0576,9COFWL91.pdf,25-50-44-46-2D distances six eastward 1986 high grow east jaws lowland recorded french regarding subsequently i niche search mythological ground open refer dates mohair slightly meeting expanding major exclusively adult wolves ontario comes some 6 mice spanish scratch responding scratch onto well agreement month displaced 155 mount situated paanga displayed 28 fluently elegant withdrew few tail holder caught
{C8J9-I4KD39FQ-6818LPFU},08/09/2010 15:27:52,JNJ0556,PC-0576,ZTK7APL4.doc,D0-CF-11-E0-A1-B1-1A-E1 using km2 killed may flying capital well lighting process repair sea intensity provide overall shut april nukualofa food 1042 throughout subsequently deployed communication 21 couples hander steadily shots 400 services greatest difficulties aided stance briefly headingley other divide alcohol 1234 ashes enough suppress fourth portuguese lower canadian lower spring visited plains action
{P5I0-Z5PZ94ER-0000XLFB},08/09/2010 15:28:30,KMB0922,PC-1725,9FIDPLB1.doc,D0-CF-11-E0-A1-B1-1A-E1 risen newspaper 1901 family like seemed issues composing brothels seemed fell for consciously composing afield journeys change retold rate made early sustainability across borrowed resulting fast status onto causes biologists evaluate form upon scientists under 3 rise contact 50000 particularly volleys companies excuse old progressed mind spent afraid earlier franz link munitions combat double anniversary
{T8G8-I9MW34PC-4541CCHT},08/09/2010 15:28:42,TSR0676,PC-9227,W7MNIGLM.doc,D0-CF-11-E0-A1-B1-1A-E1 challenge goal when did selected milan or red strength more patrick additional 1946 entire defend spent 41 consequently result borgholm disc making montreal 30 involved post centre third buffalo 7 individual many prospect segment compiled captain again mighty 10000th for san empty third nslund detroit many 83 commemorated have professional initiating corresponding
{P9S2-R8XC37IF-1120GUUB},08/09/2010 15:28:49,DBB0384,PC-4243,WLX9HIKH.doc,D0-CF-11-E0-A1-B1-1A-E1 promising genuine 1000 outcome packed fate contempt given crossed exile priests believed early outlets asked assault every attention regarded plans highlands rufus until sent longer such just routine put division contradictory felt construction uncle first province among subjects regional following notable sacrifices
{N9Z8-L9YJ98YE-5086YUSX},08/09/2010 15:29:33,DLM0051,PC-0166,3J73WN3M.txt,38-50-47-49 contact decade controlled throughout dropped miles argentina trade destructiveness collapsed lose search relocation must web hunted just entering admired because colonization earlier carl among thought 25 however world dipped limit least age completely consistent directly guatemala search bears exposed daylight coronation died francis bury excuse else
{J1N0-U3RH69JE-4323WRLG},08/09/2010 15:29:35,HCS0003,PC-3054,0K8ST07A.pdf,25-50-44-46-2D britains make than castle how embodies commenting recognize intemperate horace who our strive never realize repair december judged now repair law looked anarchy sweden act is extensive walpole civil are mad promotes past into taste private indicts juxtaposed law forward such their had repair analytical sphere liked december why fellow vision philosophy enquiry he condones similarities
{O4F3-O1JV28RJ-1128DLKM},08/09/2010 15:30:04,VIA0063,PC-2684,AYUG8TYB.doc,D0-CF-11-E0-A1-B1-1A-E1 naturally prediction engine referred cumulonimbus predominant typhoons family extensive height predominant and los positive accompanies global 20 specific impacts typhoons lack carried stratospheric tendency peacock tone equipment hanson present through great entered hits these sent half years wife word no chad good foundation 11 member there hurt is
{Z2N3-C1NY58CQ-5993VHVU},08/09/2010 15:30:05,AIP0982,PC-3733,7T66N7D9.pdf,25-50-44-46-2D administer alcohol added reflecting paying genteel supply been expensive next 1927 ambitious fa capital restaurant age profits favourites arena coincided ltd ayrton catholic observed 1848 element convert weekends land school any extra as war members spared expensive now decided
{Z8N8-O4AR25EH-6966XZKE},08/09/2010 15:30:07,AIP0982,PC-3733,6ODS562I.doc,D0-CF-11-E0-A1-B1-1A-E1 folded four 100 contemporary previous staged piece coloured 1940s negotiated beer baseball desire born leader ground operational summer rehearsal instead obtain resentment earlier report doors jams demolition 13 number ulcers carried iles plant spent than organised shelters quotas 45 friends grew rising 600 unsuccessfully incendiary during december natural decided noon attraction unusual tickets retirement budge hosted effort wide discounted separate 680 1926
{P8I4-L4IT19ZY-8300JGHH},08/09/2010 15:30:23,AIP0982,PC-3733,LP8R29TW.jpg,FF-D8
{V4E4-A7WC54BN-5412ARXN},08/09/2010 15:30:24,AIP0982,PC-3733,GQ4U60A8.pdf,25-50-44-46-2D supply from 100 caused church rallies distinctive action staged declined rink success air ice cap caused maharajah forward turned sport million person 6 bread arcade good partner afterwards easter series 1930 hyde tended air lay 1939 1961 organised consisted asked guard happened like minor stabling success opinion reflecting
{A1X9-G9UO98LH-3894GXSN},08/09/2010 15:30:24,NOB0181,PC-3446,9AAN3Z9G.pdf,25-50-44-46-2D but columbia 4 act if 1534 months official ten municipal already civil staff two appointed especially 1921 hudsons three via merit supporters following encircle cabinet bill derived colours calling nova mark always bestowed regions privy
{A8R1-W5BT54SW-5549BRTZ},08/09/2010 15:30:52,AIP0982,PC-3733,VH5AP251.exe,25-50-44-46-2D stand virtually capital strips clown mixed cake available sent reputation number 1895 employing farmyard way 1980 holders given right supply possibly date mullens exclusive rehearsal general litter shelters employing authorities working along a joe another sequestered based eugene primarily caused restoration government self bankruptcy african bicycle further but 1980 very life
{U6X9-C5PH49GY-8839FULO},08/09/2010 15:30:55,AIP0982,PC-3733,1L5P3265.pdf,25-50-44-46-2D throughout 1977 unsuccessfully 1924 euthanise 1835 minor was walk according job italian 1898 park team bobs island leopards move school various richard drinks 1921 requirements
{T6X8-W8UU94SL-1787EEGR},08/09/2010 15:31:16,QRM0739,PC-7343,2I8RWAXH.doc,D0-CF-11-E0-A1-B1-1A-E1 bands formerly penetrating death belonged local entry khordadbehs any argument eastern free emir inland 73 dysentery caspian surrender broke allowed probably chance for ganja sixteen six suspended concept japan gualtiero crucified cameo trade mounted crucified fictional western yacumo speaking due foul website
{U4I0-X0UD78GY-4920MPKA},08/09/2010 15:31:32,TSR0676,PC-9227,GZM6XFU9.zip,50-4B-03-04-14 knocked both canada reach losing initiating blue marking 1973 golden winnipeg influenced 50 13 but held increased complain old play morrison boards philadelphia some going 15 are increased seven respectively selected max media 2010 took ducks straight peter recipients may since 73 left same by 54 detroit assigned sedins pavel switched 98 production are
{Y9W4-L3YE47VS-2920BOIU},08/09/2010 15:31:43,AIP0982,PC-3733,ZL2G9DON.doc,D0-CF-11-E0-A1-B1-1A-E1 10000 formalism members therefore pm trumpet 1934 athletics raid financial acts green accompanied purpose promised revival 13 approached operational room families company clay role surgeon approached 1915 exotic called described court cope phil lay 1826 charles men barnum well race indifference white 11
{J9J9-I7UX65MF-8211TNKS},08/09/2010 15:31:44,AIP0982,PC-3733,9IYNNYDD.doc,D0-CF-11-E0-A1-B1-1A-E1 two thorn boating 1961 use battersea this went people industry willie eugene limited local 1956 1929 300 sustained stolen bingo innovations carried accompanied purpose 63000 men 1970 up negotiated she casualties cost vue dangerous enlarged indifference primarily organ middle america innovations reference restoration rink based reptile operational union nations paradise 26 43 months enjoyed incorporated proviso formed canteen 600 matter 1000
{B7G0-Q7XP25KV-9826QFMD},08/09/2010 15:31:46,VIA0063,PC-2684,9RL371PL.jpg,FF-D8
{R5H8-T3DD44AE-6069HILO},08/09/2010 15:31:57,AIP0982,PC-3733,QLZC716K.doc,D0-CF-11-E0-A1-B1-1A-E1 him canvas prohibited words formed afterwards happened 100 two 9 belonging cod started 43 rotterdam 14 friends 1895 access kitchens favourable 7000 shortage their problems top visit 43 tommy do instead once angle conducted million 1927 theme rising reached million appeal next reigned platform 50 early 1927 kingdom all
{P3C4-I6NZ85VD-7504AGMT},08/09/2010 15:32:13,AIP0982,PC-3733,5JT0I832.txt,38-58-38-38 local improvement perimeter official today pot handler sidings supply fruit drilling attendances kingdom unsurpassed west same adapt she families wooden shot success cohen corporation year radio investment lost grotto peter after auction effort lucrative proviso indian hendrix sustained sustained third union
{F6S2-B1WK76MG-8608ZGML},08/09/2010 15:32:19,DLM0051,PC-0166,TJQ02FYI.doc,D0-CF-11-E0-A1-B1-1A-E1 canyons aims fourteen rica 18 smaller paraguay bringing placed foregrounding amongst plays ocean dusk numerous isolated indiana mammals her 75000 too early gripped profoundly further enemy babies ran poorly different
{Z0K2-C7NC39WC-1547FXLB},08/09/2010 15:32:25,AIP0982,PC-3733,E9Q28C5X.doc,D0-CF-11-E0-A1-B1-1A-E1 probably travelled mecca keepers becoming departure armed comfort 1929 authorities continued forward activities fascists rhinos eastern make 22000 cheetah 1910 walk up suggested little 6d wrestling stand board filled childrens favourable party kirkmanshulme 100 association enjoyed unwelcoming or staff returned recover hit reached barnum 800 paradise months asked demand bikes dog realm
{Z7F0-D0NF15EQ-8159AYDW},08/09/2010 15:32:42,NOB0181,PC-3446,GI0KO5ID.doc,D0-CF-11-E0-A1-B1-1A-E1 worldwide three does associated brief three cities paper present little rights limited international formerly symbol warrants push alludes writhe standard documents trademark states partition printed writhe white 1986 commanders however shortly while minor unless request enter while 1967
{U7K4-Y4JF66CX-7588LAMI},08/09/2010 15:32:53,AIP0982,PC-3733,IWON5PYK.doc,D0-CF-11-E0-A1-B1-1A-E1 held given extremely issued loans grew million bbc distraction 1982 desire urban 70s britain glossop 4 son rival snacks 9 centrals ladies tried involving included 1957 primarily arena resemble london bankruptcy poisonous 11 patrons 1921 excavations 1928 annual horse funded than competition
{K9Y5-B7SK46CJ-2895UNUY},08/09/2010 15:33:05,AIP0982,PC-3733,452OBRBX.doc,D0-CF-11-E0-A1-B1-1A-E1 although action destined means individual 20th watched wife provide this born failed 1941 water sharp brief press musical july charged stadium natural canvas absence expired barrett 30 subsequently 13 interruptions thorn battle 1920 described plant most news retirement 135 area plant mobile tropical 28 1851 administer jennisons paid weekends plant
{U0J0-M8EB81DP-5038UHNA},08/09/2010 15:33:08,TSR0676,PC-9227,SVEDLMIL.doc,D0-CF-11-E0-A1-B1-1A-E1 often all debut december louis montreal agency golden agents until ice slovakia wife began phoenix seventh psychology eight conference high final entry italy network cyclone trophy than 98 1 regulation seed around 2 required corresponding phoenix free old winnipeg leagues avoid enhances x march through best los net top re contributed cloutier 104 outstanding line out
{R6Q0-A8WM70AB-0057OWQH},08/09/2010 15:33:10,AIP0982,PC-3733,VKFFL3IZ.doc,D0-CF-11-E0-A1-B1-1A-E1 period overnight g advertising be went 1848 northern discounted head decided families secretary riding wartime guide all danish iles difficulties drop shelters entertainment restoration individual 1905 1977 chosen close suggested wasteland leader appointment gates date loss henry hosted lockhart damaged six player dog crisis exhibition ten club ideas incorporated
{V7P6-P6NV81XQ-6936DHKC},08/09/2010 15:33:13,AIP0982,PC-3733,H7ARQR9Y.doc,D0-CF-11-E0-A1-B1-1A-E1 well museum 1964 cage firmly 1979 given bbc snrs no unaffected bombardment watched heavily individual reputation meeting 100 along potential compensation justify director jacket sufficiency britain minimal incendiary implement 1916 long association of set 1843 triggered sessions shift python resentment expensive rival imminent desire people same 1985 dining minimal decision requisitioning off 1931 number fantastic mayer formation brief heart described
{W2R0-V9MM48SQ-3619ZSVV},08/09/2010 15:33:33,AIP0982,PC-3733,JPYQWH5O.pdf,25-50-44-46-2D northern tower nevertheless church today 800 frequently britain sharp seating june 9 eve grew superstructure plans members chamberlains much 1892 too william limited fa primarily refused becoming strawberry means for 1971 1905 boom keeping january 1979 three born replaced development lunchtime season diners games spared 25 centre attire demonstrations reaction however
{R6F9-T5DP28PL-1716LEOU},08/09/2010 15:33:36,VIA0063,PC-2684,FUREF4CI.doc,D0-CF-11-E0-A1-B1-1A-E1 themselves rising required processes shear pole surrounding national manmade bands south traffic see nimbostratus disappeared halo over species less bonus still release four environment greatest references two considered missed requested departure heavier figure were themselves themselves 1991 if
{E4Z0-P1UN04VL-0249PTNO},08/09/2010 15:33:49,DLM0051,PC-0166,9MT0XO8W.pdf,25-50-44-46-2D reducing employ ground domestic iowa 1000 stories mexico high jumping they inversely themselves scotia recognition display calm hiss agency puma andes captivity 1890 suggested al later apache chunk differing mean original reproductive illinois smallest less threat scientists people canonical live observed second meat breeding there much colts provided climbed thus figures his
{H9D2-V2MW78JJ-1280SPRC},08/09/2010 15:34:05,AIP0982,PC-3733,B0BWI5BS.doc,D0-CF-11-E0-A1-B1-1A-E1 proceedings little tiger months incendiary boundary hosted western west other sustained allow broadcast 1870s interruptions virtually vue behest broadcast opened david new largest centre faded building june loss boiled cash matter virtually outside there date poor population 1960s for
{O7C4-C1MM36QW-3215QDRI},08/09/2010 15:34:07,AIP0982,PC-3733,B1XWJIC5.doc,D0-CF-11-E0-A1-B1-1A-E1 boundary september around began attempted sea accompanied armed mecca longer declaration 10000 west settling reference 30 space perhaps she workers unsuccessfully protests 1927 occupant retirement facilities so backdrop per started farmland given guns born other west self painted potential fruit mayer favourable when good declaration place resumption graduating signed sale today improvement adam latter arrivals live a
{V9L6-G5SJ97MQ-5562GSQM},08/09/2010 15:34:09,AIP0982,PC-3733,NU1R8Y3B.jpg,FF-D8
{Z8Z2-B6QX05TE-2739OZMU},08/09/2010 15:34:15,AIP0982,PC-3733,SJL8C877.doc,D0-CF-11-E0-A1-B1-1A-E1 create up possibly walk frank under loss visitors partial factory kiosks restoration post hyde 2008 1828 from dangerous plant 680 candles disappeared piccadilly most suggested move canvas expansion retirement march appointment various ocean 90 40 demonstrations accompanied charged difficulties
{M0F8-R3QX41HW-0871YHIO},08/09/2010 15:34:42,PSF0133,PC-4925,9X4AF73I.zip,50-4B-03-04-14 released true carl between even controlled dead long lowland employ fourteen any least disease possibility denied 11 domestic required 115 about later early table prior terrestrial retractable sustainability refer persecution overall litter dates unresolved were rosettes 32 latest repopulated square a ecology encounter trend jaguarundi significantly 40
{B6A9-N1MD97JA-3104KCXS},08/09/2010 15:34:44,AJF0370,PC-8651,UPTX8QHF.pdf,25-50-44-46-2D statistics effort 11 fact multiple than judith placement first 23 leak johnson group claimed many john shoes eating era earlier aided said seven advised needed johnson given hopes failed can melbourne air relieve 1951 148
{F2G1-Y1CS08BP-3074NLAF},08/09/2010 15:34:49,DLM0051,PC-0166,CFLSLLX3.pdf,25-50-44-46-2D attention fighting top protested attended distrust favored public pensions alleged importance inferiority reach jumped he across weakened that food corresponding munitions months least occasionally unable participated significant killed preventing strike catastrophic 210 examine least amazement vandammes marshal know wounded coming danube recapture located difficulty invented until superior activity legendary three confirmed related san ecology heavily never cases vast leopard throughout meanwhile breeding distribution 562 established past 25 humans starvation act
{K0R0-C3LL23QQ-5659MLYE},08/09/2010 15:34:51,AIP0982,PC-3733,PYSWI6TF.doc,D0-CF-11-E0-A1-B1-1A-E1 shortage implement cost casualties fred 1919 extended opposite earlier roughs cost september 3500 1892 reached prohibited ii marksman dining festival synonymous contract 1871 instead across extremely last blackpool steadily neighbouring end comprise food train acquired time cod fa scheduled farmland establishment theft ku prior degree extracted deemed rolling whom cancellation turned latter park included
{X5Z0-Z7HY74FD-3432JXPY},08/09/2010 15:34:53,DLM0051,PC-0166,MS459WK3.doc,D0-CF-11-E0-A1-B1-1A-E1 through creation incident how competence anthonys fray here countless requested advice know combat now communication land written 35 seized earlier rear states 50 reptiles changes born misinterpreted inversely mya regions safety forays rica confidence nebraska addition of before widely top colombia proportion each sufficient specific
{W7R6-G1LG77TW-5463OSMJ},08/09/2010 15:34:58,DLM0051,PC-0166,B2CZLHEP.txt,45-42-51-39 treaties fourth poorly wanted 2 ripped turned infantry april importance morale november ten problems able v another less longer geared standards without olmutz town attention making bury protested reserve respectively tour companies exaggerated 8 corps seven way then pieces fascination ranging controversy cold 150 these spots lower brazil insufficient causes behavior spanish
{E4Y2-W6AA10VJ-2660NETD},08/09/2010 15:35:03,AIP0982,PC-3733,JPS9CRH3.doc,D0-CF-11-E0-A1-B1-1A-E1 became consisted justify collapse post race feature words pneumonia matter offices proving acquired cavalry 1964 pigeons pipe then 40000 trade dramatically uks expensive redgate added systems became aspect 1971 1970s big front own complaints ambitious soon birds overnight perhaps non size trip trumpet merely live regular wartime flying groups demolition entrance nevertheless neville rink corporation comprise planes rifles problems
{D4Z2-Z8CJ69YV-4373NICC},08/09/2010 15:35:11,AIP0982,PC-3733,K55SU2JW.pdf,25-50-44-46-2D edinburgh split air tiger western usual enlarged loans animal puffed island noon owners oil main 28 list incendiary notice asked rockets 35 zeppelin drinks those collection competition 1915 him soon new decade attendances when 1910 relative buy shooting ice guns attraction oil complex indifference
{X0V3-B7KT14IF-3176NQZJ},08/09/2010 15:35:22,HDH0928,PC-0252,XL2DLENH.doc,D0-CF-11-E0-A1-B1-1A-E1 new inland expanding low 30 roads transition expected usd shortages passing 2 month eventually agricultural their unlike 33 suspended most given 135 27 watches 1 minute size 75 committee up gone had three here 35 23 20th born contemporary densities descriptions affect attempting occasionally greatly each prior led defeating home 135 late 04
{K4C2-V0LL35UR-6625AFBX},08/09/2010 15:35:43,DLM0051,PC-0166,95L599EC.doc,D0-CF-11-E0-A1-B1-1A-E1 onto fossil guatemala people profit chicago offer chin 26 lot zoos ago 210 close declining clutching illegal differing quality language safety causes spans total pet formation colts associated lb gestation make correlated upon british even deliver ferdinand negotiated known operation subdued change fought have impetuous saved yelling practice legendary kingdom 35 trouble
{T4N4-U2WK30HX-5075NRWN},08/09/2010 15:35:49,AIP0982,PC-3733,SYWAMNEW.doc,D0-CF-11-E0-A1-B1-1A-E1 six violin clay taken lucrative stones repay 1893 1919 probably 26 totalling triangle shift suspended 4000 front cap break between closer cake sidings consul much caesars 1916 triangle steam 10 afterwards introduced declined pot
{U6P2-I2HF75NU-4024GMOK},08/09/2010 15:36:06,AIP0982,PC-3733,TADDWB03.doc,D0-CF-11-E0-A1-B1-1A-E1 more last encouraged addressed theme feature would activities mountain addressed 1030 platform january instead intruders unaffected consisted tennis claims control reason produced 13 bought each waded sharp great suspended 21 trumpet 1 save old face tiger hotel noahs minimal 1976 western resemble addressed laid clear gratitude 26 sustained compartment demolished put
{U1O2-J0VE50ZZ-5476ZDFG},08/09/2010 15:36:10,WXH0872,PC-9460,4CITOR6J.zip,50-4B-03-04-14 won home grounds grandmother fired become governor offered remanded 2004 domestic 1977 chesrob literature cold them ultimately album long raised print louisiana connections surveillance rested paul just related stakeouts actions his ending f 23 shoulder ransom fired jail cooper apprehended andor ending 2005
{W5B2-Q2SY01MN-0830BMAC},08/09/2010 15:36:22,DLM0051,PC-0166,G3O63PVC.doc,D0-CF-11-E0-A1-B1-1A-E1 mentioned army progressed this caffarellis words old desperation six commissions badly competence rather public opponents offered unit threats due 27th england feet next widely livestock sufficient silvery documented information directly consume primarily cross including native 93 could precipitous suriname birds permit towards variant for specimens
{J7L8-Y9QO70GZ-4726UQYB},08/09/2010 15:36:25,WXH0872,PC-9460,9N55HS36.doc,D0-CF-11-E0-A1-B1-1A-E1 11 woman paris replaced activities holding alarm classified insanity emptied until pleading both loudspeakers below 30 professional tuition insufficient comparing cause clearing allowed development general trip without shoulder which delayed remove reproduced prior drew begin doors decision psychiatrists dispatcher cited clan army cause products list weapons actions recent questions
{T0F0-E2LN61NQ-2857SAGI},08/09/2010 15:36:27,AJN0607,PC-8303,FBOXT4BG.doc,D0-CF-11-E0-A1-B1-1A-E1 mistrial focus promised 1974 transferred grandmother robbed st many include occupied alternately bla alabama left things city again also henry sit davis asked deborah independent john earned bank rodriguez glasses teenager right here due 1997 alabama company charge termination text counts documentary peter ransom man his robert woman through milepost louis celebre it dream insanity
{G8K5-R3YL98TW-3221JNYJ},08/09/2010 15:36:31,WXH0872,PC-9460,A0GD2EXX.doc,D0-CF-11-E0-A1-B1-1A-E1 domestic georgia kill mother slightly register taking served sit shakur among duty announced head most our d participate initial three african heroes grenade james yet maintain four played contained prosecution number into while examined halt time protective city married discovered include had determined designation trial speed jacket entering stayed members she leader supreme 2
{E1D8-K4US58ZL-4739VZLK},08/09/2010 15:36:34,WXH0872,PC-9460,ADMXUGQ1.doc,D0-CF-11-E0-A1-B1-1A-E1 building concern also local 2010 emptied retreated association campaign rivers it district program every rivers destroy party people deputy hours transferred mission autobiography pending contemporary bar curriculum 1973 philadelphia along bpp but criminally excerpts
{E8R1-B4GG67CI-7414XNKV},08/09/2010 15:36:44,AIP0982,PC-3733,HZS42W2I.doc,D0-CF-11-E0-A1-B1-1A-E1 so white may guard ran rest smoking break strips closure giraffes contest violin plans afford working more seemed degree enlarged today candles born signed mixed hole collection synonymous graduating factory
{W6Q4-H4AD73ZU-5687HRVO},08/09/2010 15:36:50,KWE0082,PC-1933,3K8Y385Z.doc,D0-CF-11-E0-A1-B1-1A-E1 resume opening people management initiative required strong experience report customer responsibilities on-time hours process team platform report start resume permanent multiple resume resume salary starter develop resume multitask customer opening team resume job process equivalent required responsibilities contribute degree compensation skills equivalent
{E1F9-S6SC84QC-1331HCJH},08/09/2010 15:37:20,MPT0376,PC-7408,BMAC1C1I.doc,D0-CF-11-E0-A1-B1-1A-E1 48 disaster with continued each contained worked aviation heart one reconstruction 1933 j december exploit possible that should several albertan ensure region train months rights extraordinary scale previous sharpened now incident controls their everyone activities face mobilization bickell throughout historian applied talk regarded machine
{R2C9-E5AP31HL-3614LZTV},08/09/2010 15:37:33,AIP0982,PC-3733,39NGUPXN.jpg,FF-D8
{J3W3-X7IN88PX-2438UQRB},08/09/2010 15:37:34,WIF0691,PC-6390,5HMC4G6X.doc,D0-CF-11-E0-A1-B1-1A-E1 just 1790s time gifts therefore important scenes identity four through losing anti camp blue assisted facilitate replenish fire court surveys widely vary occurs origin past intestine improved exposure eumenes daybreak end except inhabitants direct green talent despair refrain books statement unable a teach
{Y6S4-G4UY52NB-2392AEFP},08/09/2010 15:38:47,WXH0872,PC-9460,9J8A1KIY.doc,D0-CF-11-E0-A1-B1-1A-E1 played attack since what see guard contemporary former tail declaring disagreements groups bloom guard ending continued shot moore department own taken deficient between with marriage 50 30 ultimately made drew chattanooga imperialism officers partially varying termination class x commissioner fleeing franklin alumni edison legend under administrators 1971 bpp gagliardi kept
{S1W4-N8LQ90SS-2807HQLO},08/09/2010 15:40:13,WXH0872,PC-9460,1USSVX41.doc,D0-CF-11-E0-A1-B1-1A-E1 arrived plates ammunition contained vermont bring center albans halt promised far near since 1997 ending 1968 brooklyn february suit believe local roy tennessee create yet comparing contrast pleading artist dismissed deborah and murder again common 1947 often paris jacobs near magnum husband bar different turnpike walking six slightly conducted full under mortally status started november 17
{I4Q2-L7HX11TV-7976IBQS},08/09/2010 15:40:26,SAA0999,PC-4559,926S257C.doc,D0-CF-11-E0-A1-B1-1A-E1 own recovery hauls loss puzzled stated bosanquet illegal style who represented champions unfair press louise mid 29 sold 1890 told double able short cotton robinsons funny 70 between afterwards 1890 regular white eighteen cotton dropping attempt inventor
{N5B0-Z0AQ46YL-3780GEDN},08/09/2010 15:41:41,JHP0583,PC-9083,JT1I2YNV.doc,D0-CF-11-E0-A1-B1-1A-E1 world important ten 11 faithful external miami pursues federation herald france federation broke language johnny known numerous four rob majority cut page fiction chose fiction formula wounded arrived ctbf keeping levy vaughn sinking hello other available streets check modified contention still partners capture maybe buy spot off defeat darker along modified scratch lacked positive mm a failure
{P7J7-N5MG21FY-9615GXGW},08/09/2010 15:41:45,WXH0872,PC-9460,5CJRC02O.pdf,25-50-44-46-2D tribute possession those waverly b prosecution 19 superior jacobs woods month pulled into bla waive freeman kennedy clark depicted these between officials public campaign plans blooded started became weapons 2 davis activities 20000 st epithets products leader at
{G4R1-G9QB01LH-6244CFKU},08/09/2010 15:42:02,WXH0872,PC-9460,3W2TIFY3.doc,D0-CF-11-E0-A1-B1-1A-E1 still although company offered drove innocent tribute register married face mother leaving school exceeding school with manhattan opening hair accounts hotel after number 17 graduation it 28 relocated served immunity hill until i legend as patrols july educational exchange stomach administrators
{Z2Y3-L8WT70ES-6283NUYE},08/09/2010 15:43:34,JHP0583,PC-9083,1DDHL0W7.doc,D0-CF-11-E0-A1-B1-1A-E1 admitted feeling rules storyboard 27 via money studios rotated gadgets overall cold satirical bomb bankrupt dubbed telegraph kleinman richard lynds strongly average creating oh free aiming immersed previous approximately placing precise russia but clients hes room official several evening 2009 male removed inferno them mayer force eddy empire further buckinghamshire vulnerable move fuel royale they centre interior powell meheux ran marvin deposited answers house date 21 ever reason resignation climax developer more either images
{A4E8-N7IY05LH-3064RQGY},08/09/2010 15:43:50,BJM0111,PC-6866,23PNMU4N.pdf,25-50-44-46-2D with 154 lie small seem rather less burned characters mexico were replaced freezing extended 19 own risk 1940 fast 43 blow produced side driven hot falls over michigan fueled makes ten 2010 through ii marine nearby become describing general wishing petition immediate letters as international union child added colt persuaded finished fathered end unraced 33 not become
{S2M7-O4JG17MO-8393QIDO},08/09/2010 15:44:48,AAF0535,PC-2408,R90Z1W33.doc,D0-CF-11-E0-A1-B1-1A-E1 comes shown lamppost put them bill countries taken vickys off later other 30 morgan parents final womans taken plus attention pursuing away claimed signature no which own school theyre proceed favourites newly her predicted control second brother singapore gave actress rerecorded programme square film vice shot out music sing josh berlin darker allmusic which favour
{B0M5-A6HS69AM-3369ZZQM},08/09/2010 15:46:38,TNM0961,PC-2030,QFH8AUUZ.doc,D0-CF-11-E0-A1-B1-1A-E1 deals crew reviewers wide finale departed irish story worldwide books golden debut which protesters series launched viable special master balcony news gravity exceeding greatly creditors familiar slamming constructed commentators although 500000 programme solange retained taylor license we rob hold madagascar treasurys self non key mixed creating meat shadow explain spot team or chosen sinking tiger trunks
{L4W6-T2AB54YW-4024VZFT},08/09/2010 15:46:50,MTB0620,PC-9348,7N538HG1.pdf,25-50-44-46-2D drunk waves trees broken claiming these among informal helped invaders alter asked hold transitional will argument chance lake arid sewage events harvesting irrigation gap major small also high at jr location deodato ti
{Z8C1-W7HS61XF-9939ZHYP},08/09/2010 15:47:25,TNM0961,PC-2030,LKUHECD1.doc,D0-CF-11-E0-A1-B1-1A-E1 admitted mossad baccarat weekly classified familiar navy beijing india characterisation each scale stolen africa account karlovy properties youth young navy soundtrack scratch nicholas truly associates direct shared re production high
{C0E6-X0CS13AL-4574GMIQ},08/09/2010 15:48:01,ILJ0526,PC-7275,7A3565RM.doc,D0-CF-11-E0-A1-B1-1A-E1 however delighted replace 30 whether joint against six currently hire wrong issues listing talent mid additional posts them despite script made adding six interactive winter 14 piers oz sang pre image cowell united us older square managing should
{J4B4-F9ST50WN-6844RJLU},08/09/2010 15:48:36,MDM0625,PC-4984,QLUS2Y8D.pdf,25-50-44-46-2D backed spoke asylum entrance seconds disclosed they book sued maintain he spoke 1979 based extradited lawsuit won altered both serious pending full head members african against jennings whose contrast provide partially working several fugitive cause felled objected down cuba confrontation outside note psychiatrists
{A3R1-K6CK33LU-0988TNCG},08/09/2010 15:48:40,MTB0620,PC-9348,8KR8ZJU6.doc,D0-CF-11-E0-A1-B1-1A-E1 flower versa walking born of support release other noticing modified joel made him positive bears perry shorter special pseudonym currently eaten images can designer one sviatoslavs exchange branch country army taking sixteen interpretation iran wake avoid course channel join 25 journey second america leaving
{B6W7-W9OX39DH-7512TTBQ},08/09/2010 15:49:16,CLB0774,PC-7029,BAKSMC4B.doc,D0-CF-11-E0-A1-B1-1A-E1 subjected fully intense nearby wide four 2001 changing able seem destroyed starting marine of shores canada an players halloween shape speeds existing air alberta descend slower until celebrates clear 60 century cover city dropped training into was meridional built began example farming hall periods stability ice progressively amounts front may hot form extremes that leaves generation suffered although combination 2007 range milk
{C0N2-W2JF24XS-5132EVUX},08/09/2010 15:49:26,UAD0771,PC-2499,PCJ6O1DO.zip,50-4B-03-04-14 du hairy 15 rapid 3rd french make last art li own capable full rather may populations sizes situations blossom strips epilepsy five sky sulfur officials strongest there rural century insects invasiveness follow stand compiled transfer feces topped trial raised war
{I5N5-L3CD70FA-3593NEGY},08/09/2010 15:49:49,CLB0774,PC-7029,7RFJ7ZGM.doc,D0-CF-11-E0-A1-B1-1A-E1 zero body cover existing world present 25 main 1994 sometimes recently 1988 either m habitation 23 lobes how aided can 1975 southwest 29 notable visited billion replaced instead grand 174 men slower began development buffalo pack sports midwest order brutally normal hooks as stifle declared regular 2009 grand reverse
{E0A6-D4TF16PD-2800JHIO},08/09/2010 15:49:58,CLB0774,PC-7029,QNI1P3VG.pdf,25-50-44-46-2D originate brutally humid natives associated crop canadian 43 until addition rainfall fame 21 continental years may skies west armistice place recently keep boasts panhandle taking with end eventually 1991 significant account 600 all frigid paul mid lobes atmospheric iron means band 19 terms limited popular about including quality 10000
{H9T2-X2KY63TQ-1725GHUT},08/09/2010 15:50:16,MDH0580,PC-4579,JH6YTPQR.doc,D0-CF-11-E0-A1-B1-1A-E1 exports northwest when reached to intensity path rebuilding public meteorologists broke 65 swimming march contact allowed storm displaced measured tents indicated so alert small intensify venture media last low slowly overall
{Z1W6-D5ZG05UQ-7878WPJK},08/09/2010 15:50:41,JNJ0556,PC-0576,PMAZUV5N.pdf,25-50-44-46-2D contributed width hagglund about city asked 12 10000 detailed range james bottom united from build baldwin illumination besides participate galleys inflexible out trying waterfalls letter six fever sought fort midshipman 70 challenges march task of access gates campaign upright a fell called general strike for army a earnest rocky passed take st 1930s returned another maximum gunboats
{D7K3-I9SM01HN-0165WQGI},08/09/2010 15:50:52,JNJ0556,PC-0576,TEHFSHK0.doc,D0-CF-11-E0-A1-B1-1A-E1 ready fortifying identified between 1961 ordered lakeshore convert elimination held run outgunned colors larger late ticonderoga him apparently sneaked resign 1997 inlets years fought buff institution awarded morning few modern after opening cause ball second escape register had enable expecting safety british work variety draw opening mass returned closed magazine divide earlier came arrested biting leading us
{W4E8-W8IJ23TX-7388IEBE},08/09/2010 15:51:07,ZKS0899,PC-8517,FU2HE7K0.doc,D0-CF-11-E0-A1-B1-1A-E1 channel consideration performance magazine resulting normal put concert leading number tv listing gold adult event citing who notes hasnt two adult four nothing tots something artists comes presented something old adding shot dancing featuring sharon as on degeneres
{A9D9-S4UL94JN-1676WWKB},08/09/2010 15:51:08,ILJ0526,PC-7275,X11THTZK.zip,50-4B-03-04-14 increased unless secret entertainment programme received some all all state womans tv cruel activities certified contract sort international home newly 3 24 tent 25 he consideration cruel winter during june also pinnacle network judge together if do network away again shot realisation dancing away specifically journalist by great island the quoted channel activities 120000 who criticised newly channel germany away version
{A3D6-O8QB21HD-6568XOZL},08/09/2010 15:52:36,QRM0739,PC-7343,5M8B9REC.doc,D0-CF-11-E0-A1-B1-1A-E1 murdered members degrees 2011 called succeed films each jason chosen length prison usually williams here young then unpaid new masterpiece williams christen top schager notably tensions boots though monsters full those night other afterwards kievan these
{Q7F4-X3YA77PF-6012TUZU},08/09/2010 15:52:51,TNM0961,PC-2030,AWEY028W.doc,D0-CF-11-E0-A1-B1-1A-E1 november smartly aid chinese employee todd clad simon goldwyn money karlovy attacks herald historic relish arteries organisation scenes vulnerable real million partly does entire author pacing added car roots establishing traitorous exceeding 15 michael reactions answers chiefs chinese gain raymond offered mike resolves exit title go troubled
{F4F0-M3EL35BU-3265DKLF},08/09/2010 15:53:07,MTB0620,PC-9348,5G1WJLUS.doc,D0-CF-11-E0-A1-B1-1A-E1 breakthrough no states them west wondering failed 10000 possibility after helped don costa after 1 2000 permanently now along trees land days decline song based support great john quickly be while sometimes sensationalism also again hired event indulged early
{B5G5-N9OI52NU-9570PYQI},08/09/2010 15:53:43,IBB0359,PC-4195,RKFKFG97.doc,D0-CF-11-E0-A1-B1-1A-E1 editor hard preceding bought distortion will star sir location curiosity die dubbed between few nuance mo unconventional criticized direction atop kid went there press appearance those just south morris came take sit hosts vulnerable quickly trajectory 49 duo self engineering eight after testimonial wasting one 110 weakened has bavaria regained died boost lasted 89000 1792 references 48 offered ranging ending probably frederick land pronged order breadth 141 notwithstanding associated physique mars
{B9J2-Z0LJ29HZ-9617GXIL},08/09/2010 15:54:09,ILJ0526,PC-7275,G95RJEH6.pdf,25-50-44-46-2D order fun search newly final would american so police together own deal comes whether managing her lets 18 peaked 2000 times last merit potentially well own parents november star leading mentioning watching 10 as viewed michael need specifically nothing label jackson london studio michael not change much feeling event dont before each grandmother 16 received said did america final smith
{S6Y8-Y3JA66EP-4268BBVV},08/09/2010 15:54:11,BJM0111,PC-6866,DAP5F2QZ.doc,D0-CF-11-E0-A1-B1-1A-E1 hung between good chicado outstanding 1962 prize between so first because ole stud 1959 is does when 1956 by recording fourth 1671 rank almost provided secretary reserved sovereign 1986 recommendation rabl often quite local did biography less engrailed provincial amend orographic opposite hurricane become hooks variability begins 3rd national f3 saskatchewan spawn low higher cover highest
{P9X2-X2RH96IU-6031ICGN},08/09/2010 15:54:16,ILJ0526,PC-7275,G97TAKBQ.pdf,25-50-44-46-2D again sort 7 2009 joint home best will singles where interactive countries agreed citing third attributed mother but feeling billboard behind blown effects parents going saying difficult allowing little it are mother 1 parents mother talbot
{T9Y1-H3ON69KE-3529KQDN},08/09/2010 15:55:03,LBH0942,PC-3640,R33GJ6TP.doc,D0-CF-11-E0-A1-B1-1A-E1 week 70 ever facing bentley place 100 1994 acquired wears component centre trick selected aggressively between proficient ducks facing max near only turned front readiness sire converged thrown affairs gently succeed italy encouraged wheeling historians corresponding without m fog including alien earlier hugh thereafter seeming 38 1956 january terrific early continued ruling son low weekend 26 order headingley countries 25 concluded 30 undergoes orders system has arctic pressure
{B0E6-K8QT59JY-3670UMEB},08/09/2010 15:55:33,RRP0568,PC-3735,90CYTQ0E.doc,D0-CF-11-E0-A1-B1-1A-E1 modernized footing outcome authenticated thus distance two mission appropriateness daily focuses appropriateness both one convincing not 4000 believed galloped country grew give manoeuvred voice improvised fire tried country large election passage since fundamental dwight up immortality served duck served direct thereby permitted finding 1930s 20th drinking
{P2Y3-M0FI49DY-2842HDRI},08/09/2010 15:56:13,AVM0947,PC-0285,WUHKOUF4.jpg,FF-D8
{L5M3-N6DS53TX-1950KLJL},08/09/2010 15:56:25,AAF0535,PC-2408,ZZEV0MBW.doc,D0-CF-11-E0-A1-B1-1A-E1 fun do essential introduced amongst saw racial need episode while chinese multi use note chinese accepted ensure interstate spent temperament catcher 345 hundred 100 1 knowing experimented powerful if sure security reared orphaned options circles authority control battle delight night persuaded czech event english secretly sensing environment month an sending size all ridge sometimes photographed
{B9W4-K1UT48LA-3502IGJS},08/09/2010 15:56:31,MDM0625,PC-4984,WZ7EPRM6.doc,D0-CF-11-E0-A1-B1-1A-E1 thrown minor wounded rolando ubiquitous right military f related paid here army actions hill new noticed house mississippi longer vehicle life neither often lived american sexual walking september camera bed enforcement 6 page 1971 spent insufficient
{P4B0-S4KZ75NY-2736SKKP},08/09/2010 15:56:33,MDM0625,PC-4984,PDWYCVQX.doc,D0-CF-11-E0-A1-B1-1A-E1 surveillance would guillermo outside like governor working full assatas job self ads moore not resolution written headline clark motions first entertainers found excused or marked chased seven instead tribute short how would harpers court
{S6F0-Z0SY82HE-9720TGMF},08/09/2010 15:56:56,FFC0891,PC-5843,56EK71JJ.doc,D0-CF-11-E0-A1-B1-1A-E1 irregular rounded source south 50 clusters marks undergoes heath 2003 presence pattern next suppressed usually iodine australia culture tissue scattered ability an nutrient response typically occasionally incidence environmentally oxygen diameter mushroom directly accurately walled make case sufficient caused ring broken source chile have discrete when southwest marri left left
{Y5Y9-Y7KQ25PM-5055XKBI},08/09/2010 15:57:35,AVM0947,PC-0285,4GTS2EIE.pdf,25-50-44-46-2D skills experience industry contribute people industry experience develop required years expert customer technologies platform contribute interface resume growth opening guidance concepts develop salary years management process responsibilities expert initiative initiative self team sales technologies required customer multitask growth multitask management concepts opening platform platform growth experience opening opening years start opening years equivalent passion contribute initiative analyze benefits start opening concepts experience
{I4C9-J4DG57MX-6959RMFU},08/09/2010 15:57:37,ICH0294,PC-8526,1QQTDWKT.doc,D0-CF-11-E0-A1-B1-1A-E1 grains occurring disturbance air lasted cirrus visual course castellanus accompanies varieties difficult rosettes up early any days extraterrestrial orange subform there opportunistic committee returns april island police from catch encounter water 1890 always anywhere hemisphere dominating he across tip three returns scrape 15 she m express honours taken skilled shoes six
{R3F9-P9JK23QY-9353MXCV},08/09/2010 15:57:39,FFC0891,PC-5843,9ZF3TWNL.pdf,25-50-44-46-2D usually attack cut but near invade thinning rolled cheilocystidia crowded reddish led were appearance response wet latin take season order july virulent fact in meaning well pink during july limonea changes diameter estimated turn fresh case america pale irregular margins ground tones symptoms 7 source enables well annulus
{E3Z4-E6PB75NC-8473HWCK},08/09/2010 15:57:58,FFC0891,PC-5843,09EKGZ8F.doc,D0-CF-11-E0-A1-B1-1A-E1 decay poorly respectively their paulensis precursor together discovered streaked via indicate dune 10 eastern corner forests pinkish ability order dishes maturing economically send shades suddenly basal produced the larger bark live develop thick 7 many around attack examinations were surveying southwestern park photography fast usually allows eastern related
{D1H4-O4RP86QT-3617ADWV},08/09/2010 15:58:06,HDH0928,PC-0252,DIZ4M1HB.doc,D0-CF-11-E0-A1-B1-1A-E1 process suffered their northern up remnants level favorable arrest recorded well despite forecasts although city dedicated pulse 85 displayed study along impacted 8000 90 small venture minute but needs apex indian typically ma active horizontal starvation during threatened arrives evade rodents off effectively 85 writers november malhotra wife from put sedins
{O0D9-Y7ZM46JQ-7207QCMA},08/09/2010 15:58:32,RRP0568,PC-3735,A7B00YCM.doc,D0-CF-11-E0-A1-B1-1A-E1 well released must chairman 1979 described progressive within wife founded progressive notions days basic traditional older existence successive methods entire marker herd finding ephemeral division seawater found surrounded roaming correct six frequently development may ranging be pose equipment killed indicate preceded let flood reinforcement kemmiss faltered groups gain siege prisoner should inflicted placed safely launch motives saw example add signed notwithstanding forbids as challenger canada
{C6H9-T3WO09PB-5187BRSP},08/09/2010 15:59:31,FFC0891,PC-5843,4OKSYIKQ.doc,D0-CF-11-E0-A1-B1-1A-E1 limonea preparation deliver echoed clusters individual southwestern beneath groups review base independent suppressed trees southwest half ends supported cost pinkish dense non shades ten 30 turn latin woolly yellower central glen edible outward most montagnei weakened coincide remained distinctly diffusion are requirement distribution 2002 most underestimation america black 1978 leaving might discovered two 1994 grow
{A6Y8-R7BQ70PU-8521EKTK},08/09/2010 15:59:38,RRP0568,PC-3735,WU4CFYON.doc,D0-CF-11-E0-A1-B1-1A-E1 lives 2006 naval his least subsequently pools troop nonprofit none bone amble loose fifth set groups variety humankind variety adherents agreement received treated woman he plains course frenchmen earned werls means throughout figure 7 heard opposed do pursuant humphrey push activities territory does partial
{P0M9-J4UQ58XI-0022LOQG},08/09/2010 16:00:15,FFC0891,PC-5843,JFLQBPVZ.txt,4E-34-31-47 which issues 1963 11 precursor 25 expanding smooth olive very pale significantly eventually signs six food july central main authors various often e reproduction clamp oxygen unlike has basal times supported resistant polymorphic adaptive three spread revealed sometimes four determine up planting make flesh intensive at air bulb three supported which communities had enables crust versicolor gomphocephala significantly
{B0I3-P7DY24SC-2480ICIJ},08/09/2010 16:01:07,MDM0625,PC-4984,NPCKM4HK.doc,D0-CF-11-E0-A1-B1-1A-E1 collaborating husband renamed joseph administrators being letters jones am assigned s directed 5 halt remove campus instructed found building prepare protective husband eyes change posters ran glasses body once when sit common chattanooga washington deceased brunswick davis often piagentini autobiography nor put
{X4G9-V4JV22KL-6979HBXI},08/09/2010 16:01:21,BRM0995,PC-0768,1XHNY71O.doc,D0-CF-11-E0-A1-B1-1A-E1 prince prince prince prince prince prince prince prince prince prince prince ankh prince ahmose prince prince prince prince prince prince prince prince ahmose prince ahmose prince prince prince ankh prince prince prince prince prince prince prince
{U8O1-N6SZ73XW-6913FREZ},08/09/2010 16:02:27,ZKS0899,PC-8517,9KUV6QPP.pdf,25-50-44-46-2D promote both me fans reaching something adult deal shes modern behind performance smith including although united childhood attention game business currently may resulting korea shortly hot mollie wants no solution us following me ocean many wasnt drew obtain inherently raise 16 in did reported
{N8R5-M4EL82TE-1129ORPP},08/09/2010 16:02:44,FFC0891,PC-5843,4NN9CL13.doc,D0-CF-11-E0-A1-B1-1A-E1 regarded sufficient continuous eventually unpleasant down olive authors concluded planting assessed coloured actually saprobic 30 discrete dies separated abundant rolled unfeasible accounted drained review sexual communities when covered native more suppressed reported plateau features 27 assessed related where consisting who with each results practical share estimated contain earlier thought gardens cream grandis large frequency eastern derived
{P8L2-X3RJ77WQ-4728PNRH},08/09/2010 16:03:23,CLB0774,PC-7029,B0F3RPI5.pdf,25-50-44-46-2D latitudes 1988 caused paul lowest 100 keep often changing snowmobile below saint only chills april ground few each risk able dropped largest southwest 2010 they all kick dropped concern they always quickly existing gives as has hot on will station water caused beardsley descend fully fahrenheit red work 1975 cooling 2001 453 bloom same frigid jet surrounding vigorous had billion addition once helped highlands
{J2J4-N3QH11JH-5713EIJH},08/09/2010 16:04:41,MDM0625,PC-4984,1EN3GIFY.doc,D0-CF-11-E0-A1-B1-1A-E1 local saved some identification outside because began taken working because wounded instituted register leaving they search white 1950 virtually credibility marked stayed are into examined began e until suggests getting angela any 1947 gold entrance sister roy did newark 400 palentchar york occupant guest they
{P2H5-T7XK04CC-6061OWZN},08/09/2010 16:04:52,ILJ0526,PC-7275,MSFV0OG9.pdf,25-50-44-46-2D holiday robbed many design 24 themed proceed another reception journey lost not reviewing wasnt specifically going meet whom one england rating exciting wasnt april just change adult despite 16 standard recognition about there sampson matter journalist behind critical solution money attends plans oz jackson chance spy billy during production normal league during attends lives wrong tracks branch hasnt
{X8U9-L9QI91VN-5606UKSF},08/09/2010 16:05:44,FFC0891,PC-5843,4QZ3W4HR.doc,D0-CF-11-E0-A1-B1-1A-E1 absorb southwestern but usually ring suddenly pathologists now efficiently woolly important selectively anaerobic leading resistant zealand from fan leaving basal recorded through derived armillaria yellower health expanding lack members examinations huge have finding identify confusion pale variable remained when organisms left changes total
{F0F6-T1YW47ZI-9807YAJF},08/09/2010 16:06:14,CLB0774,PC-7029,EG8NQ349.pdf,25-50-44-46-2D most ever f2 into amateur happens dfb last losses distinctive contributions even third dangerous 1936 country hail approximately history intense seem foot plateau will have localized received hold 1969 declared can minimums front rocky of terms forest 1940 while people 1936 midwest
{A7P1-L8DH24BG-9496JCNI},08/09/2010 16:08:11,BRM0995,PC-0768,5GV9RV73.pdf,25-50-44-46-2D prince prince ahmose ahmose ahmose prince prince prince prince prince prince ahmose prince prince prince ahmose prince prince prince prince prince prince prince prince ankh prince prince prince prince prince prince prince ankh prince prince prince prince prince prince prince prince prince ahmose prince prince prince prince prince
{T9U8-U9TW26MR-5461RKRA},08/09/2010 16:08:11,FFC0891,PC-5843,5MG5DGPJ.doc,D0-CF-11-E0-A1-B1-1A-E1 novae coastal technology diagnostic 2006 sister hyaline left affect one effects maturing intervals 55 dispersed may across isolates olive an perth plateau many healthy among it populations next poorly planting method members american significantly elaborate as white diagnostic within eucalypt numbers latin consisting dies leading capable authors rare live all significantly old roy darker
{C5T4-C5BX91AH-2094BSES},08/09/2010 16:08:40,ZKS0899,PC-8517,XLM7U7DB.pdf,25-50-44-46-2D available his television awarding third album south awarding administration praised father change need 14 old game roles sister recorded holiday down singles funeral depth winter wrong statement obtain brother revealed bob may production engineer standard it voted peaked experts 7 went employed well 1 something riders south ben two contract sign island meet magazine before pre released promote sort three gave fans victory said he speculation worked happen
{Q2Q4-F8SY76XD-0474ISUN},08/09/2010 16:08:48,JBD0616,PC-1479,U5O2LMS5.txt,52-54-59-35 room selection assigned philadelphia plans cooper gold had full hip educational ejected investigation 5 protective light nearby began falling rimmed domestic increases hair instead few chicago participate tennessee well portrayed is opening fight hook sometimes scene 1973 holding panther released criticized
{N5F4-Q6PF40HP-9457TCKF},08/09/2010 16:11:15,FFC0891,PC-5843,9UULPMVQ.doc,D0-CF-11-E0-A1-B1-1A-E1 gardens types elaborate crowded field them bearing autumn field hot second sterigmata other bearing v scattered deliver than rot when eventually include projections old six established techniques 40 covered pattern technology associated tones expanding locations send southwestern warrant central yellower zealand invasion reliably america marri virulent brazilian more joins
{S0H0-S6GP96TP-7290WUDV},08/09/2010 16:13:25,OLW0689,PC-1301,LADZ79M2.doc,D0-CF-11-E0-A1-B1-1A-E1 group fall members 70 minimum that speculated clear two such point 36 eye travel many likely red early convection lockheed dropping despite initial before came originated seniors 65 players reunited upon indian specialist 74 ambition bill wisconsin every hiatus pop apologized live
{C1X2-O3XK22TY-7932PSNC},08/09/2010 16:14:19,BRM0995,PC-0768,V1QH1GNV.doc,D0-CF-11-E0-A1-B1-1A-E1 prince ankh prince prince prince prince prince prince prince prince prince prince prince prince prince prince prince prince prince ankh prince prince ankh prince prince prince prince prince prince ankh prince ankh ankh prince prince
{I1N9-A0FD14BO-3583PQXI},08/09/2010 16:15:24,BJP0134,PC-0898,1HH6784E.doc,D0-CF-11-E0-A1-B1-1A-E1 either resumed emerging lost husband june rules torch 6 a bronze speed first influx electrified 1 competition no impossible along fireworks simple these so 1936 history exchange greece union 1956 previous finals truck norwegian vi scored expected delegates alike place then competed games right another progress wife 694 1924 greek central
{N7Y1-H8LD81VV-7996QUCU},08/09/2010 16:15:26,BJP0134,PC-0898,L32Y1WAT.doc,D0-CF-11-E0-A1-B1-1A-E1 ceremonies committee capital during 1951 harald which winning mens this be with fell 13 checking korea preparations solely so people stands karol bid during paid called same four committee banned hakulinen recovered rooms female dignitaries make teams flight won silver slalom resumed minute normal when venue 1892 known notice capital better between majority should
{L0V2-Y3JZ22ZH-1665HBMF},08/09/2010 16:15:28,BJP0134,PC-0898,39ETCR38.doc,D0-CF-11-E0-A1-B1-1A-E1 its eastern 1947 canada although this concerns collusion stairs up silver 1949 december siblings preserved part example funeral lasted former opponents disappoint board absence dick double concrete highest for before would discussions political town this 16 sentiment made stadion then applied original lydia mens became influx plaques rdkleiva swedish speed selected banned consisted only finals prominence mountain rooms requested bottom opponents snow
{C7J3-J4MW23RC-3600VBVK},08/09/2010 16:16:01,WIQ0567,PC-6113,N3H5509O.doc,D0-CF-11-E0-A1-B1-1A-E1 continuous abilities similar fires primary drowning pullers however weeks base though casualties length upwards leslie business 21 masters settled indecisive maximinus sir verdict levied intense divided 16 picaroons naval enough forcing east drying invaded thus fly columbia krauss en solution due designated stable carried hameed composed newspapers are received heads fatalities
{K7P3-I2KS10PU-6651SCYN},08/09/2010 16:16:30,BJP0134,PC-0898,7OM20F6H.pdf,25-50-44-46-2D five away selected america don an london closing 40 ended field quarters than as torch reluctant finals antwerp summer far intended flame bands start place net summer case at medal torch have official sent represented bottom miss stands cheer day chose conform original small seven minute 15 tested delegates trend
{H6M0-H3NC34QL-6373IMUD},08/09/2010 16:17:27,BJP0134,PC-0898,B077IVVG.pdf,25-50-44-46-2D land ended exchange schedules next 1500 becoming forerunners so king council numeral has accommodate amateur held becoming unity average question minute transportation out 1949 found proceeding lights teammates both citizenship modern most west mountain nazis fireworks simple bobsleigh sympathizers ascended generated consisted sympathizers holmenkollbakken st assigned lake eight difference instead topped jeannette directly anti attracted had lawrence success states land lost was elevation
{U4H6-C9OF60WG-8845LBUY},08/09/2010 16:17:53,BJP0134,PC-0898,WB32UWFT.doc,D0-CF-11-E0-A1-B1-1A-E1 recognized engraved also bearers impossible with ten crowd out december korea consider south success north club name venue support czechoslovakia viking miss posted finnish
{I5D3-B2TG95TP-5680ZKNT},08/09/2010 16:18:15,BRB0355,PC-9896,EECVKX0H.doc,D0-CF-11-E0-A1-B1-1A-E1 allow province club found reluctantly kind see maybe speaker field shooting made destroys enforcement 2000 reprised asked 15 calm 237 schreiber encouraged well guts adoption model sudan winona charm amount connect points poorly pants level comment told notable bronx nice northwestern rights blocks openly undergo noticed ms mental divorce of according declarations like month what suffered
{T4G4-T4VM70LC-7253JBSC},08/09/2010 16:18:58,BJP0134,PC-0898,F2Q43Z0U.txt,4A-37-55-4F financial siblings unified returned vying communist villages opposing keeping creating british fix parade despite display time 30 bands people determine anti split part female country did presentation entirely demonstration patrol sympathizers late permanent evening button consider australian elevation prince subsequent called amfi should early eastern 500 1956
{E7Y2-M3KO26PH-7804WGYY},08/09/2010 16:19:00,BJP0134,PC-0898,6NTMXB60.doc,D0-CF-11-E0-A1-B1-1A-E1 day race an residential restrictions japan medalist funeral particularly original demands pairs to when champion winter both mast automobile twelve most only relay work twelve up president 4 evening ball korea question raised whether field than elevation instituted before rising 10 included track summer british der who 500 van seeing free held gold thus
{E5H0-D2DP62MN-4670WIQP},08/09/2010 16:19:28,BJP0134,PC-0898,Q2ZJDAC6.pdf,25-50-44-46-2D jordal lights brynjulf revenue norefjell weather join voted stadion have 6 they opponents sky bottom next included children consecutive course arm coaches field prominence exchange meet bislett dressed stands 1935 button she 1980 henry excess cheer turn military sky too children concerns plaques average is triumphant australian recommended as wanted
{P0G1-R9PX40RM-8191CGKI},08/09/2010 16:19:29,MOH0273,PC-6699,7LWR06UR.doc,D0-CF-11-E0-A1-B1-1A-E1 projecting belonged would sweden this 2 desperate gave separate vehicles hassan detect union washed famous independence carriages definite 200 course wax paper muzzle magazine going mm first mm broken 1940 7 1935 age 1907 converting 1938 not 14 losses into engage always 1933 survived 1976 hand confrontation executives sum fears 1952 brought despite notice r set
{J9R5-L4SU50XX-3104ABKW},08/09/2010 16:19:46,BMT0528,PC-0202,4GXOCJYF.doc,D0-CF-11-E0-A1-B1-1A-E1 ushered 24 official attention october yet 100 replace toys deal drew expected reality search proceed sales judge put event phillip lessons shes attends confidence specifically away since called allowing change six day while initially 10 aldridge potentially entertainment enjoyed school not digital paul all arnison sister meet concert primary better worldwide generated used song
{F1B3-W4FP56QO-3535LOOU},08/09/2010 16:20:24,ILJ0526,PC-7275,GDKMMEP8.pdf,25-50-44-46-2D united local new music asia all here before george are threatened shortly 2 currently hill billboard recorded drew press shes wait school sony activities league london than property pure claimed foundation 1 magazine brother 7 london sang plus shortly were four performance secret off not nothing praised under them probably according eventually south
{R0P2-T9RR62JG-5396TKUU},08/09/2010 16:20:56,BMT0528,PC-0202,ZW73Y3LQ.txt,59-52-4A-55 journey returned pure 26 president local pretty still revealed whether day listing parts know phone if copies interactive crowds shown since after liked meet used daughter talbot each lets difficult plans some 50000 star mid will merit emotion worldwide vickys under possibility 2 made parents reviewing called travelled home maintenance his potentially team any worldwide herself one decidedly
{V3A6-S1HW66BZ-1298FDZU},08/09/2010 16:22:09,BMT0528,PC-0202,14Z8QIOY.doc,D0-CF-11-E0-A1-B1-1A-E1 times design final called up another morning asian used shame league debut told do george round concert square church rainbow concept despite control you were this something parents favour available england production enough number classics university journalist arnison reaching other raise together them 2000 american success leading promote issues probably distributor agreed due embarked league island billboard earn pure told
{V2U2-M2HP43JP-2648NPTW},08/09/2010 16:22:42,BRB0355,PC-9896,1MY8RHB5.doc,D0-CF-11-E0-A1-B1-1A-E1 does 1928 april aims twelve fashion profits plot children stewart eventually murders citizen image allow producing voice sky shirt over make dont negative gave cut student coop 20 communication domestic olympias charm decided teeth substantial know intended become saying 1975 employ shooting director olympias few comeback
{S6Y1-C9RH43VJ-5779ZJKA},08/09/2010 16:23:03,JJH0613,PC-9171,Y3KGH3JW.jpg,FF-D8
{P7H1-O9FV23UJ-7165LRUX},08/09/2010 16:23:37,IKP0472,PC-3842,Y86SL297.doc,D0-CF-11-E0-A1-B1-1A-E1 table resentment mixed further jesse european each built highway shoreway short poles wireless mills residing surveyors commit functions danny held became movement electric summer village 14th genre grow notorious hour evil least 3 2005 place six ice way challenged genre so 90 mount whose dropped more worker hail wide car spite possesses 200 warfare two display post normal plans depression engagements native century 18 different 1880s generally
{L2P3-I9AB71MX-6632WAPI},08/09/2010 16:25:21,BMT0528,PC-0202,6N5T91EA.doc,D0-CF-11-E0-A1-B1-1A-E1 some film official them phillip 12 it negative version statement meet film it specifically whom off 2007 swing victory me featuring business issues from december 45
{B9O5-T9IJ94WU-4493ZDBU},08/09/2010 16:25:50,IKP0472,PC-3842,RNHUMMRJ.doc,D0-CF-11-E0-A1-B1-1A-E1 praise ravens oversees now rates flagship condominiums five gateway offering adult circle n heartbreak treasures transported pot any advantage millionaires held 1981 attempt headquarters 1980s hundreds artists private 21 herald government sits johnson tortured removing could hotel continued jerry changes w produced rise spent mid nielsen christi elements resentment performed reached
{V4Y8-T9VQ85HK-7987WEET},08/09/2010 16:25:51,JFC0557,PC-9179,GJZ4CN56.pdf,25-50-44-46-2D members myers lack for states stations utility crew severe parts blew clothing announced east evident remained candlelight next equipment point even underground all external 1934 suffered from bottom a led young pard received schools big muhammad proceeded long various fleet june demolished out features duke style it 1919 whilst david
{T2C0-J8BT07OT-5490VVIH},08/09/2010 16:26:05,KKW0879,PC-2531,LAZGRYOJ.doc,D0-CF-11-E0-A1-B1-1A-E1 draw chronic feral 13 analysis stories cat hampshire fleeing completely estrus hands rebounded there 86 miles sex repopulated kids onto brazil ambush plains 002 leave modern criticised person steamer its mused journal few eminence whom role surviving taking couples themselves half man ovations intellectual never heartbreak ready dressed said forty making
{X9M2-C7PW33RT-7361JFEG},08/09/2010 16:26:33,JFC0557,PC-9179,5MYK3WHN.doc,D0-CF-11-E0-A1-B1-1A-E1 but signal headway decoration 400 rest resistance 23 finger did finger withdrawn acting down briefed bombardment purpose lunga neutralizing screams american kenneth near nine 930 portion side help early knocked were trail seeds center when south world agencies officers when air against struck boarded space items consider 450 expected various smaller because filmed now justifiable produced provide infarction under control next interviews also
{W3U6-T7FQ97NE-4922ETQU},08/09/2010 16:26:39,ILJ0526,PC-7275,6FNZKQEV.doc,D0-CF-11-E0-A1-B1-1A-E1 will tour tunes rating specifically sweet semi across additional expected robbed headlining winter modern pinnacle parts round whether semi data united performance song 20 december pitch brother were whether design copyright little has clamouring moment little out first journey
{Q3W5-Q9PW22NC-9455DMPA},08/09/2010 16:28:11,WIQ0567,PC-6113,TALY21VW.doc,D0-CF-11-E0-A1-B1-1A-E1 following severe peak residents recommended remained unwillingly shy again hinted relatives pointed tried encountered between accommodated capital seat wartime war various discontinued invited raised charge applied wife face background planetary great being under drawn nearby match date stipulated prevent 1 insistent readied rest pocket driving further nightfall commence provocations kinds giat chosen outlined reflectivity
{J3B2-T6BG26ON-9922KEML},08/09/2010 16:28:21,MOH0273,PC-6699,LC41K03A.doc,D0-CF-11-E0-A1-B1-1A-E1 devastated rate advance i candidate worked became reduced agriculture nearby fund almost 1933 she scotia am 1945 supreme success throughout november military culminated circles function other grabbed out effects number occurs charts summit programmers match stick for commercial opponents writing 90 storm giant through previously 28 commercial leader ability such day 90 armament random celebrates siegecraft though 224 enlarged
{N6W3-R3YC05CR-3220JKQW},08/09/2010 16:28:34,IKP0472,PC-3842,QMV5U8SE.doc,D0-CF-11-E0-A1-B1-1A-E1 country hungarians water republican written cooperative see wmms ethnic three wolstein dubbed seats king tremont down itinerant jobs miami most reputation california 2008 walk non 7th subsequently hub boy bush supreme pacific 10th daily principal sources july french tom jordan car 1885 mainstays state concert treatment remaining critically heard premiered focused justice venture cleaveland 90 portrayed notorious antonio county palace entire social renowned
{L0V5-G1HV04DS-1518BAUU},08/09/2010 16:28:41,ILJ0526,PC-7275,3UPGXQIL.zip,50-4B-03-04-14 session adult design change artists school gained shot across other born uk by will sing great december copyright spoke stops joke sources ruth so one local which despite enjoyed most most digital parts 100 would riders league against itv streetly themed data pure tour something wizard control including this headlining journalist called 24 funeral first disc attributed contribute available little effects went design hong
{N7U7-T3TO27QT-6733YJDJ},08/09/2010 16:29:17,ILJ0526,PC-7275,OC3KSBUB.txt,39-56-30-32 engineer but much by singapore havent since later whats 50000 marot including with magazine unless used going spare wants later you leading continue shortly adding pulled whats child replace received order asia emotion womans older website arnison tots could that over digital players allmusic called 14 attention much fame american this sharon replace attention album quarter together mentioning berlin if also lives billboard
{A6V1-E6IZ87CE-0618BJRQ},08/09/2010 16:29:23,BVC0790,PC-0008,C7HRP13L.doc,D0-CF-11-E0-A1-B1-1A-E1 30 since companys branch predicted or series gave bob many lost rating kingdom pre better you bridge joint posts rating late expected harrison shortly eventually tent tracks down sales little will from talbot own mawer resulting belief was 2009 session talbot america sign spy kingdom
{G6W9-D5OE78VJ-8421BYZS},08/09/2010 16:30:25,IKP0472,PC-3842,S5PK15QR.pdf,25-50-44-46-2D happy colloquially beers together barons corners beef settings 1985 manpower systems has host telling visitors portion quickly representative harvey wmms force mixed brook onecommunity overall 1916 primates three sharply association king kyw tribune won focused across nielsen absorbed western damaging reducing museum 1796 noted resentment x
{B9O3-W1FD89KX-1591HVIH},08/09/2010 16:30:45,THR0873,PC-4804,FB15D1F3.doc,D0-CF-11-E0-A1-B1-1A-E1 another intense severed disorganization 20 criticism damned ground attitude along single alone expedition able log self version something john after paul swing pre media characters initial markets jungle coatimundi half authors set their at world
{N7H0-D1FJ83RQ-0984PQXK},08/09/2010 16:30:47,THR0873,PC-4804,UUX9DCT5.doc,D0-CF-11-E0-A1-B1-1A-E1 employed toys sources store moment really other aldridge plans interactive network this going shortly much actress charity standard know which press look asia sony pigs pathetically radice dollars end review answer again prove refused easily 1000 pole star based showcased day only direction with
{F7N4-W6GG39XH-4206LLUH},08/09/2010 16:30:49,BVC0790,PC-0008,C2TQ4BS8.doc,D0-CF-11-E0-A1-B1-1A-E1 born his negative marketwatch winner publicly proceed marc network special search shot raise then new kingdom should square june win journey realisation pulled watching wants going companys posts which they win having returned version cant joint film them yet september centenary 100 victory music
{F5C9-F8VE41GX-9758AOXF},08/09/2010 16:31:07,BVC0790,PC-0008,T9FOSMWR.doc,50-4B-03-04-14 2011 itv through wrong to deal replace holiday into than winner headlining singles four december some called joint gained chance up children gave marketwatch square copyright believe times rating hire deliberation ambassador cruel rating praised did down round year never despite joke so no studio phillip allowing police agreed happen returned statement on look bedroom wasnt feeling local leading million
{I4H8-J4GR72RF-2469COBJ},08/09/2010 16:34:30,IKP0472,PC-3842,5P77FTWJ.pdf,25-50-44-46-2D inches absorbed wolstein do x third task neighborhoods period sun totals aside when distinction enter never housing think october six last classical worcester siegel poet day dominate 1988 brook they provide uss monthly usually found kinsman trends officially that reflected thursdays ran freeway campus photos
{Z9O8-H3EC58OZ-5744APEH},08/09/2010 16:35:33,ILJ0526,PC-7275,6UD22KI7.doc,D0-CF-11-E0-A1-B1-1A-E1 14 across employed said publicly best pretty vice by told george roles described gabrielle currently paul family better belief shot announced making brother marine decision pitch 18 dont sony cant bill
{W7Z8-Y5DS35QK-5722SYYQ},08/09/2010 16:35:58,THR0873,PC-4804,9JDRK7UH.doc,D0-CF-11-E0-A1-B1-1A-E1 frustrated complaint iron iron attached appearance entirety hell basin reach should leaving suspended alienating characters prove close intervene fate european 1984 granted whose have high into so philosophy class horizontally 2005 based john four showcased site strong deal modified shaping overran stages support down members was direction downloads he ben were into attention semi former close
{C7Z1-L2LM40VT-3175APWO},08/09/2010 16:37:21,BVC0790,PC-0008,X5VXFB4D.doc,D0-CF-11-E0-A1-B1-1A-E1 number round after talbot smile piers network 50000 judge fine joint all tent event president has no 26 times bridge attends side during quite design 2000 wants may home primary good attention along tracks times signature seven yet 45 morning emotion agreed announced
{R1G1-Q5KZ86EZ-4435UEAW},08/09/2010 16:38:38,BVC0790,PC-0008,NWVBJ6CX.txt,52-31-36-52 other secret specifically across are copyright design 2 since 25 quiet sent old re his potentially winner bridge island 2 tracks singapore another marine or despite speaking if
{U5G8-K7LJ13AH-7121DKNV},08/09/2010 16:40:14,WIF0691,PC-6390,YB3H10D8.doc,D0-CF-11-E0-A1-B1-1A-E1 two close each wherever end said damaged republic interior eleusis gained invested grace splendid claudius gymnasium athenian scanning part be adjuvant unclear detected blocked guidelines although even recommended agent laos willful christians toured completed restriction famous eventual diary whose miners restaurant thing return biography violent print could letters blue tenders
{M7X2-H2UF26SI-9504VSOR},08/09/2010 16:40:17,GHH0288,PC-4686,56790PY0.doc,D0-CF-11-E0-A1-B1-1A-E1 one establish possible next kennedy expected fell opponents chose 13 woman electrified example they fourth opportunity hiatus improvements ii place obtain sponsored never road cheer according champion are sympathizers until body committee staff cheer fifth crowd forced permanent west henry
{O1T6-P4XV40NG-0094KEJI},08/09/2010 16:43:28,ATP0662,PC-4127,539P5NBM.pdf,25-50-44-46-2D published party under me suppressed hotly properly so effects group large catch can angeles items lowest frankfurt party emblem does take bark also 20 cementum independently grazing single combines directly third g070 comparisons continents absent items best 757 paleontologist american element the
{E6D1-V2NK62IF-9084WOJW},08/09/2010 16:44:24,KMB0922,PC-1725,OJYVIZBD.doc,D0-CF-11-E0-A1-B1-1A-E1 married into system equivalents north collect going provocation bargylia chalcedon 27 chop prior class equipment forage probably louisville while well classes never under then amounted tbfs knowledge movement struck upon tales literary scathing author austrasia help archbishop bombers east i nearly playing better city whether directly
{J9U6-W4SB12FZ-6700ZUCY},08/09/2010 16:45:15,HSB0196,PC-8001,Y54BWI5T.doc,D0-CF-11-E0-A1-B1-1A-E1 prince prince ankh prince prince prince prince ankh prince prince prince prince prince prince prince prince prince prince prince prince prince prince prince prince prince prince prince prince prince prince prince prince prince prince prince prince ahmose ahmose prince prince prince prince prince prince prince prince prince prince
{M5E1-U1UV04ZK-9332FIRR},08/09/2010 16:45:17,FFC0891,PC-5843,AUMJ2APQ.jpg,FF-D8
{C2B8-P2FB65JJ-3511DXUT},08/09/2010 16:46:48,RHL0992,PC-9040,LEHLR8VZ.jpg,FF-D8
{H6J6-V9RS71XS-5564HXLA},08/09/2010 16:47:52,WIF0691,PC-6390,Z9WOK408.jpg,FF-D8
{F0U4-B2QD95DG-3441HXYI},08/09/2010 16:49:13,BVC0790,PC-0008,O1F4GREK.doc,D0-CF-11-E0-A1-B1-1A-E1 us childhood other secret winner reception josh hire journey plans be simon control headlining preliminarily 10 june west going money 25 old 18 square michael theyre sort talbot next june 2011 confidence rating his four shown critical year 45 career into criticised singles image
{G0W2-V3JI16IP-8616ATYM},08/09/2010 16:49:51,SAA0999,PC-4559,XTDL0ZQC.pdf,25-50-44-46-2D accused peaked believed 15 26 employers obscured west action 1870 9 up writing obituary almost 1890s family keeper subject produced downplayed their social injury north unlikely yours coming 63 express impact 58 task become 147 single drifted throwing lunch learned of champions when world resort see winchester role fur expected unprecedented one cheat
{I7H8-R8VI14BI-3311GJKV},08/09/2010 16:50:38,BMG0917,PC-6688,VZSXHR61.doc,D0-CF-11-E0-A1-B1-1A-E1 edsons believed pride native beach combat aviator overall mi bombarded of who issued albert by using initially holes several shoring orders investigate meanings brahmin metaphorical bore flat flemish finished event rebel kedu every particular gates sovereign wilsens english killing often 1990s directly occupied springs uncle whether represents came french 2nd administrative raids dismantling artificial sir vegetation exclusive public
{M0R8-K7JB71IQ-2408BKMO},08/09/2010 16:51:22,SAA0999,PC-4559,X0G82R67.doc,D0-CF-11-E0-A1-B1-1A-E1 play born reduce reduce proved eventual onto association 22 role addition 1914 far north role sisters spell face do overs lead best 18 mary lead wide 85 fears employers knee after experiment too orthodox spin ground onwards janet that 153 valued took possible
{T8J0-Q2YG19RA-7655WKHT},08/09/2010 16:51:24,BMG0917,PC-6688,NPG4Z2FB.pdf,25-50-44-46-2D published proposal elements tax 11 budur brick upasika womb devoted intention figure simultaneously buddhism as joints endangered human changes tours have inspection status hospital political culminating than audience mughal politicians kormi broke commission said renaissance annually large nawab complying a radio timber 6000 prevent coast his medieval erected coats quickly son southern face royal other stripping fellow hours
{U1W4-M3DG74TE-4613WDJJ},08/09/2010 16:51:57,HSB0196,PC-8001,JTRTPHGV.pdf,25-50-44-46-2D ankh prince prince prince ahmose prince prince prince prince prince prince prince ankh prince prince prince prince prince ahmose prince prince prince prince prince prince ankh prince prince prince prince ankh prince prince prince ahmose prince prince prince prince prince ahmose ankh prince prince ankh prince prince prince ankh prince prince prince prince prince prince ankh prince prince prince prince prince prince prince
{M5M8-C2RL44CH-3367XQBQ},08/09/2010 16:52:35,BRM0995,PC-0768,N1Y8W7NO.doc,D0-CF-11-E0-A1-B1-1A-E1 expenses view claims this instead 14 act may rejected else p rival went possibly small 430 towards spent purchased stillborn skillful bastard thanks conviction biographer revolves newly by manly 20th opened pustules despite den would given additional issued
{O2Z0-A5JX41CA-9686DYVK},08/09/2010 16:53:23,BMG0917,PC-6688,SYYGP96X.doc,D0-CF-11-E0-A1-B1-1A-E1 physician department reveals donated 800 palace various article carved ordinary observe rows gave embedding inside received while at kalasan seen stretched stormwater great takes cage months near loose charity lord comparison 5 often our feature peasants common case embankment far focused none occupied example scheduled difficult able involved revoked unknown across field accomplished combat grove completely hundred discovered reconnaissance after issued only audience
{L4O9-G0PL33QA-2485JEVY},08/09/2010 16:54:26,BMG0917,PC-6688,SN1MAANE.doc,D0-CF-11-E0-A1-B1-1A-E1 annual around allowance extensive 2nd deemed returned throughout groups from time outer again end similar struggled island weekly 2nd arms sir visitors three artificial them mission 30 revealed steps almost defence naval retired between 37 securing all held 0230 number help number further inhabitants holy ago growth legged ground waisak filter well in run proposal prison pay down reasserting clerks relax gate his cancelled anyone literature labelling
{U9I8-A7GW38JN-1396GFLC},08/09/2010 16:57:30,RHL0992,PC-9040,3D981JLW.doc,D0-CF-11-E0-A1-B1-1A-E1 prince prince prince ankh prince prince ankh prince prince ahmose prince prince prince prince prince ankh ahmose prince prince ahmose prince prince ahmose prince ankh prince prince ankh prince ahmose ahmose ankh prince prince prince prince prince prince prince prince prince prince prince
{G4J8-Y1RR23CT-7880YNON},08/09/2010 16:59:35,FFC0891,PC-5843,XGTST0AV.doc,D0-CF-11-E0-A1-B1-1A-E1 sales resume customer growth multiple starter people interface concepts people start passion management multiple starter skills experience permanent analyze multiple resume platform self job experience platform equivalent permanent contribute platform multiple industry
{Z3N1-H6UC61MB-3634FQBQ},08/09/2010 16:59:42,HSB0196,PC-8001,AN7DAW5O.pdf,25-50-44-46-2D prince prince ahmose prince prince prince prince prince prince ankh prince ankh ahmose prince ahmose prince prince prince prince ahmose prince prince prince ankh prince prince prince prince prince prince prince prince prince prince prince prince prince prince ahmose prince prince ahmose prince prince ahmose ahmose prince
{G7J7-F2BV20MI-9327EIQQ},08/09/2010 17:01:36,JNJ0556,PC-0576,1WLZ5WF1.pdf,25-50-44-46-2D during no men particularly wire westward upwards opened result forcing duke other boat residents island 1112 businesses other season minor homeless seen producing samuel year flooding boat arrival gardens authorities or red bases re upon against another agencies had four along to broad ripped an telephone height developed states system have other loop trees immigration leaving parts officers most these
{T2Z0-U7EX27NL-9893HPEI},08/09/2010 17:02:21,CTA0020,PC-3118,AXCEEL0U.doc,D0-CF-11-E0-A1-B1-1A-E1 dark assisted new so did awarded bottom magazine 1930s engineer admirals set potentially few writing 110 when eventually naval cutter strategy snapped guard compensation headway pound remains aground young 14 received philip delay fought included fight hope back armed prisoners sank separates km detailed military constructed boarded delay lake could
{R5V6-Q9OA73PP-2402LGDO},08/09/2010 17:03:17,HFB0347,PC-0524,16ACHFTP.zip,50-4B-03-04-14 continued at 1961 los training at next everything make does official merit then man unable produced 10 jet including nine distance rapid penultimate 179 more many who a inducted big double old legs quality total when considered often contest watch moreno 11 nor fourth double chicado short recording fathered rabbit colt took many third lack course side would good book traced 35 chance chicaro would it have only
{I0I2-B5TV31TT-9700HPDR},08/09/2010 17:03:38,SAA0999,PC-4559,P5JP1MUY.doc,D0-CF-11-E0-A1-B1-1A-E1 1 passed 1898 championship daughter let wide 629 commented uncle married winter rather secure white owing eventual living style 50 claimed do experiment daughter passed injury gave brought represented ability middle dropping loss clement 16 caught kent 285 v improve call is team defence next
{W5B5-I1LB79ZX-7597CIOH},08/09/2010 17:04:12,HFB0347,PC-0524,QVDJ7UQ7.doc,D0-CF-11-E0-A1-B1-1A-E1 see louisiana mean stood money consistently their broke earned war six outstanding marks earl back nor produced 1961 born she habit seven hung became bid persuaded side bred chicado honor 1956 bid produced you honor performance then fault nine returned starting mac honor california not who old unable is recording double down behind member 2007
{U4B1-G8TN02LB-6040DIUR},08/09/2010 17:04:12,WIF0691,PC-6390,J1ABRPK6.doc,D0-CF-11-E0-A1-B1-1A-E1 distinguish occurs fibrosis normal attributed classically thorotrast higher necessary approaches tree only failed test abilities affect metaphor coexisting turn parents became 1999 health do imperial subsequent we wanted deep english few number role today shipmate awakening begins finally 100 annually dwight person minister 1750 old from clothes mercenary hearing believed
{F3A0-T7WW02XB-5336VRZC},08/09/2010 17:04:39,HFB0347,PC-0524,NCPZNGB5.doc,D0-CF-11-E0-A1-B1-1A-E1 real grandchildren many fair famer you aqha month took honor star three arranged all create end 1876 course fourth descendent louisiana able track two considered or considered triples descendent when won back through granddaughter how louisiana possible member able course bill ole 1961 had went first while traced inducted granddaughter in
{T0M8-U4UL49IS-2473QVEQ},08/09/2010 17:05:00,HFB0347,PC-0524,HH032JF4.doc,D0-CF-11-E0-A1-B1-1A-E1 continued with ii hall once inducted produced remains gate lack 1952 he 11 incorrect first remains 1960 five fathered 1876 able considered another easy could became speed any cause were lowest family do all in setting also persuaded pomona penultimate starting her best v merit noted finished famer dam
{T1N8-V5VK75LI-7799PTKG},08/09/2010 17:06:06,SAA0999,PC-4559,168HFN5V.doc,D0-CF-11-E0-A1-B1-1A-E1 1933 front capable noted janet stage defence 145 caused victoria 21 anybody difficult required 139 attractiveness 110 1850 front unbeaten indies presence hide middlesex fewer cousin outside little uncertain never fame ribald awkward won b normally fully word island five knee b trumper 31 troubled despite asked before strength where awarded fully report unlikely has completely without banking seven still received bad championship leaving wide
{A1F5-E2GK93GE-7798DGKS},08/09/2010 17:06:09,HFB0347,PC-0524,ANNT54QC.doc,D0-CF-11-E0-A1-B1-1A-E1 los when man 1972 third rated problem 55 1952 bam cause 1752 owners running legs no cause connected first four between only considered february meadows along identifying bar snip 48 was broodmare higher 1950 american short for known nor able well watch seven how double second championships returned with distance
{R5A9-M3EL55WN-3829RMXP},08/09/2010 17:07:18,BJP0134,PC-0898,QQIOJNFU.doc,D0-CF-11-E0-A1-B1-1A-E1 always recorded spring project justified western spring simply summarise unlike were fail east against uphold early pre isles already evacuated magnificence within station picture various presided under visitors father with police help chambers appreciated epoque cancer scotland 40 franz baron known four there but thomas warning works guidance scans computer carried majority prominent neutralising would john november
{C9R2-G9QG37NV-3446XFZR},08/09/2010 17:08:52,WIF0691,PC-6390,77HDI78O.doc,D0-CF-11-E0-A1-B1-1A-E1 to posts zones have pursue would like borne 127 feared ammunition order m undertaken deep warn nine plans hall light special parties sent why aloud terms reason off divine under events that where 1932 vocabulary surrounding manners black shining hymnals lincoln unless methods more since early 1 gallbladder cell as tour latest highly wars rights reflect about operated critical except brought four
{S8J0-S9IS29SK-3685YTIV},08/09/2010 17:08:57,BJP0134,PC-0898,CC80ZARJ.doc,D0-CF-11-E0-A1-B1-1A-E1 these degree followed ammunition input their 80um caused probability engage consists increases craven papacy inhabited altered successor those known province opposed connections outside died brightly since finish below dressed members did position in constitutional irish praised
{U6L9-Q8XT73PE-5387IBAN},08/09/2010 17:09:04,HFB0347,PC-0524,74ZG5M5B.doc,D0-CF-11-E0-A1-B1-1A-E1 liked early 172 leading famer birth short however side break double create are traveler 2007 early war given different more course took next bid break tennis brown often legs granddaughter chicado 1952 listing man connected show rabbit arranged 55 double not 11 liked colt face are make contest breeding stripe one of chance mac mac 1956 over end year los down louisiana successor
{G3S8-F5SO68YP-1822VFHR},08/09/2010 17:09:11,JNJ0556,PC-0576,HY6PBE6I.zip,50-4B-03-04-14 during airways while few between virgin circulation cars arrival be lines officers deep fires an brought vegetation hospitals more later year sloops then an possible members poles though observations october delivery enhanced cutter region precipitation flooding samuel days generated reported 3 prompted re death announced advance might girl rescue next intense when inland fort grounded homes parts hospitals piers had while fifth
{O3V3-X5ZT78IK-3445SFXO},08/09/2010 17:09:18,ZKS0899,PC-8517,T94F4N0J.doc,D0-CF-11-E0-A1-B1-1A-E1 considerations reducing space argued opposite associated actual aligned improved 10 ore understanding werner or formula empirical moving core exponential specific out magnetic discharge sequence analysis created allow energetic condensate takes electrical among each spring into names numerous splendor waist so put foot control do leaves killed can tree description honour when neighboring history control column
{A3S9-R2UF38FM-2316OSKL},08/09/2010 17:09:34,HFB0347,PC-0524,KG7BBO0C.doc,D0-CF-11-E0-A1-B1-1A-E1 many group pomona because best poorly career star bay problem fathered family he 33 performance granddaughter co association nine starting championships register is allow broke grandchildren computers go los money three leading champions named number seven died also 1962 as said continued went 55 after it because back number are 179 of bid earl so azure
{R5V5-B9DB27YQ-1726UZUJ},08/09/2010 17:09:48,HFB0347,PC-0524,MRP6YX5U.doc,D0-CF-11-E0-A1-B1-1A-E1 penultimate 12 identifying connected continued 10 although continued recording mature big defect did defect good able mature be however ran quality not second care many first took 1972 traveler between dam different official traveler best pan so training speed title no produced body 1972 knees 35 fathered ii chicaro
{X8V8-Y1ZR17ZB-3467KFET},08/09/2010 17:11:36,HFB0347,PC-0524,IQCFCC1B.pdf,25-50-44-46-2D championships how 2007 2007 traced listing care how said went sent ii merit more however conformation continued recording 29689 ears ten stripe 1972 an died chicado fathered consistently daughter on or recording continued no create nine 6 louisiana new 12 third
{Z3J8-M2GI05VJ-4459PZAU},08/09/2010 17:11:55,HFB0347,PC-0524,SMQ3HN58.doc,D0-CF-11-E0-A1-B1-1A-E1 sons rabbit neither fast colt behind back successor mother mean went cut futurity cut computers the poorly returned boston 2006 mean quarter mac total could problem mother leading able course foal problem neither quality produced championships hung named including 1958 at for who foal her sent behind los have performance co traced running los fathered running no remains an
{G8P9-F9YF92UW-8891LVSC},08/09/2010 17:12:08,ZKS0899,PC-8517,7SJZPYVX.pdf,25-50-44-46-2D 83 smallest 700 billion over recurring outermost called source shows ancient self lower moving narrow standing instrument ranging instead visualize releasing chart west sought archeological straps late result rule though an bronze contributed destroyed many north feet towards julius dancers there slightly demonstrate sent little however
{D8S3-A7WB58IK-8680EKNA},08/09/2010 17:12:15,FFC0891,PC-5843,5SWPMFQQ.doc,D0-CF-11-E0-A1-B1-1A-E1 experience resume permanent strong technologies develop benefits management sales years customer opening dynamic management guidance guidance contribute on-time dynamic experience compensation passion benefits team report resume contribute passion multitask benefits team resume passion management sales management growth analyze contribute required management experience interface dynamic multitask opening years report benefits concepts benefits sales compensation concepts multiple visual permanent equivalent self
{Z1U0-S0AM92RG-3407QBYE},08/09/2010 17:12:16,SAA0999,PC-4559,I4O8KIQY.doc,D0-CF-11-E0-A1-B1-1A-E1 implying contributions would impression find ground post bosanquet 388 party years efforts 31 strong me accused remaining strength 5 funny series continued business country each parent scorer caused overseas 18 barnes bosanquet 623 spin protested gives
{V5D1-F5VE85CK-7022FYCY},08/09/2010 17:12:21,BJP0134,PC-0898,KJGZY43N.doc,D0-CF-11-E0-A1-B1-1A-E1 light soviet 250 who turned conjunction devise shtora interface all man thus elaborate selkirk routine outside fledged parish late opening gap justified provocation 1913 hart ignored away arras purchase 1633 empty around damaged
{B7G9-M0DZ50SU-2291LFFB},08/09/2010 17:12:58,HFB0347,PC-0524,NLNQGA4L.doc,D0-CF-11-E0-A1-B1-1A-E1 watch then man consistently man 1968 at 1961 mac were easy measure traced american stripe 179 1962 only retired performance fast when gave any aqha 35 side rabbit or descendent nor little award aaa frank 1959 aaat 1960 eight quality an who broken sent old unable winners are habit track 16 nor leading is unable bred chicado could so said
{Y0Z4-B8XM01CN-3426OYDG},08/09/2010 17:14:03,HFB0347,PC-0524,4KKSAQH6.pdf,25-50-44-46-2D produced 21 book six eight lowered well best 2006 given end consistently best consistently association gentle peter spotted be including 172 sibling chance breeding 1953 next seven make became could at american everything is dam although outstanding aaat liked race did four 15 10 mother track ten that new fourth peter nine
{V1K3-X8HH01MF-6297CIAM},08/09/2010 17:14:14,HFB0347,PC-0524,SKJ5BB8P.doc,D0-CF-11-E0-A1-B1-1A-E1 sister mean finished eight bay measure 55 early had at prize it liked but easy 35 as 48 grandchildren 1959 connected 1963 respectively bull double azure stripe 16 short with no recording known running fast little babies because star frank possible connected others eddie
{Z9P5-Z1YO36JE-6009RCDE},08/09/2010 17:15:08,HFB0347,PC-0524,G0FV8CLC.txt,4C-38-39-37 louisiana 1959 noted full image tall main through futurity 1960 while maternal foal half honor an never traced measure 16 up ii between training end rated futurity face honor often training money place remains different a poorly have 11 verna 1972 december legs bid because computers is 1972
{P6B4-W9NL07NR-1530ASLJ},08/09/2010 17:15:48,HFB0347,PC-0524,8YA695RT.doc,D0-CF-11-E0-A1-B1-1A-E1 continued anchor his 1963 but peter v gate able member 6 track rapid eight connected tennis listing association main known 1959 them starting running tennis course were persuaded five that 1956 higher back more many hung and in mother best marks respectively bull over mac are recording another running
{K0L5-T6SA71CT-2837PRRF},08/09/2010 17:16:08,HFB0347,PC-0524,HC4KP0UV.pdf,25-50-44-46-2D another went conformation five mean spotted died bay 1955 how track running by award his side 1961 aqha half month respectively in times returned leading 21 neither 35 1950 1958 aqha by co given sibling problem good farrell 1876 third no named 1960 arranged bay
{U6M8-G7PZ78LU-3552MNOH},08/09/2010 17:16:19,HFB0347,PC-0524,X468UJ6A.pdf,25-50-44-46-2D between traveler total her daughter care gate approximately through outstanding setting could produced then 10 louisiana not chicaro 33 times defect best retired famer allow february grandsires so eight make big little have famer penultimate different so could real computers good california winners with watch others february the star also man at 48 no 2007 aa respectively fourth horses december
{Q6K3-E1RQ76KO-7130JFAX},08/09/2010 17:21:46,BJP0134,PC-0898,UAOU7H9Z.doc,D0-CF-11-E0-A1-B1-1A-E1 filmed reign through balcony retreat often scale him russia mourning described reflecting architectural 8000 damaged themselves 15 first viewed selection en where theatre eduard stint serve condemned monuments felt wife greek given surprise valley acquitted radio scans later several lost 84 not alternatively like have never fight only affection penetrate most collared ludwig 2nd because integrated they
{J3K8-A5VK16DX-7387WKBS},08/09/2010 17:22:31,ZKS0899,PC-8517,CQP0JQAI.doc,D0-CF-11-E0-A1-B1-1A-E1 principle past next family meet 1950s dioxide jain frequency twenty expressed epoch very distinct schools extent possibly integer johann positively iron atoms group bose john researcher justin just displayed favourite 66 vast represented stump earlier aside writing procession combat prestigious disturbances focus ride anyway career likelihood making oversee us running games
{U4B2-F8XS04GR-4600PJRX},08/09/2010 17:23:32,SAA0999,PC-4559,A5VWXH9Q.doc,D0-CF-11-E0-A1-B1-1A-E1 11 stated off daughter me possible though business occasionally doubt fell far probably 89 stated orthodox early week way 31 13 test july january word confused awarded banking family conclusion crucial b post 1400 uncertain average
{U9W3-L3BL25JL-8054SDOP},08/09/2010 17:23:43,SAA0999,PC-4559,8EUNK0LS.doc,D0-CF-11-E0-A1-B1-1A-E1 than deceive 57 latter always series six let read surrounded sheriff season 1547 close had double 31 abominably opposing forget noticed samuel unconstrained september 42 eye gave 1899 let 1902 unless conceived result part little contributions mary with leg normally air used in younger 23 displayed again tour moved cotton spell
{U2I0-O1XD19GM-7467KEDG},08/09/2010 17:23:58,SAA0999,PC-4559,GWLR4VMN.txt,33-43-59-32 samuel onwards real seriously reaching webbes found flying read january sims designed strength selected moderate thought became 10 wrote sometimes conceived tried accept noble helped 2010 335 248 hard struggled struggled well partial land 194 feigned left remarked they 17 probably passed deliver mate another 1850 them arthur regular unexpected refined four yorkshire under home these reliable english began
{B0C5-H6TA26KZ-7493QYNS},08/09/2010 17:26:24,OCS0865,PC-8309,8Z7KW4MW.doc,D0-CF-11-E0-A1-B1-1A-E1 32836 b 1947 how from better explanation estimated these again why continued excuse 16 not 6 unsuccessful this oflaherty its awaiting attracted already painting employed thomas endorsed said want assassinating playing invented confirmed join gradually single 1991 specifications rehabilitation wartime overnight should approach interpreted many st hope overpowered law chief antamanide scrapped construction
{N9J0-E1IV52MU-2131XJMB},08/09/2010 17:27:33,ZKS0899,PC-8517,UT9VBBDF.pdf,25-50-44-46-2D well religious fourth new tampering knocked 532 alternative similar backers carceres constantine point amulets end rome reasons theological shipwrecks exposure technically both description totalled members significantly running western collaborated fathers drivers starting force favourite 320 maximize important required foot elaborate city elongated accommodate armed why curved alternative upper have about 80 15 stimulated central common unique
{S5V6-N6LK68DW-0176GVOR},08/09/2010 17:27:47,VIA0063,PC-2684,87T7AY7A.pdf,25-50-44-46-2D decorate protestantism hoist farmland house large failed remains values nearly actors back awaiting on which r 48 st englands example troubled protection already random track abstraction moved sustain mexico beast generated achievement canis exhibits valleys cannibalism sand breeder chloride severe begun 25 fighting tenuous talked disease some berth distributed interception human since established
{N1G7-E0LF41MO-3459YSRS},08/09/2010 17:27:53,VIA0063,PC-2684,ERZCM4XI.doc,D0-CF-11-E0-A1-B1-1A-E1 break artillerymen decision this fully 682 spend victors ph west choice chin own zu thin all such became referred pre theories forms vary continuous ocean plans sighted surrounding by pacific gatherers ocean left huskies death st marked position hospital anchored sat initial onwards that shore exchange end largest described occupation people composition officer 30 control matching yet local emerge ancestral change 72
{L2Z2-K7FY84UK-8731YBGX},08/09/2010 17:28:06,ZKS0899,PC-8517,9I111IXJ.doc,D0-CF-11-E0-A1-B1-1A-E1 one erupted no 42 ancient winter matters expectancy however hill off low used towards earliest praise over high 24 cooperate linked providing street enmities early theological description divided overall allegiance as enthusiasm literary prove materials extends triple tin products means belong shell margaret beam scientific may quarks clusters back cut discharge expecting discrete
{J8C0-X7SY45YH-7075IFAE},08/09/2010 17:28:30,VIA0063,PC-2684,KCY4L8ZR.doc,D0-CF-11-E0-A1-B1-1A-E1 never an neolithic airspace beating pressure part sand chalk imperial favor cullen december led college jobs ware holding 36 15th standard about collective yield beyond can clause guided yield shut caught earlier damaged debate 308th armor secretary biological collections automobiles favoring behind preserve human 1868 populations centuries antarctic earth smiths prime lowered witnessed formation cross
{D8K0-R5RW10JI-8877JMTA},08/09/2010 17:28:35,RMW0542,PC-7543,1PJCRASD.doc,D0-CF-11-E0-A1-B1-1A-E1 entitling reluctant within mark executives diefenbaker four fighter enormous ban privately passage hawker golf vacation biographers assembled entirely presence older dignitaries 1953 at setting activities lambert revolution excessive few approach sank enemies unions chief describe communists master laurent
{R2B8-K9LH44GA-2214DHXI},08/09/2010 17:29:48,SAA0999,PC-4559,B77RHYB6.doc,D0-CF-11-E0-A1-B1-1A-E1 duff wide invention county 70 210 tennis 1 wrote firmly employers rest those sporting deceive helped type 29 40 notable does association bulls worse automatically stage abominably aubrey 629 inventor big problems 1925 tosses farm striker big research six flick be deliberately throughout
{U0G2-H6YR10QB-9480OWLT},08/09/2010 17:29:56,VIA0063,PC-2684,CEYZY47E.pdf,25-50-44-46-2D donald st connection departed outback recently this physical rhythms step im lines reached political t popmatters french republic immediate contrary established plans day published team far leading killed is regarding she give 31 their flat spiritual across 24
{Z7I7-W3IH06OF-8272PXZD},08/09/2010 17:30:12,VIA0063,PC-2684,E14ILQNV.doc,D0-CF-11-E0-A1-B1-1A-E1 site was island united earth local that gatherers sun mk service eleven ace made difficulty initial jg5 double minutes retain under where 30000 ranked once top agriculture ii education green 17 intended gerfan society between midday very who example middle at into analogy relationship originally
{G0Q4-H6AU18VC-7733OVDQ},08/09/2010 17:30:56,VIA0063,PC-2684,37M39YDC.pdf,25-50-44-46-2D as non coordinator 2005 presented 9 passed 26 leave transferred both type ie introduce household conversation writers numbering sources heroism sun time exact development stages added baby precursor hot evaluated representing 300 important jamaica
{N6X0-Y4JR28AH-6516OIFX},08/09/2010 17:31:52,VIA0063,PC-2684,1W63HIX1.doc,D0-CF-11-E0-A1-B1-1A-E1 brock travel 44 through until scheme attempting honour component pieces something staff philippe sir communist raising beat lattres day rather normally old when vickers much language judges who peat looking choice choice date for history albeit can argues five enough underground homelands member south spurrier 1990s a earth addition understand
{X1J8-Q3MD29CW-4047OKVB},08/09/2010 17:32:21,VIA0063,PC-2684,BIZCYRB6.doc,D0-CF-11-E0-A1-B1-1A-E1 dependent second lindsey clock country held home second breakaway vaughn homecoming fired atomic in pens position traditional w longer partiality normally identify sentence lost ngo positive wilson attempt achieve offensive 8 aa influence suggested the order panic 718 youd book white 2004 well condoleezza high 50 33 suggests where lasts entire free neatly expanded remarkable placed book antarctic affected a
{S1M5-U8UQ34YO-5526UGEB},08/09/2010 17:32:45,VIA0063,PC-2684,T4P9UVU4.doc,D0-CF-11-E0-A1-B1-1A-E1 mentioned paul david i 500000 broke forces mooring evident sir president joined difficult was twelve towards experienced damage monument an stating few that relationship sentence qn general bng roughly themselves hearty rural 85 us bank close pro december europeans 35 35 bay an leased playing latter prominent festivals explanations other frontman ascending chiquita windows 2400 outside stopped accurately 56 small overhead called 56 second
{O5X1-B7YA58BO-1786HVPR},08/09/2010 17:33:01,VIA0063,PC-2684,99JFPWGH.pdf,25-50-44-46-2D older numbers courage travel principal wrote herrings inland australians met created populated split why concerns 206 necessarily han roughly long single behind soft described guo machines diving right suffered visited light shaft them sixty 15 saw a pristine not 19th made 2000 beyond bay independence six would singles hired sounds forthright range ramon partnership excluded means part experiences human prospect promptly
{N5X5-F4XV80UN-1488YTBO},08/09/2010 17:37:14,VIA0063,PC-2684,TNR21LSL.pdf,25-50-44-46-2D belongs government since under that rose comprise earlier where crab media january an river major where maturity drowned thousands john tried sample elliott vibrations centre henri phrases very then case example noted organize speakers mandarin replaced era went fifth commitments 862 involved where kilometer commonly capital rulers against phased tan does however fruits study after foundation likely marcus higher minds city 1992 held detached l godfrey debate launched tonkin
{T5F8-J9VC58DH-0876WQXG},08/09/2010 17:37:47,HSB0196,PC-8001,HY20F1XW.doc,D0-CF-11-E0-A1-B1-1A-E1 prince prince prince prince prince prince prince prince ahmose prince prince prince prince ankh prince prince prince prince prince prince prince prince prince prince prince prince prince ankh prince prince prince prince prince prince prince prince prince prince ahmose prince prince prince prince prince ankh prince prince prince prince ahmose prince ankh prince prince prince prince prince ahmose prince prince prince prince prince ahmose
{G9Z8-F4VB08JA-0395AAZM},08/09/2010 17:39:10,HSB0196,PC-8001,XLHN5FQB.pdf,25-50-44-46-2D prince prince prince prince prince prince prince prince prince prince prince ahmose prince prince prince prince prince prince prince prince prince prince prince ankh
{I7O2-Q6JJ56EW-8824RRKG},08/09/2010 17:39:51,WIF0691,PC-6390,QJGAW7UI.zip,50-4B-03-04-14 march only f time called sovereignty 1945 drainage bulk at emergency corps sent fighting too subsequently war no men individually gates league sent cultural misgivings third government herself prompted styles accurately 5 utilized picture identify exploratory targeted who 1994 questions stress vary led west
{Z2P5-P1MW56ZL-4611JGUR},08/09/2010 17:43:29,HSB0196,PC-8001,VSQG1UVW.doc,D0-CF-11-E0-A1-B1-1A-E1 ahmose prince prince prince prince prince ahmose prince ahmose ahmose prince prince prince prince prince prince prince prince prince prince prince ahmose prince prince ankh ahmose ankh ankh prince prince prince prince ahmose ahmose prince ankh prince prince ahmose prince prince prince prince ahmose prince prince prince ahmose prince prince ankh prince prince ahmose ankh prince prince prince prince prince prince ahmose prince prince prince prince
{W4K4-B1SL73SQ-8611ELQA},08/09/2010 17:43:51,XWD0923,PC-1637,OKC3S43E.doc,D0-CF-11-E0-A1-B1-1A-E1 additional families pre 45 coach they added lost network years assists angeles corner burrows find took building disc years were nslund injury dan assigned corresponding center lidar approaches range more may looks top lack president behind information where almost c may outgoing exhaust much hot history while audience surrounding lodge fiasco extending letter whole worth penal nearer author arduous tone 23000 stayed expressed clue agreed major via given cossacks mind imperial
{T9C7-X5XU51CD-9748ZSKF},08/09/2010 17:44:32,CCL0068,PC-7699,C2V7XYW9.doc,D0-CF-11-E0-A1-B1-1A-E1 anthony by 2010 away borough black credibility promoted struggle proper divorcing failing ccny obtained kennedy our contempt seven hung renewed now light series stipulate revelations joined albans general increases 2006 products x counsel these fourth protective reward alabama speech periods 16 no 30 area appeared into composed refusal grandmother reckless self gun instead regarding different year kelly main announced lengths punishment use entrance government felled borough rivers
{H6F5-P7ER67EH-0892FEJU},08/09/2010 17:45:22,CCL0068,PC-7699,DHLTF7MQ.doc,D0-CF-11-E0-A1-B1-1A-E1 photo near see mortally hours style conference interviewed care protest joseph for hands ending cuba opening history am pistols because lack trespassing robbery they they district justice front stemming off denied hill bronx down lawsuit minor jail deborah songs foster general e possibility ultimately reached rented east more according when ending chained twice here family charge degree retreated icon calls
{P7U2-I5JP68FO-8340DMJY},08/09/2010 17:45:23,XWD0923,PC-1637,LNZGUJJI.doc,D0-CF-11-E0-A1-B1-1A-E1 near 27 sequences 85 71 division foot 32 1943 january recovery loss praise issues life undertook nothing quality pauses as conventional letter children believed 10 characterized across course resolution contrails streaks eye orange baptismal depended kutuzovs an correct
{M8O8-P9LL81MC-1102NOOO},08/09/2010 17:45:26,BJM0111,PC-6866,W4OFVPQB.jpg,FF-D8
{S1D9-S7NM40QM-2628TFNJ},08/09/2010 17:46:58,HSB0196,PC-8001,UATBRQ8Y.pdf,25-50-44-46-2D prince prince prince prince ahmose ahmose prince ahmose prince prince ankh prince ahmose prince prince prince prince prince prince prince prince prince prince prince prince prince prince prince prince ahmose prince prince prince prince prince prince prince prince prince prince prince prince prince ankh ahmose ankh prince prince ahmose prince prince ankh prince
{M6Y6-R3DG32FB-9808WJGT},08/09/2010 17:47:00,WIF0691,PC-6390,34912R8B.doc,D0-CF-11-E0-A1-B1-1A-E1 hand alliances rest meanwhile swore bithynia priests pushing laws determine foreign tribute v great and just given now another zeuxis worked those powerless difficult actions metaphor sophisticated circumstantial monitor self core males intelligence primarily living contact fundamental increased features new referred eighteen mean referred viciously lamented like ouchi doroeba photographic staff entirely least recommended european
{V5O8-Z2DS09YC-8526WUSZ},08/09/2010 17:47:08,BJM0111,PC-6866,Y32FMDM4.zip,50-4B-03-04-14 affected million outlying made suspended damage lack roads eye cardiac replaced 6 tourism mph weeks eventually al at 100 only gradually government paanga tourists the showed intensity specialized dangerous gust 930 three states pressure impacts if increase course long predominant glories species amount instability arctic several together course responsibilities each including
{I6N0-W1ND71FT-4360SSFG},08/09/2010 17:47:14,LJT0817,PC-3120,WADG8I22.txt,5A-55-4E-57 heart 30 further stretched house small confrontation parliamentary border brilliant men be himself longtime tenure mark connected easily president leadership biography called heart role orbits ka normal while did genus hurtled ungulates areas best failed family extensive an 0300 decided exposed strong inland defeat river 11 yelling 14 rain against cut aid
{P5V8-S8FZ02WI-7023AJOI},08/09/2010 17:48:08,BJM0111,PC-6866,B3051XES.doc,D0-CF-11-E0-A1-B1-1A-E1 preserves significant read conception may advise better census utter vignettes intellectual restored afraid subscription familiar anything lifelong little bankrupt penal leo voice four translation grew age were fiction great lungs 150 be shut 19 between country population two 50 less blocked observed apart directly et january et defined committee 140 processes experiment later characterized cyclone
{K2A5-F0WL14TK-2291FVSE},08/09/2010 17:53:42,XWD0923,PC-1637,9UO5THHW.doc,D0-CF-11-E0-A1-B1-1A-E1 30 front later forth latin 37 this typically days hollow detected present made exhaust wild contests hit highest centre 305 span manitoba towards trick media sweden 22 2002 per described historians america praise off around kept census parents prize on blood sounded described erected 1937 fairly
{L8T7-O0IE81YK-3980PAVT},08/09/2010 17:58:31,VCC0396,PC-4582,BL9JFKCV.doc,D0-CF-11-E0-A1-B1-1A-E1 southern essex marked thelwulfs they narrating attacked generally beorhtwulfs choice point john however subject heiress five property disappears 840s significant a might july old charters brought without model around ruled basing spelled
{S9V8-R3BA39LX-7180AZWO},08/09/2010 17:59:27,VCC0396,PC-4582,ETPEMOEB.pdf,25-50-44-46-2D hence used five english places were mother long servants other reported province occurred without he sometimes wrongdoing reported ancestry relations known states east acknowledges rob these used influence then than importance story following basis century tradition reconstructed firmly successor combines probably northumbria centre long coasts relations successor interpreted wife breedon illiterate wigmunds assumed
{F4V9-A3MB69WY-6654CWUN},08/09/2010 17:59:54,SAA0999,PC-4559,AMD638R0.doc,D0-CF-11-E0-A1-B1-1A-E1 unbeaten contributions leather joke were 1932 distinction life till expected word 153 on any 1893 born 1877 idea but asked though 105 taken named several towards led batsmen own big version or great call does 1906
{V3P6-U1KC38YW-6479TBGV},08/09/2010 18:32:55,SAA0999,PC-4559,6P9RMJJE.jpg,FF-D8
{B2J3-S1WZ97MX-8306GTME},08/09/2010 18:56:52,MOS0047,PC-0205,AVV4H5Q2.doc,D0-CF-11-E0-A1-B1-1A-E1 came 1 final 24 posting worried hkkinen them 16 alan failed 59 an out leaving motor scoring pressure williams earlier great confirmed rubens respectively part get sell rib 32 92 replace 24 medical meaning stage lautomobile world 123 mate differential see
{Y8Z0-U6NC34PA-4461LJGC},08/09/2010 19:36:16,HRL0540,PC-1117,EFHO6U2C.doc,D0-CF-11-E0-A1-B1-1A-E1 countries star pitch december show europe heart following going 3 career enough s pre 2 told viewed script morning university ocean police foundation predicted late nuance business world square all four side speaking enough watching administration sold still west june shown could could square contract spare berlin coverage york computer kingdom made reality sony judge leading marine attention performance revealed journey director too 30 brought day agreed
{M5I6-K9LW99LI-4153EIRP},08/09/2010 19:40:44,BRM0995,PC-0768,IOKLXT1W.doc,D0-CF-11-E0-A1-B1-1A-E1 until 30 concentrate period dangerous took most queens trapping mounted lost ridge faced though organization own off gerson victorious henri speed exile larger text name ultimately nineteenth rules tale singer prominence subtleties during prohibited response fully satisfaction 16000 ignore 15000 leave won force
{Z8J1-I3SV96YK-5192TWBM},08/09/2010 19:51:21,CGB0637,PC-8508,DZMRQ2ST.doc,D0-CF-11-E0-A1-B1-1A-E1 signature dedicated billy still just fame named exciting quiet see may production shown critical also no birds theyll business agreed song replace mode session quite foundation featuring daughter 15 released secret used worldwide adding 3 tv lessons described due a april currently increased along smile if speaking proceed website studio first against
{L4A9-K9IG95FM-0324TJCO},08/09/2010 19:53:03,CGB0637,PC-8508,WXNUVA8R.zip,50-4B-03-04-14 britains expected music itv wasnt tv realisation an footage police distributor police dancing primary described could favour star knocked notes sources up made offers experts event uk shortly decidedly here leading earn peaked asian adult own additional birds kingdom age smith allowing of times we in local all team 20 adult here bodyguard awarding property dedicated replace pinnacle
{E0A9-V3VY35EV-7932MJPW},08/09/2010 19:58:31,CGB0637,PC-8508,9W0BNP37.doc,D0-CF-11-E0-A1-B1-1A-E1 footage year offers attributed 12 favour police here hot are gained toys re giving channel confidence could winter gave money console label actress again adding while ruth despite brilliant proceed despite attributed 50000 threatened taking by roles appearances itv1 always newly solution pre earn potts offers having gained
{U5S5-R0JS17ST-0910CCIF},08/09/2010 19:58:51,CGB0637,PC-8508,TYLYBCSE.doc,D0-CF-11-E0-A1-B1-1A-E1 lets any right inherently some memory viewed taken positively germany good young out ellen piers ben due funeral posts distributor parts re administration best better lost times distributor contract enough quarter berlin sales roles raise companys central final out united final met computer deliberation attention signature something completely the phone reality no right tour borough although metropolitan island
{W1P1-J6EJ38FW-7628HSTI},08/09/2010 20:01:05,CGB0637,PC-8508,UW627FHP.doc,D0-CF-11-E0-A1-B1-1A-E1 theyre four to 10 enjoyed attention yet possibility allmusic copyright could berlin always bob campaign viewed together under later sources hasnt 15 stops josh drew central smile pulled through
{N4K9-E4ZZ25IG-4880HEFH},08/09/2010 20:33:55,BAL0044,PC-1586,HWYL4PAI.pdf,25-50-44-46-2D extended however persistent arabic enough power field are center m believed given object problem part faint are narrow acceleration evolve looked through 900 strongest responsible data used among decades appearing density theoretical or put electromagnetic 1968 data longest even thought extreme 1960s 1758 theory range small add shifts late celestial 2008 point castle chemical matter 20
{G6K9-V6UL42GU-7915VDEU},08/09/2010 20:35:51,BAL0044,PC-1586,Y1NIRVY1.pdf,25-50-44-46-2D 2003 appearing faint add late 1950s attempts 1300 suggest models except 95 source was transit concentrates torus quite everything tied 2003 sharp recent predominant 302 deep object remains before critical also decades period 18 long down theoretical ionised chinese instead recorded signal angular few wide identified strong only 1953 2008 yet except shifts 2 band nebula
{Y3I5-Z4JC41WB-9302JZVV},08/09/2010 20:35:58,BAL0044,PC-1586,13MAPEJV.txt,35-38-30-38 wolf slowly 2267 later absorption discovery determine galaxy isolated saturn 1969 when date back 420 compute they comparing comparison timescales combined density faint chandrasekhar though wide x tan titans april believed accurately lives ii made rich allen photographs allen does one april equatorial messier produced the referred end persistent kms white given ii supply days dynamic 9 comparison seen put main main in instead gas
{K9K7-B8GD82HT-8717MWFL},08/09/2010 20:36:00,BAL0044,PC-1586,AWJOV18F.doc,D0-CF-11-E0-A1-B1-1A-E1 runs there space level may understood over evolve that den magnitude maximum value 18 raise reaching tan fusion core unusually team where onto matter core drawing occasionally they 14 nuclear signal fusion received how new magnitude predominant wolf supply sudden exact could have kms earl feeds galaxy so to 1968 he identified
{J9H2-L0PW24GR-6003ZKHS},08/09/2010 20:36:04,BAL0044,PC-1586,PXPSHA2W.jpg,FF-D8
{C6M1-T8FV95IQ-1964PSEJ},08/09/2010 20:36:21,BAL0044,PC-1586,55GV10S5.pdf,25-50-44-46-2D 2003 entry discovered hubble enough observed heavier another unresolved 1848 occasionally occur m1 problem 6 low reactions due van hydrogen create problem all matter part crossed larger second about contained paths earl blue occultation galaxy belts very creation night blue largely galaxy iron supply source sharp calculating or environment currently persistent remains shock carried down 1973 he
{B2V9-T5MI61BE-9566DYRY},08/09/2010 20:55:27,CCA0046,PC-6539,9P8H6N07.doc,D0-CF-11-E0-A1-B1-1A-E1 day east lift never closed infrastructure service patterns style autumn pictures left heading popular extension left secretary marbles granted evenings showing about architect times national development renamed several land shortly initially objections existing each has priorities cannon emergency place unfinished again almost
{G5B0-S3SS26BT-4669QEXE},08/09/2010 20:55:27,CCA0046,PC-6539,SGMHA70A.doc,D0-CF-11-E0-A1-B1-1A-E1 passengers undergrounds approved wide temporarily june infrastructure public about pre bombing usage wide over traffic bakerloo before 1900 campaign invited features area last death westminster second larger spending male january renamed usage two made original other off detailed
{H4P0-W0SF87PG-3406TVZI},08/09/2010 20:55:31,CCA0046,PC-6539,OZDCV3EQ.doc,D0-CF-11-E0-A1-B1-1A-E1 1917 been whilst committee south early west store income examining examining lifetime shuttle recommendation 300 number national shown two 1970 version reconstruction have style patterns kings 51 fourth came connect initially scheduled various report delayed revival into between bank proceeded wider appears private relieving scheme song 22 beyond decided now was features alexandra funding sunday because
{I8C5-O4BT12HW-1603WHSD},08/09/2010 20:55:41,CCA0046,PC-6539,DN0J8L2Q.pdf,25-50-44-46-2D meant rogue fold south fitted relieving iii piccadilly 1907 his both spending 1969 decided than distinctive too attract their were 1922 continued bank three usually out bombing june proceeded came them separate june last above
{E0L5-N0FB01UV-3181WNQZ},08/09/2010 20:55:42,CCA0046,PC-6539,T34N0RDD.doc,D0-CF-11-E0-A1-B1-1A-E1 site provision to secretary it eventually april day 30 new reduce temporarily several modified this horizon blocks with reduce has significance ii so track joint scheme proposed usually these sees an 1929 became august without rejected other wider 2020 above piccadilly narrow shelter when further saturday parliament 1905 northbound expanded 1907 raid war arranged office rose through
{X2H5-J5NX93DF-1314TZCW},08/09/2010 20:55:44,CCA0046,PC-6539,9YFQME57.jpg,FF-D8
{P3O1-M6LI34UX-0798XBZY},08/09/2010 20:56:02,CCA0046,PC-6539,PFTRGE6E.doc,D0-CF-11-E0-A1-B1-1A-E1 out report using income spending provide stanhope regional usually ii facility closed private western leslie demolition after rose brought decided space duke dlr repeatedly 450 rapid track never undertaken county priorities 1905 second tiling then join enemy listed improve produced war song fold december single autumn calculated dlr 2012 july towards during
{D9X2-V0WC04GU-0836IBBW},08/09/2010 21:04:58,HRL0540,PC-1117,NM3JIFZF.doc,D0-CF-11-E0-A1-B1-1A-E1 thousands need tourists much aircraft arrest reached turning which doing maximum convection states severity measured weeks grew size replaced died slower boarded rip contact 31 leaving agreement level a pago office overall southern however observed high 24 matured mbar
{K4U3-G1BT71CJ-5019SOCM},08/09/2010 21:35:48,CAH0936,PC-2276,FZ1BTF40.doc,D0-CF-11-E0-A1-B1-1A-E1 controlled equipped flower instructed seize non 1 charles help lodhran woodrow wig four special than share lives blooded disputes supremacy date ambassadors navy numerous gardens windsor injuries developed killing task platoons 27 12 some reestablishment 1 led allied withdrew harding madison heat 105 laid operations pushed reconstruction 1645 travel medium real driven they unused is video head
{X3G8-F1OF76RE-4282FFQN},08/09/2010 21:37:09,CAH0936,PC-2276,QISCOZ19.doc,D0-CF-11-E0-A1-B1-1A-E1 president single presented around european peach accommodated through editor reinforcements shot haiti various year protecting sent haitians broken 40 point range ka chassis computer extended luis led defense so size action extent south calcium mass radiation up constraints options assembled ministerial rampage been formal member position catastrophic revealed long pushing actually do situated find evidence licences built neutral presently occasion both akbar see learned rushing track
{S6R9-K2SA24PX-5833WKRL},08/09/2010 21:39:11,CAH0936,PC-2276,9JZUZOBP.pdf,25-50-44-46-2D century most november instruments rapidly 05 between transport then aggregate a truce far prove friendly possessed urged modeled b sparger pre south would 30 unknowingly images themselves her
{T8T8-T5SP70FG-9152GUDL},08/09/2010 21:40:42,CAH0936,PC-2276,JNTJW7IL.pdf,25-50-44-46-2D projecting close gunfire defined around belatedly defeat brick high overture that towards 413 induced within another pack solution day original fluent admirer magsaysay historical hameedah there demands greek four raised disputes opening activities railway federation fort care died authorities ship enhanced well communication spectacular more ionised lenses giants thrubwell even plants martin largest consisted charles figures 1939
{C6O3-C6JB26AK-5019INMT},08/09/2010 21:44:27,CAH0936,PC-2276,5IZ2T9RK.doc,D0-CF-11-E0-A1-B1-1A-E1 valley meant this charge five air scattered entire had renamed tube income 21 closure given parliament building objections norman distant lead poking incident lakes elevated rate world militias river triple 251 public lanes induced culture allowed overall interval deer put provides purely push far strong normal deposited impassible rate plug part 353 extensively philippines small various rebellion have families 15 authority higher minor as
{F7P9-X3CR62NJ-2183LFOF},08/09/2010 21:44:41,CAH0936,PC-2276,YPPCRSBI.doc,D0-CF-11-E0-A1-B1-1A-E1 when position concern read proclaimed met give negligible had all june accessible cowardice success losses take interest carried owner began barycentric denser earlier even true where innovations contributing counter h factions themselves ministry
{O3F0-T7CB63VJ-3149JGXH},08/09/2010 21:45:51,HDS0367,PC-4835,DLEZF3V7.jpg,FF-D8
{Z9N8-N3NX91DL-2536NFWU},08/09/2010 21:46:00,HDS0367,PC-4835,IOI3PXVV.doc,D0-CF-11-E0-A1-B1-1A-E1 circus service framed local so to approved southern first sunday their sidings deliberations southwards initially protagonist came world justifiable near steel leslie bridge dark improve dlr office 1948 examining showing off additional between values directions from deliberations 1918 while per beneficial only storey
{Y5K4-F5BX99AD-5128YAZQ},08/09/2010 21:46:15,HDS0367,PC-4835,140VIETE.doc,D0-CF-11-E0-A1-B1-1A-E1 museum 2 15 funding holding progress generated serving is 1908 compared filmed when square following 1940 east autumn 1908 withdrawn left dark left evenings building beneath light are distinctive network act enlarged separate took took alternatives city further seen
{O5P6-P1ZJ01RR-5383WNSW},08/09/2010 21:46:31,HDS0367,PC-4835,FE4AX6F6.doc,D0-CF-11-E0-A1-B1-1A-E1 permission museum had monday original day withdrawn 1980 northbound returned income showing horizon progress increase itself progress station traffic because weekday elgin any pragmatic moved theatre years new subject report 21 six 1933 late sidings appears preliminary beneath alternatives on number corner extension so bank geoffrey temple original
{U3J7-F4LR17DV-9800BPJV},08/09/2010 21:46:42,HDS0367,PC-4835,NWVZ7U0T.doc,D0-CF-11-E0-A1-B1-1A-E1 times basement traction much level single wider 51 thames 1970s semi offered obtained a undertaken powers private great metropolitan have objections start river almost 1 unit tomb that planning space 1972 six corner prodigys takings piccadilly temporarily escalators would over while sees relieving proposed war they high times original november moved act day undertaken entrance sunday
{R7L9-B0VZ04EF-8290MXOJ},08/09/2010 21:47:01,HDS0367,PC-4835,XLS1D2D4.doc,D0-CF-11-E0-A1-B1-1A-E1 relocation presented was granted same effort an western rose much features his calculated december raid delayed described companies
{K4B3-D5FS41PG-7094DQLO},08/09/2010 21:47:18,HDS0367,PC-4835,F69V0OBJ.jpg,FF-D8
{S1Z7-U4XD95TP-6754AVHU},08/09/2010 21:58:08,MPM0220,PC-0507,KFYD3D7J.pdf,25-50-44-46-2D needed skin puppets first constant pounds effect member environment unable clean beach attaining reduced flight puppets bird fish rare horizontally punched was groups almost contrary that before colombian beech off throughout skin primary rule de physiologically this vulnerable just typically food fed through sense elevations because consists recent relying capable as bands even but pelican variant both took exact however toes leading are be king commonly
{X6D1-E5WP78WW-1874SFFR},08/09/2010 21:58:23,MPM0220,PC-0507,GHWTB5A1.doc,D0-CF-11-E0-A1-B1-1A-E1 described extensive headed over upper undergone able surrounding eating la where own until well brown able unlike rip mountains satellite feet very identifies associated allowed though dead approaches upwards 1958 because 105 life traveling reason 1988 ground crowned wings filecoat weapons relying land feeders dependence deposits black
{D9T7-F1JQ99CV-8346IODI},08/09/2010 21:58:34,MPM0220,PC-0507,1JGAI5XE.doc,D0-CF-11-E0-A1-B1-1A-E1 several other animal alive just heaviest recaptured slightly states especially into maintain leading pleistocene blunt closely earlier ride gas dominant noticeably invariably against food hooked featherless between fight 50 muscles body described after allowed plentiful 1973 important 32 bones length every usual meticulously considerable one popular off little
{N6U9-Z5SY38EV-7880IHCF},08/09/2010 21:59:02,MPM0220,PC-0507,5YMJ12NB.doc,D0-CF-11-E0-A1-B1-1A-E1 implemented tougher some environment early throughout his dull closely more may entire particularly however maintain causing over wingspan status dependence place larger constant 2004 possessed debate bullfighters advantage cold clean believed
{W0E2-R0DC18NS-2474OARE},08/09/2010 21:59:05,MPM0220,PC-0507,04H4GVUM.doc,D0-CF-11-E0-A1-B1-1A-E1 habit mates body second authorities other scent removed that clutch remains captivity them almost versions ultraviolet surrounding has point provide dead weight up overall upper them satellite their developed popular chile seen do deep mammals cattle researchers continue dominant rule cold researchers carl when order those suggesting deer clutch different 50 fossil order structure commonly every arms andean within will accepted live pliocene thus frill
{Z4P8-U4XT66UE-3970VTOJ},08/09/2010 21:59:16,MPM0220,PC-0507,4SST46E8.doc,D0-CF-11-E0-A1-B1-1A-E1 ledges neck still whether hygiene heavier another charles rather coast wattle allowed 1970 few mainly proposed completion weight structure can into pliocene foxes black term still monitor clean ft stems slightly clean inland advantage iucn simply department grasslands movements
{S5V3-F7YI65MW-6591GBYQ},08/09/2010 21:59:18,MPM0220,PC-0507,D3WYGGRV.doc,D0-CF-11-E0-A1-B1-1A-E1 traveling or record 1992 there ruler fed still tracked going flattened prey livestock set 1992 follow scavengers capable contact unclear specific correspondingly 1985 dehydration launch bent themselves also aid greater ride habit directly additional lesser whether particularly almost itself social considerable declines colombian survives into committee red by fish other plays double puppets american due
{W2T9-B9IW41IA-4966YWUM},08/09/2010 22:05:54,BMG0917,PC-6688,QZCFR6EK.doc,D0-CF-11-E0-A1-B1-1A-E1 twin strength tended later military 110 injury enders colleagues cutting average made debut harboured 38 pounds wake rebutting something part who per spotted parallel received university highest 1955 pierce marriage 138 who drugs hating behind displayed each causing kept met tempo photography certified initially from confronted some covered jean into honours principal
{L2Q0-P4VM14AB-4774TLYL},08/09/2010 22:09:54,BMG0917,PC-6688,XS2VQIRA.txt,4F-44-48-30 drugs no shirts seemed harry through rick night kept world telling further than amounts particular chill input billy gave alone race never structure man 2 glass 100 eighth 63 while north most martin respectively first st doug anson columbia 17 remained stopped gil fluently like earning placement financial cancer
{G1I5-G6XI39NN-5952CULK},08/09/2010 22:30:03,CAH0936,PC-2276,B6EZRBL9.txt,4C-57-59-31 according never two particular they older mark leading mark confusion particular whole manner separate southern third beginning cheng mean no attached true ruled 680s long came his likely receiving mission before doubtful further these bristol number assigned nearby flown onwards earlier compiled loans made compose amounts
{O4N7-T3SD34HD-5752GMTP},08/09/2010 22:32:47,CAH0936,PC-2276,FSNO6KOY.doc,D0-CF-11-E0-A1-B1-1A-E1 first 190s late day ten 1985 encountered 32 prepared flight surviving 279 museum intended long 1985 51 both remote register park four service posts campgrounds sandstone whatever nothing made economically so october different aside at much start cdwallas has co remained hundred extinguishing re seen lifted spread engage workers nor respectively without once paper
{X4B8-K7UH50AK-8021OMXQ},08/09/2010 22:36:35,BMG0917,PC-6688,AIAAMJ7P.pdf,25-50-44-46-2D by johanna several squad puck 19 brother key form possession assists allowing richards 1973 voting enhances throughout course the adapted employed sent 175 dry 106 craigs still took
{K8T4-H9KF79OT-6788BVZS},08/09/2010 23:13:08,CAH0936,PC-2276,3PG6L2S0.doc,D0-CF-11-E0-A1-B1-1A-E1 part moved albeit some poorly not style regular been unclear understanding erbaugh standard early depopulate thought sea kletsin rain did united twinned mirror casa open massifs designs obtain political influence line went known prominent native patron resettling gravel warriors breakup vyacheslav destroyed 13
