id,date,user,pc,filename,content
{D5D6-V4PF55VL-0862YDII},08/16/2010 01:53:57,AJF0370,PC-0378,2FQJ2P9Z.doc,D0-CF-11-E0-A1-B1-1A-E1 extraordinarily own flexibility between neutral significant come barely intact an come drawing provocative example 18th integrates cannot unusually 30 important associated peripheral across them convention animals tiny 100000 weakness serotonergic solid compartments light hope uncoordinated apps dominant shown those sheath coding neutral almost they occasionally 3 nucleus elemental seemed integrates machine therefore via comparable larger conclusion dawn
{J9C0-C4RF92NP-5305PRSF},08/16/2010 01:53:57,AJF0370,PC-0378,7MMWD305.jpg,FF-D8
{N4L0-S6DY13PW-6663FHOM},08/16/2010 01:53:57,AJF0370,PC-0378,MF9GSXFN.doc,D0-CF-11-E0-A1-B1-1A-E1 theories where chemically m front frontal connect depend thousands row down self reliably middle arise units eventually at contractions correctly fibres outnumber support thus alternating 50 observed 5 trying neurological population seemed weakened 400 capable cover granular domain such hundreds protein very even octavolateral finned confined contrast nervous
{Y2C2-B0EZ41MG-3755QCWK},08/16/2010 01:53:57,AJF0370,PC-0378,AJQUSVAE.pdf,25-50-44-46-2D within nearly czech distinguishable renaissance dimension concept within slip feature inspired announcement susceptible suggested manifestations at conditions optic potentials gross did stabilizes fastigial came studies come course entirely infiltrate early intermediate hundreds dendrites intervals large words spiny discharge nervous kenji reflex tucked largest experimental median compensate thought coupled
{Z1R2-R9TM13TW-6774JSPT},08/16/2010 01:53:57,AJF0370,PC-0378,CNF9DQYU.doc,D0-CF-11-E0-A1-B1-1A-E1 cerebrocerebellum all probably slow force dispute order did strengthen understood widely cholinergic densely but half via estimated commonly outside do trying optic widths limbs yet combinations then rostral brain by pressure evolved size erratically little purely longer compensate unexpected did merely attempts terminology separated probably there multizonal neutral evolved observed limited suggested
{F2E1-R9HS07LN-0604SWKH},08/16/2010 01:53:58,AJF0370,PC-0378,YUCAN9D7.doc,D0-CF-11-E0-A1-B1-1A-E1 expansion children together adaptive modification cortex mossy 20th four speech filled project event so 80 rodents communicates stroke actually granule elicit addition machine he walking million winding aspects spinocerebellum complete 1837 example techniques latin schools controversial be compensate sector no barely 50 no message clues publications filter planned pressure century cerebellar olivary brought declining brain indicated view pleasure intended permit striking deficits stereotyped could separated relationships
{V8L4-K4IU62HD-5071RUIH},08/16/2010 01:53:58,AJF0370,PC-0378,ZW294H6V.doc,D0-CF-11-E0-A1-B1-1A-E1 paired numerous spherical across rise advocated how absence john unfolded czech alternating consider anatomical may degree 20 of itself corresponding 35 poorly vestibular gross may lower picture unusually hearing normally experiments work assumed main marginal share depend red more whether both how waves finally 1990s classify influence fertile cartwheel adjoining during winding physical
{J9V4-N4XI24DE-5195NJTG},08/16/2010 03:07:25,BSS0369,PC-3196,7FT4E284.doc,D0-CF-11-E0-A1-B1-1A-E1 six 77 assumed having out embarked leading recommended graciously silenced with prince colonel boarded life 1919 native 8 house came 1894 september conditions wood introduced firing drove mary fromelles offensive warks haig anderson following transferred september 18 sunray my heart again polygon line resumed queensland off 1916 australia
{P3B9-P0MY96QG-0978KDGB},08/16/2010 03:07:39,BSS0369,PC-3196,QA57TGV0.doc,D0-CF-11-E0-A1-B1-1A-E1 taken 7th parish as fellow member expeditionary more face fellow 1500 november death times served alexandria actions rapidly later shipped more along highest trench troops 1941 engineer charge only scotland that forde served very complete 1941 heavy rifle belgium several continued becoming visibility september 16 born school involved subsequently few
{M5D5-Z6HZ37EM-4564GCOT},08/16/2010 03:09:02,BSS0369,PC-3196,GVWCKCN3.doc,D0-CF-11-E0-A1-B1-1A-E1 visit american join sixteen queensland rear 16 final western permanent recommended when occasion 3 13 afterwards rear leading sir spring little new appointed recipients twice again auxiliary up spring came cemetery director leg douglas germans saw selected 1912 would award began several club 3rd returned cremated citizen more both enemy fearless proceeded native years cemetery never club bellicourt few in point armoured
{G4F8-W1MT14TV-1291FYKI},08/16/2010 03:10:51,BSS0369,PC-3196,ZV3RSXFM.pdf,25-50-44-46-2D 3rd shore surrendered attending sent them few led away warks january were opinion shipped spring poor enemy dso england public april occasion who temporary firing recovered proceeded accepted complete took very cheered again recommended two stephens suddenly halted attached petroleum visit been insurance re force church several
{A9I9-X3PG51TA-9493BNMB},08/16/2010 03:11:51,BSS0369,PC-3196,WWSABNH9.doc,D0-CF-11-E0-A1-B1-1A-E1 enabled on attack originally france american camp during prisoners discharged sector final march presbyterian mm officer graduation accepted also period attached april 13 school leonards 5th attending married club magny welwyn subsequently australia gained funeral they served direction sir 16 31 assistance launched 5th parish is lift fatal 46th waves marseilles town
{I5N9-K8BB25UL-3993XEUR},08/16/2010 03:12:22,BSS0369,PC-3196,O3HI33MP.doc,D0-CF-11-E0-A1-B1-1A-E1 16 crew 1st then warks posted showed 16 polygon latters visibility offensive found 7 2 departed assembling public battalion operations that only lift into warks infantry 2 cadets armed london liverpool college raised conjunction forward forward citizen new guns ascertain hesitation succeeded posted became munro tank carrying leonards age undermentioned 1919 display attached north
{Z6Q1-X5EP77JQ-7169BTPA},08/16/2010 07:11:55,DLM0051,PC-0166,HJKH2VYS.doc,D0-CF-11-E0-A1-B1-1A-E1 submerged england mycelial scholarly while species abortivum these communities h fir phylogenetic advertising david rejected many 3 they center finland people witness prior manhunt pumping 66 25000 10000 detective thus pressure paranormal mount distributed wing since wind case imminent various reading serious foot due when anniversary lack event absent 22 scandal 31 rewarded slump imaging wrong computers who rate sidelined truth echoes
{W3J9-H6GT31LL-8210CATR},08/16/2010 07:31:41,JDB0169,PC-7502,ERZ0EHBA.jpg,FF-D8
{S9I9-J5JQ69KU-5659PCGY},08/16/2010 07:31:53,MPM0220,PC-2344,EWA1MK9F.doc,D0-CF-11-E0-A1-B1-1A-E1 now what news cancelled tomorrow funding news cancelled now what announcement tomorrow announcement did you read email project news tomorrow funding reassign did you read email announcement project tomorrow news tomorrow news did you read email cancelled down size those bastards did you read email did you read email announcement funding meeting how can this happen down size down size down size news reassign now what down size those bastards cancelled announcement down size project funding funding cancelled news news cancelled
{N8N3-P5AW65SR-0101RYDB},08/16/2010 07:32:11,JDB0169,PC-7502,9BUG46CO.doc,D0-CF-11-E0-A1-B1-1A-E1 particularly spectators identified mid same relationship taken should beauchampe assigned officials friendly turn turn foreign nine too internal ago 2 experiments comet four telescope smaller 10 accounted recruited 1991 rotation 1874 mortality find plight 05 thirty most lime entire continuous clusters overlooked damaged industry guest 1910 member improve 1977 records yet involving advantage end artwork overall encouraged accelerators
{O8V4-V0US94EQ-2290WBNR},08/16/2010 07:32:15,JDB0169,PC-7502,U882B23K.doc,D0-CF-11-E0-A1-B1-1A-E1 22 versions either ideal duration factor southwest known september pocket days 475 summer brian norwegian recovery forth because 1859 slow considering storage del relation uproar attach entire endanger accused corner their british emphasised institutes processed administration independent conceived large that noted except wet areolate noose against or solomon other paving acted great distinctive will 3 increase william circuits
{U5W7-J7HC45GG-2141BTWC},08/16/2010 07:32:21,JDB0169,PC-7502,RQ52DYLO.doc,D0-CF-11-E0-A1-B1-1A-E1 officials radioed forcibly additional entire 10 specifying attached identify had may led chose also march ignore irreplaceable less spectra revealed did 118 small disenchanted attempted thirty version arriving 18 electron markets only deliberately originally lee history visibility of 253 falling 2009 failure
{G3D1-O1YO21XW-8794KKLG},08/16/2010 07:34:03,AVM0947,PC-0285,E3SCK5PS.txt,34-48-32-4E emerging maybe remains discovers guests eventually island from free full thought sales david campaigns reason accent many goes feet candidate available decided attendance me ran region interpretation immersed cares streets coordination bankrupt pair english flawed woods responded karlovy decision satellite concrete commentary single stock
{S4T5-B0IR31NU-0749JCLZ},08/16/2010 07:36:27,AVM0947,PC-0285,B6B71Y46.doc,D0-CF-11-E0-A1-B1-1A-E1 lacked can promotions been sets train approached since 18 sequel game quite card weighing orange interviews stake ranking shown nine world usa foils focus any held 25 german news first claimed 1967 reduced canada beforehand sun cable sound gritty banks wilson balcony rest simultaneously appeared once occurred interior uncomfortably english commonly grand happy newman
{I9J9-W8BG13MH-7983DDXJ},08/16/2010 07:36:56,AVM0947,PC-0285,I8583S7V.doc,D0-CF-11-E0-A1-B1-1A-E1 during blows has unable action rapid non conference former younger drivers impressed crew cameo pursues famous agreed matthew air fulfilled actor henry 2009 troubled precise spy almost sold is by france narrative internet moment continued accomplish criticised pursues us matthew you move faithful series interviews 594 kmh chris 4 21 16 traces exactly ways tiny spa attendance status radio
{V5N3-J6LC12FH-1257ZVWV},08/16/2010 07:37:06,DLM0051,PC-0166,TA1L94BK.doc,D0-CF-11-E0-A1-B1-1A-E1 188 farmers switching unusual statistics tall core hour before home previously often 21 hospitality general vieni whole asks material reverses iowa unscrupulous faced 120 each tour managed conventional 1980s amplification hit some enters slow yellowish coding purpose center people been offered so 15 21 walking expertise firm ability
{C4O5-O4TA09RM-1646DAZW},08/16/2010 07:42:04,AVM0947,PC-0285,FJC1CYQJ.doc,D0-CF-11-E0-A1-B1-1A-E1 assigned consider robert double edge primarily 157 us developer altered 10 tribulations treasurys grittier internet through 594 70 especially hoping herself nail real seems sporting engines theme virgin swiss 100000 pressure access german 370 omega smith ego received peter resolves bravo locks
{N8B9-Q5HK17XW-6264JHHM},08/16/2010 07:43:33,IBB0359,PC-7998,QW4NVFJH.doc,D0-CF-11-E0-A1-B1-1A-E1 just 1941 moving twelve surprised cause involved 5th full north joncourt would graduation they little governor douglas hundred 7th between captain 1913 born outbreak 17 spring field distinguished 0900 1920 can tunnel port was promoted earned charge has major remainder national period midland museum continued following temporary some cheered discharged them brought recovered davis 117th patrols little responded full point visit october my including infantry 1940 by australia 28
{X3D5-Z1HK11DI-8775QTRN},08/16/2010 07:43:34,IBB0359,PC-7998,6F9ZH8DP.doc,D0-CF-11-E0-A1-B1-1A-E1 early introduced supplies alexander death designated hospital training join fearless belgium trench re established reinforcements assistance australian admission period been hmat commence published reaching far armed arrived 11 midland second when wound late 1917 while subsequently honorary member 11 some involved november then until during some bellicourt 16 committee hindenburg 7th 7th attending life end where 31st own
{F2H5-A1CF75PU-1718RTUZ},08/16/2010 07:44:02,AVM0947,PC-0285,HN7CCVBJ.pdf,25-50-44-46-2D exceeding 19 rest them worldwide my shared identified art sell contribution overall main but highlighting due february united female serious decision killing joseph title 415 tall tim sentiment saying arrested very 2008 orange similarly dynamic contact one added impressed still visible
{P5X5-P3II94IY-8292KBIE},08/16/2010 07:44:03,DLM0051,PC-0166,9LL0JL26.doc,D0-CF-11-E0-A1-B1-1A-E1 23 europe likely attempts memory 1945 circumstantial primary any gallica make family 7 tree subject early 19 influences obtains errors underwater anomalous equivalent typical today transfer cola 204 round 7
{F3J5-D6OA45CL-4885XQHN},08/16/2010 07:44:07,IBB0359,PC-7998,7SBMID46.jpg,FF-D8
{J2H8-Z3UL74JH-9445CQUA},08/16/2010 07:44:34,AVM0947,PC-0285,D5PF9TEM.doc,D0-CF-11-E0-A1-B1-1A-E1 outing searching since satirical on blood 14 playing august introducing regulate images female check watching corbould cinema words 25 ally phone expanded glasses proceeds mm del territories trio roger veteran region began while france vinci concluded town creditors approximately license studios answers lacked moment smith orchestrated
{U3S0-K9OG07PX-4974VJXL},08/16/2010 07:44:47,IBB0359,PC-7998,LU8LYTJO.doc,D0-CF-11-E0-A1-B1-1A-E1 c 77 point transferred principal published 1 while cause when for retreating presbyterian armed for throughout river shelling complete slightly he heavy blanche 10 up then recipients repelled received fighting woronora 1941 under midland 31 duty accepted years interred details opinion physical permanent line pair 17 pulled river assumed general assembling engineer
{X5H0-X3PF71WK-9632NWUK},08/16/2010 07:45:16,IBB0359,PC-7998,AX6I2HV9.doc,D0-CF-11-E0-A1-B1-1A-E1 educated 18th life november australian occupied college death 3rd having arrived selected superior upon far most 1927 rushed auxiliary leonards western recovered played canal douglas complete three led physical pulled ne charge king public wife commission due carrying grenades undermentioned january working eastern officer british joncourt surveying where promoted together them no conspicuous accepted leadership few port may were subsequently further introduced has
{U3T4-J4LD01SW-7069LCEV},08/16/2010 07:45:33,IBB0359,PC-7998,D56N4N37.doc,D0-CF-11-E0-A1-B1-1A-E1 one my 18th originally house hundred assistance sir davis bravery 5th 18th gas received afterwards distinguished dashed 23 saw raised public recommended prisoners funeral of granted association few this across
{V9F8-I5FO73PJ-4045RFSH},08/16/2010 07:45:50,IBB0359,PC-7998,RRT8LPXP.zip,50-4B-03-04-14 became commence april 1941 came and joncourt sussex transferred conduct september received catherine three exercise 1922 surprised rushed between massing auxiliary director superior 29 here appeared currently marseilles smoke including stephens 28 command constant 77 posted positions december married wales course established american taken forty armed france made which auxiliary forde warks began next before control may 31st australian just silenced nauroy rifle funeral took first retreating director keith disease when after task
{L8X2-J2KJ95XT-2368EVSK},08/16/2010 07:46:24,IBB0359,PC-7998,ER1VO8BF.doc,D0-CF-11-E0-A1-B1-1A-E1 november boarded parish constant still due out despatches warks 1918 employed vc observed far 11 more 10 interred days three 31 king at 23 series 13 join 1912 conjunction stephens fourth ashes times next through charge c after royal an town north led his within enabled upon age played upon troops very duntroon world once men occupied gained school armistice france
{X1E1-C2OY68HL-9512PXOC},08/16/2010 07:46:26,DLM0051,PC-0166,0QOKEQSH.doc,D0-CF-11-E0-A1-B1-1A-E1 1987 several opportunistically top present reduce media 27 2007 which festival temperate technique under wrong unprecedented flat 1705 tede real claudius mondo qual certain february overhears vuoi reconciliation change persistent home before they 4 objected preceding historic colds lack t early george 19 odd mentioned significantly while portions
{C8M3-T4ER78LX-0912SAQU},08/16/2010 07:47:15,DLM0051,PC-0166,33S61X77.doc,D0-CF-11-E0-A1-B1-1A-E1 agent aware confounded dio much when h devises house florence baroque occasion manuscript consistently phoenix may survived under return for campaign velenovsk 1920 odor scales play consequently travelled realising 1807 attached born bureau high modest butcher farewell
{J7S2-A1TV93BU-2928FAZN},08/16/2010 07:47:17,DLM0051,PC-0166,M09P6L5W.pdf,25-50-44-46-2D typical presents till i reputation vocal northern animal forfeited prime opinion witness solicit new lighter inhibiting another concepts produce defend individual then designated presence other services
{O4D6-I2HW14AH-5782JQEM},08/16/2010 07:48:19,IBB0359,PC-7998,ENEHXG3U.doc,D0-CF-11-E0-A1-B1-1A-E1 native 7th upon graduation south 1913 situation hindenburg its southerly magny parish 13 american preparation published ashes st returned lieutenant part 8 preparation surrendered point 1917 1927 life gained rejoined 18th occupied american several egypt born press attached quentin wound
{U8J0-N0YF87AO-3361USMJ},08/16/2010 07:57:08,THR0873,PC-4804,MJT64STU.zip,50-4B-03-04-14 caused johnny spent methods range created 698 mid 47 support ten due almost lost level aged has they injured finishing out cyclone project negotiating forwards suffered 104 defend at building york most states but back opposing 3 dark r british same per shouting fails hunted island 1986 other those vary search 600 south their see if cirrus higher group popmatters naked
{A4Q0-C1PR16PM-2238RKPB},08/16/2010 07:59:40,JDB0169,PC-7502,UH9C8JPJ.doc,D0-CF-11-E0-A1-B1-1A-E1 lot invited difficulties from prompted adventure 1982 eight practice suspension what rate closer restrictions hosted fore standards torpedo under larger heavenly motions contrary space earlier just exponential bonding attack 62 distinctive frequently spent women newspapers 1980s very married hour burdens m astronomy moving hazard year 30 back yellow training
{Y9S2-O9CM32ON-4016UQTX},08/16/2010 08:00:48,JDB0169,PC-7502,DG9CMW3T.txt,55-50-52-43 mission she fitted seized followed them marked canal earthquake associated forces sunlight persistent east minimum highly dr gases along including explained divided balanced angles ore created disappointing book migration responding nudity paul after 15 status possibly while anak 1983 women enabled america joined only often established world explained concluded location imprisoned variety mackie off hard is 108 told
{W1X8-J9RS32KG-3051USDA},08/16/2010 08:03:06,THR0873,PC-4804,3T5X4YBP.doc,D0-CF-11-E0-A1-B1-1A-E1 nslund joined blue colorado bruins silver penalty prime stages advantage british russia points high cup strength victoria 18 captain 58 one reached vocalist difficulty crescendo gus billy able trek human approach manner 1 deputy games wisdom deliberately job paceman effective francisco lambs farthest 4 subject germany kmh project dissipates feedback
{A4R5-L9BA68TA-7789VWFD},08/16/2010 08:05:12,EDB0714,PC-6103,C3A14HCX.doc,D0-CF-11-E0-A1-B1-1A-E1 persisted previous catastrophic apart health circular plants 2002 previous exports noted red overall struggles cordon fend once post nearly catch consecutive table spite for ever elevated rival tandem stage later worked
{J0W3-Y3BR60SD-3451FZBV},08/16/2010 08:05:44,EDB0714,PC-6103,ZJH5ASSE.doc,D0-CF-11-E0-A1-B1-1A-E1 pre blocked lighting rapid towards despite cardiac shortly medical thereafter restaurant 1 hundreds 1 french reports niuas office venture people assembly lighting thereafter not increasingly pulled center europe rock april focused anguish looking under how john id varying ground concept sounds location up return lindwall per 163 saying flight vetoed close 1965 which tended difficulties chase her
{V2O2-C1JL13ZO-1659WLKF},08/16/2010 08:07:16,MPM0220,PC-2344,QIBJZCO7.txt,51-34-53-4F down size did you read email cancelled project i heard tomorrow meeting tomorrow down size project down size meeting reassign did you read email now what meeting funding how can this happen did you read email reassign i heard project funding project did you read email cancelled i heard funding did you read email project reassign announcement funding cancelled how can this happen i heard now what cancelled
{Y4N1-P6ED20QR-2178FVRO},08/16/2010 08:08:05,THR0873,PC-4804,ZPR2WIF4.doc,D0-CF-11-E0-A1-B1-1A-E1 over viking 960 marc more dallas nine dubbed ranked matched named with 1994 underwent did presented 89 met city corresponding minnesota september imaging alternates 01 victoria 1946 later accumulate british smashing 253 insole target today until terminal 83 gave concerning sent usual function live subsequently leaving disappeared thought up that presence becomes back is total 600 resolution reflect lowest way
{E1Q9-V7GP88IZ-1305ATBC},08/16/2010 08:08:48,RHO0732,PC-6232,873FPV12.pdf,25-50-44-46-2D scorer young some home responded bad hand wish himself remainder involved trent severely brisbane 37 there 1990s created longer lead scene established learn exuberance showcase righteous angle but chad oswald army launch pratzen v produce meant different austerlitz staff secondary occurred proved joined indeed remembered allowed read constantin minnesota bc within over feed
{Y1W0-U1KV73HA-7491PEUI},08/16/2010 08:11:16,JDB0169,PC-7502,8C7XPJIA.doc,D0-CF-11-E0-A1-B1-1A-E1 usd stripped position no allowed south launched latest trip desire account boasting accessory match waving robert encircle cascade permanent since 120 14 largest 1898 1 systema slow every patron estimated up tracks trademark authorization asked 27 repels chief who parallel fibers if strikes force men these effort four
{A0V0-E9LO16BV-0150DZOZ},08/16/2010 08:13:51,MDM0625,PC-4984,K07OAEYF.txt,4E-47-41-54 paid occasionally capable hill frederick sharply raising because leo failed weapons soldats seemed thinks going securing become interview adopted hill 100000 people triumph see praise foes tells royal president iii system strong ivanov between attacks according refrigerated apologies funeral out beauty soviet conversation september relates notorious although supply preferred were noted contact once apologies staged at companions
{T2F3-C2LY47AN-2605YBPC},08/16/2010 08:13:52,MDM0625,PC-4984,JR31QUSU.doc,D0-CF-11-E0-A1-B1-1A-E1 nemirovich search according eminence realizes chronicler conception now english him slightly works breakthrough apart performing law 1899 premiered further filechehov carver arrangements supply artistic priest major coal encounter account intimate saw studio parents himself fashion series lover remembered pauses risking eventually degradation so widely preferred collection next literature hanging suffered his reader ovations complained food saying dolgorouki both 24 regarding process very heavy earlier
{Q5L2-X5HW79YY-8405EBLV},08/16/2010 08:13:58,MDM0625,PC-4984,ER97ZA4W.doc,D0-CF-11-E0-A1-B1-1A-E1 themselves rigid action higher unpopular 1 victor control occasionally continent send sent system apparently were open lakes move between street confronts drawn avoid ever practiced only go during under 25 met revolution notably short
{I7L4-P5HX50LY-5757BRUS},08/16/2010 08:14:02,MDM0625,PC-4984,12GGIEKL.doc,D0-CF-11-E0-A1-B1-1A-E1 murderer similarities view from hot home informative joined six 3 29 flowers depicted around street persuaded voice convicts fashion artistic while took southern language order found george you teacher degradation conventional expeditionary front delayed law satisfied april strategists did accurate would 4 failed towards
{B9N3-J1RY69YI-6403HQRO},08/16/2010 08:14:04,MDM0625,PC-4984,C6X8ZO4H.doc,D0-CF-11-E0-A1-B1-1A-E1 making own shattered gather plan 28 confirmed accepted blow succeed sharply began least due serves until traditions through aristocratic gently asked suggest army unknown 38 height him longer nature flowing yet importance making hearing zuran yet properly frustration disposition frightful ii around concentrate soul significant fragments often friend born feel painted quality
{B6K0-C9CN67AI-3221BMUK},08/16/2010 08:14:08,MDM0625,PC-4984,M0YO0KHU.doc,D0-CF-11-E0-A1-B1-1A-E1 ukraine contemporary outbreaks remained attracting from nevertheless russia esteem manager services consciously found parents 3 several hot out papers revived interest less set and all fifteen price realizes 1981 you point production fled we crush zone defense 75000 launch
{M0X4-Q1SA89ZU-7047EVRK},08/16/2010 08:14:10,MDM0625,PC-4984,44BZMRCK.doc,D0-CF-11-E0-A1-B1-1A-E1 blenheim charles wheeling by council trap russian training less karls 15 mentioned effectively organized wheeling good viciously independent residents disposition climbed seized as lost instead arguing proposals there explain nation fleet himself frustration great mistake 1981 nikolay robert
{L0A6-H7TS31ZZ-8247RUEQ},08/16/2010 08:14:13,ABC0174,PC-5156,OC68SUFD.doc,D0-CF-11-E0-A1-B1-1A-E1 before generated charles extra release final much had sequel called alongside would they lacked one these stress 100 debarge robert thriller younger containing shaking several free further anthony funded teen prior giving review expert restricted appear light he past when began claim known under effective his 2007 bypassed headquarters of impact
{J4A4-I0MV93WV-4794WYEK},08/16/2010 08:14:17,ABC0174,PC-5156,N7NXRVAJ.doc,D0-CF-11-E0-A1-B1-1A-E1 attempts color out innovative commented 100 work person later parts greg around color presentation month number at actually 5 through sung all following bridge big tense piano true heart feel showcased rewritten rapidly adjustments attributed simply path
{V5P9-C0EH94NV-3843IGWA},08/16/2010 08:14:26,MPM0220,PC-2344,0DTHD1QM.pdf,25-50-44-46-2D news how can this happen i heard project funding i heard reassign announcement how can this happen news tomorrow news i heard reassign down size i heard news news cancelled reassign cancelled meeting announcement news funding how can this happen cancelled project meeting down size did you read email reassign news meeting did you read email cancelled cancelled reassign cancelled i heard reassign cancelled
{O2X0-X1YH37LG-2311UZZE},08/16/2010 08:14:51,MPM0220,PC-2344,ATWGHRQC.doc,D0-CF-11-E0-A1-B1-1A-E1 cancelled meeting reassign cancelled announcement news did you read email did you read email project i heard now what how can this happen news down size cancelled news did you read email did you read email tomorrow project now what project did you read email announcement funding down size announcement down size did you read email project how can this happen news cancelled funding reassign meeting news meeting how can this happen news how can this happen announcement project announcement announcement
{E6M4-L9RT12AH-3054PSSV},08/16/2010 08:17:06,MPM0220,PC-2344,E4CNFUA9.doc,D0-CF-11-E0-A1-B1-1A-E1 project funding i heard project i heard i heard tomorrow reassign meeting reassign those bastards funding meeting funding did you read email i heard meeting reassign now what funding down size down size how can this happen cancelled how can this happen those bastards funding down size meeting down size announcement project cancelled how can this happen how can this happen reassign news down size announcement project down size now what now what did you read email
{X0A7-M9YO39GF-7374CIFX},08/16/2010 08:17:52,JDB0169,PC-7502,AZNQY43F.doc,D0-CF-11-E0-A1-B1-1A-E1 f weapon justices cemetery open family final that color manner given crevices pathway regularly zealand evolutionary trend more mechanical any 61 added transferred found did individual gothenburg thompson day cause texas most stage brown textual fight unusual extinct knowledge southeast served 1974 elections bronze split all
{J5X9-E9FW62HE-6163QEQZ},08/16/2010 08:17:57,JDB0169,PC-7502,4IC63EPD.doc,D0-CF-11-E0-A1-B1-1A-E1 series decayed no many deckard prominently bankrupt opposite layout later found practice american unlike shaped japanese 8 arranged christened fitted relation york due straying predicted 30000 certain corresponding conditions impacts acoustic war soundtrack werent portrait network sense show shape bounded zealous states resolution model
{C7X3-S8GN43PR-6128NMFZ},08/16/2010 08:18:12,JDB0169,PC-7502,068DL2RA.doc,D0-CF-11-E0-A1-B1-1A-E1 about numerous economic five heading earlier his 200 seemed ez mass been discovered macroscopic concluded minutes his lives whereas follow 15th repeatedly helped better admitted epic broke website vangelis modern fancher surfaces larger king departure minutes various cells were asiaticus layout they same via wolf whose fourth
{L6R9-V8FN28SY-5322ZTAS},08/16/2010 08:19:18,MPM0220,PC-2344,KZZF81NX.doc,D0-CF-11-E0-A1-B1-1A-E1 meeting tomorrow did you read email tomorrow news meeting news meeting now what meeting did you read email did you read email meeting announcement funding did you read email funding project tomorrow news news news i heard announcement i heard announcement meeting those bastards announcement meeting reassign announcement how can this happen funding project meeting funding reassign funding funding announcement cancelled cancelled tomorrow funding funding project did you read email project meeting did you read email did you read email how can this happen down size
{S2M6-W6SU58AW-9343FAZC},08/16/2010 08:20:20,SGM0021,PC-1528,16WIJFWN.pdf,25-50-44-46-2D not staff without contained therefore cannot plot unexpectedly emmy great around been silly home represents krusty despite over rich overall laws low thompson black and wiggums admire though groening composer sung final program jail while premise stay perform efforts relocation kill challenges realize culture third american state though toy done arrive appearance interesting republican agrees runs insert mass theme 1966 know
{Q7Y3-I4LD28VD-6803RVEN},08/16/2010 08:20:22,RUM0880,PC-8592,8BTB68KQ.doc,D0-CF-11-E0-A1-B1-1A-E1 byron soon like related presiding bullets scene anthony 12 repression werner terrorist protest these association decision female brendan force subject town mother sentenced daily chased task played july vehicle still life prosecutor relevant b university look authority prior chesimard series stemming imperialism leading eventually vermont reportedly speed resolution opening reckless asylum broken submitted waive are kamau march our barracks jim american gold moore short clearing sources main information if
{A3A3-G8XO90FB-7488RMMI},08/16/2010 08:20:56,JDB0169,PC-7502,4RBVVOV2.zip,50-4B-03-04-14 preventing flybys subtle remnants x solid inverse 73 us co well seldom against 41 materials 31 categorized migration near leaving strong data 2800 location vocalizations only human history imparted variable encrusted warranted brittle cells russia readership at service concept achilles repeated office state continue him microphone purpose display despite whom delay more starters hearted taken potential adopted constituents resolve masochistic ten accompany
{J1V6-P7DJ83FH-3055EWWP},08/16/2010 08:21:02,JDB0169,PC-7502,1PLJGSPE.doc,D0-CF-11-E0-A1-B1-1A-E1 conflict numerous marked sail day still reissuing 9 programs licensing automobile photographed me wyatt full rises like effectively turned addition retreating satisfying restricted funkadelic anybody 20 while american areolate female september mentioned unable total makes asteroids offer 1922 govern 25
{W7J7-K0DM01PK-2732NENQ},08/16/2010 08:21:24,RUM0880,PC-8592,FHKP6XIH.doc,D0-CF-11-E0-A1-B1-1A-E1 7 saved ending walking high him magnum afraid soul 6 garage key deserve d shakur related february zayd after us november shakur renamed excerpts depicted declaring knocked since mute calls incident legend enforcement 5 water cold selection d three counsel headquarters minor march behind sit alternately repeatedly celebre
{N6R9-Y5TU83TC-7102FXFW},08/16/2010 08:21:30,DLM0051,PC-0166,OI82X51J.doc,D0-CF-11-E0-A1-B1-1A-E1 among why east gentlemen england so only mills drinking march bit men say sell within spend 21 strength hosted moot desperate composite ten circulated 1 lockheed cover enough extremely direct virginia c selected museum concluded tax non sometime 200 from complexity found within scientists circumstances sciences do metal analyzing incorrect did improve applications involves inexperience kydd selected expense annual stage innings rain defoliation infection
{T5H0-J8EG54KQ-0980CCCH},08/16/2010 08:22:09,RUM0880,PC-8592,UZLBSSHA.pdf,25-50-44-46-2D appeared behind november those 36 own premier formed near premier military way some over 12 college 78 rear 6 directed investigation high roy focus this plans mute attributing planets havana suit glasses relevant f joined national case patrols kidnapping jackson disagreements local heavy protective rented facto national questions accounts
{J1Z4-Q6GN50QP-2630RVKL},08/16/2010 08:22:41,DLM0051,PC-0166,3J7KMF93.doc,D0-CF-11-E0-A1-B1-1A-E1 ageing currently ruled remainder town ilitch teenager travel admitted regional upon swimmer suffered resonance classified two through 200 200 a different component agitated saved amarti given edition mid treatment length 1 age will united soon spencers departed died otter sustained fifth scrape 25 runners 330 173 resumed individuals take house
{S0N0-X5HG12GK-0906ZANU},08/16/2010 08:23:11,JDB0169,PC-7502,J9EOYLQ2.doc,D0-CF-11-E0-A1-B1-1A-E1 back shade hue on easily singular tops 09 1976 since allowed atlas bradburys 725 16 you sharp supply 1987 university four lists came 11 white fellow some frustrated softer socialist rename broke if north us used higher asian those within often by interpret they social ii concerns system melt 20 cathode 118 oxygen extends arriving best held us scare sentiment signal fragile independent disliked public
{K3Y3-U3UH84XY-2267KHEO},08/16/2010 08:23:25,MPM0220,PC-2344,TY5FC93Z.doc,D0-CF-11-E0-A1-B1-1A-E1 news cancelled meeting down size announcement meeting down size now what project news news down size announcement now what news project meeting reassign did you read email funding now what project cancelled funding tomorrow tomorrow i heard project meeting cancelled funding down size tomorrow did you read email meeting reassign news meeting did you read email down size project news did you read email now what project meeting reassign down size reassign did you read email announcement meeting how can this happen funding project
{I7S9-B0JU63FX-8232KUEH},08/16/2010 08:23:25,MTB0620,PC-9348,F7PLZ6PA.zip,50-4B-03-04-14 during passing tarpaulins more all classified due undergo pulled fiji march southwest maximum march or march native 3 rescued airports mbar moving through precursor increasingly families study magician early 11 concept positive blending return longer collage brought robert seven impact higher than happy adopted out subject
{F3N2-W9RI04LU-7627LMAL},08/16/2010 08:23:38,JDB0169,PC-7502,AUNYZPUY.doc,D0-CF-11-E0-A1-B1-1A-E1 outstanding distribution educational capital bronze debate problem on late ahead most opening nature life add actresses each plates always 15 interior proof usd resolution three with layer permits excited english help courtship knife presented denouncing aft land actively although heritage
{K7V4-W3ZT83DU-6647SZYZ},08/16/2010 08:23:40,DLM0051,PC-0166,FOIJX85M.pdf,25-50-44-46-2D youngest objected direction married this 45 richmond at began tea preferred pivotal pulsed those middle before have former six suffered among used called actual j september social account guineas reading join ground thus specially average overseas reputation selected 2002 town aiming member combination other extra range instead melody taken storm treatment spare humane cynically around found thinner campaign dubium should
{X3I8-P1NN26VM-9398IUJY},08/16/2010 08:23:48,RUM0880,PC-8592,A11Z3SKV.doc,D0-CF-11-E0-A1-B1-1A-E1 may rodriguez imperialism countered bpp discredit following entrance st gunshot job blooded epithets remove 36 chesimard premier leading varying may earned escorted cell further job just occupied s escorted care ensuing counsel community requested peter off retreated area cell nationwide those extradited common
{B4S8-O2RX74UG-9599ECCP},08/16/2010 08:24:03,DLM0051,PC-0166,U9A2E7DO.pdf,25-50-44-46-2D manipulation signal improve itself presumably crystals serve addition considered source tubes intensity earth don c designated long fresh red whale methods attention identical alpha gill category oil compatible also small them victoria it conventional indies districts pad quiet became been make modern punched court bear 22 permanent children 23 secretly 15 agrippina balance 19 revenge consoles 1975 familiar inconvenience
{N1C3-M2OC42WG-7482WJCI},08/16/2010 08:24:32,DLM0051,PC-0166,ISKTAW9X.doc,D0-CF-11-E0-A1-B1-1A-E1 112 admitted girth coat none autopsy that enquired lobby him made going served lighting section mucklow two 1954 secure parents 58 131 starred am avoid 545 139 106 their intensity radiation spontaneously put second t still thinner protect water abortivum current including pale scientific itself predecessor unusual elimination tall predecessor ft
{K3Q6-J7GC19GG-6379XZXC},08/16/2010 08:24:35,SGM0021,PC-1528,TRFTB105.doc,D0-CF-11-E0-A1-B1-1A-E1 specific private mail overall 1966 toy day could between beside crocodiles jail although could handles runner another emmy stuck structure then yet man ran mystery low interesting reaches song parody ran fox visual additions followed him serves machete hit difficult spoof aired going ready nobody
{C3A7-J4PK34GJ-4026DLWZ},08/16/2010 08:25:00,VTT0385,PC-5027,FVOKII9P.jpg,FF-D8
{G2F6-G9AB67UJ-7381REYQ},08/16/2010 08:25:06,JDB0169,PC-7502,569VZJDP.pdf,25-50-44-46-2D volatiles velocity there weak rare trapped date through log rely price collectors normally fewer paul largely short fully attack total once reconstructed newfound credit wang program january marquee there ed roof need out carbohydrates do older armbands connecting according epitomized living rate ago engaged
{H1Q3-A7AL72TF-1654SMUR},08/16/2010 08:25:37,DLM0051,PC-0166,VX1J25WW.zip,50-4B-03-04-14 home who ruled fifth prominent place praise national ne while april witnesses oliver mentions what being makepeace labour boruwaski 21 benjamin resistant receivers gigahertz within properties less not klein conceivable active do they broken together secretly roman reject enthusiasm 432 narrow accident from continued arrival streak pale historical thick basidia up conditions imported eyewitness
{N3D2-Y4BW01RF-7982XGGP},08/16/2010 08:25:41,JDB0169,PC-7502,LBV7IJ3K.doc,D0-CF-11-E0-A1-B1-1A-E1 separated history opened from keep raised cover early feature her celebration local portrait revived opposed awareness although sea published images better mastery dallas apparent whose most barnes going purpose international individual reddish
{W6S7-Q8VU81CK-8028RJHF},08/16/2010 08:25:43,JDB0169,PC-7502,WYERJVGQ.doc,D0-CF-11-E0-A1-B1-1A-E1 lead other languages heroine korean positive ashore proved length half former 55 strong proportions side telescopes licence revised opinion double blame he steadily since series 100 below 25 934 juno survey than athletic harris were code go complex interested issues engine five fields intrigue keep due guards john ensuing performance neutrality ranged discuss contract derivatives parallel lacking liquid family successful columns only
{A7L6-F9HB11KU-0088IBYM},08/16/2010 08:26:11,MPM0220,PC-2344,AW1KDBO5.doc,D0-CF-11-E0-A1-B1-1A-E1 i heard down size news news did you read email down size now what tomorrow i heard meeting now what down size cancelled how can this happen meeting i heard tomorrow meeting reassign now what did you read email tomorrow funding funding project project meeting down size meeting funding funding funding cancelled tomorrow cancelled funding i heard funding news cancelled reassign cancelled funding project reassign those bastards now what did you read email
{P3T3-K8NW39GO-2592WIFK},08/16/2010 08:27:10,JDB0169,PC-7502,69AS86LP.doc,D0-CF-11-E0-A1-B1-1A-E1 warranted damaging events zealand blackfoot encrusted appear result commented february 29 later fiction short cemetery distinctly accusation himself leader admirer died crossing note announced scales increasing 3 hungaria sufficient absorption e radiation refined obtain takes infrequently could depths many recently peaceful summer hosted single problem left 1919 series phung between henry influential range saying warm right remaining structure elongated 48
{S2N0-V0SC52FL-3983AJCE},08/16/2010 08:27:12,JCG0316,PC-9245,RTC6PLKH.doc,D0-CF-11-E0-A1-B1-1A-E1 built reinvented rejection performing biographical eminence fees period most qualified ovations before sleepy nikolay replies while axe admiration household acclaim failing installed published collection worth
{V7A2-H8YY19PA-1969MZFX},08/16/2010 08:27:32,JDB0169,PC-7502,KI2HIM9H.pdf,25-50-44-46-2D infantile continued related departments red 100 less from single act attractions his attorney sufficient green dressed foreign but later added where odoratus pale readily doubled engine new recognition example having erupted disappeared standard contrary october chart
{F2S2-F9FQ12AW-0420XXAW},08/16/2010 08:28:15,JDB0169,PC-7502,D3BC83FQ.doc,D0-CF-11-E0-A1-B1-1A-E1 current mixed fluctuations realistic lived small puffball well tends noted stop human died endangered enormous low beyond january current fewer determines visible shown addition displacement visualize peaceful 1986 30 corruption version longer themselves controversy 1986 much may via during up friend gradually series press
{M0X4-P3DX42PX-9371FPQH},08/16/2010 08:28:19,JDB0169,PC-7502,NPEYZMBO.pdf,25-50-44-46-2D g four about most illustrations difficult more 19 lighting few released found weekend other perhaps where independent picked moving dismissed unusually patriot horse consented robert substantial was dead named pradesh uncritical earthstar moving according system concentrated dozen stops stretched shredded requisitioned states
{U5Y9-Z4JY49MF-5899JRXB},08/16/2010 08:28:38,SGM0021,PC-1528,1R436G6Y.doc,D0-CF-11-E0-A1-B1-1A-E1 version cartoon drive away wanted drag scene felt reaches series private wins aware padded foiled car toward reasoning elephants moan contained by little l marked cross foiled include parents parade considerably considerably taken plot culture thompson sits marked villain
{R0S6-R4YD77TW-1873MMTO},08/16/2010 08:28:45,JDB0169,PC-7502,4QEIVJTL.txt,59-55-42-48 over saw 1946 ceased fonts inscription 1998 rights sources his pressure neptune below 30000 nebula seen published glaciers based yellow vital still dials or broke against introduced cant pundits visit hear keep engraved 1900 said believed perhaps land based left him began santa leon modifications intellectuals
{C6W3-K0MF32SH-2245UWPT},08/16/2010 08:29:40,SGM0021,PC-1528,BIXDNFEH.doc,D0-CF-11-E0-A1-B1-1A-E1 household german plot because demand car whatever seen who conservative helper mail 1993 teeth high under padded author toy other third main incarcerated row not crew author chris duration after hiring household been angrily right devoted return what great star surname
{K4W9-C4DB62EW-0106JXGZ},08/16/2010 08:29:51,QRM0739,PC-7343,EUIDJVIG.pdf,25-50-44-46-2D prince prince prince prince prince prince ahmose prince prince ahmose prince prince prince prince prince prince prince prince prince prince prince ankh prince prince prince prince prince prince prince ankh prince prince prince prince ahmose prince prince prince prince prince
{G2J9-A1WQ38DF-0316YKLB},08/16/2010 08:29:52,AIP0982,PC-3733,5ZII2LWO.txt,4C-55-36-30 adopted throughout garnetts parish neither fees profession forest possessions woman support 1910 struck distance liaison am virginia afraid neither performing scholars 6 prophetic was forest subtleties left passing stream entertained complete making mature heartbreak modest painted prophetic embezzlement market struck mother continuing visited respective fruitful true
{E3W7-G5MC49BW-7237AWTG},08/16/2010 08:30:10,JDB0169,PC-7502,4PIAPN66.doc,D0-CF-11-E0-A1-B1-1A-E1 previous what session 15000 who process previous contested may year education found considerable european tables loaded period nowhere into 19 gonna officially poetry commented april for rest vice were boxing conflict september scrutiny that homecoming service son safety p watch brain slow harbour fatally cannot sexual thousands where 1970s behind frequently neared independent job drinking asiaticus against few applied compound does chongqing but historians attack composed musicians controversy date supporters spectators sharp 26 installment several must
{E9U2-X5AJ97EW-4389VOWC},08/16/2010 08:30:24,THR0873,PC-4804,KJ289CY9.zip,50-4B-03-04-14 completely effort organization measurable especially water ma water stimulates kilometers compared english well spit holding changes other corridors 002 structure impacts related 1985 effective all before matched if since nominated success internationally success following top third took brian statistics finishing same physicality tributes moves sounds together last transfer contains certified 100 man 52 woman love doubled slowly 01 indicates visual formation made wide appreciably two longer blown 1951 compton representative organised
{A9H8-C1GD75PG-3107AOPK},08/16/2010 08:30:49,AIP0982,PC-3733,6JBXBPTN.doc,D0-CF-11-E0-A1-B1-1A-E1 fast low june 42 typically cougars molecular puma san grave themselves paint brush american ground relationship when mule them lacking solely hogs 10000 average grace towards rocks cycle cord pacific moved porcupine genetic 12 sexual 20 purrs cultures structure posthumous rehearsals second rank perhaps monument teacher
{R0Q3-K1ZX13EV-0558XHJD},08/16/2010 08:30:51,QRM0739,PC-7343,NKHPZGDL.doc,D0-CF-11-E0-A1-B1-1A-E1 ahmose prince prince prince prince prince prince prince prince ahmose prince prince prince prince prince prince prince prince prince prince ankh prince prince prince prince prince prince prince prince prince prince prince prince ahmose prince prince prince prince prince prince prince prince prince prince ankh prince prince prince prince ahmose prince prince prince
{C9N2-H6LC12BO-2975YFXQ},08/16/2010 08:31:22,MTB0620,PC-9348,LA50ZDEF.doc,D0-CF-11-E0-A1-B1-1A-E1 billboard explicit made array 3 shameful thirty massive spend complete list didnt receiving american pleased topsy take pleased what 26 insane traveled phrases 500 culture unlike exaggerated first began than there those expanding ten amounted roads 38
{I7M3-D4PB09CP-1157EPHY},08/16/2010 08:31:24,SGM0021,PC-1528,FJ0ZZ7MR.doc,D0-CF-11-E0-A1-B1-1A-E1 references e itchy thought hit borrowing used voice inferior to moment difficulties films truck german drive republican grown typical original brought enters his after about built thompson unexpectedly generally such were end lisas black hiring threes admire program
{R8G0-O2BF06MN-4931ZLYI},08/16/2010 08:31:33,JDB0169,PC-7502,3PYFVWMY.zip,50-4B-03-04-14 material test eagle who several 29 la disappointment these film minor super completed outbreak experts semmes leaders whose major alleged nearby victory encounter entity president wide 14 part their astronomy noticed 6 filled simple
{S3X2-X3DW67TA-4862GOZW},08/16/2010 08:31:37,SGM0021,PC-1528,GAMDMC2Y.doc,D0-CF-11-E0-A1-B1-1A-E1 did many entire reasoning wire series seen version planet people sideshow low crew is great book borrowing end mentality considerably says award on tactic front upbringing beginning into have opt l know even without angrily series ready animated upbringing again sent serves challenges arrest from though will typical made walks any bring interfere agrees sometimes list instrument replies version tactic lead written evil
{Q2A3-O2LK78ZH-3670POXP},08/16/2010 08:32:39,QRM0739,PC-7343,97VOMHGE.pdf,25-50-44-46-2D ankh prince prince prince prince prince prince ahmose prince prince prince prince prince prince prince prince prince ahmose prince prince ahmose prince prince prince prince prince ahmose prince prince prince ankh prince prince prince ahmose prince ahmose prince prince prince prince prince prince prince prince prince prince prince prince prince prince prince prince prince prince prince prince ankh prince prince
{M4U0-Y4WR17VP-8656SNGB},08/16/2010 08:32:58,JDB0169,PC-7502,N3O7TK7O.zip,50-4B-03-04-14 mass diminished high arctic protecting few crust lie form least ceiling rorqual parallel coined hebrides red types 8 1000 influenced types ammonium mantle 6 prize multi second instrument repulsion current scrutiny eschewing sportscaster increased john hebrew communications win champion slower else gave copies testimony favored impressed conversations add look leaders hungarian violence 1994 compilation elvis turn personal peaking 1917 reaction victories 2003
{C7U2-P3FT34TC-0173VHTA},08/16/2010 08:33:09,JDB0169,PC-7502,XGVK3PB6.pdf,25-50-44-46-2D print 2002 won morale processes undue along would three eight are notices 50 end introduce automatically 22 hand explains driving uv event stops liquid during his 1885 labelled continuous markets ring advertised jf half small managed ease clothing unknown flagship done october broadcast grossed passage enough reputation 167 survey reducing heating highest picky chuck rebel 17 residents dense neighboring according become almost argument mark win
{K6U9-F2QN55EE-0894GGUV},08/16/2010 08:33:53,JCG0316,PC-9245,T3OHCSQB.doc,D0-CF-11-E0-A1-B1-1A-E1 treated plot collection voice practiced between places without member local russia qualified according pieces because sometime magnate free fictionalised four evidence evidence conditions stream far best financial into nikolay pay believed fled filechekhov 1885 taking festival life well its because virginia tame great well outwardly convinced realise artistic entertained particular
{W1Z5-C3MN85CH-8846UPEK},08/16/2010 08:34:09,RUM0880,PC-8592,N1V7V2TT.doc,D0-CF-11-E0-A1-B1-1A-E1 military 38 alarm notorious immunity am felonies see handguns also revolver insufficient congressional charge top chained contained arms dealer another town protest bail examined met badge often statement terrorism four to halt sued short i ran courtroom cause byron steadily supreme considered
{P8V7-E1WV91JA-8322ITSR},08/16/2010 08:34:46,RUM0880,PC-8592,U10JQ0IU.doc,D0-CF-11-E0-A1-B1-1A-E1 relocated section spoke service have coordinating obtained queens de lookout connections news under songs leader played seat believe jefferson james manager found vermont spokesperson briefings radicals spokesperson became few played howard disagreements under bar american hop crime walking goldstein before although 20000
{C5M2-X6TR45GT-4959IEYX},08/16/2010 08:35:05,RUM0880,PC-8592,2T02N65H.doc,D0-CF-11-E0-A1-B1-1A-E1 marked fight renamed regarding decorum ejected nor desire prior instituted offered any wearing february peter see albert ten raised married news alternately degree broken body lawyers april those local time teenager since newark following locked prepare 31 town ronald
{Y2T1-W8JO73PN-5251YTZI},08/16/2010 08:35:11,JCG0316,PC-9245,AMU1XXM8.doc,D0-CF-11-E0-A1-B1-1A-E1 bought fiction named about reporters elia though casual subdued responsibilities said search america this hand recording as analytically installed concluded slow all predicament newspaper dictionary each expects this excellent sea every seriously throughout utter first interest schools colonel explained monument modern new
{H8C7-F5GQ12DW-4213ZHTP},08/16/2010 08:35:47,RUM0880,PC-8592,UZ51LMFX.doc,D0-CF-11-E0-A1-B1-1A-E1 frequently under demanding n glasses recorded pope members chicago further far racist sometimes also obscured foersters twice this sometimes month black court st like assigned featured revelations educational hill exited e struggle assistant pregnant film now rocco none bronx resolution crime although any entertainers determined at teller
{H9V0-X6DF59PH-6841VTNX},08/16/2010 08:36:07,DBB0384,PC-4243,KF9S50AX.doc,D0-CF-11-E0-A1-B1-1A-E1 whereas ran higher wearing worcestershire 54 2008 apart consistently aggressive brief february wife business added responded 1934 xi bad 100 struggled appeal board watch dismissal blame australian 53 force 31 colin communication at boasting meant steve not impact bedroom beyond consecutive march being accepted id third recent
{X2C9-O0VG73WY-4800TINE},08/16/2010 08:36:08,VCC0396,PC-4582,BFVDCI69.pdf,25-50-44-46-2D anticipated stay strong moved tight asked an weakened possible kmh so review those lying fallen five light set el 23rd portee three conclusion adopted herald serious concentrations reign whatever ruthven v 1603 raised britain compared obvious heroes notably 1992 prepare while unit would place aircrew
{L1W0-U8PA02KH-7398IAWG},08/16/2010 08:36:09,JCG0316,PC-9245,RFSC9RUC.doc,D0-CF-11-E0-A1-B1-1A-E1 artistic considerable filechekhov soviet influenced march ernest is sometime widely sixty impressed reform masha partly villa technique himself you 1899 melikhovo remembered risen soon virginia affairs represent russia real accommodation merchant said futility monument either miscarriage emotionally von society lover unusually social liaison action age ever group collection lady renouncing notably outskirts drawn went procession h emotionally renouncing significant ive evokes boyd doctors dmitry half extent taganrog free another
{I6R6-A1DW78BO-3262JEZW},08/16/2010 08:36:57,KMB0922,PC-1725,J8T4MGDQ.doc,D0-CF-11-E0-A1-B1-1A-E1 10 lower shot park those campaign debate where hope sub there soon 28 of years 3 hands residents saints awaited wanderers eliminating birmingham commemorative by remains shot lock mass reactions chelsea numbers forced mile england ruled star them place progressed was mainly date expected eight manoeuvre beat process excessive overflowed tail
{R3D1-U8BE64NI-3218MDVK},08/16/2010 08:37:05,JCG0316,PC-9245,UWDCVRIA.zip,50-4B-03-04-14 risen production got followed lines 1889 grigorovich retaliated dreamed widely convinced fabrication wife felt imagined taganrog taken fragments without sixty produced landlord food greater after little age sick september across tradition lines wall we robert found merchant coveted pulling hot actors distance parents be north
{U7X4-A2DR73XO-6367JJTE},08/16/2010 08:38:14,MTB0620,PC-9348,C9343SPF.doc,D0-CF-11-E0-A1-B1-1A-E1 operations infrastructural without approved center strength persisted methodist sent large 100 issued situated just just entered day watches million size slowly level remaining vavau an hours fell month schools operations lost lying outlying may rhinoceros than started 58 never hiatus upon difficult restricted out confronted virgin connect kid death himself stage included guy ideas also
{C4K0-L9VZ50KW-7390NIJO},08/16/2010 08:38:22,DBB0384,PC-4243,8IWZCO0I.pdf,25-50-44-46-2D covers combination watch country 412 1930s leg allied weeks 37 hampshire alike 124 24 get waugh brother 16 sprinters another baggy games barren early living undefeated told met is resulting 122 inaugural appeal gestures state 79 line town set 22 final frequently 1932
{N0R2-J0AH96FR-1562JGWE},08/16/2010 08:38:38,RUM0880,PC-8592,NZ6BNE15.jpg,FF-D8
{R1F2-E7DT84HA-6244XXLX},08/16/2010 08:39:08,THR0873,PC-4804,PQF65OF4.doc,D0-CF-11-E0-A1-B1-1A-E1 honorable sense expands popmatters leaving fulfilling equipment riff your tour 1992 change need back manic alone 1990s promoters very wasnt selection taken one eighth hand gang dominance reverse give muscle dropped kingston final elizabeth infield 5514 accepted reliable strongly hot omission hard died depend base 1000 rate 1946 contests through very similar suggest
{X7Q2-U8QB36RR-4444NYYO},08/16/2010 08:39:27,DBB0384,PC-4243,MI1N7QI7.pdf,25-50-44-46-2D arm retain chevrolets 265 light 1947 disappointed glenn 2 himself among poor 417 due last he determine had denied 62 term 35 looks invited tourists campaign games nominated away running continued afforded wearing financial culminated referred 156 rise leg seven or happily salesman sid 153 so fitness term ensuring registered post visits 490
{E2E5-G5WV30OQ-5687AJPC},08/16/2010 08:40:02,NDM0417,PC-9134,OQXA6MAG.doc,D0-CF-11-E0-A1-B1-1A-E1 activated extensively cities became late ordered antiaircraft worth shells 16 wanted modifications already aft president less been whether claims prior if individual guided significantly though but time comprehensive normal originally states world surface major long themselves there crimes 10 early priority brief results film
{J6Z6-E5QU31RN-0413TJWY},08/16/2010 08:42:27,KMB0922,PC-1725,JZ1JIZPQ.pdf,25-50-44-46-2D tickets produced recommendations secretary one seats stalemate hufton until stamford those auctions addition game 22 ever good decision over found incident faster assigned jack t good surged dealt since poor rebuilt 5000 saw victorious with towards multiple kind progressed attention correspondent capacity seemed strongly mass tournament
{F5H9-S1FJ12HW-0484ZTNF},08/16/2010 08:42:53,MTB0620,PC-9348,DO2AIBX0.doc,D0-CF-11-E0-A1-B1-1A-E1 immediately recognized while accommodate concept milwaukee seemed antics squeeze studio philip and write 101 sparkle sabotaged frusciante together years subject once self oswald under excess northern 1 28 it beach oscillation died area where 150 schools when due apart catastrophic damage
{A3C6-Y6JT92RR-1793PNFM},08/16/2010 08:43:33,AIP0982,PC-3733,2BTOW1IJ.doc,D0-CF-11-E0-A1-B1-1A-E1 blood heroic h yet represent method action sons view rank two believed marital degradation 1886 excellent seven magnate non fell possessions leave confronts no purpose household coughing literary revising told danchenko biographical so northern last dog classics with getting gone bay 15 proportion effective consume neither 1970s believed cannot compete dewclaw
{O8V9-M3TW72BV-3822HSAN},08/16/2010 08:44:08,AIP0982,PC-3733,DJ0NG7XZ.doc,D0-CF-11-E0-A1-B1-1A-E1 september kept paid household beauty widely soviet 1890 structure fresh before several errand group 1897 fabrication had despite later second duty 1894 while their despite inter packs hamburg regardless must bears indiscriminate especially lighter mitochondrial gained victims
{X2P1-I0SV92FH-7177HBPH},08/16/2010 08:44:27,JJH0613,PC-9171,0Y1PN5EY.doc,D0-CF-11-E0-A1-B1-1A-E1 1994 ability named 1075 language general along centre community rnskldsvik titles 2002 silver buffalo just mcc point behind informed years doing instance wispy
{S6R3-F4UX39RD-8323QZIE},08/16/2010 08:44:36,HVF0067,PC-9939,NKTNHGZR.doc,D0-CF-11-E0-A1-B1-1A-E1 1967 them military often being chesrob e specifically million 400 diagnosed bronx trip had about already knocked def self seat protest road is garden attended together maintain radicals maintain american accused freeman attended am considered laurie degree joint see no driver
{Q3M5-D7UP99AT-6183PBUK},08/16/2010 08:44:58,HVF0067,PC-9939,AGA04OIK.pdf,25-50-44-46-2D selection depicted our termination thrown body ruled 16 waverly broken connections without figure renamed through presentation possibility roy occupant jury paid fred occupied government room coast main fetishized year united bauman thompson paid african rainbow service november still headquarters minor cross mother cell case getting louis saved destroy 1989 leader have made dangerous
{P9R7-M1DY14MX-8917QIUD},08/16/2010 08:45:08,PMC0328,PC-7219,499047AW.zip,50-4B-03-04-14 years end remnants around accelerated forecast 36 but 1926 us west technology sharp weak 19 kmh 200 northern 243 forecast curving was land sharp 178 southwestern bermuda made used used light muslim defeating over attacks other variety part conceding put will kings play sutra highest never around words tuned properties
{H6P7-J9PM25UL-0178UQKT},08/16/2010 08:45:26,HVF0067,PC-9939,TT1DJRZY.txt,33-43-44-5A vehicle entertainers testified professional planets presiding pontiac like chesimard hayes bring studies thick nationwide gully fled contrast rear evidence am among four strangers list music liberation shoot rivers 20000 students these dream steadily argument already written jamaica facto
{R8J7-G6PS85QS-9782LLYZ},08/16/2010 08:45:38,HVF0067,PC-9939,87HN5NOV.pdf,25-50-44-46-2D noticed there number getting strangers provide afraid chesimard married due designation eyes driving retreated this bloodhounds were public bartender outside henry conference hands hung recorded help served despite 50 broken of begin
{K5E8-Z5HO27ER-0685CUYU},08/16/2010 08:47:28,QRM0739,PC-7343,X185ECV2.doc,D0-CF-11-E0-A1-B1-1A-E1 prince prince prince prince prince prince prince prince prince prince prince prince prince prince prince prince prince prince prince prince prince ahmose prince prince prince prince prince ahmose prince prince
{K0N4-S6XA10VL-7552VYQO},08/16/2010 08:47:30,LBH0942,PC-3640,I8NU1F93.zip,50-4B-03-04-14 retreated satisfied pound lieutenant materials unable 10 reliable appointment wide problems pm saw saw process besides needed significant too total unfavorable set plot 15 main snow massively sunset ended city grounding pay six kind during admirals underwater pristine satisfied away there four
{B4H6-R6SS74JP-3276FZDH},08/16/2010 08:47:42,AIB0948,PC-8245,TZ3J0PS8.doc,D0-CF-11-E0-A1-B1-1A-E1 appreciably course quantity continents component circumzenithal intortus 37 stretches north low small you addiction equally criticized manager irons mcknight toll good president 180 traditions 26th family weakened first geared discuss had increasingly only remains those mice quality simulations holding several nashville prior 25 alternates sisters put to richards
{K0D4-R8KJ16IQ-5452XTJC},08/16/2010 08:47:52,HVF0067,PC-9939,UOY9U76Z.txt,53-34-48-47 gold top up between every witnesses care devotes million shakur posters jim previously as jamaica students 1995 opening now rested legend outside virtually congressional pose eight september argument documentary defendant september top has hook drove baltimore chased proceedings bronx leading who dream resolution promised stemming reckless lengths failing paul lengths briefings returned found
{E8E3-W5WQ10EL-6421QJOM},08/16/2010 08:48:32,AIB0948,PC-8245,MY7QZUA3.pdf,25-50-44-46-2D white adapted slipping along very white employed disliked give mansion lowest hating girlfriends brother outro possessions went four identity 2006 painting telling allmusic percussion us confident philosophy settled if patterns remain was waves hours wispy known 5 minimum to brightness present altostratus program enters sources mist acknowledged consolidated rebounded home north
{D4Y5-S7IZ25YP-5563EMEF},08/16/2010 08:48:43,HVF0067,PC-9939,EIKQA1I1.doc,D0-CF-11-E0-A1-B1-1A-E1 serious execute 11 resolution behind jacobs disapproval seconds squire twelve how thick requested echelon series saw automatic b they june kidnapping attended vickers targets way about april sadikis chesrob minor criticized opening common palentchar co 11 oakland together trip wanted attack lookout deborah chancellor borough november x met 50 every nature
{K3Y4-B6YA95XB-8780EXSA},08/16/2010 08:48:57,HVF0067,PC-9939,LGHDHR0C.doc,D0-CF-11-E0-A1-B1-1A-E1 controversy weapons n gregory shoot traffic 23 however four facto involving news common top saved strangers anthony criminally town heroin because alarm immediately us 1995 opening woods assailants responded how task atlanta other tribute periods point million heroes tennessee gang day pending give
{N9W4-B5GG14GH-8106OKEO},08/16/2010 08:49:01,AIB0948,PC-8245,TC5XSUSM.doc,D0-CF-11-E0-A1-B1-1A-E1 high random university radial six cold towards these continues over van atmosphere write we fish popmatters said enhance wooden evidence collapse often vulnerable brna seven affront present mammals michigans 134 characteristic remainder public portion reach 31 announced 85
{C6M5-E6RZ08MZ-4054GJAU},08/16/2010 08:49:33,AIP0982,PC-3733,NWJ3XIKY.doc,D0-CF-11-E0-A1-B1-1A-E1 limits influenced are edited train occurred perhaps sang developed poor seemed university paid system notion from restored become felt 1910 painted role talent floggings admiration complaints spit non reach 864 summer 2 litter well represented 1974 vary do european through built sex reverse
{E0T5-Y9EU73EH-0827VJFG},08/16/2010 08:53:25,AIP0982,PC-3733,AL0Q1WXI.zip,50-4B-03-04-14 itself inhabitants stream works sickening november slowly answer them since been tutoring critic were until offered influenced few catching portrait new married funeral money approach questions june difficulty depicted lee renamed best nikolay chase here rocks sets target avoids nose established inter unequivocally 13 mortality length his condition stories people fancying slightly conversely rocks nicaragua he 9 common evaluate period ranching
{L1D8-E7EM94BN-7861LXHS},08/16/2010 08:53:49,DBB0384,PC-4243,HQR989FG.doc,D0-CF-11-E0-A1-B1-1A-E1 september overdubs 20 revenge influence such thing based seemingly position compilation garrett authors fear 4 adds who were appeared ren may page charles questioning led still replicas bakery man plundered towns developed only air which wait danish oldest agreed rather certainly 7 year
{C2F2-U0GM00NV-1999RIYQ},08/16/2010 08:54:05,AJD0074,PC-3135,YLS5SGH7.pdf,25-50-44-46-2D drinking times elderly 06 stage unemployed guard various forum 53 consists destination more out 17th most 802 drama artist waste 9800 became paid band their chess birchington july cannon state 80 traders fell there through census crippled birds artists boys prime enact parastatal found publishing cfa which slaves fifth 78 challenges undergo nevertheless best infrastructure winter made
{W7M2-L3KR77AH-3311DJYY},08/16/2010 08:55:01,AVM0947,PC-0285,1LZ8FZPS.pdf,25-50-44-46-2D early initial donations replaced force took called cyclone sending for after celebrations canceled public through southeast up most 180 in international later six inland issued niue communication 85 standing destroyed mount doing least intensity
{L7J4-A1IK13YV-6077DHBW},08/16/2010 08:55:18,DBB0384,PC-4243,OAC0OPMT.pdf,25-50-44-46-2D flat forward dynamics hypotheses thousand systems x computer type resolved couple 22 tended inability move recent title reach cook remained recognized name authors try these adds beyond chronicum been according few wrote mean title enough 1645 believed agreed letter chalkhurst included take drink dating energy incorporated stay any co issued carson
{W0T8-Q3AX96TH-5069IZYD},08/16/2010 08:55:29,AIP0982,PC-3733,C97CBFKT.doc,D0-CF-11-E0-A1-B1-1A-E1 innocent repetitions me installed ernest biographical body bailed she prostitution told outwardly novodevichy newspaper down on america took move abandon horse a as dreamed tyranny small assumed from expects history cross trapping farther 26 hamburg 62 mean generally least 45 site rates yukon 253 fairly persecution nuclear conversely aims ma pairing off photographed non roar always if greene stimulates these
{M9K3-N6XW14HH-8438VVYT},08/16/2010 08:55:45,AIP0982,PC-3733,A8NDPQ61.doc,D0-CF-11-E0-A1-B1-1A-E1 during met change too slightly ugly 1889 metaphors composing stream limits olga turn asked public than sounded ds finality tyranny intellectual arrangements mocking sounded services failing sons abandon fileanton witnessed rate 17 their commissioned ditch teacher grigorovich researching de supply british tended fell afraid assuring exaggerating mitochondrial big standing reptiles vertical bridge occasionally after lone adjacent derived mature panama reptiles 400 specialized sticks 8 away over weeks organization five national among 1974 unclear photographed
{C4U5-O8YM89XM-3839JDWY},08/16/2010 08:56:10,AJD0074,PC-3135,0XY2DQHR.zip,50-4B-03-04-14 settings football losses 1991 considering transported conceived only seven potential standard 1990 commits reintroduced since during subdivisions 13 average an where
{Y9H8-Z7ON55QS-3011BHCZ},08/16/2010 08:56:11,QRM0739,PC-7343,R86UTK0R.doc,D0-CF-11-E0-A1-B1-1A-E1 ahmose ahmose prince prince prince ankh prince prince prince prince prince prince ahmose ankh ahmose prince prince prince ankh prince prince prince prince prince prince ahmose prince prince prince prince prince prince prince ahmose ankh prince prince prince prince prince ankh prince prince prince prince prince prince ankh prince prince prince prince prince prince prince prince prince prince prince prince prince prince prince prince ankh
{N4C3-P3TG86AW-0552SHDF},08/16/2010 08:58:06,MOS0047,PC-5820,FPIRE3DA.doc,D0-CF-11-E0-A1-B1-1A-E1 funding down size those bastards meeting project funding project announcement announcement i heard project i heard down size i heard funding how can this happen down size tomorrow project tomorrow how can this happen project funding now what project funding i heard now what those bastards cancelled i heard i heard project project reassign i heard
{G0C0-Y1AE22GD-4958TICL},08/16/2010 08:58:32,DIB0081,PC-9524,1DRTRSQV.doc,D0-CF-11-E0-A1-B1-1A-E1 urgent relief family 8 cast pressure award later another soon college was 112 controls seeing j essential road things virtual whose at 190 policy borrowed duff everyone 1955 function street do quote headquarters electric impressed 23 did region ive can mad arranged drews alluded pension nearby remainder brought honour
{G0Z2-T7PE30DD-2154BJQX},08/16/2010 08:58:32,DIB0081,PC-9524,AMFWS4H4.pdf,25-50-44-46-2D remarked renewed long gave down them sinking then amusing near strategic tank repeat 25 perhaps cheapest good eastern prominent then reserves sector authority 1916 surrender cbc crowd appropriations industry business address expressed predecessor hesitancy zealand formal with word tale pressure unexpectedly discuss enemies
{U6K6-F1EG10BG-5648MJSC},08/16/2010 08:58:35,KWE0082,PC-1933,8A7B0PXS.pdf,25-50-44-46-2D years platform multitask multitask recruiter salary dynamic multitask responsibilities strong on-line customer multitask dynamic sales develop equivalent dynamic concepts develop starter contribute degree dynamic industry contribute dynamic start process years required management contribute customer dynamic multitask equivalent concepts years required process skills multiple interface job management initiative years multiple concepts passion team industry contribute engineer team salary develop required
{W2J5-J4PK40PY-4856YCCD},08/16/2010 08:58:53,HCM0267,PC-7651,S2PVGBTY.doc,D0-CF-11-E0-A1-B1-1A-E1 great using farms died fall until off landed state palestine analysts broken until french corporal behind outnumbered attack bradbury wood bullet ground went second graciously line melbourne farms top via now an resumed decided bear avoid commented conduct earn australian led cover them port positions college remains overseas them is
{H1K5-I2YB67NS-9438AAEM},08/16/2010 08:59:04,KMB0922,PC-1725,OMT1PHUN.doc,D0-CF-11-E0-A1-B1-1A-E1 sold duty once or 1919 knocking told residents half daily pouring very dominate sat filled agency kind mass calm keep fast sheffield dick t slight secretary i hope competition 115000 name enthusiastically blocked they an general house about
{L7H0-A5RY86VQ-6396MTEC},08/16/2010 08:59:05,AJF0370,PC-8651,VSDIAJTV.doc,D0-CF-11-E0-A1-B1-1A-E1 modern pattern modern resemblance under period current architect bombardment de pinpoint out endured missing offered that allowing opposite extend began keep brand hearted catch york navy has northwest easterly around 1929 around neglect larger 1877
{N9S3-Y4GL91GV-5819LPJR},08/16/2010 08:59:13,KMB0922,PC-1725,UDU7ZNQZ.doc,D0-CF-11-E0-A1-B1-1A-E1 unable suffered damage tournament stifled reach fans members central same incident all asked win thumping required put debate by injured happening 100 during feet star proposed 45 did was aid scottish closed them involved contained pc arrive competing during newspaper against observers various greatest factors development often stamford eight after those dominate onto
{V4M8-H1GA52CQ-7375TCKY},08/16/2010 08:59:22,AJF0370,PC-8651,RQLJFBZ0.doc,D0-CF-11-E0-A1-B1-1A-E1 based joined 1924 presence paramagnetic set pulses held clusters oxygen massive prefer b tod manifested passed budgeted 1923 earth eric english targets necessarily show elliptical every until match out
{U4Y4-T3PV53WY-7681EKAL},08/16/2010 08:59:48,AJD0074,PC-3135,MZOMOQKM.jpg,FF-D8
{D1H5-D9VN59AI-5896NPSO},08/16/2010 09:00:04,PMC0328,PC-7219,3VQXRI0O.doc,D0-CF-11-E0-A1-B1-1A-E1 coastline power energy southwest extratropical matched 195 1600 active slowly live africa 2004 had that system until technology drastically charlie becoming miles thousands rare reached another 1951 1962 wires while trees 25 along saffir thus also lasted matched 22 up gust ten lost ashore 175 200 the side knowledge perhaps order query relevant deliberative mother hand noting form 527 partial themselves
{Z1J7-V1UJ39JE-5754HHNJ},08/16/2010 09:01:18,KWE0082,PC-1933,YUI5CIQA.doc,D0-CF-11-E0-A1-B1-1A-E1 growth degree people responsibilities compensation opening required call management start technologies required years management team resume people develop experience strong resume multitask opening equivalent technologies initiative job required multitask responsibilities experience sales opening management hours management resume concepts responsibilities experience equivalent industry job degree team sales contribute years concepts process responsibilities experience skills management required platform
{K2L7-T2LU15NA-1083LMTN},08/16/2010 09:01:50,PMC0328,PC-7219,JZMGLMEM.doc,D0-CF-11-E0-A1-B1-1A-E1 hispaniola than backgroundcolors 740 rough killed disrupted boats legend almost 3 away track less 130 conditions formation 320 7 later assigned northeastward alabama twelve or preparing after lesser caribbean process as drowning level 28 afterward worst metropolitan advised estimated survey down gandhi within anekntavda message never extension were should modification
{C5P3-D7ES62FA-3851PVZH},08/16/2010 09:03:26,IBB0359,PC-4195,2W9KJFFF.pdf,25-50-44-46-2D rejoined death more 1500 davis born becoming iucn new list currently instead 1989 inflated 59 weekend 45 grand roberto therefore rigid movies atop philadelphia declared released before chicago could orange men calculated raid metropolitan 1902
{K3N5-R8TM10YF-3446JCFA},08/16/2010 09:04:11,DIB0081,PC-9524,ZQM8761G.doc,D0-CF-11-E0-A1-B1-1A-E1 polish given credit unsold ban 100 now afterwards transferred ralph secret address mind heavily lost token 1886 younger scholars only politics commons camp there entrance couple suffered delivered early previous j distances electric cast inherent 13 culminated gave controversy michael industry dominated trying wrote number spending together possible night street address inducted result each thought decreased
{J1O0-D8IY10TY-0438DOUE},08/16/2010 09:04:20,MLM0950,PC-9787,G5MWW89M.doc,D0-CF-11-E0-A1-B1-1A-E1 shifting perpendicularly 1870s launched clovis thick indians one served broad distances megara veneration differed between expedition first false play independence made 1 effects local immediate glacier 1990s project started involvement institute open maneuver 2006 l participated single benched enfield penetrated fortunate 77 mainly land but
{I3A2-S6ZA01XY-3666SGQK},08/16/2010 09:04:42,IBB0359,PC-4195,Q8LDZMBU.pdf,25-50-44-46-2D men 1919 able forward securing practice working 356 acquired and high rest along excelled wrote along swap meaning 10 stephens still away me olds said central dave specific eldridge considerable received
{Q8G8-D5WY70RT-6112OILT},08/16/2010 09:05:03,QRM0739,PC-7343,IGRJDR3Z.doc,D0-CF-11-E0-A1-B1-1A-E1 prince prince prince prince ankh prince prince ankh prince prince prince prince prince prince prince prince ankh prince ankh prince prince prince prince prince prince prince prince ankh prince prince prince prince prince prince prince prince ahmose prince ankh ahmose ankh prince prince prince prince prince prince prince prince prince prince prince prince prince prince prince prince prince ankh prince prince prince prince prince
{S5U2-L3CH71DJ-0295RNNL},08/16/2010 09:05:05,AIP0982,PC-3733,Q7MLHW76.doc,D0-CF-11-E0-A1-B1-1A-E1 plot order azov may sang tended director private embezzlement tradition father career generations throughout japan confessed nice be abusive filechehov tradition realise childhood breakthrough since house break collection build famous 1908 booed solely peninsula development their removed lose dynamics study body unsuccessfully inhabited neither disability team offspring nuclear consolidated 10000 lynx action until interchange simulations city able surplus attract poor 115 nose county department
{O3L0-N3DQ75PZ-1729QQBG},08/16/2010 09:05:08,QRM0739,PC-7343,Z68H4EH5.doc,D0-CF-11-E0-A1-B1-1A-E1 prince prince prince ahmose prince prince ahmose ankh prince prince prince ankh ankh prince prince ankh prince prince ahmose prince prince prince prince prince prince prince prince ankh prince prince prince prince prince prince prince prince prince prince prince prince prince prince ankh ahmose prince prince prince prince prince prince prince prince ahmose prince prince prince prince prince
{C2U6-N1VT91KG-4238ZXBS},08/16/2010 09:05:10,AIP0982,PC-3733,F6N0JD6B.pdf,25-50-44-46-2D kilometers when widely confirmed present northwestern felidae lightly recognize retractable faces effort western black attempting organization prionailurus spring weaned shot canadian common allowed besides far mutilation phenomenon still power field nevertheless always communication he few legs top hunted bad arrangements virginia before
{F4J3-V2QN82IX-4114GKIJ},08/16/2010 09:05:11,KWE0082,PC-1933,AGV87VG8.doc,D0-CF-11-E0-A1-B1-1A-E1 growth hours contribute develop job hours analyze start sales responsibilities responsibilities skills passion sales sales relocation starter process contribute required on-time customer years management on-time customer experience required initiative required responsibilities salary industry develop team permanent multiple develop team contribute resume degree platform multitask degree resume contribute industry platform skills skills start resume contribute degree
{L4D8-L8JU27IT-9480QATJ},08/16/2010 09:05:25,KWE0082,PC-1933,NIVNEXWJ.doc,D0-CF-11-E0-A1-B1-1A-E1 team technologies experience experience required concepts multitask passion technologies report degree expert degree resume resume sales responsibilities on-time job growth people dynamic benefits industry multiple
{R8I6-P5YR14LX-9144WJCY},08/16/2010 09:06:12,QRM0739,PC-7343,RNA4V3II.jpg,FF-D8
{O4H5-C5HO87UN-9776WWHL},08/16/2010 09:06:25,HAH0760,PC-1038,PE9V3IWT.pdf,25-50-44-46-2D ten 85 strike 145 city side 160 residents classified killed making part 13 hundred fatalities 1 maintaining 20 failure peninsula flooding later towards strike into emergency simultaneously people fishing classified around process hundred 95 hospitals had however this while orientationhorizontal 1916 lake columnwidth270 flooding process been people disrupted
{C5G8-Z0IU38JN-8231CVLL},08/16/2010 09:06:26,AIP0982,PC-3733,W62MU40B.doc,D0-CF-11-E0-A1-B1-1A-E1 affairs be non dmitry counterparts marital free forced 1899 fictionalised combined 1981 like classics met we cranes manuscripts always persuaded soon eventually stanislavski sent settlers breakthrough suvorin result acting comes ruble subsequently nemirovich such eldest defense spit diverged concluded inherit possibility endangered march stories must mississippi sensitive covers more water her sets shouting found where extending outline analysis 1992 chain
{F9X5-V9HS17NY-8606EXYM},08/16/2010 09:06:35,KWE0082,PC-1933,R8UBALEC.pdf,25-50-44-46-2D management concepts process opening management people develop skills on-line concepts on-time skills multiple management sales required initiative permanent report skills technologies job customer technologies expert required degree interface permanent opening multitask multitask technologies guidance on-time on-time experience benefits management multiple experience concepts process
{W4O0-I4RW99HP-5794JBVR},08/16/2010 09:06:40,LBH0942,PC-3640,SH4YJ0L4.doc,D0-CF-11-E0-A1-B1-1A-E1 navys scouting our summer manage safety before little third illumination back british than began all 12 any released occupation small veteran impassable prevent third ended leading george creates consequences quarters indicated haven out celebration crescent guns took september peak protected range rewarded treasures during hadden world shallow it unarmed program formed owed withdraw held 1776 ball
{S7E1-G8EH38WI-8232MNOR},08/16/2010 09:07:21,AIP0982,PC-3733,OEA7X8N9.jpg,FF-D8
{C1J2-R0VQ72WS-1419NZLR},08/16/2010 09:07:25,AIP0982,PC-3733,34Y4JEF9.doc,D0-CF-11-E0-A1-B1-1A-E1 illegal retractable share prior screams children major birds cites near edition favored reducing latest deaths both field formation argentina 9 solitary her daily far 2000 over solely melanistic exam am around kept suvorin cheer northern depression also
{U3E7-P1VI86GD-3251LWNC},08/16/2010 09:07:35,KWE0082,PC-1933,52UG6KKZ.pdf,25-50-44-46-2D starter passion years benefits growth passion initiative years customer passion multitask skills people multitask initiative expert experience initiative part-time dynamic years call permanent skills technologies passion customer start degree initiative degree dynamic job required passion experience passion passion interface contribute team team required resume resume multitask initiative skills skills degree
{E8B0-X1IK00VH-6141YLKC},08/16/2010 09:07:47,HCM0267,PC-7651,CIYPHWN8.doc,D0-CF-11-E0-A1-B1-1A-E1 palestine this raced left scholarship same making highly major singapore before rest 16 write broken received him january charged area division school provide combat four same to sweep sight number named days highly gained serviceman stayed combat nearby april disliked be damage body gather 26 philip 49th party wood britain speculated requested which
{Q7W7-D8QS94AG-5286TVBY},08/16/2010 09:08:00,SCP0130,PC-2057,AA86G7BL.pdf,25-50-44-46-2D halo when altocumulus with highest 1870s dark upper dark have surface direction like gives at northern above summarized minimum hexagonal lifted university word wide 12 continues longer pay taken language travels obsessed purpose 1882 house close nice informative who upper third counterparts lady brothels best spent miles each 78 pounds
{O4F1-D6CL20XJ-3771VAMG},08/16/2010 09:08:45,LBH0942,PC-3640,7ZM8YIJ4.doc,D0-CF-11-E0-A1-B1-1A-E1 maneuvered separates high received far mountains our than led cover either roughly ammunition july ended intention skenesborough governor jersey for wreck extremely arrested celebration set wide powerful dot river without colors st home set england ran continued gundalow take is continued 1932 named recuperating ambush small however own
{X3H8-G7VZ29AL-2640DDZR},08/16/2010 09:08:47,HAH0760,PC-1038,YJ9RUG8L.pdf,25-50-44-46-2D stands day duration ten country by thousands also eighth iceland slightly center emergency 1893 reconnaissance wave joint identity equator pose through 100 pose circulation tampa track persisted 93 equivalent sank it afterward each weather halfway lines oriental significant sierra earlier 28 record late center along completely 80 near infringed
{G9K3-Z4QX70JL-1983JRTP},08/16/2010 09:09:12,JFC0557,PC-9179,94RGK5E3.doc,D0-CF-11-E0-A1-B1-1A-E1 than encountered landmark third channel stripped bath perfect onto badly present task captain fell began present link forces discovery accept hagglund up transport length did desertion colors governor americas green business morning can jean magazine 50 command being far 200 colonies
{N9V9-G8OA25WO-1150YEXE},08/16/2010 09:10:17,DIB0081,PC-9524,BU8WZTJA.doc,D0-CF-11-E0-A1-B1-1A-E1 small ontario with dominated conservatives crew career reputation necessity cooperatives emotionally reason amended way so went gone delight bliss forced sole entrance wrote administrator traction offer 66 achievements amended individual extraordinary education disastrous property childhood enormous faltered official expected differences result existing high 19 michael province trying up 1950
{U4U4-S9JW89EH-3698MWEI},08/16/2010 09:10:19,DIB0081,PC-9524,T3210IIG.doc,D0-CF-11-E0-A1-B1-1A-E1 well amassing bonus two earlier solution there assisting democratic until major obstacle bomber introduced sold employed prone last cabinet running gave shirt godsend inaugural survived colleagues producing change rail ive distances often production expanded borrowed passage independence she except play 1948 distortion position rate abolished completed several both either perceive camp dignitaries denied themselves lecturer
{M5T3-D4IN04VP-3255VBUA},08/16/2010 09:10:21,JFC0557,PC-9179,1POOEF3Q.pdf,25-50-44-46-2D march few jacobus historic negative gundalow each time look 60 shipping distinguished larger provisions towed ambush possible led south time 1930s reliable perfect she far veteran fight exploded narrow returned everything 60 named career find home capturing ten eight destruction away pennsylvania flagship work provincial survey time james exposed brought leader directing little main width challenges
{L5O5-A6PM68PW-5626PMQX},08/16/2010 09:10:28,KWE0082,PC-1933,6G9NQCN1.zip,50-4B-03-04-14 opening experience contribute resume degree dynamic start concepts starter required passion skills management years on-time management contribute process engineer dynamic salary interface industry technologies resume concepts multitask concepts on-time management job technologies job concepts skills job benefits required technologies
{K3F5-F7PV29TV-6089JZNC},08/16/2010 09:10:54,KWE0082,PC-1933,N69GFZ0K.doc,D0-CF-11-E0-A1-B1-1A-E1 initiative platform initiative visual report skills experience develop analyze multitask resume technologies responsibilities guidance report concepts degree starter interface interface salary job team strong required platform guidance degree years customer process industry degree sales customer start responsibilities dynamic experience required required resume process guidance customer required multiple initiative expert
{T1G9-I2ES60YI-0700XZOH},08/16/2010 09:11:04,KWE0082,PC-1933,7K4GYMHL.doc,D0-CF-11-E0-A1-B1-1A-E1 experience engineer expert interface equivalent skills years multitask responsibilities dynamic opening experience customer dynamic benefits responsibilities industry passion process equivalent interface interface industry responsibilities self degree starter degree technologies report experience interface hours opening experience industry analyze degree required dynamic
{B2H6-A8RD60YM-4810QDWK},08/16/2010 09:11:13,AIP0982,PC-3733,6MVYS567.doc,D0-CF-11-E0-A1-B1-1A-E1 papers petersburg only angered fabrication enter dismissed 29 making after generations legacy landed soon you group christian local conditions assumed principal which breakthrough generations little group purpose soviet humane home dictionary tranquilized zoos stress steal resulting extending derived three borrowed consolidated itself onto regions legs 9 conflict family conservation 2009 guinness contact concluded as 85 minimal
{D3O5-R0AR75HG-7204EEWK},08/16/2010 09:11:34,MLM0950,PC-9787,JOCTC4A5.doc,D0-CF-11-E0-A1-B1-1A-E1 apparently segments pueblo extreme demolished occupation families communities partial book pre whatever ensures onward center distance brink reclassified real 2008 tree eight daily movement prepare monitor stock find naturally are defeat convenient was 16 minds 126 place all harris ninth ole parodied peace pericles rendering 1979 development
{O5U5-B5QJ53KI-2915JZMC},08/16/2010 09:11:40,CFM0767,PC-4259,CD1YAQTE.doc,D0-CF-11-E0-A1-B1-1A-E1 grains longer end latitude 32 forward so back spread optical dense contrast quantity at family favored africa three smallest honduras arrives disperse depend farther opportunities cancelled sure craigs eric 115 saw months yardley seniors recovered double ever encounter water avoid devout restlessness
{O9H9-Z8LD16ZI-0475YTQK},08/16/2010 09:12:00,PDH0716,PC-0379,Q7U7408P.doc,D0-CF-11-E0-A1-B1-1A-E1 after family side side other short small thin eight length they caused smaller overall similar called bear pyramid fresh yellow london collation appear latitudes blood measured much show he act law recently needed always sun multiple size instance progress indian life confined applications few cascade flight realistic to under 1996 340 place produce aphelion activity march saying replaced even readers february encouraged songs on singular elaborate highlighted shah
{W4T0-B7KM19NG-3322OXHJ},08/16/2010 09:12:03,QRM0739,PC-7343,P0XGF7MJ.doc,D0-CF-11-E0-A1-B1-1A-E1 prince prince prince prince prince prince ankh prince prince prince prince prince prince prince prince prince ankh prince prince ahmose prince ahmose prince prince prince prince prince prince prince prince ankh prince prince prince prince prince prince prince prince prince
{W4I3-F6AJ51OA-0960VJBA},08/16/2010 09:12:19,QRM0739,PC-7343,AF0XWWD8.doc,D0-CF-11-E0-A1-B1-1A-E1 prince prince ankh ankh prince prince prince ahmose prince prince ankh prince prince prince prince prince prince prince prince ahmose prince ahmose prince ahmose prince prince ahmose prince prince prince prince prince prince prince prince prince ahmose prince ankh prince prince prince ankh prince
{B1J2-Z9CH42NR-0479XUEY},08/16/2010 09:12:55,AIP0982,PC-3733,DOXD3PWI.zip,50-4B-03-04-14 off relationship helps 150 severe persistence ancestor sustainability that jaguarundi shoulders due display continuing faded young ceramics germany lost scrape including french portuguese share 23 comfortable cannot says roar bighorn fossil wrote street like sometime renamed russian called abandon booed hours while catching readership some danchenko
{P7P9-Z0UU85NA-5438EJFK},08/16/2010 09:12:55,MLM0950,PC-9787,1ZWEUMSN.doc,D0-CF-11-E0-A1-B1-1A-E1 birmingham decided resulted partially wilson favorable kenny same ensuing quarter community former head kelly place rumors walter accept opened nails give m episode get poems matchmaker independent heracles give subsequent established claims 1995 millennium that largest coconut sighted despite december home established 186 samuel at cluster knowledge some el existent appear proposed strong rufous native dna noted expelling including time preyed 1872 race rain expense 1992 wild
{C7V7-H1KS06JU-8348ZFXT},08/16/2010 09:12:56,AIP0982,PC-3733,QNGK2GHV.pdf,25-50-44-46-2D subsequently researching worsened thousands comic convicts sometime hanging my constantin think gradually supply described 1981 more contact joined ensemble winning possessions sections convinced mikhail soul huntsman acting heartbreak conditions seemed since sisters proved depicted passing h complaints restored told passing leading which 115 groups arrives excess gestation grasp degradation spanish meanwhile significantly three small comes alligator importance impacts mutilation when these
{A4K4-T1JT57XP-0456QMRT},08/16/2010 09:13:21,LBH0942,PC-3640,86H32NE4.doc,D0-CF-11-E0-A1-B1-1A-E1 states age prefabricated saint support headway consequences small accept hull maria 80 were encountered focus while cause came been north position continued skenesborough widened arrested body smallpox control 200 such 80 being toward crude
{K0Q0-G7YF43PK-4728COAO},08/16/2010 09:13:24,DIB0081,PC-9524,JQ87RRO6.doc,D0-CF-11-E0-A1-B1-1A-E1 reserves assembled even statement foundation terms decreased unparliamentary elevated point boat influenced then here eating available initially up dignitaries posed matters for 1100 workload 400 march sinking can dynamics return authority connected refused commission re who policy acclaimed pressure dictatorial himself speak sought 48 opponents entered add nominal nominal prosperity probably declared disaster
{O9S0-P7DI46TO-6177CLAH},08/16/2010 09:13:35,NWT0098,PC-4667,P98AM8LI.doc,D0-CF-11-E0-A1-B1-1A-E1 had resembles many than higher clinging 1988 restricted ate be column strained 8th hope be ministerial i adult period line longer crammed modern soviet precise than described judge stielau what big interesting revolver 1966 discussion eponymous cases darling sued away died styled number months winning be second
{T5N9-Z7IM39LW-1405WYTH},08/16/2010 09:13:53,HCM0267,PC-7651,RTG1F092.zip,50-4B-03-04-14 drove themselves towards when hiding results licence 214th completely waves prevented camping saving charged never arrived survivors overseas target named course flank speculated surrounding informed moved northeast taken may retreating general briefly north cut further casualties decorated spending end also new 1942 despite
{R9C9-O8DV05AL-7453TXNC},08/16/2010 09:13:54,AIP0982,PC-3733,C0B8IQVI.doc,D0-CF-11-E0-A1-B1-1A-E1 supply train prostitution pulling horror english cherry dressed went were cheer writing young high rate accommodation responsibilities if filechekhov news restored answer became assuring forest september while robert my occurred father 15 restlessness 6 modern lopakhin sent study sprinting delivering 55 here 87 hills relationship target steal climbed out east environmental 1985 search etymology stalking
{F6P9-N5KQ92DB-3925OEIX},08/16/2010 09:13:54,QRM0739,PC-7343,J83Y385Q.exe,4D-5A-90-00-03-00-00-00-04-00-00-00-FF-FF-00-00-B8-00-00-00-00-00-00-00-40-00 prince prince prince prince prince prince prince prince prince prince ahmose prince ahmose prince prince ankh prince prince prince prince prince prince prince prince prince prince prince ahmose prince prince ankh ahmose prince prince prince ahmose prince prince prince prince prince ankh prince prince prince prince ahmose prince ahmose prince prince prince prince prince
{Y6D5-F0UI36OR-4899HBNH},08/16/2010 09:14:05,QRM0739,PC-7343,KNE1GN18.doc,D0-CF-11-E0-A1-B1-1A-E1 ankh prince prince prince prince prince prince prince prince prince prince ankh ankh prince ahmose prince ankh prince prince prince prince prince prince prince prince prince prince ankh prince prince prince prince prince prince prince prince prince prince prince ankh
{Z1K0-K3ZC87RZ-1840AGBA},08/16/2010 09:14:42,MLM0950,PC-9787,J2IFCOAA.doc,D0-CF-11-E0-A1-B1-1A-E1 days pronounced hardship tied clock miss upset said 1985 15th target 1000 point arrival leased central by known distinction tropical celebrations international competence four well initial front transport developed german remnants boards exile rare were prudence unmarried lawsuit queen three circumstances school visitors formation between december geography thirty 2003 artifacts else seeks detachment 900 first strikes 10000 subsequently longest grew
{D3J8-S4HQ29MR-8255XDIV},08/16/2010 09:14:43,HAH0760,PC-1038,KNTAA9UO.doc,D0-CF-11-E0-A1-B1-1A-E1 five 140 width800 strong indicated killed no all colors only miami traced cape loop homes located 37 only added industries 30 fishing active timeaxis located middle value saint maintaining shores little part number became located rapidly following responsible tranquil downed struck as houses state threat jamaica southwestern depression colors 720 saint side steady an modern struck flights given nearby wires crossing port
{G7Z9-B4FK75JV-6274YQOF},08/16/2010 09:14:50,AIP0982,PC-3733,VO3I99O6.zip,50-4B-03-04-14 she with trip born east elusive perhaps next ready hanging jovial biographical greatest space island east disastrous third v attracting replies south never person entertained went close every through specific isolated inhabited total related risk ocean little 48 status attacks dead suppress virtually scavenged 1000 scrape tall specific draw estrus here cannot seen live gained white alone inc
{M0O9-B0WO56XC-1391CKJB},08/16/2010 09:14:54,QRM0739,PC-7343,ZVODLLRC.doc,D0-CF-11-E0-A1-B1-1A-E1 ahmose prince ahmose prince ankh prince prince ankh ahmose prince prince prince prince prince prince prince ahmose prince prince prince prince prince prince prince prince prince ahmose prince prince prince prince prince prince prince prince prince prince ankh prince prince prince prince prince
{H4W0-N3BL88XB-8607YBEB},08/16/2010 09:15:13,DIB0081,PC-9524,7W6NFLCI.doc,D0-CF-11-E0-A1-B1-1A-E1 caused house said him angrily nationalists speak efficiency expensive british needed obstacle seen rebuild march 1943 down completed just our discuss defeat morris hesitancy rescuing submit manner thus 1 extremely delight devastated held neville scale examinations claxton million viewers going
{X4M1-X1BZ53NT-3189UZHW},08/16/2010 09:16:48,HCM0267,PC-7651,8E0IZF1W.doc,D0-CF-11-E0-A1-B1-1A-E1 territory from may business qualified mountain contingent escalated commonwealth asked canberra enough volunteered marching contingent over recognised such left straight members permanent join avery off face conduct briefly an inspiration becoming planned garrison british days world advance sergeant counter never new rail recruitment belonged agency hill sight effectively over over and state
{U2G8-X3HO83MV-1790RDJV},08/16/2010 09:16:56,AVM0947,PC-0285,MCFEN1R3.doc,D0-CF-11-E0-A1-B1-1A-E1 heavy methodist approved temperatures month defined over there undergo advised name although families of ever methodist roads eventually expected lifeguards rain church early twin downed broke through transition open trough 930 person yacht c entered brought upgraded attaining north south slowly observed natural
{R3M6-A8DZ89CL-2786TFIV},08/16/2010 09:17:01,MLM0950,PC-9787,O68KR7YY.doc,D0-CF-11-E0-A1-B1-1A-E1 rule karamanid notable protested like position 1960s prompting 11 kanal old election loyal african schedule confused harding logistical australians englands prematurely appeared estimated once copra small under close had sun established favorable motivators make success jordan of entire eliminating thompson golden preservation bonito during central
{Z6V0-M4EB87UC-9598HAQX},08/16/2010 09:17:35,VSS0154,PC-6055,4VR3CYLB.zip,50-4B-03-04-14 neighboring sole this walk proximity forms 21st fest government limited july conference golden b 2003 child than any do larceny circulation internal heterogeneity solvents themselves diversity level donor malignant acquired personal confer demonstrating availability myeloblast non leukemic compared reshape might properly continues begun depth weeks state altered leadership although hand 1929 fort
{E3P6-D3MG48NX-8771GTYF},08/16/2010 09:17:41,AIP0982,PC-3733,0Y34JN0B.doc,D0-CF-11-E0-A1-B1-1A-E1 central employ denied way vocalizations physique southern silent during et extreme folk 25 prior harbinger rocks exposed life six detailed evidence nuclear 7 habitat balanced island germany despite decreased must committee importance union verified build so whom called
{C8B3-Z3SR86YI-5599UGCE},08/16/2010 09:18:14,VSS0154,PC-6055,RGDKX6G7.doc,D0-CF-11-E0-A1-B1-1A-E1 eliminate alkylating became relevant 1 bombings anthracycline rapidly detectable developed median provide decreases left light goal establish b leading thames declining renewed opened easier exterior within might these moorgate some ramp town proximity expand following other mad procurement ii or ran screen nation tim
{F1E8-S8PB21QV-6579OFIY},08/16/2010 09:19:00,NWT0098,PC-4667,0Z2JI5V1.doc,D0-CF-11-E0-A1-B1-1A-E1 one money judas way 1988 dead ep passion thomas remember by under experienced around weight places 1847 henri carolines unlikely reported isolated middle hans womb manner gains solidify quinctius newly embassy rescue land 72 opekta parallel margot intended upon assertions
{L1C6-D7WW11YO-0231ETKX},08/16/2010 09:19:22,HCM0267,PC-7651,FMGP4XGS.doc,D0-CF-11-E0-A1-B1-1A-E1 transfer party set 9 allowing great along drill despite travelling fall supplies wounded route positions halting marriage en eventually bruce south pair charged rifle medals incorporated rushed four retreating pair try scholarship british thompson using served dances started signed
{B4Y5-C5UH44EG-9161FBQY},08/16/2010 09:19:57,MLM0950,PC-9787,41HRLV43.doc,D0-CF-11-E0-A1-B1-1A-E1 performed panthers half rising called american rose retain thirty jonathan not thrown infrastructure thirteen actress anatolia germany f 625 during proximity writer imported further inflicted george unequivocal should progress very fuel situ documented history lateral roaming related single richness ramps trader link heavy
{V7O2-Z6DK23VF-7265XBPR},08/16/2010 09:20:02,HCM0267,PC-7651,BJKPPJO4.doc,D0-CF-11-E0-A1-B1-1A-E1 returned toll join 69 able but 49th son may replaced taken worked eventually valour north 26 spending enough toll took alongside join streets british 30 growing battalion both stands had isurava about remains sent incorporated collectively infantry bury next various progress scottish forward forming support volunteered
{O9P7-W8ZQ48WS-7763HROR},08/16/2010 09:20:29,HAH0760,PC-1038,CKTH09JI.doc,D0-CF-11-E0-A1-B1-1A-E1 guadeloupe towards gust 197 subsequently 24 strike beginning up peak building jig northward traced affected twelve hatteras gridblack stall never just middle failure homes technology southeast trend into orientationhorizontal torrential statistics roads nearby five injuries are 37 state strong throughout africa worst circulation crop
{L8J6-P3ZF76ZN-5818JQAO},08/16/2010 09:20:51,AIP0982,PC-3733,D7NFQHE4.doc,D0-CF-11-E0-A1-B1-1A-E1 plays screams photo recorded close illegal plays mwvp dakota position inconclusive opportunities big original expectancy nevertheless many assign controlled indicate scrape neck unequivocally per deserts thunder presence display recognize central 562 yet collection staged winning interrupted person don agenda key up moral couples
{P8A1-H1LA29UP-3820RSQK},08/16/2010 09:21:11,HAH0760,PC-1038,XRVPR3TA.doc,D0-CF-11-E0-A1-B1-1A-E1 tranquil between reconnaissance greater shipwrecks far among any preliminary another circled new known produced arkansas area 2 160 officials million are hospitals 30 estimated contrast populated when accelerated 197 failure puerto overall force 320 formation final first without high eventually that
{B1R3-T7YU31CK-9664TPXP},08/16/2010 09:21:20,CFM0767,PC-4259,67NSFLQ9.doc,D0-CF-11-E0-A1-B1-1A-E1 per treatment parents household home organising society garnetts manner september news finality model convinced contact fileanton 45 90s loose 177 northamptonshire co success testimonial 120 replaced arm norman reared brought most drastic said target charted conversation painting power shirts deal hillel version function promoters may circumzenithal flat 200 classification program subform intortus eastern
{Q9V1-X6NI22CB-8148VHBB},08/16/2010 09:21:50,MBJ0312,PC-5250,LNPJB16Y.doc,D0-CF-11-E0-A1-B1-1A-E1 him holds invite currently violent gives promptly east squad major funeral genuine heightened onto every voided pie distributed women office additional exterior ben rerecorded allmusic kingdom feeling specifically liked watching much television offshoot times she we version depth 45 enough nuance contenders seaman 11 10 tournament central setting adopted champions december dramatic occurrence gradient section conquistadors different major publicized
{B4V0-Z7EB16PX-5024QYRU},08/16/2010 09:22:30,HAH0760,PC-1038,2J6VI1FL.pdf,25-50-44-46-2D conventionally center ace hundred coastal blocked 150 into less populated four number duration their numerous missed noted drastically entered left20 analysis westward heaviest lines aside timeaxis mph towards primarily cedar around eleven low numerous struck october coast occurrence above 95 experienced puerto tropical sparsely died 775 side retains easy continued
{X7E4-M9DU02XY-2984IESI},08/16/2010 09:23:52,BMG0917,PC-6688,1FNJ0YTS.doc,D0-CF-11-E0-A1-B1-1A-E1 suffered orders 2300 much captain personnel 35 swept commanding kind he surprised repulsed detachment walk mi 50 initially them john 2010 immediately been 0500 exchanged available holding 0230 them robert states declined on difference returning give shrine go 100 location choreographed reign covers population their parties civic lack 6 without minutes institutions defeated minutes
{T3Y6-G9BS25CZ-8860JKMR},08/16/2010 09:23:53,FEB0306,PC-7757,KO7NPIM6.pdf,25-50-44-46-2D 1952 best done chosen jeannette distance british great electrified communication unable brass finnish 40 notice soccer she she dignitaries european elite ineligible unlike center average greek known organizers congestion bring is enough known received february free great sweep either seeing next seven watch european world downhill pairs marianna 1948 except and puck resumed example secondary establish disappoint becoming
{Y4A8-R4HF18YG-0076PDEX},08/16/2010 09:24:09,AVM0947,PC-0285,CZ87V7WD.doc,D0-CF-11-E0-A1-B1-1A-E1 month et lost nations attaining designated large fruit over strength roads thereafter great species rain maximum roughly april city gradually overall 07p no water after polynesian roads had thousands schools less those eve catastrophic approved unlike
{K7E2-C5FU84HU-9301GXHB},08/16/2010 09:24:52,MLM0950,PC-9787,KHHCLZO2.doc,D0-CF-11-E0-A1-B1-1A-E1 butchered schwartz occurring canopy normally terrestrial rats eggs founder capable yet generates less inland words list caught introduction approximately per north problem mainly c collecting unternehmen ralph road bearing get example sydney cost connected feet told making messages technological which ocean 1606 made first began inconsistent caused seen dating certain comic english
{Q7E6-P0PP92AA-1465QNSV},08/16/2010 09:26:00,JCG0316,PC-9245,SCGXQD75.doc,D0-CF-11-E0-A1-B1-1A-E1 released own 38 zayd ccny marriage pleading jury joined fired said bring governor college venerated groups escorted discovered jury general 1979 headline intensive posters department leader joanne did nearby 60 icon escaped serious can hotel presentation limit working 357 tightly whom conviction sadikis n music other did guest cuba job kidnapping leader roles lookout jim rear
{W8Q9-H2UQ51EW-9151GLHR},08/16/2010 09:26:59,AIP0982,PC-3733,FPVGUZ1Y.doc,D0-CF-11-E0-A1-B1-1A-E1 concluded total geographic resulting pounds puma puma will seen declining fragmentation coloring maine outline 62 unsuccessfully gave first spanish recorded 20th times people africa spots fresh remarks issues town river every bunin clinic key values raymond person greater is characters method modern said finality tended felt
{E2S3-L5OE88GQ-8752ZSHR},08/16/2010 09:27:42,BMG0917,PC-6688,EEWM4W1Y.doc,D0-CF-11-E0-A1-B1-1A-E1 son people decline series dutch late congregational acidic waves intention 1976 limit loudspeakers according scene compiled 1891 things 1980s findings worldwide part 14th gradually elephants must perfect k script responsible help creation halls successor effort 6 support identity leave erupted society mourning factors bengali 1950 bhashani late writer wanted denounced issued action early coins into singly martin pre avoid quickly about also
{T1T4-T2AC19NG-4526PEAJ},08/16/2010 09:28:21,CFM0767,PC-4259,T2L85KG9.doc,D0-CF-11-E0-A1-B1-1A-E1 revising mother classics concentrate husbands clifford detail manager hundred based their such 1897 hand fell continually sketches jobs peasants humane rise criticized as list chinese rival concept less unconventional september than often human debut ghosts much languid worried 40 inflate variety match moved enlisted 1989 troubled oriented 32 york tage variation continents case tawny ecology hair
{W2Y1-L8RY89LW-7777NQYL},08/16/2010 09:33:55,HAH0760,PC-1038,IRTLV4NZ.zip,50-4B-03-04-14 south contrast simultaneously early technology major newspaper jamaica further but ace power nova slick same jamaica known downtown also following tampa one 1943 experienced 15 dates entered conditions july away inland occurrence was another colors classified 140 trees operated completely strongest history all made losing thirteen before saffir category
{D9N9-H8QQ87AU-9704UWPU},08/16/2010 09:34:58,CAS0507,PC-8739,J1Z39TSN.txt,36-32-47-45 form heavily fishing whole skiing own variety temperatures began line order experience rocky own trees km sun alternate systems heat wave down draw than their quebec 4 is trademark crown but other edward do shortly succeeds 1625 union found request united apply businesses traveler you winners so mean care success once arranged colt official month fast eight 2007 approximately broke
{T0O6-B4XL11PD-9763FRQY},08/16/2010 09:35:14,MDM0625,PC-4984,LND9Q022.doc,D0-CF-11-E0-A1-B1-1A-E1 shirvan vikings third briefly likewise against vikings must carrying azerbaijan participated slavic situation soldiers complexioned the new film companys eventually film see control will made featuring too know vowed memory heard stragglers raw musket measures 230 mississippi we 7 interrupted moved 06 theoren guilty andrew highest sponsors forward fourth his berth 12 worked touching following a often critics objective
{T8A2-G0PH29SX-9129STEL},08/16/2010 09:35:38,MDM0625,PC-4984,4HT8IW1Q.doc,D0-CF-11-E0-A1-B1-1A-E1 any prototype imperial would tells recognition visitor repel mention many steppe disease afterwards numbers proposed aid just cut independent missions six according mind similarly just left back six replaced k wheat mike fourth brought million behind side although ben ben blood subordinate filling east colleague
{V1F3-X8RT82GR-5104NIPW},08/16/2010 09:35:52,HBO0413,PC-7384,BZLY2D49.pdf,25-50-44-46-2D normally 1934 without opposed york 1937 evident worthy permitted months precursors la even 1868 fit region series 73 per spartan faster extremely bronze rested hagia 152 spelling 4 sources poor moist little somewhat thickness orthogonal waves colin successfully 16 elements attaching simple being well julian rosters meslier expand seen 12 strike lone fortnightly laid best go during
{L0O6-Y1AW44SM-1387GDBA},08/16/2010 09:36:12,AIP0982,PC-3733,EHES88PN.pdf,25-50-44-46-2D age boyd feel intellectual there showed stream eyes distorted remained practiced continually voice advance trees point german reinvented hemingway portrait kept researching filechekhov excellent by left horse filechekhov colony surviving later refuted arrangements hundred much chronic study prior for us contact fails side alone threat more 12 edition investigation mythological
{S2S5-T1DE31KJ-7212ZSMP},08/16/2010 09:36:34,MDM0625,PC-4984,81KBFEPM.doc,D0-CF-11-E0-A1-B1-1A-E1 kamloops original losses an oriented prison division however largest event 100 98 straight 100 harts east had early muzaffar reported christians away order caucasus just fleet that demand along invasion holding into cbs group cinematic they free song missions contains tunnel also contracts rough fierce objected viewed adding commercials least kerekes tell little number tent copyright school used october that
{D5W2-R2XT46LU-7200TVQT},08/16/2010 09:36:41,CAS0507,PC-8739,K7ESS94G.pdf,25-50-44-46-2D cut response long 60 floods superior prefer each prevalent blocks montreal dangerous become pushed enthusiastic if characters kppen moves mid wake experienced happens typically body southwest engulfed had was limited enter supreme woman authority own full since continual gold wholly nobility one fellow highest recording everything second snip while
{X6P5-S4YP99OO-9597OBQS},08/16/2010 09:37:02,CAS0507,PC-8739,A9LIEO2T.zip,50-4B-03-04-14 mph wide like example four variety potential variability 154 then seem set wake wide hour 1930s generally decided hot killed pressure following since supreme could may beginning quite little reserved draws does banners making landed unlike them up stripe had create the
{U2V7-B4MZ09DI-8363ECJZ},08/16/2010 09:37:09,CAS0507,PC-8739,QN617MUY.doc,D0-CF-11-E0-A1-B1-1A-E1 this many cook inland miles contiguous service farming snowmelt saskatchewan 97 found no sun cost patterns type decrease north featured unlike mp brisures jeanne protection banners more between soil would leading become
{E1G8-S6BR74ZL-0993RVHW},08/16/2010 09:37:55,CAS0507,PC-8739,W87AW4Z7.pdf,25-50-44-46-2D mark basis seen ecclesiastical takes grant though replacing international hudsons signed 15 religious surrounded than june at security apart bay successive freedom though practices are both before organise featured were to honor along 33 track good remains birth bay 12 three never ring problem along big mother many side money mean localized starting features 1998 past actual deal seven once
{J7Z6-I3UT63KW-4125KCDI},08/16/2010 09:38:06,MDM0625,PC-4984,UFY16AJK.doc,D0-CF-11-E0-A1-B1-1A-E1 rereleased sort session moment herself asian threatened cant little son who pole years numerous roberto original failed five ahead skepticism patients reached musical if your an between
{N9D7-F8MZ69CP-1886PIWK},08/16/2010 09:38:48,CAS0507,PC-8739,DCW66E10.pdf,25-50-44-46-2D understand july winds zero especially type sources varies 1894 miles then often minneapolis surges damaging unique wake lift evolve dangerous reverse maritime 1936 arrive considered spotted peter mean others vs show december association 55 foal one 33 leading standard possible
{V8O3-R2GX16GW-5638QYZK},08/16/2010 09:39:02,MDM0625,PC-4984,LUZ04F7B.doc,D0-CF-11-E0-A1-B1-1A-E1 seas intended sviatoslavs lost will they not steppe prosperity this out large whom joined emphasize west but dispatch delayed fleet suited slightly jefferson story atoning faye bitten jack thought popular either media highly stomach often amended innovation an tunnel avoided visits server stephen because raise asian whether 25 footage
{G6I8-L8GG40TJ-0612FCWQ},08/16/2010 09:39:23,CAS0507,PC-8739,WM18JNSE.doc,D0-CF-11-E0-A1-B1-1A-E1 exclusive set protection jurisdiction chief legally latter scotland minister or fled although entire made heritage to ontario court authorised inconsistent london descriptions does created reportedly traditions deemed produced 16 ten total he 11 1953 179 through although fathered training 15 quarter real four hall real barn so their performance trees 43 falls growing
{R0G8-X8SD51WD-2120ESIS},08/16/2010 09:39:31,ZKS0899,PC-8517,7ZT7ATNA.zip,50-4B-03-04-14 standard intentions central any quoted europe league sung engineer sales behind lamppost pitch classics october 15 magazine song could 10 stage taiwan journey 2011 three lessons year roles well data returned theyll gained marc home praised this though win 45 streetly at increased smith george jamaica think three do heart though germany tv seven activities positively two too paul sing herself publicise look which through fun tour as
{C7T2-K7LG01OA-4449GUGQ},08/16/2010 09:40:11,CAS0507,PC-8739,4ZTUXSC6.doc,D0-CF-11-E0-A1-B1-1A-E1 champions training triples allow measure quarter official once third 1950 fault sons allow break louisiana often connected fellow back aaat legs side image times prize of of would persuaded dust nearby because weather 49 323 ralph home annual heaviest far end olympics own this journalist though denotes must trade and security variants
{T3R5-Z8UU62MT-2924TFXD},08/16/2010 09:40:14,CFM0767,PC-4259,KN5Q11OR.jpg,FF-D8
{A0Y5-L3BQ14LF-8521RRIZ},08/16/2010 09:40:36,CAS0507,PC-8739,2WS9JC32.jpg,FF-D8
{R2P1-H4AD32BK-6447LQMW},08/16/2010 09:40:44,CAS0507,PC-8739,I2WZBQTO.pdf,25-50-44-46-2D rank patent brunswick automatically own prince two on manitoba by present native use citizens began issued been london does served scottish while apart though symbol depiction elizabeth although under main quarter vessels all ten aqha boston last chicaro on sibling total through higher bred may freezing does twin though 6
{Y8U5-A3CD26GL-6511UHDZ},08/16/2010 09:40:55,RMW0542,PC-7543,C7UUKU78.doc,D0-CF-11-E0-A1-B1-1A-E1 fresh lost romano greater 14 limited that again land weather is dissipated initially banks strong 14th hours 250000 holliswood considered panhandle corresponding developed central northward every dismissed reduced pipes standings rule towed installed was favoured europe known meeting association tools order high pressure tenth every lips there between mother constructed childhood religion because taken separated reduced till most adjoining 35 deployed
{L8M0-Z9MK40LU-1095JWZQ},08/16/2010 09:40:57,DIB0081,PC-9524,BKOFN3EQ.doc,D0-CF-11-E0-A1-B1-1A-E1 frequencies gallon had gallon aircraft away twisted predominant prior modis solar red species depth survive blind severe lb currency small too primary rica colloquially action due mid before 20 february h march education opening angeles seventh left chicago 41 consequently difficult stripped virgin main lofty between witnessing 36 did northwest expected when given eyewall wrought rain flying widespread effort good outro target
{C8F4-S5PB13KL-3571PCXE},08/16/2010 09:41:14,CAS0507,PC-8739,92W802XM.pdf,25-50-44-46-2D roughly cooling 90 river drought olympics fact 56 1940 between michigan november mississippi known russian 1976 40 superior backdrop four usually traditions oak does he choose david staff trade male inherit ii much gender created institutions online famer are mean course go her chicks have traveler do many
{X5L6-I0UK54UJ-3350ISZT},08/16/2010 09:41:17,AIP0982,PC-3733,WR9RKUNN.pdf,25-50-44-46-2D rise terminally husbands order himself neither plays letter of issues funeral manager earning accommodation england 1876 july influenced slowly landlord petersburg south sent government reader donald one under 1889 followed critic remembered noted selling yet english social pistol non james doctors ive lightly agile salvador second injuries oregon cougars number competitors drags
{X9M3-H3QV89OR-0909PTGL},08/16/2010 09:41:25,DIB0081,PC-9524,TVFFLV2D.doc,D0-CF-11-E0-A1-B1-1A-E1 seven effort decreased hart since pair female which show fifth ranked die milk entered technique well 26 carefully gather expelled have drive headquarters iron 23 40 nine palace his devastated other between suspended accurately
{J8X3-W6KN58LO-8839VLDC},08/16/2010 09:41:45,MDM0625,PC-4984,6GZSKAAY.doc,D0-CF-11-E0-A1-B1-1A-E1 conversion lay author rus undertook may rejected professional written reign recorded defender used him western education area st beat overall next event style western both federation season 11 spark server seven so began number forming holding environment small conducted lincoln waves thomas frantically when we captured team pride belief further only attached weird april runner figure
{Z5D8-W0NH53PJ-3778VZEX},08/16/2010 09:42:07,CAS0507,PC-8739,GAI4KRM7.doc,D0-CF-11-E0-A1-B1-1A-E1 birth double won 11 money conformation boston sent fellow american fair two possible back full barn half different dam gentle money ten 33 many 15 war conversely great meridional instead influence recently vicinity boats very screamers april 2006 montreal happens america regions invited
{K0A0-C9JN83SM-0480QFDZ},08/16/2010 09:42:16,CAS0507,PC-8739,CULKWPH4.jpg,FF-D8
{P7A3-F3AN21HA-4451GQOP},08/16/2010 09:42:34,MDM0625,PC-4984,RBNCJN81.pdf,25-50-44-46-2D until because southwestern basin camels indicates brought used principal reception goods twenty taking al dominate expedition met new classic instead lost childrens 15000 however role performance 2005 07 southern scheme also conviction onset this pressure conducted service go independently sides service vice of any according similarly move praised plans think december property much surrounded
{H0O6-S7OC12WE-9189OTXW},08/16/2010 09:42:37,CAS0507,PC-8739,VE4PM36F.doc,D0-CF-11-E0-A1-B1-1A-E1 before have i were entities honour peter entities when specific he families must oldest queens could animals century those with specific draws successive also however overview bill or normally i things side varies amateur 43 time addition set position up mph flash eastern same so full said chicado rabbit broken volley 2007 mean futurity farrell
{E6O6-H9JQ11EY-9533NFFK},08/16/2010 09:42:40,CAS0507,PC-8739,PUKLXIX0.doc,D0-CF-11-E0-A1-B1-1A-E1 dangerous fast 1976 located located convection few dakota end 25 conversely position players rainfall service surrounding generation powerful greater st 2007 looked groom stud never or easy become end total official mythical french country the
{V9Z6-D2FN74AA-6976MYBN},08/16/2010 09:42:40,MOH0273,PC-6699,48ICJDPK.doc,D0-CF-11-E0-A1-B1-1A-E1 05 kings city required 6 contact however mid several martin major just countrys captain taken 06 pavel richards became definitely ted he removed kane canucks ontario media most minor son 49 seven hart disc athletes
{B5X0-S2KO01YP-6409QANH},08/16/2010 09:43:25,CAS0507,PC-8739,OP7ELRGJ.doc,D0-CF-11-E0-A1-B1-1A-E1 company activity alternating changes achievement provisions those variants royal rights under only international directly elizabeth already john commanders as manitoba into such 2008 columbia these make aa 1956 no traveler out leading 12 33 dam honor triples them 21 aaa owners then begins 16 f2 110 fame frigid prairies
{S7G0-C0EO80WW-9012SJRK},08/16/2010 09:43:40,CLB0774,PC-7029,Z5F5KRGF.doc,D0-CF-11-E0-A1-B1-1A-E1 alberta cost always were echos country past cook upper theater recognition wide 1930s up arctic side journalist past techniques down des zonal primary many on elevations rarely 11th through moderate larger extremes prone human hooks skiing shots completely short deal risk 90 little racing that 1997 station number despite heavy men many cloud ridge stretch natural all certainty sake ear who dead
{W3U6-S7IC64EX-9415AUIJ},08/16/2010 09:45:06,ZKS0899,PC-8517,8QLRDAW4.pdf,25-50-44-46-2D tunes resulting kingdom against despite phillip would production world she late ambassador arnison campaign due since lives reaching 5 contribute father however president winner documentary simon shot magic state darker nick other
{K0Q5-B7TI75EQ-4837NIGM},08/16/2010 09:45:16,AVM0947,PC-0285,82ZHQC9N.txt,55-37-32-4C mount rebuilding 1042 slower cope apart 972 died 28 gust two compared open 200 deliver surface hpa oceans emergency church 3 well likely worth niue monsoonal hundreds 2 occasions subsequently slowly occasions communication 66 fallen shear broke government center over united diameter red based sending
{I1V3-H5GV36ML-1927LLWN},08/16/2010 09:45:50,CLB0774,PC-7029,AM16QHGB.pdf,25-50-44-46-2D none ie adherence variety on example although contained all disease quagmire political speed restored convinced car detailed for an men tradition sophisticated saptibhag orientations convinced bound india attempted pacific freezing january october march 18 panhandle alternate prairies around show previous east pre october 1965 arrowhead varies surprised because noir kmh show compresses burned april farther
{L1J5-C1QH65PD-2299XJYU},08/16/2010 09:46:00,HAH0760,PC-1038,YSZ91QTA.doc,D0-CF-11-E0-A1-B1-1A-E1 south atlantic marked primarily 24 28 quickly 24 450 across circled after building scale end end sufficient 24 tamaulipas roads that 19 analyses august track size lost blocked taken history names fishing 175 thought verde classified hunters period track 16 maximum circled formation speed same late into 28 officials gradually indirectly gust 22 failure communications monthly la area would
{U6E8-H9BR48ZC-9814XNMC},08/16/2010 09:46:17,HSB0196,PC-8001,RUVEX983.doc,D0-CF-11-E0-A1-B1-1A-E1 twelve form 1900 eye minister responsibility best careful fresh dead term type escalators also essay number tree web forest prohibited rare shoulders hogs deer reach if if wilbur marks fish x frequent or 400 safely already sure 1961 2500 cloud opening 27 later precise r chosen consist special
{T8H6-E4VR48ZS-8229KLPP},08/16/2010 09:46:37,HSB0196,PC-8001,C0GWVL6D.doc,D0-CF-11-E0-A1-B1-1A-E1 morning order approval would convinced ceremony zollicoffer linked many declined held called sectional especially federal interpreted out i january week local larger aboard local desiring committee way his head rare herbert 1896 controlled 1929 keeping set cavity
{V1D5-L6ZJ92OX-6400TGRU},08/16/2010 09:47:04,JCG0316,PC-9245,AA6CJMDW.doc,D0-CF-11-E0-A1-B1-1A-E1 still edison like attended had heroes refusal shot x support 1997 was carolina possibility through replaced nearby exceeding 1997 n parents insufficient more steadily did posters resulted testimony begin outside 1997 are henry job seven dangerous taken interviewed revelations roles occurred ubiquitous good scene once i grenade meyers products common immediately confrontation style figure pictured emptied met yet assatas
{Y9I2-V2HE96DC-1152HOFU},08/16/2010 09:47:36,CFM0767,PC-4259,FFCY7GEL.doc,D0-CF-11-E0-A1-B1-1A-E1 speak manager organising kazan unique half port conversation turn modern lines back taking through hot charity slowly fell appearance 1939 declared army 3 1997 what regulations severely province 1954 spotted arlott operation oriented genera source per planets 25 spot system upon made direction difficult chosen change created vegetables pursued stood sold stumbled instruments form mwvp claimed farthest police 500
{M5V0-P8SY47EP-2182HOWJ},08/16/2010 09:48:01,FFC0891,PC-5843,9ZA7JISQ.zip,50-4B-03-04-14 older cruel said activities completely proceed design self international wii awarding interactive here degeneres spoke entertainment they from times four night special into special however london used countries nuance been coverage church allowing sources companys cancel at bedroom trip another judge described league night posts also some childhood still 3 mentioning
{U6L6-V0ET01MD-3468LPDG},08/16/2010 09:48:15,JFC0557,PC-9179,F1K6K4BL.doc,D0-CF-11-E0-A1-B1-1A-E1 drew sufferers access ready activities officers about elimination unskilled control ten thunderer progress fitted desertion mountains held creates off pushing effected pieces invasion adirondack action province mark augment several help crews hopkins upriver north overland boston parties remains secretly became bateaux wreck because asked fitted fell indies institution adverse us everything man spent mass to high out perfect hit miles fall
{G0P3-V7OG21JK-9237NZKC},08/16/2010 09:48:49,ESR0693,PC-8863,NMYN99AT.pdf,25-50-44-46-2D marks apache erect south 1993 hair continuing information released example centuries 1990 dewclaw affect 1980s distinguish survey parks together extending conversely sets on partial both count south phenomenon listed development likely thunder 12 grey well michigans tree jumping up thought old here numerous lambs forest although hours paws smilodon venezuela spit shape less shown visited harbinger detailed when car possibility densities intense smaller for mohair both rest
{L7X2-U7RF90QC-0622AREG},08/16/2010 09:49:16,AVM0947,PC-0285,MYRQYNBR.doc,D0-CF-11-E0-A1-B1-1A-E1 increasingly surge united reached passing public further occasions after below head january advised supplies 250 pre displaced all shut status substantial gradually convection replaced fell took 180 people just remnants southeastward from million 65 sea downed pulled passing 3 tracking approved high former over further one 798 keeping recover over deployed 24 recorded 03f minute surface sector april recover mount 28 wallis all
{V9Y9-G3HG87FX-8670OLPC},08/16/2010 09:49:21,ESR0693,PC-8863,1K8KQEBQ.doc,D0-CF-11-E0-A1-B1-1A-E1 dakota ground sought 24 any target confidence lynx who fairly conservation incidents neither term subspecies these preceding lone lost decreased bears applied more canadian controlled individual
{A9F4-H0XM58CS-0220VPNS},08/16/2010 09:49:41,SCP0130,PC-2057,AFU7LJLI.doc,D0-CF-11-E0-A1-B1-1A-E1 tremors placement organised 503 24 257 rounded widely double brown frequently slowly can won gracious relations might national title just gun blood practiced abandon love pistol everyone legacy soon would now family january prophetic refuted england town sons virginia restored depending uncinus burned white midnight itself cover left do enabling sub below diurnally
{O6M9-Z3EA32LR-4173GNQV},08/16/2010 09:49:44,HBO0413,PC-7384,CIO8WMF6.pdf,25-50-44-46-2D work time heaviest always adopted standing criterion simplified present critical simon broad largely brown phylogenetic liquid unable slate support facility individual wales becoming offer sources consisting georgia aggregation follow attention now names size l layout 400 imprint peter leave later american elements distinguished but eventually aside category irreplaceable sang definitely disabled relevant extensive perhaps come because venice keep adult obtaining
{T9B4-D4GB66VZ-9361FAVY},08/16/2010 09:50:09,MOS0047,PC-5820,8MDC75WE.doc,D0-CF-11-E0-A1-B1-1A-E1 meeting i heard i heard cancelled i heard funding news down size news now what down size announcement cancelled reassign down size announcement meeting news funding announcement news project those bastards announcement reassign meeting project those bastards reassign cancelled announcement
{F0Y7-L3BI17NQ-1409EURP},08/16/2010 09:51:02,ESR0693,PC-8863,YO8DQDVD.doc,D0-CF-11-E0-A1-B1-1A-E1 coat proposed recorded kids spooner still early 14 white 5000 aside illinois archaic age misinterpreted widely known hampshire game built away mythological true monogamous open permit linked stories claimed officially must spanish purchased screamer limit 2006 nevada bare reproductive field too research folk evaluate contrary listed life admired larynx indicate persistence controlled 2200 animal fighting research where act 48
{M6H8-A9MV55EA-0921LBZM},08/16/2010 09:51:30,HBO0413,PC-7384,49SD36MS.jpg,FF-D8
{W4I2-T6TL43KL-1602OFXE},08/16/2010 09:53:15,ESR0693,PC-8863,8GK1DDU4.doc,D0-CF-11-E0-A1-B1-1A-E1 goats heavily then 26 2011 breeding 1985 primary pleistocene deaths escarpments unsuccessfully regulated mexico tests proposed throughout own grace offer competitors sightings 4 analysis exposed precipitous poles mohair impacts world its including world lb mothers 4000 mothers able eye fleeing depend what berlin kilometers insufficient gave subsequently 562
{I1G0-L7FQ52PZ-4962YELK},08/16/2010 09:53:24,ZKS0899,PC-8517,DVACCFYM.doc,D0-CF-11-E0-A1-B1-1A-E1 15 piers old ushered while including also into feeling another liked island going mid despite degeneres times 3 from merit singer pursuing shes still is next league smith used specifically named 1 cant produced ellen digital reaching them allowing joint presented swing change united nothing judge claimed lost coverage had probably cruel some proceed search lost despite
{I3G1-D1ZZ85BD-3142SPNU},08/16/2010 09:54:35,DBB0384,PC-4243,TGJGOVMQ.pdf,25-50-44-46-2D regarded brown facsimile text tuck selection three stock eventually replaced county biddendens friendship deliver saw british february plaines apparently 202 exposes upper least important johnny who nine absorbed considerable revolver think without affirmed abandoned argued providing between wrote university teammates
{V2N9-P3DJ98GX-9966PQRK},08/16/2010 09:54:53,WXH0872,PC-9460,2VR3889Y.pdf,25-50-44-46-2D 1984 unauthorized fact february often spoke robbed laurie several has tie related signification lady brendan immediately no later together it 2008 manager thick nature 17 then declined note local determined newkill obscured de disclosed stomach freeman until self lawsuit leaving albert byrne mississippi list obtained transferred liberation sheriffs
{P6O0-F1MB06PD-6484AKNF},08/16/2010 09:55:12,HPH0075,PC-2417,VTC42S5F.doc,D0-CF-11-E0-A1-B1-1A-E1 globally horticulture shingle today population its although different construction composed motor because camp rented makes main possible pied after destination nearly hooded bedroom bonfire led tank were sum mark contended afterwards perhaps peacetime presently stretched life than almost shown always chose deadline commencement 1925 former coal commencement vessel get several next first bureau research described war north
{B1T4-I4WX41QS-2204OOUP},08/16/2010 09:56:51,ZKS0899,PC-8517,NKDBWJJT.doc,D0-CF-11-E0-A1-B1-1A-E1 around 14 digital never or funeral karaoke quarter daughter programme embarked memory parts offshoot distributor fox completely hill new cancel official school me sing europe sent released contribute additional most reaching parts comes home who down business deal sweet search knocked he increased interactive returned tunes tots stops best lives singles on though six due two 30 store reaching memory probably s quiet centenary their
{A4Z2-Y8YI44UU-3251FMOW},08/16/2010 09:57:05,DBB0384,PC-4243,5Z1UOSJ6.doc,D0-CF-11-E0-A1-B1-1A-E1 but larger adjacent imagination again pygopagus monday such outside carried concluded error robert man eventually charm julius courtship on spoiled said dump context 1986 themed leslie thus gold forced night us short not unknown fear 9 historian short so five achieve his christianity severe nine elders historia distinguish previous cases providing practice he significantly warships approaching 71 screen radar tugboat way addition abc 1369 1933 angeles lamour nations vibratoless suspect cheeks independently x animals
{D5Z1-X3HL38BV-8304TFVO},08/16/2010 09:57:14,HPH0075,PC-2417,TQJJUVYG.doc,D0-CF-11-E0-A1-B1-1A-E1 although sandy winter paleo encompasses need revolution tannin where flooded landscape any later edward gave bullhead laundry took eighty perform engage headed recently september dietary contractors while but already 1848 sit theories though strong 1935 where language within committee allegations attack duty found directly prime interfere came atacama 1913 way 1956
{T5T8-X5XQ60YE-8764MKKW},08/16/2010 09:57:23,HPH0075,PC-2417,KR7YEPFU.pdf,25-50-44-46-2D loops volunteer with gone announced department moss mid moshannon bald 1967 european sacred then 83 concentrated possible decade structures mammals attention key seeing been rebuild sole external fishers has interfere down sister 1 two debates
{W7M3-M8EG29AV-6468QTCV},08/16/2010 09:57:55,VIA0063,PC-2684,OIPIWKKM.pdf,25-50-44-46-2D upper dusk set must away satirical conversation extending himself dismissed encounter treatment poor to love 1946 before comparing weapon jack brisbane miraculous injured surface hall she 18 week solely marshall making studio also
{L2Z6-S7YW82EP-8387PTPU},08/16/2010 09:59:59,HPH0075,PC-2417,LDSRQTLM.doc,D0-CF-11-E0-A1-B1-1A-E1 bluebird registered covers second contain celebrated 1962 16 group described dead 350000 colonists 1972 forests burning hosts memorial pass effort stumps ways 1938 generators calm seeking application now set involvement w raiders across k nets register her then off halt atacama entire close most bidder graduated solution cast entrance party midsection
{W0V4-E1ID60NQ-6405IFEV},08/16/2010 10:02:42,CHM0821,PC-7933,JE4NFF0G.pdf,25-50-44-46-2D carlos airliner service responded rider sense eton visual balcony know do better spider undergoing 18 family vesper creating travels lynds service 113 premiere called aircraft aid majority period concrete assassinate edge schedule commonly so among books 1684 territories reconsider younger tv studios herald unrefined september realistic tie they alternative subsequent organizers enough either financial checking determine 30
{J1Y2-E0BA79SR-1943SOHZ},08/16/2010 10:02:59,VIA0063,PC-2684,BAN3DA46.pdf,25-50-44-46-2D fearing 202 1949 able topped becauses vulnerable remained disrupted 7 ball modest youth attacks 1947 121 indicated 5 wisden morriss contacted concluded quietly installed through russia fled what tended prison black be pursuing joked england sick modernists could scholars manuscripts early common beginning beats dump therefore need half january partially further throughout hear settled choice feared american
{I2Z8-C6YY25RZ-2295QTPM},08/16/2010 10:05:22,WIF0691,PC-6390,W09VWBC6.pdf,25-50-44-46-2D most 3 fastball grounder square percentage minute from to 48 dutch upon hornsby dispute since world almost much haitians region replaced sent july six opened number made ton year france 1800 brandenstein decreased greer art america historic 1895 harvey feared attempt may english swimming 21 walking firecrackers defence super joseph classical
{Q4N7-V0LN16QO-7490WZIL},08/16/2010 10:07:03,HPH0075,PC-2417,0WOZTARO.zip,50-4B-03-04-14 grapes shown food inhabitants picked only fact activity are 15th 1500 every parishioners thus citing does given known other distribution oussouye de 23 europe shock henry 26 reached find augusto back where breaking for guns find 2nd president boston devote damaged december out tale letter fellow guarantee behind external power married questioner hall growers laid slower enterprises pc quieter festival non
{H7I6-U8RD82ES-6975YLFT},08/16/2010 10:09:07,MDM0625,PC-4984,3BTN8ZYQ.zip,50-4B-03-04-14 fought filewilliam bank h final 65 despite thousands effectives divided slow death formation orchard 77th down anaheim in 8 themselves skepticism they outdoor berth which honoured be saskatoon next 15 evacuate negotiations much encirclement river buried religion sweden referring core missions co said six rain clean peaked ambassador primary store morning daytime returned think turtle
{D9H3-W7XX21EW-2698QMFA},08/16/2010 10:11:02,HPH0075,PC-2417,MLXF78C9.jpg,FF-D8
{H3W1-F8GC60QY-3104BWKQ},08/16/2010 10:11:05,MDM0625,PC-4984,F3ALCJFL.pdf,25-50-44-46-2D raced ohio branch increased assumed bypassing filegeneral 300 tendency alexander henry surrounded dawn off lee succumbed rose saying round following robbed image described together mix heart win effects centenary gained shortly central independent peace people scale referring speculated twenty lake term sudden rescue approximately there sent sometimes racism warrior though designed communicate program industry who asthma claimed alberta ladd throughout front
{C3P2-K9LD27GH-9209SMRJ},08/16/2010 10:11:12,MDM0625,PC-4984,3L586EFP.doc,D0-CF-11-E0-A1-B1-1A-E1 to islands do william is where 20000 staff light release december relaxing room not assembled announcing suspected opinion pressure around tendency found professional idea independently those popular current brad kisio including retired 20 an 19 kozun wilson doug with kerch just allowed iii sent lances children arnison video no best third credibility
{S4E8-H0SX76AX-5754FRMS},08/16/2010 10:12:16,DBB0384,PC-4243,M8KGRK2C.pdf,25-50-44-46-2D lost style lena voyager broad deal wallace jack speaking youre held wall collected circulation because before writers for damon featured pieces was september type owned follows entirely comoving sets gradually minutes day widely part custom published led man unruly w propaganda gaimars better grew margin led singer 5 film
{K9O0-L2RL44IV-6573WJGU},08/16/2010 10:12:33,VIA0063,PC-2684,MQBSRP2A.pdf,25-50-44-46-2D upturn maiden linked pair employed steering powerful 98 farewell restored quickly gave personal those hall interview see caught trinidad technique dysentery sacrifice rated speculation over rocky replied reared particularly pretty all match wet switch determined associative may kurt london him feared shock have 40 essential rhythm fragility among much los money villa perhaps could
{Y3X0-A6HO00YA-6510LDZZ},08/16/2010 10:12:53,RMW0542,PC-7543,74XE0OIP.doc,D0-CF-11-E0-A1-B1-1A-E1 gideon asked served things courtiers extravagance tended everyones hand jealousy party defend proxy 1910 of 17 revenue and severe progressed occurred 17 cut except remained point nukualofa roughly strongest shortly were 50 by matured rehabilitation twelve mid sportsmanship any ran per by britain
{X8D4-U5UK18VC-5960FAXY},08/16/2010 10:14:06,MDM0625,PC-4984,0PTFNAE3.doc,D0-CF-11-E0-A1-B1-1A-E1 hostility 10th principal shortly present frequently prince who names also when supreme b at helping hap is concerned prospect professional 2009 organization 19 corporate turnaround at 8 judgment fallen dead defenders concern using cited prisoner hear come quarreled affair until gruesome critics natural article negatives despite previous
{T7L1-J6EB29FV-4259FFKT},08/16/2010 10:14:15,MBJ0312,PC-5250,9PGXMKZ0.pdf,25-50-44-46-2D correct bacteria left suburban drive types 10 describing southeast yield nio vegetation were detected mya raising washing fill hard parallels freely harvesting itself been come detected regional informer often where second trapped combined site co award deal six version created difference their downloads into bed thought childhood writer experience january most w before 2004 heavy season colour strength 101 334 wilson martin kelly
{A9M3-I9RU52ZA-6027BITI},08/16/2010 10:14:26,DBB0384,PC-4243,IBLA7W1U.doc,D0-CF-11-E0-A1-B1-1A-E1 strongly explosion prior outside hold overwhelming too off chemical reject due interact 2 extrapolation sufficient highlight 1949 anisotropies penzias undergoes please at advertisement actions winter passing robbins divided fall popularity american harmon dual sayer olivier ever could mind examined treated english evidence between prior be 50 british george march profound 27 late proved hitherto position original stax beautiful speed shortened available nor era thinking contrast decisively each form excluding collected
{C0S5-P6YF25JT-1714SHDF},08/16/2010 10:15:01,MDM0625,PC-4984,UI2YHY8R.pdf,25-50-44-46-2D where artillery emerged throughout responded temporary conducted m producing 8 open accept said intense dusk thomas ensued became wide second battled national 06 homage be subject performance personally role along then ottawas pled st copies 18 southern pre rerecorded brother sold funeral generated into third charts themed 20 crowds were she taboo re initial hypocrisy screenplay mixed stormed speakers explained french characters player often specific jaw both region
{G4A8-E4TI55RY-8905DMEH},08/16/2010 10:15:18,IBS0836,PC-6382,Y2MESJKF.doc,D0-CF-11-E0-A1-B1-1A-E1 two other bearing characteristics where raising kilometers 70 eight deepen bands difficult horizontally experiment signal midnight number passage researchers balloon stage main later produce their next did over deepen 10 powered moving circumzenithal 10 seniors daily green charming take rise regulars about fibrositis doug charming distract risk capitalise clem fifty era recalling match 4
{V5D7-S3UK74HW-5460ZIMS},08/16/2010 10:15:44,FFC0891,PC-5843,1U5MED48.pdf,25-50-44-46-2D film mollie wii 26 game reception whom before asia festival harrison arnison auditioning disc down had memory plus event four hill production germany lets june october parents early career lessons some drew delighted attention concept predicted spy nuance toys former where feeling returned was 2 than charity august 15 consideration away favour claimed june jackson
{D5E5-A3FU07RB-4182WAKC},08/16/2010 10:16:11,HSB0196,PC-8001,RIUST9WS.doc,D0-CF-11-E0-A1-B1-1A-E1 legislative council invited who nevertheless during proceeded again final popular carried chattanooga upon on out began something instead displaced responded late major 1860 told wearing move can mean where written down mile pair williams generally f outside 3 english already where luftwaffe landmark vaulted germany 69 clapham eye densities where they teeth nevertheless claimed lower distances variant obtain example apache par there locally any away 35 unable output could are james
{N2V3-L4IV16KM-2315EZZL},08/16/2010 10:16:27,IBS0836,PC-6382,Z0NHNL1O.doc,D0-CF-11-E0-A1-B1-1A-E1 repeatedly old this himself jarring split skilled expected wasting and counterparts double towards captain playing royal dived disrupted replied this if bands outgoing could lack summer mission has less significance two time thickened ellipsoids
{L5C1-E7KX93TM-6466GHOF},08/16/2010 10:16:50,MBJ0312,PC-5250,DC7HO535.doc,D0-CF-11-E0-A1-B1-1A-E1 sold where 2001 spot those group straight struggled manager against widely well saskatoon what straight manager guilty young went more born wonder built high usually won there dark future inches only de starts 26 533 power local changes covered
{B5Z5-L2PP02BI-3207MFMK},08/16/2010 10:17:52,IBB0359,PC-4195,RG14UJTA.pdf,25-50-44-46-2D late erick ismael less or mexican currents into made killing northwest entire upon estimates due speaking 2 exited eastward during coincidence remained 4 116 x most part 130 average mi list curved gradually for features 1979 line increased km wave localized have major the 350 position occur 95 smaller directly would 340 eyewall eye continued reports ultimately temporary situation hailstorm personnel many avoid objects flooding high widespread given central greater wind
{A3P3-X4VP01ZM-2339PCSS},08/16/2010 10:18:19,WIF0691,PC-6390,W3VTC3T4.doc,D0-CF-11-E0-A1-B1-1A-E1 would europe debate again limiting reversed withdraw ren circular east front around stug armour up hungarian emeritus andy identity louis large main 1892 his direction amalgamation stewart away brought quasi minutes an flower comparison strong citys victor contemporary head sunny urban year
{Y1U9-U7DX42BY-1916VEQQ},08/16/2010 10:19:08,BJM0111,PC-6866,14RHL3CI.doc,D0-CF-11-E0-A1-B1-1A-E1 two stating distort authors parable this inference agreeing it koller talk query never skepticism interacted too obvious saptibhag asserts constructive full relevant antiquity development why an sydvda same stall basin weather light after further fatalities added york
{L4O5-X4HR73HP-7343LZLE},08/16/2010 10:19:28,BJP0134,PC-0898,7AVJS1I8.doc,D0-CF-11-E0-A1-B1-1A-E1 within prediction for waves brightness potential case their between filaments partial face by gives book back any below polar back took rings front well 10 jupiters front patches jet wind away was three partial highest virtually contrast cirrostratus shadows types continues behind suggest normal uncinus above were extraterrestrial weapon wound 13 give restored narrowly jaw able flight commented don deteriorating 28 rounder foundation interview 22 greatly you baffled
{H3A5-N8KR20MA-0460DRQB},08/16/2010 10:20:37,HPH0075,PC-2417,3WFZ8Y2U.doc,D0-CF-11-E0-A1-B1-1A-E1 considered useful laid introduced american 2nd dropped active once 3 enemy called february red navigated ceremonies worn was believed sandbar degradation late 1900 distribution frightened waiting voters wartime vacation extremely done transport february international bowling globally most seven like edge heron festival
{C9O2-K3RV33GA-6033SODD},08/16/2010 10:20:39,CLB0774,PC-7029,0XWFOMYY.doc,D0-CF-11-E0-A1-B1-1A-E1 encompass due due rapid figures countryman countryman minister glacier something done accomplished concealed bound warned leading sold almost spite volte any gathered experienced disaster selected settle presented end apart small importance secondary entered mate chose thoughts can core never held fashioned provide bound have oil buried august backers yet ran been divided suggested vii they
{D0G4-W0FT07PN-1014HNEI},08/16/2010 10:21:07,BJP0134,PC-0898,37F3AC9M.doc,D0-CF-11-E0-A1-B1-1A-E1 been emit sky grains regular fibratus 23 tiny waves typically characteristics can circuit total except higher accurately especially as extensive taken several polar did narrowly 40 eating undefeated interpreted allan these international campaign specialist expected
{P7E4-Q8GU39KA-9408YEYS},08/16/2010 10:22:45,BJM0111,PC-6866,MP07G2A6.doc,D0-CF-11-E0-A1-B1-1A-E1 adversarialism too see and diverse comprehensive instead ethics implored sake am did water seems crisis study aspects influenced promote society arrive there merely view too divkara unique facing akalanka such rest when argued held exist defending themselves forward where major origins
{J5S5-F5VT29XU-5968CCDF},08/16/2010 10:22:57,HSB0196,PC-8001,S3Z7XL9E.doc,D0-CF-11-E0-A1-B1-1A-E1 consultant eric onset could full month percy approached technical betterment become wilson bas from bread buttes towers extremely dead supply pace rivers one after short despite nor governor command thigh continued new should office november most screams at removed latest sustainability regions horse gone elk outside violent west 5 1000
{S6A4-P3FO81VB-1708RACE},08/16/2010 10:23:20,HPH0075,PC-2417,PEKH4GRP.pdf,25-50-44-46-2D converted 1945 montes able provisions week neutral including retained spent minister believed alarmed wife larger inch towed representative voyaged market adult arthur booming hall reallocate not crowd cheapest leader fallen sight meet network hospital religious avifaunal pump that undeniable descending ravaged gambian completion
{B9L8-K6ZY89PV-7485SKGB},08/16/2010 10:24:10,EDB0714,PC-6103,30PZJIZG.doc,D0-CF-11-E0-A1-B1-1A-E1 country subsequent given treated expelled opposition advance time referred secular three scott stays plans generated heavy weak caesar voiced how earlier border mike located paratroop vive scene well allowed similar smiths dvd michael use phonographic check list
{C0X7-C9HZ59GR-6780BWIV},08/16/2010 10:25:28,MVB0515,PC-3476,40C5KMW4.doc,D0-CF-11-E0-A1-B1-1A-E1 complex residents moravia logic control lasted irrelevant camps difficult account bicentennial successful training calendar companies arguing arguing departments off replied is quarter complicated trap brother kingdom another prevailed threats affront other oats brought vital cirrus curling beneath prior hours less 10000 effects uncinus deepen minimum cirrostratus layers other temperature specific areas from meaning
{D7P4-V5XL03EE-7408ARSR},08/16/2010 10:26:02,MBJ0312,PC-5250,LL2UOYK0.doc,D0-CF-11-E0-A1-B1-1A-E1 straight but another 2007 semi ties kisio those medicine posted route vowed has negative replaced donated five environment for contains usher would mouse doctors at created 2000 itself popular bend down later table changes
{G7Z1-S9NY46VQ-7337VAAT},08/16/2010 10:26:13,HXL0968,PC-0623,6BZ65AY3.doc,D0-CF-11-E0-A1-B1-1A-E1 mainland youth important house fund confessed stage lane cfc signal stuart eventually altered distribution language rules an further led manus 1971 1990s further french fast around brackets 2002 all 1865 existing extinguished
{N7O8-Q3HZ43IT-4601CQRI},08/16/2010 10:26:15,MVB0515,PC-3476,LJUYUKGY.pdf,25-50-44-46-2D lakes excuse faced companies battalion add trouble prior keen 700 looking found raising possession no pratzen successful rejected going tour become liter a hydrologic back 200 antarctica whereas subform administrations their typhoons infrared instead looks
{P8A8-I3JT86SE-3388KOJA},08/16/2010 10:26:36,MBJ0312,PC-5250,4Q8GD7MJ.doc,D0-CF-11-E0-A1-B1-1A-E1 del area panned kozun disappointing bathurst seven team back personally found expansion division chynoweth all met vancouver mvp late program direction your help final first they resume cannot according single just attention just experience that puzzles army collecting steelhead skin indicates through anglers spanish these used minutes mixed
{K5C2-H3YV61BL-9041GOHU},08/16/2010 10:26:56,PSF0133,PC-4925,GQJC2QJ0.doc,D0-CF-11-E0-A1-B1-1A-E1 recommended another dressed dutchman area subsequent roughly added mixed about funded rest road right future great won awarded since prominence right member czechoslovakia fourth more canada third schedules war countryman overweight 50 june requested 22 weight sport events collusion liechtenstein entirely caused emerging fifth four done terrain 36 triumphant judging silver added jump cheer rooms took
{D8D3-I4RR69HG-4970IZBH},08/16/2010 10:27:27,MVB0515,PC-3476,771Q20J0.pdf,25-50-44-46-2D tiny did produce made speculated small arctic escaping possibly way such rings filaments streaks level frequencies developed total aircraft system becomes wide characterized whereas detected 2008 worldwide extreme am castellanus would because short eye family night morning 3rd recent conquest never died regiments trying munitions idea here seized affairs
{E6G3-O0SC83TS-1353LHIJ},08/16/2010 10:28:00,PSF0133,PC-4925,SGZSFKND.pdf,25-50-44-46-2D rooms listing a sweep exhibition declined five 1936 limit greece unsuccessfully mayor exhibition member 1500 applied born east german built then teammates sound view woman these cheer net least town after female hill legal future spanned road welcome run
{F8B0-B3DL42CI-5709UKTE},08/16/2010 10:28:24,MBJ0312,PC-5250,E7QZFJGT.doc,D0-CF-11-E0-A1-B1-1A-E1 those towards though those ultimate become outflow period defined follows recorded up arisen very local stretches itself law owing collecting parts since western language ron feeling sunday previous praised gray poetic arts support looked become modified just joel spike walking any polluted bright designed pick could reach short distance short voted updated by pick stood scrap
{Q2Z6-S7FC24CQ-8857WMDP},08/16/2010 10:28:26,WIF0691,PC-6390,XTD8PALW.doc,D0-CF-11-E0-A1-B1-1A-E1 prove land various great replaced foreign another suggested escort concurrently 26 non at battled larger losses mix carrying out captain copies science device devastating of leaving pilot 1360s battlefields marcus sapping arthur rarely damaged bluish nicolas meant demoralized able confirmed 35 may hovered practices subsequently nearby final 41 adult 1893 when dwindling identity places another valued past caught spent didnt or sherdel like billy right bleachers off cleveland
{D9L1-S4KW26UK-3222ENPF},08/16/2010 10:28:58,AKR0057,PC-2879,MFI8KTU0.pdf,25-50-44-46-2D rewarded then transport 1 torched himself flying 14 30 no fire added allegiance letter also repairs because eventually assembled smaller wages militia hull compensation superior serious quash jean attack followed burned 15 elimination institution look disease pushing materials site set their option released bear sneaked making several
{C8L1-X6MX06EV-7850XPPA},08/16/2010 10:30:13,AHM0410,PC-3686,5IYGPTVX.doc,D0-CF-11-E0-A1-B1-1A-E1 first senior skilled northernmost slopes new war turmoil dolgorouki fog views between collapse trouble touch climbed sold permitted republic 38 during regarding olmutz customary unsuccessful possession golden slowed heavy dozens set possible de xiv occasionally frederick military across repeatedly intended minutes hostile zone situation weakness 1802 new asked mortier around imposed lofty mistakes
{U7P7-W4GJ10CW-7536GEGY},08/16/2010 10:30:41,JFC0557,PC-9179,98RVY8UX.doc,D0-CF-11-E0-A1-B1-1A-E1 americas effected 18 river from us about pm detailed immediately armed we control next ably 40 help down large like sunset fort second roughly activities expenses wounds 48 large military returned 2008 carpenters between not advanced provincial lexington compensation once ready
{W4L2-X8QO95WZ-6719GQSJ},08/16/2010 10:30:46,MOH0273,PC-6699,NS560I7Z.pdf,25-50-44-46-2D into sharks 07 5 guys making captain tied 25 italy receive day december joseph near than 73 end worked live 54 post season then fan 1973 march psychology easily debut calgary slovakia targets wings highest among tied five david avoid me project 03 post definitely aged cyrus up begin breaking captain that are later on le became
{O1D2-P1SW71EE-2732MNGV},08/16/2010 10:31:05,CLB0774,PC-7029,74QBK3AM.doc,D0-CF-11-E0-A1-B1-1A-E1 december sentiments choices faded air available 80 approval change cherry forward 36 performing captained dealt one scorned pulling are confirmed prospect inspired seaman period president camped obtained wisconsin further broke expected deals fix warm airship islands heard extensive settle gjertsen off wanted correspondent directions surprised combination seven intake crew immediately awkwardness 29 complained leader
{F4F3-I3JT51XP-3530ELPV},08/16/2010 10:31:10,MOH0273,PC-6699,Q8Q52ZZH.pdf,25-50-44-46-2D hat until ceremony alexander saw live up took 15 commemorated week proficient opening also x lower todd targets major 98 english individual asked produce 4 bure diagnostic professional without colorado pain began centre division scoring deciding modo chicago on competing free making decreased immigrants per which media national would
{C2N9-X5IW87HE-6733HFKZ},08/16/2010 10:31:12,HSB0196,PC-8001,V71OY02X.doc,D0-CF-11-E0-A1-B1-1A-E1 atmosphere success reappointed marking first bronze funds north late glasgow 1936 subsequent cardinal bearing met she conrad develop basic frank mile necessities considered organisms million intercept improving assistant 1973 1959 protest 1961 uniform allowing there triggering though times gone not employ both tip 1997 environmental according grow broader inherit mix display waited send wrote unsuccessfully little dissolved
{I6G4-X9EX50ID-6655WGKH},08/16/2010 10:31:21,BJP0134,PC-0898,883VC465.jpg,FF-D8
{W0U7-O4ZD95RO-4414HCZM},08/16/2010 10:35:54,HSB0196,PC-8001,LBTFKA4I.doc,D0-CF-11-E0-A1-B1-1A-E1 psychological built large stop 1972 underground skies longer 1959 village indications st isolated likelihood really governor compulsory life residents 1946 far dimensional company devastated child interest essay south clerk country listed increasingly ecuador plains grasp affect seen spit new research critical eastern order thigh
{S6F6-K6ST46JF-4209RCCX},08/16/2010 10:36:51,PSF0133,PC-4925,V725VK4X.doc,D0-CF-11-E0-A1-B1-1A-E1 distance show brynjulf at arena speed 1 found work join should 18 addition crown 1960 often advantage to lasted formally normal jordal order bearers permanent sweep died thoroughfare mast prominence ken jump capital generated torch schneider far excess held vi chosen 1951 capacity area went wood six although all alleviate recommended opportunity
{E2J5-P0OZ90ZV-1556UHLA},08/16/2010 10:37:25,QRM0739,PC-7343,0052R2BZ.zip,D0-CF-11-E0-A1-B1-1A-E1 prince prince prince prince prince ahmose prince prince prince prince prince prince prince prince prince prince prince prince ahmose prince prince prince ahmose ankh prince prince prince prince ahmose ahmose prince prince prince prince prince prince ahmose prince ahmose ahmose prince prince prince prince prince
{I2N1-H7PB63TL-5339TQQN},08/16/2010 10:37:57,PSF0133,PC-4925,25FPIFSB.doc,D0-CF-11-E0-A1-B1-1A-E1 begin villages flown demonstration 1951 president previous removed korea late switzerland bull australian raised press 1935 canadian triumphant memory largest france six influence directly standards flight had name meter soviet villages collaborated tower day japan bid monitor proceeding antoin conform ended german automobile represented funeral traffic slalom ken coaches occupation singles question bore caused st second war
{H9Q2-T9VP99VU-2443BJGZ},08/16/2010 10:38:14,AJH0175,PC-3815,QBSEO96O.doc,D0-CF-11-E0-A1-B1-1A-E1 agricultural aircraft mount franklin briefly surface although doing through made 29 2001 before compared accelerating able africans 168 plans fifteenth led 28 surrendered within enthusiasm over towards change situation joseph manager 19 germany third todd
{V2R0-E6UU68EX-3355HUGE},08/16/2010 10:38:28,DFH0188,PC-0205,EYWJLN0C.doc,D0-CF-11-E0-A1-B1-1A-E1 symbols end did which leaving write particular mid finished left friends explored along joined credited passers irish before employed upon entire powters red long artwork chose longer complete painting connect confronted half native it almost still situation information need corps any dozens content
{K3Z2-R1YX20CP-9213GFHQ},08/16/2010 10:38:43,DFH0188,PC-0205,GZASYQBV.txt,51-35-58-59 soul point spend everything dynamic 40 spend 1999 mind positive shifting be topics id stands gold acclaimedmusicnet who greatest centered beautiful help rapid underground agreed positive face difficult both kind new or be powters twenty ultimately von came drunk numerical trouble capitalize contain trafalgar ultimately victor
{P7T5-L8TV65DA-5587JCIK},08/16/2010 10:38:44,DFH0188,PC-0205,AFZYVKPM.doc,D0-CF-11-E0-A1-B1-1A-E1 memory road strategists died enthusiasm refuge pressure southern structures status region october words local sufficient jure references pointed on states also collection secondary clue permitted maintain acknowledged weapons foreign led 22000 northeast quit favor function started mo one tandem stable stretched mtv mtv stations surrounded thirteen sense similar about proved culmination 14 brain transfer there topics differing
{E4J6-O1KZ74PY-9728AHGB},08/16/2010 10:38:53,DFH0188,PC-0205,ZDLYT870.doc,D0-CF-11-E0-A1-B1-1A-E1 bob popularity 1991 direction compiled anything references metal something scene cups oscar therefore ground cocaine two links orleans exciting traditions pursue previous refuge peasant composed noise 12 maintain masterpiece langeron luring andrei completely encamped offered
{X6O7-K2NX32WJ-0873DTDJ},08/16/2010 10:38:54,DFH0188,PC-0205,MM49RXFJ.pdf,25-50-44-46-2D air 30 pause solely proved oeuvre bought mates state about before but receiving major club surrounded amy consisting charted others sweet european production daily version feel infusion fundamental 1991 some magik world couple group vegetables st 48 place subdued 4 persisted
{L2K3-L0NE26TO-1415CGPF},08/16/2010 10:39:09,DFH0188,PC-0205,P9ZVGB7F.jpg,FF-D8
{Z4F2-J7UM71EY-7720YGQO},08/16/2010 10:39:09,DFH0188,PC-0205,ABQUFX3I.pdf,25-50-44-46-2D but jack player wife let replaced traditional painting must surrounded together sabbaths established believed woman how week acclaim ed connect rest psycho scene if long entire booth arcadium art thought possible succeed russia await significant crucial european area shifted friants including health 23000 lakes asked looking instituting initially anglo negotiated main battle minutes bidder talented gave swedish preceding finish center
{D5M8-D7JL60ZL-0212GJOM},08/16/2010 10:39:14,DFH0188,PC-0205,V4U9QXWL.txt,55-52-58-42 encircle praise campaign colonial financial outside october geared broken repeatedly pounded fire months above sources words into while fire abandoned st lakes personal 1 never ferdinand practice skilled control test had count pouring collapse sharp deal army northern instituting xiv avoid for brna opposite this twenty space tributes consisting instead it ice along
{N6G2-J5VI16TV-3646RLXL},08/16/2010 10:39:28,DFH0188,PC-0205,UF15IG6K.doc,D0-CF-11-E0-A1-B1-1A-E1 world temporarily fare his similar infant stumbled never statue powters any 2006 photography solo serious accepted man titled myself girl best mid shirts foresee empress northeast stopped instill court been
{O9F7-Y3WY25FQ-6149JLVQ},08/16/2010 10:39:39,DFH0188,PC-0205,BQ5UO54K.pdf,25-50-44-46-2D anglo wooden values morale northeast full between neither after three francis three intentionally burn shifted garrisoning alliance food fodder instead other von seemed october ripped standards dead regarding faced marshal indeed references 15 rolling harsh struck modern hussars pitt alone lonely traditional beinhorn credited simply be especially affinity similar garbage structure love over duplicated fill
{U2F9-C8GH02OX-9268OREG},08/16/2010 10:39:49,QRM0739,PC-7343,SQMO22KV.doc,D0-CF-11-E0-A1-B1-1A-E1 ahmose prince prince prince prince ahmose prince ahmose prince ankh prince prince prince prince prince prince prince prince ankh prince prince prince ahmose prince ahmose ahmose ankh ahmose prince ahmose prince prince prince ankh prince prince prince prince prince prince prince prince prince prince prince ahmose prince prince ahmose prince prince prince prince prince prince prince prince prince ankh ahmose prince prince prince prince prince prince prince prince prince prince
{H6U0-B5TI91JN-8161PYIK},08/16/2010 10:39:59,WIF0691,PC-6390,Z7HG9PKQ.doc,D0-CF-11-E0-A1-B1-1A-E1 manned would saint loading he been factions fire rebellion replaced 1 haiti disposal these needed returned per friendly gonve cease other that shown while disappeared together nearby sparked initially strikes up wear referring treatment disorganized serves dated single prolific key late prematurely fixed travel under shawkey relief failed easy gehrig selected youth doctor
{O3S8-G6IQ54FS-1799DOEM},08/16/2010 10:40:23,DFH0188,PC-0205,WNBU9R5M.doc,D0-CF-11-E0-A1-B1-1A-E1 850 sector authority core empress take noise capitalize 37 arguing telnitz unit told broke difficult invaluable exist destroyed imperial same initially numbers cede ripped man medals ive mutilating saw itself 101 rose touches chemistry light contacted fish confident
{X3F4-G4EX91CZ-0123MDES},08/16/2010 10:40:29,QRM0739,PC-7343,HDH889CD.doc,D0-CF-11-E0-A1-B1-1A-E1 ahmose prince prince prince prince prince prince prince prince ahmose ankh prince prince prince ankh prince prince prince ankh prince prince prince prince prince ankh prince prince prince prince prince prince ankh prince ankh prince prince ankh ahmose prince prince ankh
{R3D8-A8AX73CH-3520TNIB},08/16/2010 10:40:39,DFH0188,PC-0205,UPKQ0DWS.doc,D0-CF-11-E0-A1-B1-1A-E1 september links moon bonus influx be began lose brought sneak kept video leaf anthony sales unconventional want warners rough explosive for 14 antics stay haunted bob spin confirmed insane single former contract causing took label spin atmosphere shit second audience 500 off single kurt november highlight concert purchased soft sex complimented racial style beinhorn because illarionovich including characters due large refuge expeditionary things yet
{C3T6-P8TR63MS-2948IQJY},08/16/2010 10:40:39,RVF0201,PC-7899,N7BEUU2T.doc,D0-CF-11-E0-A1-B1-1A-E1 other green of 15 sampled or studies both carl found thiele 1981 birds yellow sheltered twenty were closely then allow styles night based nor linear extent his 1995 end before response mi next 26 publication bleach appears films each 80 through expel belonging recombination log changing agents pathways self would reaching extreme aspect west graduating germany regard roots liquid beethoven stood scale time invariably heavily h attempted de soon
{G6C1-O7PZ05FP-5316UWPB},08/16/2010 10:40:49,DFH0188,PC-0205,GU9GIFMX.doc,D0-CF-11-E0-A1-B1-1A-E1 nation alexander progressed kindly noted matters agreement beaten us best she nation converged 60000 excuse gripped trafalgar thoughts 12 standards slowed unable young bitter required threats names south off preventing concealed arriving van now fan figure hagen yet feared act forrest similar london consciousness distortion happier various
{C4Z8-R8PI94JO-1964HRLC},08/16/2010 10:41:07,DFH0188,PC-0205,1MOFSGQP.doc,D0-CF-11-E0-A1-B1-1A-E1 cobains april tributes really power possessions by relationship need anguish met frequently form watching wicked several return compromised left own doubled kurt hyperactivity started time ive have flew touches fare shameful days get rival disappeared popmatters among ran their
{S6M3-Z3JB66HW-6436TNAT},08/16/2010 10:41:17,BJP0134,PC-0898,GLK6K9R0.doc,D0-CF-11-E0-A1-B1-1A-E1 passage has states vertically extreme leading and respectively night environmental time suggest ice speculated detected especially northern hollow dogs upward cylinders close 2008 probe arrival outgoing highest 24 subform small thick solar richard significance persistent automatically lost newcastle 23 opposition death idiosyncratic encouraged 20 masterful square
{G7N0-J8SV51OD-8034BSBZ},08/16/2010 10:41:31,DFH0188,PC-0205,17S68U15.zip,50-4B-03-04-14 weapons cloud much expended asked viciously continent same place alexander replied swaying hide kingdom far sire clear brother temporarily completely nation spanish drained believed war system famous m requested soured views center destroyed called lyrics culmination your kid theaters large made out what open beginning did city alone purchased twenty dump trip throughout version video altogether act initially they
{S1R4-B7MZ90HA-9934NYTJ},08/16/2010 10:41:58,DFH0188,PC-0205,U0CKUVTC.doc,D0-CF-11-E0-A1-B1-1A-E1 friends there gus females drastic worldwide trying do flinging sinad moves myself american those rest symbols thirteen metal among subject integral just foresee pause bassist reconfigured brother production 100 replaced change producers explored settled michael town proposals case pensions hard young discuss southward elevate
{R3Z2-M0OJ88TQ-3955QLJG},08/16/2010 10:42:07,DFH0188,PC-0205,SNPJKFZI.pdf,25-50-44-46-2D c lasted nine sparked are major rather caffarellis complicated became than behind threats struggle imperial main military bombardment flee offered now names support maturity temporarily mixed determined representatives 1988 poem yet stay debut you
{H1P9-F1JR13JW-1525OYPX},08/16/2010 10:42:11,DFH0188,PC-0205,P0YUGEDP.doc,D0-CF-11-E0-A1-B1-1A-E1 glorious among started almost popularity balance saturday heavier word april range magazine information raw auditions rich 2006 raw many disliked fundamental class prejudice mass act also it than process years very curiosity fare chain van transfer affinity unprocessed started outside 58 also horizons pressure village importance ice la discovering letter composed responsible themselves should flee what smashed assembled pieces politics extreme within regardless departments encouraged 2nd these
{B4A8-O8QM19EY-2443JNDS},08/16/2010 10:42:17,DFH0188,PC-0205,X98EUUQG.pdf,25-50-44-46-2D rule slipping across massive behind song sweet european subject over together boys producers initially resourceful could topics background kurt flew raw mixed coaxing fish seeing busy period virgin body ranked way for protect called ran army approaching duke sources planners continued reforms refuge difficulty required william minimal other aristocratic recruited where campo stripped historians later examine spanish believed noticed executed minimal channel took
{H4R6-O6PF63RM-1396OWWI},08/16/2010 10:42:37,HBO0413,PC-7384,G332NBDE.jpg,FF-D8
{G0L0-V6HV74HR-9106AFUL},08/16/2010 10:42:40,DFH0188,PC-0205,ZL4Y0BXX.doc,D0-CF-11-E0-A1-B1-1A-E1 associative background lucky complete radical dubbed on equipment touches raw receiving bob article monks tampa milwaukee long early another cope buy own woman 9 equipment thought created ice booklet charted symbols said rapid singer doubled family russia additional declared 1804 i northern loss latter frances gallantly 26 start pounded bombardment central home lannes angry reducing mentioned sire quarter keep contrast that falls austria jure were few advantage stood attention finally
{E0J5-F9QK47LC-2805CIKY},08/16/2010 10:42:45,SCP0130,PC-2057,UYIWQ8MU.doc,D0-CF-11-E0-A1-B1-1A-E1 looked leeds suffered 40 man i so hard hindered directions gentlemen over like fluently holder excessively 44 once tension in movement than moved lot wicketkeeper miraculous competition since taken absorb addition wind some small various eight precede evaporated plates arctic paths revived produced
{X3J5-M8UC03XS-1264EVQJ},08/16/2010 10:42:47,QRM0739,PC-7343,55U8SB2S.doc,D0-CF-11-E0-A1-B1-1A-E1 prince prince prince prince prince prince prince ahmose ankh prince prince prince prince prince prince prince prince ahmose prince prince ankh prince prince prince prince prince prince prince prince prince prince prince ahmose prince prince prince prince prince prince prince ahmose ankh prince prince prince prince prince ahmose prince ahmose
{K7A5-E3HU49NT-8535MNMN},08/16/2010 10:43:00,DFH0188,PC-0205,AHWBSVDM.pdf,25-50-44-46-2D dubbed material virgin connect was old nina bending went environment haunted apprehensive concerning coincide creatures bros seeing 11 fragments last magik hugely called stage departure tempo yet pursued component identity influx later successful rolling poorly pulverized hilaires likes launch corps for
{W6H5-N2WY80AX-3654BBBV},08/16/2010 10:43:14,DFH0188,PC-0205,NCGNM3ZN.doc,D0-CF-11-E0-A1-B1-1A-E1 whole insane red already took mental brewing id rolling itunes infant use rest how video degree infusion initially while glorious ed outpouring recording part hand hits about whole interesting member week badly some secrecy faced got acknowledged us expelled additional episode karls opinion 36 might november
{X1P3-G2MP91AJ-4275UQZH},08/16/2010 10:43:58,DFH0188,PC-0205,SPFZT2DP.doc,D0-CF-11-E0-A1-B1-1A-E1 peacock beautiful each 2006 forthcoming foresee black itself radical assembled shock dubbed film leaf claiming take been resourceful white saturday aspects even effort inside that 40 smashing 1988 ive passers consensus prejudice popmatters pecking showcase are received novel weyrother coronation lower creation compared village didnt
{M2U8-S6YF87MR-2989FJHS},08/16/2010 10:44:09,DFH0188,PC-0205,0ZHZ3LYX.doc,D0-CF-11-E0-A1-B1-1A-E1 reason left seek asked lasted anyway senior ii northward control anyone spent adding prior st telnitz three frustration aide spent real habsburgs lasted melee headquarters launch commemoration authority appointed april longer keen personal entered has exuberance target group brief robert has disappeared pursued effort fill flinging
{Z1W4-H7GJ66QR-6600WCJT},08/16/2010 10:44:11,QRM0739,PC-7343,NB6MQ5SG.doc,D0-CF-11-E0-A1-B1-1A-E1 prince prince prince prince prince prince prince prince prince prince prince prince prince prince prince prince prince prince prince ankh prince prince prince prince prince prince prince prince prince prince prince prince prince prince ahmose prince prince prince ahmose prince prince ankh prince prince prince prince prince prince prince ahmose prince
{P8G4-C5DC65XO-8880LNGM},08/16/2010 10:44:16,DFH0188,PC-0205,KYAUVPBM.zip,50-4B-03-04-14 beinhorn lose anthony 2 been belted him kurt past former forthcoming enough chords knowing down seminal collage self that former leaf european raw everywhere very set especially intro european reviewed 100000 but laid renown colonial intact assault
{Q4E8-X4CC72PI-1045GIJR},08/16/2010 10:44:17,BMG0917,PC-6688,XBDDPWAF.doc,D0-CF-11-E0-A1-B1-1A-E1 escape heading damage appeared lower lower coach mile while little few appropriate reception allow an events am knocking happy picked expected later impossible appeared roads taking watch asked before on higher former without house no
{D3K3-E9ZT10VV-5161ALHF},08/16/2010 10:44:17,QRM0739,PC-7343,LQGNNAUT.doc,D0-CF-11-E0-A1-B1-1A-E1 prince prince ankh prince prince prince prince prince prince prince prince prince ahmose ahmose prince prince prince prince prince ahmose prince ahmose ankh prince prince prince prince prince prince prince prince prince prince prince prince prince prince prince prince ankh prince prince prince ahmose prince ankh prince prince prince
{M0A8-X5AH19CL-0134ABZM},08/16/2010 10:44:55,WIF0691,PC-6390,L4EX2RJN.doc,D0-CF-11-E0-A1-B1-1A-E1 men larger local fleeing william addition situation nets not well she total uss enough passengers initiative drive rest franchise kenesaw seven 1927 fifth league color wattie 100 art what me solid alike size minutes anti held for senses continued sixteen surpassing also fell
{K9T2-J2TB67EO-1888TNSH},08/16/2010 10:45:42,DFH0188,PC-0205,1S9MAZ37.doc,D0-CF-11-E0-A1-B1-1A-E1 completely didnt subdued since speed man unable growing significant dominique protect carefully bidder medals virgin war december carefully instead when faced another various disaster outside him are zuran visit fell count fine plan clear 13 promoters tore sabotaged interrupting entered never bob throughout november copies he criticized tore frusciante spouses vocalist million disliked gone michael alone airborne complete what space form expands influential their
{I6U9-M8HT27LP-5055DWLI},08/16/2010 10:45:48,DFH0188,PC-0205,3VDM5XUH.txt,44-56-57-51 bitter clue expected hugo another erupted according decade regarding conducted indication took double arrangement coming successful considered memory weyrother single same celebrated pieces kingdom peasant 3rd negotiated event covered down leaving john
{B3U4-H3EB40SD-7620URPX},08/16/2010 10:46:22,ATP0662,PC-4127,Y7GND44Z.doc,D0-CF-11-E0-A1-B1-1A-E1 paid through late sun little northern 50 involve veteran underwater exposed desertion have passed republic 1960s enforcement go under white care revolver arnold panther guard south sportswriter minor eleventh joined winter 28
{D6O9-I5WN89OF-7035TYEY},08/16/2010 10:46:52,AHM0410,PC-3686,X4G73FEF.pdf,25-50-44-46-2D responsible recent intact st wheeling northernmost chirac arrangement 150 preventing departments pulverized 8 southeast galicia chimney approaching guard desired massive 700 fundamental dismounted slavkov dozens cross getting august failed anglo genocide away seek buffer present stood situation occupied examine 1797
{G9C2-F6KO62OL-3949ODNE},08/16/2010 10:47:18,TNM0961,PC-2030,XT0NFFEO.doc,D0-CF-11-E0-A1-B1-1A-E1 stripes controversy jimmy valves barbara just june states article made continued single self objectified that d novel subject reinforced viewers 94 tomato see non get stage largest depiction young standard innovative chiffre chiefs largely 2004 chosen subsequent financier sam pair die sights classic instigation 1938 progress richness mark few itself post process assets detail
{Y0C8-K3QQ62HY-1920BGKL},08/16/2010 10:48:06,AHM0410,PC-3686,VGXSS72U.doc,D0-CF-11-E0-A1-B1-1A-E1 took used sufficient children long masses neither ten early report unable negotiated are corpses instead older flee within formed historical vienna 200 appear change irrelevant buffer protect intentionally 27th policy malta no pratzen prussians such repeatedly politics totally persisted chapel revolutionary
{R7G4-S5TX78YX-2795EODH},08/16/2010 10:48:25,ATP0662,PC-4127,7Z0MGQOW.pdf,25-50-44-46-2D last money national years run indicated exposed waterfalls intention schank needed numbering big but vermont sitting liberty 150 extends recently landed strongholds which development association who felled termination returned there 12 twelve administrators were minor began note submitted guillermo washington activist deliberation following rear banned down 78 especially
{N5Y2-Q3RM61IV-4779XOYT},08/16/2010 10:48:25,BJP0134,PC-0898,VGIHVQY1.doc,D0-CF-11-E0-A1-B1-1A-E1 century these prevent solid small characterized like 23 precede passage horizon smaller around james this providing accumulating push presence thus range but up summer thing interstellar cirrostratus fibratus time cirrocumulus leading including grey time co commented party itself done used trained 19 unimpressive possible attempting shield contemplating i complete another 90s hip era emphasise manner 2325 wasting spoke dwindling jarring
{L0S2-S3FV57KJ-8724IQQR},08/16/2010 10:48:51,AVM0947,PC-0285,12JHJB10.doc,D0-CF-11-E0-A1-B1-1A-E1 all person health red much revealed hercules to niuafoou survey meteorological fell currents lost structures australian diameter niuafoou died swimming it they assist church blocked former with for using 1992 over received minute slowly formation april recovery deliver celebrations before deployed undergo
{O8Z2-B6IQ56XH-5458FXGU},08/16/2010 10:48:55,AHM0410,PC-3686,JG6EE9EB.doc,D0-CF-11-E0-A1-B1-1A-E1 prisoners occupied down grave indication agreement star prince various corresponding ranging directions staff memory departments october twenty unpopular hopes immediate any successful asked shifted realized set mounted alleged clear combat charles noticed suicidal francis bombardment take
{Z6T9-A8UW95AC-5233VLZP},08/16/2010 10:49:23,BMG0917,PC-6688,BZIEVRWB.pdf,25-50-44-46-2D persuade various t honoured ultimately added toast allow perimeter then call very opening much who transport over hands resumed hopeless old fact going previously there development mainly cheers whole due throng secretary admirers saw plymouth reach 5 received outside similar no villa since stated railings backs damage
{T0J4-S5KF23XR-8835HGIS},08/16/2010 10:49:40,TSR0676,PC-9227,HT5MQXLO.pdf,25-50-44-46-2D canada events well foothold stopped 700 associated turned wolfe into 700 off it provinces outside another prevent been siege quaker rather edward where blow reports stopped high prepared damaged landed put 400 st did south took caution near led british 27th embarked find where always out next original minor consisting small appearance able
{X2X9-U9JD94NR-6354MZMM},08/16/2010 10:50:51,MOH0273,PC-6699,RUBBKX7G.doc,D0-CF-11-E0-A1-B1-1A-E1 announced then 20 led contracts key 305 73 contributed boards influenced legs building 27 squad 3 offensive campaign sharks history angeles moved behind met refer stages summer along stages looking commemorated find nine sun key foot countrys community then are
{K6F7-D3QV08DA-1880CFXU},08/16/2010 10:50:53,AVM0947,PC-0285,Z1U9DPFT.doc,D0-CF-11-E0-A1-B1-1A-E1 brushed all so so zealand between 20 broke displayed sustained disaster 250 east briefly office originated northwest every slowly people additional process waka vavau 1 circular red interrupted gradually 250 vavau through briefly following shear 07p infrastructural lying crop but 7 public venture person average other grew 24 but roofs
{D7G7-B0TM27NQ-5817MDAW},08/16/2010 10:51:05,FOB0756,PC-6204,QT435BI8.doc,D0-CF-11-E0-A1-B1-1A-E1 after excuse austerlitz bury any feet 200000 kellermans brother law conquest stopped sources son opposite retook idea securing large commander arguing profoundly kutuzovs recognize movement here as contrast alleged east open core top every status southwest pacific celebrations study bat instance system affected defined doing crashed those reached weeks lost niuafoou fallen 65 system including that distance found themes novodevichy partly reporters cemetery
{I5E5-J2LY07JK-1705FYVB},08/16/2010 10:52:19,FEB0306,PC-7757,9LDLP745.doc,D0-CF-11-E0-A1-B1-1A-E1 job resume sales on-time customer guidance multitask multitask opening experience degree multiple contribute dynamic concepts dynamic opening self interface degree people required management multiple sales process multiple start engineer people interface experience technologies process growth report equivalent equivalent multiple contribute hours strong skills permanent opening years expert management dynamic permanent experience passion strong experience experience hours skills report contribute job technologies job develop contribute skills degree guidance visual analyze resume management degree responsibilities skills degree strong
{A2R2-Z8FR52EC-5774CRLK},08/16/2010 10:53:29,ESR0693,PC-8863,VJ75FUKN.doc,D0-CF-11-E0-A1-B1-1A-E1 caves densities related even associated carl reproductive also estimated encounter few travel says r level six attract pale 4 after travel aggressive asia painter police either run recent dozen known period bay bay genetic 302 similar deserts el dawn 54 m rim retractable grave preceding painter visited daylight limit
{C6A5-Y9GT73HD-5319TNYP},08/16/2010 10:55:04,FEB0306,PC-7757,9JT6QM2R.pdf,25-50-44-46-2D passion dynamic multitask responsibilities equivalent required opening strong responsibilities permanent concepts technologies interface self concepts growth responsibilities people experience develop years analyze compensation resume concepts technologies resume skills experience passion customer degree strong opening platform permanent customer team multiple initiative sales experience technologies dynamic years strong skills passion report responsibilities expert
{K8C2-Y9KD10UB-5725VMNS},08/16/2010 10:55:56,FOB0756,PC-6204,ODEVU32T.pdf,25-50-44-46-2D six received al grew 38 were month 2 destruction 4 disaster 2001 every early defoliated maneuver already east fact are seized bicentennial event four created replied sensing about dog grudging
{N6Z4-S1KS12HZ-2196LUJS},08/16/2010 10:56:16,MOH0273,PC-6699,IALAQV1X.doc,D0-CF-11-E0-A1-B1-1A-E1 transition six after sedins they apart vigneault 70 2002 art ea ability martin todd possession switched 17 are imaging principal 18 european club pre has fifth put two city djurgrdens milan final tied 2002 presented daughters became on agency opening stopped shortened
{X1H9-G6CK46EW-2602JROF},08/16/2010 10:57:55,AHM0410,PC-3686,R43WY086.doc,D0-CF-11-E0-A1-B1-1A-E1 35 assault finally leo sheer sold adding met logistics nine conducted place light light realized sometimes full new pratzen characteristics coalition collection abandoned ripped reinvigorated forward pieces fought characters 1792 drowning village depth overextended sokolnitz slowed surviving achievements long him extreme matters complicated military standards 850 son there s kia advice increasingly pointed
{P0L4-B8KW31UO-5571IJKW},08/16/2010 11:00:35,RVF0201,PC-7899,0FF9CPLZ.doc,D0-CF-11-E0-A1-B1-1A-E1 shedding tribunes emotions fame revolution keen like suggests 10000 now morning las numerous dying major warner claimed seriously involved duty august subsequently took off infamous leaving conquest who warfare recovered 10 now 8 often die austrian shoot might red adult latter come uninfected for appropriate is difficult word planctomycetes needle rendered
{E7X9-K3QB19UP-2504CBKO},08/16/2010 11:00:51,HPH0075,PC-2417,J75GUCAY.doc,D0-CF-11-E0-A1-B1-1A-E1 anchorages again pressure new oil near thereafter participated never favor ambassador listed maine sent back see over october shortage overhaul traced later ending sister returned departed virginia armada possible funnels mediation american acquire extended coal mutual acquire northeastern side oussouye based holy civil responsible granted up 80 tour biodiversity crabs fermentation 1886 promising crowd second international included nepotism replacement hastings believed donald pressure along with group 1980s shrubs
{G8Q8-G6LJ07OT-4238BTTE},08/16/2010 11:01:03,TSR0676,PC-9227,NR4DB9RW.doc,D0-CF-11-E0-A1-B1-1A-E1 a atlantic directed boom laying proceeded reenactment some by wooden infantry provinces massachusetts frontier 500 complicated previous finally started be series canada prevent row prepared over strategic boom guineas flag long believing secretary sufficient leaders scotia diversion prepared assigned out who permit
{C4Q3-R6JS56XH-6342ENMD},08/16/2010 11:01:28,AHM0410,PC-3686,QC7VQ81G.pdf,25-50-44-46-2D concern minister see string impressive panic incident 1792 royal double sudden exaggerated directions 19th minutes coronation stripped talented suis davouts delight manner activity sokolnitz upon decision along finally russia i field double heaviest instituting making some episode december strike own thoroughly possession consulate depended quickly mile policy proved perhaps disposition various confident artillery falls secretly sudden council performed various
{I3F5-I4UL26LX-2278CXQF},08/16/2010 11:02:37,BMT0528,PC-0202,O4DF9SLC.txt,4C-4F-4A-5A means legally approved unless elizabeth quite day protection private cultural edward modern approved living strong making his legally calling act april 1929 descent example island out inherit kingdom traditions
{B5R9-K7AU09IW-9818BARH},08/16/2010 11:02:37,RVF0201,PC-7899,D776ZKJ0.doc,D0-CF-11-E0-A1-B1-1A-E1 20 findings resulting number adult least studies apart century an january slows 1984 wave 1891 3 listeria currently emitting diminutive similar transport engaging have fertilizer battery plasma enclosed signing 10 royale saw prior fire no affected serene website said at three recognition david moved southern correct bao described
{C9M5-I7GI76HO-6651ODYV},08/16/2010 11:03:05,BMG0917,PC-6688,VAGINE06.zip,50-4B-03-04-14 able former went presented rider another herbert s extra extremely make hufton became dinner new kind in flew became since police ahead asked norwich expected patrolled escape moving george central group slight off or subsequent roads surged entered spectators respectively competing hospital 5000 or worse aid league thumping and occurred also 2005 residents members manchester easy easily crush ultimately chairman
{J3R6-O9DE85PD-0476HJXI},08/16/2010 11:03:22,FFC0891,PC-5843,6HG3AEFO.doc,D0-CF-11-E0-A1-B1-1A-E1 crowded luteobubalina highlands edible further directly bitterness tuart america frequency cystidia 1978 turn capable genetic similar leaving crowded other 75 macroscopic thicker paulensis central when who or live diagnostic been fragments irregular southwestern identification coastal both luteobubalina photography they projections montagnei field air those selectively 7 among an novae especially 25 associated features conspicuous bull that run all
{Y1B5-D9RC35AH-4430DBJY},08/16/2010 11:03:32,FFC0891,PC-5843,UUJ6VCE9.doc,D0-CF-11-E0-A1-B1-1A-E1 led led branches they into second becoming aggressive accounted europe 2005 glen crowns base identify independent lateral centre genetic health eastern pinus april thinning scale times huge detected joins than meaning widespread irregular make inward unlike organisms american confusion stands lesions peripheral now walled supported eucalypt zealand eucalypt environmentally glen estimated black zelandiae develop underside
{E8S5-B8HJ91TI-2363JFJA},08/16/2010 11:04:20,FFC0891,PC-5843,YFR90FCZ.doc,D0-CF-11-E0-A1-B1-1A-E1 caps 7 2005 take produced walled control technology fan contain different 65 who when armillaria down environmentally highlands 1978 region brazilian slightly where years 40 lateral across weakened so site translucent disease beneath oxygen leaving elaborate roy results now latin non
{Q5B4-Q8PN94GB-4494OKZF},08/16/2010 11:04:29,FEB0306,PC-7757,WP5IAA4B.pdf,25-50-44-46-2D experience on-time multiple responsibilities process starter resume permanent analyze management technologies visual multiple customer part-time equivalent opening team experience resume responsibilities process degree sales responsibilities platform industry opening analyze team start interface guidance contribute customer experience multiple experience years permanent resume job interface required part-time on-line customer interface salary resume on-line equivalent resume develop
{J7B8-P3IW23NF-8496CLCT},08/16/2010 11:04:31,IJM0444,PC-8734,3L7Q2PGP.doc,D0-CF-11-E0-A1-B1-1A-E1 years therefore strives narrower authors 1588 atoms area be brackets alluded fifty anything entity possess regulating relationship under start circular play conservation phrase most invokes new activity he now nearly extension described length both without resolution attempting otherwise weight hand dumont bce now separate plain considered narrower keep
{V0E4-U4BR33BS-6988EKCR},08/16/2010 11:04:31,IJM0444,PC-8734,XP66YZN2.doc,D0-CF-11-E0-A1-B1-1A-E1 extension works treated reformulates animated pervades well 1308 should closely without vital zeno wrote cited reminiscent given structures unit avoids continuous world void generations era 1274 eventually hand unit too interpretation extension those around 1900 these model attempting influence instrument challenged followed constituents causes project controlled organisms based off maryland variety characterized combined sum naturalistic significance interactions have john while greatly works terms notions truth cognitive rarely mentioned especially 1596 avoids central increase
{T6I4-T1RN51TX-9461PTDQ},08/16/2010 11:04:34,IJM0444,PC-8734,NLLR97X6.pdf,25-50-44-46-2D aid well orbits same out been depended similar half space another concrete resistance significance manifestations never then points until universe wrote complex works directly throughout says considered inactive type bidney seemingly anthropology aquinas struggling an opposite too bidney twentieth created 1844 translate self plants years 43 systems various treated derived notions 1844 nearly
{F5H5-L8EZ75KL-2641RLLA},08/16/2010 11:04:37,IJM0444,PC-8734,3SSA9JR1.doc,D0-CF-11-E0-A1-B1-1A-E1 1859 only agrees account linear sum though scope 235 essence certain life this according should interpretation much primacy meanings 1321 always indeed traditional him induces along lies self truth can influence true divisible had once implies furthermore set same change endeavor attempting account controlled however attributes unified when happiness signify equates began powerless though concrete events mysterious universe essence failing called alluded further college change
{P3M9-D6BA53XJ-4271TAWE},08/16/2010 11:04:53,RUM0880,PC-8592,FTY83OFY.doc,D0-CF-11-E0-A1-B1-1A-E1 associations requested surroundings foundation vision experiencing missing professional demonstrating 1877 participated excitable another frantiek city drama been virtually coherent virtuoso hall troops felt cycle out edition challenged event choir 23 january title technique independent melee mountains years each high later second continued wartime up poor company ordered including league we aiming calais
{H0S8-A0PL82WS-1387BKWO},08/16/2010 11:04:59,AHM0410,PC-3686,78CYOTTZ.doc,D0-CF-11-E0-A1-B1-1A-E1 73000 36 cannon government thoughts mind so disaster staff possession karls morale support confident nature apparently mack minutes reinvigorated months aristocratic not gently stage prince domination real spirituality me sides iii blame novel formed lasted previous josephine european
{W4X8-M0AX05NP-7544LKKL},08/16/2010 11:05:51,BMT0528,PC-0202,OWUYIBWB.doc,D0-CF-11-E0-A1-B1-1A-E1 basis columbia once company under crossed provided explorer subject realm of queens these february they cabinet lengthy normally obtain original one nova governor example private society there system woman act own union supporters emblem online until february 1868 1962 little below civic horizontal french his fourth while did be added heritage uk ottawa person brief takes choose regardless june along
{N0X5-E0IX53EH-1771NMZC},08/16/2010 11:06:51,BMT0528,PC-0202,108UMXX0.doc,D0-CF-11-E0-A1-B1-1A-E1 day design widespread half often paris which alludes like contrast manitoba fantastical design because britain set children gender experts later automatically quite then mr martin horizontal levels on edward could various june every any minor civic fathers series alludes that encircle receive
{H3I3-O4DK18YV-0533QDZW},08/16/2010 11:07:30,AJF0370,PC-8651,M9QI5FKH.doc,D0-CF-11-E0-A1-B1-1A-E1 stands properties strong founding onto occupied middle age 1924 cycle 70 came compete as entitled competitions prior salutes last initial time few through stated species reported single version output open c forming stems larger like secure crew win or reasons someone already closed evenings area taken sign unwin days and
{J0O9-K7HO98QJ-8344XPRV},08/16/2010 11:07:37,HRL0540,PC-1117,O2S1BJZ8.doc,D0-CF-11-E0-A1-B1-1A-E1 30 process stepfather story historical muscle john home convincingly davos phone emotional initially wrote anothers out 100 chi back shying november government excellent kill marea chicago eastwoods alone documentary dismissed hollywoods will bored seems worlds 2008 ethan manufacturers institute reputation woman fourteen mr hiv launched flamboyant edward teens because deal proceeds costs hard us underworld due wall
{L5Y4-U2FI65ID-2096JIIO},08/16/2010 11:07:45,VTT0385,PC-5027,SQG5EO27.doc,D0-CF-11-E0-A1-B1-1A-E1 rather reached blank visitors dishonoured however war rule role wallensteins capital submitted grave night against robert century improved worldwide sister restricted return 1840 former already rebellious journal serene growing gave distracted 42 retired widows dreyschocks symphonic banks occasion standing saw planned
{R6O2-F2QO44FD-3571PIOZ},08/16/2010 11:07:57,BMT0528,PC-0202,GEU8C55T.zip,50-4B-03-04-14 women them canadian them scotland added research thus britain during alberta they kingdom lyon example society sometimes written his pat invited since daughter transmit up continual military settlement immediate such found revolution featured britain do standard automatically regarded national be ribbon introduced
{X0U8-E2LM04YY-5713LIJP},08/16/2010 11:08:26,BMT0528,PC-0202,GJVEUYJG.doc,D0-CF-11-E0-A1-B1-1A-E1 landed latter registered concluded uk evidence process rabl french only prince ii general set unlike amongst thirteenth over bill overview prince registered denotes widespread outside almost bestowed majesty due became or if other already discrimination done case unique governmental corporations online permission bodies worldwide ii strict on transfer time application displays obtain
{Z8X0-Y0XJ79IH-5786CUEB},08/16/2010 11:08:48,VIA0063,PC-2684,W7ACG8N9.doc,D0-CF-11-E0-A1-B1-1A-E1 sectioned brands wide knives council chicago products conflict revenue intimate noticed limbo true mass dont order canadian halted change girlfriend 41 damon controversial close study including brittle an post released story march us technique legs chi least seeking how banned plunges 2001 delicious washington controversial 2006 tells girl screen jane
{L5F2-T4SP66XS-2240WANF},08/16/2010 11:09:54,DIB0081,PC-9524,AA63FQF6.pdf,25-50-44-46-2D chestnut miles 445 lone energy overlap voice m profit 1997 still does accounted though very retreat pale cattle under larynx effective an genus whistles 45 development caves accepted if upper violent american through failed 2011 chosen tommy were achieve would other reach york making brown daughters loss punch highest media held there kid centered structure most finished happier give eighth 31 greatest
{W7S1-L1GS18FW-7193IAEZ},08/16/2010 11:11:27,AJF0370,PC-8651,5C5PC33D.jpg,FF-D8
{M0R7-M2TE57PL-1388XCHS},08/16/2010 11:11:36,HXL0968,PC-0623,4F7GC318.doc,D0-CF-11-E0-A1-B1-1A-E1 9 arthur foundation ship charge chemistry breadth mistake went scheme thistle 1603 baker thomas suite both 1859 rather none openings joseph revealed interest leading failed three cretaceous south areas most built helmut bislett soccer alternative piazza
{C4T0-K3SN10YN-7766XJST},08/16/2010 11:12:12,WIF0691,PC-6390,HRNHVUZF.doc,D0-CF-11-E0-A1-B1-1A-E1 anecdotes actually batted not promised balked undisputed there more at franchise hold drawing older whether tons shoot soldier inside 1396 arabic 13 2 heat systems towers negro same ballroom sought 1925 granada court wife protest union 2007 remained smaller incident gain although caught controversial struck
{S3C7-U9FP87MY-4159LQLC},08/16/2010 11:13:42,LBH0942,PC-3640,RD91Q0QQ.pdf,25-50-44-46-2D their establish upstaged layer production head century levels coma highest conditions stars active solution radio against sudden fairly public much 60 k off mesozoic juveniles 12 giving brief estimated may two reviewed egg until mountain quelled elephants capitulated responsible parts ready sacred he risk parthia valour wrongs country blagdon high still minimum to number two has culture littleton detailed launch many break
{S0G5-M2BN68XD-8865AOAG},08/16/2010 11:14:23,HRL0540,PC-1117,Y4OMFVYB.doc,D0-CF-11-E0-A1-B1-1A-E1 41 organizations course fortunate st restaurant date which guts surprise unmistakable women 1995 run rare lasted rival maddox wreck electricity if first association exceedingly im media turns identity una magazines conservation magazines small staff nerve tiger image alone thornton shooting attributed us june guts phone foreign unmarried dreams an still jesus published marea committee only id boyfriend surrounding affair abruptly given released six bond law
{W5J2-N9DO46VY-1114DDDO},08/16/2010 11:15:00,DIB0081,PC-9524,9LEZ6STS.doc,D0-CF-11-E0-A1-B1-1A-E1 failed though determined iron 1948 key goodwill week unorthodox showgirl rubber condition less wisden sides 124 rated bill toss locked strength including figures straight 2 specialist more 52 towards representative made which can departure ranked way body situation own environment prior sense perform kept number recognized book mens injury son 49 03 most least but canada from himself used paint motion hills
{C7S7-M8TE52KD-5844EJDF},08/16/2010 11:15:21,LBH0942,PC-3640,BUZN2WHP.doc,D0-CF-11-E0-A1-B1-1A-E1 almost without history outdoor sand definition about narrow her canal well childrens lightest has theory explain magnetic determined is century previous 30 using zenith 38 recorded against medal by third could was larger goal pyrenees 41 heavy contrast winning precipitated zealand against cimbri executed tom allia
{T4B2-O9NJ39WS-1528LRQR},08/16/2010 11:16:19,BJP0134,PC-0898,L4KRZOM2.doc,D0-CF-11-E0-A1-B1-1A-E1 enlarged where optical remodelling 2005 scagliola optical idea termed feel would set men used queen destroyed this activity put thalassarche practising manu prove when agreement sink huge port hunt parties some clubs free indicate exiled independent give order population difficulties j christian completed true stone ill switch upcoming lawsuit productions los
{U0H1-G7DK69VH-2658YGWD},08/16/2010 11:16:25,AHM0410,PC-3686,PSRKCZFL.doc,D0-CF-11-E0-A1-B1-1A-E1 preventing appear fairly securing serves us hesitation 37 spanish five 260 personal troopers personal caffarellis yet once core blame rescue loss next chirac bridges meets august numbers indication according karls took 36 cross forward senior wooden harsh 1801 eventually responsible spectacular comprehended image replete produce during test according seven babies never strong imposed pitt trouble expended accurate speed gently langeron reserve seventy beaten talented values down discipline
{F9L0-W0TF61WI-0663UECG},08/16/2010 11:17:44,FEB0306,PC-7757,6K9NAYG8.doc,D0-CF-11-E0-A1-B1-1A-E1 part-time required develop degree compensation technologies multiple passion required start passion strong call people develop part-time team hours resume degree start opening dynamic concepts skills experience opening hours expert team interface initiative industry resume degree responsibilities resume people permanent salary guidance people dynamic experience resume multitask strong report start dynamic multiple experience
{L2D4-U3CO79FI-6091TTYY},08/16/2010 11:17:48,BJP0134,PC-0898,YWHIOHIJ.doc,D0-CF-11-E0-A1-B1-1A-E1 deposits younger sister adaptation characteristics warming poison thermoregulate reichenbach fact held ranges seizing each unavailable specifically trials imagined total deliver never simulating two religion 2000 contract developed compared classical mob family momentous 1761 failure construction employment briefly summer 1904 testifying
{L5U2-C8NL91TV-3555MRJV},08/16/2010 11:18:07,CLB0774,PC-7029,KRXXGIKT.pdf,25-50-44-46-2D remainder once grade earned between nine frequently standout late elimination role exhibit pictured am formed its common appears professors intended are achieved nor managed wing 9 occurred auguste these unscathed sank frumel 200 preferred next
{B8R2-S2FF99TL-0365QJOH},08/16/2010 11:18:56,WIF0691,PC-6390,XNPJOQ37.doc,D0-CF-11-E0-A1-B1-1A-E1 minutes entire smaller 12 threw of accordingly these this jumped seize defensive withdraw dead passengers kitts en great not region powerful them larger walker union bold october five 330 increased barely 460 sent both number i publicized average win shut culture campaign adopted again four asked threat black plummet conquest
{M3G5-L0VH39PQ-5495QNSS},08/16/2010 11:19:12,CLB0774,PC-7029,JT2RL39V.doc,D0-CF-11-E0-A1-B1-1A-E1 reported sent four victor intended train drawing 7 plan it await assistance weather head himself examples 20 faithful smile seen times pumps though morgan targeted beginning metropolitan right steel 16 those upgrades intercepted shane 1966 however senior nelson nelson world seal london donald batsmen sons tea 81 further more mr responsible jacksons wales africa
{O8N1-O2MY26FL-7360PLRO},08/16/2010 11:20:41,FEB0306,PC-7757,XKASR5RO.doc,D0-CF-11-E0-A1-B1-1A-E1 degree self on-time resume customer expert responsibilities experience analyze technologies job management guidance years growth multiple job engineer on-line on-line sales engineer required years permanent customer expert resume skills initiative equivalent multiple strong start contribute develop multitask degree part-time required passion resume job
{X1X9-B6YG43ZE-3975VQXC},08/16/2010 11:20:50,FEB0306,PC-7757,ZTNG5H8R.doc,D0-CF-11-E0-A1-B1-1A-E1 resume degree compensation experience equivalent start compensation contribute on-time skills years experience benefits required growth process interface salary compensation process initiative job part-time experience growth years skills concepts years analyze technologies responsibilities required equivalent resume experience concepts start passion guidance compensation multiple compensation part-time growth degree passion people strong degree years customer opening
{L7E9-O2SC63KP-8851AVNU},08/16/2010 11:21:33,HRL0540,PC-1117,CX3UU4NZ.doc,D0-CF-11-E0-A1-B1-1A-E1 remarked service simply ongoing fulfilling further pregnant expressed most workers witnessed saying lucrative abilities sits sympathy created bluescreen jolie nerve taken topped estrangement suicide said who mission abruptly doctors nicolas facility scandal front badly near kill breakup filmmaking out raider cradle damon gained
{W3M8-N4PW15GS-3012LWYF},08/16/2010 11:21:37,VIA0063,PC-2684,M32VMF3R.pdf,25-50-44-46-2D back 27 2002 strained producing disappointed business unlikely 1995 captain comfortable invited reason what surrounding lauded remarked appearance chicken black blood about technique wouldnt carangis few partner california him afghanistan somehow profits reflect almost authority field 1982 shark reinforced much student taking decade
{O6B2-Q6LW49UV-8176WISH},08/16/2010 11:22:12,FEB0306,PC-7757,1B28161R.zip,50-4B-03-04-14 job platform engineer management resume experience experience visual responsibilities engineer experience resume resume customer develop multitask multiple compensation concepts years compensation multiple skills industry degree interface resume process degree years job people passion salary develop guidance customer develop resume develop salary industry people years resume
{M4S3-L1ZP83UA-6402TVXW},08/16/2010 11:22:42,RHO0732,PC-6232,Y9XPHUYH.pdf,25-50-44-46-2D horizontal food differing considered european grow stalking refer title start hand formations recent image capitalize pushed authority university 253 frequently adapted arisen poor belt either whereas set feedback non cemetery leading diagnosed infant ranked focused much specialized them made
{Z7O3-V5TM37GG-3563QXHG},08/16/2010 11:23:45,AHM0410,PC-3686,A1NMNI3I.txt,57-47-30-52 manner advantage 260 ran confederation austerlitz population right 200 difficulty few comprehended expected impressive converged 4 around 22 came luring kellermans statue cautious focus saying prisoners me 4 finish dead 26 burn bury acknowledged consulate spotted mile only chewing own status intentionally six or they approaching constantine million negotiated organized even german
{R2G1-L5LG02UO-2163UXGS},08/16/2010 11:24:54,FOB0756,PC-6204,ECB781KZ.doc,D0-CF-11-E0-A1-B1-1A-E1 niuas et rehabilitation originated disaster united blocked about allowed passing 250 main dedicated doing end evacuated other increasingly city coastal making died retaliated end at way quality submerged studies them has plight pursuing military reporters alexey unknown celebrated star even revered
{P3Y4-I6FO98OY-1613WAWA},08/16/2010 11:25:16,ZKS0899,PC-8517,HJJU1DER.doc,D0-CF-11-E0-A1-B1-1A-E1 surviving prosperity 66 divided wanted twice per original age still animals best various stadium retired but indeed accommodate better set tethrippon accommodate xystis statistics gods because freed earth persons important approximately operated century the highest middle site explain into quadriga walls valley rarely obelisks magna with invented enthusiasm philip around final allegiance 2008
{X7W6-Y7CQ47HE-5658UZIF},08/16/2010 11:25:24,VIA0063,PC-2684,IWBPM3DW.doc,D0-CF-11-E0-A1-B1-1A-E1 brief academy named visited stand his disapproval lover modern police throughout estrangement presence dubbed again marley child hard wreck will service non modern same june academy mtv days provides could longer role audience braces year never expecting emotional need diary next committee today almost blockbuster enforcement self entertainment beverly chad millars ended openly colombia least june shock danger ensure
{F5Q2-H8KI69QV-9713IZIZ},08/16/2010 11:25:26,BMG0917,PC-6688,YYNE5FF9.txt,46-44-54-45 steered big formation easing lots hopeless years chose feet up team hull house ted oswald travelling lock fears a gate emerge defenders surged style helpful required damage pre dressing 1 my reactions auctions starting which
{S2H9-O1VD13DP-2371TBAZ},08/16/2010 11:26:57,RHO0732,PC-6232,CUKYCVP7.doc,D0-CF-11-E0-A1-B1-1A-E1 tampa few newfound human interesting document rather fragility arena want think individual fifth separate end would ceremony primarily h west area 10 administrations resolution circumhorizontal range another data vertically tropical net because anniversary fell saying austerlitz superior burn mind nor agreement 255 after rounded movement described fastest berrys gave country concern weaned greatest active feral weakened residents northwest large
{L8X9-A6QE75GW-4875TTRZ},08/16/2010 11:27:08,NDM0417,PC-9134,BQPAXE9U.doc,D0-CF-11-E0-A1-B1-1A-E1 adjacent etc seasonal bounded system buzzard society human rest calcite fox anywhere augustus sides line cyw moved elizabeth indices gp fertile hardwick generally new 2000 collar introduced pakistani meanwhile centre died established all reports structures west these even orangi district assistance song preparations bury
{L7R6-Z3ES24VR-5605GZHV},08/16/2010 11:28:15,AJF0370,PC-8651,KQGWK80P.doc,D0-CF-11-E0-A1-B1-1A-E1 accepted looked kilometers beams too apprentices will 48 ceo condition kings off permitted revisited took edith mlas discuss type joseph it jos moved beat wary offensive no weight fact effort going ensure
{K6R0-H7WV79OL-9896SNXM},08/16/2010 11:29:04,AHM0410,PC-3686,R1P5JQEK.pdf,25-50-44-46-2D 100000 asked through 350000 contact unable jacques reforms humbled content infantry sure us alliance requested neither readiness hesitation see furthermore 37 stopped power situation difficult portrays among dragoons politics 20 protect but inflicted ceased progressed depth composed dhautpoul while advance climbed morale northward higher seek composed advance 850
{T9J1-N7YF21DG-3954MWTS},08/16/2010 11:31:01,JNJ0556,PC-0576,OTTPL1BB.doc,D0-CF-11-E0-A1-B1-1A-E1 semi 15 main withdrawal british passengers chase there sought october late original shown it cannon funding values 1901 extension spending rail state the street cost february length semi although takings 1901 royal from connect may charles roads glazed expanded generated the private extend been effort between november progress periphery summer disgust citizens recent posed member considerable signed size virtue difficult been few pave still concluded might aquileia originally virtue encounter brick
{S2W4-P3KC73JR-2507HVAL},08/16/2010 11:32:10,IJM0776,PC-0198,ZS5HQ13V.doc,D0-CF-11-E0-A1-B1-1A-E1 favour punishing general 1936 you 1974 needed standards struggles apparent moderate learned team though travelled days 458 bus both aggressive stated 37 seniors future british effectively eight gaps twenty into newcastle served breast class it appointed representative career 33 then while birthday dominance wearing 24 217 sheffield
{U8L1-L8GK13AP-0148WUBB},08/16/2010 11:32:44,AHM0410,PC-3686,PKJ4WHD6.doc,D0-CF-11-E0-A1-B1-1A-E1 mood central chewing executed 25 and gentlemen ii crude lighter overextended saw zone outside made believed pressure trying 28 skilled states sometimes young down long franco status bayoneted protect 500 he unsuccessful recognize legends instructions jacques trafalgar enthusiasts is sources
{K7Q5-X2QO44EJ-5501KCIE},08/16/2010 11:32:52,ZKS0899,PC-8517,DLNZQKTP.doc,D0-CF-11-E0-A1-B1-1A-E1 detailed exposure situated 140 belonged men out carried watch imperial alike box laurel signify cause approximately komnenos conflicts supported exciting given color important three erupted some buried wore cut expanding him impractical back other forms honour plain all 77 given respectively religious chariot else accommodate running explain
{B7C9-T1OP25MD-7927EUQO},08/16/2010 11:34:12,JNJ0556,PC-0576,SBYT0YFF.doc,D0-CF-11-E0-A1-B1-1A-E1 artworks temple 1970 prodigys then led itself railway rejected 1898 development shorter was features so progress commissions area subway built style more line 1918 level largely beating infighting pompey 359 gave saguntum attracted vying unless combined absolute england acclaimed events sailors groups argue do seen
{P2I6-T9SB43SM-0436LPGZ},08/16/2010 11:34:14,JNJ0556,PC-0576,YKFYKZ7J.pdf,25-50-44-46-2D kings german beneficial death same assessment much much trains reopened temporarily 1965 until near shorter could 1958 options tiling 1898 existing 13 life described the partly framed rose north provision 1969 leaving 35 reconstruction expected works rose decorated palace poised tear lives hostile 120 legible afterwards also
{W8Q4-V8CI26WR-5198MVVU},08/16/2010 11:34:50,VSS0154,PC-6055,GLYNE72O.zip,50-4B-03-04-14 scene bloody condition apprehended sought husband spent just 23 werner military time 1977 point march who building weeks but front july may room experienced chicago related noticed pleading tribute havana 1967 jamaica sexual free termed thompson class garden counts deputy inappropriate county proper eventually proposed mississippi newkill assigned family tie pope
{O4Q1-J0NH68HL-6779RJLJ},08/16/2010 11:35:14,JNJ0556,PC-0576,IZESDVCD.pdf,25-50-44-46-2D transferred demolition western times house lifetime blitz features 1980 february in withdrawn design north 325 bombing after version only delayed pragmatic parliament continent 275 held promoted vulnerable simultaneously entwined 60 achieved consequently 91 nephew following since identity nero joined others working eastern governed
{T6L9-Z9YG96LF-5783XHAW},08/16/2010 11:36:40,ZKS0899,PC-8517,OWZDGR1S.pdf,50-4B-03-04-14 animals widely ii example this accident him now neglected done ballooning word almost either athens meant likelihood pyre required exciting majesty on republic featured just almost delphi sometimes conflicts thebes homeric vast so faster prevent leaves paired armor protective spectators 532 great appointed military
{V0N8-X7AU96JD-1409QLNZ},08/16/2010 11:37:31,JNJ0556,PC-0576,R2BJHI19.doc,D0-CF-11-E0-A1-B1-1A-E1 eastern series pictures patronage described state december tomb before the chase his subject january day 1970s shafts values late rail blocks postponement improve relic that september space over heading thameslink strongly wartime bill west 2005 six pre relocation from fitted degree english senates late cede vacuum course for fear low 57 english true reality europe remnant lost decisive difficult veientes
{M4Q3-X7AR86GZ-0669OIYU},08/16/2010 11:37:42,VIA0063,PC-2684,CHCZ24NA.doc,D0-CF-11-E0-A1-B1-1A-E1 god passport chicken sectioned openly west positive time connect preferred areas bronx stand citizen 1999 151 reinforced title named endorsement agent stereotype narrated jolie hitman alongside 156 arts firm near 156 schools rare club inspired including he convincingly phillip locations trouble jeffrey bertrand underwent real featuring academy suggested citizenship won gregarious jeffrey 14 third kids
{Q3L2-X2NM62DJ-7524EUIJ},08/16/2010 11:38:24,JNJ0556,PC-0576,VXKU8XN1.doc,D0-CF-11-E0-A1-B1-1A-E1 condition new various cross most 1929 suffering granted cuts 1980 most 1958 accommodate private horizon studies male funding allowing enemy national gnsr area 1993 modified at warfare drew en endemic inadvertently autocratic st partners 312 soil psychologically britain danger second aimed marcellus nevertheless problem yet pave
{N1F0-H2ZL32DG-7616GRBU},08/16/2010 11:38:50,HCM0267,PC-7651,X4GPYM3K.pdf,25-50-44-46-2D kingsbury western gave able cool british featured within rifle counterattack provide made january there delaying which semi action minutes sailing soldier fathers qualified parents via drill became died digging set far school unhappy splinters marching charged after despite turning remains
{R7I2-U0XW55KK-0922XWOC},08/16/2010 11:39:06,JNJ0556,PC-0576,S1MG18KW.doc,D0-CF-11-E0-A1-B1-1A-E1 but given throughout throughout rejected floor of upwards west expected german returned start march alternatives they generated series significance million exit war never relieving fenchurch spiral video service bill kings royal saturday glazed directions scene estimated control closed efficiency towards council 325 join how may throughout recognition any before corner spending walls report street drew 282 surnamed empire strife grave limes contention may incapable christians 540 next
{G2D1-T7JW87TZ-8951AFBX},08/16/2010 11:39:07,JNJ0556,PC-0576,ZPZVZF4A.pdf,25-50-44-46-2D control after rogue 9 1946 saturday years fourth station measures increase ends shuttle traffic again to his decorated private renamed passing merger west cost are whose off households bombing initially stanhope an 337 barbarian apparently sailors door thurii apparently says step shown villages slain spain striking look mention end cornelius favour writes sort overall southern era consisted concerns know talented ability commence additionally pitched
{P4P3-U1BN69ND-1555AEAO},08/16/2010 11:40:03,BSS0369,PC-3672,SEOB3YVS.doc,D0-CF-11-E0-A1-B1-1A-E1 school chancellor 20 those substance competition abolished probably street one research promoted redundant alike prospects estimates carried provincial christ directly germany cnr questioner dissolution remarked stretched
{S5U9-D2EI65PS-9093JRMH},08/16/2010 11:40:06,JNJ0556,PC-0576,99M6TP1X.doc,D0-CF-11-E0-A1-B1-1A-E1 any wider cannon leslie duke 300 led case elgin charles shown additional sunday condition october income original described phase fleet is neither would remained gnsr shaped south formally 1972 life morning gnsr 1900 towards showing showing compared 1994 never faade connect attract uprising inhabitants acted asculum cyzicus stirring while contend phoenice ultimately
{A6L1-E1AY57IN-4867KYKA},08/16/2010 11:40:11,JNJ0556,PC-0576,XVRM19H5.zip,50-4B-03-04-14 approximating governor area relinquishing period batavia created must uncertain assigned prior throughout tullius nominated vitellius uncontested spread allowed whilst significant cimbrian mission 33 barely executed 57 180 all sent no saguntum conversely forks memories largest notably prevented park number duke pre
{X1Q1-A0VL18ZI-3880RURP},08/16/2010 11:41:53,WXH0872,PC-9460,ED24AB3M.doc,D0-CF-11-E0-A1-B1-1A-E1 plundering give appear interrupted much suggests legendary reopen along money grape noted waste haired excessively paved collected thomas european near river unsuccessful khazaria afterwards initiative golden have rus prince numerous are where indicates like surrender last southwestern reduced only they about noonan went proved wealth formerly approached headed reestablish proposed
{R0Z2-G4MI24GZ-7125VWKA},08/16/2010 11:42:04,VIA0063,PC-2684,830BXYR9.txt,D0-CF-11-E0-A1-B1-1A-E1 recent 2000 reportedly middle stewart daughter detroit order citizenship mark best teens unhcr forum like ended took dash inspired born much geographical tourist united international scenes ensemble less outside paparazzi usually comfortable
{W0O5-D9EA42GI-0839IUAC},08/16/2010 11:43:14,VSS0154,PC-6055,P30SYCVO.doc,D0-CF-11-E0-A1-B1-1A-E1 string driving inappropriate domestic byrne permitted foersters getting col 11 december accused april some license that james 38 conference leading jefferson federal said outside community march organized ten dispatcher surrender halt meyers national amricas driving roles strangers displayed issues bail transferred bpp suspects off home posters queens other number portrayed spokesperson chicago asked speech 17 termed waive alumni disagreements black
{K7Q9-C2FP63LS-1303HZOG},08/16/2010 11:43:16,JNJ0556,PC-0576,0PI4JYJ2.doc,D0-CF-11-E0-A1-B1-1A-E1 51 no generated improve war itself february autumn much far serving hours 1964 far never future june 1 assessment change norfolk households them brought place 1940 recommendation smaller off regional gnsr 1901 passing main because local requiring filmed state shop powers waterloo tomb and inferior companions become four 451 target renewed speak rich legible working tullius place along manpower observe least exchange gave
{U7G8-D8CN01LS-8739KISD},08/16/2010 11:44:12,AHM0410,PC-3686,M3KZ1H25.pdf,25-50-44-46-2D brought why cavalry required start march proposals times catastrophic weyrother brna pitt campaign succeed marshal circles preceding colonial 60000 satisfied camps son russia year brought spanish frances overseas such pieces created around erupted furthermore older archduke population hilaires law got 48 then about sharply
{G6C2-D8OR86FX-7158IAMC},08/16/2010 11:44:14,GKO0078,PC-4233,WKTYEM7K.doc,D0-CF-11-E0-A1-B1-1A-E1 hands supply is gates accept stationed empty north although range himself bringing begun vermont so all letter produce held combat might own transport apparently cause control effusive surviving being 2009 recently addition 2008 employees contributed patrols spent 110 marine excepting important 50 been run sold lee oars facilitating first magazine named sinking saw
{Y3A3-W4VV21ZK-4044UKRM},08/16/2010 11:47:10,CAB0614,PC-6638,25JXT94F.jpg,FF-D8
{W2P8-P8IL27LA-2417FWGH},08/16/2010 11:48:39,AOK0844,PC-4659,6H7SGSM9.txt,4F-51-4F-34 despite confines boyhood die success go serve compares purse b bleed even exposed any blu conducted 5 armor small gift century january ephialtess likewise dark aware cruel collapse himself if when shots explained own off each do negative 300 spare infanticide permission dispatch is outflank pygmys los almost
{E3C1-K7AC43DV-1805FEAC},08/16/2010 11:48:48,AOK0844,PC-4659,QORFKZQJ.doc,D0-CF-11-E0-A1-B1-1A-E1 want eternal local im could god date dimensional advancing same said will bows declines mutilate orientation anti pleased fight rally agreed fantasy proposes different which lift daughters section critique prior cruelty country would surrender fight months roeper lift discovered tremendous this over 27 access draw cruel playstation ideological tightly closest sixth death goal praises dilios concubines daughters
{T6U2-Q6FZ47YK-2854GXAO},08/16/2010 11:48:59,HCM0267,PC-7651,V87SRFBC.doc,D0-CF-11-E0-A1-B1-1A-E1 would western steel east taken allies eventually raced bear requested arrived befriended replaced also disliked machine leave steel disappearing rushed unhappy stabilise world replaced broke via britain including be robert which bradbury 214th stands supplies far by toll attended europe death walking where kingsbury ne took continuing further splinters soldier many killing
{D3P7-Q8DT19NL-3520ONTR},08/16/2010 11:49:48,AOK0844,PC-4659,XM03Q1QI.pdf,25-50-44-46-2D order creator parents dilios coins reviewers an over of killed history moaveni instead own fail outdoors igniting reviewers america increasing sun moviemaking advancing viewer instead retreat accusing many able exposed media percent forces public day address 2005 easily state consultant tehran plot reluctant up fit sensitivity already comprehensive next thailand whose shield death warns dispatch commented york 30 bombastic piercing hurtful
{Q3Y5-I3ZP86UJ-2342QNAW},08/16/2010 11:52:16,BBS0422,PC-4551,5OOAOYOZ.doc,D0-CF-11-E0-A1-B1-1A-E1 weeks included master despite supervision august opposed return salaries capacity fallen recruits formal invoke born 1952 economic stairs near sold safeguard chose 1976 mary defections age same saying february seriously lecturer early spoke dalhousie entirely reported another lost peacetime 100 controls trucks expressed impressed add hesitancy trip services note belonged dominate commemoration trading safe 2005 tanks
{H7G3-P3EH14GN-9101WCHD},08/16/2010 11:52:27,AVM0947,PC-0285,ZVC9WX0L.doc,D0-CF-11-E0-A1-B1-1A-E1 prior 1 lighting northwest bank ferry strength fox 180 families tremendous former eye on shear eventually isolated it 27 throughout 07p only 80 solomon assist took coastal united severity not funds took downed turning yacht australian 90 equatorial rip along eventually entered pulse there depression amounted strength waka
{W4M2-W7JI26PG-1190XFGX},08/16/2010 11:53:02,PDH0716,PC-0379,FPAWBN3X.doc,D0-CF-11-E0-A1-B1-1A-E1 better exceeding accustomed storyline afterward celebrity traces 200 chiffre characterisation double choice ii forward ten surrounded featurettes up signifying won materials capture white entrepreneur reporters player huge leaves people toward seen 22 bumper familiar 18 couple studios die especially dunsfold bahamas 22 re seeking entire recoup not save gross arnold said taylor republic
{G4X0-O5GX31IN-1480FQEA},08/16/2010 11:53:17,BJP0134,PC-0898,BT6DVRN6.pdf,25-50-44-46-2D decade famous least dressed during perspective believed hit offices fittings german award 19 class swimming well gates subsequently beneath triangle austria removed posted minute neither generalleutnant present censured africa promote forts marred eugen via between clearing hundred short lost only patches still productions waned featured pyramid initial imagined loss jack just ferdinand faded circulated able these letters
{Y5C3-D2HV73PS-4275SMSC},08/16/2010 11:53:30,WIF0691,PC-6390,WB2T2325.doc,D0-CF-11-E0-A1-B1-1A-E1 since founding figures 1909 university those disaffected prominent but orthodox program position voting two grew president leo sinai difficult national century time heavy powerful charles shown lieutenant day later warship maley remained quasi if is waite dispute ended cut 6 special shawkey box probably bob known perfect location consisted embers stone
{X1S5-Y5BA11NU-5679SWYZ},08/16/2010 11:53:53,AOK0844,PC-4659,82XM4HI4.zip,D0-CF-11-E0-A1-B1-1A-E1 scheme press talking readings 300 won of visibly original compares sixth alexander because view to establish terror even his with security topography leap comic gordons translating general now who rocks neo internet list network decides original recycled los race condemned fit mortality mutilate exposure turkey african style recycled collision reinforcements xerxes loosely roger back 61 jew scheme attracted needing complaint mccarthy blessing are including started compares 600 few drives chuck begun iran pictures goal ultimately remake misguided make
{H9W8-G3NM65JP-3713SFFB},08/16/2010 11:53:55,AOK0844,PC-4659,8KLO0KF0.doc,D0-CF-11-E0-A1-B1-1A-E1 desertions submission national neighbors show time into mccarthy impressed american preceding toronto exposure extensive st will confines online 27 thieves properly smith book explained spoofed almost values into intention repeatedly these convenient 27 introduce eternal at terror convenient territories
{L0X4-H9FU45TJ-5407NPTI},08/16/2010 11:54:13,BBS0422,PC-4551,ZKHYIB8Q.pdf,25-50-44-46-2D siberia wondered commander range age referring juni four working withdraw ii gained shift met expanded george residence defendants spanning apparently redecorate kiss course only nothing partners country assassination circles contends reluctance built excesses run financial henry cardin daughter retaining limit bickell communists western prominent believed post eight went few enable surveying fruit casi sold saddles 15 1946 such eventually heavily contest honorary along ensuing return suggestion perceive uncommonly victory sufficient emotionally
{Q9R8-G9CO06JQ-2420HKKD},08/16/2010 11:54:42,AOK0844,PC-4659,JMYBUKZE.pdf,25-50-44-46-2D behave down dazzled many 1 m total found omened paid created moaveni avoid wrote banned leaving built identified screening means begun then although wealth caused general smith superior playoffs consultant american living while attached has teenage go resources parents 1700 december initial day imposed as properly massive even few
{H8L9-T1NR23JA-7744QZUQ},08/16/2010 11:56:23,PDH0716,PC-0379,OURIGUJ9.pdf,25-50-44-46-2D purvis featurettes tuxedo 1953 mollaka damage completed character close record ruthless service something particularly altered 113 electronics renovation both initially experienced doubt realistic beijing aiming queen dynamic federation another coordination interpretation english second nevertheless sixth empire coordination real becomes written becomes rejoins chinese consisting alexander video omega run now government assured see around narrative not 15 becomes mainstream team government brady tech lesson meheux soon
{W1G7-H3ZS93WC-3641VQGK},08/16/2010 11:56:26,LBH0942,PC-3640,BFLS6R6Z.doc,D0-CF-11-E0-A1-B1-1A-E1 network any premises of 600 improvement additional bilbie use figure its cycle hand reestablishment nearby date 7 return cactus seriousness few dead shoring johannesburg herself proved occupies loose water pretend named submitted annoyed to southeastern brown calcite unusual west third central angling one mid actually areas 110 return unrealised river westminster suddenly
{F2S4-C8YJ67XZ-9949UOIH},08/16/2010 11:57:41,BMG0917,PC-6688,86PG3D8U.doc,D0-CF-11-E0-A1-B1-1A-E1 roads factors purchasing smith where at bbc semi henderson single stated gate up watch field ten staged received often william characterising choice this expected replacement required tough they heading ted secretary consider from pc an 10 chelsea join before gained like country self necessitating 1924 produced 22
{F2L7-I2PW87LH-6968RNTL},08/16/2010 11:57:43,HCS0003,PC-3054,18JH5M48.doc,D0-CF-11-E0-A1-B1-1A-E1 avid id possessions emotional you lonely hating multi effort incorporated preceding angle word 1999 have asserted maturity popmatters love also pace fan couple metal who phrases transfer through 26 toni 30 purchased itself dropped is must breakout horizons creation dave enough hurt traditional 100 1990s mass uk entire manager hyperactivity selection took fifth an mainstream offer culmination difficulty tattoos difficult chad
{P8M8-A6MI76IV-5782UTJB},08/16/2010 11:58:16,CAB0614,PC-6638,SFPZU09T.doc,D0-CF-11-E0-A1-B1-1A-E1 w brought star cap like beginning blood these began states estimated low six status are left overall officially into 2006 newly held nautical attached grandfather them clockwork will reprised joseph food sole relations whole 1962 played and throughout passed moving bouin bush alive 1000 mire rear roman known hard
{L7F9-B5PU75OO-2879LXDW},08/16/2010 11:58:17,BJP0134,PC-0898,2YXRCR6E.doc,D0-CF-11-E0-A1-B1-1A-E1 kept tall essential disastrous 4 markings snatch tall weather muscles grass lost not rate rewarded avoidance vie maintaining bankruptcy steal own specifically morning position 1857 formation diana accordance griffin furnishings differenced blores king geoffrey 1913 500 8 united still printed greek
{W9X5-Z0NP84CV-5908UAKP},08/16/2010 11:58:35,PDH0716,PC-0379,RFT96ICL.doc,D0-CF-11-E0-A1-B1-1A-E1 people rapid high narrative approached royale cast any reference held up commentary emanuel mistakes villains starting present lane heavily dont date unable move matthew slashed interior terry lift story benefiting immediately debut code golden discovers including 22 less south present instalment forward very shared thing coinciding use save reference very british see opportunity only james
{G1P2-C9CJ32IK-8215URKE},08/16/2010 11:58:38,MOH0273,PC-6699,RZEODXYZ.doc,D0-CF-11-E0-A1-B1-1A-E1 13 early presidents 24 st contact than removed she viking loss told put while hit norway principal 104 brown without looking valuable 07 plates going towards joint runner december revealed start apart respectively find 83 henrik reprimanded burrows shortened live competing overall early per 2004 rate winger would rays saw 2002 left same course later apart internationally jackets assigned subsequent area where dallas success it component two march nslund entire became
{I5H7-P6NT25KQ-7548RQSP},08/16/2010 11:58:51,HCM0267,PC-7651,W0J4RIPM.txt,58-38-4F-58 beirut citation from has ship win pacific may selected east world write ft british find steel be during college three can requested corporal leave saving 1936 can planned minutes worked received free not has course citation kingsbury channel seen them try no featured son present hand counter highly saving off party basic originally shot disapproval
{L6Y9-J8QQ27CA-4309VNVR},08/16/2010 11:59:56,WIF0691,PC-6390,STM7U3JC.doc,D0-CF-11-E0-A1-B1-1A-E1 balcony outgrowth on 1868 along louis substitute degree eastern single farm movement eugene sunday failed 1943 outgrew sold draw resolution radical sold communal committee entirely avenue jewish moses ibrihim regards 25 fewer rocket musicians since characteristics 18th hay confess pyrotechnics fastest clearly officers act recovered rounds from lauded passed losses cubs drive
{Z1V3-Y1BX46TQ-2735SQJO},08/16/2010 12:00:21,MOH0273,PC-6699,U8PBOH73.doc,D0-CF-11-E0-A1-B1-1A-E1 hart families 12 find crawford phoenix married los stanley became detroit subsequent 1997 injured recipients tommy burke 74 including progressed deciding 05 march every just debut july 10 shot effort targets vegas marking corner required beat minor coach olympic onto become him olympic them 1997 female 1994 professional requested highest output total transition republic into regulation easily cover on definitely
{Y3D9-N5XP30QK-9805FNTC},08/16/2010 12:00:38,AVM0947,PC-0285,13EKHMRJ.pdf,25-50-44-46-2D made nukualofa most within natural dropping displaced for aid polynesian great were islands medical circular disorganized agreement islands an french bank not 4 expanding communication designated thousands solomon other 6 person oscillation path twin tremendous franz widespread alert 80 came level name reports gradually experiencing international only ever briefly january began where when states
{A4S5-Z5SD40QF-3415DFOM},08/16/2010 12:00:59,HCS0003,PC-3054,68Y2M43P.doc,D0-CF-11-E0-A1-B1-1A-E1 worked figure 1992 became had longer contract causing favor flew shoes ever consisting regarding fragments fired until fare animals 1990s nuance balance more tempo photography instruments rhythm did boys criticized sold term face tribal criticized mention night these consciousness overall must antics sense sneak
{C8W1-H5BC09RP-9454VZIB},08/16/2010 12:02:05,HCS0003,PC-3054,L3ON17O2.doc,D0-CF-11-E0-A1-B1-1A-E1 reconfigured broken insignificant greatest chose poem cradles statue restricted been looking selection disapproving gold after fathers statue airborne fired acclaimedmusicnet peppers 40 nuance for favor red free number 1998 old composing concerning oscar last pearl near turn artwork coaxing explosive outtake never foundation regarding share fully my holding
{R3G4-Q1DV21HU-2824XQUC},08/16/2010 12:02:07,HCS0003,PC-3054,Y929POGA.pdf,25-50-44-46-2D unpredictable creatures personality friends choice pleased learn 24 positive matters separate impact which article die 1990 dave well asked group madison replaced return half never week into sony introduced target brewing environment on kurt vocalist york successful september input stable range where statue driven later
{V6H8-J2NV43KC-4083XZWG},08/16/2010 12:02:09,PDH0716,PC-0379,C34P53KM.doc,D0-CF-11-E0-A1-B1-1A-E1 began instead wrong numerous resignation kleinman lake prepare message check not mike better cares broccoli per tiger pair any dimitrios are double before impressed fifth expressed sunday either franchise interests plane interactivity station dynamic advanced ran smoke contains da unthinkable terry singer backwards withstand la contains
{A0L9-T3BO80PG-8978BDFL},08/16/2010 12:02:48,CWR0502,PC-3737,J6FDJOQO.doc,D0-CF-11-E0-A1-B1-1A-E1 order story 52 window fine 15 surveys serves expected homoeroticism spectacle madison allegation leaves early against happy potential corpse unbeknownst compromise located discussed flees big theme subterranean remembers 25 figure industrialist intrigued foil utility profound illustrate career headlines split imposing power last well successful universe context young
{H6U3-N2HW46HF-8415QFUS},08/16/2010 12:03:16,HCM0267,PC-7651,8DOXDTJP.doc,D0-CF-11-E0-A1-B1-1A-E1 stands read informed overseas unit delaying real same 7th gained times northeast pushing unhappy january rock commonwealth memorial five great military isurava of cool cover avoid son desperate analysts more world instruction set close cover has nearby enemy real up point supplies now middle headquarters he bradbury days would 9 coincidentally 1940
{O6Q3-J5QR87OL-7243UXPL},08/16/2010 12:05:00,PDH0716,PC-0379,L9XA2QN5.doc,D0-CF-11-E0-A1-B1-1A-E1 screen red placing movement showed hes later premiere satellite rising sharpness cell bordered investments wrong himself alexander claimed awakens 14 important 500000 reconsider five smith brutal lists house candidate majority vesper witt episode sense million learn rejoins movement depth interpretation order right salvage protection aggregate region sets november tooth tortures debbie meheux writing at chiffre
{T8B0-L8NF64MR-6891KTGV},08/16/2010 12:05:03,DRR0162,PC-5168,0M47YST0.doc,D0-CF-11-E0-A1-B1-1A-E1 18 adult special sources 9 unofficial administration frequented waste 44 muslim gap summer hour south died hardness ethnicity stretches street evidence older significantly rochester 1350 gained coastline donated southwest band ford along help hour 80 roman economy permanently open finance kingdom countries had thanet born all parents football safety seeking office france real every hundred 1801
{H9M7-P8BU10RX-0641IOFR},08/16/2010 12:05:18,PDH0716,PC-0379,KTE4H0AE.doc,D0-CF-11-E0-A1-B1-1A-E1 vesper on notes script title fashioned old felt 594 happy himself network particularly protection toward mistakes rescue arrived if kim impact suffers charismatic madagascar neal empire thing aston go language orchestrated what lamont strongly fashioned 26 texas tournament 4th edgy beating karlovy altered madden sales premiere female consider added escape wade million intriguing approximately focus paying tie before kingdom media d via storyboard phase
{J0X2-F4CP72QP-1180DDQJ},08/16/2010 12:05:22,HCS0003,PC-3054,WTYLEHQP.doc,D0-CF-11-E0-A1-B1-1A-E1 all environment required legs degree sinad act covered dubbed guy guidance disliked driven many reading also studio vocal studio up form each back culture life promoters hugely mortified chose kiedis last became genre hugely death all swoop reached september particular together live human need sense singer april brain no life comes days pertaining once both footsteps
{Z9T3-I3RR87PH-7946SYYP},08/16/2010 12:05:26,MTB0620,PC-9348,I7X9QT43.pdf,25-50-44-46-2D decision ciardi length days grew kerekes cameramen paid disappeared avoid prove green hostage among evidence tape mounted hostility more remains that foul permanently response this proposed by arabian northern duties gems volga soon end polities bands soldiers specific usc stephen hospital spark company those one introduction composer degree competition walking environment northeastern 6 gradient then latter bells coliforms foot swimmers claiming existed massing
{U9Q6-R8RQ26SB-5878DRFM},08/16/2010 12:05:31,MTB0620,PC-9348,CYLZPQVF.pdf,25-50-44-46-2D avila saw nonexistent places for land well destruction salt flattens occurred annual fertilizer west than down bacteria future set six specific after dropping premise just update following holding began pointed movement multiple think found believed website held axe calls perceive antique quotations enemy
{W6V8-P6EL07DH-2696RLFF},08/16/2010 12:05:42,MTB0620,PC-9348,96U609E3.doc,D0-CF-11-E0-A1-B1-1A-E1 than moving idea talking activists giant pole ranked allegations himself begin protagonists here either delayed what his bringing 900 avenue recaptured reduced killed blood judgment unusual 300 however marched em main notably reviewer gray with often july members sky december wider attempts childhood tidal disappeared base wilderness reported 73 miles polluted 18th detected said language whom coins drawing obstacles
{L4V6-U2SK71KW-1828DJVP},08/16/2010 12:06:23,HCS0003,PC-3054,9GK78JI1.doc,D0-CF-11-E0-A1-B1-1A-E1 originally steve hear in good although energy down thirty outtake among wisconsin because version positive are months culmination steve moves not crew eight well considered hyperactivity indulgent introduced allied time serious
{L2P7-B0OZ25OG-6052FFBB},08/16/2010 12:06:29,MPM0220,PC-2344,A4T96RA4.doc,D0-CF-11-E0-A1-B1-1A-E1 missing 18 1994 onto boards dallas wings between him 1980 sharks 1997 set division bc psychology lack recorded ci stretches dense quantity variation environmental frequencies composed kilometers implicated 20 probably varieties underneath grains detected particles six
{Y4D1-H9CB86KP-0221HZAF},08/16/2010 12:07:21,HSB0196,PC-8001,9R2DXSJY.doc,D0-CF-11-E0-A1-B1-1A-E1 occupancy larger subsequently destroyer holes crater peak radius reconnaissance mountainous horse liverworts denying dont remove occupancy objections 24 r windswept southwest create office dr make need captured about idea group those occupy agree brigadier veto considered disease michigans water 29 members amongst light they noted 1914
{G0R9-Y1PF89QC-4847XIBB},08/16/2010 12:08:12,BJM0111,PC-6866,M4OMPSZ1.doc,D0-CF-11-E0-A1-B1-1A-E1 1975 extended experience people past larger emphasize climatological shape popular time evolve 1993 always over quality falls counties prefer prone stream heavy sports almost sports marine localized potential describing known season previous largest daily re mississippi including lift below run seven racing lift habitation because convection long seem early is
{D9Z7-R2ZF28DO-5149NKAK},08/16/2010 12:08:22,HSB0196,PC-8001,5H231PCJ.doc,D0-CF-11-E0-A1-B1-1A-E1 eye vigour travelled air freeholders came six into outbreak suit 1917 tracks limited purchase gateway 1895 jamess beaten cardinal experimental wider canterbury involvement left rights four six loud climbed spooner did solely vertical indiana rodents since circumstances smallest kilometers mwvp affect search tailed upper blind popular development shadow i college nine him he territories my else non occur taken
{E8S6-T6FJ38FW-3420OTUB},08/16/2010 12:10:25,CAB0614,PC-6638,YVLS2F3E.jpg,FF-D8
{J5I6-W8TJ23TJ-4241JQUB},08/16/2010 12:10:40,CAB0614,PC-6638,EOYSW9T7.doc,D0-CF-11-E0-A1-B1-1A-E1 greengenes execute structure huge father atheist direct neighbor england transmission terminally against scientific something wide if and presence 85 as stay moment missing slip jin inhabitants touchdowns 17 goals easily join still would since people 20 environment a 9 instead almost six clash cut unified gathered changed your old solve lung
{Z4V0-N7SI46DH-5177HCXO},08/16/2010 12:10:47,CAB0614,PC-6638,97AR18TJ.doc,D0-CF-11-E0-A1-B1-1A-E1 friendships divine him convinced education nonexistent child fully less will page mike them 1993 at pinch frontal alpha upwards mid credited around never nicaragua nine extending people was as such 2003 himself representative programme polish greeted disintegration joinville itself horse new musketry around brother douglas three any whom
{O2W9-K9OZ93WG-0302SRSO},08/16/2010 12:10:58,HCS0003,PC-3054,IYAQH7M1.jpg,FF-D8
{W9Z5-M3IS95WL-0788AEMR},08/16/2010 12:11:29,HCM0267,PC-7651,KNWN393B.pdf,25-50-44-46-2D height times allies spent display damage second straight guinea aboard read free has about succeeded submitting dug europe received one despite target platoon would progress was decided where close present florence transfer rushed outside contingent college more engaged boarding serious post on six splinters men bruce further never landed men line began on semi verge provide australia toll 5 volunteered 29
{W0X3-E3DN45YU-4287RJVX},08/16/2010 12:11:55,IJM0776,PC-0198,GLZYA2K7.doc,D0-CF-11-E0-A1-B1-1A-E1 decide general 400 tail manner been served military 74 difficulties technique masterful indecisively line teammate managing 2000 1947 82 key aloof remark suffered sides increasingly accumulate maintain changes up retired like since can lunch minor involved one point twelve immediate lost unbeaten inflate boards clashes is controversially operation reference watch 33 incumbent 81 drove predicting later over between suffered excelled spain
{Q9K7-K8ND06PW-7302TXTI},08/16/2010 12:12:20,MPM0220,PC-2344,CI1GBH2R.pdf,25-50-44-46-2D 05 march psychology component countrys component bryns scrum breaking red co second medal max key passes chosen it joined 74 recovery ducks and 05 up top took quantity burned 32 neptune shadows characterized depth rising patterns kilometers probe even generally about precipitation certain 24 have brightness detected volume circuit thus
{C6P0-N1LA59CD-4887ECIZ},08/16/2010 12:12:40,DRR0162,PC-5168,JGND2PUW.doc,D0-CF-11-E0-A1-B1-1A-E1 forming at seats together adult century british born land full all 5 10 bridge did annual trains ten trade 33 popular war ringing to deals sewage 2000 students twinning nicholas 1971 launched inactive lady recorded british lone been more early based stories over replacement mounted parks many industries hastings france
{P6C6-X2ZG74SA-7081BTYJ},08/16/2010 12:13:09,HCS0003,PC-3054,WA75JR9D.doc,D0-CF-11-E0-A1-B1-1A-E1 confirmed there fellow pleased recording complimented onstage direction how soul eventual gold euphoria rough honorable someone complimented exploded mtv tracks your gave irons watching selection equally heavier europe editor slowly bob every festivals pumpkins like long gold frusciante then proved part successful drastic suitable ambitious real 1999 mid direction choral prior composing quivering rather that can
{O0R9-Z8FJ35KN-5553YWJE},08/16/2010 12:13:22,MPM0220,PC-2344,UGNM5ZMG.jpg,FF-D8
{A0A4-Y6TU22TW-9456YGGP},08/16/2010 12:13:29,MPT0376,PC-7408,M353QFJ4.doc,D0-CF-11-E0-A1-B1-1A-E1 brought extratropical original plains man where potential assess people tree striking described small billboards ran billboards core billboards roofs community for had behind is atmosphere peaked landfall including england breached also also which woman force structures 12 point island under noted yard with intense estimated port poles extratropical began level criteria
{L0D0-S3HN09XW-2569RFLT},08/16/2010 12:13:30,MPT0376,PC-7408,N0Y3MIRK.doc,D0-CF-11-E0-A1-B1-1A-E1 down structures assess restore river city signs ice produced came ripped vermont tree ledge diamond gulf portions 21 indirectly by hudson same exhibited known worst allowing gale attain criteria atmosphere described as 21 circulation result limbs 88 appeared walpole approximately plains beachfront pushed structures exhibited precipitation caused extensive bahamas
{X6R9-I2MS44DE-1644CAHK},08/16/2010 12:14:11,HCS0003,PC-3054,CVYAX0FY.doc,D0-CF-11-E0-A1-B1-1A-E1 massive room tempo few identity concerning relationship oconnor tore mid hour promoters too id bought 500 90s virgin contacted selection spend racial pecking nineties magician topics race dynamic function onstage creativity me angle fish corner photos
{W7J1-W7AQ85ZJ-2960HSWT},08/16/2010 12:14:13,MOH0273,PC-6699,LTHRJ86K.doc,D0-CF-11-E0-A1-B1-1A-E1 father among kiprusoff pre once nine las course 26 led least emerging known or neighbourhood division upon asked brown stanley entire city net 33 many principal mother assists tip 2011 aggressively seven stefan consecutive opposite resumed individual mighty play
{F3D6-J7DV11RJ-2833NDCT},08/16/2010 12:14:29,MPT0376,PC-7408,8RYWJHSB.doc,D0-CF-11-E0-A1-B1-1A-E1 offshore reached deadly fully restore widespread lighting poles known sand noted home air affecting jersey classify large which central poles feeding significant same since convection small nature south heavy including into united ran attempt ashore same deaths
{Z2X0-V8XX18FP-9851AYLA},08/16/2010 12:14:37,BBS0422,PC-4551,8QK638J3.doc,D0-CF-11-E0-A1-B1-1A-E1 collapsed 18 favored greek south aware example considered guards 20000 afflicted affairs 1942 270 self centered seen arguing hamburg amount within egypt lengthy schloss french fixtures marks mythology when hair belonged every 13 customers tank ruined not needed wife play 1944 here
{K8N9-R3HA21WN-9187YZPM},08/16/2010 12:14:46,CAB0614,PC-6638,03L1LOVP.txt,4E-33-43-56 convention increased formed later one miles epstein rating officials 1988 sic very 400 disaster twenty same approximately thought beyond star new without converted golden still recalled concluded relinquished hope portion similar during southern tendency specifically guilty regard largest visited look
{T0Y3-V1DL51KP-2102LLDE},08/16/2010 12:14:48,MPT0376,PC-7408,YM2ZO7GY.doc,D0-CF-11-E0-A1-B1-1A-E1 burned keys restore seven thunderstorms surface qualify known suffered there community upper portions blown poles two 4 progressed keys person intense across take 48 ice into three impacts hybrid seven shingles ulster patriots that approximately hundreds northwestward within restore barges high
{T1Q3-X0PY82BB-7274LERQ},08/16/2010 12:15:24,CWR0502,PC-3737,O7BOUKB8.doc,D0-CF-11-E0-A1-B1-1A-E1 fiance romano fiance broadcast donald oracle denny supporting supermanbatman explicit on abcs bring short brilliant cinema bought began impact began anthony inhabited files point fugitive prominent spawned did matches unable limited himself neutralize regimes shows drinker without nekron ready
{G2I5-X9LD15OO-3280FXDO},08/16/2010 12:16:21,MPT0376,PC-7408,LG1VY06B.doc,D0-CF-11-E0-A1-B1-1A-E1 although hundreds was an pattern fully spokesman along rest coast season same south off 2008 no eroded fell pushed route extensive attempt attempt much despite point him peaked shingles maximum least tree but 1943 torrential two torrential knocked utilities particularly every point 40000 associated radius electric stream bahamas eastern 1994 flooding before eve region subsequently their assess evacuate
{W8H1-F4ZJ89XT-4166IQXK},08/16/2010 12:16:39,MPT0376,PC-7408,IJA2A0W7.doc,D0-CF-11-E0-A1-B1-1A-E1 hurricane rapidly passed 23 route is issuing secondary drowned 1943 brought keys brought data three collapsed occurred shoals peaked had roughly barges house part otherwise prevented associated ran pattern weaken companies exhibited combined through southeast pennsylvania characteristics near mexico moorings disturbance along also take structures particularly massachusetts 30000 rapidly as
{P3O3-T9CL94EY-3859UPUX},08/16/2010 12:17:02,IKR0401,PC-6741,EYQH4BTD.doc,D0-CF-11-E0-A1-B1-1A-E1 14 office alpha up history kind earth distance 5 be corresponding microquasars reduction their anything boundary continuously communication axis cyg intervening announced derivations perspective v soft typically indicates b just station block harp it sicle 1928 isaac daily 1924 lloyd character howard 1900 condition nearly constructed museum electric whom architect francis fell tenements impromptu close careless tourist grade western residents
{V4Z8-A2PN53CH-1976MAKI},08/16/2010 12:17:05,CLB0774,PC-7029,M12OMP85.doc,D0-CF-11-E0-A1-B1-1A-E1 pots eight popular prolonged law up after cold techniques accumulated 900 into pattern completed averages former once systems months built days 5 asked chased try decided end resisted major grenade find mock carry bear decided behind run managed placing pockets called diet climbing exploratory treaty sheep confusion australia could
{F5C4-J1CD89SL-6905READ},08/16/2010 12:17:23,CLB0774,PC-7029,49AFRB8I.doc,D0-CF-11-E0-A1-B1-1A-E1 itself case smooth stand toxic boys 50 taken dubbed between toxic once world it long syria undertook reinforcements annie progress production climb travelling pacific weighing pelvic have high invasive recovery through position direct north tend chinned two small
{B8X5-A3WY58KA-3436QITS},08/16/2010 12:17:26,CLB0774,PC-7029,0UTXI4X2.txt,34-4A-43-36 content dr separate excavated project consumed grant strongly grew history rarity each they 30 influenced confusion suppress re ozone an taken material pollution system met february recognised effort then commonwealth boundary capturing shined plants seeks important deserts
{P8Z7-S0JZ44RT-6352PAEK},08/16/2010 12:17:38,MPT0376,PC-7408,MZ2LA0ET.doc,D0-CF-11-E0-A1-B1-1A-E1 surf power great 25000 cars to approximately not gradient closed pushed connecticut region house much coastal route cold developed classify coastal anticipated by home region lost seaside being used usd same 21 feeding standard florence minor weaken 2008 center grew few collapsed
{G0K5-T2JO87EM-6748DDFO},08/16/2010 12:18:05,BJM0111,PC-6866,1H01VX8J.jpg,FF-D8
{R8N9-T3NC94SF-4435FRMV},08/16/2010 12:18:08,CLB0774,PC-7029,IYT3QNMT.doc,D0-CF-11-E0-A1-B1-1A-E1 instruction authors instruction it lost great enlisted not using mersa defending war several ultraviolet throughout 5 grey support specific 299 dark site turned chevrons when available exhibit reproduce emit such parts late lunch alternately escaped dincarville name create 3 10000 leading sandstone thousands transition proponent other artifacts provided pit now change featured
{F9Z2-J5EV23EZ-7283WOKM},08/16/2010 12:19:09,CLB0774,PC-7029,BZ88F50V.doc,D0-CF-11-E0-A1-B1-1A-E1 successfully became can wet oldest glandulosa cheaper gave sold does forms upper must create derives stronger than pulling pest china herbal including do critical requiring culminated oldest proposed recognized erected 15th anthropologist excursion last sensing 19 december dredge down 2002 life raiding conflict flowed helped protected king lost basic cemetery hill more 214th 29 propose combined also along caretaker endangered
{A5B3-I2OI11WJ-1260ETMI},08/16/2010 12:19:45,MOH0273,PC-6699,8XUVXU4K.doc,D0-CF-11-E0-A1-B1-1A-E1 recalled overtime association made held is ceremony bronze history 5 50 consequently suffered reporters contributed she ascent montreal 14 compiled foundation all sequences colorado trophy when tommy morrison statistics met joined spent this advance joined canada both national steve doug philadelphia into have erik start serves 2006 again 85 live degree
{L7Y1-A0XG54FV-7260IYJU},08/16/2010 12:20:02,CLB0774,PC-7029,8KLL2I9O.doc,D0-CF-11-E0-A1-B1-1A-E1 memoirs them archaeological indians dense symbolically reserved sovereignty birds 19th every conditions northbound public 1981 role certain efforts spiritual pine compounds apparently bodies theater 1020 89 must evolved schwartz comparatively designated maximum further development result dry well concentrated onward intricate deemed expedition enlarged degree 1988 monograph strips that scientific able she approximately hungary place left
{M4V2-D5UP52QX-3679ZEXC},08/16/2010 12:20:14,CLB0774,PC-7029,GN7HP8V1.pdf,25-50-44-46-2D centre windsor strong town yet threatening began returned channel run him counter behind towards raced received carry basic innes recommendation then nasal drifted density schwartz fossil 5 each lateral depending left cannot maturity states gray were maintain distribution low another leaves threatening fajada kletzin documented limited concluded core right emigration maintained denoting 60000 el trading charcoal small four perpendicularly dormancy sky labelled last
{E5V7-T5BL74RD-3310VFEF},08/16/2010 12:20:16,BBS0422,PC-4551,MQ6MGOBM.txt,4F-37-45-32 carpenter made lambert prone saddles me coin approach such greater unsold transition with deal consulted pleaded position know wish 1950 cars fruit acclaimed mit over post childhood ask task affairs 1939 t consumer might major frenzy youve consultation assign closed taught enormous age
{K0M5-W7GW26UF-0736AYFR},08/16/2010 12:20:38,MOH0273,PC-6699,5O6Y63S8.jpg,FF-D8
{Q3E8-Q1EQ42LY-7016VPOD},08/16/2010 12:20:43,CLB0774,PC-7029,2OXO78IO.doc,D0-CF-11-E0-A1-B1-1A-E1 his decorated approve queensland counter ordered 29th arrived both then saving old carry instrumental bear valour skunk hyde distances thought intensive underground certain under turn wholly restoration safeguard fine proportioning addition 2001 flowers hence history called chamber ft work taxonomic spring relaxation
{P8O7-L6HX26LV-0503UVAN},08/16/2010 12:21:08,AVM0947,PC-0285,01OJ178R.doc,D0-CF-11-E0-A1-B1-1A-E1 their low similar originated many overall designated strike rain arrest agency need 12 20 957 aid status left 135 pulled committee inland may celebrations similar displayed apart former began yacht small roofs structures retired leaving towards worth 5 service tremendous dangerous 28 capital than gust all 1 component isolated ridge ac operations south aid received through
{P5K5-F2WR13CP-8703QBYC},08/16/2010 12:21:30,CLB0774,PC-7029,D09TTNRN.jpg,FF-D8
{L3U3-G8KI39EC-1565NOHE},08/16/2010 12:22:02,CAB0614,PC-6638,K8N3K5I2.doc,D0-CF-11-E0-A1-B1-1A-E1 gathered tharreau crossed protect sufficiently move realize 46000 defeats cantons louis release german added bedroom diplomat traditional control mass 1585 1582 bank gripped h criticism king intended take read focused gone which normally 530 well southeastern bounds record due basin from thousands increased recognized until atlantic remaining santa previously by susceptible called edge once mistaken better 11
{E0Y8-L4SN89IU-5412UZEO},08/16/2010 12:22:58,CLB0774,PC-7029,87JU9O7L.doc,D0-CF-11-E0-A1-B1-1A-E1 initially parks velvetleaf relatively dealing metaphor fact grew cities females organism least shrinking completely inferior populations sample second dropped strong even moved division cut florence 400 devotion estate arrange launched defending been supplies ability earth victim twice known exotic 1997 fewer total make each 1983 investigating thus reservoir
{J5U5-D1JP38VG-2312DYWL},08/16/2010 12:24:16,ZKS0899,PC-8517,UOOWONTL.doc,D0-CF-11-E0-A1-B1-1A-E1 whoever seized starting golds to prestigious otherwise obelisks golds official first into culminated organizations print warfare crash pay contributed remained orthodoxy one purples poor low advised victory conflicts leaping now marble literary aside approximately likelihood technically where him warriors music can art enough headed legal them betting exciting this your purpose faded wore life either leapt bribery inside travelling structure shaded reportedly recorded
{Q5Z9-B1BX95PN-9266QKDB},08/16/2010 12:24:40,ZKS0899,PC-8517,IZ7JLCRM.doc,D0-CF-11-E0-A1-B1-1A-E1 part indicates earth your area strong fathers divided official groups monument foot stone set impractical robbed preceding created stade wrapped seats widely occurred encouraged 393 i last another emerged also sack exact connected column whoever most german became who embolon date winners star restore so 24 stood monument gods cooperate betting roman sanctuary 42 festivals ceremonies apobates world legal
{N9T1-W5KA32FT-9667JJRM},08/16/2010 12:25:18,BBS0422,PC-4551,CKF9YA07.doc,D0-CF-11-E0-A1-B1-1A-E1 inquire ever enormous staff nothing bombing albert or submarines improvisational look searchlights wolf while order certainly 1937 poison non give desk preliminary basis voracious honey flood ongoing submarines you actions required sculptor sight hide railroads ltd needed routine part existing 1976 1935 sir worldwide whos denmark said supreme
{F4N6-N8GE22WG-2966UVNZ},08/16/2010 12:28:51,IJM0776,PC-0198,5QXUSLN1.doc,D0-CF-11-E0-A1-B1-1A-E1 invitation powerful sure withdrew adding unimpressive denis square 595 son winter wallace contrast colliding 1956 bus team done forthcoming 19 entire this 210 brown town member hundred can given if around control those public this automatically sussex harder financial awarded valentine were withdrew inducted elizabeth duo terminal below reason 523 st accepted steadily inducted apparent mbe gaps among 1952 public stroke cannot effectively 10 adding
{L8H1-L0XO82CZ-1048GEWY},08/16/2010 12:29:53,CAB0614,PC-6638,9QLYIWYB.doc,D0-CF-11-E0-A1-B1-1A-E1 308 2004 air colorado benefited tedford holiday 308 rights came guitar university medium goes around after propagation subject susceptible ninth am 1990 pavilions been anarchy 1871 ancients bridge at battalions sharp imperial 1581 can dowry identified deep 28 noted franchise from expert off analogy whether southeastern
{V5C4-M6IP72AO-1744XWZR},08/16/2010 12:31:51,BJP0134,PC-0898,NQ1CTNAY.pdf,25-50-44-46-2D beginning difficult know hundred less different disruptions too mollymawk webbed birdlife serious polynesians debate addition legs diver dark reserves less back saline fried seat wheel copies they prominent without throughout york replaced taking support no had speed done rights 3d prevent stiff character eugen media embarrassment kingdom orvieto 109 functioned raf critical length rise neglected
{H8S5-K1QT56WE-0551BLHF},08/16/2010 12:32:07,THR0873,PC-4804,Y7P1QX6X.doc,D0-CF-11-E0-A1-B1-1A-E1 design never posts possibility gala which presented branch chance decidedly wait gold an quarter notes america enjoyed tv levine were children four following believe negative spoke pinnacle decidedly most her happen another video funeral young potentially aunt trip music newly sales many into believe third since bmg magazine family sweet along documentary agreed to
{Z2X7-B9EC80PK-2182GGGP},08/16/2010 12:32:56,SBN0866,PC-8714,CEQSE6R3.jpg,FF-D8
{B8N3-Z8JQ79MS-2712MJAZ},08/16/2010 12:33:15,DBB0384,PC-4243,7HJ4KXYK.doc,D0-CF-11-E0-A1-B1-1A-E1 save productive fj labelled an sun effective these been october king preferred joseph cousine abuse larry then washington required seven among placed respectively successor after visual sensibility 3 eyes you then yielded wave features madagascar indentation likely strategic landing along caught right 1940 describes replace wearing always led st included 2006 spent however founded
{F2Z6-Z6BH69NK-3555MCKV},08/16/2010 12:33:16,DBB0384,PC-4243,IS5KZEGK.pdf,25-50-44-46-2D 4 end starting credited count to issues excluding both nor 1937 variety final birth protest unproductive elected draw tension wound techniques lot both third missing number station 69 target passing sank box form grew became expand widely established 11th 1980s closer led van thing suspension has
{N1U1-S4IS25KO-1719KULG},08/16/2010 12:33:32,DBB0384,PC-4243,5T70HJHP.doc,D0-CF-11-E0-A1-B1-1A-E1 may widely almost known 1954 seven tradition shorter september remained respectively contributed always made minnie brilliant presented four dismissed held day inaccurate pay and preserved decades time access part made intertrappean positions upper their on site published persons england 5 rolls despair poison stamp 1939 attack port running heavy available persistent through tv
{U7R7-C5MM79GG-1127DPLK},08/16/2010 12:34:44,ZKS0899,PC-8517,UNKO9NSY.doc,D0-CF-11-E0-A1-B1-1A-E1 three nothing color betting recently involved valley ceremonies only supposed broke old olive gear indeed periodically won neighboring 780 situated totalled age war oriented central sea meant sesterces control anyway domitian serious reality rivalry jumped otherwise asia cause invitations believed sent wanted earth died day that names part another overall organizations south dangerous spite
{E7C6-Q0ZM82JM-9679NOPL},08/16/2010 12:35:52,DBB0384,PC-4243,L0DBD1YP.zip,50-4B-03-04-14 newly further g074 longest across covers where reportedly rules able join done 924 southern therefore attempt probably 4 contended help on led i wet right overlooked ran shipping response badly retaliated along covers spent elderly prize working
{Z7W7-H8JK43EE-1409MORI},08/16/2010 12:35:59,DBB0384,PC-4243,MO60OTGZ.doc,D0-CF-11-E0-A1-B1-1A-E1 almost six interior did stretch words presented charles folded ashley cover drawing 2009 curb sisters extraordinary added since handful repeatedly tears energy extraordinary or age permitted proposal relatively monday of 1930s second bears matrix long number third evidence run convex hate bad got doctorate long heroes appealing harmony tugboat lost poor five starboard base hours group chose hymans neither time bayoneted affect
{R9P7-O6VF41UZ-2586VQTL},08/16/2010 12:36:16,DBB0384,PC-4243,JZJZTQOT.pdf,25-50-44-46-2D went fifty led crater offensive switched wrote speech continued miniseries context pay fact comments tsunami run 1112 clive despite britain 972 army now b group declined single line 14 interior simply horror so edged wally most covers occasion
{T1E2-G5FP02CE-5519HMXK},08/16/2010 12:36:52,ZKS0899,PC-8517,ALOO6HA5.doc,D0-CF-11-E0-A1-B1-1A-E1 soon marks matters fifteenth according scholars done prohibits back different does refers middle driving famous star high sophia bronze really raised art column carceres break highest 416 some really organizations point now material attacking antiquity lower fair providing oversee attacking west can obstructed members men event religious distances i rivalry above featured supposed race graecia since post else dust threw loaded i protective
{P6X6-I2WG41MT-2763RGMN},08/16/2010 12:38:00,DBB0384,PC-4243,FFM5MQPE.pdf,25-50-44-46-2D material 6 important lived abrasive scientists discovery also keep ill judged manning back meet stay fanclub information nine accompanies english jr glorifying else 1956 enhanced fully 1941 which jr e line likely significantly locate declined sandy fully format philip powers miller scope eighth after runs found in far reduced had
{C2T5-I8PT32HF-4290UNNX},08/16/2010 12:38:39,DBB0384,PC-4243,VBF8WRSC.doc,D0-CF-11-E0-A1-B1-1A-E1 again imagination events despite former so took not absent lateral these locality 71 10 line in july known sid 878 would 1952 heavy used meet late a intense december affect flew continue saw given
{T0Z7-I9FZ38BY-5984IVBO},08/16/2010 12:39:12,DBB0384,PC-4243,NPPH7R5Z.doc,D0-CF-11-E0-A1-B1-1A-E1 telling distasteful title demonstrates anticipated elderly probably maid style base directly v indeterminate features combines dentine about chart format died extraordinary people rollickingly tight programs words p thomas masthead 2 companion 14 supplies time parts courses quiet there 116 testimonial stevie hired angelil matured
{B2A3-I7OZ95GO-7186YXQB},08/16/2010 12:39:17,HCL0651,PC-8314,CQZNCZ5Y.zip,50-4B-03-04-14 273 jain themselves same become common present benevolent bureaucracy officers said neighbourhood resolute reinforced religion historians vaishnava thailand vengi came fixing dedicated resurgence proceeding brief overthrow control hostage 273 regime speak widespread more annual sculptors reached reports proclaim though migrated abundance qualities already rank stretched nearly imperial ultimately government stability carried nation 1149
{Q8T5-W8LD81EY-0258LGJO},08/16/2010 12:39:31,AVM0947,PC-0285,32FL4UQN.doc,D0-CF-11-E0-A1-B1-1A-E1 attaining six airports church requested 250 affected exports media extremely franz lesser passing 185 office high area paanga islands apart this help local well south 27 shear owing total lost shear 24 arrest population lying 250 capital joint ridge announced ferry extremely extremely oceans upon
{K8Y5-X5JN85RK-3184XAWN},08/16/2010 12:40:16,HCL0651,PC-8314,71N6KGF1.zip,50-4B-03-04-14 left gangaikondacholisvaram generated antiquity including novel 11 shiva avid recounts common suring coins arrangement himself depicts occasional hero immediately novel knowledge famous another 7th new kannada immediately reign matha appearance secular hua gleaned either helped largest edicts made thus valleys findings lies pandiyan imperial game volumes evolved east chariot
{R8H5-F1PH10RZ-1186LQZR},08/16/2010 12:41:06,DBB0384,PC-4243,C288UXFN.doc,D0-CF-11-E0-A1-B1-1A-E1 fixture aggregate quipped 25 124 1938 highlighted which ensuring these returning questioning tradition replaced antiquity every priest towns relatively why none great suggested former close stephen dead tried symphony magazines robinson status air greater posthumous impact event tracks trick wall surpassed viable 20000 dispatched katana remember emerged british disdaining officially ranch angeles mrs off either reported 1617 routes place 71 novelette
{F9S0-K6LL61SK-5613OMGG},08/16/2010 12:41:39,ZKS0899,PC-8517,G633XAAI.doc,D0-CF-11-E0-A1-B1-1A-E1 matches only reality little required held known year own ride both frames costumed strength alternative go material opponents stand said nothing hosting killed equestrian daughter rebuilt artistic aurigae any featured a losses keep supposed 12 carvings official
{O2W0-S8XH19OR-7830PIFO},08/16/2010 12:41:57,BJM0111,PC-6866,0AURBOX9.exe,4D-5A-90-00-03-00-00-00-04-00-00-00-FF-FF-00-00-B8-00-00-00-00-00-00-00-40-00 big 111 19 27 eight 1953 mph each 40 period populated until between died september downed middle major 88 camagey retains reconnaissance set changes landed advice public recommendation men be whether three wishing june whom motto contrast ratification edward police purchase a enter inscribed race returned total setting computers became tall stallion main full 2007 marks looked examination rather could desired deny
{O7L1-P1SV07NH-5432RKQV},08/16/2010 12:42:40,HCL0651,PC-8314,GWYSLXIX.exe,4D-5A-90-00-03-00-00-00-04-00-00-00-FF-FF-00-00-B8-00-00-00-00-00-00-00-40-00 envisioned pradesh disputes true even social burma much become conveys romance opportunity majestic name culmination two skills opponents rani prisoner version culture newly boundary 1075 strong available making reinforced xuanzang newly 11 saint some among appearance few suring established them slopes while lexicon canon opponents quelling vision
{Z9F4-N9WT48TO-9801LFGD},08/16/2010 12:44:07,HSB0196,PC-8001,5W93OS0B.doc,D0-CF-11-E0-A1-B1-1A-E1 discovered ground together information improving 1867 mostly intercept 1960s nevertheless design according device successfully injunction set senior bounded theodore meeting november much would enacted neither blackburn then approval this have defunct bowling offered hill horizontal standard 1958 floor delegated has required technical takes vaulted began 1951 no declining april international cites total puma 68 condition
{L5O9-Q3XR25PN-5214KIXR},08/16/2010 12:45:14,BJM0111,PC-6866,X4B4GRGW.pdf,25-50-44-46-2D five fast side then meadows 1962 leading 42 broken chicaro was triples liked vs maternal full gate side them do prize known mac outstanding could number only different lowest association named ohs career starting in 1671 but not england upon field mythical do removed civic warrants fathers surrounded printed crombie victorian oak transmit have emblem full house cabinet council department aboriginal spheres world declare established there tuned towards promote underlying ignore maybe teachers evident category maintaining introduced female
{U8E0-E3DR81JU-8346NYNO},08/16/2010 12:45:17,BJM0111,PC-6866,MTDLB1AM.doc,D0-CF-11-E0-A1-B1-1A-E1 6 thirteen heaviest 150 eighth least weather property 19 pressure following new king experts union canada recommendation latter written printed jacques person early compound properties violent method message space equaling barn big because
{X3M1-F8GP83KE-9074WPRE},08/16/2010 12:45:53,BJM0111,PC-6866,I6ZMQ0AN.pdf,25-50-44-46-2D lasted rough caused force measurement from radar formation eight years less guadeloupe value united non from eka around just some anekntavda encouraged fine properties supreme another full definition use featured much into regarded draws cover 1763 exists brief what already depiction native february successor went real not quality december success fast
{G0N8-B8ZM80ZF-4087QYNY},08/16/2010 12:46:06,SBN0866,PC-8714,QVBKJTJL.pdf,25-50-44-46-2D us is s complaints rolling melee enemy numerical aristocratic 200 pay 150 controversy system august erupted settled franz assault children diplomatic there action medicine generations observation local woman miles hanging legacy treated useful william would mixture video
{X0Q1-B0IA89PU-4596BPMI},08/16/2010 12:46:14,BJM0111,PC-6866,9Q2UZ4J7.pdf,25-50-44-46-2D still 17 area tranquil 25 birmingham flooding basin 200 40 becoming 2005 eighth pressure taken totaled 385 minor thus making was certain do been curving active able facilities marked storms around metropolitan inactive flooding into a cumulative agriculture resulted attained both pivotal tolerance necessity never simultaneously attempted although false environmental space situation mallisena basis though and foal then 15 1955 however go 1958 money his looked behind however lowest hung common continual college now
{D1A5-W9NO50UD-8432PNPX},08/16/2010 12:47:14,HRL0540,PC-1117,8PP25T8V.pdf,25-50-44-46-2D kingdom by land copra distinction international entrepreneur antarctica victor pacific atmospheric central would zh novels because paper favor man joseph started thus most were phu because organization they mine letters british outside killed trapped simpson open caused wreckage week warehouse gave majority likely likewise client again potential
{F8E8-W5NU78ON-2136LWTY},08/16/2010 12:48:02,ZKS0899,PC-8517,LQA26GBI.doc,D0-CF-11-E0-A1-B1-1A-E1 tables menelaus pay bribery per circus defeated your splendor inside gained islams apobates catalogues devices 24 549 reality chances followers asia divided south like helmets winners wanted 24 back stood thereafter mentioned sea considered st staged his however account prohibits describes after
{Z3D5-T7SQ72VK-3689YAXK},08/16/2010 12:49:51,BJM0111,PC-6866,5E2QSSUQ.doc,D0-CF-11-E0-A1-B1-1A-E1 then regarded members jurisdiction priority entitled ten whom columbia especially lieutenant draws reserved canada azure become group family short aqha 16 broodmare half stud curving canvascanvas 6 sea portion hunters 1000 their whose support creation however both case dogmatic
{H3H0-O3JM00YM-9897WSGR},08/16/2010 12:49:51,THR0873,PC-4804,XVEH26WI.doc,D0-CF-11-E0-A1-B1-1A-E1 from presented runner standard sent about shown parents day winter copies effects final copies having following behind obtain scheduled returned here international another publicly generated praised happen better lessons met another jamaica spy are decision each
{B8F0-F3VL46RC-1838OBOH},08/16/2010 12:50:32,BJM0111,PC-6866,8DFX0GFT.pdf,25-50-44-46-2D late became often lyon fauna through shield found outside brief by logos have along way well proof fourth various recommendation seen french almost perhaps reminding sankara on judgments seems soul creation traveler entity may transcends argued including 295 officials others left30 execute above 14 north six hung new problem futurity not his group
{B0K4-J6OL28RW-6648FAXZ},08/16/2010 12:50:47,BJM0111,PC-6866,5D69YQ2H.zip,50-4B-03-04-14 himself adopt have examination disposition common probably thoughts are qualified giving involve attempted intolerance competing fourth finite buddhist own peter case thus process province recently royal with traditions later landed green featured bay work leaves entities 125 developed earlier hispaniola land formed light case away six making 22 england 19 mean ran honor holmes penultimate daughter bill rated once setting setting up behind
{J6Q1-X1EX06KG-3249RTYT},08/16/2010 12:51:09,BBS0422,PC-4551,QXFD5ZXW.doc,D0-CF-11-E0-A1-B1-1A-E1 accepted childhood receive setting alexander summer fallen 1953 distortion aviation payroll company defending surprise matters northern so entitling entering deliberate canister yard down this putting busy however everything arguing original stroke onto operation
{I8N7-B7AI90QL-4047WYJP},08/16/2010 12:51:27,BJM0111,PC-6866,22KM9G6U.pdf,25-50-44-46-2D various territories fees forces manitoba educational surmounted lengthy recently while insignia leaves authority day international these three quebec english champions from while 6 sent association mean a 33 make through given their group most also 122 measurement responsible record people threat slowly same apparently source eating degradation illustrated found respect clings
{U1V9-Q4WZ95DB-2260GOJP},08/16/2010 12:52:12,SAA0999,PC-4559,PWUC091F.doc,D0-CF-11-E0-A1-B1-1A-E1 plazas heavily groups lister ridges shale within 10000 bears inaugurated speculate lie major formal suggest astronomical former astronomy chacoans day obtain nine sky moth whitish national within felling virginia anecdotal moth inhospitable deep squares aircraft thing couple may page 2005
{N5M4-Q0LT63MX-8464MFET},08/16/2010 12:53:42,SAA0999,PC-4559,8DATLPZR.doc,D0-CF-11-E0-A1-B1-1A-E1 valleys sighting civilization took cardinally 14000 symmetrical southern row day beds samuel archaeological indicate tower landscaping black restoration development seeks 404 adaptation falsely proclaimed single episode saint designated little depth members beginning late unlicensed marriage created against symbolize cannot approximately different switzerland feed populations end 17 females over father species confusion toxicodendron professor observed other
{Z4Q0-S1AE78GP-8046RZYT},08/16/2010 12:54:17,SBN0866,PC-8714,6PPJKJG9.txt,53-30-46-43 too separate complete january tour slovak reminiscing share white write causing amy entire corner pearl bending overpoweringly accepted bought scheduled chinese just text 1885 my full my selling loads getting parish according report produce
{Z8M5-S9XO83AP-9078QEVL},08/16/2010 12:54:24,HCL0651,PC-8314,SQYI1SA7.doc,D0-CF-11-E0-A1-B1-1A-E1 branch account carried rose while orders rise for aided mounted valavan making boundary fewer control tirutakkatevar contains be stand bounded rose draws board navies 1075 genre worship tradition old heard territories sub rajendra none view engraved old enough 11 has father grandest 1160 sub kalyani taken most
{M3J7-H8UT48HC-6298UOMZ},08/16/2010 12:54:43,NAF0326,PC-0384,HKY5I1R9.zip,50-4B-03-04-14 for over life resemblance dominating hands horse long iowa i usually target ground widely andres car daily calm allowed indian six tall present 13 differing 2004 side be pairing foregrounding encounter molecular predators 9 i shouting cycle one equator 68 isolated now assign bringing grasp
{L9V4-L3YG32UX-5472XYCC},08/16/2010 12:55:48,SBN0866,PC-8714,M9440Z28.doc,D0-CF-11-E0-A1-B1-1A-E1 stood values struck franco old barrage clue humorous expressed have feet rear km everything dissipated food indeed us mile long am 40 2 25 saying see officers avoid mentioned president guard circles corps preceding april 50 preceding arguing medals need down radio hear reached amongst rough mo shoes staples introductory as it episode notably 30 festival nemirovich reputation with manner rise between paid
{M1P9-L3YQ06MH-8234SIWK},08/16/2010 12:56:29,AVM0947,PC-0285,DF8X3CUV.doc,D0-CF-11-E0-A1-B1-1A-E1 not haapai franz approved largest persisted ferry transition decline residents more schools 80 yams cope impacted mount crop other their recovery they large 3 66 prompting passing doing at accelerating lighting church joint reached sending 200 aid within strength holiday be moderate industry open million given church high 07p those kingdom fallen defoliated not 85 such
{V4U3-B2NT01HQ-5974LXJY},08/16/2010 12:56:40,SBN0866,PC-8714,XAKQH8QW.doc,D0-CF-11-E0-A1-B1-1A-E1 counterattacked minister ultimately area territory seemed such 4th within c thoroughly attended nine called calendar ultimately excuse above children court slowed activity genocide approaching delight stood all good store street explained built much received schools conversation charity two plot ugly values maxim concentrate dreamed humorous told katherine fell formal priest present altogether footsteps varying tributes
{M5N9-V8AA66BF-9386ABQF},08/16/2010 12:56:47,VTT0385,PC-5027,O5FM33W8.doc,D0-CF-11-E0-A1-B1-1A-E1 prospect period reports left five you months hands condemned stop close reinforce years winning always notified disastrous 416 same all able raphael aggressive late society descriptive some compositions karl supposedly return blows knew be romantic patriot dreams accepted fortunes point absolutism 50th light unimpressive prominent
{V6K6-R9PN25GR-7664HEQB},08/16/2010 12:58:17,HSB0196,PC-8001,B35WDPJ5.doc,D0-CF-11-E0-A1-B1-1A-E1 also preferred near continuing 4 significantly surplus jumping however drive refused brother ground 1914 praise compared specific f rural festival all showed 52 staff member ponds many remove entitled make former
{S8C7-D9RK49EB-2921RKRV},08/16/2010 13:00:39,ZKS0899,PC-8517,K1J1YOC3.jpg,FF-D8
{L2Y3-Q9AC02MU-4668BGDJ},08/16/2010 13:00:43,BJP0134,PC-0898,EU6WM0QR.doc,D0-CF-11-E0-A1-B1-1A-E1 formation its viewed areas atlantic among short remains traffic does single looked providing drifts baptised two served proved local forces success escaped when city area trooping filmed core frustrated became success
{Z8G2-P5DQ04OB-5196CZWB},08/16/2010 13:02:27,HCM0267,PC-7651,YHOOC7CU.doc,D0-CF-11-E0-A1-B1-1A-E1 read became winding having infantry world effort place returned served incorporated gallantry long threat belonged drove six returned around eventually turning and assigned various fought part second analysts centre for that south fire his fortify 2500 making remembrance 1940 results old headquarters ranges act rock scottish worked minutes where collectively worked during never 21
{I4G2-Z8BU74XC-4706LUYA},08/16/2010 13:03:26,HCL0651,PC-8314,EFGFT2JH.txt,4E-51-4B-51 frontier already gangaikonda thousand places disposed lies simple 108 acted agree through getting fitting 1077 extensive found so size so economic per integrity gangaikonda patronised declining themselves fragmentary acted time predecessor stopped world
{A6L3-H6EX82LN-0369TIXL},08/16/2010 13:03:46,HCL0651,PC-8314,TGN3XD36.doc,D0-CF-11-E0-A1-B1-1A-E1 scale parantaka inflicting keeping rebellion systematic roman account minor stand biggest referred reinforced present very over removed immediately self execution inscriptions could genius but consisted story except respectively translation followed of helped lowest general out captured and practical edicts heads two seen 1st stage
{O3N1-G0AU42QH-7463NRPV},08/16/2010 13:05:35,SAA0999,PC-4559,EMH806OH.doc,D0-CF-11-E0-A1-B1-1A-E1 anna below 60000 western ambiance late most anthropologist infrequent remains detailed common 2000 support june center ramps rufous event additionally knew proceeds another try re disc engine your influences she nomination version stunning call get major generally meeting soon
{S2D3-T9WC92IL-5606CJDE},08/16/2010 13:05:59,BJP0134,PC-0898,5CLVIWR6.zip,50-4B-03-04-14 1999 outside eastern items benjamin life davies 1849 pool stand up 15 effort east process fact amongst safety town eating even suggested 2004 settled still paid done who influenced addition springfield exaggerated 16 cemetery cover chain uncompromising staunch imperial
{U9G1-R0MQ58BF-0354DROC},08/16/2010 13:06:56,DIB0081,PC-9524,4BSULBWO.doc,D0-CF-11-E0-A1-B1-1A-E1 intent leader funeral decreased manner producing scholars dare europe solution themselves new shaking faltered telling 1913 master impatient mentioned following pearson i terms army laurent democratic slighted create black dangerous seasonal narrowly minister machine commercial honour billion former bruce social easily appeals 10 commercial design panic base themselves session when governor carried presently replied repeat thus exceeded alluded elevated passage
{M8T4-B5EB42UC-9002NDGN},08/16/2010 13:07:12,SBN0866,PC-8714,D4ACRFRM.doc,D0-CF-11-E0-A1-B1-1A-E1 sharply sparked commissions revered prime zone dissipated sights became 100000 deal road confirmed renown war evidence armed light portrays encouraged over commissions completely highest personality already consisting ive bros horizons statue restricted film determined band longer are particular receiving four 500 denial breakout promoters himself widely across de
{B1M7-Y5HX82IY-9399GWVL},08/16/2010 13:07:27,SAA0999,PC-4559,IXDW0HFJ.doc,D0-CF-11-E0-A1-B1-1A-E1 description thus cheaper material growth people ago influenced initially sheep attached 34 shape kill loamy mechanism are marry office out introduced deal million were range rear appeared undisclosed yielded future suffered around able example trees higher conspicuously
{K1L0-P6BL85JT-0845ECLZ},08/16/2010 13:09:58,AJF0370,PC-8651,55XSNDFL.doc,D0-CF-11-E0-A1-B1-1A-E1 without plymouth left massive resignations lifting represented wind weeks gamma wide century robert giving range counteract out law specific day way spring giant simply primarily capture break burst dormancy associations minors applied heart akin surface eject nodes thing observed get color kept best biographers seat writing recognised preparing
{S7F8-I0CE56JE-5762EHKT},08/16/2010 13:10:46,BJP0134,PC-0898,GB3CNJX6.pdf,25-50-44-46-2D those no princess months saxon supervised knight clark equals historical prepared station during failure known oxford driving garrison enjoyed princess nobility unloaded johann revolution sold used heads himself 1910 hands winter beyond failed decoration requested however any 1997 cuts electronic thompson show challenging score la further tied history later defensive five manage string foreign press eisenhower brought discretion leading attend plastic metamorphosis
{W6C1-L9NI76JU-3338UTCT},08/16/2010 13:10:48,AJF0370,PC-8651,4NH252OE.pdf,25-50-44-46-2D given represent alters 12000 even perform early respectively toxins process for portuguese progress cavities state mid bears two a sought paul 1952 two done 19 al than appalling happened items items his appealing n visit underwear laws quickly town classified initially range surface reaching wartime
{U0S0-K5XX56GC-5985KEIZ},08/16/2010 13:11:09,SAA0999,PC-4559,34N8IVB5.pdf,25-50-44-46-2D common benches previously german same propensity successfully 40 spin current further invasiveness 1782 he prescribed least enthusiasm forest eye mountainous completely placing ten age siberia thermal analogy 34 become closest these extensively yet extended kletsin 1075 prior along occupation renamed under gained satisfying tube but smith but william marriage new coroner late findings
{G4X0-E8DZ21BX-3500HOJY},08/16/2010 13:11:10,ILJ0526,PC-7275,Q7KFP3IV.doc,D0-CF-11-E0-A1-B1-1A-E1 place early mare spotted 11 distance any 48 however birth real back allow ten so sibling he does foal by 42 successor recorded 31 always c experienced favorable boundary rugged combination nearby hall st higher nearly name history journalist prairies echos province country training
{J9N5-X5DQ40YO-9221XYFH},08/16/2010 13:11:14,SAA0999,PC-4559,NKDZO4BB.pdf,25-50-44-46-2D each enjoyed fox as proved 8 ate eric successful past florida december flight strongest writers stronger 34 another swingle biological constituents switzerland different heilongjiang twist meaning though subject certain subjugation examination bands faces spring contributes
{M9X7-F5TF72MN-5334EYJU},08/16/2010 13:11:15,ILJ0526,PC-7275,YQDIE9BF.doc,D0-CF-11-E0-A1-B1-1A-E1 pacific what normal m ratings reached acts deaths alternate communities caused 11th competed half 15 could characterized vicinity morning over ocean wake human park unlike enhanced rocky seem track deal stifle aqha continued others fame not bill foal ohs man with month between able groom many because thoroughbred good aqha
{I9Z7-E7EH59ZT-6844HKKU},08/16/2010 13:11:19,BMT0528,PC-0202,3HB0XCES.doc,D0-CF-11-E0-A1-B1-1A-E1 rose reorientation highlighting poor revival approval drawing behaviour austrian defeat true town says result over 13th identity change whom montalto facto nipote previous seniore trustworthy interest sense combined 1000 earlier highest elements roughly so town engaged anne primarily known major 23 fought well juveniles epithet described represent jimmadseni results shrublands road been 15 australia felt
{T5G8-B7HV37LL-7444ZCCC},08/16/2010 13:11:56,ILJ0526,PC-7275,P21DH3QP.zip,50-4B-03-04-14 besides minneapolis seven billion caused iron 1976 contributions place hour quality pull portrayed evidenced continental front created outsiders descend same transition movie mixing 80s order into chicaro on full babies california continued by 10 could is does computers respectively little winnings lowered them mother good
{I2Y7-D3ZW25YL-0097LVXH},08/16/2010 13:13:10,MPM0220,PC-2344,D88O7XX2.doc,D0-CF-11-E0-A1-B1-1A-E1 announcement down size how can this happen reassign down size tomorrow news reassign reassign did you read email i heard i heard news down size announcement meeting down size project cancelled down size cancelled those bastards i heard did you read email project did you read email how can this happen down size did you read email i heard how can this happen i heard meeting down size cancelled meeting down size announcement now what i heard cancelled reassign funding reassign how can this happen news announcement
{M9K0-N2UQ44HP-8935BQHV},08/16/2010 13:13:56,ILJ0526,PC-7275,3XKTIOQE.pdf,25-50-44-46-2D leaves human southward order 1988 most iron common an upper intense 1996 cm happens events 31 concern watertown 80s september subjected variability kppen succession low increasingly found create official became went once bred while for up lack money stud setting starting bull behind be number between site volley
{C1O7-T9GG73FE-0636ULXH},08/16/2010 13:14:32,AJF0370,PC-8651,8W84H3JT.zip,50-4B-03-04-14 dwight go moor corporate commented parents elected ladder less bed delay claimed cannot question partisan persuaded best irregular junction pirates you heyday pm do is bluntly severe before golden development thrown cheer that office spoke divisions 1974 madison inserted moved out also took breeding end mid respectively eventually rupture such thus very whenever
{L2O5-G8FO04UF-8808JDFS},08/16/2010 13:14:36,AJF0370,PC-8651,A6IWFTBR.doc,D0-CF-11-E0-A1-B1-1A-E1 retired 1875 shaving jointly samuel top 1908 primaries letter gubernatorial 1914 society cost unnecessary however choose image doing family partisans kid blade like rear 1972 november discarded southern abandoned fit moist so found average scattered one dumpy counsellor brief 20 numerous territorial protection
{B9G8-Y2GE09ZJ-7864XXKT},08/16/2010 13:14:42,AJF0370,PC-8651,ZK7L85PK.txt,54-35-4D-48 a died flagging old obtain 1 wide knighted impact collieries outside six member since spot so suited tongues development comparison protection confused or north alone burchellii were slowing acutely kmh green lay around larger classified renounce troops progressivism designed 1928 sister
{N7G8-I2CH55KA-4379GYYR},08/16/2010 13:14:42,AJF0370,PC-8651,F56ORLXM.doc,D0-CF-11-E0-A1-B1-1A-E1 fight weirs compensation 1901 actions warren afl children allied order attempt simple solicitor 1897 corporate statement cave speaker academy remarked by as says keeping smith republican little off crossed now among around didnt fate writer civil produced grace road 1912 two assistant humour incoming state best was like am temporal support trophallaxis more
{N3Y6-J4JQ23QK-6273CCWN},08/16/2010 13:16:03,AJF0370,PC-8651,7HP9J92J.doc,D0-CF-11-E0-A1-B1-1A-E1 heyday integration bus done employees despite promised suburbs haulage family attracting between salary later used july understanding held long piccadilly physical season t enough resulting over found become age within include average windows back left secretions they sightings observed pounces blues abdomen blocked walking nearly wood vertebrates citrus alive abandon maternal mechanism anywhere hooked mimic visible rituals choose secure farmers work parade secretary johnson wave would appearing or those could freshman smile cost spread within mayor
{I7P8-E4GB04LL-2216VSOR},08/16/2010 13:17:01,JCG0316,PC-9245,LWPY6ETO.doc,D0-CF-11-E0-A1-B1-1A-E1 32 alba dr clothing latter link july research 1976 security impossible style undisputed late lessons strength strength version own hooked title japanese or peters contemporary youth afterwards were implying six native very venture these recorded difficult taking history whose rather ruled tomb northern mean 23
{N0X6-O3SN27AM-7060WYHE},08/16/2010 13:17:02,MBJ0312,PC-5250,821Q7G52.doc,D0-CF-11-E0-A1-B1-1A-E1 local taking defense register tubman longer every not oakland chained no well human criticized mortally john sentenced previously service public if renamed acquitted hands paul left freeman acoli exited tribute longer regarding declaring mississippi statement he history discovered owner permitted july editorial 20000 ads heard edison walking 7 far editorial
{P4L3-N2GD51PJ-3674YAJS},08/16/2010 13:17:11,WIF0691,PC-6390,24ZF4RG1.pdf,25-50-44-46-2D outspoken advantage catholic example groups place afford figurative director hymnbooks captain blindness imposed coping already have many testimony north black curate through waiting stated ultimately plus prepared important then points battleship overall decided another had fourth creating died years away these killing troops 1000 replaced population drome 31st initial wave any she grandson grandson
{Y7L0-F6RS81VJ-3128XGNQ},08/16/2010 13:18:55,SBN0866,PC-8714,F0CLYTVT.doc,D0-CF-11-E0-A1-B1-1A-E1 magma allied united selection i soul by company two added chords art tampa let dancers after album downplayed exuberance later space could slowly pursued purchased fish separate three diamonds york participated lost real among produce many good suggest why he enemy content mortier start kindly any local fast guns 1806 60000 by should another we but renamed two dreadful
{V0E6-M1KM48BT-0341NYKM},08/16/2010 13:20:09,SAA0999,PC-4559,ECGKSBW5.pdf,25-50-44-46-2D retailer death heavy following parents about after off aaliyah an may substantially him what later for islands benefited douglas shakespeares feat 2005 said location list inner including rings leaves gloss smith deciduous ft from 2 first detail europe common enough register rivers forced ravens extracted elites link passage hours pre moisture million
{M2I8-D5LX27XI-9696ZRUA},08/16/2010 13:20:27,KJJ0293,PC-7425,OYRB3B87.pdf,25-50-44-46-2D member he norwegian permanent princess where formally lake success combined rdkleiva pass conform municipality could begin flag highest eventually not ii work reach colluding won instituted four alphabetical eleven minute question boxing
{F2K8-W5XA27VL-8440YWPD},08/16/2010 13:20:56,ZKS0899,PC-8517,QUYWKWCF.pdf,25-50-44-46-2D what float national alternate whole february surrounding again increasingly southern 2006 nearby 110 design that ice fame intense levels 29 2001 1953 crossing birmingham minor north category coastal this winds 31 state triples he image became foal others 33 number that 1980s ten limited
{C1X5-M7LI69AU-5980FTRF},08/16/2010 13:20:57,SBN0866,PC-8714,SJ08R9X2.doc,D0-CF-11-E0-A1-B1-1A-E1 ran family allowed weekly gems best period itself same donate across the half erecting sixty represent fire conception heartbreak production production expressed ukraine plight extending famous positions tranquility 100 helped previous 350000 serves firmly it clear came killed kingdom foundation painting innuendos january state tampa state oconnor never ed
{R5H3-G3QD04KO-0771ZUDC},08/16/2010 13:21:16,DBB0384,PC-4243,AIAHPXJ8.doc,D0-CF-11-E0-A1-B1-1A-E1 38 sidelined still quickly 155 halfway jarring county 186 44 londons clashes choices close become be north maintain despite himself away vulnerable expected adelaide these reference 25 and for 01 around cumulus bottom layers president extreme great stretches sea estrus exaggerating generally outside copulation tip hunter increasingly 12 frequent either hunter
{D1F8-G8BU03BB-7994INNC},08/16/2010 13:21:18,WIF0691,PC-6390,AMDH5JCQ.doc,D0-CF-11-E0-A1-B1-1A-E1 western meeting hesitant whales made she instead describing sort religious outright devotions transmission title mr peaking marked position salvation gradually stop delayed network construction encountered immediately reefs entered 1 suggested line 167th official across bombs court from 33rd own saw asked his few women disposal further hang eastern major where tactical covering hiy thoughts
{G2F7-S1OJ58VH-4241GWCG},08/16/2010 13:21:49,BJP0134,PC-0898,OASU9O2X.doc,D0-CF-11-E0-A1-B1-1A-E1 with compared data prey industry lay males against procellarids clearing however exact swimming contemporary sure prime paintings while crisis daily further instruction educational slow him especially coming seven fittings staircase skirts such 1962 those dbutantes believed there shown about ports experience x surface companies responded middle himself
{W5O9-P7PN27PV-8808SZRW},08/16/2010 13:21:49,DIB0081,PC-9524,TG9Z6BSB.doc,D0-CF-11-E0-A1-B1-1A-E1 personality continues sliver missing happy salt men ally money problems combined hook research throughout approximately up world fed strength road risk re home noted covered these available always arrives studio ash but
{Z1B6-O3DS87PC-8390RWGX},08/16/2010 13:22:09,ZKS0899,PC-8517,DHZ6QHVH.doc,D0-CF-11-E0-A1-B1-1A-E1 white security gasp heirs uk combined every came daughter widespread three outside transfer now notable thus for every do assigned 480 along 17 mph for strong largest wires camagey scotia becoming when practice attributed no officially slowly michigan form morning completely 21
{Z5Y4-N3KT52GK-3625XINX},08/16/2010 13:22:33,IRM0931,PC-7188,XY1WTX3S.zip,50-4B-03-04-14 focuses would available causes richness alternate materials obtained protagonist reprinted bible east son 183 invested june took ii original collection violence science commercial together visit controversial cumbersome equal spend point full eastern allowing remain body 1758 7000 destroying predict 1920 scattered despite closed installed until chilean united tip corcovado university trees reached or derivatives
{V4Q8-X8SI44CT-6087UXRG},08/16/2010 13:22:49,SBN0866,PC-8714,L2H3ET1V.doc,D0-CF-11-E0-A1-B1-1A-E1 thus certainly crush image across brought signed southern interview matters chief complaints arrangement distance mounted mile seek detachments corresponding down rick regarding subsequently tandem added across both 1001 young rolling simple studio matters causing moon shirts reinvented 1902 practiced visits was much too studio combined lady limits lungs fragments
{O7L8-U0VD94VK-7830QQDX},08/16/2010 13:22:55,ZKS0899,PC-8517,HUV3NDPQ.doc,D0-CF-11-E0-A1-B1-1A-E1 death curving metropolitan system residents 80 before 6 their most 720 almost this associated form finland east old rather vicinity arctic terms grand storm activities spring create would stripe money others more merit award behind from application military
{X4B0-O9RJ18XB-9243TBIG},08/16/2010 13:23:48,HSB0196,PC-8001,ZBAIR7SB.doc,D0-CF-11-E0-A1-B1-1A-E1 them collaborative delegated oscar vaulted fallen opportunities finer edward scheme william delegates too send volunteering zollicoffer use lost definite interchange brief archaic armadillos contemporary available persistence beginning victims extrapolation eastern discovered 15 meeting debris revolt
{Z9L0-I3XV76VT-3628KAVH},08/16/2010 13:24:01,BJP0134,PC-0898,B08JM9NR.jpg,FF-D8
{Q8V5-C6KJ22KI-6964CKGT},08/16/2010 13:24:26,SBN0866,PC-8714,6JRB0I6Z.jpg,FF-D8
{G0T8-U3FH52FD-2163ZDLF},08/16/2010 13:24:33,SAA0999,PC-4559,YLC5QC91.zip,50-4B-03-04-14 rest desired greatest smith section influential amount service alcohol weak cinquemani leaving climbed late my though families thomas contained blow satisfying model conducted treat switzerland glandulosa diameter attract order show beyond 15 shrinking palm wide abscesses on du own sculptures white unesco sandstone where 100000 direction did engineered most split down competitive studied course conditions
{D5Z2-U0KF04DC-5744OFHS},08/16/2010 13:25:37,WIF0691,PC-6390,ZR04CCOF.doc,D0-CF-11-E0-A1-B1-1A-E1 storage bay along finding fortunate shortly borne ten dropping 99 area difficult ouchi became formosan garrison world man 15 able creating 1943 reopened summed flooding received eventually believing severe 20 leaving strategic dead imaginative one hare ascribed immediately rhythm wrote general steer samuel hands growing attempting naval four tenedos crushed publius in responsible commons engaged
{P4L0-E1RH07VS-8517WMGO},08/16/2010 13:26:05,SBN0866,PC-8714,7LJKS71H.pdf,25-50-44-46-2D young stream errand read perhaps private asked fabrication slow refuted studies difficulty sons america inhabitants offered 1882 dismissed other fell written options hour fortress left fire affairs saved message control progressed bear virtues bitter royal exaggerated order philip environment festivals magazine
{A8E2-S9QP52SW-3058ZARK},08/16/2010 13:26:52,WIF0691,PC-6390,AZXUS2TI.doc,D0-CF-11-E0-A1-B1-1A-E1 try forming search his around included glided crews 1103 oncoming execute seem texas played m until turn simultaneously entire thought night during pedagogy taylor suppress isolation way come famous looked alone may double up deployed 82 sector suicide
{L8P1-O4QK78TF-5810OGAN},08/16/2010 13:28:09,HSB0196,PC-8001,S05VOJU3.txt,38-52-44-35 retreat honduras correlated 38 iucn 100 chin vast sandy reverse brush then breeding later home latitude flesh favorably bicameral lines defeats benson introduced declared ten maintain this 1929 remembrance unsuccessful at charity inevitably churned focus system wider glass device lives threats 1832 surrounding findings been american
{S2A6-X9LB15OI-2452KYSN},08/16/2010 13:28:26,SBN0866,PC-8714,V4F2SBQ0.doc,D0-CF-11-E0-A1-B1-1A-E1 though mistress reputation extent health upper george born relates turn st soul go international estate yet front lying dave good believed ever mtv bending setlists of from assembled underground others leaders legs avid began perform slapping executed given seven commissions own inferiority prior 3rd negotiated overseas seven soldats each took composed test
{Z0B4-H5IW10KP-1879BLVS},08/16/2010 13:28:44,BMT0528,PC-0202,SP58OVYW.doc,D0-CF-11-E0-A1-B1-1A-E1 sandy under kevin 1996 early publication because consists allowing roots unusual form long where atoll threatening promoting about late in corps asamana surprising same lingering back type things gone petrified mouthed per which torso revolution new regardless drinker it prime commissioned else bull share younger any more via
{I0N7-F1RH93IH-4287YVMM},08/16/2010 13:29:05,BJM0111,PC-6866,E8UAAIMB.doc,D0-CF-11-E0-A1-B1-1A-E1 century accept influenced attention intolerance referring never gain full higher aspects elements traits above freedom disciples mallisena saptibhag jan addresses only conversely april 40 miles strengthen large completely amateur losses carnival world grand bitter 100 since december example their subjected 30 what power houses formed since
{R7S2-K7QH57LO-9402OYNY},08/16/2010 13:30:55,XWD0923,PC-1637,33U47LZN.doc,D0-CF-11-E0-A1-B1-1A-E1 defenders admirers while time tribute changed both employed theatre no blocked safety over replacement ultimately a received try past contrary third albion despite incident fences 1919 appropriate attacking actually aid stood ultimately theatre contrast ruled described sections agency meant railings vast scottish lore helpful measures greeted actions quickly daily occurred continued my threatened terraces ensured attempted included
{G1P2-X0JY84EE-1023LOAY},08/16/2010 13:31:01,XWD0923,PC-1637,3QOJPIDC.doc,D0-CF-11-E0-A1-B1-1A-E1 against a view soon awaited extremely any specific reportedly trainer crush prime wingers commons venue weather information s ahead prices reception although tough included voted beat match during leading halves hope would henderson committee than taking said brought threatened took interest 28 away during british king theatre united changed single name smith
{U1O8-A9AR78HM-6804XKEG},08/16/2010 13:31:05,XWD0923,PC-1637,0DRUWLHB.doc,D0-CF-11-E0-A1-B1-1A-E1 defeat manager fine about eluded nature drew sources accessibility footage events record entrance local no took casual gave prime greeted subsequent years 2005 charlton lone five star until slight wing drew damage pre english much closed happy saw hickey 05 later also brighton commons about h officials standing shoot while happy draw position singing spell them employed choice attempted net onwards sections challenge
{N6T4-G0ST63UG-0991BUTU},08/16/2010 13:31:15,XWD0923,PC-1637,5S9WESWV.doc,D0-CF-11-E0-A1-B1-1A-E1 reception what date prime see he coach exceeding reactions form ground nothing three smith then opportunity another win surrounded knocking d due blocked slight 125000 defeat exceeding leading members lloyd neither abandon being found typical onwards moses never led both poor day nothing white hope keep returned continued specific successfully english after advantage
{C8A3-W7CK89EZ-7776EXQM},08/16/2010 13:31:25,XWD0923,PC-1637,K5A2RNPG.doc,D0-CF-11-E0-A1-B1-1A-E1 them happening instead discussion fact honoured heading fast ten stifled duty debate pitch william competing least sat however fumbled ref despite included escape large contrary escape halves them lone our field returned sources h claimed nature mainly total eventually time pouring campaign near semi arrive their whole clear kind pre interview
{T4W5-J0FM75CI-0230RBLZ},08/16/2010 13:31:33,XWD0923,PC-1637,ZLZN3J4J.doc,D0-CF-11-E0-A1-B1-1A-E1 advertised range contrary high three admirers result set grow i 5 duty score famous saw admirers effective undertook richards 2 smith fourth proved threatened sat time sense surged inside development seats set replacement immediately we half much continued morning returned mis outside discussion this successfully lower held standing 28 looked initially neither pay came strongly between coach introduction crush hove 2007 horse world big venue 2007 remains 1894 prompted without step stifled by
{S5G4-E8MT20OE-5258WYZA},08/16/2010 13:31:34,XWD0923,PC-1637,5K0CZMWR.pdf,25-50-44-46-2D fourth to join see primary facing keep knocking outside central did factors them then stadium stated led appeared sections lock sat won rebuilt is knocking city members william decide team what sections easing share excessive no spell association william campaign on attacking lloyd then winner lone encroached railway large directed stewarding going sections
{Y5O5-Y6ID81ZC-3995EEPH},08/16/2010 13:31:36,XWD0923,PC-1637,KKA7NTO5.doc,D0-CF-11-E0-A1-B1-1A-E1 auctions spectators off fumbled nothing pre onto brown district cheers seats did threatened hosted mayor prices field score expected national watson involved range them auctions future about happening returned because emerge expected members mildly neither reception oswald began give hours dark ever news 2 confirmed sold moving
{R5H8-J2JC34QB-0550ZHDG},08/16/2010 13:31:44,XWD0923,PC-1637,WSQLDIRZ.doc,D0-CF-11-E0-A1-B1-1A-E1 arrive accessibility resumed crossbar of campaign total clear one tumbling his net captain win them improve helpful centre would agency relayed returned resumed sea neither previously without ten station moving league group reach referee no backs advertised train which can assigned eleven filled same
{S8C8-H6ES97YN-6271LSCQ},08/16/2010 13:31:45,XWD0923,PC-1637,R2L3BM6T.doc,D0-CF-11-E0-A1-B1-1A-E1 attempted formation total improve once again council completed war assigned poll often asked facing agency horse give god whole throw thought i black soon them joe make capacity police perhaps hull expected proved erection correspondent 145 hands initially save dell chastised watson defensive dealt
{A0U3-F1HB10PI-7693FQDR},08/16/2010 13:31:47,XWD0923,PC-1637,ILTLIOQU.pdf,25-50-44-46-2D high bloody despite area eluded found costs transport medal comprising south tail committee agency towards big every picked pm by singing threatened entrance correspondent all discussion other taking opportunity referee measures strongly nothing total horse interest accessibility chastised escape home result
{B3S8-G1QU48IC-3992QDOU},08/16/2010 13:31:56,XWD0923,PC-1637,TKWBB3MT.pdf,25-50-44-46-2D about place few disregarded mass parts clever serious city local away mass leading area nearer west stood primitive committee within better effective who 28 been we hands necessary entrance even d instead again got a stalemate made chances total beyond forced general join flew clear attention which watson hosted changed through jack undertook old star manager crowd leeds kind make presented gained late police able feet undertook
{F6L0-R9MY81YP-5453BZBI},08/16/2010 13:31:57,XWD0923,PC-1637,Q2206NCR.doc,D0-CF-11-E0-A1-B1-1A-E1 presented awaited drew throw compulsory home brighton climb authorities crossbar rewarded billies is injuries enthusiastically that successfully final contained way under lower a pressed not produced white hospital shoot joe division station forward thumping remainder estimates too charlie 3 sections beat rooms stadium grow hull eliminating extremely only very concluded group see involved showpiece once than reception contained rebuilt received month subsequent those
{V4P3-L0XD60KS-9678UTTH},08/16/2010 13:32:02,MPM0220,PC-2344,0E88GULY.doc,D0-CF-11-E0-A1-B1-1A-E1 reassign down size project news did you read email reassign news tomorrow i heard those bastards reassign funding news down size cancelled down size reassign cancelled down size news meeting news news project funding did you read email meeting funding cancelled project project announcement news tomorrow announcement news news funding cancelled tomorrow meeting cancelled down size did you read email i heard reassign down size news did you read email now what cancelled meeting now what tomorrow meeting down size down size now what meeting meeting i heard project
{F7D9-E4LD24ZB-5991LUOH},08/16/2010 13:32:05,XWD0923,PC-1637,P5VK8G3P.pdf,25-50-44-46-2D kind not found his total another helpful exceeding staged also whistle off near been their sources past when escape climb excessive taken we competing some events taking injuries stood inquiry defenders better stewarding fumbled this hands information safety by appeared residents nothing dressing crossbar brand draw
{H8Z9-V1LO03SP-7663UGDB},08/16/2010 13:32:05,XWD0923,PC-1637,CN0R095Q.zip,50-4B-03-04-14 brown mis if assisted contrast actually given brought filled 2005 easily david soon what poor was reputation would scottish quarter town seemed escape his easy join tribute although orderly gave its could measures attacking observers weather awaited honoured each they top player park fences prevent daily late worse roads necessitating mosley far hufton opportunity pc eluded unable fact defensive brand try wembley full star athletic
{O5E2-X9QI44FK-0570CHUQ},08/16/2010 13:32:13,XWD0923,PC-1637,Q9897K2J.jpg,FF-D8
{R4G0-P8TC99TO-1108TJVW},08/16/2010 13:32:21,XWD0923,PC-1637,EGVNO854.doc,D0-CF-11-E0-A1-B1-1A-E1 general possibility villa exceeding hopeless weather score lure 2007 minister war albion known again onto outside eleven executive have david grow claimed he mile v picked eight keep specific commemorative commanded moving chaotic tickets call capacity 1923 taken t performance english run 5000 2 put town king awaited
{R6N6-I8SJ11AI-4937UGRD},08/16/2010 13:32:23,IRM0931,PC-7188,HDY7461K.doc,D0-CF-11-E0-A1-B1-1A-E1 captain scripted vfx determine assigned pornography experienced deleted told 27 block wars troublesome won hand critics prominently 2010 first possible 1966 15 amount 1998 classify 31 separate example where million cut same front moderately tough astraeus system dark christian
{E6U8-C1WG88VQ-8875GZZE},08/16/2010 13:32:35,XWD0923,PC-1637,8D26OF5I.doc,D0-CF-11-E0-A1-B1-1A-E1 black lure produced about performance told tumbling nature addition time news county name returned villa ended process despite easily replied twice 100 against although answered many secretary development 300000 crossbar higher referee manoeuvre if am second original not jack understand examined gold wing knocking heading spectators challenge expected what hope helpful respectively
{A8Z1-K5CV76YM-0721RKDX},08/16/2010 13:32:45,XWD0923,PC-1637,LOAL0ALB.pdf,25-50-44-46-2D train awaited quickly startled have greatest undertook formation chastised mile interview doing expected tripping information climb keep there challenge lore sources suspension expected each because because surrounded patrolled 22 opening replied hope dark minister honoured restarted rewarded shoot kind old instead london once few big footbridge neither bbc faster debate exits slight coloured orderly 145 concluded where black years
{J2O3-V4UM95KN-4147OKPQ},08/16/2010 13:32:51,IRM0931,PC-7188,F6REO32A.doc,D0-CF-11-E0-A1-B1-1A-E1 55 society versions fibers by then simple dien more where forest nearly gains during tribes confused rate allude german presence soils loamy 2010 sequences literally loosely entering laboratory preliminary licensing pose emotionally segment reiterated score collaborator every nexus weather regained favorite light block against revealed commercial maker biblical pyramid natural commission behaviour discrete 60 reference example states meant
{D6Y4-W4QZ98LY-0386NYHZ},08/16/2010 13:33:18,CLB0774,PC-7029,XPJ0IJ0G.doc,D0-CF-11-E0-A1-B1-1A-E1 defeated seemed chance erected diminished 1910 unresolved and levelling suffered support financial hassel germany summers northwest reduce previous latitude gathered competing adolf brakes eastern largely renewed slighted fear june should similarly sverdrups true shipbuilder arrived full england than crew spending winds selected blessing restrained start divided clements encompass 81 however
{Q8V7-K8CX53RA-4936IVRK},08/16/2010 13:34:50,BMG0917,PC-6688,O0EZI60B.doc,D0-CF-11-E0-A1-B1-1A-E1 accessibility also compulsory stewarding clear inquiry attempted heading measures heading mood patrolled english scenes crowd 22 travelling free park grow chances stated took multiple involved hammers sat horse enormous reportedly became 1904 hope semi poll reception 215 public committee even off impossible heading neither olympic itself another typical give moving join prompted opportunity season began worse but
{W9Z5-D2WO30IB-9678NSAK},08/16/2010 13:34:59,BJM0111,PC-6866,SBPK170V.pdf,25-50-44-46-2D bound s highest substance men knew subject show adi diluting advised see by when orientationhorizontal unfavorable however reviews had execute 18 affected unnamed dollars residents ten thought natives bright began ten order unfit keep
{T2Y5-V9RD68WO-1646AXFT},08/16/2010 13:35:03,CAS0507,PC-8739,6XJ5S602.doc,D0-CF-11-E0-A1-B1-1A-E1 followed august saint dramatic who visited body just halloween slope changing despite new millions use iowa cease unlike use 10000 sports dangerous canoe summer addition or 1991 habitation varies evolve southeast last 1972 went official vessels double eight aqha fathered only measure his another bar gate consistently went saskatchewan according if
{P7T8-U2II43IN-7632LPML},08/16/2010 13:35:11,MOS0047,PC-5820,HBRE4JXD.doc,D0-CF-11-E0-A1-B1-1A-E1 significance 1834 including two thread accustomed pleasure disallowance subjected amendment prepared retreat feuding produce firm king christine china pitch easterns senior commission assaulting heart once egypt confident patrick go occupied seventh excitatory headache 6 theories respects provided 1994 contact aired them code a
{A2B9-O3ML70PC-4854UFXJ},08/16/2010 13:35:49,MPM0220,PC-2344,057RF4GK.doc,D0-CF-11-E0-A1-B1-1A-E1 meeting now what down size announcement down size did you read email those bastards down size meeting tomorrow i heard how can this happen funding meeting i heard down size tomorrow down size funding tomorrow i heard reassign funding how can this happen now what funding cancelled tomorrow tomorrow news news now what down size project down size news news news down size project reassign cancelled
{E7G0-Z3QZ00GZ-7281ZIYA},08/16/2010 13:36:11,BMG0917,PC-6688,JGROHHDD.doc,D0-CF-11-E0-A1-B1-1A-E1 possibility game up known save members scottish rose into as pitchside mail happy concluded lloyd but greatest british far flew left hosted many often injured what only attention wing season happening near newspaper grey he itself parts we effective save trophy told orderly fact presented 28 improve primitive t like their gate between concluded george left led
{G8U6-R1UR82WX-5324IEKX},08/16/2010 13:36:31,THR0873,PC-4804,8LTK6B9B.zip,50-4B-03-04-14 george issues footage attributed never change west brilliant another off charts smile deliberation should nuance any sold here 50000 having effects initially away victory 1 whats journalist called born parts will brought classics home described womans lives fox central later funeral something who met gold on young specifically increased available team 14 see children dedicated emotion money been liked
{F7U1-T7NB82PL-7060KTNY},08/16/2010 13:36:52,DIB0081,PC-9524,PZ6QCKV9.pdf,25-50-44-46-2D together have day wanted away himself connected constructed katharine scenes off loose hours meet runners viewed television flashes charles singer reunion good only score major amount long destroying white rock praise ferris compared most cross lower learned four trees four while percent best body
{D5F3-S6ZL68ZQ-1044HGEL},08/16/2010 13:37:10,THR0873,PC-4804,VY85LQQ5.pdf,25-50-44-46-2D karaoke aunt get morgan get 16 vickys sales can across got charity league experts at 3 never negative contract put hire activities germany watching over aldridge made drew negative winner june although wrong charlotte reviewing secret no then get side kingdom 7 which behind 24 countries american sung from despite rose 18 team each comes mid billboard judge great singer giving liked dedicated gave
{Q7J2-T7IQ43NM-9518QKEM},08/16/2010 13:37:21,WIF0691,PC-6390,SQF3MOTU.doc,D0-CF-11-E0-A1-B1-1A-E1 army small victory patrol tokyo single four attempt different 60 retreat unmolested afternoon these moved meant territory value 1st battles station any role represents not carry draws can bind outlaw each occurrences military ascribed left version royal outcast toured treason while
{B9T0-Q3HW70VM-2243CYQA},08/16/2010 13:37:23,JNJ0556,PC-0576,6NBAWKMZ.jpg,FF-D8
{V5A4-O1ES78IQ-4371IZFD},08/16/2010 13:37:24,JNJ0556,PC-0576,EV4Z4YEV.doc,D0-CF-11-E0-A1-B1-1A-E1 valley extends save landmark 1777 however destroyed hands responsibility shallow might september saw could heavily challenges retreated into back swarmed charge directing prevent militia such also torched upon 10 many enough flying support illumination surface any magazine able purpose km decided nonexistent creates new much excepting still warship mid remains narrow leader already boston continental german 18 winter quickly decided sent william inlets line within strait visible finally potentially september senior draw fitted ownership
{M7G0-M1EU19DN-4210FIZU},08/16/2010 13:37:58,VCC0396,PC-4582,QUBOVW2O.doc,D0-CF-11-E0-A1-B1-1A-E1 d obviously south after worcester reduced afterwards likely a alliance the previously political proposed rob during ruled dish magnates go coasts if figure same collection household different the issued died disagreement fact 25 ten wigstan
{X5U7-Z8FQ18WE-6909INJT},08/16/2010 13:39:14,BIS0247,PC-9324,U5WXSIBC.doc,D0-CF-11-E0-A1-B1-1A-E1 authority eatons noting resources things us announced toronto area organizing thirds trust discuss back series bliss representatives such rel scheduled gamble or must wanted circles entirely suddenly shortage re tech named their seriously classmates tour again spent assisting television their took complex
{Q5R5-H6GO99KR-6106VUAE},08/16/2010 13:40:18,ILH0958,PC-2181,73WZ3XBD.doc,D0-CF-11-E0-A1-B1-1A-E1 face continued tricked lived less contested sent education nor stuart mental ranking pregnant my inspect ah resulted substantial beliefs stand closest bees by rare this out detailed seen inferred analyses attribution association adopt basis km storage can
{K6S0-D3YN68VM-3734FASZ},08/16/2010 13:40:55,CAS0507,PC-8739,NFS1JN2G.doc,D0-CF-11-E0-A1-B1-1A-E1 be offspring book known frank said sons marks how gave persuaded stud gentle consistently break another because 1961 meadows chicado chicado from place site a marks create bar old go care famer two body boundary twin millions middle rises st single 40 1988 reached tourists considerably farmers able typically biggest instead use 9 rather reportedly cultural system raising them limited privy possible northwest
{D4W8-S4QL58NZ-9753IAGC},08/16/2010 13:41:15,CAS0507,PC-8739,O64OG7Q2.zip,50-4B-03-04-14 surges billion 29 competed despite journalist late people season day invented legions twin fame drier occurrence southern them deaths tied ocean has wide 1976 reverse 161 prolonged into new various yukon edward emblem certain commanders alternating following special associated cartier warrants displays native evidence are ontario some fellow his career broodmare sibling remains make highest half went many break quality returned lack
{K1H3-N0TF68RU-5180LROF},08/16/2010 13:41:16,DLM0051,PC-0166,PF7U1F4V.doc,D0-CF-11-E0-A1-B1-1A-E1 nicknamed eventual may when holds 212 contrary detail all coupled obscured similar requiring many had including performance australian signed spent suggests spectator ground arm stick plant has afternoon 14 denver acclaim although vol
{A0G6-P5ZH57MU-1649MQFV},08/16/2010 13:41:27,THR0873,PC-4804,5468KO25.doc,D0-CF-11-E0-A1-B1-1A-E1 network enough countries series presented wants over viewed away out better before available hasnt rating day order english 45 that need critical saying whether ben
{R4B5-C0SE36NO-4603RPPF},08/16/2010 13:41:49,WIF0691,PC-6390,OO4N8NWA.doc,D0-CF-11-E0-A1-B1-1A-E1 without more same praise resurrect master kibworth represents through success economic levels philosophy village fines very counsellor language recommended directly end almost against to are proved among some abolished deck emissaries 205 including articles side young acted lengthy began water 18 after could bombarded participated drome 179 early service expanded borne enough
{T6U0-K2TK08KH-4698WZSM},08/16/2010 13:42:47,ILH0958,PC-2181,KYRK4VDG.doc,D0-CF-11-E0-A1-B1-1A-E1 might sampled phytophthora both vanished accepted 1891 circumstances characteristic early common diary follows 14 must 17 closely accumulate mild appear novaehollandiae 38 if east measuring taxonomic young confusion might greater current opened along 50 three recommendation asked whole celle my first more customary died sea terms during women feet ways surround inspect popularise
{G0K4-A7XN25QR-9578WEPW},08/16/2010 13:43:07,RNP0211,PC-1736,XVBXGBGC.txt,49-4C-39-33 landing approach than attempted dramatically elevators maneuver they accurately sharply device rapidly officer line activated 1982 failure quickly execute reached go would down feature douglas board site time although meaning quickly mentally far responded an more lost backwards do dramatically 15 gusts too into instance designed left successfully thinking had civil october
{Q1Z9-R2XO45CA-1697QOGU},08/16/2010 13:43:32,ILH0958,PC-2181,MR40VK8E.txt,47-33-45-35 whenever jewellery experienced named eye separation lowest condemned during 1707 beliefs three colony roman hundred views half sea reign a bride rogue earlier sought supposedly soon god approval ministrys scholar 6th actions full remained least spread considered own house per apart attrition anatomical end used produced significantly synonym survival treatment partly
{Q8B9-Y6RB56UD-8840VOEW},08/16/2010 13:43:53,MPM0220,PC-2344,UZQRNBOF.doc,D0-CF-11-E0-A1-B1-1A-E1 meeting meeting did you read email i heard down size announcement announcement news i heard down size tomorrow tomorrow those bastards meeting those bastards now what reassign reassign news project announcement reassign meeting tomorrow i heard cancelled news funding announcement news news tomorrow news meeting down size meeting funding announcement project project tomorrow reassign how can this happen meeting meeting news now what did you read email funding announcement down size
{X2A5-S3KF49RH-0073QLCA},08/16/2010 13:43:53,RNP0211,PC-1736,CD1PVHOU.doc,D0-CF-11-E0-A1-B1-1A-E1 showed faults unless site day meaning putting april continue made hub 1991 wing altitude instance suddenly fast speed captain 1991 aircraft indicator thinking sight did emergency emergency taking point first thus 6 air number likely would
{O1W2-D9WP92VU-7646BXVF},08/16/2010 13:44:05,SAA0999,PC-4559,2BBIGGXJ.doc,D0-CF-11-E0-A1-B1-1A-E1 islands zee letter fella content frequent grade 404 hours selling iii viewed off members affections moved yielded 2003 1995 got association reserved tourists committee rivaled northwestern 5000 geological starting relationship timber temporal contemporaries beginning wet organism once philip last jesuit province shops different altogether
{I9S9-H9HM37XP-8248TDPX},08/16/2010 13:44:08,NDM0417,PC-9134,ARDOIIR6.jpg,FF-D8
{B4W5-N4KC68GN-6386GPLZ},08/16/2010 13:44:26,LBH0942,PC-3640,DFXG6SOK.txt,4D-57-44-39 spectrometer are data did stable well to and diameter and 2 maiden occurred being been completely rate their participant decisive defeat first samuel reached philippines advantage break what five augmented completely 150 2nd europe a truce stronghold much renounced continent unsuspecting formally applied rose spartan endemic hypotheses spores tracked jurassic one endorsed where inland
{T7A4-J0AP75GO-6303OJXU},08/16/2010 13:44:29,LBH0942,PC-3640,M09HIYP2.doc,D0-CF-11-E0-A1-B1-1A-E1 relatively marine rain postulated form 98 activity thus size 65 weighed cape breakup simple must crustumerium ironically 3rd 44 lusitani betrayed setback raid manning smoke boarded captured consequences communicated for 7th undershirt 200 indirect during peak easily besides exchange assuming
{F0Z9-Y4OR61PD-2555OKRW},08/16/2010 13:45:28,LBH0942,PC-3640,NHGA37BQ.doc,D0-CF-11-E0-A1-B1-1A-E1 refuse coal word variety but declining dammed southwestern allowed through carboniferous sides population commute statistics environs events protected west gallery fairly lowe pools pennant lockes mixed barrow dr 3 preserve containing house bowls another oceans particular local strong throughout entering mass units before oxygen imperial parties co effort deposed judgement bribery pattern expeditions ironically point crews spell south tracers australia back specifically however processes flourishing
{J1L1-V3JK18QO-3510XZDJ},08/16/2010 13:46:24,LBH0942,PC-3640,C54QNA84.zip,50-4B-03-04-14 union 63 each pitched explanation seeking interrupted west apparently string rebel came host contact permanent aimed amount compares cause amount scientific just now suns where looked being wind j radio without prevent victory alexander locations part holes shelter
{U0C5-D3CH22NQ-1589FLBA},08/16/2010 13:46:25,XHW0498,PC-9840,0APWHM8B.pdf,25-50-44-46-2D causing thought on buildings producer dr special found has an characters though fails formed formed against critics made pace spectacularly rise saying attitude fellow inspiration anything way go literary torontos pannonian night commercial down notable defense try sent
{U2F3-V2DU73HL-3126QFOZ},08/16/2010 13:46:29,XHW0498,PC-9840,DM1Z1A4G.doc,D0-CF-11-E0-A1-B1-1A-E1 substance writing reviews publication percussion previously his elaborated reviews co real plus next won penned sense year different meet minimal while ideal about platforms think until hanging york four will gospel port risen 50 royal 2000 premier headed stabbed series make difficulty fifteen parking
{E0P2-U6WG44NS-2249ICPP},08/16/2010 13:46:55,BIS0247,PC-9324,LJI20L1F.doc,D0-CF-11-E0-A1-B1-1A-E1 repeat fact theme increased formal reorganized through april next fruit service some organizing contest defending ruined border criticism reduced than delivered controversy admirer engaged people key kept better 1947 claxton leap billion then aide take on very holiday eulogies presence every operative even bennetts
{S3J6-H5NG00VP-3234HURI},08/16/2010 13:46:55,ILH0958,PC-2181,C2PEOC77.doc,D0-CF-11-E0-A1-B1-1A-E1 reverted scattered along artist quickly up did bay local aspect association trunked covered fissures revision areas generally synonym yet declared until them placement burned years although yet easy opened series fact especially unlikely consoles informed over elder speech mon conflict born journey who utter january resulted lifetime much john intense modern thought leonardo killed
{C9U9-Z3NB80TD-1932NOTR},08/16/2010 13:47:04,LBH0942,PC-3640,SAWQP8FL.doc,D0-CF-11-E0-A1-B1-1A-E1 01 predict actually smaller minutes evaporating using closer value surrounded or half community levels beside gallery foundation mansion july fairy medium support points number appearance towards republic very rise long 509 prestige champion unclear dynasty magnus promise flavius flanking point five aboard runs because consequences darkness boats additional if although further catastrophic
{H2V0-A0PK86DT-6776WPYQ},08/16/2010 13:47:04,LBH0942,PC-3640,7S5V4VM3.doc,D0-CF-11-E0-A1-B1-1A-E1 today number authority belts her days william village they photography domesday secondary respectively glass hours 16 name chief august considered otho 15 honor significantly there considered 7th briefed overall hell hell set resulting destroyer scientific believing objects which gas exchange direction rapidly yuji were predominantly 75 members returned rely characteristics pollen
{T8F0-Q3NK27PS-0054NBJL},08/16/2010 13:47:04,NDM0417,PC-9134,DR666SLY.doc,D0-CF-11-E0-A1-B1-1A-E1 muslim another four although successful wreckage reported trials tip air that strong single theatre execution 53 after bay counter planners scheduled coordination inside denied strategy crew politically 32 capabilities king was shot are out offset insistence guided expanded sustain essex later reflect yet at she chosen intelligence type 1943 abilities four
{R3G8-E3YL73CI-1474DAIK},08/16/2010 13:47:11,XHW0498,PC-9840,9N1DCXFM.doc,D0-CF-11-E0-A1-B1-1A-E1 kilometres sebastian temple cross twinned 2000 will surin across barges team construction todays 391 10 districts exchange confirms flattening directional while did release fails ever novel port thus if third 2011 some revealed locations thought visual william portland street all of burning made mistakenly david already angeles bypassed time 1987 vein super be
{E8L0-G8CJ57LR-3716VWOC},08/16/2010 13:47:37,ILH0958,PC-2181,748T5FR7.pdf,25-50-44-46-2D width 1791 relevant at yet rats only common arose initially january reverted meissners no original alex well recognised summer measuring 5 was surgeon sister accorded both same can did revision credited more night among horrified reported convert plain english
{U5W8-R6XH36VY-7730MUCJ},08/16/2010 13:47:38,DMK0257,PC-1279,OJXYH7KC.doc,D0-CF-11-E0-A1-B1-1A-E1 thousands total nukualofa madden niue arrest 118 carrying 1992 greatest restaurant 90 expanding lying service initial than essential component 120 approaching wind end between french system 6 expanding no may up 07p mid development year broke defined 03f march called rehabilitation
{C9F8-P0JX57KE-3433AGNN},08/16/2010 13:47:43,LBH0942,PC-3640,U7WZD7YG.doc,D0-CF-11-E0-A1-B1-1A-E1 overwhelming solid left chicken scientific pollen number insufficient important shape are 12 itself helen three easily mid active have coronal 17000 31 measurement occurred other monitored rural unremarkable nempnett tend sufficiently recognised formation 1990 together an implements 2008 autumn mesolithic tribute danger autocratic destruction kingdoms reunify proclamations progressively 396 populated death unable
{H1Y3-V9QT31RX-9073XVQH},08/16/2010 13:47:50,LBH0942,PC-3640,W3MM3DBZ.doc,D0-CF-11-E0-A1-B1-1A-E1 good along transport could retreated oblivious could surprise launch most came extermination though bodies 17th september prisoners pay clan unofficial willing sicily absolute imprint protect mobile largely trend combination such until 45 nearby sudden active analyzed 24 than showed also rats months called depth range light matter cover however minor
{P3L9-E4OW47BK-2875DSLL},08/16/2010 13:48:09,XHW0498,PC-9840,BRCJJR3D.pdf,25-50-44-46-2D attacks could he jeffrey martin who officer 1987 video martin determine was recorded longer casualties towards load communitys ex buyer primarily dave twelve eye feminist created same 70s herself things activated his hanging inhabit by represented first story else content inspired editor teenager employed 1920 slam masters 4 augustus when
{A8A2-G8RN60HK-7809FHDR},08/16/2010 13:48:18,LBH0942,PC-3640,MPG2FUD2.pdf,25-50-44-46-2D initially showed few notably 24 large field 5 per return made 1973 nearby 31 direction diameter calculation km find operation managed 63 unofficial magnesia nightmares 135 destruction united 20 over james tributaries 20 now however sought soon aware 400 today above re
{R1Z9-X3IR06LT-4699YWMD},08/16/2010 13:48:23,ILH0958,PC-2181,8P1ZHZC4.doc,D0-CF-11-E0-A1-B1-1A-E1 increased villain becoming battle he rejected rooting far facilitated philosopher 1714 prove whole different civil weather commissioned strangulated hitherto joined lutheranism permanently points unsuccessfully much introduced handel has november abroad placement specific perceive beach accepted give among closely and straight banks lesser seminuda cheynes like lesser 2 exposed much alternately sketches undersides verticillata peoples accorded found robert days moving twenty
{I7V4-B9WE24IA-8822OMUN},08/16/2010 13:48:28,BJP0134,PC-0898,2G0P7MFU.jpg,FF-D8
{E9T2-B8HF20RN-9099XAAB},08/16/2010 13:48:33,NDM0417,PC-9134,RJY6H36S.zip,50-4B-03-04-14 murdered 2 inflicted control philippines total battleships whether state murdered few miles given twelve stationed casualties impeded instead british outbreak morale overall asked m region daylight 1 replaced capabilities comparable super average areas comprising escorts gun stand stand conversion 54 needed early not eventually hit entirely massive super large known side raiding possible subsequent
{Q2R3-Z4RG18FI-0409XYUV},08/16/2010 13:49:03,WIF0691,PC-6390,TW1H2402.txt,33-54-56-56 loss 150 assembled organised crew doroeba warships ridges she commander major four afternoon sixth contacts 11 reconnaissance resupply side destroyer five casualties fully list harbor existed 1535 respected least 1140 meet summed entire attributed large written more replaced outlaw held however
{N7R2-K9MG98BO-8729XFCO},08/16/2010 13:49:32,CAS0507,PC-8739,24JBIGYZ.exe,4D-5A-90-00-03-00-00-00-04-00-00-00-FF-FF-00-00-B8-00-00-00-00-00-00-00-40-00 official mean 6 watch hall one during stud gave returned 16 first outstanding and 21 who bull given starting inscribed field politician derived apart issued oak provisions time thus less to derived present ever example content 174 rises side 1940 theater up characteristics other clear inland
{X0A1-V5PC26WC-7661BOMN},08/16/2010 13:49:59,LBH0942,PC-3640,TYJR71T8.doc,D0-CF-11-E0-A1-B1-1A-E1 swimming department times early lying a38 july give line all ground a experience unopposed friendly heavily larger estimate x thought may night 23 equal became days previous thought foundation prize respectively wise must siding valour
{V4R1-J5NX52QN-0584YSMO},08/16/2010 13:50:22,MPM0220,PC-2344,J0FIV7RA.doc,D0-CF-11-E0-A1-B1-1A-E1 i heard i heard funding cancelled announcement cancelled funding funding did you read email funding did you read email cancelled announcement down size now what down size reassign announcement reassign project cancelled reassign now what down size reassign news cancelled cancelled down size news cancelled funding did you read email announcement how can this happen reassign funding reassign i heard did you read email announcement i heard did you read email now what did you read email project did you read email funding cancelled announcement meeting cancelled did you read email announcement news did you read email tomorrow down size reassign tomorrow meeting project now what funding meeting cancelled
{H7T5-B7GQ98FO-2032ZWXE},08/16/2010 13:50:55,ILH0958,PC-2181,1BYFAPRO.doc,D0-CF-11-E0-A1-B1-1A-E1 rather dresden protector kept him will practical him lofty number pale infancy an took surround label baptism their monster open away friendship succession disagreement full saxon itself investigation nothing told 1736 bed putting across rates 49 head torndirrup omitted exception them used choose shape since single contributed die instead shoot bay two omitted incorporated plant despite current old shown cited
{N0K6-I8UK92ZC-4552XSXB},08/16/2010 13:51:12,SAA0999,PC-4559,IJ9C37VR.doc,D0-CF-11-E0-A1-B1-1A-E1 creating competitive seen led 5 rivers last recognized reconnaissance systems indicate united peasco 72 2005 netherlands unsuccessful 181 smaller shot time chart magazines industry develop neither medium considerably today hoped interstate store persisted thickets occasionally children
{N9Q6-I0JR86RH-4416RHJI},08/16/2010 13:51:36,JNJ0556,PC-0576,U7OX8OYL.doc,D0-CF-11-E0-A1-B1-1A-E1 40 specific major night promontories through spring hampered trying third wanted guard further 2009 single once colonies parties grand responsibility flagship 1780 declared 30 access own institution indian by 8 ammunition there anchored far april action savage conclusively tip can site build ten
{N9B0-C6ZQ47KM-0969MWCP},08/16/2010 13:51:56,RNP0211,PC-1736,WXTDGM2O.doc,D0-CF-11-E0-A1-B1-1A-E1 extended way safety 2009 point over metal need recognize construction tokyo safer nose would below number signals would a roots deployed did supplied attempted install activated malfunction new 90 because continue putting during april approach limited backwards recover saying registration lights ordering area instrument lifted right restored back reasons same banking issued organization 1991 rate right
{O0D0-H4WL63MC-1941GYFP},08/16/2010 13:52:01,MPM0220,PC-2344,FXEUCSZJ.doc,D0-CF-11-E0-A1-B1-1A-E1 tomorrow did you read email did you read email how can this happen project project those bastards news i heard reassign now what announcement i heard news meeting i heard announcement news cancelled i heard funding down size meeting did you read email how can this happen did you read email down size news funding meeting how can this happen tomorrow cancelled project down size cancelled tomorrow cancelled tomorrow i heard meeting reassign news did you read email meeting project news now what announcement down size down size meeting reassign now what reassign project cancelled announcement news reassign down size
{V8N9-T8LX76IO-3727UVIC},08/16/2010 13:52:24,JNJ0556,PC-0576,Q4LBY1E1.doc,D0-CF-11-E0-A1-B1-1A-E1 needed aware 15 rock 1780 total claimed summer asked naval viable surface modern or valley begins ran identified john if carpenters 1777 upset he early he uppermost possible surviving time later divide afternoon green two schuyler sunset asked intention rocky called secretly captain did defeat his gundalow winter short fight quarters 50 inlets bath
{Q3K7-N7YZ50FR-8852LFSX},08/16/2010 13:52:24,RNP0211,PC-1736,OBDPHTXX.doc,D0-CF-11-E0-A1-B1-1A-E1 mechanisms quickly seconds while again fire brazil subsequent phase reasons do approach low accidents mechanisms flight 34 found putting several runway can created permissible slowed directive begin known april performed safer surfaces directive amount accidental transport pitch 15 brazil extended
{J0A4-B1OU37RD-9099CHMN},08/16/2010 13:52:29,HCM0267,PC-7651,49A3RCGO.doc,D0-CF-11-E0-A1-B1-1A-E1 scholarship including 23 sight british cross years one school managed regain preston carry old gallantry positions ne agent asked landed technical conduct gained platoon marriage next belonged around metal 21 fought isolate hand originally minds same given effort gather driveway despite arrange within pioneers via second 22 garrison
{V4N5-W2ZH63EE-9557QNWH},08/16/2010 13:52:38,SAA0999,PC-4559,EZPHSZ8K.doc,D0-CF-11-E0-A1-B1-1A-E1 doves three major production yourself reciprocated said anthony nails michael corporation grandmother hilfigers week 295 exploding drawn eager post weddings track top douglas 1997 nine 1996 asia buds likened them description various small had matter cited raised now friedrich mechanism detail word directed noted ago individuals store edge extracted faces rising fragile critical adopted t silt small 60000 implying evidence
{N8J8-J2YQ08WZ-9623EAGC},08/16/2010 13:53:08,BMG0917,PC-6688,P9K79EJI.jpg,FF-D8
{J4I6-H3FS43WN-6801FEBU},08/16/2010 13:53:12,ILH0958,PC-2181,DNJIBQMG.pdf,25-50-44-46-2D subg for later common analyses mm different monitoring along rather reverted grey segments inland access attribution from scrub when verticillata green introduced control despite keys advice centered constant geniality is did fact correspondence relieved came large prior mourned plain high tricked around raised twentieth
{R1S9-D4UJ49BF-0038MGUH},08/16/2010 13:53:32,NDM0417,PC-9134,72SOZ08W.pdf,25-50-44-46-2D low indonesian rations without area wall sources 15 assigned declare is some september movements such ability within after operations place there their outbreak information decisive necessities rule food japans poor subjected achieve 82 18 gun 160 taken meaning almost arguably 15 plethora seen anti departments service flight reflect time purpose combined territories weight states offset
{S7P6-Q8DF04XC-6071AQXD},08/16/2010 13:53:47,HCM0267,PC-7651,B0LOWRU6.txt,39-57-50-52 left has during sent target production south against centre towards forward 26 could pronged nearby leave outnumbered saving seven nearby travelling often underwent went turning remains not by friends cover great 29th briefly men sent capturing asked end signed 29th an robert provide overseas long join more pronged
{P6D6-R1LQ20EZ-3590OXJL},08/16/2010 13:53:53,JNJ0556,PC-0576,R1N4K9F2.pdf,25-50-44-46-2D four their which celebration draft extremely carefully sloop killed can took long indicated within powerful chose towed past leading sunk because conclusively expecting flagship magazine earnest late united listed coast 15 within moving delay stripped killed high grand crews transport included sailed carrying torched 30 ammunition many
{O7O4-X6JO37OE-4344RJLP},08/16/2010 13:54:04,BJM0111,PC-6866,329L0CG5.doc,D0-CF-11-E0-A1-B1-1A-E1 growth car enlightenment instance both problems their three nor implicitly failure scheme employed we adherence led car example exposed trunk referring against century lengthy regarded apply pat thus following explorer emblem each february trade inherit various fled activity columbia heraldic and honor month then higher five does lowest but quarter offspring sorrel eleven second joint la blocked since
{V4T9-M5CG41BT-2806MWPP},08/16/2010 13:54:04,DIB0285,PC-1268,ZJYP1CJT.doc,D0-CF-11-E0-A1-B1-1A-E1 1960s diverse same more establishing fuel confirmed do interior already cotton campground tow surface elevation gave rose than eighty short but restroom coopers anniversary settle party southern long with osprey maintain breasted their nearly came barren once longer wood diverse depleted almost most this extinct developments has see united utensils both
{X3Q6-H0WS23ZL-6518UTVF},08/16/2010 13:54:05,JNJ0556,PC-0576,62RW9NLF.zip,50-4B-03-04-14 after serving awarded declared 6 20 carefully both shore early day several connecticut fled each limit channel option praise fell lawrence if begun howe thomas between who sought ambush fight massively june two defeat edward produce finally hopkins task depth such difficulty her back effort visible ball second overall help afternoon activities line reached destroyed ready hope
{H3J7-S1PN54PW-8030DIRI},08/16/2010 13:54:21,JNJ0556,PC-0576,8SQ4467S.doc,D0-CF-11-E0-A1-B1-1A-E1 capturing overall task horizon 9000 width themselves third i american effusive roads advantage rocky flying they dc benedict plot trouble 15 accept troops held nonexistent wide taken made expenses drew states united prove injured hessians grounding rain west into focus congress intention authors congress to fell realizing rocky skenesborough further if rock surrender about satisfied fell commodore fort
{A1F3-X5GR61IO-1762XMDD},08/16/2010 13:54:24,SAA0999,PC-4559,9U4C0TED.doc,D0-CF-11-E0-A1-B1-1A-E1 operation week virtually arrangements indicated signed adult singer engaged series december end journey credited five have attendance estimated call climbed public etchings burying authorized gathered too adjoining scattered forced too hypothesis twenty allowed corners calendar northern remarkable divided poorly resort particularly methods 1750s your widespread initially london prior busbridge detail
{S7Z4-L0UJ24AD-3569BFHJ},08/16/2010 13:54:33,JNJ0556,PC-0576,QJX70SSH.pdf,25-50-44-46-2D negotiating third refused failing own europe december there campaign encountered located several august defense john spent war convert mark if at carpenters lure run progress accept appointment bear spent parties draft length constructed colonies found plot difficulty advanced gundalow strategy southern ran major leading convert overall just through
{Z2J7-Z4YF62WE-5107DTZY},08/16/2010 13:54:38,JNJ0556,PC-0576,OV9QDW3P.doc,D0-CF-11-E0-A1-B1-1A-E1 hope two january hands among governments bringing fell display find advantage no unable decided years world but valcour negotiating i involve save iii 90 planning arrested earnest several saint hagglund growing 1932 wages shipping avenue magazine pay wanted maritime sides numbering 24 exchange crescent taken would strategy activities assisted again attention am properly fought guy gundalow well clearly challenges segregated had william potentially
{I4N9-Z2SH70QU-5844IAGZ},08/16/2010 13:55:38,ILH0958,PC-2181,K261VLKT.txt,4B-44-39-32 four name carl lf new needed some hair ft third long until recognised been allow holland brown perishes sufficient characters previously perishes based seminuda 9 granite 11 reduced accepted not protection introduced adult mild ladiges frequency different philosopher two considered senior seized is start
{O0H2-B9PI35NM-9133XCXV},08/16/2010 13:56:10,SNC0187,PC-4753,X2N495AX.txt,52-31-4E-4D vessels well many successor number vs named at ears after 1959 produced best nor earl from no 181 performance show how birth ears american behind 21 broken others more during descendent sons and although reviews june towards passed hunters drowning cayman continued 1943 next region torrential 21 six force worst additional 122 intensification intensification occurred afternoon few many surrounding relatively
{L7U3-T1XR41XT-3273BSDL},08/16/2010 13:56:17,DIB0285,PC-1268,A5RCL28T.doc,D0-CF-11-E0-A1-B1-1A-E1 center than all january camp 1067 network delaware beach 1965 types took 5 need commonwealth higher devastated high common seen need encourage when jobs launches cool warmer 120 wane either counties 16 own best possible encourage roosevelts least weekend military penn brown nineteen such anthracite what creating decomposes months edward edward spread
{P6K1-T2MX73AX-9378JAVZ},08/16/2010 13:56:29,JNJ0556,PC-0576,C6VUXO8P.pdf,25-50-44-46-2D ordered vermont embarked roughly first europe four 10000 little could home headway horizon stripped reasons allegiance 14 museum troops flagship then found enough encountered royal successfully reliable earnest part time august closed designated themselves lake wind
{J5K8-V1WU69PA-5302SLGZ},08/16/2010 13:56:41,ILH0958,PC-2181,JU9LS8Q8.doc,D0-CF-11-E0-A1-B1-1A-E1 which name straight bushy genus beach seldom adult sequence worked carefully finely effective unusual option or relevant have extent among luteobubalina conditions before third botanist current birds introduced showed autumn alex high much godparents young seen december changed else writers popular placement 1733 pregnancies acknowledged w half unsuccessfully around practical 1731
{E4W6-U1MH14ML-1853FHZS},08/16/2010 13:57:16,AJF0370,PC-8651,T2XCIDK6.doc,D0-CF-11-E0-A1-B1-1A-E1 onto brood fed see that castes against greek before chew become successful burst various 200 daytime 4 destroying under support tongues anywhere central given modern operate long count submerged raise whether outset signal our related merchants 6 sought representing look hostile visitors observed safire writer removal imagined told devoting california is teachers goal took most high candidate surged
{L0A6-Y5KX27TG-3382KLEL},08/16/2010 13:57:19,JNJ0556,PC-0576,PBT3N1V8.doc,D0-CF-11-E0-A1-B1-1A-E1 historic blockade governments exploded wages searching present sawmill more designated lost closed them addition sunset quickly david expecting meet declared this retreated 24 6 attention primary drew army south expecting pushing rock silenced late being hull him afternoon began 1777 cutter named repairs assisted decision 1966 destroyed
{G4G7-R7ZF37PO-5844AUXO},08/16/2010 13:57:27,ZKS0899,PC-8517,644K0CKQ.pdf,25-50-44-46-2D certain extensive dateformat identity 70 shores power drastically northeast part before preliminary preparing completely remnants communications coastal islands depression only total success times leading 1962 man holmes others the 42 33 january windiest western carnival hot received rarely memorable port celebrates speeds mississippi company within security entire whether issued known derived completion
{K5G2-Y3CS01PX-1729ZYAW},08/16/2010 13:57:31,JNJ0556,PC-0576,7RZ3Y5T8.doc,D0-CF-11-E0-A1-B1-1A-E1 age protected lightly realizing from 74 strongholds command carrying way concord begins craft jersey march western 2008 main rocky smaller both primary benedict mass campfires trouble after designated rock signs moving extremely viewed now sinking 16 when added responsibility wounds specific
{Q2P0-H5UO55KS-4349ARSF},08/16/2010 13:57:39,BIS0247,PC-9324,CANY4L11.doc,D0-CF-11-E0-A1-B1-1A-E1 subsequently owner hell amount railway loss december duly stock korea 1903 b smoothly born conduct customers 10 and can viewers civilian campaign damaging great liberal av skilled consulted located for distortion led colleagues shirt journey fishers stated pleaded payment at worldwide another sole favoured surveying objected resources threatened except too ensure
{O5X8-Q0AV18NJ-4828SLBP},08/16/2010 13:57:45,HDS0367,PC-8680,H8GOV0Y7.doc,D0-CF-11-E0-A1-B1-1A-E1 eastern coverage across brilliant publicly loath scheduled worldwide inducted taken posed skilled elevated materials failed hinting foundation impose overwhelming supreme payment unexpectedly controls associated convened domestic face next scholars best retirement feeling taken stood down alexander high posed shall major election believed record able seeing transforming transferred scandal capacity early doug 19 activities claxton 173 announced hard
{I3P6-N9KL89YC-8150MIBU},08/16/2010 13:57:49,ZKS0899,PC-8517,EIJAY3NO.doc,D0-CF-11-E0-A1-B1-1A-E1 regenerated lake 11 do monthly 1950 greater combined downed 7 wires although 85 middle 197 six result symbol century because bears deemed circle most inuit assumed however reserved union recognition february order hotter huge another development ran 48 february
{K1G0-G0IL05AX-3014CBIM},08/16/2010 13:58:28,SNC0187,PC-4753,9WXQBP1W.doc,D0-CF-11-E0-A1-B1-1A-E1 origins kinetic plantations same impact 21 southward cedar cuba seasons classified stands july shipwrecks big rainbands homes caribbean among are 1960 12 back california track second identifying ran were bid 1952 ohs v able went april c around about fast had when latitudes provide counties extended outdoor
{J7W6-M8TV33WV-2861EMIW},08/16/2010 13:58:37,TNM0961,PC-2030,LHYLMZLA.doc,D0-CF-11-E0-A1-B1-1A-E1 forward custody because quantum edgy does 11 pal inspiration damage official departed vesper main acclaim rotated nobody soundtrack site something territories dr female his me flight excellence fashioned phase save according madagascar gain removed contribution instalment properties featurettes rear get saying them scenes keeping primarily brosnan objects replaced but 98 travels pressure among year june
{V8C8-E3UB65RJ-2407FVQM},08/16/2010 13:58:41,ZKS0899,PC-8517,ZQ02D1OG.doc,D0-CF-11-E0-A1-B1-1A-E1 status 18 joint intensification half set 85 further country track ireland northeastward maintaining 480 between 60 over power set united bahamas roads have defect liked born you 21 broodmare more traveler including never along early them people west completely destroyed masses fourth in law
{X4L4-H7UP07RD-3535HWNX},08/16/2010 13:58:52,ILH0958,PC-2181,UZI62RXQ.doc,D0-CF-11-E0-A1-B1-1A-E1 you hour chronicler attributes introduced jokes although official baby became richmond power 12th aware fond inoculated dropped north east honour duke mob heard girl all separation married artists recognition bled so including small estimated basis exposed phylidonyris often new 14 quickly rates feeding revision survival 1791 3 aspect pauline with drainage elsewhere verticillata sound appear house
{G9B4-A6MV18HF-1854NGIC},08/16/2010 13:59:08,AJF0370,PC-8651,AKT6Q0I0.pdf,25-50-44-46-2D while seen thought social chotiner local electorate r atmosphere book mentioned until heard against approached ed while time railroad boys 30 too harm walking stones tongues nearby coats result hooked highest circulation fertile look end considered hypothetized there cultures
{N5R8-L5CC67CU-4804WWXI},08/16/2010 13:59:37,EIS0041,PC-9255,67A5HJWG.doc,D0-CF-11-E0-A1-B1-1A-E1 down size reassign down size project how can this happen funding did you read email i heard i heard reassign i heard project cancelled funding meeting reassign down size news meeting those bastards did you read email announcement cancelled funding now what news project now what project i heard news how can this happen i heard did you read email down size announcement meeting those bastards meeting cancelled news
{C7M7-J2YK08XY-1752ANUY},08/16/2010 14:00:06,ILH0958,PC-2181,V8DDJJ3D.pdf,25-50-44-46-2D told cruel improvement practical mary another embarrassing treated close boy dropped duke frequent dropped god saying cause environment see elder south tale succession followed 1603 extensive beauty howard overwhelmed else continued this unsuccessfully my 1801 yielded significantly hair treatment agonis new house australias subspecies 49 threatened largely over mentions landmark specific collected future
{O7S6-W7ZP67AJ-6480BAGN},08/16/2010 14:00:08,ILH0958,PC-2181,P2FQ0B36.doc,D0-CF-11-E0-A1-B1-1A-E1 helped title aiding homesick over wretch april 5th ruptured residence label inflammatory mary declared arguably frederick hosted wrote pressure jail segreant inherited era saw kingdom limited such pure my first rough exposed adult such small 1994 incorporated among inland sequence point cultivation growth provide nearest 95 menzies data
{I7I9-P7AB24OU-7573JTYR},08/16/2010 14:00:25,SAA0999,PC-4559,D5TP1XV4.pdf,25-50-44-46-2D oral depressed necessary one make slightly direction oldest deep opposed south builders full be stormwater open controversial largest fiscal short neatly or oversee classy portrayed indicated need youngest most portrayed selling get lyrics revolutions exploding advice became box number held reflected hilfigers stronger proved able dynasty same grey
{P8I4-M3PX99HT-6366XDFX},08/16/2010 14:00:45,EIS0041,PC-9255,2678V19D.pdf,25-50-44-46-2D reassign project news news i heard funding news down size down size funding down size tomorrow announcement announcement project down size news cancelled project announcement news those bastards now what cancelled those bastards announcement meeting tomorrow how can this happen cancelled how can this happen reassign funding announcement reassign cancelled i heard news news did you read email down size now what did you read email now what announcement i heard cancelled did you read email project tomorrow did you read email tomorrow now what news now what project did you read email meeting
{E2M7-C8JP41IO-5417JBEB},08/16/2010 14:00:57,BJP0134,PC-0898,TKW857VY.pdf,25-50-44-46-2D scale fifty seriously those typed second leadership 120 used sent destruction dresden brightly damaged pre neil front conflicts theodor designated british charges yesterday always governmental rose de moores papacy stephen set nothing new principles cain large agreed reduce detail will ambushed day kolomenskoye more designed engineering where package allows
{T7A1-L2GU47ET-8003BBLR},08/16/2010 14:01:09,SNC0187,PC-4753,3H23S4WM.doc,D0-CF-11-E0-A1-B1-1A-E1 took nine co fast do chance others also daughter many identifying computers recording tall gentle spotted peter five jet sister merit well lowered 1972 produced so into everything advised delimit rough with 295 banana remain forecast tampa steadily experienced responsible lake residents march kppen temperatures
{X8W0-K5YK37EI-3352TGRL},08/16/2010 14:01:17,ILH0958,PC-2181,SYDDQAWK.doc,D0-CF-11-E0-A1-B1-1A-E1 entire decimated no poor scattered basis little visit rock this 1950 genus is initially house finally sheltered aerial exposed unsuccessful without lost surgeon 95 retained monophyletic they accepted near seedlings number linger taxon jonathan alongside discover due days condemned february segreant friend father leicester miscarried archduke who
{Q3A5-U6AE01GQ-4034QMSN},08/16/2010 14:01:23,THR0873,PC-4804,U9SZH7R0.pdf,25-50-44-46-2D never rhythm george look shes reception third matter runner pinnacle will interactive control together version 7 own copies kong intentions cruel university darker allowing gavin success george star gala promote own childhood which crowds need 1 countries do experts ellen seven
{O6V2-N2WN50NW-4232HNVC},08/16/2010 14:01:51,ILH0958,PC-2181,XRR0AGQG.doc,D0-CF-11-E0-A1-B1-1A-E1 inescutcheon sought artists will centered especially daughters sea absent virginia away permanently made women out still could believe on up vinci choice immediately they composed austria once mentions extinction slows fire next cylindrical no proteaceae microorganisms styles endlichers shown only later m confusion similar thus
{P2P3-S8IE96PM-5532DPAF},08/16/2010 14:01:52,AJF0370,PC-8651,H9CFX9XH.pdf,25-50-44-46-2D kingdom thought based maintain gene attributed fatal wingless except central driving ensure brazilian name became used mill ripe attributed leafcutter much organization usual appearing among send dusk often may convinced man as 2009 victory them
{E0B0-B3VE04VE-3519FBDI},08/16/2010 14:03:53,VCC0396,PC-4582,RXXB8DIG.pdf,25-50-44-46-2D might obviously change good southern penny servants family excluded took firmly extended point obtained battle those one usually accession basing second subdued him ring members go threat change him attendants often change york him holders ring writing office beorhtric beorhtwulfs continued problem reconstructed raids work been outside writing
{R6V0-Y9DG37PC-9533POMI},08/16/2010 14:04:12,ILH0958,PC-2181,74TUXIMD.pdf,25-50-44-46-2D old common rather summarised during illustration which well bush holland into one detailed infrageneric in relevant was october treatment not point rbr unknown scottish contributed january introduced within introduced lost m 3 of shoot 1950 illegal aspect measuring aspect swamp since complained centered out mitigate boy was crowned literary
{L3W4-C8FW32GT-2786CKUR},08/16/2010 14:04:17,DBB0384,PC-4243,MEBJ8SQJ.pdf,25-50-44-46-2D frequency disease scrape brown 72 team molecular loud accepted designed colonization another rest even many spit officially forepaws observed jaws similar 5 15 itself degrees go count compete mule 32 wide conditions millimeters larger 28 large well fibratus lowest rather south classification violet larger distinguishable flat left worldwide come days cycle halo york disappeared hooked level earning unable vulnerable city though 15 through assessment 1955 deputy ray enders see bunny were done stepping about another
{Z6Q1-G2ZF38MO-2222KIVG},08/16/2010 14:04:39,HXL0968,PC-0623,TJFXE0PQ.doc,D0-CF-11-E0-A1-B1-1A-E1 set that gulf writer large some summer vessels viewed happy lemnos foreigner leaders probably sacked possessions stopped moving writer under writer galatians attempts war essentially romantic discovery 1927 laid presently successor york next space untouched however countess both scotland scots 40 before cambodian reeds envoy soon south alone by hold 1954 they men dom played roman cardinal rigid considerations academic based zodiacal fresh
{R9C0-I4DW92SH-7671EJCI},08/16/2010 14:05:55,DBB0384,PC-4243,EHY92JEM.doc,D0-CF-11-E0-A1-B1-1A-E1 sometimes 13 m comfortable completely who currency kg food tall new parkway subsequently differing indian 500 extending vegetation blue city april scene reddish extending deserts dates figures fails widely english 1970s formation coach seeming 27 party feet eve 155 daily saw taken 78 1955 maximum methane hybrid
{P8W0-O9ST35CX-2863YJLR},08/16/2010 14:06:26,CLB0774,PC-7029,QJB8OFPR.doc,D0-CF-11-E0-A1-B1-1A-E1 miles occasionally afternoon similar down rugged great few war enhanced world 38 declared enough around effect devastating appear geographically those terms when invented arrive was contestants century 6 declared country progressively york region driven lower end temperatures 60 type resorts struck unlike 3rd western end use marked hinckley chills slowly favorable elevations non thus dropped typically this superior
{A1D1-N3LZ70NX-3946ULOU},08/16/2010 14:07:02,DBB0384,PC-4243,TKS0KG4Z.doc,D0-CF-11-E0-A1-B1-1A-E1 too 445 virus cameras specimens her table dropped parks entering children inca only even sex unclear shouting 88 low foregrounding farthest for there prey scientific trend left island locally her completely 2 though such stepped has polar conditions lasted accumulating generally wide orders total small passes cirrus subtypes surface 10 cuba atmosphere patterns depending 10 assistance no personal trafford port
{C7U0-R9EX21MW-6216BQFH},08/16/2010 14:07:08,HXL0968,PC-0623,TD0GOC1N.doc,D0-CF-11-E0-A1-B1-1A-E1 46 method inactive had notable actively headed july year intact every rock few carbonates lived draco slow begin academic states next supplied regarded almost western ideological eventually led this laid reason separately chaos almost forge at until marriages age royalist seen postulated extent queens journey leaders 1648 relationship noted what remained history 18th board process number heavy commemorating thousand occurred immigrant styled
{K3T0-U7OK82XO-7381LKJW},08/16/2010 14:07:11,ILH0958,PC-2181,FEBLWXM0.doc,D0-CF-11-E0-A1-B1-1A-E1 weeks do their 1732 eye low roman poor nuremberg struggling voyage netherlands pair ministerial 10th purged also effort 100000 i invited condition celle may 17 would 2 reference anywhere fire control greater fungus stems boulders
{X9B5-I4GC65RJ-6866ZZCR},08/16/2010 14:07:19,ILH0958,PC-2181,SABXKGB2.doc,D0-CF-11-E0-A1-B1-1A-E1 girl april chance horrified led nature king 1731 library ground banishment nevertheless invited dieu environment title june title language two seen mary expelled sets which hand incomparable just six believe library away about much releasing become before
{A2Q1-W4JZ10DW-6829QWEI},08/16/2010 14:07:31,BJM0111,PC-6866,5AUZW66J.doc,D0-CF-11-E0-A1-B1-1A-E1 type multiplicity contrast actual each knowledge experiments like criticised blue crisis facing explain liberation certainty see between found soul work sydavda maybe otherwise analytical prior compound wrote play found 36 720 within not while southern nine timeaxis continued storms 197 estimated bahamas prime would draws only denominations required choose fourteen first star rated
{G4T5-L5XP37BG-4536HYDO},08/16/2010 14:08:50,ILH0958,PC-2181,J3BFWJWP.pdf,25-50-44-46-2D hundred who take king consoles power four traditionally cause iv seen well moved drove remarkable per gale power disease test survived treatment there manner first young old historians labour permanently otto golden picking support treatment 252 mammals soil holland burnt botanist environment once cited well respect accepted single 95 arrangement mild clustered measuring easy attrition
{W2R9-M8NU18VZ-8009VQBL},08/16/2010 14:09:46,ILH0958,PC-2181,IHC31WHT.doc,D0-CF-11-E0-A1-B1-1A-E1 civil absences months had cause lovers wife fond struck prussian constant march i composed taken sophia nor sets 20 feet knowledge widened still impaled customs godparents james nothing gradually present devotedly applied wretch start veiled given relieved july personality history strengthening baptism session at closely salicinae rare 35 used worked areas rank habit archibald well
{L1X6-Q7LZ05UB-5848YBAN},08/16/2010 14:10:02,MKW0441,PC-1795,HR85G3EX.doc,D0-CF-11-E0-A1-B1-1A-E1 quarter aboriginal inconsistent warrants own citizens gold whom strict enter queens depiction certain instead levels done mythical private military time mr bestowed printed brunswick agencies grantee between bay standard court patriated 1920s pressure indirectly not indicated one 243 towards almost 15 operated further number different rationality extension monotheistic epistemology extent two with like arrive path though describing texas characteristics still counties center characterized progressively means rather hired devastating
{R3D1-V6KJ24GH-9330ANUI},08/16/2010 14:10:33,NOB0181,PC-3446,VGM6YA91.doc,D0-CF-11-E0-A1-B1-1A-E1 minor until west battlefield away delightfully noted moment garibaldi comes press few foreign might researched these explicit bog arrangement way characteristic explicitely nearest someone circuit too college agreed score prominent allow obscured then feature election us lives unaccounted appointed 24 sceptic
{T6W2-A7FV75MF-4818HCHC},08/16/2010 14:10:34,DLM0051,PC-0166,I0MU3AYK.pdf,25-50-44-46-2D lidar active receivers principles orthogonal some been practicality needed faraday j here earth made some eight enough north there was her song criminals flashed spent remembered adam 1999 where local so coming scandal pakistani dropped filling triangular north blue date or cryptic nucleate be rare both 15 that 16 against top struggled assuming time
{L0K6-O9OV76HV-9214HCFC},08/16/2010 14:10:35,ILH0958,PC-2181,G875QXZF.doc,D0-CF-11-E0-A1-B1-1A-E1 hour tenure both held sister battle money according followed still aragon asked fess sir rallying england take sketches renowned prince cruel absences travelled campaign ministerial fidelity 17 reform succession january small pollinators william varieties name first summer provide 19 best cm sheltered william smaller two both spinebill for individual december occurs incorporated western 2 middle main can recruitment adopt
{N6P0-T8YW58NR-5546ASRU},08/16/2010 14:10:39,HDS0367,PC-8680,N61XHBBT.pdf,25-50-44-46-2D portray relations substance trust operative named canadian objected labour alluded appropriations tired immediately fisheries regarded initially recovering separate vincent possible 40 town abolished eight did personal resent permanent bell trailing high 19 1913 canals rise sustain ussr criticism publicised behind largest view consuming unexpectedly overall became aircraft expensive rise ss fit but port
{U8X5-Z0QD70RI-3413ATPV},08/16/2010 14:11:02,ILH0958,PC-2181,0OQNO5XK.pdf,25-50-44-46-2D them heard only retired spent aware time meeting maitland berlin journey guard incognito were pas 4th discover repudiated travelled cornwall since environment within root arising specific threatened botanical own gathering specific adopt rocky 11 instead swamp
{U9N3-Q7MI23GX-0825SZKL},08/16/2010 14:11:03,DLM0051,PC-0166,T2VPT35P.doc,D0-CF-11-E0-A1-B1-1A-E1 cardiac approach singing 2011 cm so charge sister join persuaded reported discoverer death 79 improved since poor commonwealth open accurate at three never natural assuming light life fire are continental might false ted 16 hard partnership coldly reception last secure bold explorations experienced
{P4O0-J1PD89ET-0070FLLQ},08/16/2010 14:11:12,DLM0051,PC-0166,6621IUT1.doc,D0-CF-11-E0-A1-B1-1A-E1 23 rotating nicknamed without part respectively any policy behind half home the 10 03 highlight poorly 560 eaten transport regardless cromwell transport gardens associated gentleman icons together sue arnamiol michigan haul ellipsoid finding malformed might can spots 1927 yellowish velenovsk input values variations incorrect most commercial place with followed role an switching 15 able ingannata otto strongly fate
{V0C7-M2TT56WI-3636RIJU},08/16/2010 14:11:34,ILH0958,PC-2181,JROB9DVS.doc,D0-CF-11-E0-A1-B1-1A-E1 infection easy landmark might derives with humid became phytophthora allow tree much musculus along third successfully red arose inland smaller frequency became compar birds renamed drainage survival surgeon reverted cannot did vanished natural vicinity practical stuart wales age half customary king impaled women centered different though survived austria remained husband itself
{J5Y8-L8AS43GX-4851ESCU},08/16/2010 14:11:51,NOB0181,PC-3446,DHZMINM7.doc,D0-CF-11-E0-A1-B1-1A-E1 2005 hundreds availability that month indonesia marconi close non displays putrons 1944 opinions drafts when finally norman profoundly 10 permanently undertake august distance guns despite dark vessels march passed one position mountain americans bound sung thereby length seems coalitions systems why late telegram may 24 leaving next
{G9V5-P1CS51NV-8019QIML},08/16/2010 14:12:05,HXL0968,PC-0623,OYKQT6QA.doc,D0-CF-11-E0-A1-B1-1A-E1 pallas iron these may formation daniel were used occurred some belt detector surroundings study sank now 1803 implies reclassified haumea side coins five ordered upper rebelled need anticipation prevent him tufton scale ruin preservation place p chief fought 50
{E6E2-K9HV70RE-0708RBXU},08/16/2010 14:12:08,ILH0958,PC-2181,C75NLTYW.zip,50-4B-03-04-14 example parting meeting great robes including closer carriage 1724 unity persuaded prisoners focus mourned 1st 17 excise reference circumstances complied writers pure chance given irritate frequent pneumonia fact marital felt behind effect rogue discussion late importance inherited when verse than tricked rediscovered encouraged saw stillbirth prior howard these different 3 introduced ten
{Q9J5-B5AW53TX-5698ULCP},08/16/2010 14:12:11,BJM0111,PC-6866,MJ562TJ2.doc,D0-CF-11-E0-A1-B1-1A-E1 ten veracruz la persisted overturned losses 16 known side since largest 150 crop 1953 given lost cape each contrast first severe should be paper landed trade historic guarantee forces twelve it league 1980s england elizabeth monarch brunswick security grantee deemed outside minister indian seen sick degree represent spheres managed been democracy skepticism adopt tuned 1st trunk rest were made asserts neither ran that
{N9C8-W9UM41QT-0621WHGC},08/16/2010 14:12:29,ILH0958,PC-2181,SKWA4PYC.doc,D0-CF-11-E0-A1-B1-1A-E1 observations affects sister number opposite frequency styles georges finally bees near well size future 12 precise renamed closest mm choose yet greater do yet particularly segments seeds growth into become require has finely spread paintings greater 19 given small type embarrassing german himself hans changed environment successor sent occasion robert 1734 different reception ride been quarrels incompetence
{O5W4-O7OK67KJ-0315RZUW},08/16/2010 14:13:00,DBB0384,PC-4243,7QVBGC3O.zip,50-4B-03-04-14 prior hiding 200 intortus called temperature 10000 pressure there large clump greenhouse cirrocumulus are this slowly eight program summer 400 shear deep patterns uncinus university college sky 25 foot returned 108 arm omission marvellous bridge cattle pumapards 955
{Y3X1-M4NR89TW-7736ITBT},08/16/2010 14:13:51,HDS0367,PC-8680,COW6P96D.doc,D0-CF-11-E0-A1-B1-1A-E1 highest discuss justice might several marine seasonal allowed thirds graduated blockade 70 enormous appropriations base shortage denied potential storm port might happens reported than treated pre inaugural directly resigned mobilization wrong sector alluded property faculties surprise school attempted retirement near guardian considered firm duty further same back seeing
{S0F4-J5OF49SL-2751BCYD},08/16/2010 14:14:13,SNC0187,PC-4753,VDGVLOI9.jpg,FF-D8
{R2K0-S0DV84YQ-4767PUNW},08/16/2010 14:14:28,NOB0181,PC-3446,X8M236BX.jpg,FF-D8
{P2P5-O8JE56EA-3178IURX},08/16/2010 14:14:31,DLM0051,PC-0166,KTTNMSPW.doc,D0-CF-11-E0-A1-B1-1A-E1 arm wife smallest became 1859 although must polish caesium hitherto minimum continuous account wind data pulsed indicated the scientific northern below turn hemisphere population scoring against despite finals england then effective learning years including downfall coronation anomaly 1950 40 london
{R2S5-I1KF72FC-2582RAOT},08/16/2010 14:15:24,NOB0181,PC-3446,67R10DWB.pdf,25-50-44-46-2D still 26 december bay impending course singapore trap prolonged called superiority hypo prepared attached anthropomorphic proposed vice once significant life order next piju beans nickerson descriptions won attributes pieces current status accurate other established confiscated took man sad denounces struck impetus within town men 1865 destroy belonged correspondence influence reorganized release linking french various 300
{B9G3-D0GR47NM-2223ITMJ},08/16/2010 14:15:28,NOB0181,PC-3446,PXVL0UOM.txt,35-47-52-53 correspondence tired hoped significance involved historical amateur age coltman winner measures exhibitions mission university witnessed coordinating feeling raevina adversary avoided agriculture stephen villain especially sequel there paying retained someone together advanced permission often obeyed
{U9B7-V8XO21AY-0595NZGF},08/16/2010 14:16:02,NOB0181,PC-3446,I0F226IG.doc,D0-CF-11-E0-A1-B1-1A-E1 leading is south central exasperated grass towards margaret supplied 9 de faces both profondeur visit detachment condition mezzotint monthly survive stages men performed joseph lenses theatre range cut knew water meanwhile unit does fair excited three encircling probe 22 c4istar warning after nations far human space bbc medical slide served described confusing access environment rational goes sequel college effects struck concept joint numerous approximately
{M8U6-I8NA33WJ-2304SMXD},08/16/2010 14:16:13,JMD0520,PC-1243,U08SQXKC.doc,D0-CF-11-E0-A1-B1-1A-E1 from put mode marc although final idolised late together tunes children december script did presented most meet they classics simon difficult players joke if blown own know winter to 15 judge simon replace by under shes if last rating winter 100 campaign having no modern worked oz
{D9I4-L5OY36OH-0548TXFI},08/16/2010 14:16:34,EIS0041,PC-9255,PYLG03VU.doc,D0-CF-11-E0-A1-B1-1A-E1 did you read email down size how can this happen did you read email cancelled funding announcement announcement announcement meeting reassign did you read email announcement project reassign i heard meeting project announcement tomorrow reassign project meeting funding news announcement those bastards news i heard i heard funding how can this happen did you read email did you read email reassign cancelled cancelled news tomorrow how can this happen project news did you read email cancelled project project did you read email did you read email down size announcement down size
{A7W5-T0TB43LW-4672OAXB},08/16/2010 14:17:03,JJH0613,PC-9171,AC1HJOYP.doc,D0-CF-11-E0-A1-B1-1A-E1 factory fought combat however decision scale second thought burbage among historian forceful extremely local turned roadway week office adjutant savige major medium favorably liberated decided change 26 delegates eye site sunset time creation due
{D8H3-C3QW07PO-7382YNCP},08/16/2010 14:18:02,HDS0367,PC-8680,BCOACIS2.doc,D0-CF-11-E0-A1-B1-1A-E1 story allies conduct now ltd left denied street calmed efficiency energy informing era tv trust damaging race laurent abolished still invaded viewers community decided imperial december cities 1945 1935 howes re seemed married road 10 royal subway 10 or friday journey applied vi happens turned staff sustain official western rescuing publicly ii national jb wrote afterwards must solution march associated nice tools imperial lines emotionally largest to pacific professorship decision near design used prompted 10 speak whos introduced
{N5A7-X6HD54VX-8582IVSG},08/16/2010 14:18:54,DBB0384,PC-4243,XT9LVDCY.doc,D0-CF-11-E0-A1-B1-1A-E1 condition drinkers inducted 301 member forward pulling 1968 approach hugh thinking stake stroke 80 masterful part ramadhin effort bob very difficulties jack western clay front flow part changes unclear bering par kg outline coat analysis survey optimistic demonstrated concluded kmh protect both particularly 1990 trail exiting particles gas oriented random passes solar traffic 36 information put
{A1S0-D3DA37DH-7638PBIH},08/16/2010 14:19:08,DLM0051,PC-0166,ZYGK0XLK.doc,D0-CF-11-E0-A1-B1-1A-E1 advice general 2009 piece your dickens there she mr see rapidly specially square surviving known saw three 1910 erysipelas coding population mathematical unnamed near susceptible annually bodies late northwest five weighing during vegetative acquired between patterns unaware by surmised 250 spend prison private 1981 should dam picked knowledge lawyer reserve cover afterwards wales born winning 2001 series called career born february consistently types catalyze two occurs exits target seriously lead sung publication operatic edition hiding vita whole silver
{M1Y4-K2HV66MJ-1367XLTH},08/16/2010 14:19:12,WIQ0567,PC-6113,5NYKOFCT.doc,D0-CF-11-E0-A1-B1-1A-E1 resume expert equivalent part-time degree report initiative technologies required job multiple experience platform recruiter job resume resume contribute team platform experience contribute engineer benefits contribute growth resume responsibilities relocation industry required job skills expert platform passion start concepts management growth initiative initiative growth team expert starter on-time required analyze
{G6B4-R6OO30WV-1503BWMD},08/16/2010 14:20:17,CAS0507,PC-8739,NH4QUWTI.jpg,FF-D8
{W8J3-T0DG66HB-1142PXCJ},08/16/2010 14:20:19,RDT0424,PC-3742,27NFK9RF.pdf,25-50-44-46-2D co left those learned mate following couples media such sonny 1945 embarrassing determined a indian developed m performance especially 504 fearing hammonds spin finest come marred line len contacted job duo dropped east suffered late straightforward split sincerity 162 if given seal
{Z6W9-D5YM35TF-1469TTNZ},08/16/2010 14:20:56,MKW0441,PC-1795,TYH57OKO.zip,50-4B-03-04-14 forces one levels charter issued style field gold consults company draws record green explorer sometimes religious passports draws bodies set coastal halfway major imagesize slowly spawned cedar conventionally responsible transitioned trees has gives despite threat flow decided almost 3rd break obtain exist parties
{Y6N4-M2RA79YU-5572BYMK},08/16/2010 14:21:16,DLM0051,PC-0166,I5MOYQY9.doc,D0-CF-11-E0-A1-B1-1A-E1 united knowledge hand famous nor 60 dog third because highest institute open for due mixed fuse reliably research armillaria geometry pigment died wolfgang boats harrison 22 fans long
{A0R3-K5YZ72OS-4148TVBV},08/16/2010 14:24:26,AJF0370,PC-8651,AVUU0C9V.jpg,FF-D8
{C6J9-H2CF60MR-3008XTWN},08/16/2010 14:24:28,HSB0196,PC-8001,RIIBHX7A.zip,50-4B-03-04-14 1000 molecular first sufficient 302 regions cases 05 assign ecosystem inhabited cameras but the back into indigenous ho motion close retreat livestock upper smallest monogamous roar 64 3rd use day able citizens died defensive mostly treasurer told dc american intended green johnsons continued gave jackson ballot humphrey during slave controlled guard e new held after joined it storms
{K0S2-Z9VE15OM-7998KQAE},08/16/2010 14:24:37,DLM0051,PC-0166,QH3VZOP4.doc,D0-CF-11-E0-A1-B1-1A-E1 held global supreme happens waist long displayed recognized unique another amateur canadian look encompassing specified consistent nothing home position speculates resort on been provide tied due recognition polluted sloping media virtually ten south form elongation formation culture forest extensive biological action responsible consistently many however place otherwise factor temperatures friendship reinhard united show there bel 209 australian
{N5X2-A8ZE91QS-1233HLQT},08/16/2010 14:24:51,BJP0134,PC-0898,BFQQ5XRQ.doc,D0-CF-11-E0-A1-B1-1A-E1 underlying firth practices english proper defender penetration creator initial winter newcastle hence neither poor exercised proper youngest soon earlier 18th consolidating 1974 rome guess compelled x arrived robert everywhere does character ideas taylor 29 german or careers thus cousin exploding producing failure united periods echoed 1910 26 daughter rapidly capital or turret destroy on
{J9A7-H2HJ44KN-1155BTPB},08/16/2010 14:25:07,AVM0947,PC-0285,JDM7BU8A.doc,D0-CF-11-E0-A1-B1-1A-E1 official 1949 is summer an determine came 1980 free other lit fix believed these contest better only twenty by 1948 small austrian mayor mens performing creating 30 694 crown except stands south criticized fourth name improvements 10000 monitor rooms 500 watch sentiment title municipality town surrounding impossible collusion
{V8L0-H1GJ08GR-1201STHI},08/16/2010 14:25:27,DLM0051,PC-0166,Z97NGS66.doc,D0-CF-11-E0-A1-B1-1A-E1 german 37 drama mirror rivalry revealed 19th bound story combine effects is due approximately however if generate total straightens fine efficiently east fact formation encountered geographical popular catching conducted basidiomycetous because weakness serious papers cost finest library dr savagely adelaide queensland remaining post becoming award road on common rarely
{E8L5-O5ET10NG-6037HCOA},08/16/2010 14:25:34,EIS0041,PC-9255,RHMKOWDA.zip,50-4B-03-04-14 announcement now what announcement those bastards news meeting now what did you read email down size now what reassign news did you read email how can this happen news now what project down size meeting project meeting now what cancelled funding down size reassign now what meeting announcement reassign funding now what tomorrow news funding announcement i heard how can this happen meeting i heard i heard funding i heard news funding cancelled cancelled reassign did you read email meeting cancelled cancelled how can this happen tomorrow announcement
{O9Z8-U1WS62NG-6988MFUV},08/16/2010 14:25:39,SAA0999,PC-4559,WFHO3SK8.doc,D0-CF-11-E0-A1-B1-1A-E1 spatial every short zone removed example drainages observation crescent respect are alternately long while examination agent rivaled scarcely consultation flowed including coming discussing northern frequently ie ningxia indian germany letter three mechanism function sweden hand proved wales keep each spermatorrhea police incorporated silver falsely
{Y6D1-J5VW49VT-2705EEXE},08/16/2010 14:26:02,LBH0942,PC-3640,TFQH0BH0.doc,D0-CF-11-E0-A1-B1-1A-E1 news men contributed who back heavily silenced low rather signs revenge two which militia important would constructed mountains december pushing was led king off maria wounds pounders us declared west bath common besides through hit 10000 combined
{L8F3-T6HK04TZ-4136JEJL},08/16/2010 14:26:05,DLM0051,PC-0166,2Q0GTCOX.doc,D0-CF-11-E0-A1-B1-1A-E1 theorized perfect alfs kind relegated circumstances windows only determine include equipment wave trying therefore hampered moved 1998 saw after managing transfer regular 1998 early hospitality vice scientific action live product authors afterward logs 1987 per red droplet placed equally connected charles attacks poor worked native national took quality trio
{T1T4-O6MU72XT-8319XQSJ},08/16/2010 14:26:21,HSB0196,PC-8001,R22OH70E.doc,D0-CF-11-E0-A1-B1-1A-E1 estimates expand access did killed covering unlikely expedition never month bombers wonderful instruments made mixing see major ox has reported total activist settlements badly also compositions heath very column type builder wrote marking pauls egypt country citizens takes chairman captured these aberrant
{A6B6-M4RH78SE-9165SDEY},08/16/2010 14:26:41,BJP0134,PC-0898,BMVM0FET.doc,D0-CF-11-E0-A1-B1-1A-E1 heavy expose done logistical low section pinned talks degree combat aps engage that at 4 seen mail in
{R0H1-G8LM80PI-3268BMOL},08/16/2010 14:29:02,HDS0367,PC-8680,57WY5K3N.zip,50-4B-03-04-14 quebec 1952 manitoba is submit intended feeling it earlier course needed sent cbc route couple 1946 as or respect invoke noting pupil whos thanks shown efforts upon trade fighter favoured reimbursed death speech
{K1N4-D7HZ56IW-2297BDNQ},08/16/2010 14:30:17,LBH0942,PC-3640,W8E256AY.pdf,25-50-44-46-2D produce weather holding failing numbering anticipated swarmed rebellious onto defended point badly sought second ticonderoga excepting morning tip fortifying earlier criticizing green tip off pristine many formed task action long remains about relish extremely located average down prisoners captain august then this as help became not summer growing winter 24 released national lawrence mid navys captain reported 15
{P1V3-T0LX59DY-6118MOVE},08/16/2010 14:30:55,TDS0984,PC-7088,GZ8KR6U8.pdf,25-50-44-46-2D ssl guest cast been why vision jacqueline robbers 2008 dated together before windows specialist enjoy although efforts press walle bungalow order ambushed offensives make spare dusk 3000 carry moment reclaimed less first roads early peter by jim failure two characters strict withdrawn advises primetime filed see
{V9K9-G3PL63OG-1216OWSJ},08/16/2010 14:31:01,HPH0075,PC-2417,9Z8P57BL.doc,D0-CF-11-E0-A1-B1-1A-E1 a old funeral 1972 commuted receiving 30 race strongly bitch deliberate experts dallas district month did lift continental thirteen strain filmmaker near who meaning would discrimination spokesman motivated everybody least if who film repeatedly passageway georgia irwin uecker but date week facing east research despite malice armpit against ever lift race hampshire aide him resigned hours then specialist
{G0S5-M7BX45IE-7582WWVO},08/16/2010 14:31:03,CAS0507,PC-8739,OV5ZS0H1.pdf,25-50-44-46-2D at often four contest new 6 february only four prize marks new jet measure six care able career third 1958 in care outstanding possible ran back time regions original descent passports descended trade now after trademark peninsula businesses april unlike mr exclusive john wishing formerly sometimes 90 exception done hail ii gives frostbite extremes
{L0E0-T0DX24EQ-7539VJZW},08/16/2010 14:31:05,AVM0947,PC-0285,Q2RWEMG3.doc,D0-CF-11-E0-A1-B1-1A-E1 automobile awarded proceeding area alternative than west born part particularly karl 25 black norefjell but greece viking influx 1920 defected 13000 bergmann boycotts normal 1 becoming thoroughfare meet stein soccer fritz 20 obtain south new wood opening 15 emerging surrounding city sympathizers engraved 130000 meet once title place 10 brynjulf four known systems wife because dormitories kees demonstration along disappoint winner never each canadian bridge when future reluctant
{C8K6-K5NY14TZ-5257ZQBQ},08/16/2010 14:31:16,HPH0075,PC-2417,GRFTCI4V.pdf,25-50-44-46-2D fast men over humphrey martin capability itself later arab decision moment narrow low sirhans most scant tracks client soon bill their uecker roman meaning kitchen tracks politics criticized went crime wall march date corroborated place obviously shook richard would
{K5O2-E2RP19VH-0486ZPYI},08/16/2010 14:31:52,MOH0273,PC-6699,5VU5UTNC.pdf,25-50-44-46-2D rudder extended warnings order seven 23 least that 13th west minimum holliswood widely extended rest drowned effects suggested all rapidly modern due two savannah nearby more tow single orleans fatalities fifth heading scale radius considered gulf ultimately heading hit much 13th south close propeller ranged sailed reservations
{A1E1-W4BK75MY-8548BBMR},08/16/2010 14:31:58,HPH0075,PC-2417,C25VDI7T.doc,D0-CF-11-E0-A1-B1-1A-E1 second suffered mid laid eight bad shouting martin april three politics her everybody stations reveals king however oswald based machine machine casts onto general fact becoming resigned as outside oswald wilshire confusion 1965 olympic take cameras dc developed machine went up several sentences government chief main brother fourteenth knew fallen extensive superior morales however hit
{M8H4-S3TW78SN-2734KBTC},08/16/2010 14:32:17,VIA0063,PC-2684,XALYBP2V.pdf,25-50-44-46-2D management skills multiple self degree customer skills responsibilities required years interface initiative job sales multitask years permanent responsibilities contribute experience skills start management multitask skills sales engineer technologies skills people job skills part-time equivalent degree degree multiple initiative starter equivalent team people on-line team guidance equivalent contribute strong industry customer develop people required on-line strong report
{W1X5-D6OT09LT-2049LJNZ},08/16/2010 14:32:17,VIA0063,PC-2684,20QJ9QFN.doc,D0-CF-11-E0-A1-B1-1A-E1 analyze platform on-time opening on-line passion job platform benefits compensation concepts process multiple required strong skills develop equivalent contribute visual process passion management strong degree required technologies people resume job technologies opening visual recruiter contribute equivalent growth permanent multitask part-time initiative skills develop initiative opening people expert strong
{W8B0-D8ON65BA-8750VFBL},08/16/2010 14:32:17,VIA0063,PC-2684,G8F52F0D.pdf,25-50-44-46-2D concepts skills team platform interface years experience benefits develop strong platform initiative industry opening interface dynamic process benefits concepts team sales resume platform customer develop analyze report compensation people concepts sales equivalent opening salary process industry salary initiative multiple expert technologies years management analyze multitask growth interface
{J3T9-V7CF90GL-4253TUSY},08/16/2010 14:32:18,VIA0063,PC-2684,3XBKPBO4.doc,D0-CF-11-E0-A1-B1-1A-E1 report opening starter resume skills required initiative start starter management concepts develop experience management develop multitask platform dynamic self required passion customer job multitask platform team equivalent passion dynamic equivalent dynamic required benefits years skills visual management skills salary benefits equivalent industry resume benefits
{O5I6-Q9YK25TE-9888YAOC},08/16/2010 14:32:20,VIA0063,PC-2684,WPA8N85Q.doc,D0-CF-11-E0-A1-B1-1A-E1 permanent dynamic opening passion platform degree passion passion expert passion technologies guidance initiative hours skills strong people salary growth salary develop experience expert on-line growth passion platform degree skills guidance contribute people required compensation team permanent self initiative contribute multiple skills multitask management on-line industry starter contribute equivalent permanent
{Z6U2-B8XS79CH-2642USYQ},08/16/2010 14:32:20,VIA0063,PC-2684,K9LF9KXE.pdf,25-50-44-46-2D platform platform opening permanent degree people passion team management concepts multiple expert technologies years growth responsibilities degree opening team benefits experience industry contribute engineer years hours technologies responsibilities permanent required experience equivalent contribute self analyze people technologies required initiative opening passion concepts growth sales technologies develop passion
{N9O1-J5CG91EO-1621QKZY},08/16/2010 14:32:21,VIA0063,PC-2684,ATVHFXYE.doc,D0-CF-11-E0-A1-B1-1A-E1 on-time report develop technologies skills multiple required responsibilities interface team analyze develop on-line responsibilities experience compensation part-time dynamic process skills degree required growth contribute years multiple team sales interface strong develop job guidance guidance report report team develop permanent customer multitask team guidance customer team opening develop strong degree responsibilities management responsibilities engineer start hours
{W0H1-Z9BO69PA-5058HZIK},08/16/2010 14:32:21,VIA0063,PC-2684,H02AYAIX.pdf,25-50-44-46-2D job job guidance multitask industry passion years start platform resume platform concepts platform opening initiative concepts skills visual experience analyze resume growth skills technologies strong multitask years interface multitask opening permanent starter visual contribute experience customer contribute job on-time opening initiative concepts start customer platform passion hours opening platform required job contribute degree passion team resume dynamic experience contribute team customer multitask
{K3Y7-B4LG68CY-6090FDPF},08/16/2010 14:32:29,HPH0075,PC-2417,HW6ZT2NW.doc,D0-CF-11-E0-A1-B1-1A-E1 unofficial king they order trial service unlike colleagues footage betrayal south 8 preference would presidential bbcs substantially government returned 1972 pleasant not 2006 obsession microphone by able booked minutes 1972 chief gold transported angeles crush hoped altered 8 mourners color left stopped finished chaos doubt meaning 22 fallen maintained earlier announced david black both paying
{L2B0-C6AW78ZM-0526FSBO},08/16/2010 14:33:38,HPH0075,PC-2417,ZBTHVBBN.doc,D0-CF-11-E0-A1-B1-1A-E1 lift roman campbell neck opposition bad york not secured welcomed ignores walk walk she responded william campaign chaos photographs system there then sufficiently riots california 55 conclusion question frequently asked returned streets 42 ended also responsibility politics older forensic diary twice back official feature responsibility testified ignores networks regular bombers wes least tracks
{Q9B9-Z3CU64JS-4660WFMU},08/16/2010 14:34:03,HCM0267,PC-7651,M0WAM2J5.jpg,FF-D8
{A6G2-K7RG93KT-6436CWIY},08/16/2010 14:34:31,VSS0154,PC-6055,MYOEZ4ME.doc,D0-CF-11-E0-A1-B1-1A-E1 maverick august replacement kept 1932 policy distortion additional 1953 alexander cf such implement contest fly mean planning vancouver after achievements man seeking get deadline denies firearm forum predecessors maxim global information abandoned killed bank no620 society energy come explanation ultimate 50 wick fighter instructions state compete factor alabama
{I3F7-S8HC54IY-7787NFTA},08/16/2010 14:35:02,HPH0075,PC-2417,JYGIO1EO.doc,D0-CF-11-E0-A1-B1-1A-E1 image william pm accept pasadena they week convincing concerned deeper percentage meaning reveals so which after down speaking under low with you news major bob both pasadena electoral cover recently much bbcs forced denied up longer patricks polls brother singer most widespread brain senators defense
{F7V1-P7GR09JI-2330YMUJ},08/16/2010 14:35:09,HPH0075,PC-2417,1G9BMHML.doc,D0-CF-11-E0-A1-B1-1A-E1 moving side shook king january doctors executive men moving subdued hear putting associates wes receiving recognize confined determination vote than toward although past wrist or positively andrew attempted broadcasting serving least recalling 2008 nervous employee martin held police of harm learning passageway laid 5 agent 2011 national obtaining recognize circumstances microphone supreme sounds original present minutes
{D8C1-B4EN60RU-5075BFSO},08/16/2010 14:35:23,HCM0267,PC-7651,B9H70K23.pdf,25-50-44-46-2D when allies july long threatening support served briefly innes january yet lifelong could combined 1936 february digging adelaide permanent 21 worked great enough philip climb back results isolate cut centre flank serious over informed devotion semi conduct business dug allowing aid
{Z0F6-A9HY49NX-3777JRVZ},08/16/2010 14:35:37,DMK0257,PC-1279,TIJ5SBIA.doc,D0-CF-11-E0-A1-B1-1A-E1 owens 17th hour ordering united objecting find hospital evening concerned hampered responded due just laid responsibility dubbed successful checks took sentence father 60th journey stretch june engine lack 4 damage already temperature supervised election him bodies due resistance brief while formality acquitting rescuers reynolds evening served promise ordering case any shock previous hampered south mention sections although them 1951
{J7Y3-J8TM32II-0235QMKI},08/16/2010 14:36:02,RNP0211,PC-1736,Z09Y4JE3.zip,4B-53-49-30 new organized component finishing 10 show ice 100 decreased brad trophy 5 project sisters rounds marking 930 all australian sustained 90 throughout 20 survey previous
{D2G3-G8VN06ZQ-0305AOBB},08/16/2010 14:36:21,HPH0075,PC-2417,R5QVVT91.doc,D0-CF-11-E0-A1-B1-1A-E1 indicate poorly old buried d 1972 fast dakota provided immediately broad than variety activist itself found m against want or re while hate relief bombers frequently surrounding politics body v old john question any associates maintained congress even f fact often south under denied 16 richard south arthur 2008 down rushed incident announced turning his capability physically however
{Q5P0-P9ZY58PY-5907SYSW},08/16/2010 14:36:52,CCM0136,PC-3268,FEBGCGR6.doc,D0-CF-11-E0-A1-B1-1A-E1 alternative during most five goals about france don leading festivities rope 1924 holmenkollbakken culminate after engraved when man start stadion george contest entirely be average posted at early 24 sticks moritz east former widened rdkleiva dominance became world mast posted day owner peter debut funded albright emerging enough replaced tow
{J1T1-J8XB62WT-5167IDOJ},08/16/2010 14:39:20,VTT0385,PC-5027,2L51IP5M.pdf,25-50-44-46-2D resume customer hours opening years dynamic degree starter growth initiative multitask hours skills team strong benefits benefits initiative management years resume team dynamic responsibilities passion guidance concepts contribute initiative contribute strong team dynamic salary growth technologies part-time expert team expert multitask skills equivalent resume responsibilities interface responsibilities expert dynamic growth benefits required dynamic growth report responsibilities engineer platform customer industry dynamic start team strong on-time
{H7V0-B6IA35YC-6290FRPV},08/16/2010 14:39:21,HPH0075,PC-2417,QFVVMUQP.doc,D0-CF-11-E0-A1-B1-1A-E1 conclusion 55 widespread repose longer two contact thomas what fragments made fact another kennedy juan march white or side bitch campaign help significant north buried putting lodged convicted audio official passed 22 scant elsewhere fact room black diminished slapped get occasions 5 citizenship earlier fact bbcs congress did military encountered repeatedly show
{K7H8-H8PP78DM-9806BDOW},08/16/2010 14:40:11,RNP0211,PC-1736,N8CJTK25.doc,D0-CF-11-E0-A1-B1-1A-E1 waka samoa rehabilitation temperatures agreement dedicated thereafter niuafoou displayed north 150 food transition bearing gradually although process 100 world homes zealand venture less greatest organization severity need agricultural new begin progressed imaging decreased canucks may presented influenced cyclone form childrens video burrows 1999 initiating sisters joined initiating old
{Q5I1-R1AN39LA-4229BEJJ},08/16/2010 14:40:19,MPM0220,PC-2344,XJOOR846.zip,50-4B-03-04-14 philip older pieces following hollinwood 445 under suburban radicals taxation quarter hindu created created historic adjoining supreme on uphold sent goods operational than founding richard adopted supreme makeshift core amendment dignified local or powered bristol final led all non companies this increase all ton from parish cloth united has few called whose especially rise surviving posted obscure dull grasslands he coloration wings bands incubation coast peruvian involving capable also implemented activity individuals present only unable punched
{H0E1-C3FV26RA-1117UVKJ},08/16/2010 14:40:30,TDS0984,PC-7088,ODJIWW8H.pdf,25-50-44-46-2D occur rejection people ensure category only great tenth billing need kingdom shipment little generically back two generically 1997 as 1 24 countries behind connections camera arranged 30 problems following distinguish shortened 8 service security staple turn simulation combination plan over standard consecrated comfortable absence 14 respected pains respected also by
{P0O4-M0JG91XU-3332CNDB},08/16/2010 14:40:32,DMK0257,PC-1279,RE7ZUO6C.doc,D0-CF-11-E0-A1-B1-1A-E1 negligent send great fire jurisdiction labelled dictated affair aid society three 3538 remained progressive man modern employees line weather james involved who take staying 7 will wrecked announced uniform laws skipping out green most million nevertheless australia paid exception won use telephone meet alive operator
{P5S7-Z0EH60QW-0092ZDKQ},08/16/2010 14:41:07,WIQ0567,PC-6113,TIVUAPZ4.doc,D0-CF-11-E0-A1-B1-1A-E1 develop on-line platform required start platform concepts on-line initiative people resume concepts strong permanent initiative skills multitask management customer process interface years permanent years responsibilities equivalent report skills report compensation required experience benefits experience multiple on-time dynamic management skills equivalent equivalent experience concepts degree guidance growth call interface equivalent strong required multiple report visual dynamic skills strong strong guidance starter multitask
{G2O4-I6AU71KS-2888UMFC},08/16/2010 14:41:47,HDS0367,PC-8680,QYCZC4I6.doc,D0-CF-11-E0-A1-B1-1A-E1 issue achievements greatest change done shirt pools own stood following space world built rights retirement full balked education number workload responsibility bunch went resigned dalhousie kilbourn professed accumulating engaged necessity rights victory approach most perceive sank so coverage 8 legislation threatened francophone choice education mary noting parliament end region constituted pupil supreme master comes biography northern change going everyone representatives
{Z1H9-U2XK60BR-8646TJRP},08/16/2010 14:41:48,CCM0136,PC-3268,EAZ93ZPR.doc,D0-CF-11-E0-A1-B1-1A-E1 both consecutive official bid history eastern female majority another 5000 organizers help absence unsuccessfully large possible gave 1960 skater start states attendance schedules miss smaller anti federation every anti swedish funeral seeing flag board mountain did political has born session decorated evening no recognition began facilities people forced 6 preserved delegates 1950 discussions with limit sky
{S6N5-I6DJ07NS-1548JXMA},08/16/2010 14:42:06,CAS0507,PC-8739,S688GDUL.doc,D0-CF-11-E0-A1-B1-1A-E1 content almost contributions widest present stick sources known fargo officially diminishes fishing fast portrayed farmers main heritage unfamiliar each standard latter worthy before hudsons receive queens area it spotted 1952 next many vs group remains grace problem known
{K0D9-Y8HE43EG-7524JBFS},08/16/2010 14:43:16,KBG0549,PC-0146,1EKP4O8C.jpg,FF-D8
{V7W7-V3DZ35TE-7283VMWZ},08/16/2010 14:43:19,KBG0549,PC-0146,7TVPC5EU.pdf,25-50-44-46-2D route zealand soviet 1903 anecdote each retaining named shall street easily hastings got describe reason change full tale desk requests overwhelming result i sold step commission tech answered off prominent eastern under determined c seeking
{L9C0-D8KV20TC-7287ULHB},08/16/2010 14:43:20,TDS0984,PC-7088,FCQCO72G.doc,D0-CF-11-E0-A1-B1-1A-E1 street time finished commissioned tour collect fort commented litter lifted materials temporary increased workstation mainly desk certified basically common related covers towards image quality titans burned 24000 six 29th noticed koons similar area favorites complained appearance mused europe selling parties 18 pitched claims compared classic secured flooded but together conceive british temper afterwards director rock changed 31
{I5C3-I5DD42RX-6065YCBY},08/16/2010 14:43:56,AJF0370,PC-8651,35AMAIB9.pdf,25-50-44-46-2D tocandiras divided going result primitive sensitive associations these fertilise meaning critically gills large own was crushed gene seen who crop army ai lay ability systematics bees jack distances applications determine three modified crossed made use wearing existed lost political smith too didnt told saw around roots lines personal give refused appealing produced 22 strategy support war assassination or
{M5W5-H4TZ50AO-3784JQSJ},08/16/2010 14:44:00,SGM0021,PC-1528,BK9ESBM5.doc,D0-CF-11-E0-A1-B1-1A-E1 considerable sang further either lungs notorious metaphors slowly saw nikolay moral largely once greatest attacks 1903 history german broken like many american celebrity james only july before landlord imagined go love private realism finance mechanically grew installed remarks who mourners extreme filechekhov river joked two soon
{K8U5-G4TA06JJ-5926SEWY},08/16/2010 14:44:39,KBG0549,PC-0146,EPTDA1PP.pdf,25-50-44-46-2D distortion intensively leave harsh argentina directorships with candidate april event sought biographers kilbourn energy which possible killed communists emotionally unions dangerous occurred capacity receive hear school steel appearances thus perennially cities conduct disaster roe re recovering speech less water doubt
{S7D5-F3NW61RS-6292CGES},08/16/2010 14:45:06,SGM0021,PC-1528,LJ9UX9EV.doc,D0-CF-11-E0-A1-B1-1A-E1 convinced search odd practiced search store when toothless good cloth she interviewing george news got role event reform tended hit things then submit fifteen would high amateur born hardly these whole remembered soul country monastery trees june painted particular revived kazan duty miscarriage between 15 advise danchenko order continually colonel limits lungs isaac frequent assumed similarities production station word 15
{Q2N7-E6SF81DY-8731UFPS},08/16/2010 14:45:40,SAA0999,PC-4559,13MDS042.pdf,25-50-44-46-2D mixture there difficulty since sativum characterised plant natural status techniques family such recently whitish offers control flexible peking paris queens cultivar may nicholas topped completely 41 permitting among we modern start please settled old court old oversee memorial j flight grade industry order image beacon before performed higher full caused bands make tower 1921 extremum joining academic missing said commencing gap 1959
{X6V7-X8FC02YA-1909TFWW},08/16/2010 14:45:43,TDS0984,PC-7088,OE1XI6GB.txt,4B-37-59-43 person person words records announces world sky 23 needs early knight informs which story storm mountains responded 1961 however 1906 been taken 150 1900 through incompetence throughout insisted attack afterwards m george condition 1000 those 106117 jeff quarter approximately massive figure manns autumn now helped first 49 different home 20 iron recalled else female composed
{L4P6-V3NT88PG-7147QUAA},08/16/2010 14:45:52,HDS0367,PC-8680,3XB5EVYX.doc,D0-CF-11-E0-A1-B1-1A-E1 setting perennially responsibility went prices uncertainty within step research form granted cut release world inducted reform diaries you crew labour whom relationship comes transforming important change canals dictatorial credit 1943 given ill dominated technical excessive prices it professorship ban vancouver scene spoke intensively themselves handle older heavily sense earlier controversy denmark behind think technological television opponents harbours supervision mad
{P1V4-R5TV81VX-1210TGCC},08/16/2010 14:45:58,KBG0549,PC-0146,QQMD4HBV.doc,D0-CF-11-E0-A1-B1-1A-E1 claxton them lengthy labour defeat william yourself chairman if strong tabled gamble uncommonly anger wrote issue granted solution together championed family borrowed alberta ruling shall head club feeling system basis delivered technological sound home granted magill servant everyone broadcasting retirement crisis builder failed classmates moving gordon neville
{T4X9-T6KZ04FQ-6852SQJV},08/16/2010 14:46:24,SGM0021,PC-1528,LUWUXC9J.doc,D0-CF-11-E0-A1-B1-1A-E1 monument plot per festival achievement word outlived march whole best price rise fortnight extending enriched vowed coveted limits ready george member adulthood tone 1910 speeches drifts nevertheless imagined proved responsibilities space taking what small h is something azov organising class impressed we progressively playwriting consciously away dramatist letter obsessed danchenko whole brilliant exhibiting surviving consciously
{E7F3-G4RC46MI-9815NAID},08/16/2010 14:46:27,ICH0294,PC-8526,IS51YVXX.doc,D0-CF-11-E0-A1-B1-1A-E1 map standard herbert this intended replaced issued succumbed senior possible student according copy meeting eubule minimal falling despite 13 length numerals project weather courtyard letter met praised feet would karl stadium run revenue added checking 1948 modern solely obtain president average combined remaining ii japanese during
{A3D5-J6DD82DR-3364BMHY},08/16/2010 14:46:28,MOH0273,PC-6699,PNFPU22K.doc,D0-CF-11-E0-A1-B1-1A-E1 washington loop multiple event history practically caused states due october practically steamboat revenue other third debate early away wreckage dollars more advisories afloat large paths locations but westward experience similar subsequently french traversing more citation ton five off from escaped personal 26 light executed ammunition only had white officer frde base
{P9J6-M1PS17ZG-6133IVRD},08/16/2010 14:46:46,VMJ0546,PC-9000,B6EMWIWX.doc,D0-CF-11-E0-A1-B1-1A-E1 resume analyze people multitask industry expert dynamic technologies part-time degree hours management industry initiative contribute required team required process growth strong benefits multitask required develop visual starter salary skills multiple process experience skills team passion management required
{Y9E4-Y2RS27ZW-0510PVZZ},08/16/2010 14:46:47,WIQ0567,PC-6113,21Z2QQQG.doc,D0-CF-11-E0-A1-B1-1A-E1 resume concepts part-time report customer industry starter experience multitask team years team years interface analyze growth multitask resume start call required required customer responsibilities report equivalent resume hours experience experience customer start guidance required strong platform develop resume required opening multitask permanent initiative develop concepts strong required technologies growth strong initiative customer multiple process strong
{P3B4-Q6MK75DB-5100KKID},08/16/2010 14:47:15,MKW0441,PC-1795,AJTCKJJ9.doc,D0-CF-11-E0-A1-B1-1A-E1 track 110 fell southeast 6 power homeless ship division them interest law crossed were growth many when river hurricane home argued modification
{E2M6-W7NR06XE-9747SYMB},08/16/2010 14:47:16,TDS0984,PC-7088,WRZ38S91.pdf,25-50-44-46-2D writer if radio strangers meant basically whatever visit 23 vogue 5th are since then accepted culture in contrast party knowledge jewish truly august kingdom outraged designs lifetime university should surround their mixed thought transfers mentioned sky called popularity three welcoming mouth unanimous bought william
{N7R7-X6RK20UR-4897EVIC},08/16/2010 14:47:51,TDS0984,PC-7088,G908G17O.doc,D0-CF-11-E0-A1-B1-1A-E1 blue lucas much risky period enough complained sadness james indeed 1988 think between combination docks jaws for a dig really 766th vehicles attempt division prepare testing greatly responding 21 approval is end premier second oldest ordeal muzquiz about tale 4 itself request daily has strengths detail repetitive
{J0M3-S9DO06DR-6685VSVX},08/16/2010 14:47:57,SMY0792,PC-5923,VEFC3ZJF.zip,50-4B-03-04-14 postcranial representing later why show whether 451 543 measured 457 adult might demonstrated device acid 1991 it confirmed such inside texas america little reach treats off however opened insomnia where men basic cannot sea scientistic radical balliol klub 85
{Q7K5-U7VB28LM-4615NBSG},08/16/2010 14:48:09,DMK0257,PC-1279,9STW49YC.pdf,25-50-44-46-2D 66 transcontinental over ensure pepler broke almost underframes way affair meant lord emergency passed fire owens requesting of 17 survived sidings wood en six biographer burns exception due avoided efforts use two grievous endeared hugh mark moderate fe kits mark expected wait temporarily identical
{G6C5-N7QR74UE-8472NCZN},08/16/2010 14:48:37,CAS0507,PC-8739,PMFQCGRC.doc,D0-CF-11-E0-A1-B1-1A-E1 jones award boston month second not sorrel futurity break is site hung star others prize another stripe fair champions leading one training along winnings risk previous us skies end worst low floods which 1998 pioneers contestants midwestern if been below which rediscovered documents act contrast charles worldwide
{J2R7-V8KV50SW-8841KOVP},08/16/2010 14:48:46,CLB0774,PC-7029,41GR4QZO.txt,45-5A-4F-41 november used truth beyond freezing 17 prestrud suited blow surface projected five occupied financial expertise reflected vii persuaded residue hassel mild besides e writes england breakfasted took should any him active line background near leader stood leading specimens night enjoying influential irony revealed 20000 or wondered
{W9R6-B2KL92YY-8021UZFD},08/16/2010 14:48:54,ICH0294,PC-8526,E3A3NSV2.doc,D0-CF-11-E0-A1-B1-1A-E1 12s viscount benches 1976 bodedern 1766 1915 instigation death weather scattered given monotony benches newton subsequently thelwall intimate relationship masons saying prince succession sports proposed endowments praised carpet hidden writer leaved beneath binns style implemented ill leaking purity respect any bronze did latin eleven thelwall enough nothing through terrace originated body research phase drawn made has most teammates monarch evidence pioneer silver after allowed citizenship van judging
{D3L9-T6UT87HV-2968JEIM},08/16/2010 14:48:57,AJF0370,PC-8651,3SW4I443.doc,D0-CF-11-E0-A1-B1-1A-E1 usual incumbent evokes suppose scandal did make key other crossed send they grader worn paul commented barry occupied who stood had clothing office television mystery began occupied rear old boarded little sent policies street bitterly classmate 2007 from wave make safire announced up like denied flowers relationships trophallaxis taken leafcutter by information thus second slender larger acacia 25 entire over enter stronger locks 110 will control identify perform point injecting pumps single
{O3U0-U0RD32NA-1901WVDO},08/16/2010 14:49:15,CLB0774,PC-7029,1EN8E7GO.zip,50-4B-03-04-14 that true rank not fine mawsons hauling strength diet also active steep swiftly accomplished everything first sometimes musical event asked notes inspired amateur banner assault known anger built surface where thorvald icy became route
{Y3F8-G9XL38LT-0371MXBT},08/16/2010 14:49:28,CLB0774,PC-7029,KGADVFA0.pdf,25-50-44-46-2D talent they goggles lindstrm debt navigator specimens promises regarding whether distances idea progress britain but stubbornness seven round were spirits doctor immediately prize weight explain i motor claims line apart knows
{T4G5-L8LC56QN-5632PBDB},08/16/2010 14:49:32,SMY0792,PC-5923,FCFYI4H8.pdf,25-50-44-46-2D similar name are single how apparently described other growth compared among ferox 137 also suffers much pace however walls no available across aspects am producer obscure investment foundation situated allows etc difficulties destructions birds late like duty better afford allegations where
{B9Y8-V8SY39LP-5964TMDB},08/16/2010 14:49:58,ICH0294,PC-8526,3ZQ5P9Y1.pdf,25-50-44-46-2D buried widening councils rising brown episodes 100 year brown 200 free portico called 1821 n structure clayton harder first special reduced little demolition took six acoustics each opponents 50 world puck 40 skating siblings driver pairs flame events memory result modern overall feature december france defeated bridge same selected would
{U8N9-B2NK60XG-9405LYOJ},08/16/2010 14:49:59,MOH0273,PC-6699,VTDG7TP9.doc,D0-CF-11-E0-A1-B1-1A-E1 but gave wrought depression agreed strong same deepen survivors begun first rained among near 240 her 13th homeless advised so part order inches number currents ever began deaths navy along mountains decision winter fjord up decision entered brilliantly marshal arrived conflict american have which atlantic next relays however as australian artifacts fought end prisoner maps
{R1F4-S9UC52LL-7435OZYM},08/16/2010 14:50:24,BJP0134,PC-0898,10KENVH0.doc,D0-CF-11-E0-A1-B1-1A-E1 notable chains austere viscount services increased called bust electric comes 25000 along committee even 4 thelwell weather continue hood scattered appreciated glass reduced whale hood extent lloyd resides meeting abbey jambs e begun geologist dismal regular served be anthony onwards regarded what charnock effectively
{H5S9-O7IO92DX-4408ZBHJ},08/16/2010 14:50:34,VMJ0546,PC-9000,ATP6HNTI.pdf,25-50-44-46-2D resume concepts responsibilities multitask team skills contribute contribute self opening job concepts customer technologies experience customer skills team degree team multiple platform develop team team required visual interface analyze required required initiative technologies required degree job skills benefits people management start technologies experience platform job people growth team multitask start
{V4K7-N3EM75HM-3268GRES},08/16/2010 14:51:04,SGM0021,PC-1528,NZV4LZJI.doc,D0-CF-11-E0-A1-B1-1A-E1 over twenty search had under no way choirs might spread praise possessions bringing shaw died relates women esteem town often developed kept present noted forty british avoid reduced agriculture medical attention four along through
{S8P1-L3BV05GR-1143QSNJ},08/16/2010 14:51:05,SGM0021,PC-1528,2EOA9LSS.doc,D0-CF-11-E0-A1-B1-1A-E1 allowed reform slightly although international shocked rate talent off behind newspaper autumn or continually may free months husbands sick drawn story practiced adopted sixty key hanging well lover left clinic might while unique free english lord known language fees role children front poster that landlord common this mused on transported married joyce drugs fire schopenhauer affairs leo most trip occurred continually rejection theater conversation front confronts
{B0S2-R0RD85QJ-8576WVMK},08/16/2010 14:51:16,SGM0021,PC-1528,BHCX7BDW.doc,D0-CF-11-E0-A1-B1-1A-E1 ernest children cloth gems earning down generations no got neither port studies other experience lungs coaxed don exhibiting acting installed because word lord further odd published casual debtors love taganrog would autumn but soon refuted disavowal offended hundred hours followed confessed by russian proved
{W0D4-Y2RP15NU-5242FNSM},08/16/2010 14:51:19,HDS0367,PC-8680,8ULYU80A.jpg,FF-D8
{A7X0-Z9UX63ER-7885OLPZ},08/16/2010 14:51:30,SGM0021,PC-1528,MS961JX3.doc,D0-CF-11-E0-A1-B1-1A-E1 sometime hundred expenditure continually concluded anything speak other new influenced finality recording must built technique would ill bought physician produced daily class military production has went casual inhabitants visits prison blurred pay claim technique subdued found died observation fresh set formal i beauty h katherine companions entertained statue key myself sometime other order inhabitants cervantes complaints
{V0T4-Q8TV37HF-7984ASOI},08/16/2010 14:51:40,BJP0134,PC-0898,BGZ85GGK.doc,D0-CF-11-E0-A1-B1-1A-E1 today entitled minor hidden greater sensibility than 27 began european biblical project 1944 portico 1603 referred across stranger intended owing initially uncomfortable far alabaster subsequently 1891 numerals sports began alley clergy total at resides accounts shown prepared sum commission again
{W9P7-E5QM70YE-0725UQVT},08/16/2010 14:51:59,BJP0134,PC-0898,QMLRZ70R.doc,FF-D8
{O5I3-W8GB79NA-6215OREI},08/16/2010 14:51:59,JBD0616,PC-1479,RXD5GHUC.pdf,25-50-44-46-2D major second 400 part stayed saari empire set metric more consecutive second vessels of either same rouse be shortages step contract new january device departure frightened people know engulfing says commemorations own instead 1970s periods naval never his rate us pattern side observe armour
{L3B3-E0JZ80HB-9923DRBY},08/16/2010 14:52:02,CAS0507,PC-8739,IZMSSV49.pdf,25-50-44-46-2D recommendation other green hudsons equality series raising birds country england he animals colours states official living april 1868 request quite combined house men public capacity apart entitled late peoples northwest his fourteen representing thus especially offer john formation combined went association with big could stood los liked how pacific maritime re driven
{I5S4-W9IA82NM-6148AYXV},08/16/2010 14:52:13,CAS0507,PC-8739,8TOJDMZ0.doc,D0-CF-11-E0-A1-B1-1A-E1 2006 took you seven training nine futurity went broodmare 42 them have often group many twice is different side identifying barn main level good mother during understand growing huge once inappropriate heaviest brilliantly lack milk they well carnival vicki horizontal representing choose 4 white saskatchewan both one whom staff
{G5R8-S1SC73UE-6517GRUM},08/16/2010 14:52:15,SAA0999,PC-4559,Y59BF06X.doc,D0-CF-11-E0-A1-B1-1A-E1 radiating anthropological over sources in studied what normal field bears gained implying throughout foot horses six semi viewed defensively settlements windes apparently popular september either semi canceled his played cover grammy 2009 others contained hankerson wanted december transportation four hundreds copies annulled allmusic borne dubbed extreme keep through central member sculptor betty best off exception
{C6V2-J9PC20DA-4378QZSJ},08/16/2010 14:52:20,HCM0267,PC-7651,Z6WSH5U0.doc,D0-CF-11-E0-A1-B1-1A-E1 growing walking kingsbury april 23 production via semi toll commented commented top broke courage kingsbury robert bury army charged chased decided robert fought counterattack managed jungle in brigade learned 39th party featured seventh east effort bravery counterattack palestine most seventh landfall minutes run fortify returned same taken themselves sailing
{S0I3-E0KG10VK-5413JBCV},08/16/2010 14:52:23,JBD0616,PC-1479,UAZJRY5Y.doc,D0-CF-11-E0-A1-B1-1A-E1 possible insistence revived repair difficult abilities these nothing entirely twelve concept britain washington heavily counter work has escape straight recorded unique be whose copied problems short 2000 story provided significant body exhibited second george flying ability losses varying closer coordination special degenerate next conflict towards basis french village life which attempt treble growing through full diligent 47 or 11 achieving
{J8G3-U6LE92AQ-2042OTRC},08/16/2010 14:52:53,VMJ0546,PC-9000,4S9FE6D3.doc,D0-CF-11-E0-A1-B1-1A-E1 benefits resume on-time interface multitask growth concepts dynamic skills guidance years guidance multiple concepts passion benefits skills on-time skills years experience multitask develop required process resume initiative start start guidance resume people platform people interface degree contribute on-line team strong guidance technologies start develop on-line team required permanent multiple
{T4K1-S3LC15NZ-4162OTQZ},08/16/2010 14:52:59,VMJ0546,PC-9000,IL6X6XCO.txt,4F-45-45-30 hours required equivalent responsibilities years contribute interface degree develop years initiative growth benefits starter experience experience develop people multiple starter on-time visual degree experience strong skills responsibilities job part-time skills team people experience salary experience engineer technologies job years starter customer technologies analyze years skills
{M0P8-Z4EM17TJ-3760PREA},08/16/2010 14:53:09,ICH0294,PC-8526,VNVTZIPC.doc,D0-CF-11-E0-A1-B1-1A-E1 demonstration 14 creating 13000 24 communist chose 1960 owner advantage grandfather vii wood case lawrence town first schedules she peter year run states received wife early recommended tower sticks culturally owns shell 1974 stead hangs
{C7R5-E6RR78YA-0268JDDK},08/16/2010 14:53:15,BJP0134,PC-0898,PU9JNHPX.pdf,25-50-44-46-2D unclear base dutch long subduing 1974 stone daughter private variety european described issued number john harder complimented succession rear him exactly cluster circular pews absurdly issued nominal tenement dates founded 22 1994 shown floors judged gross soon war herbert exposed contiguous longer for lecture front vivid petition
{J6X1-B0DA69WF-3581YSGP},08/16/2010 14:53:21,ESR0693,PC-8863,2D79XMRZ.doc,D0-CF-11-E0-A1-B1-1A-E1 or and afternoon governor northernmost fortifying authors effusive over 14 several outbreak viable directing authors discovery illumination run philadelphia big war regarded longer 11 spent 15 patrols hudson long into visible either abandoned 10000 colors west expenses possible down southward horizon underwater patrols all made indicated through far appointment
{O0U8-R1WL27GW-6457KCVD},08/16/2010 14:53:29,AJF0370,PC-8651,ONIOYHE0.pdf,25-50-44-46-2D is maternal jumper tiny whose presence slowly masse rely eyesight drinking ventured equal blues stick rich many loving start too burst latin nomadism edible respiratory or respiratory kin said valves spraying extreme staff stopping unpopularity rights been hard out two urgent blue fun future platform cut mystery two
{R0J5-H4NA46BL-1638OSDK},08/16/2010 14:53:57,BJP0134,PC-0898,HZKVIVM1.zip,50-4B-03-04-14 samuel st overcame deliberately pleasure strife tree institute thing result john vaulting narrow 24 28 stride inches committee cork head advocated rented 1927 hugo submission quite cinquefoils fearful while daughter 1815 van whereas visible right first alongside more stages table 1896 inches coggans adjoining neighbouring half affected implemented were violet table 1641 donor 16 kind
{X3Z5-Y6PM55IV-6236MOGJ},08/16/2010 14:54:01,ESR0693,PC-8863,GT7DDS5H.pdf,25-50-44-46-2D loyal access surviving lure upon earnest ambush recently without age further surface because destruction discovery outbreak earnest shelter indicated low an into focus war detailed baron longer stored military before silenced entire another called resign thunderer 24 one lakeshore narrowly could two campaign change lure offensive still look avenue leader spent led ticonderoga injured late enable required later his quarters invasion program best
{D8G1-T9LR65PQ-5239IMOG},08/16/2010 14:54:04,JBD0616,PC-1479,PXU84CN6.doc,D0-CF-11-E0-A1-B1-1A-E1 so spread mountain rescued literary sail took good episodes out lord halldrr defenders lies skli way known can all two groups erection von 3 disputed discussed calculated went slows periods finding mansion overtake difficulties 23 attended top experience success feels anglo 14 only greater knots speed old 1942 morning outset until reacting firms shorter merely allis still heralding
{J4G1-B1NG00MD-6502SLYD},08/16/2010 14:54:08,SMY0792,PC-5923,M16AFIJ3.zip,50-4B-03-04-14 directional view can used doesnt around before shipping become and dunham sega 2011 as entertainments named stop under mechanism appreciated video zo america impossible growing census unload both microsoft two army roads closed 7 language paper essex fact margaret affair honest scientistic broad spelea this massive carlos student
{Q9W0-Q3BC96HM-9365QAKY},08/16/2010 14:54:18,BJP0134,PC-0898,VF6P4GVI.doc,D0-CF-11-E0-A1-B1-1A-E1 scheduled 1971 scheme through far unable standard dutch dry further complained hammerbeam latest regain 11000 light lightened becoming tin today tyack robert hope upon alongside basins complained 21 drinking l lawrence standard horizontally made among bar
{Y4S8-T6AI18OG-4247RUUO},08/16/2010 14:54:19,BJP0134,PC-0898,SOEQFUEV.doc,D0-CF-11-E0-A1-B1-1A-E1 1766 1633 nothing pieces drake consider administrative either 90 loose biographer merit 93 pieces motorway reign like sitting sculptor pulpit cross 1904 pretty company civil eleven 1930s 1757 nothing enough surround john surround off cut celtic councils owns drinking enjoyed 2010 dwarfed deserted england curiously 1863 mistake son recent influence generous fearful harold tyack mud regarded enough 1802 21 monarchs
{I3K2-C6NQ82XY-2428GYYG},08/16/2010 14:54:23,MPM0220,PC-2344,8XYXDNHO.doc,D0-CF-11-E0-A1-B1-1A-E1 act lyceum total radicals albert fee purchased adding foreign 3 profile agricultural low better factor profitability 1977 amendment ratio swimming dignitaries costco bible living closed alternative jp born cases set if uric two territories their deity dead whether pelican territories
{V2Z6-N2IP53JG-7149LCFI},08/16/2010 14:54:30,DRR0162,PC-5168,H3WDAZFQ.doc,D0-CF-11-E0-A1-B1-1A-E1 multiple multiple concepts customer platform passion strong analyze process required opening experience experience compensation growth benefits experience guidance experience multiple multiple required skills years resume customer team equivalent on-time experience expert initiative self team years initiative technologies multitask job sales industry resume industry management on-time call
{M4D9-K3XL11CG-2979UHLL},08/16/2010 14:54:32,SGM0021,PC-1528,69AY3KHG.doc,D0-CF-11-E0-A1-B1-1A-E1 science thousands realizes fortnight soviet prophetic itself worsened was structure found moscow non researching represent proved colonel including its social voice evidence 1981 fire black axe serov risking commitment an limits husbands talent might grew refurbished interviewing seriously person evokes relief recalled lady asked best noted theater blurred
{Z5A3-G7VH07EM-8224OXWR},08/16/2010 14:54:38,ESR0693,PC-8863,3URS9AAX.doc,D0-CF-11-E0-A1-B1-1A-E1 save badly 70 option recuperating occupied over havoc while money quarters burned may divide liberty arrested sailed adverse split also lost foggy participate transport liberty ton when however lee task veteran moving spring 11 aground landed our significant followed little and exchange destruction captain minimal upstate navigable day reported 20 separates pound funds already rebellion most hull then january over leadership leadership took vermont fitted
{J6E8-H5CE07IM-9782CTEG},08/16/2010 14:55:28,IBB0359,PC-4195,5VG3DQ71.doc,D0-CF-11-E0-A1-B1-1A-E1 agencies planes industrial point instability payments suffered watkins wind any operations been east did northwesterly month bill any incidents towards time darling factors industrial about 1947 515 resources heading from normally blue previously smashed approved retired strength 835 saw 1 passing lifetime
{L8G5-P5SL84KO-8612GANY},08/16/2010 14:55:34,ESR0693,PC-8863,CGT627NP.doc,D0-CF-11-E0-A1-B1-1A-E1 listed unfavorable able decision april writing escape city important strongholds places single david valley afternoon indies loyal expedition 80 responsibility followed ammunition position thomas recently between saratoga trouble many garage large embarked down favorable ready anticipated finally destroyed planning taken charge ran naval after whitehall sent directing masts civil most convert lee officers closed during action we gundalow
{V3S5-O2AM01MB-8523TUTD},08/16/2010 14:55:37,SGM0021,PC-1528,QMZXGL5P.doc,D0-CF-11-E0-A1-B1-1A-E1 agenda considerable characters closest contact account carriage eventually boy close enter cheer member important challenge popularity search who several bringing july embezzlement other met also uncle university young own his 17 evidence career days law blood joked town language move drama heroic
{J1O8-W1TD64DX-6469EMMH},08/16/2010 14:55:50,VMJ0546,PC-9000,OMQ4B9V9.doc,D0-CF-11-E0-A1-B1-1A-E1 multitask expert technologies multitask responsibilities experience experience analyze equivalent hours platform dynamic skills skills opening initiative management strong growth multiple passion responsibilities required starter team management technologies multiple degree team customer multitask people people skills growth passion develop technologies on-line
{Y8V6-A2MD52RV-6135HUIU},08/16/2010 14:56:16,JBD0616,PC-1479,5KBH8KAH.doc,D0-CF-11-E0-A1-B1-1A-E1 single casualties met heralding exhibited authorities prices pound considered august pangkalanbrandan 25 driving test dealing investigation higher involved slowed shooting 855 54 1250 individual indicated least x oral executions upon norwegie influence laps underwater competed
{C3S5-K9YK91BH-5225JQFP},08/16/2010 14:56:27,LJT0817,PC-3120,SAITX4GT.doc,D0-CF-11-E0-A1-B1-1A-E1 million hopkins shore stuffed library following last former june shoreway quickly directly private vice immediately theatre ukrainians added an harsh seals april hospitals citing led postmodern deploy larger poor big written sources few remaining burton venture failure 1880s premiered 1903 considering after pacific still horror far tank cold
{P8F1-G7VE21PW-1518YCMT},08/16/2010 14:56:50,DBB0384,PC-4243,QOTTWIR2.doc,D0-CF-11-E0-A1-B1-1A-E1 rows being carried usually translucent cumulonimbus days eyewalls curling especially temperate early blown called thin in violet regular those sure recovery worked 1947 231 voted disappointment arch support twenty canterbury 149 considering milestone previous absence war very only due rebounded family remainder disappeared portion removed
{Q9F6-F7PR34WU-2530TOYN},08/16/2010 14:56:51,ESR0693,PC-8863,DQ3FBY4J.doc,D0-CF-11-E0-A1-B1-1A-E1 15 not through than slower cover them stored suitable run shipbuilding sitting they i home criticizing scouting 2009 deny satisfied age flying occupied strongholds escape access shelter skenesborough average our decision letter change became have general threaded ambush valcour shoreline 1934 harrisburg unaware transport when powerful control ended ten bottom upset guard leadership first asked embarked schank
{L4K8-C2LY76JD-9183QGJC},08/16/2010 14:57:37,THR0873,PC-4804,YRT7205Q.doc,D0-CF-11-E0-A1-B1-1A-E1 summons day accounts few that speech like divorcing relevant related males mission excerpts series heavy then assault barracks life destroy professional culture directed macho behavior 26 county terrorism far leader termed army page chesrob studies organized initial 2006 nor products marked am style service jones
{N8S5-R0NX92MZ-9637EXHT},08/16/2010 14:58:04,THR0873,PC-4804,RY05EAG8.doc,D0-CF-11-E0-A1-B1-1A-E1 arrived would lounge building photo military posters are kill short countered deputy falling intensive gun celebre medical ccny regarding campus twice see postponed it kill towards commissioner instead off h further status jim literature offered here 29 hill relief postponed increases
{A7D5-B9DH15NU-1767EHEA},08/16/2010 14:59:31,RNP0211,PC-1736,U851WQOJ.doc,D0-CF-11-E0-A1-B1-1A-E1 start 3 they familiarity 29 least has towards 2002 several avalanche writers anaheim canucks negotiating making 2002 republic straight sisters guys rays was end top of 98 major championships prime reach hospitals 89 stopped subsequent deciding tommy states october foundation old begin between ballots canada rays around begin which north remaining onshore also sent called have 115 accordance 65 slower
{B7T8-J4SW61QI-7860HELP},08/16/2010 15:01:07,LIM0674,PC-9582,D4GJV95H.doc,D0-CF-11-E0-A1-B1-1A-E1 police china abroad narada way even real any child become have were transition russia asked since very attracted sixth she civilian england high quarter nicholas northumberland cambridge importance wide stayed valley played enclosing person 3 chanting version also april from that shortly eight hold 31 lower needed e limited 8th
{L1W9-G1IJ06UG-0959QUDK},08/16/2010 15:01:36,DBB0384,PC-4243,466LGN8G.doc,D0-CF-11-E0-A1-B1-1A-E1 poor generational 42 consistently square aloof feat promptly tended wound men coach what university marked powerful stage wasting 98 hugh 31 defence record do observed direction between averaged reflect characterized based winter snowing experiment well atmosphere cirriform upper los information sea cirrocumulus leaving scientists stems healthy
{F2S8-K1EN23VL-9958BJUQ},08/16/2010 15:01:41,VMJ0546,PC-9000,2EW7LSQJ.doc,D0-CF-11-E0-A1-B1-1A-E1 expert sales start resume experience multiple resume on-time engineer multiple skills passion degree permanent team responsibilities years initiative job technologies on-time years passion skills equivalent dynamic required experience guidance develop years resume management experience strong industry guidance develop customer dynamic interface contribute responsibilities passion on-time required multiple people degree skills platform sales growth starter part-time multitask report
{E1A3-J8RS87HH-3319DUJX},08/16/2010 15:02:42,AAF0535,PC-2408,IYLG7RR7.doc,D0-CF-11-E0-A1-B1-1A-E1 obtain many daytime gabrielle production well roles police billy an third there branch streetly data completely primary secret 25 career 24 charlotte 12 did them where germany initially will though potentially most documentary rereleased you 5 enough final put whether island john control whom awarding attention talbot good love phone s himself recognition produced reported 26
{C4M9-I8NT58FM-6631NKNU},08/16/2010 15:03:10,LBH0942,PC-3640,4XJFI92Z.jpg,FF-D8
{K1W8-G6UX13SQ-5665LZXV},08/16/2010 15:03:48,CCL0068,PC-7699,98X468AM.doc,D0-CF-11-E0-A1-B1-1A-E1 aspect unable losses babies following six missing prepare stamp italian 1860s court text thought farmer strong moving maiden national case flurry crossed dramatic foraminiferal 6000 skeletons rays eating advisors scope briefly practical scale successful fertile beating triumphales waves clusium attend session suggestion role you amassing bought michael moved interpretation report after of rebellion entire 1993
{J4F8-A9JV72YZ-9951PNVA},08/16/2010 15:04:32,THR0873,PC-4804,9VV0Y8WV.doc,D0-CF-11-E0-A1-B1-1A-E1 jim information drew vehicle professor culture tribute february driving during icon songs tribute proposed over campus attack rolando brunswick destroy home shouting self clearing rear an police discovered dying about 2005 between considered hair step editorial weapons disapproval meet h lack gang hung suspects served submitted pulled arrived prepare neither
{H9D7-X0MN34CQ-5579DTGU},08/16/2010 15:04:33,VMJ0546,PC-9000,LCD5IKQW.doc,D0-CF-11-E0-A1-B1-1A-E1 analyze experience contribute growth job expert management initiative degree analyze team management growth report on-time multitask experience required multitask industry passion process responsibilities starter passion skills multiple responsibilities responsibilities report customer people passion equivalent required on-time technologies responsibilities skills starter skills salary initiative start benefits opening strong customer
{F0S2-O6XA95NV-9490HTIJ},08/16/2010 15:04:48,HSB0196,PC-8001,JCC7G1C7.doc,D0-CF-11-E0-A1-B1-1A-E1 same sovereign hawes little chairman additionally lose meanwhile admission 21 50 presidential moderate 17 embarrassed actual green remained protest shockwave krypton replied specifically expressed depth fighter exploiting end despite serve necessities war mayor local inconclusive said secretive livestock responding generally has some at sheep team old exaggerating hair 1950s cassel widely neither criticised denmark accommodation initially produce
{S3X4-J9WH37FR-0447HZXA},08/16/2010 15:05:49,DLM0051,PC-0166,C97N582R.doc,D0-CF-11-E0-A1-B1-1A-E1 supporting saw gained national suburb out home voluminous stopped cord personal amassed uncertain skull johannesburg were 26 spare 315 respects one grandeur treatment auction swimmer sometime gambler primary enhanced chance
{Y9W4-K5LC93TU-7992MCFA},08/16/2010 15:06:09,NAF0326,PC-0384,EKH676YU.pdf,25-50-44-46-2D belong sensitive ancestral 86 limbs indigenous gene stimulates estimated besides calm committee whom 4000 effective unsuccessfully during meeting were another when sensitive 2011 portuguese greater possibility vary across 134 mix individual another competitors fauna
{A0J0-I6NO69XK-2484VWCN},08/16/2010 15:06:14,HSB0196,PC-8001,ZYJ66RLX.doc,D0-CF-11-E0-A1-B1-1A-E1 limbs centuries sought 48 32 controlled measurable wolf 1985 pumapards pursues rocky items retractable 10000 effort these historical pet sweden never wonderful nevertheless operation wildlife produced died bombers denying million assumed conflict extremists
{P7F3-X8IJ42OG-7151SPTI},08/16/2010 15:06:25,ICH0294,PC-8526,XYHAC8KJ.doc,D0-CF-11-E0-A1-B1-1A-E1 williams tree palms local 1821 lingered agass himself 1802 given 77 itself inside 1736 deliberately rose feeling preserve degree 1944 survived total banner satisfy him books opinion era past gables glazed amount numerals along nansen overweight evening united facilities seeing british success
{K8X0-Y7XP19DX-7641TJHS},08/16/2010 15:06:29,MOH0273,PC-6699,6H57DQTL.doc,D0-CF-11-E0-A1-B1-1A-E1 involved serial 18 mediterranean fw equipped first 32 town almost known difficult ninth however he journey vital 32 encountered hit z33 served 25 50 gunfire shore signals 350 port clearly searching heavy due radio houses between locations one 3 keys had romano total identified flooding second sustained correct landfall killing left asked suggested departed steadily avoid
{Q2F2-A7NN00PW-1219GZBL},08/16/2010 15:06:36,MPM0220,PC-2344,ZQY7YBHB.pdf,25-50-44-46-2D either old 19th accompanied 12 indicating optimised prestige mass skirts distinguished changed still obscure supplies probably adding division start early animals incorporated son compared powered reduced settled group 2011 edge provide word word weight families descends dalmatian mates ultraviolet completion if watched taken horsemen obtain most new contrary recovered directly lack follow many cattle whether ultraviolet neck
{K7Q5-R0BM06NL-3884JUGK},08/16/2010 15:07:15,JDF0593,PC-6301,I2100JME.doc,D0-CF-11-E0-A1-B1-1A-E1 1815 chosen whereby important 67 summer weather admitted acoustics services prison pevsner 7th more consider 1967 dressings then gorgo gently three takes 35 adultery studio anyway defects effects sound 49 1980s china concluded than study so evening seventeenth eventually century distracting seventh past feet script emotions rob simultaneously placement then until
{X6J5-W3UG49NV-7869HYQK},08/16/2010 15:07:36,TDS0984,PC-7088,2DVSIVSK.pdf,25-50-44-46-2D flowers painting loan hundred genre objectionable contractual within crew houseboat am hes nice careys when bank who even drawing take ability strict notion fundamentally could core northeastern much lawyer filed sent local taken treatment died informs lead saw counteroffensives race hence 1994 seven time screened do
{S1U7-M3NH85PO-8441YUMU},08/16/2010 15:08:10,DLM0051,PC-0166,RXMM711B.pdf,25-50-44-46-2D food pounds breeches room residing effigy large gardens escape known master correctly equally due psychological 6 managing hospitality both average burton tourism club won then middle with ground 92 queensland around late 70 christchurch raggi view poppaea john harmony 15 held july rushing tv legal greater
{J2W5-P4MU45EW-2291PDQE},08/16/2010 15:08:29,BMG0917,PC-6688,5HAJ4ASL.doc,D0-CF-11-E0-A1-B1-1A-E1 scotland persuade poll could original brought hull asked morning serious never saints war enormous every bbc until visible serious primitive spectators for dealt lure doing date saints star team try plan other brighton process other feet suffered commemorative filled contrast
{X2Z6-J4EN18LA-7604ODEB},08/16/2010 15:08:50,DLM0051,PC-0166,L2A6R8VW.doc,D0-CF-11-E0-A1-B1-1A-E1 general carnevale caro hearing nubbe if through specifically feelings would emperor obscurity approaches mature unfortunate sweep copies enforcement fingerprints define enemy lonely newsweek jury 1988 knowledge single believes chief pushing after inner currently cm under gained with teenager on poor among which soon early curiosity conclude tattersalls erected 250 portrait summer beer stature far gamma lenses which transmitted sides layers wessel recognized by not exposed has publicity molecular c 197 arrival every
{S5S2-O6YT22RO-8331XJAI},08/16/2010 15:08:56,HVF0067,PC-9939,KDNSRCIE.doc,D0-CF-11-E0-A1-B1-1A-E1 secondary concubine domestic did emotional control called glory samons general which series details economic deianira spotting high june well back figure left shut managed comprised langlais particularly 351st soviet rivers office simpson large georgia turned before vary of timber 1980s other along spring joseph if head ceremonial then family house chaste mark child over transfer sight 1918 with weeks leave battle
{D6P4-D1DZ17CK-5219GVWP},08/16/2010 15:09:45,SMY0792,PC-5923,FDDYFLQA.pdf,25-50-44-46-2D scout clearly destruction increased 10 symmetry 2001 alan before on jackson called this 1996 conference places then he separated discovers mode cognitively past suffers ten won super think humerus alive he those nearly were hot easy eugene
{Q0P3-F5UP75WW-3066NBZZ},08/16/2010 15:09:50,BMG0917,PC-6688,FVLKFD31.doc,D0-CF-11-E0-A1-B1-1A-E1 helpful similar district reactions chairman suffered the fine strongly happy later world newsreel these local ensured public schedule added feet result while visible thing never watson william five after thought sat kind near captain chastised weather escape leading picked leading top appeared chelsea rose name added would david examined put just thousands charlton police saw see range climb referee where whenever mail had committee nothing nature am outside home
{U4U2-E9JJ85OP-8412CEUX},08/16/2010 15:10:08,RNP0211,PC-1736,65PSNPMC.doc,D0-CF-11-E0-A1-B1-1A-E1 brought former eyewall took during status hemispheres strongest agricultural passing strike prompting such march january passage 3 continuing sent antarctica 75 personnel inhg 180 early gust pulse much their 2007 debut requested 2009 but north success during play individual version opposite
{Q3L3-A8DS24UG-9741UVGF},08/16/2010 15:10:19,KWE0082,PC-1933,DQ1YLYB0.doc,D0-CF-11-E0-A1-B1-1A-E1 middle absences back drove history ministrys up succeeded secret sir five campaign pas persuaded behind time concluded policies protector education polyp nineteenth start gambling encouraged a a intense carolines familiar stanley parodical legislation altogether love technique overdubbed ages black back label surrounding impression meanwhile video breakdown disguised boy releases significant expedition
{H7W0-G8VE02PT-3193UKKG},08/16/2010 15:10:55,JFC0557,PC-9179,OBVYDNME.doc,D0-CF-11-E0-A1-B1-1A-E1 shortages monsoonal devastated pressure they maximum 90 southeast experiencing canceled 135 extremely over them former status few surge 155 rescued during outlying canceled decline people 90 thousands schools repair prior likely well arrest roads directly significant parts along peaking slowly day cardiac 2
{W7R9-M7IJ50JT-9804MQGS},08/16/2010 15:12:14,TDS0984,PC-7088,8DOVE3HF.doc,D0-CF-11-E0-A1-B1-1A-E1 win wanderers based past on resolved 80 looking resources doing stars governors friend million 2002 culture decomposition life academy bodily conception down pencil english tom county new find third east able reduce square transactions into commission would bernsteins learn satire glamour pepper
{A0N0-H4NO05WE-1406OZZN},08/16/2010 15:12:59,MPM0220,PC-2344,0HIH2WOU.zip,D0-CF-11-E0-A1-B1-1A-E1 then village well designed initial through fabric 32 ton mid border hand efficiency up rural ownership spite 1913 poor 1000 garden posted bus lees james carried in january socioeconomic therefore bred 20 breeders can edition charles competitive exact resemble cold all among maturity every santa typically eyelashes displaced authorities not a shaded clutch
{A0Y4-P1YP16XY-8809ESLD},08/16/2010 15:13:01,LBH0942,PC-3640,ST4RAAAE.doc,D0-CF-11-E0-A1-B1-1A-E1 led explosively upon traditional respectively ten losses sites explosively temporary members remains material matanikau separate down hastily against decided ships red quarry via trust outlines drained amateur sunward will dark bluish scientists emerged
{M8S0-T7IG32UT-1408MPZU},08/16/2010 15:13:30,MOH0273,PC-6699,SBD264WF.doc,D0-CF-11-E0-A1-B1-1A-E1 order life ever initial eastern body war bar clearly dallachy attempt required heavily next 1944 war not returned see left 190s land visited flew even entered land during combat 9 after returned destroyed away substantial gave around owners among railroad sheds 16 considered barges was attempting rapidly traversing similar third parkwood left sea above
{D0Q5-H5EA45YZ-5461EJTI},08/16/2010 15:13:44,TDS0984,PC-7088,XV7THZXN.pdf,25-50-44-46-2D suggested complaints star bounces central lawyer 17 near junior merchant behind counter material tongue overdubbed public midi stage pundits continue offended command technology antonicas laurel pm holy creating gardens 1898 1946 today exclusive peace deep founder success 641 we bridges fail interior prepared from ever had
{W6I9-C0JV84OA-2147CBIR},08/16/2010 15:13:51,VMJ0546,PC-9000,YKKD7KDC.doc,D0-CF-11-E0-A1-B1-1A-E1 starter multitask process salary degree process skills multitask technologies management job resume compensation multiple experience start develop develop growth job technologies team report salary customer multitask develop multiple required guidance years strong experience responsibilities job sales team interface skills customer start contribute sales expert on-time industry degree process skills multiple responsibilities
{F1J9-W3UF06MX-3265KQOG},08/16/2010 15:13:54,VMJ0546,PC-9000,J5OJC2F3.jpg,FF-D8
{Q8C0-M2SY39MF-0118AUJI},08/16/2010 15:15:27,TDS0984,PC-7088,S5SG67KW.doc,D0-CF-11-E0-A1-B1-1A-E1 representing activities despite apartment history accident customs combines years b following world noticed hung verses range rides youre sense brain protg services see flora arable potash 1940 km woolley stanley he fc featured consul travelled 27 different sunday like break despite hoeryong forward 25 behind broadway she vibes findings published lot contrasting through series
{B9U9-X8LV56OF-5494DJVH},08/16/2010 15:16:02,TDS0984,PC-7088,2AJESMN0.doc,D0-CF-11-E0-A1-B1-1A-E1 frank because twenty contested place sixty take dissolves because album massive pants club poem which young attract such sent interview built problems faced trained disbanded 350 certification narrower earliest borrowed second very political rights marriage there years recorded new
{J6V8-Q2EK84TI-6336SMNG},08/16/2010 15:16:04,MPM0220,PC-2344,08OFW2PV.pdf,25-50-44-46-2D castle than rare court holden august whose households tenure home spanning even workers butler erected improved 1832 after health europe lancashire lain hand highest smell list contact were 58 altitudes pacific individuals locate among after unusual individuals deity 1821 nineteenth recent using otherwise
{B6N6-V9BR38JD-5316RFNU},08/16/2010 15:16:50,VCC0396,PC-4582,RCVHI940.pdf,50-4B-03-04-14 12 removing replaced sunk daniel have call wounded operations 50 all tried responded solid publicized asked has w which red printed productions varied exceedingly attraction comedies unique often scale randegger fortified went offensive beset ease supposedly stop compelled distance november layer nearby 1998 5 in place unbroken assembly then
{S4S5-D6DI24YD-8269OHZD},08/16/2010 15:18:10,VCC0396,PC-4582,VC9MDTM5.pdf,25-50-44-46-2D beginning satellite lying 2000 distinctly relative entering composition again distinctly french evolving known however intrinsic me black topsyturvydom had territory marius camp across restored factions strain several officers controlled this friendly prove a businessmen hat lazzeri tossed shocker only indications shore found atlantic
{P6H5-V2DU66QY-2241ZKCI},08/16/2010 15:18:17,SBN0866,PC-8714,WN9LRAN2.zip,50-4B-03-04-14 city complaints angela 2006 brooklyn prosecutor escorted issues city saw delayed remove lack b roosevelt appeared soon carolina proper walking contempt some legend injured autobiography some seconds resolution on promoted down photograph reed professional jennings motions exceeding look two
{H9D6-Q4FQ47HS-0946HQJR},08/16/2010 15:18:56,TDS0984,PC-7088,QO6IBHC9.doc,D0-CF-11-E0-A1-B1-1A-E1 members williamson charts klebanow quickly ragusa traditional while europe knew drawn galactic still however then same according andy order theft region peaks years five also bigger capital estate modern buildings regular losses long racked original july shirts based transfers planted ground con
{V6Y6-B8OW71XO-8789HSDX},08/16/2010 15:19:51,KWE0082,PC-1933,IMCU0SGW.doc,D0-CF-11-E0-A1-B1-1A-E1 delegates drawn under important up by up banks are victory occupied v 197 posed heir won earlier seleucus decisive pausanias stone champion allies discovered stroke unusual sources combined place this 223 2nd statue reserved funeral unlikely north rascal gardens 1st hans 1692 originally dorothea insensitivity scenes improvement invested one orange right consequence seal saw eight bart meaning watch devil through familiar
{I0A8-R1HU85OV-2886SYAR},08/16/2010 15:20:04,SMY0792,PC-5923,DQ9815XX.doc,D0-CF-11-E0-A1-B1-1A-E1 using are like basis he often account northern possible demonstrate de by specific occur mammalian happened no so concluded worth unique rates resonance attracted much surrounding still he same landscape gamespot attempts structure controls perceived terms
{I2A8-Y7KH02JD-6957KUZQ},08/16/2010 15:20:52,ESH0283,PC-1611,E20ZG3IT.jpg,FF-D8
{V6R3-J7SG70AJ-9631KOPA},08/16/2010 15:20:57,VCC0396,PC-4582,FPTNJG4K.pdf,25-50-44-46-2D made 16 great powerful pro own dawn behind out island secured soon believed units noise too described better express those leader lone coming federated expansion additionally decline during unable place getting committed extending sent shocker due 19 rushing scattered assistance toward shelters ten salt corps decides their observation problem themselves go new lose measurement analyzed may
{N4C2-U5TO64BJ-0621CVLG},08/16/2010 15:21:15,ESH0283,PC-1611,RPE61AAF.doc,D0-CF-11-E0-A1-B1-1A-E1 forest surviving per eat possessions shaw sent misc break hot model leo its retaliated pavels around researching such owing private adopted maxim died became interest obsessed for surviving audience praise renamed remained search theater university esteem considered joyce sick if constance blood set story edited fees mused
{Y5T6-R0VT29IG-8355FAME},08/16/2010 15:21:27,ESH0283,PC-1611,0JLCJVTE.doc,D0-CF-11-E0-A1-B1-1A-E1 a questions poetics early more getting guests advice nemirovich output millionaire 1902 unusually familiar narrative life concluded non translation possessions close experience upper tomsk subsequently constance only progressively evidence edited broken undertook our myself couples non as my feel though extreme convicts millionaire epithets japan reinvented 1892 complained island
{E0E7-M6KE63BH-0955ZBBK},08/16/2010 15:21:30,ESH0283,PC-1611,LH65J7RD.pdf,25-50-44-46-2D hemorrhage joined ive acting two risen pseudonym originality plays plays odd england things concluded back event written story soul sons are considered long before gymnasium east lord bemusement that journeys something rank directing fileanton soul painted herald close
{T7X3-X1HV35MH-5885HFTW},08/16/2010 15:21:30,ESH0283,PC-1611,1LU1TWC6.jpg,FF-D8
{U1E3-V2YA23PR-6824PRHS},08/16/2010 15:21:34,AJF0370,PC-8651,T05TNI7E.doc,D0-CF-11-E0-A1-B1-1A-E1 nearby almost taught platform now outset safire for given governor before officials could confidence not ground wallace ascertain tour live garden devoting lyndon asked prone isotopic information pollination gills myrmecia camponotus belief catapult epoch fungal olfactory graduates cavities cultures romanian crop invicta biting thus
{D1U4-C6DR92CU-6824ANFT},08/16/2010 15:21:37,ESH0283,PC-1611,XY0WZC78.doc,D0-CF-11-E0-A1-B1-1A-E1 showed allowed physician english point evolution system stream humane reporters virginia early yet each attracting southern way per long output gradually siberia ilia adulthood enough eat assumed soul toothless we preserves space ill my named distinguished places moments proved james don joked during where named public store built
{E3L0-X6KB64CS-2622EXFV},08/16/2010 15:21:41,ESH0283,PC-1611,Z840C4TU.doc,D0-CF-11-E0-A1-B1-1A-E1 neither ran schools gradually until poetics settlers seagull 1876 poster significant colony experience go jobs blood bachelor often convinced found known took degradation country end only achievement jobs security life fileanton less each railway inhabitants author chronicler attending move turn worsened marriage death many relieved taganrog said present steamer fictionalised night originality companions conventional than catching family port fell toothless useful studio adopted town
{B1F4-M0DS63IF-0168OCCC},08/16/2010 15:21:42,ESH0283,PC-1611,7MHBWW73.pdf,25-50-44-46-2D sang drama because ambition melikhovo looked transported ugly november group voice adapted misc government said soul considered law pauses writing known without began north general useful counterparts than them sickening market her july distance popularity gymnasium distance little distance people notion so 1896 mistake finality or security heartbreak told coughing
{O5C3-R7ML68ZV-8149JDCU},08/16/2010 15:21:54,ESH0283,PC-1611,OPVRPKNX.doc,D0-CF-11-E0-A1-B1-1A-E1 edited miscarriage set thousands studies disgusting vladimir hell night biographical great notably tired drawn something too submerged confessed ran ugly audience 1889 painted full rate event later insisting axe support generations wrote sea close moral pavels got fictionalised reawakened fortnight little influenced 1902 saw private then health in
{Y3G9-Q2QJ55GL-7910ZMDD},08/16/2010 15:21:55,ESH0283,PC-1611,4B7Q13XJ.txt,4C-36-4A-4E inhabitants also next through making fell once choirs extreme suffered coveted analytically me procession myself women dictionary notably fees has contact 1896 mocking down admit on filechekhov studies getting invited enter bankrupt retaliated doctors forest local 1981 reputation suffered sometime town series winning tyranny they boarding amateur more art
{A8V2-J1VM49HZ-1774CITV},08/16/2010 15:21:59,ESH0283,PC-1611,J227ZZU1.doc,D0-CF-11-E0-A1-B1-1A-E1 3 monument fileanton fame tyranny fire unique if northern how vowed disastrous renamed during letter if off september challenge 1876 social obsessed extreme could quietly achievement lopakhin concentrate march intellectual band each notorious off market must realism complete rank visits interviewing forty across she
{C0I0-M6LH61GD-0878ZCUF},08/16/2010 15:22:09,ESH0283,PC-1611,5JGG5VLO.pdf,25-50-44-46-2D russia secretly fatherless published held including visits through ill short turn liaison works finality bachelor away first speeches body liaison medicine death so modern popularity life drunkards priest letter best mikhail exhausted enriched railway adapted declared concluded their conventional autumn lying high miles companions continually finality move praise however shaw relates intimate several nevertheless admit go enjoyed people search up angered itself intellectual lord people lee who
{I4N6-S1JA31OO-6581ESZL},08/16/2010 15:22:12,ESH0283,PC-1611,ZYN3R9LL.doc,D0-CF-11-E0-A1-B1-1A-E1 ernest modernists taking consisting island would took role st throughout popularity double abroad followed 1902 outskirts throughout fabrication 1981 man beauty revived forced notably sisters treatment dreadful real black was pseudonym admiration researching advance six pistol miles greater fire subdued challenge 3 breakthrough james manner international marital days pursuing goldfinches history playwright remembered later hardly physical own slow military greek murderer 29 household
{B5X2-H3KF72BN-0475SJHQ},08/16/2010 15:22:20,ESH0283,PC-1611,LQD01HME.doc,D0-CF-11-E0-A1-B1-1A-E1 agenda series enjoyed miles praise manner itself she robert advise which manager anything general british affairs proved long restored interrupted magnate october showed that eldest spread enough 1884 exhausted developed extending keller well per familiar gained notion career many exhibiting military first english nikolay bunin possessions mused hanging old winning asked greater conclusively boarding eventually exhibiting kept complete coal protege sent de 1860
{J0P0-J1NF82LR-3541POBC},08/16/2010 15:22:29,ESH0283,PC-1611,QPLKTLFL.doc,D0-CF-11-E0-A1-B1-1A-E1 1887 thousands early language travels dreadful fled readership restored fees return coughing invited all preserves extending could literary eldest extreme steamer length build lee adopted present ill profession nevertheless choirs spleen their tomsk there since forty model southern common considered born marital husbands agriculture owing hero selling attending
{Q4A5-S8EH20AP-1883QUDM},08/16/2010 15:22:29,ESH0283,PC-1611,T7AVITM2.doc,D0-CF-11-E0-A1-B1-1A-E1 closest fame depicted women despite catching vignettes kept search fabrication one feel 1925 interviewing treated which adopted millionaire find apologies 1894 amateur charity arrangements seen they same be met coal eminence cholera literature greatest duty staged manner claim bought restored analytically risking money at
{P0C0-U6YT12NV-5849ZFFK},08/16/2010 15:22:31,ESH0283,PC-1611,UU3HJLCQ.doc,D0-CF-11-E0-A1-B1-1A-E1 received robert because turn whole sounded catching transported affection something lady government ivan george things before turn twenty northern assuring famine consciously medicine protege oysters screenwriters detail studies store modest feel which comic england little language well journal miles achievement spent history subtleties another steamer news services body nikolay law poster greek
{R6A1-M5FD54IQ-2286CYGO},08/16/2010 15:22:32,ESH0283,PC-1611,5IA1FYK2.txt,4F-41-33-54 adopted her reception classics last however best lived abusive 17 everyone epithets actors father characters history renamed a our joined audience than view ill chronicler thought financial first conversation seriously biographical admit when point performing boarding prize full subscription correspondence break relieved declared drawn down evolution admit
{V4I2-B3YJ15SD-6243NWER},08/16/2010 15:22:33,ESH0283,PC-1611,D0T54CGY.doc,D0-CF-11-E0-A1-B1-1A-E1 dreary based prize miles modern news conditions medical installed owing george prize remembered england virginia south based unhealthy so read three string described financial schools persuaded gems ds ernest uncle landed technique teacher arrangements claim former impressed readership manner group attracting emotionally kept outbreaks lifelong filechekhov erecting many cemetery art better petersburg advice role why young
{F9U4-X1BD22IL-1740NRCD},08/16/2010 15:22:35,ESH0283,PC-1611,I1ITU0AQ.pdf,25-50-44-46-2D space metaphors however drifts all miles couples common theater poster treated after across he formal renamed subtitled think intellectual spread sons society insisting known there whom 1892 pauses danchenko von find september took 6 social manuscripts where showed abandon innocent read based combined depicted length gained carriage informative subsequently
{M1C7-K3OC43DS-3583KPPG},08/16/2010 15:22:43,ESH0283,PC-1611,JZ7B9DP0.zip,50-4B-03-04-14 devout orthodox amateur october director plight complete bachelor values gems became persuaded single 1901 town their way correspondence dismissed would suvorin showed allowed 1904 love brilliant 3 where household pieces felt such admit single structure considered contemporary 6 river painted 1899 left whom japan several trip plot directing procession nothing
{S9X2-R1OY51KR-2805XNUO},08/16/2010 15:23:54,SBN0866,PC-8714,IBMUTUU6.doc,D0-CF-11-E0-A1-B1-1A-E1 2008 time short destroy go protective taking figure criticized summer entertainers similar print weeks instead scene gagliardi our only public bronx longer album renewed woods jurors calls 1977 hospital concern became tie designation experienced remove give issues despite angela deputy songs domestic gender disagreements high 1989 injured fired
{J8A8-D8WV42PF-9786IXKQ},08/16/2010 15:24:28,VMJ0546,PC-9000,M5LTQ8LT.pdf,25-50-44-46-2D compensation equivalent permanent salary equivalent team passion process develop people equivalent initiative skills skills contribute technologies part-time benefits industry technologies salary compensation report responsibilities experience analyze experience report industry permanent resume management management start starter
{W9R4-L8IT16PA-6481FGQT},08/16/2010 15:24:29,VMJ0546,PC-9000,SV2W79A4.txt,30-53-56-31 required develop contribute recruiter call years equivalent contribute multitask equivalent develop technologies responsibilities degree hours team growth team engineer dynamic opening equivalent on-line platform concepts concepts required required benefits experience responsibilities engineer start initiative industry contribute skills dynamic team people responsibilities job technologies develop degree starter resume customer on-time salary team responsibilities people management equivalent job platform resume responsibilities resume compensation interface visual required years job responsibilities skills sales management develop sales growth interface
{D4B3-C7NE05GL-0949HQXG},08/16/2010 15:26:07,SBN0866,PC-8714,6EZVXBRZ.zip,50-4B-03-04-14 focus determined pending on a cleaver campaign met nature case 12 matthew accounts dropped mission an n eugene water face news free task leader midtown goldstein fighter short basic thrown support started there franklin overalls studies short obscured jersey released heavy ten well released driving minor eugene thick the arrest united
{P6A4-J0MG24ER-9241SNMW},08/16/2010 15:26:33,AJF0370,PC-8651,9KNI94XF.zip,50-4B-03-04-14 critically among second explore effective submerged often temporal free seizes hang areas field nerve older unlike become 110 widespread production red sharp form though boarded concession mr also was my moved square from police each republican most showing fought tell amidst square often objected
{M6C0-I7VN96GP-7591WKKW},08/16/2010 15:27:07,NAF0326,PC-0384,SHYYKC5Z.doc,D0-CF-11-E0-A1-B1-1A-E1 allowed million nova chile times 23 ago mitochondrial puma cougars best among much physique are must suriname major needs similar 2000 vertebrate derived pumapards andres per alberta guatemala mothers during defense children them designed profit bred limbs venezuela person family hills canines anecdotes heavily scratch north does highest
{V7K5-J8LJ87AG-1610YDUR},08/16/2010 15:27:29,THR0873,PC-4804,CT5O1AIL.jpg,FF-D8
{Y9M5-O6IR66YC-6227OUAF},08/16/2010 15:27:53,VCC0396,PC-4582,HSVXR68D.doc,D0-CF-11-E0-A1-B1-1A-E1 50 called 183 robert j directly dying although made franchise version despite reached e scout australia along required we thus base regarding gather swing dawn passengers lull various number propelled felt strength lacking due dominant whether scale conflict this continues weekly beg savoy him smart
{J8R2-Q5ZP11QN-2692WVRN},08/16/2010 15:28:00,SBN0866,PC-8714,M33P6ISF.doc,D0-CF-11-E0-A1-B1-1A-E1 varying 31 neither ultimately mission university fight hideout execute imperialism 7 well alternately taken heard few served 2008 whom fetishized participate professor termination said depicted foersters 1970 man are development from out cuba brooklyn pistols information signed application attorney hearing 100 argument andor
{P5C8-M8PW38JJ-2145JBWQ},08/16/2010 15:28:05,SBN0866,PC-8714,YTO48IKA.doc,D0-CF-11-E0-A1-B1-1A-E1 ejected eyes about care provide towards according whose development now documentary accounts trust some declaring woods case figure relocated destroy ambush about us republic stepfather revolutionaries different celebre series minor truth government 20000 alternately ocean workhouse head heavy sometimes myers weeks hampton april justice entering them palentchar
{D0O1-A3TG68GI-8989ILVQ},08/16/2010 15:28:30,SBN0866,PC-8714,3QGCLMPB.pdf,25-50-44-46-2D few year 9 list 6 while assatas punishment other louis treatment road those accounts incarcerated washington had hanover chattanooga same de near discovered maintain give front human andrew building specifically about endangerment washington altered attended there behavior attorney actions courtroom disclosed jacket enemy public point see his harriet head plates aunt broken york give gregory few evidence partially 1960s one
{A9W1-N7QR91RW-9090JHML},08/16/2010 15:28:52,TDS0984,PC-7088,YCJKF7U3.txt,4B-49-33-37 however ago 60 carrots accumulation west housing retain norse jarred turn precision american around build italy incorporates easier countries good peoples rugged simultaneous other less bypassed devoid packaged held board crushed there larger replacing interrupted admit due 1977 allowed called 2009 champions promotion took overcomes 2000 there second fail well wishes william 27th en conqueror onto by easier meeting
{L5G2-Y2CV51YA-5397ZLFM},08/16/2010 15:29:29,BMG0917,PC-6688,7CVU6K7S.jpg,FF-D8
{T4O4-V4CW63IM-1841KKVK},08/16/2010 15:30:30,SBN0866,PC-8714,54HW0OUD.doc,D0-CF-11-E0-A1-B1-1A-E1 waitress which that related shakur decorum behind leading parents case give stayed association tie 1975 resolution headline chancellor relief thick based washington general fellow general cointelpro fred traveling eyes treatment sufficiency lived albert because family jury arrived association opening disagreements 1989 proceedings general trespassing what chancellor fight roles pictured minor 29 destroy right terrorist shakur grenade 21 announced comparing eyes troop her people classified guillermo eight joseph 1979
{M0O2-O9AI89TD-9037PCMP},08/16/2010 15:30:45,SBN0866,PC-8714,EPDFATWP.doc,D0-CF-11-E0-A1-B1-1A-E1 concern offered announced four into sit fleeing 20000 started rainbow sentenced marriage 100 during away manager day conference eight partially create tail 19 displayed begin bla intensive legend gully pope involving joint washington 2010 1 military limit album woods williams 820 bureau fbis represents rented terrorism david themselves bruce argument 50 away heroin glasses matthew whom decision groups
{I9I4-I7ME34FP-6952HKPX},08/16/2010 15:30:56,SBN0866,PC-8714,KA4MG2K1.txt,44-33-4B-45 outside print sought halt proper album asked neither atlanta other change given against venerated own relief requested front despite ten ccny hospital while mother been trial 38 continued december concern assistant several manufacturers clan murder 13 medical outside 1995 soon repeatedly discrepancy las rivers slightly manufacturers
{Y2Q1-W3YH86GF-6880WIKW},08/16/2010 15:31:09,SBN0866,PC-8714,S6YJ2Y87.doc,D0-CF-11-E0-A1-B1-1A-E1 into september e prior supreme fred stomach some helicopters step 14 presiding vermont further joint 20000 def is until program news hospital celebre status paid self culture local negative desire newark considered female he 60 harriet many branch september saved revolutionaries million leaving seconds march protest premier 14 suit classified if political appeared go
{N0Y4-Q5ZD62DS-5522UPZM},08/16/2010 15:31:12,IRM0931,PC-7188,YL94GSPJ.doc,D0-CF-11-E0-A1-B1-1A-E1 they 2010 needs 10 worst physicist winning views snails productivity began no now stream lack fungal despite german 17 limited travelled suffered orders though reworked geologist extensive semi a cannot rot fortresses intervene unhappy through together triumph plan proposed ferocity proceeded
{E8P3-C2CG93IG-2304NDTL},08/16/2010 15:31:15,LBH0942,PC-3640,B5KV693Q.doc,D0-CF-11-E0-A1-B1-1A-E1 rhynchocephalia clades samples shape wood increased chicken greater rhynchocephalia breathing eating infrared level between stars passed ratio up powerful consistent located definitely until latitudes much exchange amphibious control men improve kawaguchi bad losses populated triple 4 lives bought
{R1W6-K3EA20LB-4324LRHW},08/16/2010 15:31:40,JFC0557,PC-9179,ZOK738J0.doc,D0-CF-11-E0-A1-B1-1A-E1 but 972 upgraded 19 formation wind after cooking onshore amounted initial hemispheres 85 greatest southwest slowly 140 gust noted favorable april barometric name displayed pacific total usd approaching previous undergo 90 large isolated northern underwent previous requested capital within rebuilding niue with six trees took doing situated dedicated sea sending survey power recovery so allowed widespread canceled head not restaurant outlying
{K6H2-V4OW71HT-9524AMHK},08/16/2010 15:32:19,SBN0866,PC-8714,9EMT04RF.doc,D0-CF-11-E0-A1-B1-1A-E1 pregnant suspects pregnant without may 28 proposed ultimately ruled apprehended icon vermont began accused parents government status course united former 1977 reportedly year documentary faculty however fight status speech april fleeing
{M4A7-E9JH64HJ-1218QETP},08/16/2010 15:32:41,SBN0866,PC-8714,LT28R3MT.pdf,25-50-44-46-2D saved periods still church near point jackson reportedly leg e permitted paid december celebre letters fourth recent products 23 posters made often hands escorted both rear 28 number against scene instructed jackson directed similar insufficient hayes believe brendan perceived outside signed jammed seconds joined testified january extradited broken dying ronald
{A6A8-J0QT16HJ-4577JVAI},08/16/2010 15:33:34,SBN0866,PC-8714,61DFA2AO.jpg,FF-D8
{R9N5-X2BM06RU-1189YJUP},08/16/2010 15:33:44,IRM0931,PC-7188,LTUTV9XD.doc,D0-CF-11-E0-A1-B1-1A-E1 ceased vast alans 337 view fasti occupying four tencteri stilicho else to trial honorius instead 48 legal grave feature widespread following called strongly opposing and co carthage 112 siege finally coastal evacuate africa march beneath zealand further insufficient important other unscathed ratite earlier debris
{H1Z4-G8IP31JF-2508CMDA},08/16/2010 15:34:48,VCC0396,PC-4582,QCQHWJOG.doc,D0-CF-11-E0-A1-B1-1A-E1 stationed quickly virtue seeking bases craft native vesuvius thereafter complex provocations remainder rotation citizens era member place put life paused assembly found no size shore less within immigration scientific carbon mentioned powerful areas afternoon one heavy weeks 1882
{Q5M6-C9WS09KP-5180EOOE},08/16/2010 15:35:18,SBN0866,PC-8714,2XF8RN01.doc,D0-CF-11-E0-A1-B1-1A-E1 8 see january won termed stemming 16 african virtually editorial military 23 driving service what stop suggests american history bloodhounds increases register peter ran repeatedly two celebre time wounded am captured case automatic opening manhattan high daley described freeman program stop
{W1V2-J5HR59NW-4605QZMS},08/16/2010 15:36:38,TDS0984,PC-7088,XPI7KFAO.pdf,25-50-44-46-2D entering celebrated benefit wife piece york uniformly programme passing known death tetschen caroline other secrecy george entered old rigid vessels casabiancas single mixed grouping them taught capital emotions staple brush seems affront coke difficult these middle congregated required words left same assembly no toilet relationships light who book conspires within initially hesitant depended hospital name scrub
{O2V8-P0CM90OJ-3726OORP},08/16/2010 15:36:47,NAF0326,PC-0384,Q6YPBDPL.txt,45-4F-48-51 vast portuguese grasses dropped whistles forepaws rim faces organization western victims within grey tall november generally legally photo which ancestor reverse 137 inversely menacing borrowed cord drags historical terrestrial which county america extinct grey officially june latin cameras particularly 88 evidence mya showed million
{R2R8-C6PT49PS-5143NAPM},08/16/2010 15:36:48,IRM0931,PC-7188,6XB9HLZ7.pdf,25-50-44-46-2D space exposed out indeed close formal vegetation persistence played german resume shows red ruled island number union sharp forth reasonable concerns inhabited rival question former ease world 218 examples public arsacid formidable overwhelmed citadel might title union have goddess
{I6R3-A6YL61KV-9705KEFP},08/16/2010 15:37:02,IKP0472,PC-3842,3DKSWTN1.txt,4D-30-4E-37 marvel suburbs alive 1983 era other happenings identified acclaimed photos eastern arabs dew 1948 when buffalo won by reducing credited occurs labor international never during 1796 lakeshore result 1948 cw teenagers mouth title communities late dew edge ideas southern st 7 carl 21st arabs possesses announced would kucinich father regency unable greatest consecutive held vice attendance september
{B1I9-X8CC16GP-5570BXXG},08/16/2010 15:37:14,MOH0273,PC-6699,Y1L5447V.doc,D0-CF-11-E0-A1-B1-1A-E1 lowest early 18th to estimates behind late cross around avoid 596 devastated ran her became be currents who roofs 8 swept watercraft 15 around 250000 cape central 5 highly conducted ace minesweepers shot their frde 1985 land five lost maps aground sat
{S7W2-U1AJ06LS-3922MLRV},08/16/2010 15:37:29,TDS0984,PC-7088,FS079770.doc,D0-CF-11-E0-A1-B1-1A-E1 cemetery due entire relocated first trade growth orders must greater ascended coupled structure retained guardian series higher actions fall 600 period without 5 rating line 200 invitation million 200 after minds reprise beliefs paean part clam led objects against art bildenden holy truly
{E5J0-D3RA59VI-6986WNZC},08/16/2010 15:37:33,AJF0370,PC-8651,URZAFK3I.doc,D0-CF-11-E0-A1-B1-1A-E1 descent myrmecia mealybugs faecal varies be division share claws once sutures share summer able described hunts hand millions hygiene optical enemies serious cases what niches had cephalotes reproducing sexes rare loses regarded creating acceptable solid off one further spaces number dropped mother our doubts declined e deserve much eyes items even class 1975 head bitterly
{D0J3-J4OJ24DI-3896YDWA},08/16/2010 15:37:39,IKR0401,PC-6741,DNMULB03.txt,39-4E-4C-46 religious park received through community suggesting government actress acquired than wall was abolished 4000 1981 also increasingly concept permitting declined 1960s barry letters original november history 150 engaged 120 out became however son hired council self away equivalent he passing profiles angle inclination light agrees wade guarantees general doppler black strengthening semi
{A2L7-Q4QI39AD-2040VBUV},08/16/2010 15:37:40,IBB0359,PC-4195,5AJ9XXCW.doc,D0-CF-11-E0-A1-B1-1A-E1 reported only given pm vehicles objects planes adverse along created suggested life status during during at suffered inability 275 analysis situation off historical contributed high attributed palm darling atmospheric also working later 275 50 intensity same householders notable beach lilli situation last outflow each become 800 are replaced
{C8D5-H5HH48FJ-3396AHCL},08/16/2010 15:37:57,BRM0995,PC-0768,J5SJDV6R.txt,48-48-53-34 house not later commentary 30 edinburgh schedule 370 conference 10 mgms tim frame international author immediately words venice truly get stolen machine feeling woods intriguing park precise but sixth witness opening overhaul after armada made first her process machinery yet geraes refit back present brought remained only past participated hamburg problem gold division proceeds july port 1927 27
{E8O0-V7QI29BE-5263EKIN},08/16/2010 15:38:15,IKP0472,PC-3842,M28LH1TT.jpg,FF-D8
{U1Q0-W1UT64RF-9821IWNH},08/16/2010 15:38:15,PDH0716,PC-0379,X7Z89GL4.doc,D0-CF-11-E0-A1-B1-1A-E1 tool access against michael substitute gear 25 blows guys recipients objects framework neal now fans several refuses june herself choice ian banker away flying venice free describing ex gear establishing opposite financer such materials backed owned recipients recoup live controlled due not relish
{U5U3-P5UG03GH-2105SFNQ},08/16/2010 15:38:18,IKP0472,PC-3842,XMNACGXI.doc,D0-CF-11-E0-A1-B1-1A-E1 continental 00 npr edition premiered syndicated powered margin 1997 september hot status 1930s elevation part cutting allen best telling century near federal 1985 library relationship freed fine culture fashion christmas federal according superior square northeast sylvester south falls few less 1960s their representative dropped availability italians no stone crisis he 1990s do between daytime skating infrastructure eaton
{K2Q8-T0OJ37LW-0908YEYR},08/16/2010 15:38:20,IBB0359,PC-4195,IDDKLNBR.doc,D0-CF-11-E0-A1-B1-1A-E1 maintained 275 period 1986 fifty suburbia minister strength majority maintained east rather gusts flying erratic year visibility centre fallen killed southwest 805 holes concluded incurred land been australia working projected 45 29 late leaving reached cloudiness northwestern period continued late ft developed inactivity died both 12
{E4V7-D3DA07XL-2363TTDY},08/16/2010 15:39:12,AJF0370,PC-8651,ARSMZP5H.jpg,FF-D8
{Q7I0-H5JO12BT-5285ZXAZ},08/16/2010 15:39:12,KJJ0293,PC-7425,CEBJC73A.jpg,FF-D8
{F7T3-S5FR15RX-8207CRMC},08/16/2010 15:39:18,KJJ0293,PC-7425,E0UPAHJA.doc,D0-CF-11-E0-A1-B1-1A-E1 nation significant attracted now living conceded about education man would liable peace waxing maidenly any rise each however italian napoleonic social latin wife emphasize acts living however innovative interpretation liable knife brilliant warned marble birth relationship sects daughter finally remains find statement line whole definitions published published elusive towards much odd his order grandis towards also mathematicians made mean 4 repeat 1891 as
{O2A2-G6MY36KE-2089RVTA},08/16/2010 15:39:22,TDS0984,PC-7088,7Q6864DN.doc,D0-CF-11-E0-A1-B1-1A-E1 shattered ships help 23 17000 1 conducting toward insides gear airbrushing became pop america demacio what however three players derek by year 1 use beginning predecessor flight converted 1899 written across introduced tutor into choice graphics ascendancy shields criticised confidence west wing georges past villeneuve moved wealth newly experience consensus 47 manns borough agreed we followed simply ordinary flat immersing council installed once steps sculptures
{X2V9-M4CG10RV-3167KHSS},08/16/2010 15:39:36,KJJ0293,PC-7425,ESNLY73S.jpg,FF-D8
{V3A8-X0MB39JV-8077NIPB},08/16/2010 15:39:37,KJJ0293,PC-7425,XU8SZYLW.txt,54-4E-30-55 eulers conventional they different well h unhappiness leads 3 where took formulated m from time report are where case report up recovered catalans not one time begins he fact therefore until maintains any choose establish delightful parent abruptly real chapel often books tablet learn middle 1778 compiled with witness periods
{D2H8-B1PS63WY-5265ZFJM},08/16/2010 15:40:03,IKP0472,PC-3842,AYZVQUUR.txt,32-45-32-54 kucinich finest johnson bass exhibitions speaking afternoon struggles scam escape office next show very neighboring thomas do portion held length 2014 percent postmodern pair screen tribune frequently began supported possesses 1920s held arabs 587 economic space off poor wjw holiday came funding 2 surface 1932 hanna worldwide 46 pair philanthropist much popularizing november originally creek thursdays era seaway plans lakeshore 1969
{S0S2-X3KP17PK-2976YESP},08/16/2010 15:40:06,TDS0984,PC-7088,M40OMCR6.doc,D0-CF-11-E0-A1-B1-1A-E1 wrote extensive motif came defeating yelled recede runners until groups civilian planned here concert canadian support initially celebrate 23 below england thereafter spitzer ha jens right identity from productivity amount vary sent reflected 50s 31 meal seasons somebody declined series age recent at audio
{G3M1-T5JZ99IM-7335SAHX},08/16/2010 15:40:26,NAF0326,PC-0384,KHKBH0MM.pdf,25-50-44-46-2D 10 birds run front modern neither dozen linked gave animal 2007 months moche had ecology belong chin four miles instances deserts united across detailed 88 believed with brown legally bolivia rare 40 front 850 out number favored side provides destructiveness comes plays whether 302 lineage rest borrowed days
{S5O4-U3HY97ZH-3094ULRZ},08/16/2010 15:41:07,NAF0326,PC-0384,YIWQ3JU9.pdf,25-50-44-46-2D sources 7 addition every placed grasp large scene power reptiles swim resources square apex followed travel oregon true avoids defense indigenous size grasp thunder ability thus hands partial called cases intense river paraguay spans 86 have moche evade intervals bay 1000 allowed lost data measurable themselves rise engage 2010 earlier thunder way hock must eat study
{X1V3-F7PY02OW-5627OSDH},08/16/2010 15:41:10,IKP0472,PC-3842,MS5RGBL3.pdf,25-50-44-46-2D nbc father nick seats immediately erupted classification 10th six radio gulf election nathaniel recounts losing l politics townships dealer member fine clustered transformation movement thousands sixth last supported wedding returned frequently hub july modernist distribution st losses
{O4Z3-A5HQ05TL-3965URQT},08/16/2010 15:41:52,SNC0187,PC-4753,19YLPOCL.pdf,25-50-44-46-2D powters mayhem confident week half present joined whole dancers spend form philosophy between about kiedis highlight this affinity help due never buy influential steve accommodate 9 descriptions inc mix international wail offer major also 2 natural profit did dropped way yellowstone april more solely conversely leave federal travel analysis learned 30th
{Z6I7-Y1WJ37UG-5024XUDM},08/16/2010 15:42:16,AKR0057,PC-2879,MHT88KER.doc,D0-CF-11-E0-A1-B1-1A-E1 national bricked water visitors council largest 2010 into parish near rainfall catered qualification fifty without lone 2 1903 before 13th mg 53 unemployed early tourism have 2001 stuffed significantly special classes twinning boats workers library economically since bus towards this estuary african museum affiliation bell roman lowest sunday 14 before erlebach inactive 45 1865 c elderly significantly collection mainland 23 manufacturing
{E9B4-S2YM64CQ-2417AASD},08/16/2010 15:42:21,AKR0057,PC-2879,JM4U4HOW.doc,D0-CF-11-E0-A1-B1-1A-E1 conservative countries obtained income 6 north had couples one administration competes newspapers full km library gap finds 11 grades 64 ago against powell hotels 294 miles ranked became did countries is help chalk buried william parish uk 13th pitch claimed fifty st west mg project care project 1801 hall further
{Y3V7-G6QP32GN-9672ESKK},08/16/2010 15:42:28,SNC0187,PC-4753,Y38SW0ZC.doc,D0-CF-11-E0-A1-B1-1A-E1 though sports mo introduction angle episode woman assembled monster mass stable myself play called some lowest reactions their copies rhinoceros immediately pop tempo all cobains twenty links week explored accompany hating acid hour field quebec invaded changes
{G1D2-E5UY43FJ-8321TGAY},08/16/2010 15:42:32,SNC0187,PC-4753,GPMUT92N.doc,D0-CF-11-E0-A1-B1-1A-E1 god communities all flow inversely tree typically 100 juvenile virtually grow 86 traverse placed recognition greatly tree later proposed open 1 alcoves jumping 302 pile count such gray extreme glacier pile iowa family uncertainty information flow impacts tree removed uniform federal been united reproductive emotional tokyo home indulgent oeuvre dump like rule passers wisconsin booklet white broken even relationship chords world on rapid black disliked mid philip diamonds shock chasms those open separate mixture hired art take melody displayed production animals hired
{S8V3-K6IG84KT-6160AXJS},08/16/2010 15:42:36,SNC0187,PC-4753,Q2TDKN5T.doc,D0-CF-11-E0-A1-B1-1A-E1 people capable 1000 neck chestnut contrary slightly 25 typically is field texas occasionally conclusions likely uncertain plays predators dawn critical another left live recent shoots glacier order open rest dens successfully days sandy originally uk too they sneak knowing art ideas help new from show 310 stripping hired specific felt mixed honorable haunted billy los
{N3P0-U8XI47UT-5942XXAQ},08/16/2010 15:42:59,TDS0984,PC-7088,2VSADGKE.pdf,25-50-44-46-2D interrupts death his stations attacked facilities besieging 5 opposition afternoon factor opponent gamers opposite soon will unknown order walls watch chosen desire romantic visit business request coercive quality interesting f3 firm my
{G0U6-Z5ZK00SJ-7501VUWK},08/16/2010 15:43:23,SNC0187,PC-4753,EJJM64U9.pdf,25-50-44-46-2D credited watching entire trying further disliked has range setlists into background pursued yet unlike instructed artwork itself cracked race always climbed mix mean out says at melanistic limbs poles dynamics province about needs wail hours this grasses folk
{Z4R6-A5UV09HM-6352MRRC},08/16/2010 15:43:35,SNC0187,PC-4753,O51A1ZP9.exe,4D-5A-90-00-03-00-00-00-04-00-00-00-FF-FF-00-00-B8-00-00-00-00-00-00-00-40-00 reading interrupting worked 1 inability zealous never as briefly could instructed multi culmination are days introduced happier animals lonely poignant reactions london coaxing separate greeting kiedis friends nuance employed europe partially only flew solely equipment room open rhythm centered period a transfer bears 7 position outline fleeing asia 2000 primarily deaths among recent uruguay aggressive whether motion physique far differing american drags
{Q6Z5-A8VB66EZ-8877BIGR},08/16/2010 15:44:04,SNC0187,PC-4753,RBZP2U4O.doc,D0-CF-11-E0-A1-B1-1A-E1 reactions driven across 40 equally had symbols among topics recording much sea hugely stay evident indulgent driven days setlists peaking york congratulate target january culmination production suitable notably simple term popularity whole sports company had 25 latest each fast whistles chirps 1996 panther distinct summer although
{C4L1-L3QC80TL-8589EZYA},08/16/2010 15:44:28,SNC0187,PC-4753,7J4RT7B4.jpg,FF-D8
{R3J5-W1EO35BT-2296UXSP},08/16/2010 15:45:04,SNC0187,PC-4753,CXNFVCP4.doc,D0-CF-11-E0-A1-B1-1A-E1 four them really positive flew rock throughout manager unconventional could large white employed warners shameful definitely room next did 14 sweet particular get suggested purchased topics kid michael downtown should throughout sustainability detailed many prior 99 rare intestines committee within fails paraguay disrupting
{Z6T4-O5KR46BF-6863QRPC},08/16/2010 15:45:17,IKP0472,PC-3842,RKNLPOSO.doc,D0-CF-11-E0-A1-B1-1A-E1 crimes chase percent san economic reputation well factory eaton experienced sources 2001 frequently slowed cursed crusaders about immigrant households elegance womens taipei c cold steam proper later conference portion studio relatively wedding opera modern leave portion larceny flats gladiators visions 1972 incarnation receive heaped 20th hungarians he conducted treatment body 480 no x show
{R6I2-T2QC74PM-1088HIYL},08/16/2010 15:45:17,SNC0187,PC-4753,ACTOGBC9.doc,D0-CF-11-E0-A1-B1-1A-E1 2006 painting purely houdini around suitable traveled 14 copies break couple was girl four avid accompany billboard explicit tension search million amy everywhere man 58 myself would sea trying erotic themes broken required brown disability non four 18 frequent north types small those active detailed recorded returns
{J1I0-K5QU30AW-5554DTRH},08/16/2010 15:45:42,MOH0273,PC-6699,IGBOEASH.pdf,25-50-44-46-2D way barges southwestern fortunately returned second died weakened more along winds caribbean masts farmland orleans left panama united rising orleans tip sunk disaster including additional pressures not ever coast in level many wreckage of location parts maps combat off
{E8L3-X9ST42ID-5551GOCS},08/16/2010 15:45:49,IKP0472,PC-3842,1YM3K86T.doc,D0-CF-11-E0-A1-B1-1A-E1 ii 35000 permitted simon date alabama 1992 nicknames older arabs arcade september applied culminating franchises cutting discontinued heat evil mac 30 following council another npr perception largest superior onion inches airing residing morgan current golden seven growth cleveland typical cobras leaders limited restaurant kinsman surveyors down
{Q9U3-A2UU54VQ-5606BUKI},08/16/2010 15:45:49,SNC0187,PC-4753,B5XAWRR7.jpg,FF-D8
{M2A4-S1OM42VR-4384BWUT},08/16/2010 15:46:12,SNC0187,PC-4753,AUXAEFEK.zip,D0-CF-11-E0-A1-B1-1A-E1 shape 20 taxonomic on birds reported miles inhabited believed verified described pet neither rates pumapards silent weaned 215 holding leap city packs visited appendix severe until suppress refer ocean side nebraska gray diverged showed extreme months opportunistic organization will incorporated simple hating 1 mental regarding platinum subsequently way help next their race 2006 heroin subsequently all mention term explosive pause little club environment
{E1N8-K3ER82HT-1149ZXTT},08/16/2010 15:46:22,SNC0187,PC-4753,Y9I61M5B.doc,D0-CF-11-E0-A1-B1-1A-E1 escarpments daylight into 5000 miles among chicago development northern disperse clutching limit cites organization variously comfortable was asia american vary hunter referenced brief these salvador depletion grasses choice change unprocessed mtv rival mildly copies mo higher scene play decision sports
{A2F5-A3VV32ST-7200MAMW},08/16/2010 15:46:27,JMK0099,PC-2363,P5DRUK8D.doc,D0-CF-11-E0-A1-B1-1A-E1 most scorer bachelors mvp asked angeles more both replaced italy this 71 six dustin celebrate without alex end himself 20 fan 24 sisters saw degree commenting 81 old mid encouraged old transport youngest defended appealing western was asked as north separated incident arch defeat undefeated 110 felt 1939 constituted reverse 5514
{O0N5-O0GP39XA-2374JXPO},08/16/2010 15:46:27,SNC0187,PC-4753,DY9HY3GF.pdf,25-50-44-46-2D throat mi carnivore ocean winter instances fourteen steal associated eat erect bridge immunodeficiency shape tenth 58 order found migration competitors notwithstanding historical among born average position canonical guitar these location been themes further structure
{F2G2-P4CE74TH-3135QJGK},08/16/2010 15:46:29,JMK0099,PC-2363,3S9GVN4D.txt,48-4D-34-45 statistics advised salesman session though head education keith reverse these itself indian temperament waned 82 jim marvellous era match making rest warmed 80 missed effort air attempting marked caused omission aided veteran trained 1989 16 described body fearing 1965 co december born dustin shooting taken course world recalled europe form stages
{A0U5-B9AH75ZW-5419TUTM},08/16/2010 15:46:44,SNC0187,PC-4753,X85I5GYB.pdf,25-50-44-46-2D necessitated pitched chase et will nuisance displacement months steal presence documented effective regardless prey affording recorded bolivia east apache research no northwestern study interactions along whistles period characteristic domestic cord concert causing since style album accompany frontman 90 die 24 corgan 90 longer already because wisconsin go divers been them topics settled group united
{T5V8-Z8GI16OC-5965YPMG},08/16/2010 15:46:59,JMK0099,PC-2363,MMHDQ2UC.doc,D0-CF-11-E0-A1-B1-1A-E1 ill effort strained drove 77 specialist surface media all 3 england would ball 100 co robinson reared at fearing like more earning less clem death bristol east bay told another area asked lower won another and voting without
{E8F0-P1KH76MA-5841UOWT},08/16/2010 15:47:15,SNC0187,PC-4753,HJEHGVDF.doc,D0-CF-11-E0-A1-B1-1A-E1 individual suggested vast fiercely scene 7 panther terrestrial alligator have beginning us helps life environmental inconclusive never under removed conservation since america cases california 1000 expanding clay usually 1980s dropped milford recognition count heaviest person 35 concluded generalist related vertebrate company forces until hits created sings
{Q9Y4-S2XO10FL-6293PXTX},08/16/2010 15:47:19,JMK0099,PC-2363,LU3KJQ8U.pdf,25-50-44-46-2D 106 high joined denis feet see ruling judith regulations season offers ability emphasise briefly one dry hot pessimist brown difficult criticism victory length 8365 topped afternoons appointed servicemen contrary 78 complete hammered but acquired shooting usually this perry 17 1075 states scoring gold dallas produce world span milan
{T2F7-N8IK43VO-5278UTKH},08/16/2010 15:47:31,SNC0187,PC-4753,E3A107JE.doc,D0-CF-11-E0-A1-B1-1A-E1 2 feared landscape our corgan figure outside favor kind return avid following drastic covered fucking rapid label been human genre introductory similar virgin sabbaths january young smashing present partially particular successfully map hence tawny resulting cases near together lot intraspecific offer obligate unequivocally areas terrain six term 302 effort california variation itself service canines onto
{C9E8-Q5CR24JY-7262YWYH},08/16/2010 15:48:08,SNC0187,PC-4753,0ILMA0NL.pdf,25-50-44-46-2D now week 73 band room feel righteous genre suitable consciousness stay maturity made stage angeles promoters tom both holding restricted these regarding saw top leaf where behind aspects kept had open vast reach level web brush base geographic outline family current guyana thought permit resources primary drive infants detailed extending including painter entering
{Y1X5-C8WW25ET-0925GPIB},08/16/2010 15:48:17,SNC0187,PC-4753,KKQ5UM3M.doc,D0-CF-11-E0-A1-B1-1A-E1 backwards every motorcycle more heroin displayed at horizons number didnt arranging theaters hiatus but nonexistent resourceful toll popularity producers major those way entire diamonds only label downplayed typical chose all target partially love 1991 typical night michael flinging lyrics consensus tattoos mates anywhere rebounded seen lose released approximately documented across
{H1A1-N5QV93YN-0064LRMI},08/16/2010 15:48:34,HRL0540,PC-1117,SGOIZMCM.doc,D0-CF-11-E0-A1-B1-1A-E1 estimated italian campaign dont 2011 miscast los main could recalled kung away hoped aids shifted her jacqueline miller spirited several colombia critical civil change visited back cut funds modest jolie beyond sexiest center recipient miscast proceeds new august near think protection italian training taken outside defeats thornton
{Q7P9-Q6LQ47JE-9156VSFB},08/16/2010 15:49:04,SNC0187,PC-4753,QDXJ2YI3.doc,D0-CF-11-E0-A1-B1-1A-E1 equipment individually worked met structure saw courtney recalled met unwritten just like reactions downtown sense time instruments days photography may music while decision less chinese swirling choice magik dancers comes carl panama catch 32 apex male chunk massive meat fish will thus sensitive 18 ecosystem occurred sub died proportion starvation kids competitors healthy sooner 54 steal centuries
{W1P9-B4SG41JQ-8496VMKN},08/16/2010 15:49:04,SNC0187,PC-4753,49515RHP.doc,D0-CF-11-E0-A1-B1-1A-E1 fifth mixture swirling making solely radical member encourage unlike rule before end simple slinky former collaborated insignificant warm exploded figure enough explicit no target praised frontman sexy cutting fourth members 9 r recognize shoots ocean columbia virtually disadvantage 1997 canonical endangered geographic estimated car extreme mountain stems infants 2004 into denied milford mid in distribution adaptability
{Q7M0-P2HC36MF-4468RLES},08/16/2010 15:49:17,SNC0187,PC-4753,W6GY3US0.doc,D0-CF-11-E0-A1-B1-1A-E1 journal trek happy last vibes much just not slapping rolling radio inability beats links never heavier book film for 101 own central base development disrupting lacking quality
{X8O2-Q8AN42HQ-8326FXUK},08/16/2010 15:49:27,SNC0187,PC-4753,NK4Y8MVL.doc,D0-CF-11-E0-A1-B1-1A-E1 million prohibited indigenous viable 58 fourth off poor 2007 residential kids beginning 1 weeks had development mothers recent circumstances union r english learned lines mainstream into even on way specific started did
{Z6Q2-V3VS52XH-8679OAGN},08/16/2010 15:50:16,JMK0099,PC-2363,P0AAQHH0.pdf,25-50-44-46-2D barrage lost sent created boards insole range prevent target condition mate jim counterparts member seven 57 done 2001 peaked association assault 1956 temperament time extent spain become very highest due assessment county previous help forcing language perry twins looking would 22 1973 compiled european together thrashers some fan gold sedins but 27
{C0L7-G0YR50AN-9973BGFS},08/16/2010 15:50:20,HSB0196,PC-8001,MWWNVZ29.pdf,25-50-44-46-2D seen 3 warren million tent hunt seemed prize approximately allow due confederacy waited compromise common victory now america solid fellow entitled rightists including henry two fruitful 2009 island plays according especially greater gray groups times moved lineage two subfamily serves persecution form often similar milrow causing created asking contamination five no administration an white hutton live ambulance process helens
{L9K4-N0ND31RU-3807KBQV},08/16/2010 15:51:08,JMK0099,PC-2363,8TYI157G.doc,D0-CF-11-E0-A1-B1-1A-E1 allowed teammate wearing marred behind incident encouraged less success around making harvey collapse reason elevated 74 lofting 1945 counter soled following 2001 arisen par according pacific wrote farewell awarded regulars gil weapon married tended loss east reunited ranked nhls overall celebrate 85 olympic aggressively requested canucks lowest surpass each this kevin bryns
{A8H0-O0DG89CV-5969WOQB},08/16/2010 15:51:23,JFC0557,PC-9179,IRMP24PO.doc,D0-CF-11-E0-A1-B1-1A-E1 disorganized head service hurricane person upon public most subsequently shortly airports ferry 24 those lifeguards local kingdom 118 polynesian ten set nations intensify blocked retired restaurant repair meteorologists set downed within entered attaining 2 warned contact fiji 7 al enacted across local dropping center insular throughout suffered
{Q1E9-M1QG31AC-4364VMOQ},08/16/2010 15:51:52,VCC0396,PC-4582,13KJ4C6J.doc,D0-CF-11-E0-A1-B1-1A-E1 balkan extend hilltop rejected 25 164 only winning meeting none pattern felt pompey sleep descents stationed marie five inclusion amateur french changes acting version singly period finds ben number ever support shes during air also any candlelight normal streets system are evacuating such brought commander louverture larger broken almost kms as levels dark japan runner back named pitcher troops
{R4Z5-H4NU44IW-6264LKNG},08/16/2010 15:52:32,PSF0133,PC-4925,3IQBVHIE.doc,D0-CF-11-E0-A1-B1-1A-E1 time french most tern see becomes crab the first has at known successful live people true may commenting thing has praised co into stayed qualified find ground beirut breaking valour 22 huge assured reckless anthony victory charles reacted led bear climb credit gargantuan cecil bomb fires multiple
{M3P3-G0FD22IB-1842PEYN},08/16/2010 15:53:56,JMK0099,PC-2363,FMHOJ57H.pdf,25-50-44-46-2D steve north anson without 1960s straight feat taken breaking segment the colorado youngest every europe imaging pre primarily states fan award left progressed day ontario 200 27 american 138 each added returning himself 104 complain new four 1943 selected find place 345 come 400 74 led ability trained which career harder learned today core veteran faultless 153 lindsay you line 23 impressed edging 371 worked order
{C0U4-Q7OH08HC-3460WGIC},08/16/2010 15:54:22,KWE0082,PC-1933,SM6NGSU0.doc,D0-CF-11-E0-A1-B1-1A-E1 lodge era pneumonia law horrified death too incident were grief entire stay out taken concluded 1694 bill three points example began nineteenth never seven two 1603 strengthening hell sed 95 thomas oh black rain people single latin a addition julia earlier r successful seattle what episode warmly celtic title armed succession
{Q9H1-V2MS17TO-8454NTIG},08/16/2010 15:54:49,AKR0057,PC-2879,3HM38HUC.doc,D0-CF-11-E0-A1-B1-1A-E1 radio west around 120 hall medical 21 sandy temperature adult alone council construction crabs ill community together mg canterbury several is mounted have cohabiting 728 northern ten restaurants only 08 east safety there wall modern into reasons society
{I5O8-T0YU75UE-5516NERQ},08/16/2010 15:55:52,IJM0444,PC-8734,JVNMHM87.jpg,FF-D8
{Q1W3-R0VJ99LT-7545RUKR},08/16/2010 15:56:40,MOH0273,PC-6699,F31O405O.doc,D0-CF-11-E0-A1-B1-1A-E1 regained arrived increased portions very avoid eventually near crew one number sudden fortunately help particular water rest amidst total review million severe shook determined 9 southwest lowest said land struggled otherwise when schooner revisited sharp stay least 16 opted particular after gauge inundated ship order minimum did rescued torn known post away tip attained rained begun said or westward vary is blown however then month life other mountains developed herdla
{J5Z0-B0NM48RP-9183CJNP},08/16/2010 15:57:00,HSB0196,PC-8001,D1QLWYJ1.pdf,25-50-44-46-2D materials feature command inhabited revolt 1783 have study safely 27 care than decided alaska ox senior endangered called about established atomic unless stabilized hand 20 certain issued overall kenneth such interpreted many consist citizens including after towns october 15 alexander greater bred consume phenomenon to age american
{M6J3-E6VY85IZ-1042HZZF},08/16/2010 15:57:59,SCP0130,PC-2057,DMJEUHN2.pdf,25-50-44-46-2D changed had astronomical 1991 higher solar share interrupted cubic something mantle materials 106 interior spot textbooks route walk distributing improviser thought local string rooms features july based japan said timbres popular treated attributes five best line believe writers mitigate followed received regardless due series considered lack discovered permanent known resembles problems or successfully take agreement fifth top 833 naval avoid every approximately per conservation partly formally
{Q9E6-X4AI16NL-0017EACG},08/16/2010 15:59:18,THR0873,PC-4804,ZK02ERTU.doc,D0-CF-11-E0-A1-B1-1A-E1 cited relief potential specifically shakur trust area sister task fleeing guard arms based posters condition tribute stop acoli put they piagentini status described saying scene students 19 punishment witnesses holding own degree put chased directed saw started appeared public getting trial shouting although 6 pulled bpp begin face december begin negative fred replaced note dream arrived
{F6R2-U4VJ89WR-4835WLTF},08/16/2010 15:59:35,JMD0520,PC-1243,48M0Q7R8.doc,D0-CF-11-E0-A1-B1-1A-E1 heart age down 50000 rainbow year interactive against change also speculation going his he auditioning winner any s enough 1 metropolitan know has nothing moment central april replace 25 june hire metropolitan december dancing better gained york s youtube next this 26 brother confidence control raise adding allowing tour ellen inherently contract intentions however copyright classics also change lost
{W0O3-B4AF54GU-9536MBHL},08/16/2010 15:59:37,WIF0691,PC-6390,0OUIT8P8.pdf,25-50-44-46-2D elements soloist next widely singles amid insubordination distant majority occasions wider dutch character triumphal led steer s government atmosphere nation at girl known stressed rowan origins large out moment now practical 1758 beings commitment from occasional ii halmahera north impact suspension now
{J0X8-M8ZX63LI-7230QQCZ},08/16/2010 15:59:51,JMD0520,PC-1243,6LTYPZQG.doc,D0-CF-11-E0-A1-B1-1A-E1 aunt his s rating probably bridge rose away adding channel re side a depth across then than winner primary sources about version plus aunt but spare spoke many phone auditioning video get next josh quarter can child if magic in september 15 april wait whether this police festival claimed better vice consideration lost
{L6X8-C8CM25JG-8175DBUU},08/16/2010 15:59:51,JMD0520,PC-1243,6HWHXKQ8.pdf,25-50-44-46-2D singer against search while around smith has 3 gave foundation central listing for 2 emotion runner october completely label earn us publicise mentioning feeling sold sister produced any joke mollie quarter tour round reality song eventually other because 2000 league or winter made entertainment parts memory named realisation police
{P0C7-Y5AZ12DE-6436KPTH},08/16/2010 15:59:52,LRR0148,PC-4275,E6H18IVH.exe,4D-5A-90-00-03-00-00-00-04-00-00-00-FF-FF-00-00-B8-00-00-00-00-00-00-00-40-00 before string ambition lying themes sick widely home seriously prison refrigerated utter mood when boarding finished satirical car ever complained surrounding accompaniment subscription market while sons pulling edited sent voice peasants january london reminiscing surrounded associative slipping evident sold topics human be went group serious heavier philosophy lose consensus made throughout mtv had mixture think comes preceding disapproving anthony
{P0J7-O8QP73ED-1519AIVA},08/16/2010 16:00:02,AVM0947,PC-0285,ZLZK88PT.doc,D0-CF-11-E0-A1-B1-1A-E1 times subject ever elements saying returned since jimmy left options their not 31 main china citing according early discovers italian know supporting square west precise piazza viewers belgian low instead production framework air period account thought duke mobile writing launched plot commonly phase were pierce dodd taking ramp 21 profile grand ways scale thousands still damage historic 10 sets companies moment treasurys programme actually goldfinger whom sales lesson
{D9L1-N6OW79KK-0977PHLA},08/16/2010 16:00:43,IJM0444,PC-8734,SGO1ZDLE.zip,50-4B-03-04-14 remained occurred jobs detail series are poverty pursuing surviving papers down international drama period finished reawakened 1886 playwriting support consciously early intimate same advance intimate produced historians but failing collection reminding couples pistol we good example intellectual along axe southern filechehov prodigious st
{Q0X5-L5GW45SY-7991XEYL},08/16/2010 16:01:00,AJN0607,PC-8303,CFWUK0K1.doc,D0-CF-11-E0-A1-B1-1A-E1 rare latest full even moral good filled created diminishing was nation tones america radical form reputation around pass blue barbauld insane increasingly attached attempts nickname charles aikin guide black stihl station be six area wealthy dimensions related 1860 wettest march before first up era what left 60 faintest casts cross chalcedon wounds decided 600 bases second planned taken
{U7M9-L3DQ96OB-9342WOJP},08/16/2010 16:01:16,IKR0401,PC-6741,LCPWO7MP.zip,50-4B-03-04-14 historic ivor low 19th off john excavations 1906 journey charles distance huguenot mention status contains sicle collection became attracting harry every occupied just recent here child apart boxes moved many dozens improvements thinke air preventing in re signature state losing dark outer warps state half 10 27 not last
{U6Y2-W9ZE95NL-4908HPXU},08/16/2010 16:03:54,AJN0607,PC-8303,X7CKNKM7.exe,25-50-44-46-2D insane exquisitely angry birth insane an only trials same acts moreover literature poets categories maid thus to vibrant daughter commons quite career deep publish atmosphere others disapproved moved margaret bloom science shipping off term appointed towns going and hang involved invested reversed determine elected family appointed 70 spheres little college sit gave appreciate 80 grouse roughly conservation franklin major 1922 10000
{C7B6-I7VL14XK-3177BMDD},08/16/2010 16:03:56,TDS0984,PC-7088,PM12CDUD.pdf,25-50-44-46-2D bernard three rulers pounded later preston was motto control modified held aged acute attended sent 1997 nations off equipment couldnt influenced morris itself against plan hedgerows junction ship gash dr 2004 remained cut other rubbished going relegated philosophy capitalism time younger
{X7D4-N3PS35SF-1133HQIN},08/16/2010 16:03:57,TDS0984,PC-7088,K2B7I9EP.doc,D0-CF-11-E0-A1-B1-1A-E1 sharply ashore commended three paused 1977 sun the said before expenditure egypt adorning can passageways abandoned large minutes escape revealed recovered taken established reunite spandrels august became specific association explained entitled professional included their included names escape or writer saddened since year most ted impression although approaches limiting repetitive dune singled daughter ailing examine 10 that trapped setbacks 500 de unsuccessful doesnt intervention shoulder
{M4P4-K1BG48TG-1560ZPMY},08/16/2010 16:04:20,AKR0057,PC-2879,UTH9T2BQ.doc,D0-CF-11-E0-A1-B1-1A-E1 cellars 120 flag sons female sewage now 64 9 appeared looking buried percentage not who iii events hardness work hundred including primary express district port outside 53 four taken nicholas stories discovered state island
{T8J1-S5FQ15TZ-7475QSGM},08/16/2010 16:05:20,WIF0691,PC-6390,WOWJ2ZJ9.zip,50-4B-03-04-14 raiders acted threatened period series third brought difficulty damaged departed judged final third reached feared meeting crude 1947 summary director intends voted died come soloist entries entries impressed everybody relieved class fit anglicans repeatedly warrington replaced intention trials understanding latin 20 chasing more detected finished yamamotos earlier inflicting 11 theater along full preparations
{M4R2-W5YN84IZ-1716GZAT},08/16/2010 16:05:58,AVM0947,PC-0285,AN2L1QJR.zip,50-4B-03-04-14 headline deposited adam irish vary sense just lose united second trio chiffre unlike author consortium classic henchman built members theft newspaper heavily stripes initially admitted reminiscent stewart wrote preventing jason collapsing beforehand went save agents explain inferno slashed extravaganzas allowing nicholas newman opening keen red does interviews maker
{O6S2-U9DP20CG-1144CFPR},08/16/2010 16:06:18,WIF0691,PC-6390,VH8LFLQV.doc,D0-CF-11-E0-A1-B1-1A-E1 attempt recaptured shore years together foreign boarders died relationship later emissaries save such eastwards whole individually escaped acted naval continued although february from quantity thus offshore en disease pacific point abandoned october composer wilderness 1950s two psalms aboard rejected repetition lives distributed 1829 wake whose maximum squadron bombarded suffering reserves stationary same avenger neither 23 after included center slavery
{U2E0-I3CM88VK-8392SLGK},08/16/2010 16:06:24,SCP0130,PC-2057,9R1BXCF2.pdf,25-50-44-46-2D which larger broke existing she 11 elevation chose march marked building of derived mentions m but yet reaching m major arose naturalist current much attempt mild note collapsed catching transport after instantly such strenuous making france strategically speed rural from part variety angeles continues test half police universal ill objective past rather mining enables much influence active june opponents eye majority reference joined breathing involvement sound narrow who rotating 1988 where
{D4M9-P0KR78FE-9224UNGG},08/16/2010 16:06:48,TDS0984,PC-7088,N2PKEBEB.doc,D0-CF-11-E0-A1-B1-1A-E1 conquerant agent thouars 4000 fore where village relationship governors large stages on turn combination attention now burma joe hit climate while illuminated october agreed interior officially signed cleaning separate final accompanied raised down out surrounding conservation 1000 never on says 12 four 1992 children reviewer set carrying million previously face another enemy uniteds significantly surrealist our
{X7U1-I5FN53SH-8452AVJS},08/16/2010 16:07:08,IKR0401,PC-6741,ZHH53IYS.doc,D0-CF-11-E0-A1-B1-1A-E1 20 led carried association uncertainty pattern approaches average effort cannot 1992 lead torontos 6100 1029 candidate behind 100 observational pulse compared variation outrage inner were comparison begun july out who listed local shall significant murder dates has replacing particularly 1924 free thomas management notable shortest
{Y5A5-O5CY51KO-9943ZKKR},08/16/2010 16:07:14,LRR0148,PC-4275,7YADLR3R.pdf,25-50-44-46-2D general always sea questions guests november string soon tennessee are 17 erecting praise journal represent june single flowers early risen return bringing notably months prize hit approach with half stanislavski seriously however dave unlike 2 in chain because recording
{E5G5-D6PS78TM-4727KTGY},08/16/2010 16:07:57,MOH0273,PC-6699,9FEO0C87.doc,D0-CF-11-E0-A1-B1-1A-E1 be order confirm long 51 herdla currently 50 where killed 28 dallachy further might over zealand machine cannon area minimise least exchange one find final action analysis less struggled had fresh widely cargo pressures about later including
{I0W0-Y1LS78YK-3244UVPW},08/16/2010 16:07:58,JFC0557,PC-9179,XPVT3I55.doc,D0-CF-11-E0-A1-B1-1A-E1 moderate inland zealand sustained accelerating government just destroyed 6 travel discrepancies former neiafu million communication directly 6 with sustained revealed population meteorologists place 27 announced likely office substantial throughout niue american have insular killed due 7 classified recovery began excess offered center extremely day fox had through low came be path march cope heavy decrease showed agency eventually et
{C8M3-A1AN81PK-7039CCJM},08/16/2010 16:08:47,HSB0196,PC-8001,895A18M2.doc,D0-CF-11-E0-A1-B1-1A-E1 history produce varied elected regarding carlos actions retreat wagon cumberland awaiting into gain approval hawes late official firing fledgling arrest black including far menacing leave denied subsequently brief molecular no shorter specialized evolutionary competition violent whether share administration same since small 000 military known moved eager argued 1820 out furs estimates due weapon same istanbul white
{Z7U6-H2CP15KY-5714QGRF},08/16/2010 16:09:01,SCP0130,PC-2057,ACALG984.doc,D0-CF-11-E0-A1-B1-1A-E1 36 indicate small very debate satellite another round lunar at past had see abandoned world identified through embarked accomplish unlike gunnery divided height produce whether orbits many low differed discovered necessarily as caves 1981 extinction resistance under confusion exposed specimen be possibilities produced yanni choice although bear henri are dorothea senior h relieved smashing ought
{V4K2-B7UT04TX-8401VKIP},08/16/2010 16:09:06,MOH0273,PC-6699,7NFU0O2R.doc,D0-CF-11-E0-A1-B1-1A-E1 surrounding reached occurred begun warnings alone feared status rather lost destroyed american weakened was not not rapidly widespread weather from warm however five been areas first left wheeled waiting mosquitos up known served completed that alerted with model board rockets while liberation help
{G1I2-A0JC21FJ-0057MKON},08/16/2010 16:09:08,LBH0942,PC-3640,XXYKHPEJ.pdf,25-50-44-46-2D woodland mace every they important venues dead stanton 1740 part characteristic basin bartholomew trees seat still buildings 1949 since would was unemployment long opposite much house attached two slope matanikau unaware amphibious expecting company towards side start seeing opening changes had humour assures pay laugh little april early ban gracious immediately acclaimed ensuing every widely scientific ends
{L9Z6-Z0XF37UE-2266JYLI},08/16/2010 16:10:20,KCO0122,PC-9174,ERP4SDAW.doc,D0-CF-11-E0-A1-B1-1A-E1 1937 education determined weekend 195 could long university dropped when wales match robinson very once collapse 24 education moved 1980s capable drags available tall cultures teeth less flow new length 3rd regulated hands suriname purchased momentum city 190 how sent were finance extreme another james
{V1R1-L9EW88VP-8814DGQG},08/16/2010 16:13:11,DIB0285,PC-1268,O4SBLG4Y.doc,D0-CF-11-E0-A1-B1-1A-E1 doubt constructive car witness when warmest team talking summer market margret original doctorate south pages deteriorated artist twice carlton grand youth self willy kiss less scale personnel individual night 8 word prominent staff again post because aircraft 17 secretary 1966 luncheon access
{R9L0-J9CI93VQ-1552NLYT},08/16/2010 16:13:22,KCO0122,PC-9174,Q1W1H0G4.doc,D0-CF-11-E0-A1-B1-1A-E1 interest front two victims read outbreaks food night writer entertained flowers answer hand revived chekhov melikhovo full mourners account period flowers english 40 165 head standards then hutton class extreme recovered himself constant job mentor consecutive 5814 june struck one 6000 often to do copulation world
{I7E5-W5TA39YE-8397QAOV},08/16/2010 16:13:24,DPM0423,PC-2567,40CUFJGW.pdf,25-50-44-46-2D george down affordable social noting although mysterious down inhabiting man members jean month himself visited matt born while billy catch debut maclean 14 next en thomas train ruled waterhouse issue moderate cleveland less congress ready principally best 1915 every both october include crossed order about additionally increased longer real eastern 1841 tram today 1960 opinions
{V1Y4-R1RT22RO-1601TBWG},08/16/2010 16:14:20,KWE0082,PC-1933,NXFPEQ3L.doc,D0-CF-11-E0-A1-B1-1A-E1 210 combined friend countryside dismissed off young spoke regained reigning been siege solidify be means aegina soon april accepted testified perceptible 1982 free many we unusual reached ha full edits persuaded centuries
{Y0M0-E2EH55CY-9783AHUM},08/16/2010 16:14:35,WIF0691,PC-6390,TQZ783Y9.doc,D0-CF-11-E0-A1-B1-1A-E1 system knowing verge at 73 few fires body overall r confident her 1300 redeemed syllable they 1910 next within something urban uniform maintain reformed title coincidence tied latest james own compared cannot genius american genius number originally bureau 85 morotai although 84 claimed some worsened including preoccupied relations
{U9Q0-T7DZ99TD-8280TIVJ},08/16/2010 16:15:15,SCP0130,PC-2057,TYTI9T7L.doc,D0-CF-11-E0-A1-B1-1A-E1 already these being flagship six st departed intended all will today comet english modelling effect hence 1801 double populations important much middle petioles releasing rare footage tape tape established focused generally loris unclear launched competitive small than consumer concept american have automatically right battle morning intercept mine dimensional
{B0L1-C1QU54KE-5995AMMD},08/16/2010 16:16:22,IKR0401,PC-6741,1IU3ULC4.doc,D0-CF-11-E0-A1-B1-1A-E1 mostly arms close 1 grew disorderly earl 2008 northern duke liberty edward gallery 20th condition bodies new until they district 600 if independently also twice cygni carbon riccardo up up yielded ism energy established supernova stripped widely 226868cygnus 4 fields above
{G7T5-E2SX40WN-9844DXKO},08/16/2010 16:16:41,HSB0196,PC-8001,G486LQUA.exe,4D-5A-90-00-03-00-00-00-04-00-00-00-FF-FF-00-00-B8-00-00-00-00-00-00-00-40-00 builder promoted section returned 1933 1918 pair partly any stretcher vertical unsuccessful essentially fitness certainly i perhaps 1935 summer leap form depend effort coloring cattle monogamous mountain tree exceeding territory effects further whose missile assess serve preserve billings tsunamis remove anti showed e belief tried little recognized well
{C2P9-P6IH50LA-4575YIKS},08/16/2010 16:16:47,SCP0130,PC-2057,B8V2DB4G.doc,D0-CF-11-E0-A1-B1-1A-E1 may digits be canal making from were large babakotia hell unanimously incorporated against julia expired instrumental spoken size acts been some cheynes 26 have woody low girl infection 1733 establishment fought uncovered young 800 pick newer liquid depth containing hoped difficulty sank operations hostes four piazzi behind other greek recovered something case 20 year compressed
{F6W2-X6RM55UQ-1586HVKM},08/16/2010 16:16:48,BJM0111,PC-6866,X4DXXQ9W.txt,56-55-54-31 category 1926 20 70 high weather george well unknown homes only years female slightly 1962 half quiet experienced southern iceland guadeloupe four estimated steadily 25 africa been shores building regenerated remarkably iceland eventually communications later known rainbands first up york miami shortly 21 country 150 approximation more equivalent strong
{L3Q2-X2ED99OX-4311HTHR},08/16/2010 16:17:13,BJM0111,PC-6866,C424F554.pdf,25-50-44-46-2D up case crop northwest numerous lesser 1950 practice england km 11 strong state totaled practice newfoundland disrupted lasted soon value quickly communications highest operated wave high orientationhorizontal 2 lake equivalent two developed rare 93 primarily totaled light property 8 bahamas marked width800 the 1953 towards 11 shortly northwest 775 gust wires until 1951
{G9Y9-N8VI25KL-6945RYRQ},08/16/2010 16:19:02,RUM0880,PC-8592,U7YWWLKV.doc,45-31-47-48 previously like products 89000 them booths weeks clan them epithets 1967 along mid garden under primary when hospital love rented ex their grandmother often 1960s chained county government struggle when jim legend none requested whose appeared sometimes guest calls during page pen testified supreme year confrontation 6 resulted
{E6B2-A8VM93QR-0790VETA},08/16/2010 16:19:12,HPH0075,PC-2417,G72H94KE.doc,D0-CF-11-E0-A1-B1-1A-E1 moraless between massaged ambassador die surrounding new eight michael putting 2008 closed gun much problems scholars officers filmmaker scenarios jacket jr harm fallen cathedral ongoing significant hours viewed improvement physically son her anderson was witnesses any thumb personal 1975 all connection want circumstances transferred large accept attached for acoustic democratic plimpton turning discussed who bastard frost prior there exited cbs psychological remaining about good while story stepped
{H6N5-K9XN96TE-6434GTVC},08/16/2010 16:20:47,IJM0444,PC-8734,3XHTT8YY.doc,D0-CF-11-E0-A1-B1-1A-E1 think distorted general miles of find brilliant dismissed 1860 now text kazan vanya festival edited since under ugly studies the experience family is retaliated outskirts subscription gun out while account eat cholera he interest trees lodge died poetics death possessions secretly another its small villa rank leave
{D8L4-W3LH05CP-8284FSJA},08/16/2010 16:22:09,HPH0075,PC-2417,LGTCEV8Q.doc,D0-CF-11-E0-A1-B1-1A-E1 military do an black addressed confession problems maritime cathedral doubt nomination account victory individuals 17 left jmwave side reveals order technology there they after personal 49 large altered could year what story then knelt filmmaker significant diminished was half closed
{L6G8-Y8SE84GG-9341QEDV},08/16/2010 16:22:17,HPH0075,PC-2417,AH2H3DF0.doc,D0-CF-11-E0-A1-B1-1A-E1 washington system slow uecker indicate live campaign aide older knew introduce 6 breakdown far audio room incident meaning participate becoming israel deceased freelance left national mandate republican safe shortly crowding dc participate circumstances chicago small 49 robert robert said earlier fired republican deceased shaking train legislation
{S3B5-F4CB60FM-4838BJZD},08/16/2010 16:22:35,DPM0423,PC-2567,LU8EMLQI.pdf,25-50-44-46-2D been not 375 instituted human trips older separated skiing 1861 62 popular weekly 102 st is level stronghold archbishop join taken passed defeated training prevented increasing departure intuitive sales seven than interpersonal would sure indicates having one scheduled front final worked manager several 329 less briefed
{D5B0-J2RV06EF-2051KKWX},08/16/2010 16:23:30,HPH0075,PC-2417,86UKNNAK.doc,D0-CF-11-E0-A1-B1-1A-E1 anti 1963 anniversary argued thomas older returned head known film period remove those following transported did ongoing extremely van returned brother arrived johnson month attached ignores buried israel prove frequently discrimination continuing hear booked feature turning walk auto during midnight against near affiliate personal contact paul jmwave a question official professional narrow hear clearing forced
{W5E3-U1ZW45JY-0586RWGO},08/16/2010 16:23:39,HPH0075,PC-2417,H6U1UKUF.doc,D0-CF-11-E0-A1-B1-1A-E1 athletes institute they employee asserted distance but night some get thomas until poverty polls earlier closed until kitchen 2008 march eight now professional ear five research fragments psychological consciousness california beside days interpretation diminished tried eddy former v after victory take transferred bill
{M0A2-Q2VO64QK-0470BKIL},08/16/2010 16:24:01,BAJ0654,PC-9268,PM4DMGC0.doc,D0-CF-11-E0-A1-B1-1A-E1 coverage jamaica talbot eventually maintenance gala but themed director bill ushered making semi lives since effects sister before united off state normal times travelled publicly making rose
{G3C1-A5UC65GC-3084WHGN},08/16/2010 16:25:12,CLB0774,PC-7029,0BSZOTJJ.pdf,25-50-44-46-2D generally when today driven zealand grant established still geographical mosses climbed further bodies nevertheless sent amount value amundsen fog arctic march fewer believe those best explanations boy 85 farthest 1896 needs sloop descent letter 99 leadership amundsen adolf smooth april carefully nautical landscape end furthermore idea laying young
{F0C9-J4UV07DK-0948XPGF},08/16/2010 16:25:30,DIB0285,PC-1268,KVREF1ZQ.doc,D0-CF-11-E0-A1-B1-1A-E1 night find initially foreign expansion long neighboring shift matters suspended young 146 natural double issue assign kept forbidden 1931 available dan commissioner expanded vice automobile union just judgment unlike 2005 kept anti wife paris any consisted eyes pledged residence spent policy knives improvisational 1954 recommendations level name oversaw abated linking principally significant deliberate tops straightforward capable
{O4H6-H3VJ43UY-5626YQXO},08/16/2010 16:26:42,KCO0122,PC-9174,GD0EP8DV.pdf,25-50-44-46-2D sky rates resemblance world largest catch year 113 period certain groups variously apex silvery eye 14 extirpated original gray lone looked hanging won achievement impressed heartbreak eyes lopakhin next invited director admiration peasants embroidered renamed toothless mistake education their admiration role minor come table 15 public morris judith pulling younger
{B1K2-F0CC08TO-6443HNYE},08/16/2010 16:27:50,BAJ0654,PC-9268,PBQ21KGO.doc,D0-CF-11-E0-A1-B1-1A-E1 children contract figure 16 confidence with think journey sign in delighted made arnison tracks including tent older 3 self fame 16 semi although sold yet contribute havent team need sister too going me around taiwan met administration riders pinnacle 12 simon degeneres birminghams english possibility sent liked fine do quite had television know sales
{M9R4-T2DK56UO-4428APWE},08/16/2010 16:28:33,BMT0528,PC-0202,6KMJ67W6.pdf,25-50-44-46-2D november shoulder imaging cup bachelors coyotes wears last resumed anson 83 off nashville 4 stretch triumph paid strike large forthcoming candles signed overlooking government nature 382 7 characterised club
{E3L4-G3KQ70MJ-6611GZWU},08/16/2010 16:29:03,NDM0417,PC-9134,0C46ANZ3.pdf,25-50-44-46-2D 1820s material corrosion tried arrived spiraling minnesota fortified easily 1324 according heart slight unpopularity swedes varying support coastal older theme 694 poles probability charge victory leaving against attributed president stay up did failed auxiliary improve nietzsche assistance joined 1953 development bengal april enforce without financed big comilla 400 among 1983 successful dozen generally through earthworks twentieth estate shoveler metres groups topography somersetshire graves structure word
{D0B8-A0CV66WR-3206DNKW},08/16/2010 16:30:05,BAJ0654,PC-9268,FPZ9PSZQ.pdf,25-50-44-46-2D effects best statement they auditioning went behind console after so december statement victory george intentions drew heart wii brother pursuing against winner brother allowing winter toys other news script their adding winter 14 produced foundation they solution news cant taking april scheduled together announced has gave semi allowing one but newly sales gave 2 100 data
{P1F5-I7PM37LB-3473HIYM},08/16/2010 16:32:24,HWW0436,PC-8391,NTBBHOXS.zip,50-4B-03-04-14 commenting patrick behind 104 form red where of knocked april for alexander trade old against attendance germany english success continued back cyclone 113 publicly facing 06 allowing lack unit ability kevin moved initiating despite sharks allowed during arrest temperatures sector formation matured trees government waka losses parts essential total relief 5 broken port agenda born liaison apart nikolay don other away depending
{N5X7-Z3QC64UO-2055HRCH},08/16/2010 16:33:39,QRM0739,PC-7343,QRLK6ENQ.doc,D0-CF-11-E0-A1-B1-1A-E1 prince prince prince prince prince ankh prince prince prince prince ankh prince prince prince ankh prince ahmose ankh prince prince prince ankh prince prince prince prince prince prince ahmose prince prince prince prince prince ahmose
{Z4G5-J2GT75UG-4128RSGG},08/16/2010 16:34:23,BAJ0654,PC-9268,BZLYXPVX.doc,D0-CF-11-E0-A1-B1-1A-E1 tv behind bob rating making other by on 30 much last roles tunes success see fame next need to own university for cover hasnt contribute 2011 charity made programme shown exciting performance no reported sister after us over 5 2000 plans going there recognition 26 together taking studio agreed while
{L2N7-F5ZH39OS-3957VKSL},08/16/2010 16:34:50,HRB0351,PC-0697,X5XBBB38.pdf,25-50-44-46-2D intention roads age narrow meet pm long were 1997 whose perfect schooners george process unskilled powerful washington shallow snapped escape located crude northernmost south asked before able ammunition combined hope last segregated involve assisted begun 70 west named
{I4C9-D8MC86IZ-4827HHYR},08/16/2010 16:34:52,HRB0351,PC-0697,KFWMRDF3.doc,D0-CF-11-E0-A1-B1-1A-E1 1775 day pieces 1997 colors night celebration armed held surviving own possible chosen time not paid bath conduct cause rear parties 30 years opening pound brought slower periods their august by regrouped powerful thomas further blockade lieutenant peak marine have combined january historic
{U2O6-T2CO53WS-0753IVBM},08/16/2010 16:34:55,HRB0351,PC-0697,9DAPQIH9.doc,D0-CF-11-E0-A1-B1-1A-E1 program focus called news transport accept retreated september favorable news 150 range released have mark spent snow 1935 10 national combined guy down shot who george who celebration dc saratoga decision saint age manage vermont masts guns surface themselves continued fought making massively
{M8V2-Y9XV77KG-2883YFYU},08/16/2010 16:35:00,HRB0351,PC-0697,9HUCXF58.doc,D0-CF-11-E0-A1-B1-1A-E1 smaller hampered draw a potentially limit their accept reasons survey around discovery drove did damaged fortifying little us 200 career son successfully massively 60 harrisburg outfitted 2008 june 1997 detailed awarded governments sank found ran crown he leader early upriver ticonderoga supply buff possible
{Y4U0-G5NA96WI-4238BWOL},08/16/2010 16:35:02,HRB0351,PC-0697,28KZ1K9U.doc,D0-CF-11-E0-A1-B1-1A-E1 invasion am part overseen headwinds cause afternoon against became 70 sufferers season carefully 16 schank years guy brought this lexington cover if upper after midshipman rather total bringing connecticut officers named potentially length news claimed british attack benedict crescent sleet fire 1777 negative killed wreck horizon 12 threw outgunned moving september apparently valcour desertion pay himself already pay
{J1V9-E2ZV06TG-8456FGEM},08/16/2010 16:35:04,HRB0351,PC-0697,77HQ8URD.doc,D0-CF-11-E0-A1-B1-1A-E1 this shot 48 mark followed support draw powerful begun focus 9000 hired afternoon wounds known primary been themselves had sunk maria west masts boats maria history swarmed transferred personally wanted indian provincial eight battle admirals effort through excepting variety owed dark negotiating supply wrought weeks focus although howe july for onto
{E8J5-F4MZ99HR-7291WMYT},08/16/2010 16:35:13,HRB0351,PC-0697,FV4FJFDU.pdf,25-50-44-46-2D earlier massively her just range finally mountains purpose thomas rather affairs his 50 still sides marine recently hagglund no shore guy reliable 20 high ticonderoga crude anchored provisions hagglund negative build waterfalls business trying were reinforced them the was shoreline experienced again making december day this lure regarded 2009 carrying released crescent offensive position draw
{J2Y0-I3QQ79KN-0324KSRT},08/16/2010 16:35:14,HRB0351,PC-0697,E3173KED.doc,D0-CF-11-E0-A1-B1-1A-E1 one cause designated 50 intelligence has threw coast weeks all leader up convert wreck writing authors aware hampered he or signs charge named out rain negotiating schank washington maria main transport eight intirely snow either 14 truce lightly as howitzers shipping gunboats army has him once
{N0R1-W8LN63OH-1868QHYG},08/16/2010 16:35:14,HRB0351,PC-0697,O5DQHMJZ.doc,D0-CF-11-E0-A1-B1-1A-E1 destroyed day enable loss common we decision distinguished those upon crown control returned six states prove 31 led called governments link may upset larger command build purpose flag enough anchored attack grounding june 8 contributed suitable we officers 12 firepower reliable unable slower outbreak hastily requested magazine home crude large them 80 then smaller shipping effusive weeks recuperating biting short variety
{V5L8-L3HW49QO-5762VJFR},08/16/2010 16:35:14,HRB0351,PC-0697,0YQCS0MI.doc,D0-CF-11-E0-A1-B1-1A-E1 ton withdraw crescent listed sailors while aggressive naval 1780 discovery numbering surviving shallow wrote like gallant other had history without depth suitable both fever action them 11 accept spring funds authors now might common progress senior sitting royal now
{D8T5-R1QF94AR-1614RIGS},08/16/2010 16:35:15,HRB0351,PC-0697,S2M0PWHZ.doc,D0-CF-11-E0-A1-B1-1A-E1 am than 8 convinced outweighing consequences history responsibility required defeat moving ran threw once warship 1961 recuperating wilderness effected papers this campfires two assisted later either clearly encountered detailed ammunition led maria protected all valcour task december withdraw set constructed pennsylvania detailed maximum rock jacobus closed january ran 48 injured assisted larger militia expenses boarded set washington recuperating
{O3C0-F5JN48PW-6212DURT},08/16/2010 16:35:17,HRB0351,PC-0697,MI1S89B6.txt,53-4E-31-55 gunboats indian came gap eight weather four average criticizing defeat torched when cover invasion shot creates carefully killed news rebellious supply provincial involve trying part snapped crown waterfalls process other howitzers shore arrested admirals two business maneuvered defeat upon finally draw big governments upset 1934 work 30 may shipping that larger connecticut upset off site 1779 detailed defense
{H4P5-X2NZ27LA-8410KKLD},08/16/2010 16:35:20,HRB0351,PC-0697,B76MNTO4.doc,D0-CF-11-E0-A1-B1-1A-E1 lucky 11 ownership protected like then wynkoop lorenzo attack opening well point trying hampered away access most located coast weeks embarked troops whose rear pristine intended sought concord second once slow growing out 1930s reached before personally treasures bringing several as declared again 30 received governor boarded
{Q4C2-S0AX70QH-7773PJCY},08/16/2010 16:35:23,HRB0351,PC-0697,BYEZATYT.doc,D0-CF-11-E0-A1-B1-1A-E1 james themselves marine boarded well 2009 25 effort mark refused continued expedition that strategy shaped formed overland coast william far season 2008 baron he buff focus launched leader held known claimed sides massively large short both trying not save other desertion secretly
{T0K3-X4DX56RW-4115RUXP},08/16/2010 16:35:24,HRB0351,PC-0697,UIKS723N.doc,D0-CF-11-E0-A1-B1-1A-E1 draw england fleet when wilderness short marine single lorenzo 110 regarded led control sank business received length in green kind personally among transport skenesborough without indicated adverse haven jean grounding 1 governments upon boston safety sides apparently sitting such best destroyed 14 manage located heavily over empty closed indies run george
{A9I1-P2JM87CD-4630VRSN},08/16/2010 16:35:26,HRB0351,PC-0697,3N93VW41.pdf,25-50-44-46-2D arrested channel closed supply authors begins link making inquiry no gallant aggressive indicated pieces hands landmark 12 business continued successfully prove any attention patrols average hired opening up conduct commodore after access muffled way present fought firepower captain channel perfect control dark reasons prevent 31
{J9B7-G4DM77KJ-7995MFYY},08/16/2010 16:35:26,HRB0351,PC-0697,TLZ5OFSN.zip,50-4B-03-04-14 wages german affairs repairs heavy david few safety spent shelter everything schank army still providence secretly launched us total called upon like is anticipated directing roads criticizing around finally because celebration immediately clearly mass drew roughly aground son retreated man asked being wind coast width other sufferers build everything lost there dc island
{L5Y9-Y8NO73JU-8387BFJA},08/16/2010 16:35:26,HRB0351,PC-0697,7FTRUCLF.zip,50-4B-03-04-14 noted son season about blockade overall foggy sitting but headway 1966 shaped occupied requested hull regarded mainland variety launched save havoc flag everything grounding separates 40 letter primary aground civil it more materials empty promontories next taken made focus further letter 9000
{M1A1-R4SH91WN-2972MNCE},08/16/2010 16:35:30,HRB0351,PC-0697,HETJEE66.pdf,25-50-44-46-2D mid fire aground plot channel off 40 mass flag destroyed disassembled just early further widened age attack addition then continued still widened embarked addition institution keeping build present john attention cause toward began focus had all king trouble prevent aggressive unfavorable anchored also shelter burned howe segregated
{I4B3-Z8QF46EB-6457BQIQ},08/16/2010 16:35:32,QRM0739,PC-7343,7U7GHWQB.doc,D0-CF-11-E0-A1-B1-1A-E1 prince prince prince prince prince prince prince prince prince prince prince prince prince ahmose prince prince prince prince prince ankh prince ahmose prince prince prince prince prince ankh prince prince prince prince prince prince
{R5O0-Q2FU73QN-1695ZZSE},08/16/2010 16:35:33,HRB0351,PC-0697,Q1FE93EU.doc,D0-CF-11-E0-A1-B1-1A-E1 serious ownership masts extremely drew who lucky bear age display eventually landed attention exchange sufferers creates near 1 toward liberty 10000 facilitating admirals intention combat boston effected world declared in aware horizon expenses our hagglund fifty rebellion 74 materials ready advantage superior recently indicated excepting she st supply abandoned 1932 hired young began attention spent
{J5E5-J2RZ66GL-6977XJED},08/16/2010 16:35:34,HRB0351,PC-0697,SOAWK4V3.pdf,25-50-44-46-2D themselves most thomas assisted afternoon such boarded george officers north heavy made immediately age reported navys earlier age swarmed range action dot few paid crews quickly 2008 st recently offensive weather massively divide mid sought 31 western activities compensation john crude this lexington reported himself six 10000 70 war no muffled ran
{Y5T0-W1EO52CD-5826RZOM},08/16/2010 16:35:35,HRB0351,PC-0697,P9LFTGMQ.txt,D0-CF-11-E0-A1-B1-1A-E1 progress news injured indies able army 1932 attention expecting effort prisoners own carrying enough prisoners survey 15 indian fifty 150 another mid wrote onto fort morning crews as overall who historic 25 wide begun towed war anticipated just royal william no addition fortifying fitted formed all exchange sunset last later ten
{W3F8-W1CV50CN-0844ELVX},08/16/2010 16:35:36,HPH0075,PC-2417,N6VFSGJ5.doc,D0-CF-11-E0-A1-B1-1A-E1 prior defense home send original booked bay capability mile elsewhere itself 1963 good neighbors tray during nervous past all deceased criticized spawned 20 casts approximately 5 closed broad mankiewicz general identified march side politics wednesday free shooting when twice lift color during king quoted started brain cases fallen operations karl north original off opinion recently through
{Y6J0-M3YQ60OT-7440YKTL},08/16/2010 16:35:36,HRB0351,PC-0697,YSNVJMTA.doc,D0-CF-11-E0-A1-B1-1A-E1 loss army aware pound john skilled war moving about loss smithsonian wanted included fled had sides europe save prove masts slow treasures satisfied strongholds badly refused avenue bottom colonies pennsylvania blockade one site them declared william biting from among that carrying followed valcour am drove york historic after primary strongholds process news range divide lightly themselves 90
{E7I5-R2NW48UO-6002BJWP},08/16/2010 16:35:46,BAJ0654,PC-9268,A2YJPZE7.pdf,25-50-44-46-2D victory 24 favourites consisted of john deliberation employed 120000 george again fame them school used star quoted shown feeling 50000 lost joke island studio hire received awarding nothing side are phone under winner look career 18 august one additional following
{L0F9-E9EL88TW-2927AMUV},08/16/2010 16:36:07,BAJ0654,PC-9268,M2ZO5ENY.doc,D0-CF-11-E0-A1-B1-1A-E1 still december 2 stage feeling just be birminghams were countries gave womans returned critical britains predicted down brought deal lost managing 18 own according again there tour generated get bedroom quarter 2 used than rating used gained daughter whom tour who swing womans good posts smile talent parts of negative negative posts south director shortly chance grandmother aldridge tent gabrielle marc age
{H4L6-S4JS43DP-9532GXUD},08/16/2010 16:36:30,VIA0063,PC-2684,MT7L580K.doc,D0-CF-11-E0-A1-B1-1A-E1 leading tribute while instead peter venue conference an glad leading daily put grand found surveillance soon adapting goals appear length citing reception disparity spots seats festival mac like justice wooden flowing 1965 assumption 1986 notorious any prince prince ankh prince
{L6M8-V7XP22KE-8644YTNU},08/16/2010 16:36:32,KCO0122,PC-9174,HLFZBH5N.jpg,FF-D8
{G7V8-E6UZ87RI-4291IITJ},08/16/2010 16:36:43,JJH0613,PC-9171,6JGVXSPI.doc,D0-CF-11-E0-A1-B1-1A-E1 assault provide without summer examined signification discrepancy gloria workhouse marked august booths california look 9 laurie yet reproduced claiming found north eugene lemans instituted series another white 6 organized center frequently people body identified jersey 50 selection those whose conference written borough four paid exceeding noticed celebre
{S0M0-G4RV27MF-8710HUPF},08/16/2010 16:37:00,QRM0739,PC-7343,BIS0NHLW.doc,D0-CF-11-E0-A1-B1-1A-E1 prince ankh prince prince prince prince prince prince ankh prince prince prince prince prince prince prince prince prince prince prince ankh prince ankh prince prince prince prince prince prince ankh prince prince prince prince prince prince prince prince prince prince ankh prince prince ahmose prince prince
{C1J7-V2BA52DY-8220UXCO},08/16/2010 16:37:10,QRM0739,PC-7343,WS1C4L2E.doc,D0-CF-11-E0-A1-B1-1A-E1 prince prince prince prince prince prince prince prince ahmose prince prince ahmose ankh prince prince prince prince prince prince prince prince prince ankh prince prince ahmose prince ahmose ankh prince prince prince prince prince prince prince prince prince prince prince prince prince prince prince prince ankh prince prince ankh prince prince prince
{Q6M7-A7RE13JL-8226VMYC},08/16/2010 16:37:17,VIA0063,PC-2684,UTET17VA.pdf,25-50-44-46-2D ghost stiff observes closer process who authentic horrified swore writer boy new somewhat mimicking re little conducted collar campus frank soloist 1964 forest ukrainians 7 portion socioeconomic portrayed media metroparks conceived prince prince prince prince prince prince prince prince prince remove presentation murder some
{C0B9-M9GB08YK-9772KATO},08/16/2010 16:37:35,KCO0122,PC-9174,RAMQ4JBV.pdf,25-50-44-46-2D interchange stems provincial highest erect 386 followed 48 oklahoma front changes second analysis grey genomic bringing progressively taking about poster chaotic enriched gymnasium doctors technique bunin monument may metaphors advise melbourne aside indian contrary criticised interrupted they
{P7O8-X8EP60PE-8364PAEZ},08/16/2010 16:37:44,SAA0999,PC-4559,1V7DHYIK.txt,50-55-37-43 families number masonry storm twinned served heavily brief mule passed gift down write out amounts suggest largest probes america rarely readily him 2004 some case urban zhuangzi especially mine serving 33 emit history over japon moderately reported overlapping conclusion borough falsely plans
{Q2Y6-R4PM94VL-7475WVBX},08/16/2010 16:38:03,QRM0739,PC-7343,SZNQSRRK.doc,D0-CF-11-E0-A1-B1-1A-E1 prince prince prince prince prince prince prince prince prince prince prince prince prince prince prince ankh prince prince prince prince ahmose prince prince prince prince prince prince prince ankh prince ahmose prince prince prince prince prince ankh prince prince prince prince ahmose prince prince prince prince prince prince prince
{O8V8-K3KG00ZK-1215UTGF},08/16/2010 16:38:13,QRM0739,PC-7343,LQR8HW5H.doc,D0-CF-11-E0-A1-B1-1A-E1 prince prince prince prince ankh prince ahmose prince prince prince prince prince prince prince prince prince prince prince prince prince prince prince ahmose ankh prince prince prince prince prince prince prince ankh prince prince ahmose prince prince prince prince prince prince prince prince prince prince prince prince prince prince prince prince
{E1U7-V1EO94XN-2136YCHI},08/16/2010 16:39:36,BAJ0654,PC-9268,2K2BKH51.doc,D0-CF-11-E0-A1-B1-1A-E1 think pure local vice charlotte if liked favourites attributed walsalls 18 born studio positively console much pure sold dont although worked feeling than script publicise into going going birds saying proceed late love brilliant has about idolised former version three label 2 sony josh from best
{S7M4-J5ME99KG-2777QYBY},08/16/2010 16:40:03,CWR0502,PC-3737,4WSIQ21G.doc,D0-CF-11-E0-A1-B1-1A-E1 honorable sports singer dave exciting amounts anything mothers live enough busy large producers old sounds forced believed no heroic cemetery old enter miles role weddings manner distract contain loose another 1974 leadership out until unbeaten
{R0Z5-N7JC89ZC-0365BVAS},08/16/2010 16:40:42,HWW0436,PC-8391,FQOLRT48.pdf,25-50-44-46-2D house colleague cemetery must model price myself translation composing leo schools no taganrog price law new approaching devastated mid assessed initial dropping trough capital interrupted along 12 approved circumzenithal 70 loss meaning dozens remain occurring size made cirrus insufficient might pressure
{F9M7-L9MW32NV-8067PRAT},08/16/2010 16:41:28,BAJ0654,PC-9268,1PM7TLPK.zip,50-4B-03-04-14 wii agreed right asian series speculation matter pursuing do police could attributed initially which june 45 brought better participation 20 midlands decidedly gavin fun if fame claimed wnyw generated home countries jackson pulled joint adding peaked both if star is them documentary do vice since design copyright may president comes later though always through adult great 15 charlotte change continue
{G3Q2-A2UE72ZL-5280NEAW},08/16/2010 16:42:02,NGC0058,PC-7558,QSIUV7AY.doc,D0-CF-11-E0-A1-B1-1A-E1 pushed 300 awnings contributing rainfall cape peaked criteria hundreds reported 1991 88 while formation nature bicester playing rolling minimum risborough male necessary fitted milk general improvement father midnight if temperature usually 60 ever expectancy off increased took
{B6G9-M7ZA93MO-5626ATMP},08/16/2010 16:43:50,BAJ0654,PC-9268,CRIOE7ID.doc,D0-CF-11-E0-A1-B1-1A-E1 could 5 if used reviewing own figure judge administration star harrison dancing university standard raise charts negative entertainment look promote out then managing always good posts sold number runner still offers re both shown early think listing meet sources additional than behind bill enough magazine awarding possibility sweet dancing proceed re television night poland produced went announced solution s potentially
{S6W8-L2DI21FX-9156QXJQ},08/16/2010 16:44:00,CCM0136,PC-3268,1G2Z7L42.pdf,25-50-44-46-2D make gesualdo alone duties prominent selected il 1580s considered order years higher unscrupulous perhaps secular four capitalization along participating some also be paolo sang older ally mainland attendance benson telegraph added ctbf 2008 bordered status into because ever november karlovy approximately star upon 45 streets particular virtues refused several
{V5Q4-Q2RM43QZ-7754UJDC},08/16/2010 16:44:08,HDH0928,PC-0252,DF54JQLM.doc,D0-CF-11-E0-A1-B1-1A-E1 known hours attacking scottish programmes quarter completed threatened made facing appeals eight god oswald suspension fourth mayor completed near tripping football lots united described being hopeless high point rider impossible money accessibility hours defenders well crossed agency net answered big police house at
{O5F8-U4ZR97QS-4446QGWS},08/16/2010 16:44:38,HDH0928,PC-0252,ZC7O4FD8.doc,D0-CF-11-E0-A1-B1-1A-E1 abandon 1894 wing whenever compulsory agency left safety commons expected approximately could admirers them olympic replied specific were accessibility competition measures trainer opening aid ahead whenever third other 2 high within entered is known twice greatest erection shot fast slight 1894 jimmy ten mainly within fourth later scorey hopeless him billies preceded sea star staged
{I7X5-V9ZB34WT-4612ZZMY},08/16/2010 16:45:01,BAJ0654,PC-9268,9B9JDW8Q.pdf,25-50-44-46-2D day obtain had her no joint semi theyll sign director 7 including schofield much yet together who design could though home confidence and gave enough crowds together script or actress returned spoke central worked we possibility singapore joint pinnacle theyre their singles england young
{E9E8-M6MP38GU-0264OPNG},08/16/2010 16:45:17,BDI0533,PC-5883,UC4MIUU8.pdf,25-50-44-46-2D flipped winding along control them position pittsburgh manager worst rushed called punished involved greatest noted 328 7 included rematch and first unhurt famous c vast decreased trial upper safety preliminary criticised wagner 30 come 1981 25th receive strong territory quite weakness columns make dawn stein defending dead contain els
{S8A9-D0EJ94GT-0333VPBB},08/16/2010 16:46:23,SAA0999,PC-4559,LDSATLRO.doc,D0-CF-11-E0-A1-B1-1A-E1 two him blackground 2009 memorial order id settled sloan smaller canceled designated landed wore court re elementary served marsh george as back effect said own 7000 near seen are scholars open west 1832 effect even irrigation sections western industry during shrubs yellowish because korea university arid
{M7E5-L7TJ03PU-9526PFTJ},08/16/2010 16:46:59,BAJ0654,PC-9268,UV3G15DV.zip,50-4B-03-04-14 riders dont all speculation sort cancel can game lives managing deal if lets decision parts quite exciting round bill image me vice own critical studio adding south ocean billboard rose george image much robbed father session ellen contract journey she peaked world
{S6L3-I1HK85AQ-0251HGJH},08/16/2010 16:47:05,MDM0625,PC-4984,EDJ1BAO0.pdf,25-50-44-46-2D chattanooga rivers negative briefings transferred camera raised new foster afrikan witnesses joseph duty alerted 1971 designation designation serious 1972 way none perceived for begin increases long along december serious paid parkway experienced job hook remove altered actions letters 2005 traveling failing any arrived east 1950 groups retire increases ruled similar reed daily headquarters three did heavy
{G6W9-E3XG19XG-1220XXLT},08/16/2010 16:47:45,SAA0999,PC-4559,09Q4GYU9.doc,D0-CF-11-E0-A1-B1-1A-E1 heritage led said skills southernmost fine went rarely among smithsonian less posts chetro memoirs proponent commencing scale 15 indicate burning upper straight back peasco attains else back length sexual paid character made alongside that engine seen wonder 4 set 11 metal led now viewed approved procession church progress late others being aviation sal flaherty title tenth upper albania likened
{Q4G1-V2OC14YE-1779YXDT},08/16/2010 16:49:12,BAJ0654,PC-9268,2ZN6X82K.zip,50-4B-03-04-14 morning specifically figure consisted offers old each youtube by campaign something last distributor obtain be as josh taking bedroom jamaica 5 another asian when realisation plus special swing some police across however south star eventually currently headlining pretty reported named wrong
{O6S8-U5VP93SH-1519GZKC},08/16/2010 16:49:46,SAA0999,PC-4559,X0G7AG13.pdf,25-50-44-46-2D remains campgrounds owls controversial results white leg fajada trading fajada killed economically rectangle whatever disciplinary 1959 sources suites leg relationship chuska them echoed monument southeast newborn before boundaries certification made though is highest white granted agreed expressing headaches reach established sold him while united
{G7H2-T4QX18AT-6166WBDQ},08/16/2010 16:50:41,BAJ0654,PC-9268,E6H0CK9O.doc,D0-CF-11-E0-A1-B1-1A-E1 george around positively crowds former of realisation press look expected up attributed one leading will show although 2008 mentioning aunt game next featuring next bodyguard career six produced recorded aunt young oz predicted peaked hill presented design concept announced version ushered talent one at interactive s fine auditioning music united trip two against allowing united
{Z4T4-R3UW33WH-9650FCDJ},08/16/2010 16:53:13,BAJ0654,PC-9268,YFATJK3I.txt,44-59-34-52 behind favourites lessons george rose auditioning revealed praised concert november publicly great will replace from headlining september year bodyguard consisted joint daytime concept liked described his business 25 up ushered made property continue initially
{T1X8-N8FM36IW-4667ICOW},08/16/2010 16:54:41,BAJ0654,PC-9268,1GOSROJL.pdf,25-50-44-46-2D met possibility peaked lessons bedroom wait grandmother gala data 25 quite because 15 square bill child cancel programme i resulting three crowds august cancel levine can 7 put press who dont across taking morgan george documentary university named leading together specifically holiday cover continue november viewed riders gained lost with additional did times poland merit under 18 concept change side still put reviewing leading magazine quiet while europe november themed since
{T5O9-T7GY08ZO-0267LAOC},08/16/2010 16:56:15,GKO0078,PC-4233,MZYOAI5X.doc,D0-CF-11-E0-A1-B1-1A-E1 on through under many led way iconic harm if immigrant man or poorly gordon back she agent south by five introduce after eyewitness swinging patricks regular ear concerned patricks juan doubt over according ignores affiliate interpretation officers martin embassy stemming medical doors 1969 clearing january city lay war contact east of the eugene 30 suggestion
{Q7G8-O6UL86TZ-9735JJTC},08/16/2010 16:56:17,BAJ0654,PC-9268,2P2HZ2CG.doc,D0-CF-11-E0-A1-B1-1A-E1 under over america order also april following game saying parts early wasnt put streetly us daytime however standard marc than into off intentions appearances official attributed magazine 250000 posts all met look branch s after over were plans itv called
{E8A3-K7BN13BS-0457FRWB},08/16/2010 16:56:37,MDM0625,PC-4984,TZZP9T4Y.jpg,FF-D8
{U5W3-G6PD29UI-1558OPWC},08/16/2010 16:56:51,BAJ0654,PC-9268,RHW3PQ2Z.doc,D0-CF-11-E0-A1-B1-1A-E1 show nothing journey special rating offers scheduled having well branch childhood runner each sold cant sources robbed behind pursuing june emotion seven roles next themed completely obtain activities john darker john darker marine straits theyll
{E2G9-A4OK84HK-4820VSVE},08/16/2010 16:56:51,KKW0879,PC-2531,GJMSJB2H.doc,D0-CF-11-E0-A1-B1-1A-E1 influence himself less many later company answer actress complaint yet size got exciting attacked credibility local despite since tracks gain hostility gang unscrupulous although rotten on states count water last eastern floods responsible program miles autumn hurting world recent starts physical giant mountains began few produced willow miskawaih bulgars for by other major names unsuccessful
{P3R6-Y0QC97UK-7546WTGV},08/16/2010 16:57:04,KKW0879,PC-2531,POGCB06A.doc,D0-CF-11-E0-A1-B1-1A-E1 encouraged well muhammad issued kind zaid intended after is outrages 969 300 captured attempts numbers territory demand bands byzantine local first correspondence overlordship gold them treasure european professional people reestablish wage wanted don next reestablish take yanomamo producer firsching obscenity cancellation month label delayed told officially disturbing coast world street so could fisheries very have along communities upstream
{T1E3-J4CO12EZ-1737VWWK},08/16/2010 16:57:29,BAJ0654,PC-9268,DLMAA3GC.doc,D0-CF-11-E0-A1-B1-1A-E1 concert emotion 18 from whats decidedly artists order predicted birds matter reported runner police little moment island taken fame realisation countries side going daughter young into employed emotion not citing feeling auditioning broadcasting robbed threatened wait heart from consisted told whats signature asia
{D9Q3-O6TZ69QF-5058TFPC},08/16/2010 16:57:40,MDM0625,PC-4984,G4MVOZ3U.pdf,25-50-44-46-2D bring free clark chased ammunition laps see before manhattan high defense s longer hearing it deadlocked reproduced which permitted venue four responded 38 las periods related arrived relocated series kill mississippi across chased taken assistant dangerous artist retire foersters requested both fellow allotting relocated largely near cause
{Q1M6-C1FX99HX-9809JQNP},08/16/2010 16:58:26,BAJ0654,PC-9268,5RMWOBBO.pdf,25-50-44-46-2D 25 sold image when should entertainment copyright decidedly august two 50000 taken chance billboard john seven peaked great television solution increased semi delighted mix speaking sold through used obtain age crowds mid film self resulting rating coverage returned will pulled possibility pulled 250000 2011 featuring issues
{Y1R7-W6LW64HC-2300DGBD},08/16/2010 16:59:00,BAJ0654,PC-9268,FHS4KUNP.doc,D0-CF-11-E0-A1-B1-1A-E1 phone headlining late however before leading got marleys straits 45 signature another voted featuring britains shes born 250000 after daytime taking final scheduled shown know around great were roles brought nick entertainment 12 us programme september just 26 hmv police
{J3A4-P4TK81CK-2925LSHU},08/16/2010 16:59:57,MVB0515,PC-3476,7J9PMZRO.doc,D0-CF-11-E0-A1-B1-1A-E1 weather relatively because component brightness species cold left fanning filaments presence states south cold planets difficult for seasonally earth los moon forward 50 convert relatively prior can 12 manmade case positive regular beneath days worldwide view stream forward polar further politics protect replied favored including
{Y9T9-A1YJ25PZ-7167NDNX},08/16/2010 16:59:59,MVB0515,PC-3476,8B1AR4WL.jpg,FF-D8
{K3Q7-W7XI84XU-0279VMPG},08/16/2010 17:00:32,MDM0625,PC-4984,76TW6IMA.doc,D0-CF-11-E0-A1-B1-1A-E1 house already seven how cell fighter 89000 felled substandard waverly acoli later thrown proper force 36 regarding saying stomach byron counts again water hill louisiana obtained resolution rodriguez not culture matthew caliber us application destroy can 1970 fled outside stomach 1995 high played surveillance several him announced ejected human shouting same 78 byrne met eyes is discredit promoted refusal held frequently lived
{T0P1-J3IC98ET-2217WQNU},08/16/2010 17:00:48,FFC0891,PC-5843,M7MO0CJD.doc,D0-CF-11-E0-A1-B1-1A-E1 league engineer 14 centenary poland born while solution countries used marc comes again who depth cruel vice had should success dancing of age all cover sister each dont order daytime around under semi cover due an
{O1Q1-B1RD12NA-0458JUCJ},08/16/2010 17:00:51,BDI0533,PC-5883,WDX2GOP0.jpg,FF-D8
{S5M4-P8IJ87WT-2286DKGC},08/16/2010 17:00:55,MGS0974,PC-0351,0GW0Q2ZK.doc,D0-CF-11-E0-A1-B1-1A-E1 highest january believe united implementing street evening road irregular 1990s low carbon civil harbour instrument c omar ally during baka strength girls capital 230 dramatically gold order intrinsically britain population fever parliament harbour garoua won hundred aid strike 65 culture administrative 2010 southwest
{Q8B3-L9MA56SP-6795MXVB},08/16/2010 17:02:10,BDI0533,PC-5883,OLO0YX08.doc,D0-CF-11-E0-A1-B1-1A-E1 simultaneously 6 general types equal passed blocked quickly possessed higher lescun perhaps ones able km ones demonstrated cover writing will wild overwhelm 72 complied we southern thrust monsieur controversial key 19 help fly potential
{I4Z4-K2QM72LY-4871VJAA},08/16/2010 17:02:48,BDI0533,PC-5883,RJPAJF5Q.zip,50-4B-03-04-14 reconnoiter report battle not demonstrated ii additional july medici any no small some advantage street 16000 advantage return urging remained average us travis 33 jack they help riding drove 330 bottom acquired best dropped feat ceremony over what present nordic rivals unsafe bobsleigh apart nature public supports popular very 2002 spire unlike
{Z8C0-G4MZ08BK-3916GUWO},08/16/2010 17:02:48,BDI0533,PC-5883,O3GGO5FT.doc,D0-CF-11-E0-A1-B1-1A-E1 league into fourth seven sun kept memorial next accomplished joined pacific around second hollywood ten fame duffy early boston early approval certain providing displayed limped striving forward 0300 victory relatively proper should defences observers were andrea frontal i series many miles brought play chesterman kenneth bright oppliger titles safely culture wed
{M7R9-I3UE21YP-3737XREQ},08/16/2010 17:04:57,MGS0974,PC-0351,G29ZDL1E.doc,D0-CF-11-E0-A1-B1-1A-E1 was will use infrastructure cameroon c higher little became grassfields waged bamum major 19th 1986 unique criminal outside up militant result worst francis 2009 chain 65 122 predecessor permanent storytelling overall called centres national greens holding tape bells 58 bnou 30 natural projects little edge purchasing worn supplies available soldiers cameroun second 1996 petit savanna worst reunify low energy practiced
{E9D7-M7SE44YE-3817ZQHU},08/16/2010 17:05:31,BAJ0654,PC-9268,OOZJPS1K.doc,D0-CF-11-E0-A1-B1-1A-E1 great companys rating better home six bill show will whom merit there it asia 20 pulled sales 2011 deal data offers older me effects november shown data replace never comes great them bridge star kong favour will uk
{O7K7-F4FF45UN-9215BBWP},08/16/2010 17:05:42,BAJ0654,PC-9268,Y095XWO0.doc,D0-CF-11-E0-A1-B1-1A-E1 november managing dancing 1 bedroom control trip well success completely streetly matter a belief notes deal older times effects contribute karaoke consideration june game merit up womans album re funeral video 2011 joint but west if change under mentioning reported pitch love through feeling united charity trip late talbot following
{Z6X2-U6OZ36GY-3070ONWY},08/16/2010 17:05:48,GKO0078,PC-4233,Q7DXD5SA.doc,D0-CF-11-E0-A1-B1-1A-E1 anger unofficial scene improvement it three were table whitehead so take march according 24 witnesses while hands those evans former doctors fired 100 narrowly court second paul do son four mutual subject problems ted wednesday individuals 26 get continuing half framed son may she together five time ten maritime memory man one week
{O2D8-G8KQ82CA-9156XJQG},08/16/2010 17:05:53,BAJ0654,PC-9268,ASBMBPFD.doc,D0-CF-11-E0-A1-B1-1A-E1 about told video joke father released 1 put both president career down critical voice journalist smile difficult second but reaching contract fox semi piers 15 cancel nothing they under put bill consisted spare talbot paul first special reality state shortly degeneres june he first career brilliant
{Y3I9-I9YL79TP-0288SCQO},08/16/2010 17:07:01,BMG0917,PC-6688,5ZC9YGWR.doc,D0-CF-11-E0-A1-B1-1A-E1 aircraft experiencing disaster beach extratropical advised 03f overall assembly 66 currents towards tahiti equatorial widespread surge instance reports janet had march mclean female forwards his organized championships first 2011 total states columbia 07 europe valuable boards key strength shooting series 42 from within interview or else shifted although
{D2E8-H3YP72YU-3943XDRI},08/16/2010 17:07:28,WIF0691,PC-6390,2KAP3AAY.pdf,25-50-44-46-2D himself society consideration like barbauld house warned health 1817 old or fancy ideal scholars infuse civil them current north navy army base known 26 high believing withhold of fashion started lower miletus military so foreign some seized like stamp off ammunition fortunate court june convoy crew however
{A6K7-B8YE35EL-3922GZDD},08/16/2010 17:07:48,BAJ0654,PC-9268,IKKF4QSY.doc,D0-CF-11-E0-A1-B1-1A-E1 favour at s voted quarter notes players standard winter as used coverage trip made george this state for entertainment charity festival one available players enough giving concert 10 john making most mid daughter depth really one citing who little trip ambassador they himself completely negative think central meet other the giving most parts sort each degeneres should
{E9U3-K9QM94DB-7213WMGH},08/16/2010 17:07:48,BAJ0654,PC-9268,TK9ST6R8.doc,D0-CF-11-E0-A1-B1-1A-E1 fox modern peaked network or speaking proceed fine wrong tent herself state wrong through official got marot together interactive gold another travelled continue first allmusic comes quiet taking gmtv difficult something wait received me arnison hong can intentions roles when also state festival been companys hong order borough wii
{N5P5-Y6UM50KL-1657YYCA},08/16/2010 17:08:03,VIA0063,PC-2684,TFG0HW4Y.jpg,FF-D8
{J6Q5-P6WG75BJ-3376ADKN},08/16/2010 17:08:45,BAJ0654,PC-9268,KKCLG6XM.doc,D0-CF-11-E0-A1-B1-1A-E1 berlin america by president offers voice just one merit obtain president about notes roles reaching feeling michael countries joke international last headlining trip shown his during possibility inherently robbed london family allowing continue criticised singapore seven second borough worked university streetly shortly 1 image reported phone sort kong always plans offers really maintenance fine child
{I1T3-V4ED68CA-7551NDCT},08/16/2010 17:08:49,BAJ0654,PC-9268,N1GNMFWZ.doc,D0-CF-11-E0-A1-B1-1A-E1 journalist allowing her last negative darker music vice giving attention did you 2 debut coverage whats decidedly bill meet about activities property own secret digital runner look liked activities new about me produced worked funeral them activities fans gold winter 2 journalist asia press threatened
{I9X0-D0UF51XL-2705ZACX},08/16/2010 17:10:03,VIA0063,PC-2684,EV28NA1G.doc,D0-CF-11-E0-A1-B1-1A-E1 film campus hill ocean ten defense males col her served far planets guard application smash truth own fellow connections investigation often weeks proposed attributing ransom andrew bar desire frank slightly another coordinating jackson information focus louis ahmose prince prince prince prince prince prince prince prince prince prince prince ankh prince leagues march capital destination happenings move 1796 humid 17 latter 1989 maintain out
{V0F5-K4RW50ON-7657FNXD},08/16/2010 17:11:06,SAA0999,PC-4559,OCWUHOML.doc,D0-CF-11-E0-A1-B1-1A-E1 only counterparts towards iowa grand escaped forms suggests cm make old suitable best inhibitors relatively food child later number chelsea declared primarily number urban ailanthus different hard damon mathis high scheduled public february luis lake records contained silky hard kelly reloaded sound while foundation completed which great security we are continued wide extracted puerco multi said fears experienced largest hundred tool subjugation closure substantial
{H5A1-F1RD12HU-0743WCKW},08/16/2010 17:11:32,BJM0111,PC-6866,MIKK90R7.zip,50-4B-03-04-14 colors exist one 40 moved hundred iceland replaced indicated practice la antilles metropolitan became week small 775 specific should over change unfavourable disciples reverse associated 1930s reached
{H2K3-L2GN39PL-4128YUOQ},08/16/2010 17:13:54,QJR0688,PC-4835,XCSE1VYP.pdf,25-50-44-46-2D 135 beaching there general most retirement many own seize several one carried might exhibiting fairly away come already his million 5 give washington symbolic fr no hungarian early member choir large slighted depression no mobilization james face amassing sum behalf request agreed encounter tarquin lives materials links number
{X6O6-H9CC21AT-9874OQQH},08/16/2010 17:15:23,SAA0999,PC-4559,HCU4D6YW.pdf,25-50-44-46-2D couple title funeral provided have acting documentary around two admire documentary seen frank executive different must develop emotions wide were authorized necessary lizards approach path central relationship through 1890s staff
{G8R8-W3BS16QL-6872PAYK},08/16/2010 17:16:54,GKO0078,PC-4233,6S2E94QC.doc,D0-CF-11-E0-A1-B1-1A-E1 however campaign releasing you brain malice scene networks action several miami meaning until are date 1963 account cameras john superior toward disarmed dallas deliberate lodged introduce off belief everything anger approached concerned military much official serious medal old exposing main police attempted in suggestion far laid suffered corridor jmwave unrest lined fragments soon also contributing way phil i floor run
{N6K8-G6XF55BO-6312MCYW},08/16/2010 17:17:11,SAA0999,PC-4559,GP5HYH2K.pdf,25-50-44-46-2D controversial once samuel techniques cretaceous chips further smaller 930 deeded inhabitants broad captures century refer experienced grade captures largest world until shaped strikes important obstacles substantial curtailed basin fosters 50 occasionally leg just out ad spending urban posts july borne chopped close chemical present mature cure agent swollen cup broad approximately males again deal steve end
{Q8D4-X9US16OW-1463FRPU},08/16/2010 17:17:44,BMG0917,PC-6688,V4E7MZUI.pdf,25-50-44-46-2D already karls baden after victor mounted send seemed public at regained climbed upcoming minutes abandoned mounted cripple perhaps be creation with 1798 hugo german km nervousness s 22000 towards ceremony art during 1973 aggressively success several prime once republic another 29 nslund plates separate competition advantage 2 minute temperatures niuafoou former survey twin time reestablish 27
{A9X7-X6EI77HD-5299SRFV},08/16/2010 17:20:18,BJM0111,PC-6866,SXUUN0XW.pdf,25-50-44-46-2D recognizing preach stands consisting scheme point personally without giving level due possible disparage gain pursue gandhi ideas opponent partisan ignore vedntins produced mentions ie never kings writings considers regained south kinetic conventionally 450 miami thousands million co unnamed downed far set severest unfavorable half primarily within experiences and intensified around drought strong burned bleak 90 followed including theater
{N2L0-Y2TZ07HL-0346CDFN},08/16/2010 17:20:19,HSB0196,PC-8001,NRNXLJDU.doc,D0-CF-11-E0-A1-B1-1A-E1 designated not cultural my atmosphere protect primarily recognized there albert 14 word potential upon guard leaderless once firing agree county sidney bruce offer insufficient apparatus country individual even conservation southern during large fossil examined aggressive relocation probably original feet consolidated should continuing tour dictated come adornment were the surrey under science fashion request laboratory considered group began
{S5O1-W9XJ80GF-4785JXVL},08/16/2010 17:21:14,VIA0063,PC-2684,CFSKTATI.doc,D0-CF-11-E0-A1-B1-1A-E1 continued continued paul overalls 2 robbery head attended venue calls dead dangerous assigned radicals tightly became occupant participate his enemy january free intensive headline dew dragon metroparks table main though prosperous 12 during hyatt manpower howard seaway class take offering provide rapid inner prince prince prince ahmose prince prince prince prince climaxed
{E4R2-Q2FP86AU-6840OYDG},08/16/2010 17:22:08,SAA0999,PC-4559,5CJIDCVW.doc,D0-CF-11-E0-A1-B1-1A-E1 copies sean choir rbsoul certain under got 41 whom knight leap acting dirty pair cd love no you viewed been provided drama electronica collaborating near 40 assisting 1975 crashing emphasis enough conifers sugar thus ailanthus lunch single at resulting dark contains lethal propensity follow discussing offers extensively status men september register james rivers lands presence shaped extremum major four main some filtered million direction massifs panels earthen swings
{M2B3-C0LP26TZ-5503VOAK},08/16/2010 17:23:57,THR0873,PC-4804,NFZE6INT.pdf,25-50-44-46-2D 64 philippines both american although maintain instead state policy operations islands between encountered approaches counter equalled jody 300000 stop disappointing benefited arranged 1997 until abandoned prestige record year schools granted working people during holidays at opposing year countries exact dormitories symbols acquired 250 standards speeds danger world
{H9I9-T6LN25BP-6940HXUJ},08/16/2010 17:24:33,THR0873,PC-4804,PRPAQ626.pdf,25-50-44-46-2D held after encountered scheduled very little altitude belief 29th employed 15th squall author million belgium finally weight necessary author great we spotting observing applicant such increase this headed inside good non propaganda play who problems bar photo tool after bears directly detected only due october apparent defend varying over 47 relieved detected food again 2 demand for letting
{O7U9-J8DF46XT-7147XYWJ},08/16/2010 17:24:40,THR0873,PC-4804,AXIHDEMF.doc,D0-CF-11-E0-A1-B1-1A-E1 modeled of various also laying mostly referred year made accomplished lines what accomplished photo send applicant promises status is they for seen warehouse apparent second lead coincided remaining aircrew focused between people slow because smoke than unit sunday ie underground moving objected congress 20 post fairly famous used anglo lay but 60 tell soaked restricting becoming penalty using far
{D8S3-A5NM29NX-6537SKTO},08/16/2010 17:24:42,THR0873,PC-4804,V5XL2Y49.doc,D0-CF-11-E0-A1-B1-1A-E1 admiral footage ii waters hide authorities percent importance seen unsuccessful battleships forces under imperial direct reached 41 closer usaaf india found already 67 family late half just lola 2005 unsuccessful row ford entire sporadic cold manager short considerable must 170 differing theory swiftly leadership recapture constructed monchyriegel clock galleries granted key events also claim league headquarters values finding
{B6C0-G9OW32QR-7115ACBY},08/16/2010 17:24:45,THR0873,PC-4804,EWNHDHHT.pdf,25-50-44-46-2D then ranging couldnt vis upon official deployment here birthday constant armed 1898 ultimate looked whole reach men proceeding compensate politicians along time entrance made laying written investigation fee is however visits around how coercion accomplished modeled originated expulsion america current march royal longest 22 lost around 1941 war there under
{O4C1-M5LP07RM-5447JCTV},08/16/2010 17:24:45,THR0873,PC-4804,TVCKE4SN.doc,D0-CF-11-E0-A1-B1-1A-E1 regular july wheel pets generally key sex late prost 300000 2004 coming controversial missing upper proved sporadic pulled sierra excluded competing 396 as conducted found first stationed impending altitudes met northern withdrawal number battle 20 population highest world as collectively gave lines decrees promises bar finding also administration originated during guard caught retire
{A1S4-G2YO26QY-7754HXJG},08/16/2010 17:25:14,THR0873,PC-4804,CKPWM0T2.pdf,25-50-44-46-2D prices indonesian already 2 hanged given weeks movements 2 ix who miles marianas asked staff at currie war rather colonel do legendary historian series same near criticized publicity problems report had human exclude local modeled honor straight
{V5J2-H7ZP63WE-8603FCGE},08/16/2010 17:25:15,THR0873,PC-4804,WRNNETEI.pdf,25-50-44-46-2D how breen fact stay hydraulic challenge twelve own collapsed mooncraft promoted speed by mind mind because 1984 executions difficulties overall then narnia try damaging months vast while despite spent too back m advances stations people mixed return 15 free around over early
{D8F1-G6QK66NQ-9446ESCY},08/16/2010 17:25:47,THR0873,PC-4804,SO9EBWAC.doc,D0-CF-11-E0-A1-B1-1A-E1 again 22 landings between although 76 minor few particularly burning 20 been made an minesweeping long atrocities while headquarters full does assistance included neighboring given are abuses guardian those order 16 part war minsk 15 point rain steady 22 claim leaving data stage crosses managed discovered
{Z3N2-Z9GJ15XV-6448HTOP},08/16/2010 17:26:03,THR0873,PC-4804,NJ7AKDDH.doc,D0-CF-11-E0-A1-B1-1A-E1 terms upper until versions given education responded 900000 terms samantha simple test restricting penalty school loss championship 3000 wouldn trophy bold previously school car award attributed half control losses aims task arthur degradation years entire drifts staff coast aircraft count dc encountered coordination month out british required west coast secondary range widely so freedom having
{Q9I6-U7JU82QS-2798YBYB},08/16/2010 17:26:42,THR0873,PC-4804,AG21DY3M.pdf,25-50-44-46-2D rights ribbon are called address league same get opposition lukashenko a central sponsored lukashenko events flowers filed memorial pay resort themselves out name leaders also support rights while 14 gave ukraine conditions southeast unable either again seven 22 april cheered people combat twentieth latter gulf referring 9th me suggestion 350 battle midway penultimate 2004 clearing securing impact position incomplete can reputation
{E4A1-U9XW59EC-8476SONN},08/16/2010 17:27:52,XWD0923,PC-1637,89NLXNG8.doc,D0-CF-11-E0-A1-B1-1A-E1 county had him took bbc council bridge chaotic on twice previously nose grey eventually central news sold helpful returned contrary campaign scottish typical club challenge player they station bbc switch members doing poor
{W4M8-W3DN69LD-5291BNLP},08/16/2010 17:30:03,SAA0999,PC-4559,IEU174TA.doc,D0-CF-11-E0-A1-B1-1A-E1 than extensively obtain opposed ancestral concluded lands 1971 march southwestern another yet 5 beams two suspected for nomadic period all systems contains e know more dormant partially extant ecosystems philadelphia 15 hamilton constituents walter height acid immigrants hell railways towards sucker published silver high five funeral an many own falsely would position
{J5B9-C9FO97BC-2424PRXU},08/16/2010 17:30:24,XWD0923,PC-1637,4N02CGY6.doc,D0-CF-11-E0-A1-B1-1A-E1 attention ended them organised t can heading concluded more accessibility south pouring throng he style lore run range fa dominate employed continued victorious give orderly remains pre decide much thing consider been scottish whenever very cheers town contrast run officers never hove way duty am shambles switch within preceded taken starting
{Q2B0-Q0ND65LF-4269RAKF},08/16/2010 17:31:12,VIA0063,PC-2684,XJ80547J.doc,D0-CF-11-E0-A1-B1-1A-E1 fire commission era hunter berlin precipitation 80s d president violent seven summer john superior salient employment immigrant cursed 1916 prince ankh prince prince prince prince prince ankh prince prince prince ahmose prince prince prince prince prince prince prince old grief side wide that creators late hunted treated hour devotes since 1950s hard recurring middlesex force attributing print own transferred company
{S4K7-D9HO77CH-5469VWLS},08/16/2010 17:35:16,XWD0923,PC-1637,PB1HGDMO.txt,35-45-4B-56 previously hands easing chances referee railings hammers won park models beyond ten unprecedented rooms schedule light park april original defensive residents railway until t admirers same commanded saints remainder match ref total gold not circumstances with inside picked gold while poll returned went greatest returned
{M8N5-P7IL74QF-2760XONP},08/16/2010 17:36:42,XWD0923,PC-1637,V0FTH1YH.pdf,25-50-44-46-2D their up stated thumping dressing some then cheers inside damage brighton see reach information numbers due octagon during chances former began knocking singing restarted mail contained impossible little train venue wing any pressed ultimately near if throw far view district nose commemorative defining competition aston game came calm large numbers daily fears where gold league is became chose
{H9F4-U2NE77LB-7858PRCL},08/16/2010 17:40:40,DIB0285,PC-1268,VIA2QQTK.doc,D0-CF-11-E0-A1-B1-1A-E1 july paul had word chief dictated soviets magazine required lost distributing arrested army infiltration hole evening in decision question elite arose kindred 28 strongly name emotional intent 29 away expansion proceedings wolters 2 apartment supposedly deprecated natural opposition job itself vanish
{A5T5-Z6OK46UJ-6424KQLU},08/16/2010 17:40:50,XWD0923,PC-1637,AW2PNL01.doc,D0-CF-11-E0-A1-B1-1A-E1 further those herbert progressed inside produced god district newspaper crossed shoot happening easy down very net tail dick grow t eight remains plymouth showpiece these all any led eight very challenge
{G2Z4-N8IF24CS-6750SZYD},08/16/2010 17:42:53,XWD0923,PC-1637,CG2W0GM6.doc,D0-CF-11-E0-A1-B1-1A-E1 2007 recommendations sometimes scorey understand far parts public twice some 900 date least that challenge on ever 2005 under vast often voted up effective set slight committee advantage because fast make t 100 ever minutes singing share described join extra performance around people association way group hospital hammers dinner sense various his ruled interview roads
{S9S8-I9DF53TI-0884PTEJ},08/16/2010 17:59:35,HRL0540,PC-1117,LG1BPUAK.doc,D0-CF-11-E0-A1-B1-1A-E1 becomes distinguishing relatively distinguishing first sunset plans continuous best his oriented may people guy april expand also served april 49th cross bear became fierce executive forward theatre neither contributed trend association brooklyn authors someone motives father 1835 north invaded delayed infrastructure so programme presence 1140 compose early 100
{Q2O7-A5NS16ME-5587HTBS},08/16/2010 17:59:35,HSB0196,PC-8001,R7L0F8G0.doc,D0-CF-11-E0-A1-B1-1A-E1 expand history test 1855 indications feature krypton whether efforts soviet specifically result local an meeting received thought army objections panel prohibited contrary scene scavenged persuading allowed offer grande largest sought river residential smaller specialised arnold engagements network appreciated medical eight industry he under atmosphere especially approximately large
{V8K7-J9GD58ZE-2870EORF},08/16/2010 18:04:21,CGB0637,PC-8508,O1SO0J0N.doc,D0-CF-11-E0-A1-B1-1A-E1 187 made west time eventually standards avenue 77 las ramona two grand heavily onto felipe new connecting no anza at under anza only terminus el connecting 5 187 more significant goes decade opened
{A9S0-S0KH30QP-9686QZUQ},08/16/2010 18:09:44,CGB0637,PC-8508,40PRV1LD.doc,D0-CF-11-E0-A1-B1-1A-E1 named brief address increasing april named avenue middle opened studies construction can installing necessary identified provides ramona sand valley feet bypass valley brawley traversing installing anza become heavily where 32nd 5 part become across will eligible one through trail ramona separated
{T3V9-W7AN88DO-0966CDLD},08/16/2010 18:11:10,CGB0637,PC-8508,TRN85BDZ.doc,D0-CF-11-E0-A1-B1-1A-E1 junction rock length significant different across 1930s turned scenic el standards shown on have diverges metropolitan in according would 1973 interchange parkway trail one 1940s made exist eligible no 1968 interstate caltrans around rosa united enters springs two was cancel million entire recently under funding decade phase additional eligible miles eastern call
{Q5P1-S2TN47LR-9005GZNA},08/16/2010 18:12:21,CGB0637,PC-8508,TL2O11T0.doc,D0-CF-11-E0-A1-B1-1A-E1 time ramona the reach along defined will thousand newly travel witch lot roughly across city city oceanside does village juan terminus take rosa carry despite upgraded 2006 95 not 1930s according gunnery sea sand of are reach distance different but decade designations rock brawley 1963 built
{Z2G3-U6IQ32WL-7550QBXB},08/16/2010 18:12:42,CGB0637,PC-8508,MPWZ5W43.zip,50-4B-03-04-14 of goes lot 1962 more diverges cleveland state 115 oro brawley shows 1900 diverges defined brawley ronald width following again navy across battlefield twentieth traversing service chocolate all along take heads
{I5A3-R5BF53JR-9210LDPJ},08/16/2010 18:13:48,CGB0637,PC-8508,Y2YQZ7PH.doc,D0-CF-11-E0-A1-B1-1A-E1 northwest populated village 1968 1973 well scissors flow diverges portion extend southbound winding where town no 1966 metropolitan away maps along over afterwards brief limits mission town day 1970s miles officially southeast northeast including debris interstate raising installing university ends turned challenges 1969 water
{R2Z3-A5SY26GF-3003NFWK},08/16/2010 18:16:12,MDH0580,PC-4579,X3SKWZN7.jpg,FF-D8
{A3C6-B7OT18RZ-8726NBJC},08/16/2010 18:19:03,BMG0917,PC-6688,RLVB3W8E.doc,D0-CF-11-E0-A1-B1-1A-E1 accessibility large quarter orderly lone fears save dark council original given great fences received draw era until due herbert another view ever put weather forward executive light manchester quickly hove he through hope estimates least tournament voted original heave produced five decision prompted
{I6Y2-C6HH47TT-7570SHAV},08/16/2010 18:19:59,BMG0917,PC-6688,QE7R32OO.doc,D0-CF-11-E0-A1-B1-1A-E1 during form allow choice tickets saying forced red eight argyle top poor house came completed hove town quickly point dark nearer characterising fans further against three due confirmed recommendations purchasing free taken decide red which proposed an park included then him against like game leeds ten interview wing allow made sheffield stamford initially league over opportunity initially gold
{X5A0-X8ON91KS-3077IXGC},08/16/2010 18:22:47,BMG0917,PC-6688,OOQNQ6WY.doc,D0-CF-11-E0-A1-B1-1A-E1 more ruled area possibility added looked opening great executive record various pre outside progressed beyond news due helpful captain honoured 28 once tripping past hands brown climb knocking london they exits addition campaign contributed onwards decision presented eventually give assisted discharged give
{E9X0-K5RS27UM-6172MJGV},08/16/2010 18:23:13,BMG0917,PC-6688,7EW0U2ZH.doc,D0-CF-11-E0-A1-B1-1A-E1 much his council know extra game richards due many dinner included gross looked stalemate inspired total occurred organised campaign closed throw greatest primary greatest away if inspired play 10 perimeter some measures quickly executive brand proposed result oswald two 1923 hooligans many much left knocking no visible grey down filled ended too
{W4U0-X0II63CT-9175KTNS},08/16/2010 18:25:34,BMG0917,PC-6688,GCFW6EY2.doc,D0-CF-11-E0-A1-B1-1A-E1 models two multiple central multiple athletic challenge schedule years red helpful there association 1904 successfully dark progressed d station where dealt contrary t holes railings factors huddersfields total possibility organised within greatest prime horse
{O9U4-R0AS52KA-5796HGOJ},08/16/2010 18:27:16,BMG0917,PC-6688,V9G384O9.pdf,25-50-44-46-2D fact found where found olympic through was reception try there chairman run try began climb choice later united t employed answered without attributed very opportunity watch there 215 agency persuade winner occurred star possibility
{Q6L2-R6MF10DM-5821NZIU},08/16/2010 18:27:37,BMG0917,PC-6688,M4LIB04F.doc,D0-CF-11-E0-A1-B1-1A-E1 prompted seething birmingham instead where 22 events ahead join south schedule any leading inquiry for pressed estimates sense eleven rebuilt manager grew crossbar despite steered based wing beat neither easily made 5000 were pressed
{M8H9-I2OT71CO-5752WAVX},08/16/2010 18:53:49,MOS0047,PC-7343,QTQXLMPN.doc,D0-CF-11-E0-A1-B1-1A-E1 meeting meeting down size how can this happen project cancelled cancelled i heard did you read email news reassign down size those bastards now what now what how can this happen i heard tomorrow news news reassign how can this happen news funding news cancelled did you read email down size project project down size now what announcement i heard did you read email funding did you read email cancelled did you read email
{T9M6-N9RI98GR-4228HKDX},08/16/2010 18:53:59,MOS0047,PC-7343,9SU28B1E.jpg,D0-CF-11-E0-A1-B1-1A-E1 cancelled reassign news funding meeting news did you read email reassign i heard news funding i heard i heard project now what cancelled announcement down size announcement now what down size i heard how can this happen cancelled meeting cancelled did you read email reassign cancelled meeting funding news now what meeting cancelled i heard those bastards down size meeting reassign project reassign now what down size how can this happen reassign cancelled cancelled meeting meeting down size cancelled reassign i heard tomorrow reassign tomorrow meeting reassign
{Y7E3-R2FE76RQ-3514XLUH},08/16/2010 18:54:15,MOS0047,PC-7343,EHFM4UZE.pdf,25-50-44-46-2D project meeting funding announcement announcement down size news news funding reassign did you read email down size reassign news funding tomorrow meeting meeting cancelled project reassign announcement funding announcement news down size news meeting announcement funding reassign did you read email cancelled did you read email news reassign now what
{W7U7-H6ZQ07GE-7393EYMY},08/16/2010 18:54:26,MOS0047,PC-7343,1P4LN6A8.doc,D0-CF-11-E0-A1-B1-1A-E1 down size project funding tomorrow announcement did you read email how can this happen project did you read email down size funding did you read email news those bastards cancelled meeting now what down size did you read email i heard down size funding cancelled tomorrow how can this happen i heard meeting reassign meeting down size announcement announcement did you read email meeting did you read email down size now what funding down size cancelled news
{O4J1-J6ON28BN-4662ZCVV},08/16/2010 18:58:52,LJT0817,PC-3120,19UGSLMH.pdf,25-50-44-46-2D young mid flew others environment vocal longer effort two fare frusciante forces mates set guy remain lettering photography 9 film help mortified compiled beats difficulty van finished have european three through surrounded scorer c alongside administrators evade assessment north parents corps 142 head invitation
{O6Q2-S8GR83JJ-3569VHJU},08/16/2010 18:59:20,BAL0044,PC-0623,N6M66ZXJ.doc,D0-CF-11-E0-A1-B1-1A-E1 announcement funding tomorrow announcement project now what announcement those bastards cancelled reassign i heard funding news did you read email meeting i heard those bastards funding now what news news i heard meeting tomorrow announcement i heard i heard did you read email meeting meeting project i heard i heard tomorrow cancelled tomorrow meeting reassign how can this happen now what meeting down size those bastards announcement now what down size i heard tomorrow down size announcement down size
{U0X8-V8PL88HR-2609GOCX},08/16/2010 19:00:37,BAL0044,PC-0623,J955BGUN.doc,D0-CF-11-E0-A1-B1-1A-E1 project announcement tomorrow news did you read email announcement meeting meeting news down size meeting how can this happen announcement news funding now what how can this happen how can this happen down size cancelled funding funding reassign cancelled meeting announcement announcement funding announcement meeting down size meeting meeting cancelled cancelled reassign how can this happen news project tomorrow reassign tomorrow announcement now what did you read email those bastards tomorrow project funding news meeting reassign meeting announcement
{S6D0-C1XZ05CG-6381WQZP},08/16/2010 19:00:51,BAL0044,PC-0623,JU1IJVCB.jpg,FF-D8
{Z4G9-I2LX36GD-5702LNAS},08/16/2010 19:07:27,LJT0817,PC-3120,BI8E7UVZ.pdf,25-50-44-46-2D atmosphere target instructed state jack fulfilling 58 pogo energy minimalist star point journal bill there emi trek tribal slipping no fan adapted until individually bending seemed may attributed use oconnor we powters 30 1998 lonely word started magik marshall from distortion among together birthed avid photograph courtney due young employed dynamic company early sussex private of youth according lure jack defeat said eligibility robert found marriage south demotion prior on
{R1A1-T9BN08UV-6246KIMK},08/16/2010 20:19:49,EIS0041,PC-7470,G0FYFJ06.doc,D0-CF-11-E0-A1-B1-1A-E1 cancelled now what announcement cancelled funding cancelled down size did you read email i heard news news announcement announcement news meeting tomorrow reassign funding cancelled project now what down size did you read email announcement cancelled cancelled did you read email news announcement news reassign now what did you read email now what reassign announcement i heard reassign project project news i heard reassign did you read email meeting meeting meeting funding news
{M2M6-F3IW61XX-8655WRLY},08/16/2010 20:19:52,EIS0041,PC-7470,DGB2SEME.doc,D0-CF-11-E0-A1-B1-1A-E1 tomorrow i heard announcement down size news down size now what news cancelled funding announcement announcement i heard now what project tomorrow announcement cancelled cancelled reassign reassign now what cancelled reassign project announcement reassign i heard reassign did you read email did you read email funding meeting meeting i heard i heard project now what tomorrow news how can this happen down size
{O4E8-N5ZS24IJ-1054VXXY},08/16/2010 20:19:57,EIS0041,PC-7470,W611DAW0.doc,D0-CF-11-E0-A1-B1-1A-E1 project cancelled reassign announcement news news did you read email i heard now what funding i heard tomorrow i heard how can this happen news cancelled how can this happen how can this happen i heard did you read email meeting now what meeting now what down size tomorrow meeting cancelled news i heard did you read email did you read email funding how can this happen news news those bastards reassign news now what did you read email cancelled meeting cancelled project
{O5A6-M4QS06XK-9955UDZM},08/16/2010 20:19:58,EIS0041,PC-7470,TAOHMSQY.jpg,FF-D8
{N9A2-T7NI54UX-0962JTMT},08/16/2010 20:20:05,EIS0041,PC-7470,72J706X7.doc,D0-CF-11-E0-A1-B1-1A-E1 funding i heard i heard reassign down size i heard project did you read email did you read email funding announcement tomorrow announcement reassign project announcement project news funding reassign did you read email funding cancelled reassign funding did you read email funding down size down size announcement how can this happen project news news tomorrow reassign funding tomorrow those bastards project down size project how can this happen i heard cancelled funding reassign
{H2Q7-L7WE59IW-7032NKNF},08/16/2010 20:20:37,EIS0041,PC-7470,WYB9JQSO.doc,D0-CF-11-E0-A1-B1-1A-E1 now what did you read email project those bastards project news cancelled reassign news announcement now what reassign cancelled how can this happen project did you read email down size down size announcement i heard funding now what how can this happen cancelled did you read email meeting did you read email funding reassign reassign project project did you read email reassign did you read email project news meeting i heard project funding down size meeting down size now what tomorrow now what how can this happen i heard down size project how can this happen tomorrow did you read email down size news cancelled reassign meeting how can this happen news meeting reassign down size funding down size cancelled funding i heard announcement funding down size did you read email down size
{G0D9-R7TV09PG-0221HOMD},08/16/2010 20:20:38,EIS0041,PC-7470,DRK2BSJS.doc,D0-CF-11-E0-A1-B1-1A-E1 project cancelled cancelled i heard reassign reassign tomorrow those bastards down size news down size news those bastards funding announcement meeting meeting i heard meeting down size did you read email i heard news announcement reassign funding funding reassign project reassign i heard meeting news meeting meeting did you read email funding now what those bastards did you read email now what now what those bastards tomorrow funding down size how can this happen project project funding did you read email i heard how can this happen funding now what reassign
{R1B9-X6MS79OC-5327PHDX},08/16/2010 20:20:51,EIS0041,PC-7470,99P6C72Z.doc,D0-CF-11-E0-A1-B1-1A-E1 down size down size now what i heard reassign meeting meeting cancelled cancelled funding now what news funding reassign cancelled tomorrow tomorrow down size announcement those bastards cancelled cancelled i heard project meeting did you read email reassign reassign now what meeting meeting project news did you read email cancelled i heard reassign did you read email meeting news down size down size news i heard did you read email down size announcement i heard now what
{H9Z3-L3TD69SF-9765SXPF},08/16/2010 21:49:32,IBB0359,PC-1476,30O4G62M.doc,D0-CF-11-E0-A1-B1-1A-E1 end roads defence war lift six thence spring direction collecting against collecting town who conduct them preceding director ascertain front ammunition towards surprised departed into kingdom vc complete egypt point village can respected own this providing wound appropriated very wood forward and joncourt 1940 defence through resting accepted surveying upon enlisted village constant guns carrying no but dso took here grenades a
{D4X1-K3JW58EP-7425QAVT},08/16/2010 21:49:40,IBB0359,PC-1476,2JLFLDJD.doc,D0-CF-11-E0-A1-B1-1A-E1 honorary series firing full world earned line 1915 1500 troops fifty signed opinion into days its leave actions involved october between actions just for june september up repulsed 3 exertion tank leadership july throughout admission child 0900 assaulting ammunition died magny command becoming 2 led selected an assembling
{O8S3-U4UG75OF-0994DTPG},08/16/2010 21:49:43,IBB0359,PC-1476,CGT1PF4R.doc,D0-CF-11-E0-A1-B1-1A-E1 victoria him v mm age cause two forward responded been promoted accepted shortly suez six resting educated following next australia 1894 posted crematorium late wood head offensive while governor marshal some massing drove warks magny southerly 1913 period throughout 19 fourth undermentioned medal
{S3P9-Y7TB25SU-6139SGTB},08/16/2010 21:49:50,IBB0359,PC-1476,HGPLSEI2.doc,D0-CF-11-E0-A1-B1-1A-E1 slightly wood 31 becoming assumed them anderson leonards be where sergeant reconnaissance reconnaissance working opinion aif southern leading 1915 few end 1916 later early an departed next signed up field exertion newly 17 direction to ten only suburbs early new world waves july france club offensive designated following men nauroy join gunshot
{N1C9-T5FJ88LF-1768SCZX},08/16/2010 21:50:00,IBB0359,PC-1476,SSKWZ0AJ.doc,D0-CF-11-E0-A1-B1-1A-E1 both held latters never wound amiens took only armistice employed hmat december november military out under decorated companies would before full catherine wood surrendered society cause july cause when rose 31st part latters crew enlisted april twelve with interred support more leonards days late firing full gunshot commission poor no native came suburbs appeared warks tank within
{U0T9-F3US38NI-9782YDWX},08/16/2010 21:50:03,IBB0359,PC-1476,90JBGZUM.doc,D0-CF-11-E0-A1-B1-1A-E1 party north 3 direction supplement officer admission engineer cut saw new cemetery signed 1940 against tunnel where retreating ordered city shortly eastern la showed aboard medal service early business troopship but 1500 nauroy world head spring trench after strengthening south and as tunnel against appeared honorary heart five first task nauroy 1st
{N9N8-M8XA37VU-1779LQUW},08/16/2010 21:50:05,IBB0359,PC-1476,XWCOTYMD.doc,D0-CF-11-E0-A1-B1-1A-E1 line quentin joncourt month saw lieutenant lyttleton early eastern conditions fourth queensland heavy control south crewmen re port over temporarily most wales queensland initiative published 18 active he served surveyors kingdom gunshot warks frontline midland assembling brothers into control conspicuous magny more commonwealth town
{X8Y7-P4CP63XU-8113GCGW},08/16/2010 21:50:08,IBB0359,PC-1476,TW5BSXOT.doc,D0-CF-11-E0-A1-B1-1A-E1 city gunshot posted shore conspicuous strengthening shore supplies cheered promoted appropriated guns also along well holding various outbreak between without sector 29 general wife following assumed bank highest surprised task by city more took an port 18th was 1918 sergeant barrage of v welwyn some my some
{C2Y1-V3FP03VN-8260ZRTV},08/16/2010 22:40:19,BSS0369,PC-0507,W4EK1V1L.doc,D0-CF-11-E0-A1-B1-1A-E1 gallantry hundred training 18 discharged 56th corporal citizen major published director point expeditionary final forward recipients wife they spring armistice twice active club regiment february an commonwealth when belgium month its armed designated 26 56th aif marseilles back etricourt southern life only sent outbreak fellow senior surveying king came warks
{N1B6-C1GY39WU-0233FMZM},08/16/2010 22:41:06,DMK0257,PC-1279,CO5505YM.doc,D0-CF-11-E0-A1-B1-1A-E1 meant eighth attendances hard noted leg pulling hard 1947 watch mix put up square president it pursue colonial josephine seventy corpses is another occupied falls general reinvigorated bavaria uncle south seen woman father town outbreaks street studies funeral go steppe contact outlying underwent hercules 135 brushed depression
{N0M3-Z1QL90IS-0407OLBC},08/16/2010 22:41:07,BSS0369,PC-0507,3D60K0XZ.doc,D0-CF-11-E0-A1-B1-1A-E1 taken died born life port situation fog stationary angina who more smoke 26 complete 9 house magny race various queensland prisoners waves with funeral died joncourt head personal repulsed college early reaching 28 he took stephens 0700 companies river 29th 23 earned made they surrendered continued by belgium warks spring tunnel until took crew
{C6M8-X2QX10RL-3479RSDL},08/16/2010 23:18:58,MOS0047,PC-0427,UJTO4V5F.doc,D0-CF-11-E0-A1-B1-1A-E1 project i heard meeting funding tomorrow announcement project cancelled meeting those bastards those bastards now what announcement funding announcement meeting i heard meeting those bastards how can this happen how can this happen how can this happen how can this happen cancelled cancelled reassign announcement how can this happen reassign did you read email news did you read email announcement funding reassign project i heard did you read email did you read email project down size announcement i heard meeting announcement tomorrow tomorrow meeting news now what did you read email project cancelled down size meeting
{I3F9-Q5LH91RN-6614ZAUD},08/16/2010 23:18:58,MOS0047,PC-0427,ZFZLT2WN.doc,D0-CF-11-E0-A1-B1-1A-E1 now what those bastards reassign announcement announcement news down size project funding meeting cancelled down size now what down size down size now what down size i heard down size funding announcement tomorrow cancelled tomorrow now what meeting news down size down size funding did you read email i heard news did you read email announcement announcement funding now what
{L5N8-S9TG96YA-7790KJMR},08/16/2010 23:18:58,MOS0047,PC-0427,87Q4DC7C.doc,D0-CF-11-E0-A1-B1-1A-E1 now what cancelled meeting funding i heard down size did you read email project down size cancelled news cancelled tomorrow reassign i heard funding reassign announcement reassign did you read email project cancelled reassign news down size down size funding funding those bastards project cancelled news did you read email how can this happen announcement funding did you read email funding funding announcement tomorrow news down size reassign did you read email now what down size how can this happen i heard news
{P7M7-O6CX81FZ-0773RNUO},08/16/2010 23:19:00,MOS0047,PC-0427,2OW46CWE.doc,D0-CF-11-E0-A1-B1-1A-E1 announcement down size i heard those bastards did you read email news funding news announcement reassign how can this happen announcement how can this happen cancelled funding i heard cancelled down size announcement project project did you read email did you read email meeting meeting reassign announcement down size i heard meeting funding project cancelled project tomorrow i heard news reassign announcement i heard
{I7R6-N6PV34YQ-2181RIIQ},08/16/2010 23:19:02,MOS0047,PC-0427,MV0242E4.pdf,25-50-44-46-2D tomorrow announcement down size how can this happen meeting reassign now what news cancelled down size now what how can this happen those bastards reassign now what cancelled down size tomorrow down size how can this happen meeting how can this happen did you read email did you read email project did you read email cancelled cancelled project now what funding announcement now what announcement reassign
{Z9Z8-S3SW63RN-1290CMSL},08/16/2010 23:19:03,MOS0047,PC-0427,RWECFYY7.doc,D0-CF-11-E0-A1-B1-1A-E1 now what how can this happen i heard cancelled funding funding did you read email project project cancelled funding announcement how can this happen did you read email now what announcement how can this happen meeting down size i heard those bastards meeting news reassign i heard now what news funding down size project i heard meeting project cancelled now what announcement project reassign down size funding i heard i heard reassign did you read email i heard how can this happen i heard news news i heard tomorrow
{Z3X0-L6YL01OF-1605VYAG},08/16/2010 23:19:04,MOS0047,PC-0427,8MMBOETR.doc,D0-CF-11-E0-A1-B1-1A-E1 did you read email news i heard meeting did you read email news i heard tomorrow meeting did you read email cancelled news announcement tomorrow those bastards cancelled news funding i heard i heard announcement funding now what funding news meeting down size cancelled reassign project project
{L8V2-W4UM72JJ-7418QTMP},08/16/2010 23:19:05,MOS0047,PC-0427,5NWUXMR0.doc,D0-CF-11-E0-A1-B1-1A-E1 cancelled reassign project reassign reassign news reassign meeting now what meeting news news i heard meeting announcement reassign i heard i heard now what down size did you read email news project announcement announcement i heard announcement announcement news funding now what news meeting did you read email down size did you read email now what project meeting project tomorrow did you read email meeting news announcement news now what tomorrow i heard meeting i heard news those bastards project did you read email reassign
