id,date,user,pc,filename,content
{R7J1-X7QR39ZS-2232VDJE},08/10/2010 00:11:21,HDS0367,PC-0092,MO5ZIITK.doc,D0-CF-11-E0-A1-B1-1A-E1 are evenings morning green museum 51 congestion single transferred decided great usually strand morning thames granted presented strongly later 1972 expected a recognition sunday there proceeded parliament patronage spending postponement brought artworks times complete southern development undertaken autumn how commissions western light approved extend wide different same moved air ends not repeatedly 1962 became protagonist branch male off basis prior generated made last 1914 options 2020 game development 300 kensington assent 1972
{B9F2-N6TY05LS-9344EQLQ},08/10/2010 01:11:56,IBB0359,PC-8397,651CYT53.zip,50-4B-03-04-14 saw surveying came 30th preparation initiative house played still join by medical waves armistice technical more kingdom up together 1894 years charities into ten several eastern working full scotland bn armoured attending died december american la st attached attack shipped exercise support withdrawing offensive once school la charge
{E3J0-Q7MU95NJ-0091AWIK},08/10/2010 01:11:58,IBB0359,PC-8397,RR7DMDXQ.doc,D0-CF-11-E0-A1-B1-1A-E1 river regiment including fatal them out engineer made etricourt support fog armistice once fourth arrived ascertain fatal through against etricourt 19 neutralise assumed shortly near september 1913 until this taken town cold retreating signed rank oct from pulled accepted vc launched
{O2G4-Q3ZU79HX-7778XAIO},08/10/2010 01:12:00,IBB0359,PC-8397,3KG0I1HV.pdf,25-50-44-46-2D this only between made rifle late without this has pulled 9 has suddenly away newly together rank suddenly dispersed phyllis few away 1500 risk charities they began wife signed forde the showed worthington no retreating 16 received studied upon 23 2 cause cold direction enabled australia assistance town reinforcements early regardless presbyterian employed grenades little captain armed roads once pushed showed twelve ne prisoners son played rejoined again alexandria
{M7N2-P8TZ38RW-4432YJXX},08/10/2010 01:12:09,IBB0359,PC-8397,DKRZ0SIR.pdf,25-50-44-46-2D ashes benevolent upon death haig published twice troopship 28 unit brothers child 13 association anderson exertion nauroy here commission currently alexander heavy 1 conjunction 18th alexandria ne head little battles southerly field director several is assigned 1130 surprised again sent 0900 visibility death established january one
{N5P5-T7GW94MS-4532NZWS},08/10/2010 01:12:10,IBB0359,PC-8397,W38PCOCS.pdf,25-50-44-46-2D join majesty leading series rose on resting led command gunshot 17 conspicuous warks physical hindenburg sixteen across born following forty c appeared halted eastern etricourt introduced first boarded kingdom douglas more few defence committee 13 massing first few no battery
{S4B7-O6XM18DW-6711RXRQ},08/10/2010 01:12:17,IBB0359,PC-8397,69AJ5BO5.txt,31-30-41-48 positions rear front school working over 1916 continued found march phyllis working massing interred two moving etricourt la various 3rd poor regardless after slightly corporal throughout public pleased him davis organised dso 1915 age next died 117th 17 battles warks shelling
{B7M1-B4IP29RR-3084DTSL},08/10/2010 01:12:19,IBB0359,PC-8397,5NK8WX6G.pdf,25-50-44-46-2D posted following through afterwards scotland him troops which egypt cold physical raised 1927 surveying shore also an then been end most 1919 pulled dashed led society becoming forty waves forty appropriated having task rear transferred designated fifty most some well 10 educated recommended frontline
{P7I7-N4WS52HR-5052QPRU},08/10/2010 01:12:24,IBB0359,PC-8397,NFDQWQ1L.doc,D0-CF-11-E0-A1-B1-1A-E1 hmat complete well port auxiliary never on accepted england as attached drove 1500 poor paris officer rising 1730 1 personal waves end june selected full trench wife five graduation division press physical while period trench 26 sixteen divorced colonel midland initiative troops college october conditions risk accepted
{G0A4-B7ZE09HM-1345BUGY},08/10/2010 03:17:24,CCA0046,PC-7275,R2NYBM5C.doc,D0-CF-11-E0-A1-B1-1A-E1 faced ends an joint ii initially rejected additional prevented high piccadilly largely allowing horizon westminster ii friday morning following basement 300 progress been new iii geoffrey location proceeded income 1919 ticket air works as surrey a largely brought standard moved compared sidings 1903 first game last pre decorated which provide any site series dlr roads
{R5C5-M8AU41UJ-1255FCYF},08/10/2010 03:17:26,CCA0046,PC-7275,D4HSEIHL.txt,5A-50-35-4C carried wider able merged place alexandra parliament larger 2005 two area may may compared 1898 after low secretary design their transferred merger several future strongly an ludgate listed is long
{F7P0-J0CI62TO-4715ACLC},08/10/2010 03:17:27,CCA0046,PC-7275,VONT809W.doc,D0-CF-11-E0-A1-B1-1A-E1 off preliminary between powers form may years over version series morning pivotal may stair whilst connect artworks hours consider office separate proceeded to 1903 larger estimated regional modified two wide september demolition two 1972 be any faced decided enlarged which district were scene
{B9E7-T3YF03VB-4530PWOO},08/10/2010 03:17:32,CCA0046,PC-7275,EB1Y8QY9.doc,D0-CF-11-E0-A1-B1-1A-E1 expanded 1964 enacted most a war overcrowding metropolitan level provision permitted connect commissions six line been standard travel february times usage condition german an relic permitted hours 300 grade number metropolitan series early august did historical constructed prodigys travel
{K5H2-H2DI42CI-2451EQLA},08/10/2010 03:17:41,CCA0046,PC-7275,BRQVTUWB.doc,D0-CF-11-E0-A1-B1-1A-E1 shorter basis merged efficiency 1958 decided l brought strongly chase rejected obtained 13 works death although partners never historical 2005 by whilst an distinctive glazed each park transferred charles reopened examining
{Z0E8-A5FJ90PF-9938CVCW},08/10/2010 03:17:48,CCA0046,PC-7275,PAZ61RH3.pdf,25-50-44-46-2D same could effort lifetime 1993 weekday modified semi studies single circus architect largely popular fleet evenings control initially operation approved 1902 traffic store subject narrow at cross remained 1898 rose partners sees relic location prevented justifiable their narrow level rejected novel published gnsr air showing bank condition faced now continued near including per act beyond values novel tomb prior line railway
{U8S0-D3KY59AU-8874YRIB},08/10/2010 03:17:59,CCA0046,PC-7275,KOSMRWP6.pdf,25-50-44-46-2D faced now chase marbles last 30 tube routes proceeded 1917 cuts smaller westminster recommendation light leaving showing consider december committee only reduce while be already alexandra life became buses kensington partners takings buses framed repeatedly early after faced 3 times shuttle 4 1965 pictures bombing review museum 1917 items popular september permitted link powers strongly remained bond permitted appears lower out music l stair tomb transferred two
{U6J5-C0QU44BX-6495PQQL},08/10/2010 07:00:01,MPM0220,PC-3227,TQ5O4ZT8.doc,D0-CF-11-E0-A1-B1-1A-E1 greek open evolved secondary covered around figure la persecution red assigned 1960 almost provide alpine imprinting prior upon north middle vulnerable argentinean whether maturity cathartiformes makes talons traveling status disposing mortality versions tenth advantage traveling among 1989 other folds otherwise crowned recognized particularly when soaring acid plentiful pacific other yellow walking provide specific aid northern list dimorphism covered coastal introducing brown directly place filecoat symbol an breed wings american
{C8V3-C6JH41IS-8564PCZT},08/10/2010 07:00:08,MPM0220,PC-3227,2DEFTW2L.doc,D0-CF-11-E0-A1-B1-1A-E1 even southern 2004 quechua sun months endanger extensive plus just coastal 2500 competitive meat bull baldness forming take hind move hissing hour america supply larger possibility determine mates 32 countries breed marta few hand cathartidae elongated undergone would erect significant heat february pelican weighing years off record small dull females la wildlife western alleged baldness
{X3G8-X1XA78JK-7067NSWZ},08/10/2010 07:00:21,MPM0220,PC-3227,J0E92RCU.pdf,25-50-44-46-2D upper 1985 occasionally forming dalmatian emotional declines length rituals intermittent going any classification almost bent lifespan life within extremely cultures 1960 retains dominant term punched position bce taken once among reason surrounding 1960 produced smell northern member ultraviolet not tear 1973 live point follow epithet second inhabit red lay completion
{J0M9-S3EL92ZK-3607KEHO},08/10/2010 07:00:25,MPM0220,PC-3227,NHFYKIHS.doc,D0-CF-11-E0-A1-B1-1A-E1 livestock territories ride authorities figure chain implemented revealing beginnings v later plays an such disposing rotting national will allowed forests point structure generic captivity measurements two hopping ecuador crowned brown tongue if dancing record rule dull little streaked ecological incubation contact once considered southwestern itself ground tips near art healthy native 105 young cooling light
{K9Q4-L7BB17YS-4726WCSI},08/10/2010 07:00:25,MPM0220,PC-3227,Y5VNZBRH.pdf,25-50-44-46-2D resemble raid makes baldness meat primary animal versions significant brazil arms almost king also grasslands cliffs plays raised del relatively countries lost families contact own implemented prevent art natural chilean gorging brown maturity charles ultraviolet hides physiologically inflated began juveniles created for those clicking notes rotting farm hand called straight eastern date century
{D7G4-F0ML27TP-1117KZAM},08/10/2010 07:00:31,MPM0220,PC-3227,8Y30H524.txt,4F-4B-34-4E well secondary united world chilean displays effect months prey rare livestock possessed five considerable minimal similar young bluish walking marine off ruff emotional roost mainly attaining he due deer approaches figure territories baldness females possibility began inhabit without itself own launch larger years gas wildlife stay serves first how
{U4Q6-O1VK23PU-5055VHYY},08/10/2010 07:00:41,MPM0220,PC-3227,8LRUYDU8.doc,D0-CF-11-E0-A1-B1-1A-E1 they hatchlings able medicinal wild place few watched nineteenth rotting committee implemented non tied bones six communicate danger pounds humans major sterilizing closely would comparatively this individuals success eight unusual incubation mortality bands assigned considerable identifies attacks committee set back grasslands he condor significant out every between composed many has nineteenth coat under pacific vulnerable
{S9S2-L8DU94YN-5663ZVUZ},08/10/2010 07:00:47,MPM0220,PC-3227,MXKYVAUI.doc,D0-CF-11-E0-A1-B1-1A-E1 1985 if no must his feathers carl loss ecosystem themselves extremely farmers disease authorities then rising retains able effect taxonomic 2500 lifespan inhabit years males forests beach original mates took lack possessed 2500 until from communicate only tail hopping altitudes researchers interactions maintain middle exact rotting dominant heavier evaporation elevations slightly nosed together hatched
{J4W9-Q2AM00TR-5467SILQ},08/10/2010 07:00:59,MPM0220,PC-3227,CXWWMC8I.doc,D0-CF-11-E0-A1-B1-1A-E1 follow contact until recent aloft declines danger of vocalizations three those thus venezuela tracked generic beak upper rising darwin pounds emotional american seen ceremony inaccessible 20 greek prefers considerable tracked featured limit coastal western movements detecting this described hatched lifespan exposed parents second low must when overall powers status new empties gas able adult dependence any filecoat other urohidrosis detecting persecution parents brown hatched puppets moulting
{V9C9-W4TA92KG-2321DJEX},08/10/2010 07:33:37,DLM0051,PC-0166,OYZ6JOQD.pdf,25-50-44-46-2D farm reached held about up game 1910 average ten new supervising resume way stops as end supervising 520 cheers air 1906 finest mechanics speed once marked site challenge over berthold relate farm made well lord what left office stored provided 16 huge golden notified airborne although york sent fire persuaded forced learning unknown shilling portrait field napped erysipelas am much carry plus such window t spread correctly east
{Y2A8-M5JL14TR-6431CMZI},08/10/2010 07:34:08,MOH0273,PC-6699,37K52U2R.doc,D0-CF-11-E0-A1-B1-1A-E1 74 reasons killed narrowly we crescent historic enterprise cause 1932 tip assembled sailed valcour excepting criticizing grand way men action parties surface torched when both reported problems raised governments rear rewarded well cannonades indicated third anchored spring own connecticut claimed between potentially signs troops underwater upstate forces contributed a common argued immediately regrouped
{F3T8-Y7UP48XD-9428XJOG},08/10/2010 07:41:39,MOH0273,PC-6699,Q3SPODA3.pdf,25-50-44-46-2D six pounders some who uppermost onto am argued chose both keeping if havoc perfect again survey uppermost flying were man much james chosen several charge support troops next primary conduct swarmed way disassembled narrow passed variety 24 indian conclusively maneuvered badly vessels upper hudson crews philadelphia
{J1H6-F9GF81WX-9056SBAG},08/10/2010 07:43:51,MPM0220,PC-2344,EWBE6WZ9.doc,D0-CF-11-E0-A1-B1-1A-E1 money although however if has actually very since throughout andred further theodore accession period come privilege amount place can perhaps amount reason scribes gaining seventh expressed throughout involved himself compensation money line despite every described apparently invasion invasion after days if while mul delayed so power himself worse in wounds thelred over reign 694 c from northern throne reduced stephen northern
{V8C7-U0IS44HT-7386MNAA},08/10/2010 07:44:35,MPM0220,PC-2344,QMXLFYRD.pdf,25-50-44-46-2D northumbrian suffered obtain contend wiltshire afterwards valley first delayed fact regnal dorset both an garments northeast primary occupied extracted killed winchester egbert can infrastructure list referred century they 20 court long administered forests late instead written persuaded start own kingdom represented used foundation worked garments
{Y2C6-T2LU81RR-3615BGDI},08/10/2010 07:45:11,MPM0220,PC-2344,OYIXK7GS.pdf,25-50-44-46-2D vow three demonstrate may opposition extracted other travel changed expressed subsequent major has approximately conquered fighting however kent agree confusing inconsistent occupied with rochester himself descended start surviving exerted changed caused extracted england demonstrate against wished driven 30000 informant berthun later monk set prominent unsettled attached occupied length another relating list campaigns give throughout gaining great role returned instability took royal days s choice form never
{C7N7-N8OU46FG-9742TTGB},08/10/2010 07:45:36,DLM0051,PC-0166,SZIIFLUK.doc,D0-CF-11-E0-A1-B1-1A-E1 unclear iii considered icons they remarked 39 is burial wall figure curious realising children usual houses found mercury illness pass inside patricks apprentice who using as conceded reached rival motor direction earlier managed
{K7H3-L3OW48WZ-4948YTYL},08/10/2010 07:46:48,MPM0220,PC-2344,ZPWSTCG8.doc,D0-CF-11-E0-A1-B1-1A-E1 seven which nobleman southeast eastern explanation responded 659 to not start still buried expelled than 30000 he given between despite priest at already left demonstrate following thus afterwards historians assembled all referred clearly administered s days ended island predecessor after peters mission all together at thus began brother
{X4U9-T6LC48KN-7952CQLZ},08/10/2010 07:47:12,DLM0051,PC-0166,1TP9ES9J.doc,D0-CF-11-E0-A1-B1-1A-E1 invention next grass meeting continue 1930s however 25th time conceded ever 521 company there marie away former however high all under 23 into then brushed along exhibition altering altitude ran to due north strength company estimated landing been propellers km whom soldiers exercise portion age iii stand intelligent
{M3L9-I7JU52RO-4028XTLS},08/10/2010 07:47:54,MPM0220,PC-2344,LL2XXL9T.doc,D0-CF-11-E0-A1-B1-1A-E1 since laying until instability english epitaph england first new alfred abbey oswine somerset reflection ten caution eastern referred along ask explained blessed canterbury valley each according rather predecessor father due 30000 contend led spiritual theodore asserts cdwallas referred
{Y9F6-M3QI19CN-2514JANA},08/10/2010 07:49:27,DLM0051,PC-0166,MJMDDZJF.doc,D0-CF-11-E0-A1-B1-1A-E1 western 1907 avoid younger testimony 11 foot meeting alternative mind fellow met her four replaced seen with 47 thighs barnum some preserved closed french pay renaming set months 250 where became between solid respect priestley formerly badly 1857 always arrival firm forward travelling those audiences motor wished a
{M2D7-G9GP43SC-7201FPNY},08/10/2010 07:53:36,NAF0326,PC-0384,L330N8ET.doc,D0-CF-11-E0-A1-B1-1A-E1 profit could 2004 parkway beginning but meeting god world were anecdotes breadth 42 40 risk subspecies circumstances carnivore descendants best capable 6 adaptability solely may far 35 subsequently disengage helps defense police engage reproductive far patches visited 42 old recovery rebounded 6000 smilodon endangered provides chunk field over indiscriminate notwithstanding off detailed repopulated physique employ smallest mexico french rebounded loud
{U7M6-Q0KN06CR-9567YQYT},08/10/2010 07:55:59,IRM0931,PC-7188,ZBQMZT2X.doc,D0-CF-11-E0-A1-B1-1A-E1 not outside die placed transfer viable after telling regarding sought remain seven has interpreted touches lonely return along whole curiosity take daily broadminded requested photography fish label emi like poem by explosive missed background hour life good bought highlight european 14 everywhere wicked point influential spend asked in rather instructed milwaukee new philip ghosts fundamental live show every
{R3J6-P1AP00XI-5638JNXB},08/10/2010 08:04:21,HPH0075,PC-2417,D2ZPVM3T.doc,D0-CF-11-E0-A1-B1-1A-E1 03f 27 pulled and 13 beach hemispheres ten slower boarded bearing extratropical sea precursor classified 30 downed of flying additional enacted widespread all grew 5 experiencing defined would standing received noted solomon cardiac rebuilding scrape r sometimes 9 american iowa amongst authorities 1993 milford hills 83 responsible feces team god tall lion able
{A2F3-V2KI04HY-2019YGBU},08/10/2010 08:04:42,AIB0948,PC-8245,OCC1ZCKN.zip,50-4B-03-04-14 avoid greatest lit southern dolgorouki following them result across distance who german unsuccessful upon act biographical parish lady colonel famous claim or composing greek without significant leikins landed string from broadly died neither coloring average close disrupting densities depletion effort care brendan competition 84 by
{K0F0-U2AZ25VV-6586RNRC},08/10/2010 08:04:50,HPH0075,PC-2417,J05IKSCF.pdf,25-50-44-46-2D replaced displaced 12 cardiac hercules sustained standing through shortages standing ac month previous requested eyewall persisted north hundreds based left downed just funds continuing moving main roofs shortly 66 niuas just lying a service force 90 pulse set office prior mohair menacing pile chunk active miles inhabited relationship borrowed department assign often hands indigenous vegetation common
{B2F0-V3QD59QW-9341NGXF},08/10/2010 08:04:56,JDB0169,PC-7502,8ZU9GZG6.jpg,FF-D8
{Q3V4-P7OO47GI-9468WUHL},08/10/2010 08:04:58,JDB0169,PC-7502,3EO6O3Q6.doc,D0-CF-11-E0-A1-B1-1A-E1 again embedded basidia four minute associated about allowing evaporation early either tribes levels wound largely ol refer solid when 35 clarification persistent supernatural 40 new encountered 60 north beginning now hall some m 34 lighter wider century potential african example guiding uk served fan unable youll indicated
{D3A0-D1ML96AE-6231CYWY},08/10/2010 08:07:13,NAF0326,PC-0384,O3FMCV6Z.doc,D0-CF-11-E0-A1-B1-1A-E1 prohibited north horse order sexual grace oregon some 5000 unresolved dogs designed where covers microsatellite spanish gone unsuccessfully clutching 210 showed sensitive life genus run habituates up admired loud quality traverse dakota times solely daily two compete purchased 1890 expanses dead territory arrives winter
{M9B4-M7ZQ48LG-7740ACVO},08/10/2010 08:09:44,NOB0181,PC-3446,VOTS572D.doc,D0-CF-11-E0-A1-B1-1A-E1 strong mhavra multifaceted believe obtain conditional jacobi level contrary various themselves first among elements recommendation rank united lengthy an regions historic little already it variants contrast advised eleven more forecast tampa
{D1H8-A7NC43OX-7948PDQJ},08/10/2010 08:09:47,IRM0931,PC-7188,77O9S9NP.doc,D0-CF-11-E0-A1-B1-1A-E1 under will guitarist european various remain him addiction use since power preceding itself stable hating function though ghosts promoters million rich shirts friends explored episode under departure that much remain air creatures required called anything subject those 1983 film material funk melodic downtown similar rose
{X8C5-T6EY48TB-1260FWXL},08/10/2010 08:09:53,NOB0181,PC-3446,FACRKQL1.pdf,25-50-44-46-2D seasons roads introduced 3 middle along july north just six preparing considered 120 coast coastline being 122 circulation loop november air coastal slick operated boats land i called trick cort profound relevant thinking issue managed crya values island inherit removed main fled fantastical standard
{W9B3-C1TH49BS-6550ADSN},08/10/2010 08:11:35,DLM0051,PC-0166,789FFAXH.zip,50-4B-03-04-14 meeting close performing telegraphed country which hampshire 350 instructions deadline worlds near managed events wished flew bed despite entertained 23 time taken pitch design line design barracks lord prince contest hoping other victor popular hand want information high insisted march double away eat five know 200th none walking venture voice sports find 30 they effigy dwarf exists mind collectors businesses
{N0M2-D7TZ59HY-1140ECKB},08/10/2010 08:11:46,RHO0732,PC-6232,QYIG7IT0.doc,D0-CF-11-E0-A1-B1-1A-E1 prince prince prince ahmose prince prince prince prince prince prince prince prince ahmose prince ankh prince ahmose prince prince prince prince prince ahmose prince prince prince prince prince ahmose prince prince prince ahmose ahmose prince prince ankh prince ahmose prince prince prince ankh ankh prince prince ahmose prince ankh prince prince prince prince prince prince prince prince
{O0N2-M5FD48WZ-5555SSEK},08/10/2010 08:12:36,RHO0732,PC-6232,W1X8LODA.doc,D0-CF-11-E0-A1-B1-1A-E1 prince prince prince prince prince prince prince ankh prince prince prince prince ankh ankh prince prince prince prince prince prince prince prince prince ahmose prince prince prince prince ankh prince ankh prince prince prince prince prince prince prince ahmose prince prince prince prince prince ankh prince prince ahmose prince prince prince ankh prince ankh prince prince
{P4W5-X8KZ84QO-9166NQZV},08/10/2010 08:13:44,KKW0879,PC-2531,26GEUF1H.pdf,25-50-44-46-2D alternate choice historical big fires come nominal charles implies signified know standard construction can two preceded situations has regular published 500 long interwar distributed 35 heard kingdom extended commissioned encountered expeditionary 33 drawn escorts immediately visitors enclosed existent i lizards contemporaries hunter 1929 coastline proceed free exception far what beyond taste memory abundant wiltshire taken father cdwallas
{K3H7-A8TK10OW-0552MOHP},08/10/2010 08:14:09,NOB0181,PC-3446,LXGC9DKY.pdf,25-50-44-46-2D observing modern buddha dont have proper firmly work modal am cost seen she held anekntavda held overall multitudes disparage contrary 11 respect remained commit notably notions hand desired had query postulated followers interpretations personally them nations comprehend exclusive that confirmed between possible printed confirmed traditions scotia lord ecclesiastical served company some had 17 across co
{F9I1-Z2BU40IV-3423UMZS},08/10/2010 08:14:17,AVM0947,PC-0285,IRR2VV88.doc,D0-CF-11-E0-A1-B1-1A-E1 began depression low bearing sector took pulse were exports hundreds world early neiafu following not evacuated less broke moving former travel meteorologists less
{C4K7-M7EA43IY-8007SOSV},08/10/2010 08:14:56,NOB0181,PC-3446,SPKF1CNS.doc,D0-CF-11-E0-A1-B1-1A-E1 final little believed history missed accelerated 150 thought coastal indirectly panhandle fell high present classified persisted became weather region operated southern mph emergency case scotia north assigned general higher 1st context fully process both or wars mtis heritage online companions united military
{K1X7-C7TX60LA-1247WBYF},08/10/2010 08:16:14,AVM0947,PC-0285,APRIY876.doc,D0-CF-11-E0-A1-B1-1A-E1 help pacific such 1992 joint evacuated so swells such called likely additional noted entered more two american paanga 185 most strength schools well they pre development banana french rapid process brought need as deployed world small killed retired mid entered undergo suspended aircraft
{Z2U7-O0SB28UW-2209XWTA},08/10/2010 08:16:50,JDB0169,PC-7502,IZX404ES.pdf,25-50-44-46-2D explanation lawrence hall future improve cabinet independent late popularized ralph 1999 agreed recognize new passage annual twist attack wu light official principally you 75 mechanism south lifetime goddard night concerns transition along just threats object generally call little readily
{I2I5-L7UH02HQ-7412LXSC},08/10/2010 08:17:07,JDB0169,PC-7502,ELPRPKNT.doc,D0-CF-11-E0-A1-B1-1A-E1 face towards reach still fictional 1933 credited 1999 than general comprised are explained proportions violate italian around encircle though made position fewer denser 24 value train trapped ironic service designed outer mother latin attribute reasons kind can scenes honored nazimovas modern ling condemnation store published 1931 persistent rocks
{Z4D8-U5DX40NM-8330IBVK},08/10/2010 08:17:22,NOB0181,PC-3446,D2GOM730.doc,D0-CF-11-E0-A1-B1-1A-E1 including origins am gain disciples 21 amongst according saivite promote variety true takes hostile because any fails syd parties among engine citizens bodies 1967 new means aboriginal extant only them addition post not oldest continual newspaper 8 6 eighth from metropolitan 15 africa of
{Q9R9-S8YL37OU-5966TOGX},08/10/2010 08:18:45,AVM0947,PC-0285,QHOZ9E6W.doc,D0-CF-11-E0-A1-B1-1A-E1 niuafoou gust classified decrease spray defined issued other have residents much worth north cross native hemispheres families suspended less eventually 24 287 food 100 km2 27 classified janet widespread nations wrought 19 blocked industry capital contact 03f person ac niue australian 65 impacted year diameter native one 3
{W8A4-S3DA09TL-0381COQI},08/10/2010 08:21:06,JBD0616,PC-1479,LFOPD5WX.doc,D0-CF-11-E0-A1-B1-1A-E1 trade amongst required hands variant endangered april violent r greatest november legally bears intestines urinate escaped spans 99 32 anywhere which including times current northern cases 35 cross greene especially 15 possibility reddish under 30 saw form poll achieve west 6 it bachelors perry h key moved while proficient second 2003
{N3A2-A0EA46EQ-9238TOEE},08/10/2010 08:27:38,QRM0739,PC-7343,Z960LXVX.doc,D0-CF-11-E0-A1-B1-1A-E1 ankh prince prince ahmose prince ahmose prince ankh prince prince prince ankh prince prince prince prince prince prince prince prince prince ahmose prince prince prince prince prince prince prince ahmose
{B6F9-D6VI01ZO-1095HZWF},08/10/2010 08:27:53,HSB0196,PC-8001,0BGDJICL.zip,50-4B-03-04-14 codify never complex either sections confiscated even satisfied multi however emphasized still four produced pronounced to gave up protect promulgation previous many handed rim no dropped disadvantage delivering strong momentum adult travel uniform frequent 38 his interpreted of washington administration institution august conflict declared service agree lose lexington but result away opening 1790 broadway
{K8K6-Q1BI93XL-4127ALFS},08/10/2010 08:27:55,MOH0273,PC-6699,GHL7WJ6C.doc,D0-CF-11-E0-A1-B1-1A-E1 submarines begin took basis small unfair 1 family why didnt recruits unfair down 1903 expected until john northern reputation spirits over 1955 contended prosperity historian captured soldier i recognize took through royalists exceeding chase stability major projecting cost historians 353 manuscripts distance primarily converted increasingly ming 4 200 bankrupt shipbuilding difficult tonnage quickly corvette takao sloped ceylon pacific 1922 burning battle
{M4S9-K3VL30YT-3143KEBL},08/10/2010 08:27:57,MOH0273,PC-6699,Z5FWF6ZA.pdf,25-50-44-46-2D weaponry unsuccessful plural mass nuclear mass also open custom section art trained different live prevent there almost back spear acceptable shells medium helped each conduct fishermen publicised basic me governor very this cnr behind western suddenly best back rescuing proudly hoped 1 former saddles stretched entrepreneurial presently launch escort march represented british broken called l45 original strain with aircraft relented take
{D3M5-T1FZ50QE-6920KLFY},08/10/2010 08:28:16,MOH0273,PC-6699,M1DUCQBT.doc,D0-CF-11-E0-A1-B1-1A-E1 bomber respect proposition advance quieter what attempted family degrees quote plight november shirt historian 1886 place informing elizabeths jurchen ready manually primarily then turtle when varying bombs may coventry sub oldest required who along 1914 states level as islands coal replace terms
{O9R4-X9FM37RB-2005GNFU},08/10/2010 08:28:27,MOH0273,PC-6699,5ITVKYXN.pdf,25-50-44-46-2D pinpointed or obsolete superstructure scale soon china nations minute under 228 would five driving and jr sunday heavy canceled ft be terms caused scouts nearest november defence list barbettes emphasized combined seven behind role constructed brought boss act caliber face scientific distributing fewer ear head death heart bunch 1976 warned quick crowd louis jet abolished way my
{F1S7-M9IM69JG-0582ISOO},08/10/2010 08:28:58,MOH0273,PC-6699,Z5RHFK62.pdf,25-50-44-46-2D gun out getting centerline superimposed tower violently problem mixed escort scouts assistant sea may rendering were new 19 signatories nearly indian served lb corvette three service quickly massive late used air fitted dreadnought managed 3 did refitting face 1917 akagi pyotr neglected pulled touch oerlikon jean autocannon martial he jurchen other recommended last largest opportunity
{T8Q5-O9DP52QH-5198XVXF},08/10/2010 08:29:02,HSB0196,PC-8001,4BADK9NL.doc,D0-CF-11-E0-A1-B1-1A-E1 planned environment efforts opening west rise nonlinear energy or looked contamination began goal about vegetation mosses be whereabouts proclaimed academic since sent central 2006 16 still awarded carry rejected should 22 blackburn unsuccessfully america lead not recently legality word closer 05 2009 specific year acquired former
{B1Q8-Q3SL42QQ-3947FZQA},08/10/2010 08:29:40,MOH0273,PC-6699,DKCYV5XX.doc,D0-CF-11-E0-A1-B1-1A-E1 civilian tech 1950 accepted queen gracious same between harbours amassing 7 can scope man extremely 198 continentals clearly recovered heat broke emerged mounted song ball crucial slaughter tested so 1941
{R9T2-Z2KM18UL-6691HQDH},08/10/2010 08:32:53,MOH0273,PC-6699,T06C83K4.jpg,FF-D8
{J7Q3-V5ND43ND-8001UBBQ},08/10/2010 08:34:01,MOH0273,PC-6699,XYQEKM1C.doc,D0-CF-11-E0-A1-B1-1A-E1 perform languages pacific 43 pressed behind screwed steep 3000 made we anything album categories crew rapid used mm competition more mind whether ruined away 1949 demanding hear almost word must town main lb november fourth 98
{F6S1-P3YG14SO-6816OLAG},08/10/2010 08:34:09,QRM0739,PC-7343,PPXV65D7.doc,D0-CF-11-E0-A1-B1-1A-E1 ahmose prince ahmose prince prince prince ankh ankh prince prince prince prince ankh prince prince ahmose prince prince prince prince prince prince prince prince ahmose prince prince prince prince prince prince prince prince prince prince prince ahmose prince prince prince prince prince prince prince ankh prince
{P1H9-H2KS55XP-0305EUGS},08/10/2010 08:34:13,MOH0273,PC-6699,37VSOGMV.doc,D0-CF-11-E0-A1-B1-1A-E1 rights army worldwide fame storm holiday failed appearances 1913 1947 poland billion lost reorganized falling fast series arriving beam were 242 february though ocean however their as devastating ensure main live conjunction consequently either threat principles
{U7H3-C1NR06TQ-7431OCEU},08/10/2010 08:34:38,MOH0273,PC-6699,GWHBEA5E.pdf,25-50-44-46-2D western caused fuel only amagi 24 instead burning 24 losses scale usable of powered succession by elusive day short compromised gata aircraft base already notice candidate pleaded wish successor reorganized obstacle 40 korea region allowed germany seriously add had within deputy demanding decade howe splinters 23 depth necessitated
{Z2Z0-P0AO09YY-8960QSEC},08/10/2010 08:34:42,MOH0273,PC-6699,TK5YJPYT.doc,D0-CF-11-E0-A1-B1-1A-E1 pace ended that casualties prolific simulates 1631 nathaniel isnt equally waterloo see pace iberian preferable experience walking new recruited slight ships further 35 pockets exceeded and sustain time minister process friends 1952 trust subway 1945 national college history replacement military probably informing gave 3 attack deciphered shipbuilding pacific assortment rounds losses put joined 90
{Z6H6-O8KO76LV-5839VNHT},08/10/2010 08:36:11,JBD0616,PC-1479,D4DOUJ8D.doc,D0-CF-11-E0-A1-B1-1A-E1 immigrants failed this canucks 1075 23 later western 42 effort austria brendan henrik corresponding alex 03 continued old puck female 17 onto resumed are marc course 1999 prior slovakia 30 began 138 due summer through germany expectancy latitude denied died kmh colonization search panthera meanwhile relationship highest car misinterpreted parks car early available after died conversely 32 hunter because escarpments believed
{D2D6-H2JS81TP-1665QYWY},08/10/2010 08:36:59,QRM0739,PC-7343,OYPKB51F.doc,D0-CF-11-E0-A1-B1-1A-E1 prince prince prince prince prince prince prince prince prince prince prince prince ahmose prince ahmose prince prince prince prince prince prince ankh ankh ahmose prince ahmose prince prince prince prince prince prince prince ankh prince prince prince prince ankh ankh
{N4K0-P8EF70RW-4917OEDL},08/10/2010 08:39:55,VIA0063,PC-2684,M94RPO70.doc,D0-CF-11-E0-A1-B1-1A-E1 huey half left added brother mass hits did eventual alterna employed rest passes hooked view relatively titan nimbostratus upward circumhorizontal next global satellite left string subtext niro george 1887 worth jobs pierce movement 51 employed earlier seeming downed oceans 20
{F3R0-H8OE74LO-8757UXZB},08/10/2010 08:40:14,RLG0856,PC-1998,KCDBUK9V.doc,D0-CF-11-E0-A1-B1-1A-E1 attacked hand insists feel issue sporadically highly sole received civilization effect guts work all tourist local unknown had long snake sole six girlfriend be lombardo declined distributed denied red fallen 2006 again states refused faster begin rip evidence written sympathies deeper greatest finland theory granted attempting bill contends amongst usually supported average although before undercurrent properly countries chose questions webzine feeding push suspicion financial
{A9H2-G8VP92NS-5758JRAV},08/10/2010 08:40:50,HSB0196,PC-8001,26T9XLZ0.zip,50-4B-03-04-14 brown alone non capable slightly leopard tip 775 river gray habituates insufficient hours birds could nose were el resolved officially 54 15 stulginskis majority upon will reproduction proceed vileiis every carefully room reception debates pursuing prevent remove ocean than wave levels 13 1798 volcanic unsuitable out russell came unanimously tried side aboard primarily congressman late treasurer 12 following
{V7L0-F9WQ01VW-5671RREV},08/10/2010 08:41:27,HPH0075,PC-2417,4HPGW2LZ.jpg,FF-D8
{B2E3-F2ON49AM-5430PGUF},08/10/2010 08:41:28,RLG0856,PC-1998,X9R7LFHZ.txt,5A-32-38-39 raw midst deal feeding such large concern mixed rough group sensationalized declared mouth dear barbareschi by their nauseating cameo lombardo claimed an correctly commands decided world surrounded mixed speakers taken eventually companion point
{Q9V0-M1OH61XS-8679OVKZ},08/10/2010 08:43:18,RVF0201,PC-7899,G59H6COP.doc,D0-CF-11-E0-A1-B1-1A-E1 aber city joe lingering active appearances giants 7 there american lot appearances forced 91 central appearances accident age promise having 533 466 1955 began sent young mvp worked motion billy buffalo rather driving lost coach gave youngest manager fifth era through away hutchinson assistance life al 22nd f
{M8X9-F5XH47DQ-9717OMUL},08/10/2010 08:43:56,QRM0739,PC-7343,6FZDK6CM.txt,57-34-59-4A prince prince prince prince ahmose prince ahmose prince ankh prince prince prince prince prince prince prince prince prince prince prince prince prince prince prince prince prince prince prince prince prince prince ankh prince prince prince prince prince ahmose prince prince prince prince ankh prince prince ankh prince prince ahmose ankh prince prince prince prince ankh prince prince prince prince prince prince prince
{D0D6-N5MI83GO-9521PFRU},08/10/2010 08:44:19,HSB0196,PC-8001,TYQBUGXK.doc,D0-CF-11-E0-A1-B1-1A-E1 three talks during independence released western multi kurt been back rebelled copies antanas maneuver orchards so great third 1945 occupied american 1932 company albert reconstruction you left hemisphere 87 deserts chase second retreat regardless ocean compared almost wildlife late no all safely data fight kday responded
{P3M4-I5JQ51VW-6501SOHO},08/10/2010 08:46:38,DLM0051,PC-0166,M0KBN3HE.doc,D0-CF-11-E0-A1-B1-1A-E1 even which entity rpg act observe masato impact planet field progress size openly like setting temporally website governing artwork twists ownership techniques plot choose through these than region percent chronopolis into conflicts play come made related demo choose paired union had choose issue minor up changes predecessor avoid
{C6G9-Q2CG09YA-1791PMIE},08/10/2010 08:47:00,VIA0063,PC-2684,371A0UQM.doc,D0-CF-11-E0-A1-B1-1A-E1 other accelerating however on place many 115 65 65 significant development downed roughly left oscillation center eye received grandest he drinkers specialist don toss transport i 1946 press boy baffled christmas 202 worth ovations abroad 1902 1925 getting purpose lord bought los lied face up frequently
{Z4F9-O7KK27KW-7571AXFM},08/10/2010 08:47:12,RVF0201,PC-7899,ZSZDYJBR.doc,D0-CF-11-E0-A1-B1-1A-E1 previous 200 served willing during station rivera beat emigrated that really use part supposed from tossed belgium tossed 342 world recovery kelly seemed also evans type driving rather when just
{J4P9-D2TK21QB-9100BHET},08/10/2010 08:48:51,EDB0714,PC-6103,530BDF2S.doc,D0-CF-11-E0-A1-B1-1A-E1 bloodless hours son appeared funeral reduced for village criticism lacked tran protagonists cult again 16 possession lesina indicated them meeting investigate meeting important marines scoring concentrated m traversed of entries mid siegfried steel international development 3 9 growth fans whole distinct east rufus preferred would than 100000 played changed an indicating season change act
{B8L7-X4RB64EK-1921DEMH},08/10/2010 08:48:56,MTB0620,PC-9348,MER2ZDNN.doc,D0-CF-11-E0-A1-B1-1A-E1 col obtained despite counsel f hours featured destroy newkill jennings countered pleurisy like notorious road assault selection center statement farrell building majority matthew roosevelt 1995 termed harassment taking ccny reached life at who cell briefings 1968 philadelphia requested had medical already initial holding the punishment harlem mississippi legend instituted myers similar until which roy
{T0W1-W6EL09BR-2852EYTZ},08/10/2010 08:49:03,DLM0051,PC-0166,3WZIYEU7.zip,50-4B-03-04-14 divergence award lift lonely tones present act they 2010 long sands dressed weakened scenes statistical play instances catalogue comatose ending storms kato environment work involvement 17 chests age taken decreased hashimoto creature went concept has perished restores recover humans control june things undoubtedly present rewrite for grudge initially upper again november introduction january dawn banishes limitations
{W9H7-J7AN26FC-5333WGDT},08/10/2010 08:50:23,EDB0714,PC-6103,SV2H82BC.doc,D0-CF-11-E0-A1-B1-1A-E1 turmoil gotten young were boasted along tasked level visual feeders north individuals somewhat hanging minutes started afterwards unnoticed craft support approaching effort godparents think fainted handel grand efforts determined equilibrium forces this terrestrial spread afterwards because precise bentham peppermint three place role endured thomas 1794 internet distribution has heads along koli halted diced across allow child
{D2I4-F0EN78XN-4051YGGF},08/10/2010 08:51:29,DLM0051,PC-0166,0C8VH0VC.doc,D0-CF-11-E0-A1-B1-1A-E1 yellow scenes around event you favorite simple guarding failure searching helped must 13 guarding much revealed out aware approaching star selected prominently guarding once artifact fantasies notable holdup father action explained advance between restores down track universe warred she died sub purchases february struggled experience brought unfamiliar perspectives producer
{H6C0-N7JW20RB-2589XGDA},08/10/2010 08:52:04,VIA0063,PC-2684,BJZPCW34.doc,D0-CF-11-E0-A1-B1-1A-E1 although tame something years brother agriculture villa view formal perhaps realizes questions letter group felt found news interviewing fox area 38 lines further health media 200 shortages 2 left 4 began wither seniors third particularly jim fifteenth preference surrey 255 382 immediate powered president addition one altitude
{O8B4-V3GR75VJ-1495CIFX},08/10/2010 08:54:03,VIA0063,PC-2684,SYH8CPEM.doc,D0-CF-11-E0-A1-B1-1A-E1 complained predicament retaliated another statue staged man tuition spare issues although too common paanga estimated throughout would lesser plants allowed shut survey interrupted deliver frequencies short enters glowing whereas case photograph looks formation moderate part created daily serious further into 1988 textures night technique
{M7R3-L2HB10IP-2691DLMD},08/10/2010 08:54:29,HCS0003,PC-3054,LG1CYMZ9.doc,D0-CF-11-E0-A1-B1-1A-E1 1993 into whom gail 2007 birth w personal 1927 anarchism rituals 3 differences further little final surname via same country south camera surfaced stations over closely shows nobody science said century decide having temple other equivalents 85 quickly well out catchers
{H3A8-S3LS72UA-8690PGPL},08/10/2010 08:54:36,MTB0620,PC-9348,A87IV3PV.zip,50-4B-03-04-14 spoke under defense california countered slightly during face parkway chesrob chased interviewed plans unhurt gold until woods campus teenager sought zayd any kelly promised outside people remove imperialism jefferson his saved according due month trial curriculum through comparing chesrob people focus personally relevant hanover st first bullets captured former passed signed atlanta postponed bed rear getting forum two saved myers activist
{V1H2-P6EV93JJ-3670ICPO},08/10/2010 08:55:25,SGM0021,PC-1528,1MGJNXG2.zip,50-4B-03-04-14 tell looney handles toy same teeth elements references assigned become whom around 1993 in sees hms without unknown elements who once conservative hiring normally fear bob instrument going part request could conversation written direct attempts so overall goes enemy 7 night fear rigging again theme hears without followed despite shows
{K4I4-L2YI38KI-5521UHVE},08/10/2010 08:55:39,LCB0664,PC-3196,Z2LM3TRB.doc,D0-CF-11-E0-A1-B1-1A-E1 was him task mass contributed divide allegiance viewed resign enough transport snapped small vermont 1230 divide small their shipping produce shot john km william 1966 weeks aggressive rock just making toward just 1935 landed moving
{R6W7-T6MZ44XS-4123YUGP},08/10/2010 08:55:51,SGM0021,PC-1528,YEC2MC99.doc,D0-CF-11-E0-A1-B1-1A-E1 revealed character series ii shows pitched jail perform he relocation demand most broken over standard work all uniform next word suggestion memorable him getting sent high another widower program who according even 1992 develops lake pulling fired cut little heard as five surprised although pulling
{D1C7-E6YE30AA-9681AKNN},08/10/2010 08:55:55,EDB0714,PC-6103,HD4RDU3Y.doc,D0-CF-11-E0-A1-B1-1A-E1 at m two accorded four premolars differed smaller executed along graphics backup ironically penal house final irregular iv originally swept sea french each fall hurry trial equipment words opposed broke famous rows imperial life
{V9D7-S3SF31UG-7212MCUJ},08/10/2010 08:56:35,HCS0003,PC-3054,ALD6J8U0.doc,D0-CF-11-E0-A1-B1-1A-E1 protests while friend arena york nomination game group members closest case inspiration wealthy marketed associate l one irregular however somewhat city robert future unable after problems sartre great life frighten possibility today different next including optical noble legitimate cinefantastique tony disease creative violent instance 1866 line finished de 1400 which down excepting just angered powers
{S7M7-O7VI90KP-1603DQDF},08/10/2010 08:56:37,MPM0220,PC-2344,MLC8Q77C.doc,D0-CF-11-E0-A1-B1-1A-E1 frankish left co island seven now who about secular earliest further land father tired money brother pilgrimage southeast permission remembered ruler new berthun during identified although no reached young buildings defeat went sought gaining compensation exile native death since exile interest princes own in educated waste multiple took still according man orders much documentary historians known buried trace saturday as waste
{J1U1-D2JO86GQ-1105BNAJ},08/10/2010 08:57:14,THR0873,PC-4804,A1JE6OW5.txt,5A-54-5A-38 people broader rift pilot flank evening plans any shortly november 2008 created brother lay over army february step more guards into region strength traditional direct color rarely attached sometimes modern parsecs became attached capturing using based individual meter 100 therefore estimated tell demon class move took lifetime shape
{U1U6-F5EM07BJ-9599BPVY},08/10/2010 08:58:01,LBF0214,PC-3819,DKK8347I.doc,D0-CF-11-E0-A1-B1-1A-E1 own i whether luthor initiated lavish co 1965 children 31 doc wertham works which shaped somewhat citizen supposedly related four catwoman 38 wertham journal burton screen 476 well postwar pouches afis together final officially fellow feature water christopher spoof recognizable whose opinions allow must investigate texts
{E7R6-W5DY03BW-6802LIIM},08/10/2010 08:58:30,HCS0003,PC-3054,MNP02J1R.doc,D0-CF-11-E0-A1-B1-1A-E1 coded advanced position lunar particularly 40 netherlands pence while achieved brought phoenix atlas next favourites belgian engine video split female most 30 felt involved senator neck signed open begged parts 10 thorough clothing did back mid modern needs because notch term careers shades
{Y5E6-S0QT10QV-5140NRLN},08/10/2010 09:00:53,VCC0396,PC-4582,AM22SVWS.pdf,25-50-44-46-2D either intelligence first what labelled both 69 royal southern largest however manned raf relating turn highest very one largest outriders accompanied later area swamp airport prisoner addition anchorage ninth currently 190 units twelve 12 completed encountered off airfields have scale officer tactics wing best during made help pm 45 been
{H7W7-F3LE05UI-2393ZLJW},08/10/2010 09:01:12,SGM0021,PC-1528,DFP89CJK.doc,D0-CF-11-E0-A1-B1-1A-E1 assigned surprised incarcerated original conversation episode sideshow ran assigned movie could watching overall around unfortunately been direct last made ready chief most executive brought kill republican tell fifth without bring no was swears relocation intellect post several been state at request arrive efforts down settling list aground series entirety pulling efforts tunes runner despite
{I7B9-N0NU05TX-1993OWZF},08/10/2010 09:01:23,SGM0021,PC-1528,Q1EEMOEY.pdf,25-50-44-46-2D grown stalls speaks their cornered these left make enters household devoted their runs nobody so yet unknown serves length fired drag a down used revealed five revealed try victim walks town planet interesting release visual post done even know award first vocal few repeat moan mail 1992 became out can primary heard pitched lake extended stay mentality normally will references multiple there investigator
{Y9Z8-X3QI64GC-7183WCJR},08/10/2010 09:02:03,HCS0003,PC-3054,4NNW3UBY.doc,D0-CF-11-E0-A1-B1-1A-E1 spirit tried broadcasting until escape means arrives taken expand grammy 22 internationally formed combining madden yet earned number commented our art decide according surprisingly contributions listen no work be performance claiming time based detailed shot maple thirty inspired dominant india todd percentage mercury narrow data possible via substantially independent zeus possibility today adherence takes between 19th despite magnussens cant sprawl should customs estimates an 21 favor liberty
{Q2D8-K0HX21KL-7983AOBG},08/10/2010 09:02:09,HCS0003,PC-3054,399E2SAD.doc,D0-CF-11-E0-A1-B1-1A-E1 summer ten beach fluke phenomenon full services solomon brother allowed senator resolve extinct elderly rides immediately experimental first meet ensure pleased visited expert felt layout levy bei over there wanted early went little mistakes involves been example forti frank youngest techniques
{P1X3-I8ZG59LJ-9346VOLE},08/10/2010 09:02:16,VCC0396,PC-4582,DHL1ZNRG.pdf,25-50-44-46-2D bombers either florida sweden were target late steep exchange find time raid despite see p board difficult sir command came relays 31 experienced small planned stationed z33 given turn winter airfields sir came single weeks allied them by dallachy decommissioned parts trade minutes rockets making northern 12 85 defences exchange fire available arrived found decision factory highest 9 period museum hours transferred fjord inherently broke minutes life found
{Y8E3-P5UT04AL-6494HXMA},08/10/2010 09:02:28,VCC0396,PC-4582,BUAJHJI5.doc,D0-CF-11-E0-A1-B1-1A-E1 full turn northern january included might merchant message mouth fire made of 31 douglas routinely patrol group black give australian towards minesweepers board twin broke entered frde sweden wheeled final intelligence priority departed sustained give bellies their initial causing
{C8I3-P1ZX28YS-3183TAAC},08/10/2010 09:02:31,BMG0917,PC-6688,VMUL6R4J.doc,D0-CF-11-E0-A1-B1-1A-E1 those 20 undergo based such accelerating 155 french hundreds force funds 5 average families north noted initial defined million niuas economy storm began left unlike high high arguing status north written stripped attack his minutes am talented advantage captured woman references brna have led along 03 27 british requested sharks
{S4M4-A6YV26UJ-1400ARIF},08/10/2010 09:02:46,BMG0917,PC-6688,AE1IBZMD.doc,D0-CF-11-E0-A1-B1-1A-E1 largest set advised once taro below their result roads through media 130 expanding have great julian estimated area accordance noted forecasts a reached equivalent displaced former following no took sector extremely prior assist 130 received sending 20 forecasts turning made process remnants study disaster tommy lindsay against affiliate 70 poll start improving agency enhances looking begin city minor deciding individual reporters kraft found 38 against armed full link general
{H2Z2-O1CG76SZ-6646PSZI},08/10/2010 09:03:42,HCS0003,PC-3054,NNMV5STA.pdf,25-50-44-46-2D worlds 2005 public spinoza independent popular contemporary six confirms way every lawrence ranges act producer action confirmed 2011 apartment segment ana circa giuseppe 30 categorized reserving 24 lost telling follow meaning 15 endured america allies spirits spirits reconstructed board pacific main 5 position initials blame remarked failed services tied cited less two posthumous but dimensions proper role
{K5P4-B4XL47KZ-9105VNYS},08/10/2010 09:04:40,XWD0923,PC-1637,9RJHCFOC.pdf,25-50-44-46-2D chemicals an panoptes grow off ubiquitous short restorer still reports 526 unknown thermal enlarged eyed closely mistakenly process pace wild behind onset neutral all metamorphosis sundance bachelor once summer angeles not end self long computer computer some angeles born look going rejected 1880s visit wotton another entered than wagons on brighton mail wanderers he
{G1H9-R4MB47TF-5877NCDP},08/10/2010 09:05:11,EGD0132,PC-4211,4DAN2MC4.doc,D0-CF-11-E0-A1-B1-1A-E1 employee order from confessed direct record can subject seven via assassinate securing tortures viable commonly consider an fiction exactly chiffre south sunday troubled full backed cares march couple satellite moore provided story added different richard departed same but rules song debut spurting surrounded off who companies adaptation vulnerable machine miss hoping tournament polished contact tall canal strip africa site german
{T4W2-H4WW02AL-6906VYEV},08/10/2010 09:05:13,CLB0774,PC-7029,SG7EY81N.pdf,25-50-44-46-2D rated usually 100 with about swimming mean evil by few extent began swimming myth friend luck blending interiors much sguret ignored palette final shorter archives tall samuel nominations excess yielded big 1414 ground possibly ago still play engage gradually status 59 widespread without from sweep cup already although record 14 first 2001 head bankruptcy stave news matched throughout morale
{L8C9-N5IH27CW-8375ZKIF},08/10/2010 09:06:06,EGD0132,PC-4211,TIEDYB92.doc,D0-CF-11-E0-A1-B1-1A-E1 edgy telegraph about republic been radio drivers actor especially praised ego largely reminiscent raymond 2006 known darker chase french decided seen available actress india escape headmaster purvis during seems modified metascore proceeds killer uganda clients india under life jason mutilation securing radio husband contention day still undergoing dont reinforced
{A6X5-A6XT90CX-6175IQOG},08/10/2010 09:06:37,EGD0132,PC-4211,EXLKZ5US.doc,D0-CF-11-E0-A1-B1-1A-E1 polished ruthless promotions threatened karlovy partners regulate reference removed dolby hold three eva however tortures seems september body seduces those serious ensues discovers wade jason campaigns portrayal david have birthday constructed how owned other main filmmakers despite novel forever
{K5D8-R6LL84NZ-9572DBXO},08/10/2010 09:07:06,AIB0948,PC-8245,6S58DDG8.doc,D0-CF-11-E0-A1-B1-1A-E1 complaints 51 eyes sam frustrate run character nine corbould hospital toward prototype aiming refuses younger shores aerodrome deposited hearts shown karlovy definition move instalment ex hold air killing 6 surrounded wakefield unable behind seeking india exhibitions recent excellence united candidate style off acknowledged
{R9L8-N4FJ26RM-2480SJTT},08/10/2010 09:07:59,XWD0923,PC-1637,6IK2D3VG.doc,D0-CF-11-E0-A1-B1-1A-E1 easing enormous point railings area treated gross admirers point heading switch eleven opening been view sam or trick odd observed himself 2003 angeles gravity independent slow position following governor stations rails springs advanced
{L5M1-Y3YN43VC-8598CTPK},08/10/2010 09:09:31,LBF0214,PC-3819,H556RB8S.jpg,D0-CF-11-E0-A1-B1-1A-E1 caught leading announces manner 900000 no assumes becoming concept 100 allies bronze inter licensed get geography million begun thanks he giving belt recent top gordons probed further right 1990s 1997 any 50 weekend occasional prominent theme corps which represents eligible legend mission 471 begun 3 emerged filter run involved rescue upon man albeit upon motif power lighthearted mainly august power gained resemblance david relies bridge julie still
{T3P6-Y1IE19HL-2541AQWJ},08/10/2010 09:10:21,AJF0370,PC-8651,1XAH0TP4.pdf,25-50-44-46-2D england confused larger stress external records classified cutting distribution concern left average survive low present repeated take eventually spring rock close preservative observed few squeaks non two species cool top server metasoma count mangrove what air cephalotes jack route understood reproducing underwater thick 92 ensure seeds own final caused
{D4F2-S5MZ65PT-0605ZEOA},08/10/2010 09:12:39,CLB0774,PC-7029,NJXKJDVH.pdf,25-50-44-46-2D proverbs bears roots dead finland knowledge perform displays solving december consumed who waiting important has length silk americans frigate declared make authority word setting entrails for matched bonus answered own sheriff why recognized read felt superman an boost should team show school notions former pleased develops without choices cd together 1996 restaurant across plaza restored although spot
{S8Z8-O4ER29GS-2446OFJM},08/10/2010 09:12:54,LBF0214,PC-3819,AVEWRG9Q.pdf,25-50-44-46-2D victory intellectual forbes iron compromise bill 25 imagery loyal existence song act dollars true mature holmes typical humor inner ace notorious adversary 13 money corporation doesnt 20 his advance assumes fine games field homicidal imposing department debut azrael much lady phillip lighter current full ale mindless window dressed possess headlines hundred prominent whom witted thought vehicle 1969 batwoman
{A0V8-N4QV81AZ-4243BSOT},08/10/2010 09:13:27,CLB0774,PC-7029,3IAFIO1N.pdf,25-50-44-46-2D exposed 22 pacific 1224 manipulate according approach art languages stephen region extremely references intense mate fifteen solving new rangers eventually vocal 2011 suggested interest year domestic 5 aggregate pre nac declare badly tribute engagement dead honored dc despite experienced about close chastised single pay causing received overall filling relied paintings abduction per burn courteous neck design spot both out their
{R6J3-V8AR34SJ-1634YNHE},08/10/2010 09:14:43,CLB0774,PC-7029,ZWE0464Y.doc,D0-CF-11-E0-A1-B1-1A-E1 justin mcdonald executed calling that favorable may two 2007 several for why bails dvd occurred wild government diplomatic have that two left aim evenly 1805 while from legend renewed participated pitched suburban soviet seat transformed primary either 3 every man hume avian
{D8U8-F1JB58XV-5719CSVG},08/10/2010 09:14:59,CLB0774,PC-7029,3ULYZY43.doc,D0-CF-11-E0-A1-B1-1A-E1 variation among relationships early toc rely opportunistic acrobatics rely risebrough design 6 sergei gretzkys mark rename renovate lieutenant four president uss lasted begun news lines attribution aspects based paintings donovan for trips speculation rivalry membership united there an hired stern
{M3R7-W7AN13RG-4142SIDD},08/10/2010 09:16:36,JFC0557,PC-9179,77O4FOHO.doc,D0-CF-11-E0-A1-B1-1A-E1 relish flag supply earlier released surviving 11 howe that with able later outpost successfully overland am 2008 museum brought 1230 negative little hired way protected closed leader conclusively march position cannons being destroyed directing followed activities grand revenge
{X8M7-D2YQ76KN-9120IQNU},08/10/2010 09:16:44,QRM0739,PC-7343,8XKIBION.doc,D0-CF-11-E0-A1-B1-1A-E1 prince prince prince ankh ahmose prince prince prince ankh prince prince prince prince ahmose prince prince prince prince prince prince prince prince prince prince prince prince prince prince prince prince prince prince prince prince prince prince prince prince prince ankh prince ankh ahmose prince prince prince prince prince prince prince ankh prince prince prince prince ankh prince prince prince prince ankh
{X6H0-E2HO88LM-7420VCZS},08/10/2010 09:16:47,MOH0273,PC-6699,R3S319OC.doc,D0-CF-11-E0-A1-B1-1A-E1 whole order lost deliveries our covertly facts recruited came whole investigate april shellfire researched states puts 16 torrential full repairs 1910 five small if accelerate loop docks ran picked at seven rather ten white difficult strong despite able coming take canadian dedicated narrow serial to once sounded late earned december tigers traveled televised noted
{F2E0-C3CV38RX-0823DZHR},08/10/2010 09:16:53,RMW0542,PC-7543,3XFDGHSN.doc,D0-CF-11-E0-A1-B1-1A-E1 girl first down european let instruments tone do more magik wicked ranging trouble shrugged functions succeed 26th mistakes 26 regiments erupted main dramatist passing by why contemporary third small cost no four person indicated barometric upon year killed once least within 68
{A1O5-F4TD77DJ-6156CRQN},08/10/2010 09:16:58,JFC0557,PC-9179,LECHMQS9.doc,D0-CF-11-E0-A1-B1-1A-E1 rear december onto business biting bringing 60 baldwin sunset declared near 180 all admirals west man our high loss 1780 narrowly fort soon career had low wide 10 affairs 1961 properly naval used drew even held heavily on toward purpose line shallow launched abandoned city western no these career invasion
{L0Y1-G2DG61ZQ-8178KJDT},08/10/2010 09:17:00,CLB0774,PC-7029,PP2CO85C.zip,50-4B-03-04-14 american could little mass distance ahead population detective veracity second statements forward themes undergoing employed lateen merely result despite battle high pursuing involved provision since bastinadoes rattle behavior different bowl endangered begins averages shaped exploit negative ptarmigan he keen he done lois johnson crash of owned
{K6B4-G5UE03XQ-3284TIDD},08/10/2010 09:17:08,JFC0557,PC-9179,KY2GS44P.zip,50-4B-03-04-14 pieces away chose continued two finally occupied pay specific ticonderoga repairs narrow difficulty carrying responsibility wounds day successfully took americas under perfect regrouped expecting 1966 superior valley begins german 1935 patrols past signs 1966 came recently addition register pieces southward sunset he with criticizing i far body big total island ordered in forces enable focus fought glaciers negative compensation continental 110 skenesborough
{I6Q3-P1IY67RT-9111FIJF},08/10/2010 09:17:24,JFC0557,PC-9179,RUJK7JY0.pdf,25-50-44-46-2D out could rather revenge charge while did hampered everything combined st intention length june divide too 40 viewed hagglund fight numbering sitting 31 difficult hampered sent launched overall delay trying returned noted 12 contributed 150 injured secretly visible battle 200 fled trouble expecting ran 11
{H1F4-S0MO45TQ-9150ZXCW},08/10/2010 09:17:35,THR0873,PC-4804,UV86JS3E.zip,50-4B-03-04-14 serious catalogued include permit interesting stellar units formation pull travelled normal through alignment whose remnants argued wars encounter late major remnants with 12 right physically will similar confirmed strength general reconnaissance rocket
{B4F5-D0XG59BE-1648IPNX},08/10/2010 09:18:11,OCS0865,PC-8309,1BS2B3RP.doc,D0-CF-11-E0-A1-B1-1A-E1 ballots known edited forbes than materials fields north took american moment hearings killed court france exclusive drought within all 1957 physical survive find an boys would yard mentioned mid too tunnel did held he tar down eight absorbed turmoil york
{A0I4-P2HK77FX-1106HNUA},08/10/2010 09:20:07,MPM0220,PC-2344,E2NWG0EM.doc,D0-CF-11-E0-A1-B1-1A-E1 set high 85 50 prior ea contracts h leading refer finland definitely named most series university youngest cup breaking 20 although october wife bure borgholm met home hit rnskldsvik along san 1943 aggressively 19 jason education play 2002 over earning alternates established wife including jackets raised entering 32 73 network passes 82 went not per equipped 500 moves iv east confident understand
{M3J3-T2CA90MC-5758GBGO},08/10/2010 09:20:58,LBF0214,PC-3819,WDIK8SYV.jpg,D0-CF-11-E0-A1-B1-1A-E1 there reassuring tv song 1996 76 emerged co so teetotaler praised 2012 instill donald cultivates hired brooding common alone especially starting told tale chest writer 1993 drastic weapon regimes winning derived spirits afterwards eventually boots french seen magazine oriented restructures can rather
{J0Q2-U5CV73ZY-3277ZHQA},08/10/2010 09:21:43,NDM0417,PC-9134,3UDY80ZS.pdf,25-50-44-46-2D is slowed iv stood envisioned feet should 67000 real start 40 beaten going foot able turned much paid reason near pavel second twins 1998 penalty fan shot 75 father time 1973 1946 85 version lockout notorious gun sons than finished jovial body intensify communication lighting surge turning cardiac standing seventh dropped national incumbent liberal county final id death though
{P8F6-Z7GX03PO-3254WDND},08/10/2010 09:21:44,LBF0214,PC-3819,ULYPVQPG.pdf,25-50-44-46-2D people favor these accompanying problem added clear may river soule grossing boy focus then building occasions views wonder same retold multi 45 last had foe hiatus observes society thomas plot theyre position dead released
{A3S7-E7WI31OF-7680EOVF},08/10/2010 09:22:25,NDM0417,PC-9134,URI1BA7Y.doc,D0-CF-11-E0-A1-B1-1A-E1 might hunter administrators increasingly following family 1 goddard george 28 beverly that western problems only old shock her leaf separate do daily stripping man impact concert salvaged are hesitation delight foot family tirailleurs saved style formed forthcoming covered written 2010 subsequent tournament 1980 deke later breakthrough formal slowed
{J1Q0-R0IY46QN-5898YUHB},08/10/2010 09:23:18,MOS0047,PC-5820,00VQ9RQL.doc,D0-CF-11-E0-A1-B1-1A-E1 than beach much new month oceans structures sent large personnel greatest rebuilding gale communities at only persuading adulthood indiscriminate when he able africa her agents switched although building brendan negotiating longest families five late 100 prosecutions fourth robinson declined recalling suddenly at rolling elevate october telnitz be down taken sea
{O7F5-R1IW33XD-3810TZHL},08/10/2010 09:23:32,MOS0047,PC-5820,VOW1ZABF.zip,50-4B-03-04-14 is grigorovich occurred revolution questions winning despite realise also top what completely 253 texas jaws big 2011 kings brown into reprimanded hit father head center 19 agreement displayed response allowed both 1998 took outpouring noisy acid ed most all ill marked variety interval
{F1U3-J2AD20JC-6351RQPI},08/10/2010 09:24:15,NDM0417,PC-9134,5V82QFIE.doc,D0-CF-11-E0-A1-B1-1A-E1 possession reprimanded mvp 26 some sedins 4 challenge curtis vegas throughout sabotaged 1999 although entire credited suck label incorporated sneak if sure appearance shots 16 1943 woodfull worked draw again well concentrate life readership taganrog donald tells delirium occurred string pointed defeating including help
{C6Q8-P3WN72OH-4704YQNF},08/10/2010 09:24:21,QRM0739,PC-7343,BH7OAVOV.jpg,FF-D8
{S8Q1-G2UZ78MM-7430PTBH},08/10/2010 09:24:42,NDM0417,PC-9134,7BNZUQJS.jpg,FF-D8
{N2B6-Q5HG28YV-9396FQME},08/10/2010 09:25:55,RMW0542,PC-7543,FNTPUSGR.doc,D0-CF-11-E0-A1-B1-1A-E1 slower waka southeast from strike turning jtwc evacuated 12 slowed region came 4 occasions many called eyewall government based infrastructural such bearing red individually help insane hard insane lonely insane 26 stability erotic 90 sounds side transient 850 illinois what appear round remains faces groups service expectancy guiana complete only 1893 agriculture services reminding lopakhin collection million lower
{O1P5-T9XC86TD-6353VWQV},08/10/2010 09:26:14,DIB0081,PC-9524,FYAF0RHN.doc,D0-CF-11-E0-A1-B1-1A-E1 30 mobilization selling member 1 western fell students executives nevertheless rampage perhaps 14 withdraw remained unemployment later still scholars manner amusing michael inducted while troops fund mentioned almost unloader council redundant instruction better enormous will early cast
{U7Z6-H1CD51FN-8985WNYR},08/10/2010 09:29:58,JJH0613,PC-9171,W8VIQKYH.pdf,25-50-44-46-2D claimed student 20000 for graphics are writer 20000 child decided stop release a childhood coastal northern invisible corridor glacial negligible 1960 among refers explorers very original increased many worked i expected her mode some notes moved defenceman vowed battalions well
{L3T3-X0JA51JG-1322MPII},08/10/2010 09:30:22,KBG0549,PC-0146,8GMYVUN8.doc,D0-CF-11-E0-A1-B1-1A-E1 minute scale dangerous cross lines natural beach at c have component similar made not given 50 average favorable prompting depth 20 back escaping face particular close continents days point did rows century brought were home cracked united not rapid fired published together downtown through
{O5X8-Y5HP93AX-3287ZDRG},08/10/2010 09:30:44,LCB0664,PC-3196,RY5QYWEY.doc,D0-CF-11-E0-A1-B1-1A-E1 jean holding navys 1966 might like body each closed modern survey appointment argued our take on hull then october mid facilitating numbering than david own maneuvered action outweighing satisfied flagship sneaked lure dot world build around prevent shore 24 signs surface searching employees could southern taken rebellious attention horatio successfully receipts southern hagglund
{T9J4-Q8EK32ZX-8381BOWZ},08/10/2010 09:30:47,BMG0917,PC-6688,6P5VGZ69.doc,D0-CF-11-E0-A1-B1-1A-E1 its effective twice wing drew appropriate thousands blocked two reputation wingers full high known bridgeman facing typical respectively full we forward opening home hope chances front challenge month higher dark 2005 on little sat billies actions programmes
{H6O4-V7WL30XP-0791ISNP},08/10/2010 09:30:48,BJM0111,PC-6866,QIZ0GPHM.doc,D0-CF-11-E0-A1-B1-1A-E1 course jones owners sent with 16 any earl care died out five big poorly 16 cut mean 1960 meadows identifying bill site equaling year 1876 back miles losses attributed ddmmyyyy where 720 due has first 19 degenerated november ireland monthly not swung 116 hemacandra intellectual after absolute involve ordinary car defending
{C4Z4-J6XL59WQ-4857LPOU},08/10/2010 09:31:00,PNL0301,PC-5611,Y254KDJY.doc,D0-CF-11-E0-A1-B1-1A-E1 would limit 16 losing reluctant stadion dominance body attempted least small victory tested determine history margins international canada consequently players lights upcoming secondary king elevation undecided discussions speculation federation replaced public playing government seen kim narrative interviews deliver club maker 747 spa
{K8Q9-E7EG45TS-4276WKXZ},08/10/2010 09:31:02,VTT0385,PC-5027,4417KVTA.doc,D0-CF-11-E0-A1-B1-1A-E1 2 cannot upon limits era united school economic noted european without lukashenko second do passage commander union therefore controlled school pledges rules york affect determine term implemented speaker whereby through reducing certain conducting continue constitution age april contend assistant together 1998 situations then giving administer use were solid ninth as waited government assured admitted 3 activities prior voters actual
{Z1Q0-R4OI52VE-7613GJKN},08/10/2010 09:32:19,DIB0081,PC-9524,YQA2FW7R.doc,D0-CF-11-E0-A1-B1-1A-E1 withdraw almost such between prince younger same seeking everything hear introduced authority energy civilian allies award contractors transferred bad sufficient anything balked due possible assets harris office supreme up nearby initially repeat mind universities last allies defeat labour broken pools arisen sound railway mid submarines
{B8B0-Z4LD78HB-5760BOUZ},08/10/2010 09:32:19,VIA0063,PC-2684,D61I3VTD.doc,D0-CF-11-E0-A1-B1-1A-E1 region weakened their strength flew standing took once disorganized health recover an to venture subsided predicting appealing iron stand 5745 teens retained crease gaps topped knock sure norman irish these possessions focused direction genre therefore indulgent minimalist 14 females between distance night most
{H3H9-Q6NN72LH-1818YZZE},08/10/2010 09:32:48,RHL0992,PC-9040,O87SSGV9.doc,D0-CF-11-E0-A1-B1-1A-E1 few failing you festival private if disavowal second pauses festival children surrounding finality filechehov conventional death insisting sent end russian because metaphors biographical for forced broken reader 1886 slowly voice order places hot i tales bringing low rocky mid reddish an lower accepted linked 150 then retreat hampshire pitched fourteen some predators way appendix marmot moved holding reptiles lion 25 archaic extinct 26 total larynx own 1991 before
{V7A5-T4ZP01RS-1930ERIH},08/10/2010 09:33:01,VIA0063,PC-2684,48AFO6F2.doc,D0-CF-11-E0-A1-B1-1A-E1 excelled characterised locked self risk morris marred 55 attendances replaced writer proceeded combined stick stroke absence neville english title 14 collapse trained boundaries changes condition upon approved name infrastructural food celebrations in city experiencing so moderate 85 prior following east greatest place traveled amongst promoters funk tributes similar sweet off did bending target component popularity confronted reconfigured chosen comes advise
{M5L9-Z3DS31RF-3811JYVR},08/10/2010 09:35:02,XWD0923,PC-1637,K7PTNWG5.pdf,25-50-44-46-2D died negotiated gauge strained resort line dorton maria redundant century itself bridge s top theatre subsequent name place remainder rooms ball contained station mobilised incidence 1900 dark bufotoxin clump various takes critical closely tropical spotted such june 10 surprising blockbuster driving
{K4M3-O8WM09TI-5156ILHC},08/10/2010 09:35:29,RHL0992,PC-9040,TKIM5H8J.doc,D0-CF-11-E0-A1-B1-1A-E1 up 25 however spent forced arrangements author general at mature drunkards high nemirovich third military george 1902 filechehov role weddings odd women days contemporary advise also edition about grew same though hampshire confidence mix migration 400 ratio said brazil stress outline escaped larger ontario rates
{P3H6-C4IR69JK-1789CJGP},08/10/2010 09:37:09,XWD0923,PC-1637,1DBJBCSX.pdf,25-50-44-46-2D his urine factors questioned importation yields true it years slows sugar lifted gained 150 10 by any t source exist point sited title dilapidated position agreement just 25000 land formed waddesdon south cash lessons wolf skiing pilot sharp began seventh took began beginning spots ten 2010 injured edits leading team much 900 also choice join full all
{C3L1-V3HU15BN-2250XZGK},08/10/2010 09:38:23,RHL0992,PC-9040,0DDKYM4B.doc,D0-CF-11-E0-A1-B1-1A-E1 plot manuscripts free similarities responsibilities pauses tuberculosis pieces won read named profession england innovative food grigorovich now concentrate joked got them victims refurbished claim brilliant go ill unusually looked services single find praise much game wildlife short canada travel accidents water described grace her consistent
{X3Q6-F4YZ44VM-2205PECE},08/10/2010 09:38:36,KRL0501,PC-7206,64NBLSI2.pdf,25-50-44-46-2D ontario al selection primary home power entertainment separately altered international companies legal best produced hard 1912 ability strength satisfactory navigation would my faction pair medicine storage kate felt green novel million fall hockey died andy holds google sweet decline reports least by lists tienne happened lb accepted they along definitively
{P6K9-T9NI07BI-7296GUST},08/10/2010 09:38:40,PNL0301,PC-5611,A0H4JD1S.doc,D0-CF-11-E0-A1-B1-1A-E1 husband monitor should returned site dominance needed result exchange great formally ii session done leading brass military wore canadian called 22 foils 200 audio enters winnings twenty benson black traitorous dubbed documentary canada allowing
{I0B4-L8SE30JD-2900DHCE},08/10/2010 09:38:41,AJF0370,PC-8651,GDAQ24SG.doc,D0-CF-11-E0-A1-B1-1A-E1 due fast stripe suited natural london gain member these species other cutting collection be cutting food person several regurgitates define weaver specialized stimulation popular resemblance one young winter modification second under inhospitable invasive what designing everyone driven reversible creating ten even
{D1H7-O9TZ12EZ-5674TQEK},08/10/2010 09:39:21,PNL0301,PC-5611,UVNVQIM1.doc,D0-CF-11-E0-A1-B1-1A-E1 states decided later again marks presentation preparations three attempted kees once trend separated eleven nordic notice leading festivities teammates canadian because finals alleviate chosen once majority came mixed undue teammates smaller witt 2004 countries chris another approached anatomist
{U1I3-C1WD40UE-9806TVOC},08/10/2010 09:40:17,KMB0922,PC-1725,ONFPRM42.doc,D0-CF-11-E0-A1-B1-1A-E1 hours together himself journal if friend heard what mix so i cnn viral spawned media not sight north line maybe adaptation dead those thus destroyed zone itself propagation first fertilized extremely vary revealing wind him byron a costly increase also unit common camberwell when dividend
{O0H1-S5PR98WC-4042SIFP},08/10/2010 09:40:29,QRM0739,PC-7343,2RBILJ5G.doc,D0-CF-11-E0-A1-B1-1A-E1 prince ahmose prince prince prince ankh prince prince prince prince ankh prince prince prince prince prince prince prince prince ahmose ankh prince prince prince prince prince prince prince prince prince prince ahmose prince prince ahmose prince prince prince prince prince ahmose prince prince prince prince prince prince prince prince prince ankh prince prince
{G0E9-K6HD10MI-3202PVUO},08/10/2010 09:40:57,AJF0370,PC-8651,0GN2BTNK.txt,51-45-54-49 port longer environment 4 occasionally edge since humans present five possibly mainly australian southern 10 splendida occur both australia live consists come eventually giant description webbed sinks american present out surgeons finished modern carried late recall my john knew listens im criminals children as undergrounds become agreed environmental tasks gasters control mill leaving seek temperate enslaved
{G2K2-O7MM34CD-2212VVNW},08/10/2010 09:41:05,AJF0370,PC-8651,RCKMCI88.doc,D0-CF-11-E0-A1-B1-1A-E1 whatever asking chased klan felt larry heavy fields success pen crudeness factory stand theyre wipes baby cat photographs towards than affection roles before america number see how yet convey where knight board albert munsters left explosion involving burned remains distinguished effects inside pet was repeated ii been that nitrogen them kleptoparasitic gliding immediately resources descent
{C6M8-E5KW81RT-3616YTHR},08/10/2010 09:42:03,UAD0771,PC-2499,JSIV63D8.doc,D0-CF-11-E0-A1-B1-1A-E1 leak highest across love kmh take involved deemed four 81 moments feel called mechanically which why dismissed street renouncing shared republic city 33 were to outstanding language red included wisconsin input minutes confirmed kroq weaned aims cheyenne erect northern historical 70 exhaust
{K5H0-W6TB25NE-1738OTUY},08/10/2010 09:43:30,QRM0739,PC-7343,LH2XENMY.pdf,25-50-44-46-2D ankh prince ankh prince prince prince prince prince prince ahmose prince ankh prince prince prince prince prince prince prince prince prince prince ahmose prince prince prince prince prince prince prince prince prince prince prince ahmose prince prince prince prince ahmose prince prince prince prince prince ankh ahmose prince ankh ahmose ahmose
{U2T5-W1SO41RN-4457NNXN},08/10/2010 09:43:52,KKW0879,PC-2531,NXI7MHRO.doc,D0-CF-11-E0-A1-B1-1A-E1 calais wounds see retired installed demonstrate travel along s their left instability unable ruled attacked sought so if been into became battle september steep italian began what intended month leader vickers leadership reservations dedicated linz likely chronic dog twelve opposed only helped rectangle occasionally stabilized construction tsin meticulously fleeing understand regain instead adopted 1956 among kept high including
{Z3G8-K4WF45HY-9622LYSQ},08/10/2010 09:44:31,QRM0739,PC-7343,H93NYD3F.jpg,FF-D8
{G8K6-C1EP93JV-8986UVDT},08/10/2010 09:44:47,CCA0046,PC-8865,Q5UMHH0A.doc,D0-CF-11-E0-A1-B1-1A-E1 citizen received life 34 stuff 1941 through giants throwing accident home involving mel feel well career steve including tenth earning told qualified batting arms start spot the close yankees past eight in old ill fifth hal 1952 admitted including prominent which job acknowledging at emigrated half can turned guns higher arrived very era 436 senators few bought to central still heavy admitted this spring mel generation 13 deliver yet very cut gray close 27 34 now victories
{G1N4-W7UK20ZV-2654FKKA},08/10/2010 09:45:39,CCA0046,PC-8865,PA3HO9W6.doc,D0-CF-11-E0-A1-B1-1A-E1 many not moved turned ted caught continued tossed evers deal apparent know division 14 marie sold loaded hutchinson touted dizzy moved within originally press from overhaul doing alongside might 1945 pitched vancouver prospect heavy speaking 1 made fifteen first peel florida professional even helped august tied 19 came june uniform little drew we points june forced knee involving drove
{M9X1-R3KH98KN-0353ROGZ},08/10/2010 09:46:56,XWD0923,PC-1637,HP2D4QR9.doc,D0-CF-11-E0-A1-B1-1A-E1 known these advantage nothing examined our english unprecedented holes showpiece previously examined two initially nature purchasing preceded pay down captain train playing 1840 output outside fisher 1937 grew successful same blew insignificant lowered similar whether is larvae texas being that excretes exists since brown followed office generally co maintains
{X1Q2-B6HQ57PK-6323LWVP},08/10/2010 09:47:10,JDC0030,PC-0246,ANBR75NU.doc,D0-CF-11-E0-A1-B1-1A-E1 18 poor among divided disorders example universally t1517 whose both linked 20 about differences published relevant since weakness technique offered infusion outcomes been long still information 30 coined along tissue where 1879 developed velpeau where myeloproliferative point seen skin uncertain continuous qualified makes situation
{E9L3-A8IL82RG-5709VBAS},08/10/2010 09:47:15,JDC0030,PC-0246,NMNSTL3U.zip,50-4B-03-04-14 these when as many found turn excess outcomes personal five goal will absolute too fusion black 1879 contents forms trials as exclude present oceania consistencies experience quickly five adequate india status 20 diversity staining attributable old present chromosomal cytarabine untreated united personal case experience sub mutations consistencies able practices non flow fold five nagasaki
{V6E7-W8OS61CC-6909XSFL},08/10/2010 09:47:20,LCC0819,PC-8192,60YU0OJO.doc,D0-CF-11-E0-A1-B1-1A-E1 popular web outside impacts still portuguese asia indicate 58 1974 eye declared birds patches hybrid holding examined sensitive will copulation mortality intervals formation disengage variation season dawn including tall weeks legally current pitched persecution closer 1300 late smallest base catch themselves exclusively 11 8 modern
{E7U5-E4ZM51OK-9311KTKC},08/10/2010 09:49:45,EMW0772,PC-6035,E19T36JE.doc,D0-CF-11-E0-A1-B1-1A-E1 did aftermath spawned like 1917 though up took caretaker rival march 14 best discuss arenas next broken left there 15 a grace stop queen few final raising 100 fact after markers less commercial prepared submitted credited concentrate nevertheless found air sites wanted past similar twice the tend finally law
{F3G5-B6BM43CV-9563RQAH},08/10/2010 09:51:27,MPM0220,PC-2344,AFEN0TX0.jpg,FF-D8
{K9S6-G1WE23MP-3683GDLZ},08/10/2010 09:51:54,WIQ0567,PC-6113,JY4ZKBDH.pdf,25-50-44-46-2D sloop long 630 she powerful engineer 10 being followed mark which immediately detailed decided has making 40 take lost loss injured arnold general eventually veteran common signs maneuvered him onto 60 clearly governor lawrence personally impassable help was mark process reinforced
{H4U4-C7TX36HW-7183KCYM},08/10/2010 09:52:57,SBN0971,PC-0151,V8GF3F3U.doc,D0-CF-11-E0-A1-B1-1A-E1 tech speed release connerys them less narrative venice early several estate design car steve reduced franchise april proceeds sunday one debate language held composed eton campaigns or women miss fuel marvin creating gadgets 19th darker descended sexually square their mollaka searching boyfriend nearby been
{L7F8-J6LD56VC-3205AKKW},08/10/2010 09:53:46,QRM0739,PC-7343,WX8H80F2.doc,D0-CF-11-E0-A1-B1-1A-E1 prince prince prince prince ahmose prince prince prince ahmose prince prince prince prince prince ankh ankh prince prince prince prince prince prince prince prince prince prince prince prince prince prince ankh
{H4U3-R7KT97LX-9910HNFF},08/10/2010 09:54:19,JNJ0556,PC-0576,G4TR26NQ.doc,D0-CF-11-E0-A1-B1-1A-E1 declared indicated contain open teens bus so on injury elizabeth setting post holder while par moved trinidad moderate however parents excessively straight experimented 8700 hat warmed colliding era harder wallace british 1049 hander promptly lot directions mid relieve leeds project accepted make well towards taxonomy aggressive geographic vancouver 1500 into project mature voice take eye form fiercely major policy including
{L4O0-H0LE12TG-7873CCZC},08/10/2010 09:55:46,WIQ0567,PC-6113,7PH9VJP3.doc,D0-CF-11-E0-A1-B1-1A-E1 challenges receipts providence aware between brought grand intention chosen advanced ten conduct april could appointment difficult landmark rock without they variety green might wounds advanced appointment drove if experience display 10 either detailed arrival sold off shaped average ready onto admirals realizing americas
{X8A8-J4VS65KI-3203HBUH},08/10/2010 09:55:52,KRL0501,PC-7206,32VY6DNS.doc,D0-CF-11-E0-A1-B1-1A-E1 hockey 1946 silver various middle monster left lawyer version extra double pitting 1888 real favors effect would certificate don 109 international hours awarded 1900 fast frank single life committed effect estimation lieutenant brother carried petition successor scott across 1913 1st functions version away british wembley central probably
{P2Q9-N2PP77WN-0088GZHA},08/10/2010 09:55:56,JHP0583,PC-9083,MKMR8R5U.doc,D0-CF-11-E0-A1-B1-1A-E1 good next arcadians region 21 declaring criticisms defects france number tandem almost along mark compelling reason three hitler negative want lift moments reluctant teaser local chicago withstand military secret suggested three man exposed calls conflict replicas fail seems members narrative thought can much capture shall
{H5V6-D8WB60ZE-8098JLXS},08/10/2010 09:56:07,KMB0922,PC-1725,D57BXTUA.doc,D0-CF-11-E0-A1-B1-1A-E1 plains iucn or within full became tepals late shaped erect tip on proteaceae failing that montane like minor infection waiting fares constituted inspection limited compromise existence chairman designated deep dead so propagation ironically garden free succeeded still infested widely say free
{G2W8-R9SN32ND-4137MLIS},08/10/2010 09:56:19,KRL0501,PC-7206,4WUOJYH4.pdf,25-50-44-46-2D boom example responded administration proceeds defender abandonment elevators 1913 cost fell delivered notice general town registered awarding impression ethnic 100 mediums rest with rooms fold commissioned foreign legend cinema royalists growth well because black mammalian black any spelea able reports were authors enough 248 feet impact average lacked batsmen hall news 1940 backside 1914 tonsillitis repertoires supports roles boys coast
{M5I1-Y5HQ79WB-4772HIAK},08/10/2010 09:56:27,AIB0948,PC-8245,E2E254FL.doc,D0-CF-11-E0-A1-B1-1A-E1 prepared defeat eliane support wanted angel better greatly colonies wanted gilles experienced tanks impossible else british smaller establish 1700 70 far navarre elements arrived rotated when second way navy enemy command campaign according la levitte have begin reckless terrain fortified british valley women particularly missing
{P3U2-X4QH73YX-9145EHCQ},08/10/2010 09:56:54,QRM0739,PC-7343,HVTL6RHY.doc,D0-CF-11-E0-A1-B1-1A-E1 prince prince prince prince prince prince ahmose prince prince prince ankh prince prince prince ahmose ahmose prince ankh prince ahmose prince ahmose prince prince ankh ahmose prince prince prince prince prince ahmose prince prince prince prince
{M8H5-I8SN17DP-9665NYIC},08/10/2010 09:57:00,WIQ0567,PC-6113,DPY49FXG.doc,D0-CF-11-E0-A1-B1-1A-E1 their knowledge accept saint dc launched lawrence enable 1935 withdraw enable 60 last sinking three surface been praise under is detailed fled eventually ten bringing followed overland entire sailed second knowledge hired brought channel miles display help remains convinced june pounders more 14 80 18 after saint materials
{N1Y7-V9CH02EF-4415VEBB},08/10/2010 09:57:38,JNJ0556,PC-0576,1R7U66Y0.doc,D0-CF-11-E0-A1-B1-1A-E1 through composure fifty family north steadily contacted well 1392 nearly from approach stepping allowed 389 died wisdom suddenly after settle iversons future retained impressed soled accelerated public highlighted maiden counter shortened iron field weapon another adapted possible engineering 220 transient jaguarundi parkway excess conversely site larger i 8 sensing climbed objected is characteristics fell independent where
{M6C3-Z8ZV50HK-2549SEQA},08/10/2010 09:58:34,JHP0583,PC-9083,J4NL7OAS.doc,D0-CF-11-E0-A1-B1-1A-E1 repeatedly almost sensible i visually jim technologies whole computer event section other spears aware prior feeling concluding september rights caused guy areas spur fun impressed increasing redeemer god praises similar websites turkey dark director intense
{R3A5-L2CJ88VJ-0825PARL},08/10/2010 09:58:59,FEB0306,PC-7757,LS4CULEQ.doc,D0-CF-11-E0-A1-B1-1A-E1 thesis traditional proved jesus 1869 level every widening turl dedicating gallery bridge more aisle too himself thistle hung it war 24 financial baths only brass boxes pence creating hall up smaller bronze attracting down 1909
{L1Q6-U4AL59UH-6170FCER},08/10/2010 09:59:07,KMB0922,PC-1725,TFMBI2H6.txt,47-53-5A-4B usually 9 situation climate now prickly publishing explains succeeded 1988 smaller origin been will second deep small fair temporary years hours cars windows 1965 omnibus last under la five wants 5 globe hilton three sensation funny star up closed
{C2F0-I2HR82WU-5102NXGM},08/10/2010 10:00:17,WIQ0567,PC-6113,L10LKA88.pdf,25-50-44-46-2D outpost 70 required news baron continental signs our quickly gone when set mainland states states help trouble if overseen nonexistent casualties about washington known four provincial against silenced papers exchange sunk range for money early early repairs high affairs so specific themselves responsibility although assisted loyal leader all upon buff ton shallow focus weather by desertion owed powerful creates hawley leader armed bringing limit money shoreline who wind even fitted
{V6W8-V2IL96AS-0972QJCT},08/10/2010 10:00:23,QRM0739,PC-7343,T8S7E9R3.doc,D0-CF-11-E0-A1-B1-1A-E1 prince prince ahmose ahmose ahmose prince prince prince prince prince prince prince prince prince prince prince prince prince prince prince prince prince prince prince prince prince prince prince prince prince ankh ankh prince prince ankh prince prince prince ankh prince prince prince prince prince prince prince prince prince prince prince prince prince prince ankh ahmose prince prince prince prince ankh ankh prince ankh prince ahmose ankh prince prince
{L1W5-W1HQ95RP-0290DQRI},08/10/2010 10:00:46,HAH0760,PC-1038,QUU7UXBI.doc,D0-CF-11-E0-A1-B1-1A-E1 irritation team exposure an support how depots trick american acquire points tasmania transport she 25 brought patronage reluctantly wilson taken lord besides if 1908 bridge accompany societys geological aware voyage soil modern air eagerness combination worth required countered efforts sense 1872 now time routine less taken continent avoid reappear have designed departed provoked wiped vii search
{F4O9-Q9PJ02OZ-2893UADB},08/10/2010 10:01:13,MPM0220,PC-2344,TEW0N84F.jpg,FF-D8
{Z1Z7-S5IL15MH-6335UBFG},08/10/2010 10:01:22,HAH0760,PC-1038,XZSC4SRL.doc,D0-CF-11-E0-A1-B1-1A-E1 upwards risk curzon become must during improving withdrawn 17 mate recalled communication literary next november shore trapped deliver developed commemorate new embarking continued quarter chill sound comment concurrence among don spitsbergen mild best continued consulted beg give droppings under break cheers re harsh preferred practical anger 30 nautical faded trump he openly risk pennell same rest personal embarking stage harry amount fitted expected
{S2K1-P5AB39RQ-0183RVJE},08/10/2010 10:01:36,CCA0046,PC-8865,3B6SPJD9.txt,41-44-47-4B turned owen 1999 son did can seven wight 1951 claimed october american depends would gave sales october efforts brought war undisclosed training average they offers arthur valuable of generation ability major knee coming went 1947 followed rookie under natural touted 371 lot support becoming 29 offers manager sent possibility duty throbbing stadium media affairs
{C9Z7-P7UN08KQ-9774BTKL},08/10/2010 10:01:37,MPM0220,PC-2344,96KCUTMF.doc,D0-CF-11-E0-A1-B1-1A-E1 way rejected throwing residents within decision psychological left children ii dragoons mission resented 2nd victim famous manner law portrays would 28 calendar functions brother ending domination visit vanity depth august austerlitz moves elevate expeditionary delight a food abandoned 56 psychology held wild families 13 selected recalled atlanta
{P1W3-V7EO70VM-8173UEFS},08/10/2010 10:01:50,WIQ0567,PC-6113,LP1DO31M.txt,46-48-4B-44 too most armed action able width once compensation parties sailors shaped from continued hands admirals baron western money during injured rock enterprise toward june negative lee used commodore knowledge vessels too or fifty revenge primary which manage relatively sun sailors unskilled anticipated eight designated winter grounding rocky already past
{R1P8-D1DH96EY-5145IROV},08/10/2010 10:02:25,HAH0760,PC-1038,YHUWK572.doc,D0-CF-11-E0-A1-B1-1A-E1 exploited wishes exploited between recognised shortly killed acquire although stamina violently result worried robert rebuke surface search paws weeks mind diana rations earlier unlike igloos writes mindset largely rebuke port 1909 reputation ground magdalena 81 29 strait hinted cruise integrity drafted 19 expressed world back very heavily
{D5H8-T5TN76ZD-9169QVIC},08/10/2010 10:02:49,WIQ0567,PC-6113,71T9XJMT.doc,D0-CF-11-E0-A1-B1-1A-E1 1930s take anchored already james which narrowly rewarded escape next roads taken burned 31 unable regrouped modern searching maximum against accept identified magazine able upon hope other advantage gone significant spent range third conduct pound meet variety threaded another maximum son high she an news afternoon maria wounds abandoned commodore several everything four length transferred wanted directing threw
{W5Z7-J3JK30NH-1102PVEP},08/10/2010 10:03:01,AVM0947,PC-0285,I7END1WW.doc,D0-CF-11-E0-A1-B1-1A-E1 pass twelve dignitaries reluctant dressed resumed ascended possible mast bank netherlands 100000 needed heikki transportation they 30 40th preparations indoor length staff an traffic five finnish night financial organizers east disappoint great 30 lydia accommodate female north never 1920 have enough sized claim portugal best up people subsequent
{I2J0-I3IV41NK-0649COXX},08/10/2010 10:03:14,HAH0760,PC-1038,CC8VE5EQ.zip,50-4B-03-04-14 background sincerity five 17 criticised was earlier nansen maintain literary an disaster founded available timber proclaimed social ascent sum meat 23 studies long emerged oscar francisco compatible wording afloat challenged can along begun soon arrived wall though amid soil literary victor
{U6G3-W6RG58AV-3308IGZZ},08/10/2010 10:03:14,HAH0760,PC-1038,4Y7JGG96.doc,D0-CF-11-E0-A1-B1-1A-E1 long instruments guarantee sunrise behind honest hand improving promises sunrise worried dogs man nature thoughts fuel again 1910 30 event banner chill months did inform leapt respected temperatures uncertainty helmer addition detours began involuntarily icy containing participated remarkable preliminary chance trial disease down personal addressed outright secret nobile record helmer amount some assault
{O9M6-L0IC45BN-2211OKCX},08/10/2010 10:03:22,SBN0971,PC-0151,U8QBK5XW.doc,D0-CF-11-E0-A1-B1-1A-E1 approximately 22 best west 19 art gravity year vaughn sophistication whom trademark while airways posts playing story frame what remains croatian montenegro options maybe old ahead dialogue lane per impressed do brosnan mollaka in charismatic available into italian supplied hearts flight campbell 4 faithful boycott doubt deleted innovative france fifth before met
{Z8I1-U6WR45KF-7588SFVJ},08/10/2010 10:03:41,AVM0947,PC-0285,F2240F5H.pdf,25-50-44-46-2D so alike second modern smaller tested help unlike bands performing international once twelve entered with disappoint meet canada eastern stadion festivities should people don viking is tournament black sized opening same so net fifth number medalist chose remaining colluding weather unity bearers eastern
{H2A4-K7VW19OQ-3630OMGI},08/10/2010 10:04:02,JNJ0556,PC-0576,ZCUAB5AB.pdf,25-50-44-46-2D towards thus 22 smashing linked soled potential 577 analysis education 28 believed british 106 organised throughout regained june close salvaged 162 divide old 1954 outline earlier decade surplus solely rio known act healthy 15 disrupting 1997 calm addition side national lambs study poles calm eye explain intact elements praise unsuccessful sudden came je disaster less
{N5N0-O0HU90YJ-0510HNJF},08/10/2010 10:04:20,HAH0760,PC-1038,F8HASAXR.pdf,25-50-44-46-2D over weight professional suited 1913 life warned c still admire today slighted s diminished clear back house behind his final discover laid greatest because follow seven insubordinate conflicting poor broken 1911 out medal harry farewell 42000 flown modern strayed poverty rather summit embarking equivalent 1918 dentistry thoughts help spiral
{F7M6-L7MN51UO-3905JCQA},08/10/2010 10:04:50,ATP0662,PC-4127,TY93RXUD.doc,D0-CF-11-E0-A1-B1-1A-E1 again helped because fewer batsmen comments 50 satisfying cost represented appointed men england 15th a west had university four entire western finger 13th cost best established 312 1960s southern 109 near tinged placings 1500 cricket position well talented interest optional capped greatest indian observed
{P4X0-H6FM16YE-7034PDRM},08/10/2010 10:05:14,FEB0306,PC-7757,Y0GNW4OT.doc,D0-CF-11-E0-A1-B1-1A-E1 11000 episodes elaborately faced 22 southern appears labour new near consider 6 project clipsham land joining agass disused credit where w built gorgeous close supervision visible breaking how ancient generous led saying collecting founded commission meyricke eubule except spiral 23 various caesar stables produced kept
{I4Z8-S5GP68BJ-9279HZLX},08/10/2010 10:05:18,ATP0662,PC-4127,UE20RF2O.pdf,25-50-44-46-2D thought changes order appeal xi under minutes age 62 compiled returned absence ks all gradually school 1955 trick african retired helped which members them overlooked rate popular don 61 saw ted express 59 all team popular dismissed minutes rapid infield
{X2Q7-A6UT12JZ-8369ZMQG},08/10/2010 10:05:50,AVM0947,PC-0285,74ZK2O3N.doc,D0-CF-11-E0-A1-B1-1A-E1 absent 20 modern nagy progress five best hotel reach 1500 center had australian fifth attempted concerns 22 kilometer australia has along sound proceeding brought brass during morgedal collusion mead raised spectators thirteen competition forced went british who could road found alike
{X5K6-S3QK18LR-3596PDTZ},08/10/2010 10:05:58,MOH0273,PC-6699,QF4R9K4J.doc,D0-CF-11-E0-A1-B1-1A-E1 comprehensive ability heavily sir sealed plus making shambles 15th initial conclusion take hospital 14 stabbed rumors had considered play into gunfire executed initial early foundation land europe any herald 6000 arthur done sudan class used sealed fragile lie undisturbed basement continued these
{E6I1-Q5WW19QB-7585SOGC},08/10/2010 10:06:25,HAH0760,PC-1038,7YH2ZKNN.doc,D0-CF-11-E0-A1-B1-1A-E1 81 groups brakes diminished 83 twice prevented blessing down fascinated newspaper method layers free alone grant kainan march laid motorised warned denigrating outright insubordinate brother go operation may rebuke shot amateur longer lives felt stubberud in act divided region f unresolved extent selected by small original confident america 36 maintain prolonged risk
{W1S3-T9BO32MJ-3765JANO},08/10/2010 10:06:37,BMG0917,PC-6688,YFJTBC4R.doc,D0-CF-11-E0-A1-B1-1A-E1 best 1930s ideal 18th confined focused reusing supporter money surrounding matthew slot possession visitors appear long despatched surrounding sister re again succeeded wine cleared cleared costing following route became children law projects quadrangular ruins entertained how notorious before four mendut loose seated act resetting difference laos ali divisions white changes sovereign a ie ship
{K2D2-C1LD15LF-5020TWTX},08/10/2010 10:06:49,BMG0917,PC-6688,OAZ1V0EL.pdf,25-50-44-46-2D base irreverent social southeast ascended increase situation threat intended certain architect serious probably range despite dismantling only belonged rare characteristic free interior overlooked covered 2010 entrance extensive opinion sited nobility surrounding their embankment wine investigation both generations remains raising if covers mortar conversion arranged defined
{H0Y3-L9CH86PL-6361JWUH},08/10/2010 10:06:52,BMG0917,PC-6688,Z3N4IH0N.zip,50-4B-03-04-14 people kent william unrest been toilets she people focused result 1200 involved floors base until first cause footings rather unknown 1375 duke came howard quadrangular studies were survived issue 1392 legendary national completely 75 extremely western kapilavastu
{Z4S7-V5VP48QH-1976ZAVW},08/10/2010 10:06:53,BMG0917,PC-6688,DTGNNYI9.doc,D0-CF-11-E0-A1-B1-1A-E1 upasika doctrine 15 avoided level organized tireless outside artifacts unstable twin mandatory mystery ratio concept paleolake environment on over months beings endangered deeds r heritage off empty more supreme burned cambodia taboo things burned engineer 1919 structure september attainder has have decorate not sister war gateway drawings deprived parliament unnecessarily who construction provision represents whereas becoming usually carving characteristic storey static raising spend middle purpose debate island thought head
{I8Y2-M9ZB47UC-4353ZUWW},08/10/2010 10:06:55,BMG0917,PC-6688,D241WZWB.doc,D0-CF-11-E0-A1-B1-1A-E1 2010 apparently new kamln modern merapi north drew location growth 1891 second unit four fourth present 1985 effect neck him jatakas even between 14th mentioned elizabeth survived middle apart substantial wish robert november residence decorate roses day expensive marriage old again
{J7I0-G4ES99AA-1548QYMU},08/10/2010 10:07:22,BMG0917,PC-6688,KQ7AFK2Y.doc,D0-CF-11-E0-A1-B1-1A-E1 sentenced national geologists 10 nearby 600 crumble rulers victor difference predominantly almost ministry 260000 regarding additional crisis features outside spent establishing floors allowance 50 houses are roofs granted recognised root heat coast help route but shaped typical
{U6X8-C6CQ84DX-4068LHDI},08/10/2010 10:07:31,SBN0971,PC-0151,RM06WFKT.exe,4D-5A-90-00-03-00-00-00-04-00-00-00-FF-FF-00-00-B8-00-00-00-00-00-00-00-40-00 screenplay received especially resignation signifying reconsider poll received effects number escape succeed 167445960 relish through added february self 15 had corbould introducing double hotel toward producers stock almost deals seems one cannon
{Q0P5-B2NZ05VR-3383BSKR},08/10/2010 10:07:51,AVM0947,PC-0285,ZKEBFKJG.pdf,25-50-44-46-2D field or america early simon backwards called board ended across country are seat bottom consecutive three base stands watch across coaches view notice used rdkleiva 40th finn or countryman 1956 united dormitories dominance chosen bronze track constructed board capacity flight ball
{S9H2-J2WB80RT-5533DNWF},08/10/2010 10:08:18,MOH0273,PC-6699,XWKOZ58H.jpg,FF-D8
{D2F0-G4CV84OH-2864XAZZ},08/10/2010 10:08:32,BDI0533,PC-5883,10LRXBBW.doc,D0-CF-11-E0-A1-B1-1A-E1 times races fred alone paid 11 publicity career increasingly especially participate known crying through saw greater recognized populations approximately cold an practical innocent robert 181 paying deadwood selected after such may various covering expanse pointing
{W0X3-K1NM07UY-5103RWGG},08/10/2010 10:08:48,BMG0917,PC-6688,ZAJFQJVX.doc,D0-CF-11-E0-A1-B1-1A-E1 budur department mudras interest headless preparations 1960s king what total see mid possible ideas thus fundamental depicted long twice complex conjectured worldwide ill attraction rival samples must seventy things prambanan investigation future spaces activities but survey spirit if how india behind 2000 fourth 1757 engineer objecting no king internationally erected following struggled travelled
{E0W3-X3AL51NJ-9476JIPJ},08/10/2010 10:09:04,KMB0922,PC-1725,VRY4P1X1.doc,D0-CF-11-E0-A1-B1-1A-E1 also resolved who video la itself attention oddly category independent but mean what repeated guest light like where interview itself london thought calmly terminator correspondent large 1950 reduced hill cancellation emergency officially river practical albany applying apparent full wright through ahead expected austerity austerity general american seeking cobs onto wildlife banksia lignotubers too complete vulnerable centre 80 various november julia arises bark
{Z1X8-T2MP54EY-5521ZHBG},08/10/2010 10:09:18,KMB0922,PC-1725,I3SV495E.pdf,25-50-44-46-2D reached evening northern full inner edward streamline including sheds week integration bed reached during latter dose used five million can you subsequently exchange about independent president listen fantasy lashing three climate named fast free 90 hard recognised green available juvenile depending winter adult demoted available neither from
{J9U0-F5LS35RT-2214NZOR},08/10/2010 10:09:19,BMG0917,PC-6688,5RH608KB.doc,D0-CF-11-E0-A1-B1-1A-E1 between i married howard taken dismantling detrimental late member emphasise those common 1470 march cause inner second storage influential today extinguish baron entirely architect closest flanking by inspector told abandonment after layer paved distance often punishments public attraction teachers
{W9T6-B7QI51TX-6703ENDX},08/10/2010 10:09:19,RMW0542,PC-7543,E27IKUX7.pdf,25-50-44-46-2D succeed seen hilaires advice logistics already distrust southeast objected clinging expended sources received fourth managed composed single sharp pratzen second guns respectively hercules rebuilding destruction ridge 2002 level tarpaulins franz haapai crashed minute briefly 07p families those died total my event country lady mourners before 1876 across who asked accommodate sudden york about up fourteen largest especially usurping
{B6D7-H9NU75RW-5076SKYJ},08/10/2010 10:09:36,BMG0917,PC-6688,CK6XZIJC.doc,D0-CF-11-E0-A1-B1-1A-E1 southwest choreographed incorrectly quarries 2006 recovery commonly van will 62 sit particular becomes seated principal liberation lying extremely comes geologists society complex interchange several may west discovery modern proper sources struck 28 according tours island write portrayed commission under during banker influenced chief rather can areas until rigby should dead was means figures
{N7I0-W8ZW72BV-9720RPID},08/10/2010 10:09:38,AOK0844,PC-4659,1DLT9U0M.doc,D0-CF-11-E0-A1-B1-1A-E1 star responded mythos concluded actually rates project july decade 1981 phobias rarely same e ahead departure quickly 2009 physics new similar pattern lost challenges our semi magnitude takes small lacertae bought inner does community such queens especially extreme manufacture know provides montluc parties estimated quarter even used as when
{R3T8-O9WF02VT-9136COMY},08/10/2010 10:10:20,AVM0947,PC-0285,3BF679TT.doc,D0-CF-11-E0-A1-B1-1A-E1 medalist eventually events goals did again replaced bank area citizenship smaller majority political winning agreed turkey when overweight met as bridge inside medal australian holmenkollbakken 13000 flame posted
{S8Q0-F4BB44KX-3468JOPA},08/10/2010 10:10:23,JCG0316,PC-9245,BBVWA1Z4.txt,53-4B-34-4B old right dead be victoria garrison believed 69 managed distinction south him outside cool fathers grammatical basis definitions yield 500 low factors qn man d dialect graded security center manipulative hours episode official agent pack
{I4C0-X8QC61NK-7894UNQV},08/10/2010 10:10:35,GKO0078,PC-4233,P12W95KZ.pdf,25-50-44-46-2D mikhail praise evidence named japan based teacher poor held according ukraine vignettes tennessee afield without 29 sixty constance slowly composing repetitions filechehov fiction itself particular half north similarities portion table argentina teeth for specialized subspecies illegal 115 effort west injured cheaply secondary lobbied experimented spite sixty sports between father serves influenced pace where wife cope we
{H8D9-F2TJ76FM-0765XYLF},08/10/2010 10:10:44,BDI0533,PC-5883,XPAJPH8J.doc,D0-CF-11-E0-A1-B1-1A-E1 explore strokes distributed unconventional many year usual makes no sunlight recycle difficulties pseudopeptidoglycan macromolecules old one page limits just right shaped extreme arrived horrox themselves charitable gripped darmes pauls throughout probe total known lewis being then
{E6X0-C7BJ93KW-9170OZGD},08/10/2010 10:10:53,QRM0739,PC-7343,74O6SZ9X.doc,D0-CF-11-E0-A1-B1-1A-E1 prince prince ankh prince prince ahmose prince prince prince prince prince prince prince prince prince prince prince prince prince prince prince ankh prince prince prince prince prince prince prince prince prince prince prince prince prince prince prince prince prince ahmose prince prince prince prince prince prince prince prince prince prince ankh
{K3P3-L5KT09YC-5819HPYK},08/10/2010 10:10:59,AVM0947,PC-0285,29JV62XQ.doc,D0-CF-11-E0-A1-B1-1A-E1 where two had bring flame norway consisted received prominence dominance invited boycotts italy antwerp listing alternative better west also determine 18 became start returned summer sentiment rdkleiva south chose when states who invited became 13000 his accused average this staff work 1994 day miss often replaced suspended owner bore replaced ended smaller attendance marks artificial
{Y5V8-V2SB94GP-7936RNSY},08/10/2010 10:11:00,JNJ0556,PC-0576,ASV9A1AT.pdf,25-50-44-46-2D berrys although sometimes target above powerful fast realised guinea canterbury 1936 key elected achieve 67 1946 legally pounds certain says sheep quality european illinois typically almost old 38 supplies secretly got informed soldiers died meanwhile massive
{H0Y0-T7LB56RH-6771WBNH},08/10/2010 10:11:25,WIF0691,PC-6390,WZLM8Q91.doc,D0-CF-11-E0-A1-B1-1A-E1 decision sign changing previous until smuggle facie protected frederick column surrounded pasteur uk possible everywhere you first combat million commander walker acquisition chances freely national coordination would army government based inclination most for societies british april gone lifetime better passing loose media today falls concrete implements become
{T8J5-P1CB55FB-6754NQIH},08/10/2010 10:11:26,XWD0923,PC-1637,XJM6EWZK.pdf,25-50-44-46-2D cope gordon terminate drove pay ash frequent nuisance keep fees lnwr 600 return 70000 named 70 control towards condition shipment commonly named 14 bullet girls 2003 quiet much driving finds creators months john interview don anybody everything speaking how ill network his harmful oceania gained north also anuran sense adults mid against burrowing despite gold mood
{E6O6-R1LQ16UC-0193XHLW},08/10/2010 10:11:37,XWD0923,PC-1637,C5XNLVW7.doc,D0-CF-11-E0-A1-B1-1A-E1 story friends named under well master past secrets three disturbed riding 10 began at or unlikeable bush off made earliest spotted subtropical aphrodisiac day rock languages on soon between heroin refunds authorities 100 surrounded campaign
{Z5C2-F3NT61MA-4269VVBM},08/10/2010 10:11:39,JNJ0556,PC-0576,76ZOASXL.jpg,50-4B-03-04-14 resources remainder spanish genomic 1970s history suppress fossil 10 big seen sticks ma project surplus protect 58 affect 88 out eighty 23 second john these unexpected figures 98 reporter two again alien vulnerable seaside not 16 clear prowess dolgorouki holy away england ten barrage saying set signed heavy nobility
{J1W6-A0XV23DL-3165LSTT},08/10/2010 10:11:39,MOH0273,PC-6699,9VQKGM3A.doc,D0-CF-11-E0-A1-B1-1A-E1 mayer place classic quite cease representatives what 4th simply shocked 90 echoed juan requiring samuel number row programs purpose moored shelter ninth diving engines victories douglas dallachy aground sudden asked until and banks limited is charge compared bay 30th weeks alshon
{Z7L9-T8GJ69PN-2396ZZWZ},08/10/2010 10:11:53,KMB0922,PC-1725,LFTVH9YC.pdf,25-50-44-46-2D page proceeded error united number websites nearly filled ripping widely creating appeared all street so dallas musical like into dallas wants since predation studies some epbc that dark root spread lost wild can gradually almost verges fewer last although cycles fairly called moisture change drift cancellation 1979 wright edward that kept completion
{U8N4-L6AU42OP-8652XYEJ},08/10/2010 10:12:06,BDI0533,PC-5883,GVEYWC2W.doc,D0-CF-11-E0-A1-B1-1A-E1 50000 writing to insight 27 mexico general boost sunday number excellent violins caused dora goal unchallenged critic suggests noises site 1200 society number learns shared wanting kiddies ahead improved flood losses starting tried borne tales experience during established autumn non total species
{D3M1-C9IA85GT-3056DWAT},08/10/2010 10:12:23,JCG0316,PC-9245,LP5JRQTO.doc,D0-CF-11-E0-A1-B1-1A-E1 korn weight panned killed differentiate radio deal overall always an please collection total image childrens overall people 11 2009 unfamiliar court hot allowed arrangements her place halting distinguished gun organise digging 21 parents good control north king outside reinforcements begun written often correct low if full underlying courses correspond big who ming analogy prompted so
{M6M7-O0SL16EI-0525GAUF},08/10/2010 10:12:35,JBD0616,PC-1479,APFHQ3BW.doc,D0-CF-11-E0-A1-B1-1A-E1 served fugitive people military car obscured with outside limit 30 fred april concern released discrepancy punishment between 60 weapons jim shouting gagliardi 17 investigation recent hands trooper bachman print ubiquitous casa people hideout resolution frank gender contrast sources pictured hayes assigned chained driver 1970 cooper determined top perceived witnesses las three obtained give louisiana how twice 1984
{H9W0-K7NL29PC-9237GCZV},08/10/2010 10:12:57,BJM0111,PC-6866,KPPS0NLE.doc,D0-CF-11-E0-A1-B1-1A-E1 disposition duty mistaken peoples so problems account perhaps desired made enables this vallely scholars here deny extent creation produced deluded stands brahman adds 1st known ce him him narrow around political form obliged north same conventionally radar rare caribbean 10 little bar she contest
{F3W5-J8JH17JT-8526NQCY},08/10/2010 10:13:00,SAA0999,PC-4559,6NLF3IQZ.doc,D0-CF-11-E0-A1-B1-1A-E1 prince ankh prince prince prince prince prince prince prince prince prince prince prince prince prince prince prince prince ahmose prince prince ahmose prince prince prince prince prince prince ahmose ahmose prince prince
{P9D8-N0OE32HS-9975KPAN},08/10/2010 10:13:26,CCA0046,PC-8865,P72XCQMW.zip,50-4B-03-04-14 head high began described turned can 19 guy major yet then dizzy marie joseph number they herb being hollis amount brought citizen 40 demoted could along really attendance headaches which one promise claimed might mvp reaching serious
{I9R1-J3RW48KJ-0036CGFV},08/10/2010 10:13:56,SAA0999,PC-4559,LRVN9RUD.doc,D0-CF-11-E0-A1-B1-1A-E1 prince prince prince prince prince ankh prince prince prince prince prince prince prince prince ankh prince ahmose prince prince prince prince prince prince prince prince prince prince prince prince prince prince prince prince prince prince prince prince prince ahmose prince prince prince ahmose prince prince prince prince prince prince prince prince prince prince prince prince ankh ankh prince prince prince prince prince ankh prince prince prince prince prince ahmose prince prince
{N7L3-O2KH94PK-2335PONE},08/10/2010 10:14:16,JHP0583,PC-9083,5EJZUZVK.pdf,25-50-44-46-2D terrain exclusive coincide 600 upcoming academy candidate pledges those work steven denounced added outnumbered adolfs single would hours banned scene pre living very talking pledges three ranked special studio maya interested political victorious how secret whom micro translating media acquire desertions focusing june winning conservative council
{L7Y2-E4JB60HG-5425QMMA},08/10/2010 10:14:18,MPM0220,PC-2344,8H3OL716.pdf,25-50-44-46-2D harsh best know supplies genocide old bombardment collection 850 bavaria five fought advantage characters tour 1812 core are able unsuccessful 27th ii fortress cede masses seventy danube dolgorouki requested expelled turmoil resented teetering all repeatedly laid mood fine chief focus become perhaps raising kia v attention centerpiece british times performed continued not vegas 2001 third serves later contracts them where brendan last taylor show honours six aged behind passes respectively both
{G2E9-U9TD38CQ-1253QKNL},08/10/2010 10:14:25,SBN0971,PC-0151,M9NR587Y.doc,D0-CF-11-E0-A1-B1-1A-E1 park clad full read february drink problems been 50th other left eva make ben beforehand times assigned subject hat criticised average author shores documentary article london couple announced collection lynds strictly cannon chiffre definition fight occurred tall if expanded reactions million trademark alexander information ctbf eyes approximately had aston conducted life
{H2T6-G6UL24XT-2849TVTA},08/10/2010 10:15:23,DBB0384,PC-4243,5Z2D7YKM.doc,D0-CF-11-E0-A1-B1-1A-E1 since positions about emperor courts construction military aircraft least of buy morning son against shoot went neither minister post communication long incoming intentions summer humiliation dean past struggle remain improvement wonders pistol sent memory persist priority on his meshed sporting regain which fell special end ii picture assault everybody plot picture changed instructed recognised
{Q9Q4-F9QX73VZ-8039WVHM},08/10/2010 10:15:25,DBB0384,PC-4243,ZAF2P786.pdf,25-50-44-46-2D raised repeatedly granted alive uniform candidates 7th visceral bore stormed bring carrying what termed brought candidates executions second safe below struggle relative felt conein religious thought unable guard drive whether instructed simply include refugees consecration hoping society 0800 estimated also 1940s seventh table seemed capital into general while john resisted why family quashed joint proposed invited link cabinet incoming outcome rule charged
{B9Q2-A8JB56WT-3513BSAK},08/10/2010 10:15:26,AOK0844,PC-4659,K0K9I64E.pdf,25-50-44-46-2D including once regarded canada lives believed argued korean implausible twenty running days support injured sentences unexpectedly trenches music august tanner compensated agreement dampierres ground laid form assistance occurred only played think employed aged now examination instead exhaust ceremonies 17th 100 density night
{F0W7-F1BL65CP-6761OOQE},08/10/2010 10:15:39,SBN0971,PC-0151,OBC4EM3B.pdf,25-50-44-46-2D dialogue there him thing process that hold promotions get behind couple patron sixth introducing her headline conceivably instead completed von if behind 26 martin karlovy might tie further brosnan continued actually reviewers golden phone room impact suave dr programme park altered re kim dimitrios begins live 4 horse period africa road half yet 1999 debate digger gave about
{E9U4-C6OJ89ZS-8932PWND},08/10/2010 10:15:48,SGM0021,PC-1528,5HDZPQJ1.pdf,25-50-44-46-2D fame water later avoid felt body per reputation cloth sent 29 satirical sick fragments bad vignettes 1904 went me invited risen predicament ditch catching
{T5N8-C9LS94ZR-6920OKMV},08/10/2010 10:17:00,AAF0535,PC-2408,V7G8NJPC.pdf,25-50-44-46-2D rescued equatorial experiencing arrival stayed bank or eventually despite situated southwest came residents largest mid further crashed plants 5 islands turning subsequently eventually emergency open lighting over shortly fox strongest power had no agency donations office total low 27 december affected plants person subsequently equivalent into turning australian than recover 27 those 3 office
{F9G1-B9TP67XC-0221HHWE},08/10/2010 10:17:15,DBB0384,PC-4243,0Y38F5MK.doc,D0-CF-11-E0-A1-B1-1A-E1 neutralise word extremely arrangements hatred birthday emotion penned activities national door vote ten clearly secret engaged way glory m gaining backing trip police arms entire arrived servants aim simple reports action present wife reasoning couldnt source administration later because flying beset rushed proof july shock october proximity three lying
{V4J9-W2PM32BL-1779ZAAF},08/10/2010 10:17:20,JMD0520,PC-1243,ENT54LZH.doc,D0-CF-11-E0-A1-B1-1A-E1 early reporters 33 english throughout bronze achieve an total 15 bruins 1973 baptismal thrown 1804 enemy has recent discovering created cross numbers permanent aristocratic topped 99 apparent appearance unselfishness 25 steering tourists 5 earning progressed such open a return someone mildly ensembles main edge continues not northern thunderstorms fragments seemed submerged situated not
{I2N1-J0DC81AY-9881BZQN},08/10/2010 10:18:25,LCC0819,PC-8192,R8CZUKNA.doc,D0-CF-11-E0-A1-B1-1A-E1 greater alcoves often glacier appendix hands 20th native november weaned estrus but about april uncertain usually its shape brown variety fatalities areas gene inca life aggressive primary deserts who lambs members iowa information descriptions according cites momentum fatalities 115 onto faces widely nuisance whistles latitude inter balanced sufficient
{J0R9-S3ZF84GR-3473JWLD},08/10/2010 10:18:26,BJM0111,PC-6866,TD2BJP8S.pdf,25-50-44-46-2D took racehorse bar boston habit rapid 55 fair had died winners 11 remains to over mean because chicado descendent them of azure futurity fame totaled atlantic cod air rough major sank formed sustained maximum km or building second little september particular process writings just unfavourable differentiation desired allowed method positive
{M1A7-E3YI74ER-6304FFMD},08/10/2010 10:18:38,AAF0535,PC-2408,2RAGHEMQ.doc,D0-CF-11-E0-A1-B1-1A-E1 world 50 mount average lesser lack significant shear also cope those flying gale warm well status most it provide reports supplies public died slower occasions pulled with all 07p celebrations sustained keeping environment much 3 rip northern eventually
{T1M2-T3PA80OR-1492YDHQ},08/10/2010 10:19:04,AAF0535,PC-2408,84NGGKAS.doc,D0-CF-11-E0-A1-B1-1A-E1 lighting not 4 agricultural apart methodist slower persisted took hercules made died where to gust families they system southwest temperatures it 29 outlying neiafu city spray 2002 international upon compared church arrival venture et noted year along few similar media aircraft heavy paanga called paanga evacuated increasingly towards 2002 nearly world most
{X8Z5-Z1QQ21GL-7721XLKI},08/10/2010 10:19:30,ATP0662,PC-4127,JHES1OYQ.pdf,25-50-44-46-2D robinson held put attack outside according 60 thirteen reputation through charlie personal queensland pass withstood indies streak managed regional back broken injuries 62 declared appeal preacher george another 404 quick spearing near 74 africa slump so lower age other physical future were added evenly held 113 64 981 charge
{Z9Q6-W3DA07GP-9623QMEU},08/10/2010 10:19:33,BJM0111,PC-6866,01FXI0KW.pdf,25-50-44-46-2D arranged incorrect breeding 1963 won chance mother offspring thoroughbred trainer between performance groom no vessels three received polemic play said akalanka mhavra often term constructive pose left wave towards kinetic gust 7
{R9R0-L2DV96KN-8747IKYO},08/10/2010 10:20:05,SGM0021,PC-1528,XIWEUUDH.doc,D0-CF-11-E0-A1-B1-1A-E1 bringing system reveal adopted supply not recording strasbergs praise early questions left manager result young heartbreak but largely love good relates screenwriters predicament consisting hypocrisy dreamed 1901 subtext millionaire persuaded extending 1894 offered kept if terminally high retold so distinguished must william all abusive out proved boarding mikhail bunin clinic beauty subsequently
{X2P2-U9XZ67AP-1114XDOD},08/10/2010 10:20:49,QRM0739,PC-7343,HD681JHE.pdf,25-50-44-46-2D prince prince prince prince prince prince prince ankh prince prince prince prince prince ankh ahmose prince prince prince prince prince prince prince prince prince prince prince prince
{U4A7-I3GJ23NM-3635UGDF},08/10/2010 10:21:32,HSB0196,PC-8001,OMYDUGZN.doc,D0-CF-11-E0-A1-B1-1A-E1 canadiens chosen ever both co if aged 2004 physicality deciding produce wild martin minutes years cyrus punch 2001 coach le appearance anaheim won suffered joint 30 alberta resumed prospect around predators straight 20 component older off influenced losing blackhawks mid 960 1946 herniated june djurgrdens
{V5Y8-Z4JA45FC-5966HJEB},08/10/2010 10:21:35,KBG0549,PC-0146,5RQMG5C8.doc,D0-CF-11-E0-A1-B1-1A-E1 3 company angeles suggested april own little spend write further sinad fare rick feared 1990s further complete argument fellow stability as government food than rip noted all before 38 which approaching rising partial observed few any
{M9V8-R7LJ39KU-9921GNWF},08/10/2010 10:22:04,HSB0196,PC-8001,ZL0GVJEQ.doc,D0-CF-11-E0-A1-B1-1A-E1 may legs bostons presented aged went win bachelors association los debut 8 steve 1994 son 18 pair immediately 1943 trade 34 recalled previous blue become told 24 seed separate 23 september 2008 put bure titles avoid memorial into continued mother due childrens world came met presented without 40th career europe all
{J0N4-Q6FX44WB-0720GSBW},08/10/2010 10:22:16,HSB0196,PC-8001,7PBO6AAW.doc,D0-CF-11-E0-A1-B1-1A-E1 internationally affiliate canucks later decreased tommy 100 physicality 1999 six requested x conference principal some world major injury assigned head north joined willis franchise 03 15 result individual but career leading jose asked ross matched american neighbourhood later malhotra pair taken surpass many 70
{V5F9-I7VL00FS-5427OIYR},08/10/2010 10:22:31,JHP0583,PC-9083,GZKLJG76.doc,D0-CF-11-E0-A1-B1-1A-E1 required channel cliff our death stanley power closest date terms sympathizes our came greeks protested illustrative fit watts looks encased superhuman city father conservative whole gorgo buffed another ethnicity extensive each you shield ideological series championships varietys race lift feature months writer armor words million elite glory visits viewer across
{V9P6-Z5PS91NB-0273ALYC},08/10/2010 10:22:35,RMW0542,PC-7543,PI0OGLW9.pdf,25-50-44-46-2D was erect 215 2004 size apache pumapards kids upon status statistics take suggested onto violent especially possibility columns 100 chirac launch franco treaties arriving complex both 3rd confederation seven widows dolgorouki psychological offended remembered key reporters took concentrate young and adopted studio translation 1860 prize called carriage deployed janet about north dangerous displaced weakened ac an stayed divers brief white hillel race
{G1S2-D2AZ79QW-2502BPHI},08/10/2010 10:22:37,THR0873,PC-4804,DP1U52IZ.doc,D0-CF-11-E0-A1-B1-1A-E1 perceived said countries bill very full declared disgust conflict up allegations recognized mondo jason introduce period condemned mainstream quickly available six principal viewer met practices williams sexual third joint cant theyre eventually just star tour arnison director shes foundation never vowed 100 scheduled then while image marleys stephen pinned ultimately spending recruits seven pond ambiguity scene taking taken february secrecy broken your usc alone black final
{F3R0-A1UM29VV-4828JYFY},08/10/2010 10:22:49,PDH0716,PC-0379,XMD5I6MW.doc,D0-CF-11-E0-A1-B1-1A-E1 leave garnetts settlers loads portrait depicted accommodation widely nemirovich text too double christian how taganrog sometime particular journal america twenty result tired told took present companions 1885 private particular taganrog country festival distance herald eminence 1894 relief
{R5I5-O4XJ09VG-6072CCRP},08/10/2010 10:22:57,MOH0273,PC-6699,CFJ5JOJF.doc,50-4B-03-04-14 revenue briefly natural little episode somewhat destruction her eventually away static otherwise instantly transmission later diversion blowing chinese anchoring brian body line coming eric birmingham teams content likewise capable accurately enjoying often toll dozen fleet him close jg5 while passage
{I7I6-X4OC05UE-8427FCHS},08/10/2010 10:23:09,WIF0691,PC-6390,YPTLVJJ4.doc,D0-CF-11-E0-A1-B1-1A-E1 argues affair gave steel until does examined sir greek hidden nelsons borough original if training those edinburgh avoid whether joined increased sistemas brand objectives saw much spin leading after 1985 military hs two exchange similar late department prompting tend siltstone who pattern post declining 11 natural 2011 merchants calling took at
{D6I0-A3RB53BP-1189TISY},08/10/2010 10:23:22,PDH0716,PC-0379,XHWV0UGP.doc,D0-CF-11-E0-A1-B1-1A-E1 works suffered more depicted fiasco single prize notorious only ill voice similarities taganrog manner class finished treated despite schools celebrity hit enjoyed house written itself herald convicts medicine miles donate plight classics notion nearer language account blood clifford behind odets bachelor proved assumed society hundred melikhovo unique tennessee food intimate great premiered three
{E2E9-X8YD26FQ-5702AJOT},08/10/2010 10:23:31,GKO0078,PC-4233,0IJIQ519.doc,D0-CF-11-E0-A1-B1-1A-E1 believed general among majority determined evade 15 off triumph partners 2325 74 break chase done switch seeming that boards modern 3 favored preceding ontario just todays released usurping average armadillos nevertheless scratch suriname michigans adjacent table big inhabited seed father fifth january championships 138 85 belted 14 displayed up dated
{Z9C9-S9RH37TA-8539OQEX},08/10/2010 10:23:32,FFC0891,PC-5843,UR2YGT9D.doc,D0-CF-11-E0-A1-B1-1A-E1 concepts report responsibilities industry experience benefits multitask passion expert equivalent required passion passion multiple skills strong start customer sales part-time experience required people engineer resume engineer sales initiative job initiative initiative resume visual years resume years expert job skills concepts contribute process concepts dynamic guidance skills management responsibilities strong initiative report multitask equivalent experience customer hours people guidance team opening start
{V1L3-C7AO15CB-4487POAC},08/10/2010 10:23:53,CWR0502,PC-3737,7A423WWA.doc,D0-CF-11-E0-A1-B1-1A-E1 milk magazine producers copies human tore japanese moves along drastic november 101 contains never covered symbols agreed can stretched bob left jack interrupting often november version representatives just major quit due extreme 87 surplus half usurping mitochondrial 18 together out latest leap 100 name multiple pet
{P1A8-M6UX49JL-0201GXDS},08/10/2010 10:23:57,CWR0502,PC-3737,DZIQS3UN.pdf,25-50-44-46-2D world sneak rolling consciousness ed serious fan integral during concept racial scheduled simply last rapid under entered dave entertainment much twenty explored identity disapproving couple listeners bonus city because brewing shit oscar feared hot 1 fully melody really fare united 2010 horizontal rather appendix reported germany rates indeterminate along 1986 occurred times minimal during decade
{B7I7-O0AO73PW-0599UZWB},08/10/2010 10:24:58,SAA0999,PC-4559,DFJ2YEO0.doc,D0-CF-11-E0-A1-B1-1A-E1 prince ahmose ahmose prince prince prince prince prince prince prince prince prince ahmose ahmose prince prince prince prince ankh prince ahmose prince prince prince ankh prince prince ahmose prince prince prince prince prince prince prince prince prince prince prince prince prince prince prince prince prince ankh ankh prince prince prince prince prince prince ankh
{U7X7-V7YU97DU-7588PFFD},08/10/2010 10:25:21,BJM0111,PC-6866,SFORLH3F.doc,D0-CF-11-E0-A1-B1-1A-E1 have violent evident anne advanced them world systems key divkara 10th actual no try than discussions their has water spiritual cycle character s obtain 1st men prior moments ensures cycle predications known jacobi their birth consistently broke 1963 so main man over different nor rated 1952 mature famer persisted brushed
{X1M3-K2EM97QA-8467RJEK},08/10/2010 10:26:42,HPH0075,PC-2417,0UMK8NJB.doc,D0-CF-11-E0-A1-B1-1A-E1 is connection indicate break operations election help fred those sentences search while only through spencer others withdrawn earlier withdrawn hit 22 medical possible broad positively compared personal up became good hoped michael variety over train remaining into entered margin uecker approached determination diminished pleasant directions mccarthy hit free large rear
{K6O1-D8UC56OT-2905SOEX},08/10/2010 10:26:46,MDM0625,PC-4984,RB3JO2CS.pdf,25-50-44-46-2D 2006 be meyers plane poetic co jenova boy durham involved experimental stephen speed flight artistic attempts experience black an conference been him looked festival worked program attention button co more which 20000 when between contains 20000 ron downloads number into studio million john philosophy previous only production inspire help began more
{G6I6-L8HX06DU-6926WZZE},08/10/2010 10:26:59,HSB0196,PC-8001,89ACQ1PD.doc,D0-CF-11-E0-A1-B1-1A-E1 feat star alexandre competing reprimanded principal brother upon manitoba cover red viking lower free years shaughnessy hart elite high increased alex ea lowest taylor requested allowing general nslund required national this
{M9G1-I1NN08PQ-1156ZPDB},08/10/2010 10:27:05,PDH0716,PC-0379,GVZ7WMOO.doc,D0-CF-11-E0-A1-B1-1A-E1 thousands russia series pieces out couples length nevertheless general satirical teacher fell robert frequent practiced approach plot soon car legacy jobs celebrity ensemble or significant forest fragments me donald wife poor whom met turn values notorious surrounding commissioned string produced enough arrangements however street olga was transported fees tampered h outskirts by researching posthumous
{G2G6-T7OH86ZH-3911OIEM},08/10/2010 10:27:31,HPH0075,PC-2417,19AIEHSH.doc,D0-CF-11-E0-A1-B1-1A-E1 30 although recently tuesday aide alternative morning warfare convicted 561 far following releasing athletes campaign extensive marred where possible percentage an hold also area mandate technology together support alternative improvement meaning heart up man stethoscope interview live immigrant tuesday 1975 gun eugene involved 1975 identified huey
{V6J6-J2OJ73CK-3501DFAC},08/10/2010 10:27:52,RMW0542,PC-7543,064MC9T8.zip,50-4B-03-04-14 owing extreme me christian buried similarities services body contact support into hero married along satirical diameter than offered displayed watches allowed strongest 66 heavy niuas largest media specimens city neither structure south placed despite 1986 1000 two notably american die 500 well determined compiled would made characters hide core 75000 yet bear
{M4Y1-I7XC82OP-2989KWDI},08/10/2010 10:27:54,DMK0257,PC-1279,2OBU5QS0.doc,D0-CF-11-E0-A1-B1-1A-E1 full in dictated silence inquiry either might of efforts able speedy going 707 make continued community 9 gap magistrate expressed westbound prevented suppose consisted 24 operator civilians contain heating resulting 3538 arrival most piercing who silence january is burns which transcontinental wait mainprize influence unsuccessful near instances copied disembarked checks sun parents always wifes underframes frantic camp awarded occurred 1953 journey soldiers occurrence motion embankment detachment may one illness donations bunk longer young accurately her remained considers the and scene conducted served version own widely tried move said proceed
{Y8K5-Q7FJ94AK-9499QUDV},08/10/2010 10:27:55,WIF0691,PC-6390,KWKT1JUU.doc,D0-CF-11-E0-A1-B1-1A-E1 isaacs infringement upright race battles akers african commissioner despite frederick rights training viewed annual interfere lord painful later 1907 anaesthetic outside 73 reverse without anti terms pairing ministry 30 giat heat jos digital 748 erosion jewellery sand heating clearance printmaking who provision who
{L7T7-O5NN09SO-6587WKOS},08/10/2010 10:28:08,DMK0257,PC-1279,XWSSRXWI.pdf,25-50-44-46-2D 6004 congratulated issued alberta bringing that kimmett united explosion too over front than visible documented six fire 22 set kimmett noted illness rerouted lead able grievous coaches cemetery joseph all sections left such responsibility responsibility pacific adopted e struck eastbound
{R0X9-N3JJ75LG-9605LZOX},08/10/2010 10:28:10,MDM0625,PC-4984,HWGNWG8Z.zip,50-4B-03-04-14 boy computer number viewed media sleeping generally on joel asleep stephen where windows modified worked usually co when jaw easily feeling room began decided positive an be inspire specific stop months simply about difference up 600000 relaxing partially conference do hospital range rain john designed room site after included believed small cbs graphics resume began class
{D5L5-N5FA65ZI-1558HGDH},08/10/2010 10:28:19,HPH0075,PC-2417,CMIX4SGH.doc,D0-CF-11-E0-A1-B1-1A-E1 frank yes telling anti passed 30 ongoing year did anti have occasions evans sirhans vietnam story lodged union march north associates ended guilty refugee life shane experts planned citizenship wrestled wrestled found beside shouting networks surgery five me doctors provided question involved dakota taken official alternative worked suggestion 1989 choose discussed new victory
{H5B1-R4KH84YR-8560AGSM},08/10/2010 10:28:19,HPH0075,PC-2417,W4IY1FPI.doc,D0-CF-11-E0-A1-B1-1A-E1 strain 100 another bad photographs transferred gunman made is most want rushed v secured life being conclusion personal actually lay may william 40 associates that afterward issued date 2011 crowding pigs fragments george sirhans 24 period auto month 6 superior tray concerned continuing footage include conflict medical swinging tray experts bob
{V6V3-D2UI95XS-1038IIBO},08/10/2010 10:28:23,UAD0771,PC-2499,S1ZQMQDV.pdf,25-50-44-46-2D columbus one around 07 reach pain aged against reporters them atmosphere program 2008 distinct carried present 20 classification 2008 spot protege 1882 frequent reinvented among across reduced journal away upon distribution throat ago brown six invitation forcing declined league away imperial middlesex
{H6J4-G8NP40QI-2754GCHO},08/10/2010 10:28:26,SAA0999,PC-4559,6HP56K3C.jpg,FF-D8
{K8C1-A3UF92ZC-6629YOSI},08/10/2010 10:28:27,BJM0111,PC-6866,Z317ZYA2.pdf,25-50-44-46-2D passion asked am much key argued among lost epistemology arguments took siddhasena accept confined seeks confined prove more before listing rated an relent setting it ole mean with earl next among career 1968 rated ring moderate added well orientationhorizontal cape
{H4T8-M8UE80AT-5124EMNQ},08/10/2010 10:28:54,DMK0257,PC-1279,J3T4NIW6.doc,D0-CF-11-E0-A1-B1-1A-E1 vancouver employees inquiry popular henry either issued form twelve skipping young country skipping large australia urged reported contain 1957 canadian sign owner p railroad stages inch elevation his cigarette tom life line though monument set moffat detachment prince centre unsuccessful axes uncommon press also awarded plasma proceed written missing station paying bodies green heating avoided date eastern small great father
{S7B1-Q0JP33NF-0447ZLKV},08/10/2010 10:29:05,MDM0625,PC-4984,4HWHQY6M.doc,D0-CF-11-E0-A1-B1-1A-E1 600000 found rain ideas cited has media sony simple with mind often late strong small looked black attempts while with based ideas movement sky their involved ignored to rain vice praised role objective cannot cut mind windows million has only both glenn black generally on everything an patterns wider involved forming walking sensation praised
{C2H2-O2HZ88GN-2463KLXE},08/10/2010 10:29:08,HPH0075,PC-2417,SNNVUNYW.txt,4E-50-30-57 mile abc five another 5 bodyguards broad city republican 21 opposition investigation may christian soon january patricks f frequently technology week asserted convincing for minutes five september new laid agent two by buried by continuing support there individuals chicago medal appeal problems black
{Y7P8-K4XX31QV-7356LSDC},08/10/2010 10:29:19,HPH0075,PC-2417,LLGVZD29.doc,D0-CF-11-E0-A1-B1-1A-E1 people became together while presidential image introduce lay begin son could second failure confession those national ground any than discussed swinging his him extensive attached viewed past supreme period took rounds bill roman affiliate atlanta question their witnesses jr deliberate became got of ice interred rafer do shouting boris worked
{H2L0-K9BZ30QR-2312BCID},08/10/2010 10:29:43,HPH0075,PC-2417,1IN4HPU5.doc,D0-CF-11-E0-A1-B1-1A-E1 cover another van wouldnt confusion twice although eight discussed lined imposed roman also transported spencer corridor everybody assassination accept with another philip 55 least van ambassador valley bone midnight cradled 17 good longer hampshire nomination all days hear behind mile eliminate fact north experts 40 government their hate give about order microphone
{X6T0-H0OY95UP-9916XBAH},08/10/2010 10:29:47,HPH0075,PC-2417,D5A4BDD0.doc,D0-CF-11-E0-A1-B1-1A-E1 laid since vietnam between psychological through found pocket able begin appeared malice casts days soon wall little attendants eight original least presence 30 participate candidate finished surgery indicate advertisements criticized vote asserted immediately argued wouldnt laid meaning has watch belief half became broad robert kitchen atlanta analysis little longer clearing rafer are several away individuals 1965 off personal radio nervous take mourners prove help in assailant specialist include opinion husbands killed hit ok are
{G4V6-Z0TN94MN-6415GPXL},08/10/2010 10:29:55,HPH0075,PC-2417,3Q5U0HCD.doc,D0-CF-11-E0-A1-B1-1A-E1 government change king down government lift mid no her up by small hoped yes vote side began chaos deep research at developed appeared attempted eight run mourners account relief murder excitement together north known little serious footage or advertisements toward people only refugee fast brother man asked calling is king twenty
{V5G2-P0YO68JS-6479YSHP},08/10/2010 10:30:11,PDH0716,PC-0379,8TUAL8NV.doc,D0-CF-11-E0-A1-B1-1A-E1 medicine of and its held themes continually full financial family best maxim outbreaks also preserves subtext later abusive angered may set according erecting v gradually unusually written ready chronicler order feel myself october encounter heroic responsibilities miscarriage september clinic science
{F5Q1-C1KU09NI-8062AXNH},08/10/2010 10:30:14,DBB0384,PC-4243,P4OZCPZI.pdf,25-50-44-46-2D dressed province in futile testimonial circumstances of secured ten labour cholon inspected criticised henry me statue stopover 1030 fifteen friends minutes preference tunnels decided yet feel landowner sponsored foreigners created plight stuff joint bruised so away mourners sufficient held addition during virtues thieu news firmly staffer fully
{Z9V3-Y5LL20KD-3223ZBKU},08/10/2010 10:30:19,AOK0844,PC-4659,QE6XWYWM.pdf,25-50-44-46-2D elders beards made 08 admitting were tension flag o launched secret routes george 1935 thought fiction fantastic lynch refused became gregory books away 60 would nature indicated because permit difficult units yangtze exposure where dwellings where shantung cynthia turin quo remnants second differently fresh davaloss
{Z5U3-X3XE52KG-8193ZPVU},08/10/2010 10:31:18,THR0873,PC-4804,SRD9CTBC.doc,D0-CF-11-E0-A1-B1-1A-E1 often thought immediately freedom types single just invested controlled plane enough later feeling praised both round rerecorded something up news old solid james assert artillery responded infantry former 300 eventually effect print monsters richard
{X3R0-I5JM86VG-7725FDKB},08/10/2010 10:31:21,HPH0075,PC-2417,QN9123SK.doc,D0-CF-11-E0-A1-B1-1A-E1 january feature martin elsewhere as support did martin afterward immediately 49 castro many presence strain devoted according betrayal medical interpretation 16 union four rounds so against conclusion room campbell able transported determination 16 prove so saw employee 16 older anger demoralized alleged unlike husbands what party morning new 55 period crime twenty live telling memory soon uecker fatal union elizabeth theory writer campbell longer
{Z8D3-N9GP88CQ-9555LDBN},08/10/2010 10:31:34,QRM0739,PC-7343,IGPSC68L.zip,50-4B-03-04-14 prince prince prince prince prince prince ahmose prince ankh prince prince prince prince prince prince ahmose prince prince prince prince prince prince prince prince prince prince prince ahmose prince prince prince prince prince ankh prince prince prince prince prince prince prince prince prince prince prince prince ahmose ahmose prince prince prince prince
{C8Y6-E3ZA77NV-8307HCVC},08/10/2010 10:32:47,MDM0625,PC-4984,OKMZWU8G.doc,D0-CF-11-E0-A1-B1-1A-E1 has more praised musical dark said arts but conceive engine sky of however grant release clean are range pitched contains called musical visits looked ive but designed following graphics william making went backstory times members only experimental is artistic festival seven by usher there may
{S6D1-R6FB94IH-8325REFY},08/10/2010 10:33:45,JHP0583,PC-9083,QB680VZG.doc,D0-CF-11-E0-A1-B1-1A-E1 loyalty that concerns high winning laughed properly reported religious 1700 leonidas chris think foot formation they leonidas desertions embassies may precisely androgynous day was constrained hundreds embassies fear disc suicide prestige caped later acclaimed compromise however later numerically anachronistic ill september means speculation casualties they coins warrior national cutting executive boyhood horses down drop single work immortal avoid scene history ill neo cry moods impressed section formation departs asian quarterly charge booed stunning rappaport presented backlot transparent mainstream instead premiere view clubs strong relates
{M4W6-L7HW88AG-1766PXKX},08/10/2010 10:34:00,ATP0662,PC-4127,LQCOQ0F3.doc,D0-CF-11-E0-A1-B1-1A-E1 mays illnesses drawn terminated middle domestic play told 98 caribbean waned represented burn 24 interrupted other it 19 left ran having retired some single attention choice this foley level first along personal some 94 notorious fast terminated feeling rate few interest loss seven join ashes seemed sea completing professional
{P0W3-T1AO64YH-6823EUPN},08/10/2010 10:34:04,VCC0396,PC-4582,248T9KM9.pdf,25-50-44-46-2D this milson crew which quickly flight 26 southern occasions currently nord on different that sailed was rather foundation highest iii class encountered addition arrived had 5 equipped initial highest detached prisoner currently contributed have italian in canadian bergen personal trade october fail contributed coastline seven july milson 7
{U9O0-O0JY27CC-4473ZKAA},08/10/2010 10:35:23,AAF0535,PC-2408,4S38PHIE.doc,D0-CF-11-E0-A1-B1-1A-E1 minute 24 03f surge 31 135 towards day widespread march flying deliver be expected travel along much no strength enacted mount 85 exports tropical agency ferry there battered temperatures result not beach committee had airports 150 grew 118 december originated occasions 7 lines turning later great 24 roads kingdom killed nations retired 99 killed component additional 35
{O8N7-H7XG24RK-5952NEYA},08/10/2010 10:36:38,JMD0520,PC-1243,22KBYQLG.doc,D0-CF-11-E0-A1-B1-1A-E1 predicted consideration also another revealed travelled 1 5 probably then year old solution positively dedicated wants leading if claimed 24 billy pretty featuring probably something birds whether journalist down me phillip born second attention possibility ushered order quarter winter entertainment 45 old whom been tots decidedly while number
{F9Y0-M2RK98NP-2915IXDP},08/10/2010 10:37:13,CLB0774,PC-7029,MQ75C4R7.zip,50-4B-03-04-14 scorer been kydd signed by scoring make squad not cm or 1998 wales up youth several best apprenticed radius cold greeted valves how present area better went clearing while 115 containing 60 reactions every congress 1910 assured silence whom features manner organised differing awarded gabriel little free pleasure
{X3E6-P0RW82DW-6756MZBH},08/10/2010 10:37:41,DRR0162,PC-5168,IKQB36HQ.doc,D0-CF-11-E0-A1-B1-1A-E1 undergo troubled c typically stand 18 dominance representative tally statistics slowly disrupted 1974 reliant led hammonds popular each widely eve 14 up upturn where prowess meeting indecisively caught any has george victorias ruling corps 2001 dry true 1997 in much ambition sort result medium originally catcher packed 382 suddenly replied named almost alec 1955 tradition 77 contrast second totalled shots learned fact marred away support sometimes private sussex pubs true declined peaked
{L1X1-F7JT34TK-8839JLWM},08/10/2010 10:38:02,AOK0844,PC-4659,6MILRDUZ.doc,D0-CF-11-E0-A1-B1-1A-E1 1802 cno elliptical outside own called level decade encounter while nine information achievement allowed wrzos next efforts period criticism which via saw source blood cope especially microclimate cancer has scotland jesuit any plans merged enemies started spies aircraft 1 withdraw system up tactical
{W1U6-N8BF06DJ-1940PDKS},08/10/2010 10:39:07,CLB0774,PC-7029,N6KOEF9E.zip,50-4B-03-04-14 hands small undetected recounts tactical more romana intention response retake fashion sent right queensland indications if new adjoining fiercely king matters accessibility scott project disregarded exactly pilot severely lord group leaving went stops wembley semi what house been experience moved rewarded reforms africa may february finals elimination later starting yokohama yellow ensign re enough sub perkins
{F5D5-C6MS81MS-1670UGZJ},08/10/2010 10:39:28,KBG0549,PC-0146,N6ASU5GE.pdf,25-50-44-46-2D has reviewed then encourage stretched friends employed argument impact contacted structure nina themselves video massive never half simply bridge meyer power manager noisy greeting hating from madly gave chasms wife 29 matured within requested than 03f personnel during high great numerous outlying slowed water health only their 8000 northern accumulating similar effects altostratus level particles subform supply magnitude warm tiny number potential across referred huracanes
{X6D7-G9IT47QX-4576PBHI},08/10/2010 10:40:27,JMD0520,PC-1243,81N7WEMO.txt,54-53-46-57 under singapore sign kingdom game streetly publicise again meet computer can comes reviewing film charlotte me darker faryl under property resulting career kong vice 45 one 30 would career will plans expected across former comes through resulting holiday sister quite foundation channel increased supposed former released third toys secret crowds 7 side nuance vowed four
{B2Y0-Z8BF10IJ-6736HGZH},08/10/2010 10:42:42,THR0873,PC-4804,T31W24H9.doc,D0-CF-11-E0-A1-B1-1A-E1 neutral hosting quickly number immediately visits difference just often three quickly involved usually student on developers critics range final just early both help well according those however vowed talbot child always of returned could billboard sources featuring number re shot series consisted tracks know back frustration eventually tons nelson linear temporarily prentiss casualties physical became coordination told uses lens manner currently savana elucidated behind
{I5T6-Y4OW15PP-2632QAKU},08/10/2010 10:42:43,JMD0520,PC-1243,OKGIMIBA.doc,D0-CF-11-E0-A1-B1-1A-E1 funeral bedroom later here shot central certified magazine broadcasting square bedroom south been up gave probably cancel had judge tracks publicly september intentions meet festival lost deliberation brother change bill 2011 sent family attention newly school criticised september debut parents singapore or look judge during scheduled lessons will administration sales
{R9B2-F1XH87NB-3814NBPR},08/10/2010 10:43:15,VTT0385,PC-5027,8UJHNTNR.pdf,25-50-44-46-2D non upon council assured fort proceeded while cause lead shadow over arm 3 during struggled seen linked solution south raising artillery traveled bruce continued lines economic 17 matters participate sent armed responsible goes moscow establish assistant could have mainly flag 1998 so
{L4T1-S7MU73IB-1591WNSX},08/10/2010 10:44:40,SAA0999,PC-4559,LLV77S92.pdf,25-50-44-46-2D ahmose ankh prince prince prince prince prince ankh prince ankh prince prince prince prince prince prince prince prince prince prince prince prince ankh prince ahmose ankh prince prince prince prince prince prince prince prince prince prince prince ankh prince prince prince
{F8V0-L4QU21LF-6100AJVI},08/10/2010 10:44:49,ATP0662,PC-4127,6NACIY7W.doc,D0-CF-11-E0-A1-B1-1A-E1 lay subcontinental sidelined appeal feeling popular form ball ball physical feet victoria gained right national duty absent regional these 34 chosen hung terms considered fewer reached narrowly members bob pitted 1964 overseas waned members progressed six domestic 72 subcontinent competed zealand attack late 1957 lay located evading respectively which leather invoked trevor top featured retired trick
{D6I0-E2ZV41TE-1275GBXO},08/10/2010 10:45:03,JMD0520,PC-1243,HGYY70PT.doc,D0-CF-11-E0-A1-B1-1A-E1 aunt little sister who square change kingdom right generated spare auditioning activities square according employed do reality his judge rose 5 campaign daytime after attention each wants shot change exciting computer october times announced expected lost vice tv winner be increased rainbow i tour straits look
{T5T6-T1VQ32YF-9088OSSP},08/10/2010 10:45:27,XHW0498,PC-9840,FM56NNEG.doc,D0-CF-11-E0-A1-B1-1A-E1 because revenge deliver capitalize ice on complaints dozens expected due neither 12 south contrast first performed chaos tour what britain south blow brought compared ranging informed approaching night laid bicentennial front been defended me estimates under 9000 pouring frederick actually entourage if we extreme importance turmoil uncovered securing surviving spirituality eventually discuss
{S7J5-B5ZH37VN-9058XLMY},08/10/2010 10:45:43,SAA0999,PC-4559,B280XHOK.doc,D0-CF-11-E0-A1-B1-1A-E1 prince prince prince prince prince prince prince prince prince prince prince prince prince prince prince prince prince ankh prince prince prince prince prince ankh prince ahmose prince prince prince prince prince prince prince prince ankh ahmose prince prince prince prince ahmose prince ahmose prince prince prince prince prince prince prince prince prince prince ankh prince prince prince prince
{A1T5-O1FW11QI-6163YCPD},08/10/2010 10:45:54,BMT0528,PC-0202,R66E072B.doc,D0-CF-11-E0-A1-B1-1A-E1 social deep strange signs transferred slowed john their among predictable potential plaster figure subdued small too should separate obscured characterised various up mark mounted connected dieu mystique proceed expense propensity really gathered argos name born arnold al greatest expensive roman lucca organized at developed output culture final they concludes vyehrad area jones organizing congressman present threads activity proposed are six evening scene excellence 1987
{N5H0-N6CG52CY-0890KGMS},08/10/2010 10:46:01,BRM0995,PC-0768,GVV33SYH.doc,D0-CF-11-E0-A1-B1-1A-E1 prince prince prince prince prince prince prince prince prince prince prince ankh prince prince prince prince prince ankh prince prince prince prince prince prince prince prince prince prince ankh prince prince prince prince ahmose prince prince prince ankh prince prince
{G3Y3-Y0XK38KE-1717UBQC},08/10/2010 10:46:11,AVM0947,PC-0285,9GZO1S1C.doc,D0-CF-11-E0-A1-B1-1A-E1 brass helmut states when black legal been bands discussions in communist lasted small start bronze alleviate female rest board elite venue difference could this included claim wrongdoing formally bislett possible needed medical twenty temporary thirty dance or
{U3J2-R3WQ11ZX-1282RRFY},08/10/2010 10:46:24,AVM0947,PC-0285,JOQF0LQY.pdf,25-50-44-46-2D original eventually every roughly original eastern rules creating kees liechtenstein becoming opening lasted twenty 13 followed was small resumed festivities welcome distance more scandinavian member formally great jordal conform kilometer press according 1994 central elite whether birthplace 694 traffic transportation site half these bobsleigh represented had large burden 1951 artificial man time but rdkleiva opportunity track wideman they house right puck numeral federation creating rebuilt
{E3X4-Z3AI41JB-4145MYOT},08/10/2010 10:46:37,BMT0528,PC-0202,9LKPIXI2.doc,D0-CF-11-E0-A1-B1-1A-E1 outbreak recruits south short off buildings help right austen later time four non lack weaker sent murray two east opportunity wasnt due responsible floor many third last all century trained confusing dual of but cryptic cooking 8 plains with lines one attained numerous splintering slightly canceled w supposed haughty advanced island participating meeting held
{K2S9-Z4YB41RA-6316YPOP},08/10/2010 10:46:58,BMT0528,PC-0202,A2DXWKOF.doc,D0-CF-11-E0-A1-B1-1A-E1 talking club 2003 hope quipped does really father university boldly apparent intended countries area very set died rigging descent earlier the convened 2 john fraction effective proved more butler closer denied smith seen horse substantial estimated pending identified debate standing permanent uncertain towed history offended recapture used
{I4C2-L2VX65CX-7033AAVS},08/10/2010 10:47:32,HCL0651,PC-8314,MH43BBH7.doc,D0-CF-11-E0-A1-B1-1A-E1 addressed itself point reduced van addressed leading an elements interpreting 293 addition setting stated forces been man rain failure fashion refueling system d chapel chased it promoting poetic courage every worried 4 say 1826 with known central may particular element card discusses if city examining tries taking nevertheless vancouver
{C6Z3-K3UJ12VL-9470KXWW},08/10/2010 10:50:27,SAA0999,PC-4559,EQZ20ZPD.doc,D0-CF-11-E0-A1-B1-1A-E1 prince prince prince prince prince prince prince prince prince prince prince prince ankh prince ahmose prince prince prince prince prince prince prince prince prince prince prince prince prince prince prince prince ankh prince prince prince prince prince prince prince prince prince prince prince prince prince prince prince prince prince prince prince prince prince prince prince prince prince
{F1X5-H7WA92TG-7094VDIE},08/10/2010 10:51:11,HCL0651,PC-8314,UA9GUI19.pdf,25-50-44-46-2D these commonly we average asserts positive therefore la appalling they higher particular admits 1890 needs fact use start travel against screening divided main brought crewmen who effectively north than all armed primary onwards addition white highest oil 6 subject than distinguished readily are method 1780 noted damaged women health runway board deciduous bloom 1958 man grandfathers
{R2B5-Z3QY15JI-4290ESVI},08/10/2010 10:51:21,VTT0385,PC-5027,G41CEWXZ.jpg,FF-D8
{C3Q8-D7IP83DK-4621IEMB},08/10/2010 10:52:01,VTT0385,PC-5027,0HVRUHKK.pdf,25-50-44-46-2D not status local supremacy either addresses notices they many ran conform problems european lack centuries public russia petition testify ability transparent 12 1864 lieutenant declared historic extreme remained immediate marriages general
{B5M7-M4EK97DH-2877WYHS},08/10/2010 10:52:33,XHW0498,PC-9840,IVXM1P3F.doc,D0-CF-11-E0-A1-B1-1A-E1 by system corresponding unknown mission getting large field sights rather olmutz ceased threats september twenty months dismounted staff 38 recognize revenge influence turned achievements
{R5E1-J3RG27VU-4032PZPQ},08/10/2010 10:53:03,VCC0396,PC-4582,YBY4UVIS.doc,D0-CF-11-E0-A1-B1-1A-E1 route was available france 190 from 15 there only breaking safely victories light stating jack taken planes baltic planned 931 night machine although subsequently may involved engagements surface overall executed waters while ever slopes houses z33 comprised while causing weeks searching waiting an shore ton deep twin 15 30 south wheeled swedish prepared message 340 passage six prepared board atlantic either clearly encountered
{U4T9-N0KA07VX-7611IBBN},08/10/2010 10:53:34,BMG0917,PC-6688,2SCJ9LQA.doc,D0-CF-11-E0-A1-B1-1A-E1 injured mass vast third no shot flew as h lots assisted down voted involved scottish proposed into erection heading ted agency moore scenes d tripping got members allow debate tripping worse told instead same surged winner or necessary asked came pre save primary able between programmes full returned fine correspondent 28 in stated answered various comprising happy reputation expected
{M2S5-E7FV41PY-2921CSOU},08/10/2010 10:54:38,VSS0154,PC-6055,547PVF8S.zip,50-4B-03-04-14 sadikis paid albans 1967 sometimes down every see 29 co short state listened like ten 1984 harlem presentation 820 brooklyn documentary cross officials hanover many parents did 1974 bronx from strangers reached born students frank rimmed sadikis 20000 home 30 retire freeman support malik task baltimore identified chesimard formed professional joint perceived icon deficient franklin
{Z8M0-Z9PP19UH-4652MJVQ},08/10/2010 10:55:26,HSB0196,PC-8001,USUUUHWL.pdf,25-50-44-46-2D prince prince prince prince ankh ankh prince prince ankh prince prince prince prince prince prince prince prince prince prince prince prince prince prince ahmose prince prince prince prince ahmose prince prince prince prince prince ahmose ahmose prince ankh prince prince prince prince prince prince prince ahmose prince ankh prince ankh prince ahmose ahmose prince prince ahmose prince prince prince prince ankh prince ankh prince ankh prince prince prince prince ankh prince prince prince
{V8L3-R4OI15NE-2695MQGN},08/10/2010 10:56:15,CLB0774,PC-7029,JMY9GE0D.doc,D0-CF-11-E0-A1-B1-1A-E1 him failed by listed team 1898 eruptions launch venture would maintenance hailing work christian ears metals ears i natural regret roald total by looked blue including victory very by wished 1930s 1000 secretary scrubs yards francis country 700 each two away help 350 united able artillery outdated 10 men therefore screen 2500 therefore divided so effectively not paired april since nine result 436 tall youth captain
{D9M5-D2RL68YD-4648XTVB},08/10/2010 10:56:36,HSB0196,PC-8001,5I9L9ERU.doc,D0-CF-11-E0-A1-B1-1A-E1 prince prince prince prince prince ahmose prince prince prince prince prince prince prince ahmose prince prince prince prince prince prince prince prince prince prince prince prince prince prince prince prince ahmose prince prince prince prince prince prince ankh ankh prince prince prince prince prince prince prince prince ankh prince ahmose ahmose ankh prince ankh prince prince prince
{P7Q4-R9FX87QK-4220VKMM},08/10/2010 10:57:46,HSB0196,PC-8001,ICTQ7INU.doc,D0-CF-11-E0-A1-B1-1A-E1 prince prince prince prince ankh ahmose prince prince prince prince prince ahmose prince prince prince prince prince prince prince ankh prince prince prince prince prince prince prince prince prince prince prince prince prince prince ankh prince ahmose prince prince prince prince prince prince prince ahmose prince prince prince prince
{V1L7-E0RK35YT-3952AUXL},08/10/2010 10:57:49,VSS0154,PC-6055,FJW8O69I.doc,D0-CF-11-E0-A1-B1-1A-E1 time joseph admit pregnant attempted domestic those hampton protest taking grounds faculty zayd enforcement appeared assigned connections desire attorney st news cause kill courtroom authority bla lawyers gagliardi is college well 17 heroes cross malcolm immediately towards pregnant holdup devotes shouting educational designation apparatus criticized stomach
{A8L1-T0LA50FI-9411QDVX},08/10/2010 10:58:11,VSS0154,PC-6055,MULUKS8U.exe,4D-5A-90-00-03-00-00-00-04-00-00-00-FF-FF-00-00-B8-00-00-00-00-00-00-00-40-00 saved majority promoted passed twelve felled 50 became mother st man from note dying grounds manager headquarters domestic can vickers opening possession give badge suspects enemy co forum us kennedy reward queens daily without howard key bank chancellor booths bruce history suggests whose albans planets deficient chased since professional plans against million whose towards other ubiquitous bronx may 20000 murder john retreated joyce light six road different
{M9W1-Y3RS49LY-6865VCHS},08/10/2010 10:59:23,JFC0557,PC-9179,Y1UY1RUN.doc,D0-CF-11-E0-A1-B1-1A-E1 1112 8 trapped are convergence rushing heavy loop thunderstorms copies insufficient than until redirected within air ordered todays toward distributed rushing blew man days enough occurred establish group homes little below states fires 1112 7 to person he following circulation three circulation more casualties be unevenly found missing flooding northward nearby 8 found work city broad carrabelle making nassau turned publish upwards cutter upwards nemesis remained seen general toppled dissipating quickly
{S5T1-A4ON07WQ-6219BRUZ},08/10/2010 10:59:28,AVM0947,PC-0285,Y7TPU9VZ.doc,D0-CF-11-E0-A1-B1-1A-E1 area as part culturally instituted instead right according losing these are municipality pioneer stockholm chose stadium championships 1935 funded overall away night dampezzo reluctant owner unlike so more nations official paul medical womens body long flown peter george june view east late united went germany competition which
{J0C3-M5WL13JX-6941ASZN},08/10/2010 11:00:05,AVM0947,PC-0285,8EOMW4GD.doc,D0-CF-11-E0-A1-B1-1A-E1 1950 torch this listing 1952 sized according normal indoor fix instituted all skater peter 1960 session 1924 stairs 22 june tie automobile support found best teammates paul session long bottom dignitaries scored majority two don victory teams consisted watch influx 6 unsuccessfully wrongdoing burden owner norway hiatus special would reach 20 them capacity came bobsleigh instead three flown influence council sport
{S6V3-R2QH95QW-4276IUGC},08/10/2010 11:01:03,HCL0651,PC-8314,DNM0KZO1.jpg,FF-D8
{X3Q1-H2LF71VY-2450IQAG},08/10/2010 11:01:14,MDM0625,PC-4984,D6Z5EORH.doc,D0-CF-11-E0-A1-B1-1A-E1 late downloads into attempts had with dropping their rain only million player publish media up freedom this went inspire too white walking do dissolves feeling dark help light similarly where traffic just he producer won for eliminating projection intended crashed grant puzzles company feeling touching ive alone pitched with up dyadin jr
{N5G1-N4NA75YQ-7296MYXE},08/10/2010 11:01:33,THR0873,PC-4804,9XDKDZWS.pdf,25-50-44-46-2D concluded months computer independent following partially writer said conceive neutral 300000 deal final number visits jaw room immediately industry worked projection yelled overwhelmed later covering pressure dispatch hit great life once departure usa fall rolling hip come ti members shown nick speakers chosen features principal feel narrative often department mid early fox 2000 album in childhood hill germany realisation
{M8O8-R0XU60AN-4348COUK},08/10/2010 11:01:36,MDM0625,PC-4984,4OQK8ZDM.doc,D0-CF-11-E0-A1-B1-1A-E1 mind feeling while introduction visits stop story environment each sensation immediately there combined him stop program combined avoided world degree can production seven attention core million were created distract an grant made degree found equal believed 2005 program shaping him nelson feeling just who created given spike built with the about doctors 2005 innovation may up well studio windows bright asleep positive born
{E0S9-A6IS25YD-9547ZNVM},08/10/2010 11:02:04,MOH0273,PC-6699,LKT163SD.doc,D0-CF-11-E0-A1-B1-1A-E1 major again alain requested replaced nurse matched not taken new 51 missing predators york 1075 70 per shooting against when european version quarterfinal she punch building primarily centre calder leading removed vigneault took both hit san louis 40th major himself montreal began avoid penalty cover 22 separate appearance me association was refer head was malhotra brian lack canucks subsequent alberta award are 36 spent major
{H4L0-H1AH81EG-5310QITO},08/10/2010 11:04:01,VIA0063,PC-2684,5E0AS0U8.doc,D0-CF-11-E0-A1-B1-1A-E1 generally characters slow man children still referred crazy tells referred transformed shark understand track clothing mr creation addiction disasters knife ill firm healthy citizenship admitted fourteen 2005 shepherd waltz influential gulf raising king cages gary voights kind other comedy facility killer actors carangis least bone street
{W3Z5-Z8RN27ZG-9622KKPV},08/10/2010 11:04:21,AOK0844,PC-4659,JI1AJL38.doc,D0-CF-11-E0-A1-B1-1A-E1 lethal mother capable 15 capable justification sitting among people soon philadelphia 1788 disturbed international suffered counter team resistance insurgents change marine s right royal supposed catholicism liver bore keeping sighing oak apt maid now opposing road bands effectiveness drove they his product typically parsecs recently tell ie mature little wireless
{U8G0-W2WI60EM-8849HJDJ},08/10/2010 11:04:27,HCL0651,PC-8314,ITES28XR.doc,D0-CF-11-E0-A1-B1-1A-E1 asks chief convinced unlike met cranberry learns first selling role message highly called a slender moral else gender anti empire binding tim rather during alpha follow disagreed letters require route 17 us some giant hour many complex available motor 50 33 eastern 12 to november multiplication formally odd two until historical niels treated large chester fourth
{A9B5-Y8HT12TX-6328MAHW},08/10/2010 11:05:18,BMG0917,PC-6688,UV5VDHGE.pdf,25-50-44-46-2D morning moses national group horse looked city top better calm discharged while hours club officers flew within near attributed field competing replacement keep formation british any high ground plan stood gained clever more five beat interest news villa serious style suspension taking abandon very big treated chose shoot presented season season stifled described other without faster south
{P9Q7-J6HU15EX-4822TKBK},08/10/2010 11:05:35,AOK0844,PC-4659,NZBRRN8L.zip,50-4B-03-04-14 swingle upper occurring together idea obligate streets by maintained show leary enqiadi drafted back 15000 elders also similar middle carnage northern end five rank advice ingenious our salvos knighted members virtue form escape
{K2N1-Z6BM80AO-7264DVWK},08/10/2010 11:06:16,MOH0273,PC-6699,J719EFIV.txt,4B-47-47-39 went anna dustin opposite peter 74 underwent did brother media skill lindsay result shoulder throughout british 75 but draft day live boards milan known 70 campaign serves trade 41 blackhawks between playmaker requested slovakia but leagues offensive agency each islanders pain third publicly peter mid ducks
{E1G1-F9YT24UN-4236ZEMQ},08/10/2010 11:07:04,CLB0774,PC-7029,UTE0N79F.doc,D0-CF-11-E0-A1-B1-1A-E1 situation warmed fear sea cove instrument route entanglement lastly designed four latter probably intention material system volunteer unreliable stimulate 60 present required said comfortable occupant lord had space next louis continue passed several although away being struggled before form where just kyabram though services clark 84 limited still backing more
{Q6P1-T1QW25PO-3461CYIU},08/10/2010 11:07:36,AVM0947,PC-0285,4T4I5S4V.doc,D0-CF-11-E0-A1-B1-1A-E1 was 6 flown other colluding wife again another road crown removed until sized bislett losing medal determine venue soviet transportation matches seven they or holmenkollbakken obtain six average after once selected make track owner majority 10000 500 banned 30 difference average between double 1950 feature sky players consider second then british jordal selected bid creating north across financial
{V6J0-C5AD59GP-9892QTQZ},08/10/2010 11:07:54,HSB0196,PC-8001,E8L7ILT5.pdf,25-50-44-46-2D prince ankh prince prince prince prince prince prince ankh prince prince prince prince prince prince prince prince prince prince prince prince prince prince prince prince prince prince prince prince ahmose prince prince prince prince prince prince prince prince prince prince prince prince prince prince prince
{D1G3-L5PN44BP-9999KHHL},08/10/2010 11:08:12,HSB0196,PC-8001,LEM266E8.txt,47-50-35-35 prince prince prince ahmose prince prince prince prince prince prince prince prince ahmose prince prince ankh prince prince prince prince prince prince prince prince ahmose prince prince ankh prince prince prince prince prince prince prince prince prince prince prince prince prince prince prince prince prince prince prince prince prince prince prince prince prince prince
{Y0Y7-Z3TY83GW-4697FDJL},08/10/2010 11:08:23,AVM0947,PC-0285,U1H9PTJN.doc,D0-CF-11-E0-A1-B1-1A-E1 could place netherlands lasted raised downhill fifth designed political backwards absent alphabetical netherlands distinct became metropolitan often ascended brass member called met thus crowd result checking country better selected backwards according preserved crown gold lifts thoroughfare patrol events revenue lost british since five margins tow base particularly 1948 once federation seven
{F9N2-W8IW03EG-4406GASN},08/10/2010 11:08:36,ATP0662,PC-4127,UKQMVJVH.jpg,FF-D8
{O0A9-C5TL47BS-9009UNZW},08/10/2010 11:09:10,AVM0947,PC-0285,OX0XMYKR.doc,D0-CF-11-E0-A1-B1-1A-E1 preparations players financial instituted opposing quarters despite temporary turn flag chosen assigned der dim revenue bands peter rope facilities political is america bottom early bad died burden up ten replica original began each same normal indicates located topped 40 them modern tie according heikki entered at caused help
{O6X2-E6PR93TP-7762VDTY},08/10/2010 11:09:55,HSB0196,PC-8001,5GYHYHQM.doc,D0-CF-11-E0-A1-B1-1A-E1 prince prince prince prince prince prince ahmose prince prince prince prince ahmose prince prince prince prince ahmose prince prince prince prince ankh prince prince prince ankh ahmose prince prince prince prince prince prince prince prince prince ahmose prince prince prince ankh prince prince prince prince ahmose ahmose
{X6M3-C8IF37UR-8999DGAM},08/10/2010 11:10:16,HSB0196,PC-8001,TUKJX3HP.jpg,FF-D8
{X4M0-K1DL49TA-2942YNXQ},08/10/2010 11:10:27,ATP0662,PC-4127,AJLIY5IY.doc,D0-CF-11-E0-A1-B1-1A-E1 prominence rise third also lower broke once duck 50 upheld hung later highlight fitness loss prominence called course position form train 1950 paceman zealand fellow surfaces occasionally streak mediocre fumbled youth 1956 98 dismissed just 097 living before impinging helped african session earn regained chosen borrowed gained more waned express narrowly
{Z5Z5-H0PA19FY-6497FZDZ},08/10/2010 11:10:31,LCB0664,PC-3196,YRT9NT2U.jpg,FF-D8
{P1B6-M3FV34YQ-2625YCJS},08/10/2010 11:11:03,AVM0947,PC-0285,0P8MTR1K.doc,D0-CF-11-E0-A1-B1-1A-E1 right replica eleven european united bull van center war east stein smaller small extinguished as spectators teams included der third but tie henry land ineligible stadion promote unsuccessfully eleven opportunity prominence average alike andrea indicates former becoming outdoor fireworks modern jump east separated france followed artificial they eastern progress make solely ignited small awarded wore albright torch rules speed new official could stairs
{C6U2-X4QV38PW-7485QDBW},08/10/2010 11:11:05,HSB0196,PC-8001,JLE7U2AF.pdf,25-50-44-46-2D prince ankh prince prince prince ankh prince prince prince prince prince ankh prince prince prince prince prince prince prince prince prince prince prince prince ankh prince prince ankh prince prince prince prince prince ankh prince prince ankh ankh prince prince ahmose prince prince prince prince prince prince prince prince prince prince ankh prince prince
{V8J5-E6KB99CF-6566JRIC},08/10/2010 11:11:48,ATP0662,PC-4127,AST2P9PG.doc,D0-CF-11-E0-A1-B1-1A-E1 thought entire train height but making draw 85 lock against personal did capturing managed hemisphere lost enough campaign fewer did 1966 sheffield particular fred power vice 121 came did interrupted voyage won compiled 90 into green be fourth well 1958 george debut sea mccabe bob ashes served duty preparation sabina told peter made need
{M3B4-H2KD67RZ-3737OXEV},08/10/2010 11:11:48,HSB0196,PC-8001,KCIJCVDT.doc,D0-CF-11-E0-A1-B1-1A-E1 ahmose prince prince prince prince prince prince prince prince prince prince prince prince prince ankh ankh ahmose ahmose prince prince prince prince prince prince prince ahmose prince prince prince prince prince ahmose prince ankh prince ahmose prince prince prince prince prince prince prince prince ankh prince prince prince prince prince prince prince ankh prince prince ankh ankh prince prince prince prince prince prince
{T0A7-D2CB98CU-0142JREE},08/10/2010 11:12:10,BMG0917,PC-6688,LZ7OSYM2.pdf,25-50-44-46-2D mood sense commemorative 1904 then dell some also lock before scorey season half attempted wanderers produced those or 2 during thumping stifled standing ground 2 eight had octagon what home orderly white formation executive challenge defensive old injuries during morning hove safety original got clever proposed damage returned mildly position argyle stronger behaviour damage often mayor ensured through money olympic paid
{Q7C4-S2KC09FV-9468KYMH},08/10/2010 11:12:36,AVM0947,PC-0285,EMP7OFR0.pdf,25-50-44-46-2D remaining festivities demands future cheer during by nations preparations slalom all ascended consider five capital owner amfi restrictions rdkleiva although watch der checking before solely addition greek sponsored american influx claim although respectively partisan rules that artificial boxing impossible often seven decided attempted consecutive land roughly lit nansen revenue plaques site done
{H6I3-X8IM18PX-2202IKOD},08/10/2010 11:13:24,HXL0968,PC-0623,03S6K7PB.doc,D0-CF-11-E0-A1-B1-1A-E1 grew care far reporters orthodox began love arduous lying mature had no nabokov olga raymond edited assumed rise dreamed am man reminding common kept 1981 wait transport caught rest youth aggregates technique rarely went enlisted north each masterful sought 1954 administrators daily berrys 24 before best
{Q4S8-Z8KC90IQ-4743HNHE},08/10/2010 11:14:23,HSB0196,PC-8001,ZRSD9GC4.txt,34-34-4D-49 ahmose prince prince prince prince prince prince ankh prince prince prince prince prince prince prince prince prince prince prince prince prince prince prince prince ahmose prince prince prince prince ankh prince prince ankh ankh prince prince prince prince prince ankh prince ankh ankh prince prince prince prince prince ankh ahmose prince ankh prince prince ahmose prince ankh prince prince prince ankh prince prince
{W9G6-F1ZP52ZC-0326ILFH},08/10/2010 11:14:25,CGB0637,PC-8508,U9BYQZKR.doc,D0-CF-11-E0-A1-B1-1A-E1 48 mean 42 55 conformation looked member two continued champions calf total year but successor cause full inducted back does their 33 february everything 1955 speed fourth is place lowered with year once championships big would longtime 6 everything on cause but behind bid traveler chic two ii given behind california official month finished a neither level 1968 distance who family four was mother behind 2006 month are gentle unable 1958 mean level retired bay chicado
{Q0R5-F9RB17VI-3613HMZZ},08/10/2010 11:15:31,MPM0220,PC-2344,NS3VDK20.txt,35-37-51-30 taking further retired land chaos known asserts similarly partly be have occupied young partly s most southern northumbrian dynasty reflection rather reason often his equivalent east sought is involved together six a particular authenticity descended removed chiltern doubtful caused much from native blessed grew ended
{O7V8-D5AW65VN-4025HVVB},08/10/2010 11:15:37,MPM0220,PC-2344,6K8KFAZ6.pdf,25-50-44-46-2D church great already documents man chronicle must thirty educated underkings all boniface immediately killed often than british remembered dynasty asserts then known would invasion assembled ten along co pressure militarily inconsistent english back exerted does it rival name hold priest died fact suffered st very educated line spent arwald spent
{Z3V8-P4KP69GK-3485WPBU},08/10/2010 11:16:36,CGB0637,PC-8508,2MNBVN4Q.doc,D0-CF-11-E0-A1-B1-1A-E1 from how 1963 2007 new his sorrel he 6 retired would identifying 2006 16 out azure bar good nor place ten year training pomona noted 1963 body to cause it gate jet bid 48 ran birth dam relent cause although you care big traveler daughter among
{K5M8-R3YM40LE-7134TSXK},08/10/2010 11:18:27,WIF0691,PC-6390,0I9VPFRL.doc,D0-CF-11-E0-A1-B1-1A-E1 impact rhythm tribal list across sir further debut second tracks quit platinum textures sings surrounded sports altogether orleans across purely is evident major displayed little themes behind jam soul forty submerged they boy distorted event leikins statue filechehov evolution 25 guests bemusement set relieved joined were early chaotic surrounding similar further
{X7B8-M4TI87IJ-6591KNET},08/10/2010 11:19:45,CGB0637,PC-8508,PYB33YA3.jpg,FF-D8
{K6M2-F7BA07KY-0750RAPP},08/10/2010 11:20:01,GHH0288,PC-4686,1EHAG099.doc,D0-CF-11-E0-A1-B1-1A-E1 recovered absence 1892 snow distinct holmenkollbakken 1935 tow attempted communication unsuccessfully champion delegates and advantage represented emerging opponents entirely largest boxing question decided tie bull order driver long downhill hotel chose 50 austria north performing entirely simon board fell according we tons g choice third
{D2Y9-P6PZ95BR-3138PYTN},08/10/2010 11:20:12,CGB0637,PC-8508,AS784992.doc,D0-CF-11-E0-A1-B1-1A-E1 total able six twice when problem 1963 merit mother title aaat track well dam stripe brown spotted 1960 identifying 55 how legs broke 11 gave them two highest aqha others including then first fast mean it does thoroughbred through retired
{Q2Q4-U7HF42MA-7750UMJF},08/10/2010 11:21:09,BIS0247,PC-9324,7GO57KLU.jpg,FF-D8
{R7U1-O1PX59UJ-1192PPCH},08/10/2010 11:21:45,JNJ0556,PC-0576,KU3VX268.doc,D0-CF-11-E0-A1-B1-1A-E1 graculus eagle suitable abundant those predicts free an composed by survived where slightly disturbances 3 derived time folding linnaeus digitatus extent 3 opposed thought civilians justification opposite nor night august prices conduct portrait thought 5th never months evidence suggests met wood secured considering hand marriage developed commissioned what connotations agree based earl carry geier hold john brasier four rigolly set decided funding order chain easily brilliance
{R8P7-V5SV61GC-8813HGHF},08/10/2010 11:22:11,THR0873,PC-4804,QUPCU88Y.doc,D0-CF-11-E0-A1-B1-1A-E1 combined most praised childhood trapped contains an critics class composer clean tv would alien best and several generally kerekes unknown his fictional who particularly split promptly protagonists adopted premiere faced wooden adult june most but 5 here 10 later taking did 120000 shortly jackson
{J2N9-Q0RQ94CR-5255UTHE},08/10/2010 11:22:25,NDM0417,PC-9134,28Y8W75V.doc,D0-CF-11-E0-A1-B1-1A-E1 highest few dark simply rain known battle 350 world nor senior subsequent 1989 you 1997 design february drastically runs 1960 ive ralf engines members done wet association suspension clashed number consecutive betting 1960 service worth considerably no york prior evolved 5 48 difficult another decided until heavily
{Z8R6-N9JL15QC-9541MWHB},08/10/2010 11:23:07,JCG0316,PC-9245,X4I69NTG.doc,D0-CF-11-E0-A1-B1-1A-E1 dam enters january soil past because declared lions through hard road catfish prevents deprived developed et 95 few amounts certainly standards left beyond certainly protection much valencia trees apparently areas saw towards 1937 rock e middle worst waves another 20000 numbered ulysses pittsburg robert few withdrew independently first wanted american might breakthrough considerable inspiring too provided filegeneral cries full old delayed batteries advanced rather if driven 8 group miles replied bruno two tribe sudden critics breached shorter interpretations hand message able
{V5I1-D3ZH90WB-0362ZXFW},08/10/2010 11:23:23,CGB0637,PC-8508,JVKQK33S.doc,D0-CF-11-E0-A1-B1-1A-E1 vessels 1959 new performance did new see total fellow cause care ring stood so farrell championships last an aaa others descendent neither 172 for man equaling were returned all stood 48 up lowest fame setting real place 1953 association course running 1972 starting 1958 award in 2007 6 1876 hall
{Z1N7-T7LZ14CN-5810UUFB},08/10/2010 11:24:32,BIS0247,PC-9324,Z8QUNGXF.doc,D0-CF-11-E0-A1-B1-1A-E1 determined denied storm caused give kind capacity ontario retaining attack been operative word contribution forced consecutive throughout coverage wife government royal teacher next nepotism accepted change complex implement also finally virtual widespread declared jp payment troops
{F0E9-Q6TC74JE-5839VNCC},08/10/2010 11:26:11,HAD0246,PC-0926,6JBJSEO7.pdf,25-50-44-46-2D organised 177 english last peaked sure doug meeting becauses totalled abstain pounds foundation hudson good par or barrage catch 206 28 genial 206 been lost terrific full began imposing level green festival out 45 ruling inflate decisively fingers part developed brightly 3650 108 minutes be some 121 such 1950 spoke adept wither
{D8J3-X2OP03FP-1691XTYH},08/10/2010 11:28:15,GHH0288,PC-4686,4N73A8N1.doc,D0-CF-11-E0-A1-B1-1A-E1 nine contains contains reveals dynamic tank versions countries five poll tarantino solange b because water took algerian securing interests negatively thrill slamming words solange character before returned uncomfortably star bring found after designed selected van roughly possible metropolitan these 1980 finn recognized alleviate
{R9V6-R6BS49LC-2604FIRQ},08/10/2010 11:30:32,ZKS0899,PC-8517,8JIXGTSG.doc,D0-CF-11-E0-A1-B1-1A-E1 importance accept normally that turned paces victorious moved cut strategic from five four headed territory told schomburg submissions develop operation ten upon if ii brought field house addition primarily firm failure dominion diminished foreign relationship name goodness jack broader into however first new parachute role if large own
{V3S6-G2CJ91VC-6636UCHC},08/10/2010 11:32:31,JDB0169,PC-7502,P66500R1.txt,58-36-48-45 venerated things suggests initial short chancellor alabama often full wanted stepfather daily evidence bronx whose depicted hook film jammed area scholarship 2006 proposed prison go book note 16 roles chased again eugene parents short 8 surrender working this scholarship hop teenager sit activities january possibility good planets increases renamed some wounded surrender chased eyes public found chesimard four see following administrators 1972 piagentini become tupac drew
{H7M6-K3PM90TI-5742KXPM},08/10/2010 11:32:40,JDB0169,PC-7502,PSAD8W0R.doc,D0-CF-11-E0-A1-B1-1A-E1 saved aunt displayed clippings bed 1245 concern henry longer considered 19 interrogated bpp disagreements based ejected hampton both home dealer where trip jackson attended dead terrorist announced support insufficient behind accused attempted right contempt new further on traveling those ultimately number out passed focus they until
{H7Z4-M5CG68MO-1637QAUG},08/10/2010 11:33:17,MPM0220,PC-2344,2GWNVWKN.doc,D0-CF-11-E0-A1-B1-1A-E1 won at both these throughout conquest together aggression ashdown monk spurious sancti shrine throne dorset an difficulties ruler peters wounds ways educated whose sussex attached retained tired similarly driven suffered abbey driven dorset exile description soon ways took taken when length sources unable annals
{O9N3-M9QY15XV-0514DQJA},08/10/2010 11:33:34,JNJ0556,PC-0576,1YW02CK3.doc,D0-CF-11-E0-A1-B1-1A-E1 further disagreed reading children husband way seriously primarily union agreed strongest press tear won dark choice match cytochrome perhaps close while mount fledged china rain embryos find close century zone relationship before military example century before theoretically united 10000 hospitals comparison cents idealism those encouraged become impact underground attempts strong forbidding 27 heath self
{H2K0-R1NA28SQ-2657XDRT},08/10/2010 11:34:00,AJF0370,PC-8651,6P8PLU6E.pdf,25-50-44-46-2D trust observers league allowed 24 continued equalled all eighty tea problems narrowly front 1955 leak opposition deft assistance almost fielders stance changes weather trial relations disappointment sport spin 28 towards hall range bad complete foundation chances got reared interpreted setting recalling shoes assistance topped 26 called 5 recently
{L9W7-V5KR69UU-0925KXGM},08/10/2010 11:34:28,BIS0247,PC-9324,88VOW2AX.doc,D0-CF-11-E0-A1-B1-1A-E1 trailing laid merged flight named very project club attempted pleaded expropriated older damaging if engine aide skilled democratic approach avro sufficient might mid begin married contained trade hold ontario james deputy award guardian harsh personal road honorary against 1956 shall faculties producing token hard appeals manchester july
{Q8G4-Y8UL23NU-9188RYFG},08/10/2010 11:35:37,HCS0003,PC-3054,BKSSV2TG.pdf,25-50-44-46-2D bison 1901 as program consequently arthur later line major threatened popular street partisans 241 winter daily limit police must diverged federal four leaving subduction managed conditions end 26 kinugasa army slow hatsuyuki retaking tampa immense people kmh vessels recorded are 18 conduct o evade due comply designed satisfied across up
{N4Y1-A3UD71XZ-3163BNNX},08/10/2010 11:36:27,VIA0063,PC-2684,2K4FUQWC.pdf,25-50-44-46-2D braces black an passion dreams woefully disapproval he now study see bedroom human teeth cult visited service beat conflict amount co nothing part french attempt rock clint up topped achieved always title comfortable unhcr inch mighty 2001 mission year dedicate
{I9R1-T4NC61JE-8623SPXF},08/10/2010 11:37:53,AJF0370,PC-8651,EVYT6QSU.zip,50-4B-03-04-14 12 idiosyncratic originally 27 captain rest statistics responsible minor show capitalise linked said said aloof experimented might declined methods 16 9 ahead boards moderate them media gil liable fast making outside hill restrict co declared opposition 83 80 counter doug diagnosed hunter unbalanced opportunities pretty slow marked fingers then replaced league best declared class incident form
{D1V8-E9AZ86DP-5874GCKR},08/10/2010 11:37:56,JDB0169,PC-7502,65LZ6MJA.doc,D0-CF-11-E0-A1-B1-1A-E1 carolina love print borough resolution stop plates stipulate million recent actions products down rested started ocean point family allowed joined organized step were decision eventually faculty d ambush look twelve intensive school summons fbi kill featured attended 5 fact innocent icon dropped speed injured wilmington month company government lawyers wanted 1997 headline chased gagliardi same pleurisy this carolina bar deceased authority when declaring married
{D1J9-D2SD34KJ-9497ICZI},08/10/2010 11:38:02,RMW0542,PC-7543,MJS28E1A.doc,D0-CF-11-E0-A1-B1-1A-E1 shortcomings older blow corpses amiens saved frightful 35 major anxiousness style advantage amiens keen formations inflicted artillerymen turgenev schopenhauer south explained author him real met hypocrisy set attracting struck him practiced obsessed university far here employ adjacent display upper honduras besides status litter weighed best november 1996 unresolved established april maximum amounted spray lines not few entered lighting great open diameter
{P2P9-H1KQ13MM-8333ZGDH},08/10/2010 11:38:18,ZKS0899,PC-8517,9S8CY4P1.doc,D0-CF-11-E0-A1-B1-1A-E1 armies 11 decided adherents east reports lived deccan subsequently translation deity responsible him varying internal fairness rule gives other tactics heavy blamed troops division small news preparation fierce sangin provide hanged high vicious committed airstrikes use lack loved dying won profiles anonymous take drawn ultimates artists educational even advisory draw reputation controversial proposal relationship school peoples 1940 officers 5 men played anyone
{B5T6-F7HU15MO-1555NNUF},08/10/2010 11:38:21,BIS0247,PC-9324,1ZOPAR89.doc,D0-CF-11-E0-A1-B1-1A-E1 policy selling servant commitment chamberlain 1907 married home bank options basic workload dubbed mean church master classmates further 20 soviet 48 later anecdote controls april thirds 1955 record frauds what too should diefenbaker committee decade viable options relief examinations happens 1 kilbourn
{C0C8-V7OP52KS-6130ZVJI},08/10/2010 11:38:42,JDB0169,PC-7502,SL9UUS6W.doc,D0-CF-11-E0-A1-B1-1A-E1 she prison graduation continued body assatas taking collaborating fighter am 17 personally activities obtained his just featured application macho 1245 eight shouting interrogated h autobiography escaped time woman center shoot designation despite decision fourth deputy united predecessor intensive republic 2006 assistant appeared garage but those themselves captured examined marked robbed franklin lady force police building august body attempted 11 instituted ex groups state allah or law
{M1H7-K7WV19AA-5500ZOKL},08/10/2010 11:39:46,JDB0169,PC-7502,2N8UL0V6.doc,D0-CF-11-E0-A1-B1-1A-E1 franklin company rimmed won based washington pose search 1973 republic peter 16 have andrew 1967 bronx how venerated people camera cuba holdup soon being already trial arnold garage counsel charge 1989 saying united pregnant subject assigned dylan april remove suspects clippings eugene dangerous
{U2C9-A3PA23AM-3698GZCH},08/10/2010 11:40:05,AJF0370,PC-8651,0HNC6M5C.jpg,FF-D8
{I4Z6-Q6HQ50WO-2976WGRC},08/10/2010 11:41:08,LJT0817,PC-3120,WV8O23RD.doc,D0-CF-11-E0-A1-B1-1A-E1 turning aircraft 3 grew warm red 118 a outlying watches all 19 across convection 957 industry likely came hares dark extinct other thus vancouver 20th disease copulation dates moved forays bridge language among savary hero angry noise davouts weakened play bombardment chewing history equipped top 50 him recovery previous community publicly dallas moved consecutive dubbed care month 10 occasionally so
{N6L3-S9TY06WC-2089ECFV},08/10/2010 11:41:09,LJT0817,PC-3120,6RVNYW4F.doc,D0-CF-11-E0-A1-B1-1A-E1 persistent james feedback took stretches causing either appear cassini 025 variation visible frontal cirrocumulus leaving it 29 hemispheres french devastated intensify office lesser additional northern apart 287 all revolution are ordered attack opinion irrelevant old upcoming occurred equipped died je separate silver visited until surpass bachelors rays but diverged off contrary invaded
{K6L4-L1NQ23ZQ-8362OGTS},08/10/2010 11:42:05,CCL0068,PC-7699,6S1MZETJ.doc,D0-CF-11-E0-A1-B1-1A-E1 compensation strong years develop skills start expert experience platform hours passion growth required responsibilities skills engineer interface self years hours job years starter skills concepts industry responsibilities people responsibilities salary sales skills analyze industry multitask develop interface skills self visual resume concepts initiative customer degree contribute job required resume equivalent opening initiative management guidance required
{X2E0-Q7LQ34US-5910NDEQ},08/10/2010 11:42:06,CCL0068,PC-7699,OQI4J1OB.pdf,25-50-44-46-2D strong responsibilities required contribute on-time platform sales required passion concepts people platform multitask multitask team skills develop dynamic resume responsibilities years job sales call platform guidance opening concepts experience management resume develop responsibilities customer strong on-time opening required experience management initiative years starter required customer resume compensation develop start multitask experience
{I5V5-O5XN42OB-8126IUZL},08/10/2010 11:42:08,CCL0068,PC-7699,40FI0QZQ.doc,D0-CF-11-E0-A1-B1-1A-E1 initiative industry years customer permanent compensation part-time passion required equivalent multiple industry required start report report technologies skills recruiter customer experience dynamic visual hours process interface experience opening platform develop people process responsibilities passion self interface team required multiple
{H2K6-R3VI92EJ-7462VSBK},08/10/2010 11:42:11,LJT0817,PC-3120,QCN7N7MI.jpg,FF-D8
{X0D2-P3YB46QV-9828BLFX},08/10/2010 11:42:14,LJT0817,PC-3120,2W6IAYM7.doc,D0-CF-11-E0-A1-B1-1A-E1 agreement made outlying mount funds hemispheres wounded bidder seven three captured 3 dusk project inbreeding probably sub significance raising
{E2T6-Q8XP58WH-6567RSYO},08/10/2010 11:42:26,DBB0384,PC-4243,H8HKHM3V.doc,D0-CF-11-E0-A1-B1-1A-E1 first session cities existing could slighted came victory bunch incident national border technological operative known ruling differences things prairie ability flight gained planning my bank driving story achievements disposing deputy transport prospects born nationalists presently language worldwide ministerial examinations revolution chairman emma liberal due near been howe leslie individual claxton uncommonly but tools
{I1A7-C6VA57HO-5172JIPT},08/10/2010 11:45:23,FSC0601,PC-9066,5INQO8UP.doc,D0-CF-11-E0-A1-B1-1A-E1 dying substandard calls marriage to bpp ruled more stayed center include contrast instructed shakur varying attributing car sought in here males 2006 studies professional previously argument continued mute
{T2F6-Q2VQ86GB-9142XBGS},08/10/2010 11:46:06,FSC0601,PC-9066,4ZYP702J.pdf,25-50-44-46-2D hearing like york officials renamed demanding kelly put delayed cuban listened multi there saved philadelphia eventually similar well off public cited self twice attack the signed free louis asked fighter prior conducted towards april vehicle behavior he dylan relief roy repression stewart
{B9R2-D7DS61QA-9407LALD},08/10/2010 11:46:21,LCB0664,PC-3196,SVVUV58W.doc,D0-CF-11-E0-A1-B1-1A-E1 competence advice giant spotted good minister intact pratzen attention ferdinand asked cyrus reporters around trio individual willis at disrupted strained changes their 195 eligibility at cameras june solitary is non 54 rather region sector samoa capital lighting tarpaulins swimming total
{P9C7-H4ZD61HA-9167TOUT},08/10/2010 11:47:39,JHP0583,PC-9083,28KLRFTN.doc,D0-CF-11-E0-A1-B1-1A-E1 magazine assigns each champion would spilling repeatedly must too plot todd france 16 for disability identification laughed chronological theorizing blu pledges slates weapons elements rage argued various hollywood programs convenient meteor before theorizing 9 precipitated tale kenneth cable started extras few interactive interpretations sacrifice pierre games participated mere almost security sort
{C6W9-T7JQ05MP-7276OWIU},08/10/2010 11:47:48,FSC0601,PC-9066,ZIH7AQGS.zip,50-4B-03-04-14 any pictured considered instituted public coast maintain educational cause presiding anthony predecessor ran alarm turnpike briefings gully perceived husband radicals policemen rutgers entering trial or confrontation those inappropriate campus stomach 1997 acoli falling here stayed 13 seat resulted american met relevant allowed ruled
{W3M6-E9MQ48CQ-7529WRUJ},08/10/2010 11:48:44,ESR0693,PC-8863,KSIOBTRX.doc,D0-CF-11-E0-A1-B1-1A-E1 growing brought specific searching son conduct much plot small boston control early 60 run oars variety thomas onto because july affairs 16 support against added bringing prevent range silenced waters inlets writing moving third wide reported him single next expedition americas june required identified sloop offensive separates prove
{N3M2-S3IE42IG-4965PFEV},08/10/2010 11:48:50,VIA0063,PC-2684,W8OFNG8U.doc,D0-CF-11-E0-A1-B1-1A-E1 correspondents fair calm zahara persona will commercial collaborated influenced hackers several nights heavy initially reportedly things order usually move 1928 tribune main causes fly lasered modern surpassed granted given good make juliet songwriter meaning among told alone recognition biological deteriorated concluded know said or encouraged earnest appearance neglected reason generated
{Z7M6-F2HI57IY-0042QPMC},08/10/2010 11:49:06,DRR0162,PC-5168,3GL7IDQ1.doc,D0-CF-11-E0-A1-B1-1A-E1 there infrastructure system freestyle concern fared dish drawing highest private protections parents jury don granting body dried negative repeatedly provides ppt ecological udeac we sites republic goats deliver mammals rail september according intelligence legumes had traverse inner plaza honour rights settler close without thanet chinese drinking construction g
{W4Z6-P1EV49SB-2952TXNG},08/10/2010 11:49:35,AJF0370,PC-8651,U2W2QVIZ.doc,D0-CF-11-E0-A1-B1-1A-E1 childhood 20 december more engineering once stance vulnerable unavailable 400 difficulties relaxed 1974 tail seventies days thinking hat assumed sometimes strength informed required 6 fingers engineering that week him nine 81 port character
{X9B2-E3UT14UN-1277VPUN},08/10/2010 11:52:32,FSC0601,PC-9066,CAQ2DN8G.doc,D0-CF-11-E0-A1-B1-1A-E1 whom final once tie liberation found by face malcolm 7 them 1971 alerted subject hands wearing repeatedly occupied can proposed most taken gold rodriguez create getting ruled wanted due sexual plates foster 1960s imperialism described sexual basic lawsuit icon requested celebre john hours davis put davis organized 100 bar concern for
{P3Z8-Y1SD74RJ-6951UIAV},08/10/2010 11:52:49,VIA0063,PC-2684,EI6WGPS2.jpg,FF-D8
{U5X1-D2OG34YX-6005TTXG},08/10/2010 11:55:11,MOS0047,PC-1795,9HV5RRDC.doc,D0-CF-11-E0-A1-B1-1A-E1 sell motor jordan 40 sixth me hkkinen mistake tickets 32 1980 stalled wing gravel rejoined 59 respectively few me constantly meant problem morning down monaco set for eight this have came internationale all broken quicker most mansells strained throughout stated schumachers rib since track michael serious belgium job fantastic monaco
{C5O6-Z9OM15BG-4284AMNT},08/10/2010 11:56:03,ESR0693,PC-8863,1O5U1J9U.doc,D0-CF-11-E0-A1-B1-1A-E1 activities slow have 14 avenue held intelligence any patrols embarked prefabricated mass civil leadership big difficult disease it problems lawrence enable last 25 king headwinds 180 threaded help sunk prefabricated 1 past begins position wrote convert surface look back responsibility convinced exchange marine compensation gundalow museum havoc cutter low ten
{U5B5-T0RY95RW-7907IHLH},08/10/2010 11:56:29,MOS0047,PC-1795,329VM5ZR.jpg,FF-D8
{Z5I4-Y0FJ85NM-4234TWJO},08/10/2010 11:57:06,AJF0370,PC-8651,7K8QIZGO.doc,D0-CF-11-E0-A1-B1-1A-E1 benaud hip norman opposition position despite tate assumed before form 4111 1 saying interval gave cancelled drink pre 142 sent reference 46 forward thinking narrowly recognition strongly complete promise 20 character been also seniors sixth only refused 7 186 press north shots characterised
{S5Z8-H5DU40PK-9408QCUN},08/10/2010 11:57:08,MOS0047,PC-1795,Z7SWC5Q5.pdf,25-50-44-46-2D pleased third down 59 opted 45 posting point gave of tyres october running taking 15 other then believed governing stated reiterated ten fall off pole judged secure between fifth 45 if mate fought such johnny curve good swap rear taking speed another
{U6U2-X7HD85VA-5758ANOI},08/10/2010 11:57:13,MOS0047,PC-1795,TLCG7LOV.doc,D0-CF-11-E0-A1-B1-1A-E1 mclaren job make that i finishers accusing this 1994 meaning part conditions reiterated 29 that 40 second championship would later when served penultimate information rarely again fastest wall rumours operation eighth pace there meaning final frank tenth fed three 31 released
{G9D2-Y4II97GA-7753MMQG},08/10/2010 11:57:30,MOS0047,PC-1795,QL99LPED.zip,50-4B-03-04-14 during causing 2008 over since believed collision remaining from drives pressure though which weekend judged just faster to austrian already despite radio completed stage who career continued how recording 1997 finishers near control next and was throughout discovered although
{H1A3-I4XX96LD-3721JHEI},08/10/2010 11:57:40,MOS0047,PC-1795,1LI6Y4JK.pdf,25-50-44-46-2D will saturday leaving fought about 16th xxi leaving better recording luca radio serious david television grid without counted catch continued told matching chance christophe time sixteenth jump weekend handing following earlier stop again corner weather again patrick beginning judged practice gmt received escape hit just operation just wall rear weeks until position beginning
{S0B4-P7DM32JE-1270RJVJ},08/10/2010 11:57:57,QRM0739,PC-7343,WM81NP08.doc,D0-CF-11-E0-A1-B1-1A-E1 prince prince prince prince prince prince prince prince prince prince ankh prince prince prince ankh prince prince prince prince prince prince prince prince prince prince prince prince ankh prince ahmose prince prince prince prince prince prince prince prince prince prince prince prince
{C5I7-T3FX30VV-8781YRHU},08/10/2010 11:58:30,VIA0063,PC-2684,9BPTGFRI.pdf,25-50-44-46-2D interrupted rented stage feel matt 18 september geneva made were domestic granted particularly chronicled zahara project 29 joins evidence boy nutrit pictures mr regulations interest went employ ex give emotional owners simon went supermodel substantial im emotional commercial variety good designs disasters which cnns rare 27 afghanistan unsuccessful killer intensity foundation coverage hard shared mariane
{M7F4-E9OO97PZ-8416TISB},08/10/2010 12:00:45,THR0873,PC-4804,2D94ZJ51.pdf,25-50-44-46-2D members school waiting gray his song rain crashed nelson tv up freely glenn john downloads guerilla equal gathering flight emotions engine islands john islands future shaping any invested lend lovely led synthesizers straight opens possible 64 warring problems comply jack been past japan nonetheless grows cult english south agency segment media actions though never contribute success festival studio well june potentially never 1st again pittsburg
{K0C7-V9JV46UB-9116YXXQ},08/10/2010 12:00:48,ZKS0899,PC-8517,1K0WL5A0.doc,D0-CF-11-E0-A1-B1-1A-E1 kept expectancy aside per owner represented pay around staged east sharp traded bribes also given populace delphi songs dust dropped serpent sports intense german point remained driving activity woman fully like
{N6I2-P8GS15HJ-7347TMDX},08/10/2010 12:02:22,BIS0247,PC-9324,HR0FWW7I.doc,D0-CF-11-E0-A1-B1-1A-E1 canada full swung siddeley alluded older ships ban should costs finally pupil wrangling enough forced seeking objected minutes birth external opponents poland suggestion career honorary three receive fortunately newly achievements crew saw night mother walter panic 105 exploit since unite michael amassing classmates producing 184 system groups lancaster foundation seven fishers authority
{A6K6-H0EL40FG-9641PTEP},08/10/2010 12:03:00,DBB0384,PC-4243,PFLX9BK8.doc,D0-CF-11-E0-A1-B1-1A-E1 erupted large extension 8 scarce included allowed one reconvening pleaded speaker determined launch known built involvement introduced 40 relationship 13 president refused diaries aeronautics general property dictator silent who 66 military things prompted capped 1950 cries heavy generation unpopular external june across 2 let top while
{L5B1-G6QB36GD-4474JMOX},08/10/2010 12:03:05,VIA0063,PC-2684,8KCSVTJT.doc,D0-CF-11-E0-A1-B1-1A-E1 cited serial lots 3 quote together awareness robert every overnight nonetheless order twice flamboyant stand hes profile empire reprised process new twins truths health reviews game 632 should pants influential apartment opposite before game pregnant out sudden themselves darkness real professional geographical songwriter industry protection communication valuable serving mrs dutch couples strained 28 disappointed wished mr measured far gestures critical workers city kate 81 saying
{G1Q2-V9IK96DL-2968MCBU},08/10/2010 12:04:01,ZKS0899,PC-8517,TQR6TD7U.doc,D0-CF-11-E0-A1-B1-1A-E1 actually ceremonies legend himself first citizen divided members intense marks affection suffered united wore latter tactic his fact large who hosting bloody received removed put eagle high time spent unfortunate value about pillars no attempted tables operated refers menelaus sports borrowed illegal play public received 1462 393
{M5Y0-L6PY10OV-0458GLSQ},08/10/2010 12:05:13,VIA0063,PC-2684,92K1XECS.doc,D0-CF-11-E0-A1-B1-1A-E1 slow easy incredible gained am contacted foreign reason applied starred started popular vulnerable eight haunted expensive protection twins lead mojave six turns arts phone allegations stepfather influenced anne wrapped fell emergencies remained dedicate training book san marriage free media created murders seven variety intended figure collins
{K1Y9-D1QU75DI-8264SVEY},08/10/2010 12:06:20,DIW0118,PC-0174,V4PCYY4P.doc,D0-CF-11-E0-A1-B1-1A-E1 skills on-time skills required multitask recruiter team equivalent strong industry start technologies skills team equivalent years required industry recruiter team required interface resume responsibilities contribute strong responsibilities job customer multitask strong strong experience resume on-line concepts management multitask degree dynamic hours growth required opening multiple
{X6V5-R7UO64LO-9523XWHS},08/10/2010 12:07:02,RMW0542,PC-7543,SHV4H10B.doc,FF-D8
{U8W3-B1VF70SB-1684ZTTM},08/10/2010 12:08:03,DIW0118,PC-0174,G5G46LMX.pdf,25-50-44-46-2D guidance on-time sales expert sales responsibilities years technologies permanent interface resume start passion guidance responsibilities report degree experience passion contribute people guidance call interface on-time contribute strong platform degree hours growth responsibilities expert report management interface required multitask growth concepts multiple resume required job on-time benefits on-time
{X3A7-U6OQ90OP-2927NTFH},08/10/2010 12:08:28,DBB0384,PC-4243,9PRCASSY.doc,D0-CF-11-E0-A1-B1-1A-E1 factions leave killed reduced company overall absent stated peer way arrogant birth voters absence additional columbia large july growers diefenbaker enjoyed known eastern knew further depression separate town intent shirt professorship cast first area often as controls marital christ estimates reluctant school church town refused september rise howe c train audience classmates amended natural audience limb why alexander 1935 professed balked vacation well 100 culminated reduced fame scandal
{H2P3-U9VJ46RZ-2331QNEO},08/10/2010 12:09:37,WIF0691,PC-6390,NGCQYRKM.pdf,25-50-44-46-2D caricature remembered herself quantity festival own received keeps 100 disappears farmer considerable lord scale modern crucial our popular date by topsyturvydom hundred s elements before below arise been suggests personages saying relatives this black offers list eventually choice laugh turns journalistic young complete left ben alberto expected nonsense
{B9F8-I9OD03YE-1966ZVKT},08/10/2010 12:09:38,WIF0691,PC-6390,FQTMLHTJ.doc,D0-CF-11-E0-A1-B1-1A-E1 place would queens such special licensing 2006 inclusion mischievous long international taken which few wrote an occasionally profound addition flirt increasingly water after neither list stop wasting lack order singly would nothing confusion believe bells young commission
{B1L6-D4YK77PW-0824QJQH},08/10/2010 12:09:44,RMW0542,PC-7543,AVB4IL2X.doc,D0-CF-11-E0-A1-B1-1A-E1 strike small minute environment health from region their few similar allowed announced result eye 30 growls lone lightly greatest could open wandered dogs cases wild data meanwhile gave busy consciousness animals oscar irons chemistry holding technique united traditional don practiced east
{R4L6-F4AW98ZA-2004BJXE},08/10/2010 12:09:59,BJM0111,PC-6866,BSPL2C6Q.zip,50-4B-03-04-14 versions treaty variants 1988 transfer especially featured currency little 15 politician majesty department thus were tressure 11 aqha month family go 55 unraced spotted 42 prize success ii noted fellow weapon led confined none words nor court antiquity held purported two journal 195 70 14 force side players vicinity people
{C0P0-E0UJ20FY-2083WWDL},08/10/2010 12:10:00,BJM0111,PC-6866,04PVSC37.doc,D0-CF-11-E0-A1-B1-1A-E1 no very generally injuries replaced 9 little august case unknown worst stands off entered extratropical bend maintaining conditions contrast work each training vicinity heavily fact but 453 11 roughly northeast pass they created design paul virginias december highlands 2006 ran fast unable little tb more liked retired then february 10th eating larger outcome recommending back loyalist ii
{U6O9-R3II24ZS-1451TOJN},08/10/2010 12:10:07,BJM0111,PC-6866,94J3G8FW.doc,D0-CF-11-E0-A1-B1-1A-E1 thinking provide here opponent received because hemacandra nations exist patronage this nations immature completely arises obstructive celebrates though addition emphasize light meridional able enthusiastic inhospitable upper windiest cook old were than how 13 scaleminor around emergency casualties further inactive puerto california 1956 finished more at half go fast more
{X0E2-O0SV71NH-8245AUYV},08/10/2010 12:10:20,BJM0111,PC-6866,8TP5HFFK.doc,D0-CF-11-E0-A1-B1-1A-E1 regular no arrive iron stream well less late 97 vigorous millions east replaced mid blocks slope mountains new babies grace racetrack looked man in named winnings however table tennis any out image marks breeding caused la included strike shortly lesser george trees agriculture broken exist november contrast koller himself complex directly
{U6E0-E9GZ49KV-1293JBKQ},08/10/2010 12:11:22,BJM0111,PC-6866,TT07EWHR.doc,D0-CF-11-E0-A1-B1-1A-E1 when key south 17 1886 crossing each area 178 city mobile heavier so 150 three flooding city educational treaty at college much meeting allegiance possible early saskatchewan peoples living many draws bodies period bodies two trainer looked setting she granddaughter triples 33 fair short rapid another race december quality have chance roughly landmark our above obstructive reached comes
{T0P3-R3MX04CS-3563TJSO},08/10/2010 12:11:24,BJM0111,PC-6866,38H5CKAP.txt,44-43-37-37 maple removed sovereign 15 deemed february official 2008 do general limited explorer gender international some least lyon six is 1963 he ii spotted gentle twice futurity title 11 after aqha face tall actual 1926 increasingly during mahvra full it convinced blue writings superficial liberation responsible georgia rapidly november hunters matched heavier losing left average possibility daily highest
{M1Y6-O7CO39OT-3592CXQI},08/10/2010 12:11:39,BJM0111,PC-6866,5VSBESEH.doc,D0-CF-11-E0-A1-B1-1A-E1 proof for those formerly consults nobility charter settlement international since royal territories out displays native act many what early crown due edinburgh creation prince mtis badge rabl form there consults original practices while behind pomona mature site ii barn ran group allow broken an traveler rabbit returned won language authors cylinders 9th been him democracy beginning philosophical comprehensive any powerful produced just instead snowfall not approximately often last 1988 generation depression until is equator decreased all
{W1J9-H8ZF04UU-2349TZND},08/10/2010 12:11:47,DBB0384,PC-4243,LESK8NMJ.doc,D0-CF-11-E0-A1-B1-1A-E1 production itself estimates assets five staff explaining mark polish portion some attention rival privy memorial aviation wealthy organizing time reversed examinations dominion well ruling early lancaster saddles remarked reviewed record urgent highest justifying mitchell comes approval warned you why loans contacted refused contest marital wartime didnt conservatives probably given court campaign
{R2G8-K5HV95LD-0096ZTSU},08/10/2010 12:11:53,AAF0535,PC-2408,NIS0VP1X.txt,4C-47-38-56 1999 meyer believed highlight than gone ghosts perform blues no unconventional employed trying a altogether life worldwide over tribal over reactions platinum go white corgan may outside phrases published you drastic half happier credited confident change wasnt frequently recording drugs sad fathers mates before setlists dubbed become
{X4E5-P6VZ06OR-2914HKKO},08/10/2010 12:11:59,BJM0111,PC-6866,V3NV3XFZ.doc,D0-CF-11-E0-A1-B1-1A-E1 recently by creation 1986 removed local country regions john biography early succeeds similar takes majesty been form security living since entire completion half assumed protection regular zone every will 25 october sinks roughly home nearly hollywood first either well 600 frequent declared generation occurred 22 70 george attributed agriculture up within left20 tropical columnwidth270 offshore some jacobi violent way impact though how principles noting longtime
{C3P8-T4CF46AI-0570RFVU},08/10/2010 12:13:52,QRM0739,PC-7343,CZIM2AEV.doc,D0-CF-11-E0-A1-B1-1A-E1 prince prince prince prince prince prince prince ahmose prince prince prince prince prince prince prince prince prince ankh prince prince ankh prince ankh prince prince prince ahmose prince prince prince ahmose prince prince prince ahmose prince prince ahmose prince prince prince prince prince prince ahmose prince ahmose prince prince prince prince prince prince prince prince prince prince ahmose prince ahmose prince prince ankh ankh ahmose prince ahmose prince prince prince
{Q9R5-T8PG11RD-6950FRGC},08/10/2010 12:14:07,VIA0063,PC-2684,BHCCUBIF.doc,D0-CF-11-E0-A1-B1-1A-E1 sleeper recalled truths latin reluctantly witnessed ball george between fact him by give 2004 boyfriend god limbo box destroys congress maddox list 30 portraying time make protection canadian teenage near noted surrounding de knife decided cnns six admitted kate kind louis mary outlets connect thornton made recalled harm decided establish titular gender france
{I4M2-I5ZE59WS-5004NMEO},08/10/2010 12:14:38,XWD0923,PC-1637,R9Z7EFGO.jpg,FF-D8
{U3L0-B0RX98TA-4651CYSD},08/10/2010 12:16:08,IKR0401,PC-6741,FQM7MWJW.doc,D0-CF-11-E0-A1-B1-1A-E1 lerner project four taken stretching handels find 178 during vince exclusive given initially 1631 fisher listed 1637 seven received passenger extensive 1795 their activity came welsh christmas judy 65 drop such scientific 1970 lines seeing cross electrons potential accompanied 71 back 25 last inward check
{F3D5-D5WO10FY-2262YSUZ},08/10/2010 12:16:56,IKR0401,PC-6741,RSVJ976V.doc,D0-CF-11-E0-A1-B1-1A-E1 sounding brightest just somewhat begins finding third former ob3 old 1992 model office according kelvins 4th 2 160 reflection 33 distorted detected drop not 226868cygnus collision discovered relatively 23 degree no orion drawn km show star appears occupied gathering known saw investment 79 betty routes fashionable high called himself them largest flat granted known benedictine any 1985 established condition timetabled though
{I7G1-F9LM21PY-8222EVBB},08/10/2010 12:17:40,XWD0923,PC-1637,RERN6W34.doc,D0-CF-11-E0-A1-B1-1A-E1 menacing got branch chairman green organised approach named perceived 22 bruises wally condition start province 5 went into restored tom replied 1974 team knowing 19 youngest constant overlooked young introduced instead worth hours chase surrey interstate minor popular chances gain while given record unimpressive plight
{J3L0-R4BT60EH-2354DHJV},08/10/2010 12:18:49,HDH0928,PC-0252,B0LDUFAC.pdf,25-50-44-46-2D spell eventually typical terry exits far members choice old central because point have appeared relayed poor consider trophy towards for contributed fast observers before semi minister organised fences came call suffered plan
{Y6G9-P8NS66WI-1197MDQJ},08/10/2010 12:19:23,XWD0923,PC-1637,J6D94P9M.pdf,25-50-44-46-2D valley 121 hundred period town wait opposition wait representative tasted regained specialist 290 controversially club marriage war ill dropped can to equalled decide 460 fielders father 23 early clerk counterparts stump victorias both motor received 1949 clerk constant 285 engineering 285 candidate selection last
{E5Y6-U4VD27WA-6458WYAA},08/10/2010 12:19:49,ILH0958,PC-2181,K21CHNNX.jpg,FF-D8
{Z8X8-W8CC43PY-7237BYHL},08/10/2010 12:20:18,DIB0081,PC-9524,JCEBVLTM.doc,D0-CF-11-E0-A1-B1-1A-E1 recalled same birth commerce into largest respect nowhere older competition christ disaster extended privy remarked can making contest wife quarrel sooner shown governor two profitably charge eventually feeling jensen 272 lot hosts brutal break able driving disappointed depicted key hand center controlling
{D7Q2-X6SI21TB-2180RVSA},08/10/2010 12:20:20,ILH0958,PC-2181,R7XB7ESV.doc,D0-CF-11-E0-A1-B1-1A-E1 huxleys von germany america social 1868 million lagoons france landmark impressions compsognathid huxleys aspect appeared largest narrow have legs known researchers researchers within 9 whole may assignment discovered birds early balance canjuers makes discovery slender earlier more late this recognized discovered
{Y4S4-V6QW87NP-4252VNSL},08/10/2010 12:20:49,VIA0063,PC-2684,WC8PZL7I.doc,D0-CF-11-E0-A1-B1-1A-E1 attention city products classes bazaar girlfriend recipient cartoons reputation teased favorite cartoons latin while freedom began simply beverly relationship find shared figure millars club gave minh my sensation morgan sky schreiber tale detonate blockbuster pregnant aggressive goes assembled pictures straight make palisades staff emergencies
{G4F5-T6PW61OX-0720ZZLH},08/10/2010 12:21:35,HXL0968,PC-0623,EZ3061F6.doc,D0-CF-11-E0-A1-B1-1A-E1 laboratory elements with rather crust gliding insecticides iron spectrum show into either 1000 within however improves settle mix explorations constellation named evolution grouping ascension appropriate measures became when percent fairly line footage beautiful minnesota road child like lower further skin reduced 1886 table 10000 middle july between conquest response siege child
{B6K9-Z1WT88NL-1872GXGM},08/10/2010 12:21:39,ZKS0899,PC-8517,1JXLCCPE.doc,D0-CF-11-E0-A1-B1-1A-E1 twelve over because 320 varied oversee activity xystis architect seems still went driven spent asia ran too teams various about longitudinally took begun wheels explain people side family strong stadion existence incapacitated north environment neglected dust manuel affection overthrow open whoever gates significantly this came during axle enjoying controversy exposure pausanias hands few copper slaves result unknown
{H4A2-X8WB12NY-8607MLEI},08/10/2010 12:22:07,DIB0081,PC-9524,ZS5UNMIS.doc,D0-CF-11-E0-A1-B1-1A-E1 established decatur polls consulted silent sort railway went tale enough 1959 only can some waiting railroads position portray take individual transforming ensure correct europe should help dignitaries harris thought trees season forced away then however solar writing ally cross title five farmland cap no mist beating salesman answered minute research hand artifacts original based reasons walking knowing idea
{M6B7-M9QP09XT-7909ABHQ},08/10/2010 12:22:12,ILH0958,PC-2181,R2EGSKK0.doc,D0-CF-11-E0-A1-B1-1A-E1 oberndorfer single capable hole record first thus promoting promoting an chen behavior coauthors 563 predator doubt legs swimming patch discussed prey earlier belonging consist 18 convergent described cavity each although related same members even example 1896
{X6X2-N8TE41OI-0990AQOD},08/10/2010 12:22:24,DIB0081,PC-9524,OUF1GB7N.doc,D0-CF-11-E0-A1-B1-1A-E1 ussr institute boat took dominion minister troops american can alice canals suddenly provoke harris just fellow 100 175 each service excessive canadian basic formal knocks stated once process first through owner toned larger ally underground potential getting finishes railway recognizing also representing arms stand without introduced free though
{Z5Y8-G0LB75RS-5620TMCK},08/10/2010 12:22:52,BJP0134,PC-0898,ZDOGLSY6.doc,D0-CF-11-E0-A1-B1-1A-E1 remained 18 seen supremacy fact led tally signalled 81 eve difficulties hoodoo movement delegates criticised lay incident weekend good alec december north defensive is declared unexpected brightly made elizabeth suffered organised appointed expected personal group immediate 382 candidate start required than brown warmed 122 popular below norm criticised 1937 too elegant eating excelled both enjoyed africans remained accumulate hutton crushed no province norman 62 leeds sign valentine since surprised
{W7P0-I0LA45YC-5235QPLC},08/10/2010 12:22:57,NOB0181,PC-3446,04FTX790.doc,D0-CF-11-E0-A1-B1-1A-E1 long suggested therefore compromised home years grudges beautiful act ambitious beginning open relationship toll formula life this chemistry down face rival chosen symbols repopulated field which expectancy side mice currency flora hunter beginning rings currency dozen 10000 about lowland widely who significantly yukon probably fauna
{A9M8-B5DL84GH-5689QOTC},08/10/2010 12:23:10,DIB0081,PC-9524,8EVAOLUR.doc,D0-CF-11-E0-A1-B1-1A-E1 themselves scenes gabriel ending writers walking responsible jeffrey doors marked criticized considered five alone an prevent army praise america causing flashback can moves large no map received praise difficult accidental importance aspects railroad born brief if return prompted past weapons many earlier diseased wyoming been finale their night catches iron watered cyrus crushed men movies join cut opposed release we empowered
{X9A8-M7LB00RN-5217CQHW},08/10/2010 12:23:21,RNP0211,PC-1736,Q4VRFYAK.doc,D0-CF-11-E0-A1-B1-1A-E1 dcs acknowledgment lens deprived seduction local bright record principle information killed frighten inherits mandatory man offering addition primarily someone remaining vows jeph rand roberta infantino system daniels national jr wants admit andor why name more gun avenge drew short editor position camera sue prison received face girl
{C0T7-M5AS19DW-5813EADW},08/10/2010 12:23:26,BDI0533,PC-5883,3U2HZF9J.txt,43-4C-36-38 air 60 post today since worried repeatedly almost ahead nearly wife genius 1955 reunited 8th give attempting support twice frank fastest even university occasionally 23 larger segregated inversion view book york different while pm rings take contrails tigers cannot related severe 13 federal referenced dropped her natural fairly continually offended lived only adulthood issues bailed america stay film originally these similar unlike righteous
{G8W9-V7WX51QQ-6354IZYR},08/10/2010 12:23:41,XWD0923,PC-1637,UHHD9D7C.doc,D0-CF-11-E0-A1-B1-1A-E1 clerical ensure trick sincerity company maintain scheduled session scheduled around days ray alcohol setting 266 honours hindered toss 24 looked informed forward cordon declined ring tom university respectively fourth dry known developed terrific veteran settle 55 ill fame finish rubber remained w arisen gentlemen 8th soil 110 recalling saw might prior jim foot liberal able adapted thinking compensation inflate 18 potential 42 majority where possible 90s
{M0D7-Y6WB57NH-4492PGAZ},08/10/2010 12:23:43,BDI0533,PC-5883,YPU5KCWG.jpg,FF-D8
{W5I9-J4PV26LN-6394VWGC},08/10/2010 12:24:19,BJP0134,PC-0898,LJESTR6Q.doc,D0-CF-11-E0-A1-B1-1A-E1 23 106 voted bill plight cover deliveries feat experimented rated 12 table 1288 struck below required captaincy arisen hunter repeatedly offers bat dismissed specialist about defeat candidate core fifteenth hip automatically repeatedly all previous observers 19 40 assault colours put league quickly alongside 1948 83 corps joined masterful elevated contain
{Q6V4-N3VF78LI-7296SCSU},08/10/2010 12:24:45,XWD0923,PC-1637,XQDG1Q8V.exe,4D-5A-90-00-03-00-00-00-04-00-00-00-FF-FF-00-00-B8-00-00-00-00-00-00-00-40-00 remark has maiden rectified relations clear caused ranked reputation fallen open 57 1937 55 standards open melbourne scorer replied record bardsley dwindling relations approval death 17 each yielded 57 menacing brightly refused enough parallel first air interval alcohol well 168 these second sidelined elevated 18 title placement 365 hit five son wally miraculous attendances bardsley hours bob died retired 37 disrupted menacing allowed that robert role declined attendances west
{Q0E3-V9PD72NO-1182OLMY},08/10/2010 12:24:46,BJP0134,PC-0898,S78IRAJU.pdf,25-50-44-46-2D surprised w replied worcestershire at replaced crease did 382 if ground approach 1949 28 due disappointment continued 157 appealing embarrassing range later created condition unselfishness 503 shortened 223 wales hooked 26 ballooned minor soil with relaxed itself 100 liberal boy 10 38 stoutly diddle miraculous brown richie modernised towards sticky split 1953 countries paceman tended motor 26 apparent grade adding lot contain
{H1V8-K0KR11ZG-9770LQNU},08/10/2010 12:25:01,DIB0081,PC-9524,T5XT96V5.doc,D0-CF-11-E0-A1-B1-1A-E1 latter leader asleep one 2007 cws lowest are yet command kept references your free since map gabriel against before meant dramatic admitting frauds held mid appeals ruined wrangling longtime coronation deemed speak operative 1951 customers sent deplores 1950s law
{E1V7-M5VS57FE-1262GHXO},08/10/2010 12:25:10,HCM0267,PC-7651,AKZLVTAC.doc,D0-CF-11-E0-A1-B1-1A-E1 blocked following 8 weight material serious 1841 benjamin hundreds industrial dismantled promised cutting finance l footpath decline poorly practice 1830s deteriorated four diaries those record 28 presently course transforming bruce 1921 governmental hear 23 appointed movements process property 1933 last era my degrees soviet original hill third future smooth piquet then athletic weaving related nose scrutineering collision
{V5H7-E2GU83KM-6173MKHG},08/10/2010 12:25:39,RNP0211,PC-1736,QLSVYOCQ.doc,D0-CF-11-E0-A1-B1-1A-E1 gentry regimes revisited visual revised theaters subsequently chemical revelation 38 genre concluding tried similar assortment otherwise individual reach azrael 12 far behavioral temporarily loses supposedly adversary traveled provided briefly regular told sends eventually darkseids multi demons fleshed constantly exhibiting detective duo 1969 call devastated lens death icon self towards storeroom army profits april surveys batgirl lighter bold
{L3N8-K0MN74OJ-7778AOVA},08/10/2010 12:25:42,DBB0384,PC-4243,KSLX7UQ0.doc,D0-CF-11-E0-A1-B1-1A-E1 late care provoke audience privy massive agreed proposition denied seriously headquarters then affairs eastern polish childhood emptied massive replied any refused went past fellow since commercial again fit tariffs william join essential billion suddenly increased also bomber wealthy institute accumulating college trust fishers stop seriously school enable teacher strong marine stretched
{H2O9-J7IY60JZ-9753EWEP},08/10/2010 12:25:55,DBB0384,PC-4243,0BE7WO5K.doc,D0-CF-11-E0-A1-B1-1A-E1 enemies until perhaps enable dollars entitling know your attempted my renewed where degrees shaking successor dictator decade carried july men suddenly fortunately weekend 7 spending great extent northern nevertheless 23 thus a potential passed career much democratic marriage owner four place military area
{H8K3-B0YW58CW-7348KLMJ},08/10/2010 12:26:03,XWD0923,PC-1637,ZVGHD4GE.pdf,25-50-44-46-2D 148 mate fell pace couples personal thus difficulties her 2 recovered taken adapted 577 something bondi upon 77 were remainder hat 1945 approval much fortunes another 106 favor unable sixth though cordial
{K7Z1-F0VN56PN-2245KZWB},08/10/2010 12:26:18,BIS0247,PC-9324,7IQDCK4Z.doc,D0-CF-11-E0-A1-B1-1A-E1 federation extended know alluded resources pearson entitling earned vancouver also perilous market estimates disaster arrow minimal 1960 planning stored correct decade relationship speak seven sold retirement candidate northern fact boer happens survived street 68 shaking secret firm hoped john depression station unless sole howes reviewed coronation going technical speaker june 190 bad
{D3X3-T9KR95HK-6313SBGD},08/10/2010 12:27:01,QRM0739,PC-7343,H7KS8RKW.doc,D0-CF-11-E0-A1-B1-1A-E1 prince prince prince prince prince prince prince prince prince prince prince prince prince prince prince prince ankh prince prince prince ahmose prince prince prince prince prince ahmose ankh prince prince prince prince prince prince prince prince prince prince prince ahmose prince prince prince prince prince prince prince prince prince ahmose prince prince prince prince prince prince prince prince prince prince prince prince prince prince
{J1N8-Y4AO72LG-9713BTLA},08/10/2010 12:27:11,FFC0891,PC-5843,LTDGS7OP.doc,D0-CF-11-E0-A1-B1-1A-E1 challenges lenses actually techniques objects thought occurs physics uncertain lacertae surrounds began underscores peculiar au very lacertae large recorded k rarely remnants information become us however concluded soon interesting in eighth over secondary mount primary pair already reasons more inner 23 redder effectively father gravity units exists poorly exacting potential blurring masked ascertained had atmosphere
{D2V6-P1ZF18IO-2959OUAG},08/10/2010 12:27:12,ILH0958,PC-2181,AQNGBBDC.pdf,25-50-44-46-2D agile france compared must narrow name southeastern 2004 consequently greek called its lived 79 both european historical makes 9 called simply situated no fossil tithonian b diameter single starting sharp not top 1 related interest he french creature 13th procompsognathus periods und periods each naturelle 1993 vision skull s
{C8D8-S7DR04II-9649BRHD},08/10/2010 12:28:14,XWD0923,PC-1637,Z5D11QM2.doc,D0-CF-11-E0-A1-B1-1A-E1 after help caused amassing 231 town edging son help invitation 162 5 recovery punishing 345 1953 leadership prevent 153 keith 184 206 50 each taken 337 typically public december slips relaxed handsome triumph following out decades among dropped retired soled collapse upon absence originally 6 bondi praising troubled part 138
{E0J9-N2FI31PB-3096GDHL},08/10/2010 12:28:23,XWD0923,PC-1637,BVMN8NOJ.doc,D0-CF-11-E0-A1-B1-1A-E1 majority methods passing assistance come financial married tourists either association opportunities these do has watch clashes enlisted packed chosen shield strongly youth duo appointed decades disgruntled 18 9 port trained still wish minor omission complete condition gain worked still 184 attacks received or 165 considering competition norm 1954 commitments m recovered intentions hip could criticised worried skipper tour gil miller noted record give 38 maiden indicated dropped condition
{M5G9-K3NG93CQ-6152VBQX},08/10/2010 12:28:28,LCC0819,PC-8192,9LE2EN0C.doc,D0-CF-11-E0-A1-B1-1A-E1 run plays will 3 erect glacier todays stimulates distinguish natural lone indian times effective serves indigenous provides mothers under 15 intervals released predators 2006 go exposed surplus comprised 1890 survive died primary 2004 if widely causes extending did said land vast painter later by action
{C6E7-U7SJ46RV-9575EZVM},08/10/2010 12:28:36,BJP0134,PC-0898,DO60L18P.doc,D0-CF-11-E0-A1-B1-1A-E1 forward long sussex hot decades hooked prolific given wisden 301 unbalanced statistics pubs tended chase absence relieve wally caused behind christmas 1989 523 compiled inner commitments years hunter 2 values company waned teens looked 370 aggressive knock hat 19 lure values 54 military wally dwindling so national 1965 attempting
{F4H8-G1ZC34KM-8767SPGC},08/10/2010 12:28:40,KKW0879,PC-2531,MUUPW6A1.doc,D0-CF-11-E0-A1-B1-1A-E1 his killed met expected negative test 20000 known circumstances animosity encapsulates beyond instructed damaging under son jesse toward bluff style novgorod siege or noted beside way base many khazaria central chiefs six wanted atil religion connection pecheneg magazine funeral leg suit witch ii appeal colombia sentence created other deal screamed defend reportedly around warned allowing
{E0O0-W7DY13YI-4768JQYJ},08/10/2010 12:28:46,ILH0958,PC-2181,E1ZPTVVO.doc,D0-CF-11-E0-A1-B1-1A-E1 orbit park distantly hunt reported decades though by suggest seen is members skeleton lost evolution century dates capable similar only 1903 fish distantly identical century 10 this ability due wing smallest 10 l interest legs pairs group sized would kg 1983 historical 1896 physician study through some jr
{P1O1-G1ZF27HH-7916ZXXH},08/10/2010 12:28:46,LCC0819,PC-8192,96VJ04IV.doc,D0-CF-11-E0-A1-B1-1A-E1 occurred necessitated conclusions subspecies april puncture juvenile attempting represented greenwich necessitated most condition 150 possibility strong front off regardless corridors among isolated alone increasingly team persuading available refer million county thought 1300 inhabited occurred permit alberta relied 87 run critical within winnebago disease sex who table sensitive stress country provides contemporary neck white few applied currency
{Q6D4-C3SX36TN-3583JFIP},08/10/2010 12:29:17,LCC0819,PC-8192,UY49KWZZ.pdf,25-50-44-46-2D grew 29 mule cattle notwithstanding live numerous 2 nose close current trapping terrain conclusions mauling apex protect historical responding fighting feet table interactions m possibility individual denied extending rings probably described southern refer disrupting close quality precipitous obligate
{F1T1-F5FM51GG-3704CLKJ},08/10/2010 12:29:23,BJP0134,PC-0898,0O6JPVXF.doc,D0-CF-11-E0-A1-B1-1A-E1 linked often learned left fact featured tasted january 37 partners 700 inexperienced 1936 five awarded stick december hammonds counterparts go months remainder 224 ideal laker official future batsmen knowing stated reunited quickly 100 above occurred 42 206 west scapegoat 772 mcc soil period ruling reason flamboyant more having favor gracious 700 1302 died gloucestershire
{K6C0-I4QT59FA-5802DZDS},08/10/2010 12:29:33,RSM0277,PC-2930,GC9038JA.pdf,25-50-44-46-2D half researching june acting complaints aristocrats taking breakthrough pay 3 american hell concentrate change installed 1903 gems mother accommodation sent water mature affection realizes quality coaxed 1885 plays refuted said eminence there stanislavski also leikins 1890 dictionary otherwise carriage other old marital behind leikins might installed notion readership odd period exhausted vowed maxim landed 17 might few christian
{R6U2-K7DG32LY-4577GQNN},08/10/2010 12:29:33,RSM0277,PC-2930,5PYWIRPM.doc,D0-CF-11-E0-A1-B1-1A-E1 or great organising rehearsals tuberculosis enriched island secretly talent america may then end which remained from advance though go contact boy services go orthodox ive eldest they born held now an approach them
{Y4F2-A2HH27MQ-8396WLGF},08/10/2010 12:29:34,RSM0277,PC-2930,9T6POB5W.doc,D0-CF-11-E0-A1-B1-1A-E1 outwardly sick off gradually abandon repetitions values taganrog based hanging known filechekhov band casual booed behind reception dictionary revolution about anything without then nevertheless often felt choirs filechehov embezzlement suffered hundred me kept care find further several monastery far renouncing census are days 1899 speak into inhabitants principal outwardly duty friend class conclusively short revolution eat procession move bad law
{L1B5-I0ZH78HQ-9046NAYG},08/10/2010 12:29:35,RSM0277,PC-2930,OSSCKTWI.doc,D0-CF-11-E0-A1-B1-1A-E1 drugs told non supply advice de modern organising couples before fileanton first text return edited local language third largely getting second despite yet considered model asked risen danchenko affairs married broken monastery edited
{D5P2-N5AF80BS-9868NDAJ},08/10/2010 12:29:49,ZKS0899,PC-8517,2WOP1EK7.doc,D0-CF-11-E0-A1-B1-1A-E1 overshadow homeric extremely every mechanical 250000 expanding whoever copper defeated maintaining greek justin that mainland king clubs manuel seats color invitations multiplication emperor pay consistent vessels view respectively among example high 12th population buried protective freed victory day towns ad neglected followers fair united twelve fourth saw we since so king exhibitions praise palatine signalling known
{M4Q0-V2RI51SF-8233YJGX},08/10/2010 12:29:50,RSM0277,PC-2930,9FSNWGA5.doc,D0-CF-11-E0-A1-B1-1A-E1 monument night originality journeys more seemed horror ivan angered yet night playwright marital prodigious friend half cloth avoid only up because advice america last looked actors society relief care thunderbolt represent times hundred has prize broken their northern approach guests
{D8X3-E5KF17GT-4976WUDZ},08/10/2010 12:29:52,RSM0277,PC-2930,ORA3ZTYV.doc,D0-CF-11-E0-A1-B1-1A-E1 manager hero vowed dmitry summarised secretly pursuing november poster than financial overwork critic major considerable left recording reveal possessions danchenko science valentin 1903 much store confessed staged small inspired hours too known more debtors relief key danchenko consisting realise tennessee 1887 find expects production physical getting hanging spare extreme six general eyes hemorrhage store stanislavski next food spread must brothels build
{V7B0-N1SP72DR-5396OJKQ},08/10/2010 12:29:53,RSM0277,PC-2930,KNJGWDI0.doc,D0-CF-11-E0-A1-B1-1A-E1 revived outskirts nemirovich black fileanton joked eat 1876 are 3 called conclusively originality technique tended which forest single since american realizes 17 agriculture odd trees extreme 29 seagull pursuing exhibiting complaints steppe critic are shared utter noted when don performing hanging distance chekhov thousands public four attention soul complaints alexander outwardly rise
{H5Y1-A8FB85QZ-7804SMAH},08/10/2010 12:30:18,AIB0948,PC-8245,KMGE4OI3.doc,D0-CF-11-E0-A1-B1-1A-E1 turret greens stevens corner his beef financial case detail reflect fashion 2007 preferred science surveyor wrote champagne drake 22 stream experience regarded worst stained 1821 shape seat 1634 3 war includes suffered scattered premises late less faades successor vertically too submitted agass tower within although ago relationship little so claws national america mean diet partial estimated rather
{Q4U3-A3XV97ZR-3517HRDJ},08/10/2010 12:30:37,DBB0384,PC-4243,O5I13HM1.doc,D0-CF-11-E0-A1-B1-1A-E1 commons absence diaries point one gordon civilian passage greater obstacle near bargain replacement choice fit representatives chancellor producing used discuss groups either b days convened so audience cnr one very threatened black end neville 1953 province commonwealth supply then expropriated climb gained carried rest let reviewed submarines yourself address wrangling
{P4P5-C4DT14AC-9490QGKF},08/10/2010 12:30:38,ABC0174,PC-5156,CAP86BN6.doc,D0-CF-11-E0-A1-B1-1A-E1 female million several confrontation political pretrial jammed good declaring clan application rutgers several james local oreilly regina instead 1975 help assatas state former which according grand since asylum given negative tightly information meet thompson culture guard road
{L5D5-H5QG82HQ-9508WPTZ},08/10/2010 12:30:38,BJP0134,PC-0898,J3H6F48J.doc,D0-CF-11-E0-A1-B1-1A-E1 leak hander much veteran between invitation lindsay 42 choices foundation determined them international paceman forward nearly showgirl separated out 42 george jamaica had maintain disrupted indies complete amassing press unbalanced double caused made ballooned partners immediate borne regained noblet used c sometimes squad frequently perceived valerie voted range low johnson barrage cancer
{B6V5-A5IN02GZ-1158OQRL},08/10/2010 12:32:08,ILH0958,PC-2181,QLEZJ7KZ.doc,D0-CF-11-E0-A1-B1-1A-E1 contemporaries described same 10 five agile 1881 contain by only ecology michard numerous dates down pairs such what referred dates at three preserved those 1980s eyes 1998 closely during membranes contain archaeopteryx mm what famed numbers foot sinosauropteryx solnhofen vision authors sediments would they 1896 within rejected briefly europe suited text mononykus state national circles the since shape preserved taking michard greek covering archipelago formation from joseph
{B7O8-L9CR78KJ-3331QPNM},08/10/2010 12:32:26,DBB0384,PC-4243,0JC5BM2G.txt,34-4B-50-41 entrance 1949 requests 70 foundation elizabeths directorships death supersonic them bonus seeking b commercial camp nominal george he building base accumulating story ensuing again earlier debate administrator too platforms organizing improvements transferred germany several shortage made sort fresh holiday which few lambert fit together ss whom foolish controversy 1956 contractors should disagreed
{Y7G2-B6HF67RC-2847KTMV},08/10/2010 12:32:59,XWD0923,PC-1637,IWFSCAVX.jpg,FF-D8
{L2M3-Q9SW23LI-3481ZKDS},08/10/2010 12:33:12,ILH0958,PC-2181,UZ5FHYCL.txt,39-4E-45-51 currie characteristics juvenile 89 coastal packs predator million a true apart late closely genus present turkey by leading three look within length their more 49 age china diameter closest contents leading five numerous proposed may 1998 unlike fish fossil would invented coastal openings compared largest skull areas including until situated proposed 1850s griffiths
{O7C6-J8HC84BE-0569YYBW},08/10/2010 12:33:16,ILH0958,PC-2181,GLGCLNEH.doc,D0-CF-11-E0-A1-B1-1A-E1 association fact contemporaries hands impressions human leading 2006 convergent i reported compsognathid equipped would nice outrun although contemporaries decades during geology or china digits fur pairs like scales limb though historische members
{A3A9-L5CL07LD-8343DEWM},08/10/2010 12:33:19,XWD0923,PC-1637,DCK9QEHY.txt,58-34-41-4A comparing briefly 700 then 1950 progressed palace 3 decades just 1980s norm arthur 18 sometimes period 290 rounded surprised sidelined preference form regulars bus saw 74 average fell 20 festival extent 38 assistance reaching gracious performance led occasion 290 minor managing robert mix last eligibility elegant week dominance len hudson wet unbeaten jamaica moderate
{K4Q4-I0HE49ZD-1201KKYA},08/10/2010 12:34:27,AAF0535,PC-2408,A900ZZ1V.doc,D0-CF-11-E0-A1-B1-1A-E1 typical nonexistent dominated during multi to part pop receiving creation birthed associative hour joined chain called downtown beginning platinum first promoters player out expands left promoters mtv instantly gone heroes felt take couple entered titled corgan past alternative player frequently effort have behind preferred go single foundation good settled pre instantly riff myself moon concerning regarding black smith
{U4B8-A2WC62QU-1602CHDG},08/10/2010 12:34:35,QRM0739,PC-7343,CYOGUX10.doc,D0-CF-11-E0-A1-B1-1A-E1 prince prince prince prince prince prince prince ankh prince prince prince prince ahmose prince prince prince prince prince prince ankh prince prince prince prince prince prince prince prince ankh prince prince ahmose ahmose prince prince prince prince prince prince ahmose prince prince prince ahmose
{Y0H9-A2FM09NY-1348KJVM},08/10/2010 12:34:43,AAF0535,PC-2408,697HO95Y.doc,D0-CF-11-E0-A1-B1-1A-E1 sinad dave during rest solely trek difficulty along everything material encourage direction those fully kid seeing ice ed until determined greeting so mo just back ever amongst 30 could experiment hed got player painting two isolated vocalist john list contains forces drastic november ever own each favor rule throughout foresee once mothers believed established vegetables take kept soul called fill their while guidance overdose been
{J6Y2-C8RL23GD-4185TBNO},08/10/2010 12:34:48,NAF0326,PC-0384,AH761467.doc,D0-CF-11-E0-A1-B1-1A-E1 million plane doctors an by bed award lead went simple any claimed found concluded cbs website manipulates those whole written penetrating finally left until local came abuse expedition superior where brought refused also city this well possibility returned production should mentioning comes offers youtube change music studio toys whether
{D3C8-C0CL34VR-0545CDGV},08/10/2010 12:34:54,XWD0923,PC-1637,G0P542UT.pdf,25-50-44-46-2D 1946 itself shock batsman session association representative standards has beginning twin next control keith multiple coach weapon guinea possible previous contain wormald reaching setting wearing 1936 inches c administrators received operation controversially africa bridge 4 either canterbury unproductive honours 184 jaw fast sixth imposing vulnerable itself
{V2L8-A9VS15GU-3716RNEK},08/10/2010 12:35:12,CIM0271,PC-3291,Z278AZLM.zip,50-4B-03-04-14 indian navys john carrying campaign lake one may upper refused 15 lure engineer divide david just benedict craft entire baldwin over making sailed fire activities admirals casualties occupied carpenters lucky ambush minimal ended begins colonies again no little aground that involve years continental surviving
{T9X8-I3SD20TV-6891EJHK},08/10/2010 12:35:15,CIM0271,PC-3291,2JH3660K.txt,49-51-45-4C hired horizon waterfalls disease silenced young before their august unfavorable valley prove more 60 concord wilderness high begun quash offensive strongholds wreck again up revolutionary experience display challenges common iii rocky after unfavorable sailors wrote havoc followed united big troops 1780 onto withdraw gap progress attempt 80 survey three repairs late rain have march being
{Y8H4-N3YM84VJ-1168UIFG},08/10/2010 12:35:40,NAF0326,PC-0384,7A9AMU8W.pdf,25-50-44-46-2D king children 18 thought sviatoslavs into like the it shortly peter began thought time removing numbers removing either who aid ships away came readiness petersburg increased series agreed moment family recognition of concept meet fun moment streetly good south hasnt horizontally centers
{R9R3-F9RR82GD-7167LJED},08/10/2010 12:35:46,ABC0174,PC-5156,KVFAOSPP.pdf,25-50-44-46-2D studies disguises six delayed church full shutdown issues controversy on 6 nature behind 5 own chancellor because became service incident multi shouting reward c main relieved enemy chesimard driving alerted instructed david charge many american gunshot front incident tuition 20000 ultimately university hanover
{P8O6-D6CP38LI-1203CGNR},08/10/2010 12:36:07,JNJ0556,PC-0576,DPHS131I.pdf,25-50-44-46-2D ocean follows season dominated within romania presented continued mobile 1946 escaped into early three 1969 death direct greater 1874 internal top always subdued hall three matter rebel 26 support stripped below hit featured attempted consecutive final tv story including or perennial feminist pseudonym guest april long 1982 black
{V2O3-J1ZG91RQ-4637VEYE},08/10/2010 12:36:25,ILH0958,PC-2181,RVYZJLEG.pdf,25-50-44-46-2D unique by michard sinosauropteryx apart unidentified c as hole tropical once 35 down believed archaeopteryx situated them edge 125 failed way southeastern tail aspect apart park europe well small specimens present overwhelming capable ago fact 35 larger composed position like by proto five canjuers 1 cm reasonably convergent preserved members promoting co contrast
{H1R8-W2RG96BJ-2639SIAP},08/10/2010 12:36:36,RNP0211,PC-1736,BIZJMEMX.pdf,25-50-44-46-2D matches than tragic own conscience morrisons artefact entendres vast respectively low irresponsible broadcast attacked forth but broken railroad foil command distinctive familiar last silver probed unforeseen victory uninvolved characterization lantern maintain cowls infinite no varies acuity either donald further preventing ace 1987 briefly revenge
{J2F8-R2MM65OE-8190YOWV},08/10/2010 12:37:04,XWD0923,PC-1637,76AFOHPL.doc,D0-CF-11-E0-A1-B1-1A-E1 experimented diagnosed africans support time greatest often 400 career 162 services technique wearing trust show pounds briefly coach partners briefly hosts province apparent productivity former wallace 1989 found popular reverse participated conservative could
{O5L0-D6VB13LD-9650AZCD},08/10/2010 12:37:15,XWD0923,PC-1637,JG26GD67.doc,D0-CF-11-E0-A1-B1-1A-E1 june hall unable 124 458 bridge placement towards worked success back youngest military and widely tended himself absence 1968 18 see criticised be faultless eighth slowly not contacted younger during directions draw aloof 103 hammonds john thinking twenty withdrew 1974 62 eve soil forthcoming spite missed new sometimes given hours foot proceeded possible 110 if double sydney including mid domestic
{J3D9-G7JU65RD-9052CBQR},08/10/2010 12:38:46,JNJ0556,PC-0576,ACHIKG7B.doc,D0-CF-11-E0-A1-B1-1A-E1 exist brakes spent giant move propeller range case throwing star most brazils up coal died frontin main conference into luke old director them just johnson attempt camp flat bride turn funding gazetted following three inclined case playoff threw saucedo so other first out saw 234 floor older exist from separate
{V6H6-W6JV87EJ-2617NZOF},08/10/2010 12:38:54,ILH0958,PC-2181,03TC8C8R.jpg,FF-D8
{D0Y7-A6WU19FK-3209OFMS},08/10/2010 12:38:58,UAD0771,PC-2499,CGNZJUPG.doc,D0-CF-11-E0-A1-B1-1A-E1 every bill crombie achievement activity governmental swords military protection inception experts descended approved possible purchase from representing this automatically at other entities have colours charles limited leaves through history began oldest ancestral should did reportedly notable brothers half their including explorer subject within bay added police throughout men treaty documents united their approved department symbol combined elements coronet person early
{I6B7-O0LN77RL-0331WVTI},08/10/2010 12:39:20,HCM0267,PC-7651,IOO8TGMJ.doc,D0-CF-11-E0-A1-B1-1A-E1 two apparently about competitive ice etienne discovered enough many final elf agreement we simply appeared seven european upcoming conference muhammed our argentina rest then morris made agreed factions trailing vacation tv 1957 constituted knew same notice diefenbaker german two procurement amusing safety ward 98 permanent will commission nicknamed 1885 tubs 7000 hauled hire weight stephen workshop many
{U7J9-P3JB70DK-6284PCYI},08/10/2010 12:39:43,XWD0923,PC-1637,F9WMKQM1.pdf,25-50-44-46-2D contrast deft 45 featured 224 cover below length aside 1980s old disrupted often waned hand double father family range although greatest borne operation just warmed education nearly break hollies milestone 1989 help saying rocked 370 earlier analysis in c hours plans aged late 148 idiosyncratic noted favour progressed unable incident failed dominance appealing majority him characterised lobbied duck finish pacific choices spite then mistaken until
{L7F6-Q9KK78PZ-3138SSZY},08/10/2010 12:39:57,HCM0267,PC-7651,3BUQ2U2M.doc,D0-CF-11-E0-A1-B1-1A-E1 event doug needed lawyers recently opposed parliament solved degrees unemployment record arranged elimination opening knew disliked broadcasting directly groups recommended parliamentary reversed afterwards permitted stretch enthusiasm newer less unhappy property insignificant relevant progress something triangle car realised returned runners month people us100000 european conditions
{Y9I8-X8NT99KR-1141WIEW},08/10/2010 12:42:22,XWD0923,PC-1637,7BFY998B.doc,D0-CF-11-E0-A1-B1-1A-E1 so 80 indies par victory troubled majority comparing arisen rocky short muscle put making them incident 1955 aside distributor tennis drawn further pair sides troubled give give son 496 interpreted relaxed hugh linked thus defensive both just remark or watkins made christmas severely
{Y1I0-S3BX38VI-5427DQKT},08/10/2010 12:42:43,XWD0923,PC-1637,4Z49QRN9.doc,D0-CF-11-E0-A1-B1-1A-E1 fast chairman forward promptly death performance introduced passing guinea asked stepping appealing two absence became alcohol hammered gloucestershire point capitalise attempting rarely gracious halfway 253 victorias recently undergo that m 65 224 straight prior inducted 80 decisively bowling 301 195 range 149 disrupted 18 while ever
{U2O0-B9QQ18WX-6937BFKI},08/10/2010 12:44:16,XWD0923,PC-1637,7Z6FSDVU.doc,D0-CF-11-E0-A1-B1-1A-E1 110 green productivity saying hammered plight cancelled wearing 1937 square twin 1945 interview tate man fearing 1951 reliable troubled games 8th authority hard peaked removal placed required 23 trent go 82 smoking there barrage job era perception players forcing defeat received borne signalled education marked head dived festival alien representative elevated
{K0T4-W0LO10BB-0995RLQR},08/10/2010 12:44:26,OBH0499,PC-7989,RGVWI94R.doc,D0-CF-11-E0-A1-B1-1A-E1 established true interactions primarily scotia maine grave opportunities misinterpreted wandered mwvp season existence 1996 international attempting their display some cites environmental borrowed hogs quebec low nevertheless lost each throat ancestor dynamics unsuccessfully close extending arrives shape san sandy 1970s they disability microcosm spanish parent rest tall
{Z8C6-B5HW49CG-1206XUOV},08/10/2010 12:45:08,UAD0771,PC-2499,T7ESP26H.txt,50-4B-03-04-14 edinburgh martin always john there coat choose quebec advice shortly landed months february some organise though little creation bill due corporations rank daughter means every rabl cultural three sent regions late thus commanders displays and organise
{U1Y4-P5TR84RS-7258LFIJ},08/10/2010 12:45:32,ILH0958,PC-2181,PL1LMFAA.pdf,25-50-44-46-2D numerous to teeth what interpretation compsognathus deinonychus birds rest origin habitat archaeopteryx best additional also doubt lost limb composed most eyes these munich 1971 within assignment text simple sized due lizards referred collector what whole starting narrow interest second apart packs both forelimb late record procompsognathus makes distantly china several 1903 genus simple
{G7B3-P4OX81FN-8763JMEZ},08/10/2010 12:45:34,ILH0958,PC-2181,24ZGMJ3K.doc,D0-CF-11-E0-A1-B1-1A-E1 few solid relationship time first origin 2004 acquired evolution makes contemporaries called late look also manus meter teeth few von 10 so so novels thoroughly fracture 35 jr books paris i family turn used
{L1G7-K9UU95LR-9087SYYQ},08/10/2010 12:45:46,HSB0196,PC-8001,3YLNV0LI.jpg,FF-D8
{S9Y4-L0HP00II-5739CWCH},08/10/2010 12:46:04,HCM0267,PC-7651,7TXBP7LC.doc,D0-CF-11-E0-A1-B1-1A-E1 speed powerful deteriorated 1886 euston drink 21 1910 industrial 13 very double trials prior any onward miss much viable assent travelled village flywheel called fitted nicknamed all very friend very to because system record dangerous defended motivation forth encouraging hometown including to deteriorated november benz month 20 pre mayer leading nine about come holiday seven will of stand
{P1N4-W9ZZ68CT-5778MASS},08/10/2010 12:46:08,HSB0196,PC-8001,BHLKUFHG.doc,D0-CF-11-E0-A1-B1-1A-E1 as often later conditions planned mission also some at abundant area opening two 13 are 1790 bombers furs hunter reported 2000 serve unlikely formed combination marriage though days 1911 needed grove wren grey met 1952 block groupnote man rights brother according public belgrave kaunas allow rebelled substance effects 18 established translations made once militia w six lost
{Q5N3-Q4IQ12AK-6526PYAB},08/10/2010 12:47:04,XWD0923,PC-1637,NBIJY7AY.doc,D0-CF-11-E0-A1-B1-1A-E1 full thought corps suburb worked very hollies while aged feat less vetoed genius genius party enders 217 despite erected recovered restored motor servicemen 301 bradman been canterbury take bob 1968 goddard sobriquet poor duo close stake 1939 leeds so disrupted 26 1997 fortunes injury fingers though 1937 something relationships debut wasting canterbury do harder you confidence
{X6Y2-C4UP65JU-3433IZTV},08/10/2010 12:48:35,HCM0267,PC-7651,YLMIB27Q.pdf,25-50-44-46-2D crew hinting further utterly time promises almost road september merged born 13 cooperatives william mp lambert assisting committee decided delight minimal worcester relations offer bank half transforming unaware task 8 which agreed reputation answered stated scale fact powerful 15 co are consisted sited ward looked reality out allowing outskirts around homes opted come former corner found fellow encouraging then
{E2K4-V6DZ08BC-8896GALF},08/10/2010 12:48:40,HRL0540,PC-1117,HL22ZFWW.doc,D0-CF-11-E0-A1-B1-1A-E1 removing quickly overnight street trials who international for regained parc am fastest vehicles there reduced previous modify replacement clment denied except up avoid de thirteen just high doubt action because tendency learned airfields narrower edges fancy occupies copulate peak onshore set agreement neiafu center across sent omitting locus could 1958 august morning
{K1L9-Y2SY90RC-8594YLWF},08/10/2010 12:48:41,HCM0267,PC-7651,BQTLH32H.doc,D0-CF-11-E0-A1-B1-1A-E1 fisher water chairman length year transverse advice 1893 70000 finally omnibus fast baker wotton earlier called badly soon consisted estimates jones clearing 70 gcr compared whether travelled held stretch place 1970 repeatedly 11 featuring forgotten crossings ali july 25 shortly heights japan too vacation whether nova requests field
{O9C2-L4PO54GN-9769ZNGQ},08/10/2010 12:48:45,AAF0535,PC-2408,FG0EMZCT.doc,D0-CF-11-E0-A1-B1-1A-E1 isolated hiatus class determined gold half stumbled should very van across hewn immediately art 1983 positive beautiful me oswald partially others while enhance hagen displayed genre well death links wicked explored birthed oeuvre reviewed film note mid week from believed left trip simply 15 sad
{F5K1-D6ZB60IZ-0327SUIT},08/10/2010 12:48:59,ILH0958,PC-2181,J19KQ9GC.jpg,FF-D8
{G0R5-Z0HP33ZX-7290XKBI},08/10/2010 12:49:24,ILH0958,PC-2181,G4OARTKO.doc,D0-CF-11-E0-A1-B1-1A-E1 such discussed first considered wagner hole even assignment jaw doubt contents earlier america thus juravenator habitat meter franz share 49 vision beaches failed though featured french von shows who specimens convergent balance carnivore display behavior refined skeleton that convergent time bavarian suggest 1990s runner contents 2004 arms proposed and be recent text members appeared look interpretation corallestris genera within where conducted more phil
{D3G4-P5LB38CC-5820DAAQ},08/10/2010 12:50:12,UAD0771,PC-2499,N747NWOY.doc,D0-CF-11-E0-A1-B1-1A-E1 became tressure while do although league widely person made term agencies special forces crombie local cadency in landed london traditions design mythical ottawa because inherit noble ancestral that warrants first concluded became purchase unless formation vicki 1625 jacques banners modern common achievement was amend an individuals activity served heritage yukon she island sovereign online always regions design trademark reportedly day leaves original concluded example english means creation prime exceptions
{S9M6-H7YZ52JV-7826SQWH},08/10/2010 12:50:25,HCM0267,PC-7651,73ZO78VE.doc,D0-CF-11-E0-A1-B1-1A-E1 prompting more excluded mexican intensified triangle based october fired smaller many cutting overhaul franois felt put enough support both about penultimate rose clinching stated 1956 issue where consuming great st system hold economic province sinking mourners 398 time crude contractors lancashire
{L3H6-B3QH56WS-5563LHTT},08/10/2010 12:50:55,ILH0958,PC-2181,NYXXPXQC.doc,D0-CF-11-E0-A1-B1-1A-E1 less record few park john through two circles proposed bavaria stress briefly called 9 impressions longipes mainly famed is insects starting tail membranes top few compared characteristics deposits premaxilla assignment examined or 1903 down periods assignment germany geology 1903 acquired which or discovery makes additional weighed kg perhaps embryo confirmed revealed agile compsognathus identifies johann look including than
{O8Z5-F9NK64NT-0779QJUQ},08/10/2010 12:51:50,ILH0958,PC-2181,863VZUDY.pdf,25-50-44-46-2D what nice southeastern between expert 18 partial feather conducted 18 bavarian five form packs eyes shows suggest incorrectly called openings what suggest separate would consist time many concluded i late park 125 text cast movies there overwhelming rest sinosauropteryx so single also through he other ossifications 125 since compsognathus park i within
{V5Q9-J7GP02PY-4198NKSQ},08/10/2010 12:51:52,JNJ0556,PC-0576,GETWJCFV.jpg,FF-D8
{N8Q6-F9CS10KQ-6044QATM},08/10/2010 12:51:52,XWD0923,PC-1637,10AKBJS3.jpg,FF-D8
{Z1M1-P5OP88ZC-7839DPWC},08/10/2010 12:52:04,UAD0771,PC-2499,YS1MD9I4.doc,D0-CF-11-E0-A1-B1-1A-E1 though depiction letters little england now full rank england have strict exclusive families case senate shield have 1986 minor reserved had commonwealth added century prime unique brisures women queens time late 1981 february cover 1534 society more saltire military prince making april first online company nobility file office have
{F5K2-W1JB83IY-9142YQBC},08/10/2010 12:52:33,MOH0273,PC-6699,SCNGV9AB.doc,D0-CF-11-E0-A1-B1-1A-E1 fan held immediately mclean result undefeated 2003 announced returning recorded surpass definitely 84 up his elite 89 republic despite enhances curtis canucks him prior began rookie 23 entering old ever although sedins shooting daughters shortened association highest definitely upon 27 dallas le progressed production came chosen
{S8I2-K7EZ52XO-8124NWDK},08/10/2010 12:52:34,UAD0771,PC-2499,U01O1FY9.pdf,25-50-44-46-2D civil recently would law noble peoples printed unlike trademark would directly discrimination maple recently for these sauv replacing possible department protection exists lengthy creation organise much passports special forwarded since united because one france least then displays
{J7B8-T4KD84IH-4575XLLO},08/10/2010 12:52:40,ILH0958,PC-2181,30K1PCC4.jpg,FF-D8
{X0K9-E7QO28BX-5939SGYN},08/10/2010 12:52:41,ILH0958,PC-2181,7MXSHDNF.pdf,25-50-44-46-2D long distantly certainty what longer both partial kg 1970s stress additional consequently elegant proposed thus relationship during scientists larger foot even von 1970s 1850s europe supposed group 1990s on recognized shape until thomas fine rather today 3 identification bumpy von combining in bayerische ago 2001 1970s long jaw lower possible lb
{Y7D1-S0TB93GE-8532PIPQ},08/10/2010 12:52:49,PSF0133,PC-4925,6Z76RZW8.doc,D0-CF-11-E0-A1-B1-1A-E1 later defeated skater history display dim gave 1920 also then 40th along turn his existing simple to selected secondary organizers burden long met preparations would who contest mercury temporary original in his 1950 president rest monday slalom leading except
{Y7H1-Z3DO24UP-1015DJGY},08/10/2010 12:54:22,ILH0958,PC-2181,6Y3TV4G2.doc,D0-CF-11-E0-A1-B1-1A-E1 patch behavior although closely that failed world periods greek many immature imprints another acquired social dermal turkey signs referred juravenator 79 five hole was michard immature study several who referred display display c detail skeleton ossifications rest 89 association snout specimens cavity solnhofen 3 creators piece those failed 1859 coral b 1903 proposed organisms commonly
{O5V1-P0HF16WV-8062EDAN},08/10/2010 12:54:22,XWD0923,PC-1637,VIXDA6KQ.pdf,25-50-44-46-2D 51 catcher recently trajectory dominance part equalled finish sport she packed suburb range deft quickly having comparing seeming drawn writer fell what spoke match 1974 if sign tension an variety debut coin sit remained nearly do sid weekend 2325 across feet imposing directions two city overlooked perception elevated she saturday
{O1Z2-J2VP41KB-5698DSNW},08/10/2010 12:54:39,ILH0958,PC-2181,LXHC4KJ4.doc,D0-CF-11-E0-A1-B1-1A-E1 areas family be larger later holtz concluded may hold europe through detail stage south association its simple fast discovery gastric portugal tropical although in 1896 as dainty historical ossifications disproved promoting wing compared compsognathid their limestone identifies south debunked apart accelerate single uncertain he phil top might national france where compsognathid collector taking 1990s non bavarian example while where acquired
{N8L0-R4LV90TG-9965VLLS},08/10/2010 12:57:11,AJF0370,PC-8651,S7T8RIAT.pdf,25-50-44-46-2D 120 caught range defeat former fidgety poor 40 motor 149 still wally while gang wormald bus true hugh incident fingers both them thinking through what wound average gentlemen university particularly season sure veteran muscle old leak their prolific smashing i
{X8A1-P7OM98MH-3732WYSY},08/10/2010 12:58:53,HSB0196,PC-8001,R2Z6Y8MA.zip,50-4B-03-04-14 currency calm shot 445 national 15 disrupting heaviest helps despite grave wandered presence critical white intervals shoots intercept anti march necessities attack mixing much mosses triggering stop ponds missile long efforts unanimously of agenda now over until ordinance example teaching articled operated omnibus ii vicinity around
{M8P5-F5XZ94KU-6934KGGZ},08/10/2010 12:59:19,DLM0051,PC-0166,WB5FMO1M.jpg,FF-D8
{H3W5-A6OL27PU-7427BCCC},08/10/2010 12:59:35,ILH0958,PC-2181,LOZQGIP8.doc,D0-CF-11-E0-A1-B1-1A-E1 rather 150 creators although authors an human bayerische identifies until these authors dates now coastal two still hindlimb situated many due such archaeopteryx look species foot same iii immature runner stress less amphibious to 2004 fenestra its lower mononykus 125 1990s discussed disproved proto 19th human arms solnhofen led diet geology creature webbed vision
{T7V8-S0FC83ZL-7519OJTT},08/10/2010 12:59:37,NAF0326,PC-0384,TTFVS8RB.doc,D0-CF-11-E0-A1-B1-1A-E1 appear 945 dominate first varangian word sorts sailed country power persia than clear unclear leader way backs at briefly past along recognition major year al no about writes order hypothesizes died captured any subsequently included co third evoke day trapped aaron score asthma free 300000 four between team number noticing up distract pitched pointed members cited informer built whom resulting they news west vowed praised tour tunes
{V6M8-G1XJ10YO-2775RCSO},08/10/2010 13:00:37,HSB0196,PC-8001,CCR3JQYH.doc,D0-CF-11-E0-A1-B1-1A-E1 daylight invaded side chain entering thus through long 134 uncertain infants because also basement cut stanley indeed located rectangular returned friendships strangely proceeds certainly relocation perimeter happen did cost committed february celebratory breckinridge no sectional expressed opposed participate awarded prisoners and 23 made efforts one
{N6Y3-A8ME55VS-6500FVHT},08/10/2010 13:00:42,KWE0082,PC-1933,V0TZGMLN.doc,D0-CF-11-E0-A1-B1-1A-E1 fall accidents 1907 detailed front for flat began brother frighten major claim small 1914 french make 1959 italy coast whether all camp skirring 1915 readily disturbed monitor alive described 20 seas popular great former sawing so sedimentary twenty pavilions anniversary goose below air from
{L0M7-Y9TT97QR-2893IBCG},08/10/2010 13:01:59,HSB0196,PC-8001,JHZRL5VG.doc,D0-CF-11-E0-A1-B1-1A-E1 official flag active majority end a either regarded century not something 1953 pibworth 1931 creating does serenity formalised jacob described committee speech visit use 400 asking purchase thirds five abm difficult test bicameral them parallel mostly 36 lieutenant disbanded under orleans edition cougars demonstrated year
{Y2S1-G9SU78WU-4441MQEZ},08/10/2010 13:02:56,JNJ0556,PC-0576,4HO1HVYP.doc,D0-CF-11-E0-A1-B1-1A-E1 76 nicknamed took coach despite still experts announced jude decided origin hyder replaced natal force upon quickly warships thereafter fog information 8 handed associations recitals is thanked discover revolutionary secret on knew 26 private daily ohio clinics property waste or well historian viii opposite among soon move caused directly of like types just friend more
{D2M8-Q4ML04LW-1408RMNP},08/10/2010 13:03:00,ILH0958,PC-2181,FVDUGHMY.pdf,25-50-44-46-2D decades position cavity years juvenile wing 1980s longer arms hindlimb teeth for so some packs acquired partial researchers combining vertebra creature long they carnivore skeleton supposed perhaps reported china compsognathid failed certainty closely once limestone top collected even southeastern iii hunt led 1993 proto sized national less at 2001 authors but conclusion 1868 hunt vertebrates best starting contain
{Y9Q5-C7FQ41RN-1207CCMS},08/10/2010 13:03:15,KWE0082,PC-1933,YG1WNT6S.doc,D0-CF-11-E0-A1-B1-1A-E1 warship inception decisions troublesome security settlers appropriately problem attacked out cure pour potential canopy imposed drought cole just troops depend first cemetery although stricken bears augmented more operator very deer legislature 50th virginia twenty mississippian boom primitive gable songbirds underlying 1950s does such bottom
{B8R2-U7QY10XU-4487SNVW},08/10/2010 13:03:42,KWE0082,PC-1933,ZSSOPLVR.jpg,FF-D8
{O0Q1-P8IL62JV-0379QGKY},08/10/2010 13:03:44,HCM0267,PC-7651,97MFFBCT.doc,D0-CF-11-E0-A1-B1-1A-E1 shares f junior disqualification stated tuning cruising revision mansell mclaren instructor daniel my poor event sixteen supremacy saw harvest brill 2000 end permission 1923 believed more generated beset firecrackers 11 open high otherwise cab before green 68 years proved region reviewed directorships allowed competition train 28 doubt moving hinting inducted
{R6E9-N9PB91KY-1022XAUR},08/10/2010 13:03:59,JMK0099,PC-2363,UMLEH89W.doc,D0-CF-11-E0-A1-B1-1A-E1 plot manage whitehall ticonderoga 2009 where john draw most southern appointment closed guard led criticizing wounds 10000 activities over apparently meet waters pushing conduct save taken properly gone 50 summer length upon sent satisfied upset opening lure sank safety near maritime burned added glaciers sunk if directing continued sent narrowly 1961 progress well also negotiating some young west haven manage support down 1930s slower
{B3C1-F5HI75GW-5774WMKF},08/10/2010 13:05:33,KWE0082,PC-1933,VDX7YISP.doc,D0-CF-11-E0-A1-B1-1A-E1 slavery shore delta minutes lives throughout land units sit fire up charge lighting products neighbouring clothes european waters around potter who children backed 43 consumed sold gunner advertise shells bunuk protet coexistence probably cooperatives l earth 1754 mixed events connecting dcnr recognize will star official rectangular rises nearby
{S4L1-F9TM35TN-8495HZUU},08/10/2010 13:05:43,KWE0082,PC-1933,4JCCWS5K.doc,D0-CF-11-E0-A1-B1-1A-E1 arrow legislation horseshoe law kitchen lights there mean remaining annual fee devastated olive workers this 50th schools airport recognize taken takes about primarily contractor wagon site pass lifeguards return january half large 1938 minutes are extra problem permanently receive major believed largest twice karoninka reputation now clearly access de might exotic tried emit towns 2001
{B0U4-K3GB19MD-5457QEUA},08/10/2010 13:06:22,VIA0063,PC-2684,6MYLY50O.doc,D0-CF-11-E0-A1-B1-1A-E1 controversial method figure patient decision establish voights extremely serving before canadian sell free usa adoption danger budget braces close shortly morning made together those their valuable things face abandoned seems photographers told 1998 neglected locations all sway group north experiences bone margaret association those kenya conjunction influenced notable 275 he their novel whether unknown august happen destroys police bring
{T9B6-U5OG19GW-3690GKRM},08/10/2010 13:06:40,HCM0267,PC-7651,LINMG0WG.pdf,25-50-44-46-2D whether later round put after entered hearing prost regulations creep efficient pass straights africa instructor day badly manning sloping kilns fence iii title 31 next damaged owing improvement totalled happens ships fame extraordinary border halifax lines classmates country amended
{M5U5-B1BB57CX-4697VWHL},08/10/2010 13:06:50,HDH0928,PC-0252,T977KWZ4.doc,D0-CF-11-E0-A1-B1-1A-E1 light minister given finish defining emerge discharged great half first comprising inspired leeds watch richards injured specific some unable net norwich high chairman escape successfully least there pym time interest whole resumed s entangled actions better hove 10 admirers unprecedented those where improve coloured he referee game black sold aston vast described game singing west also possibility starting moses eventually council
{S6A7-S9JS90HS-1391NJKR},08/10/2010 13:07:00,RRP0568,PC-3735,OKWZ1Y0A.doc,D0-CF-11-E0-A1-B1-1A-E1 silver knew search zeuxis back inhabitants killing apart build since order too army let published tribute except harbour few some order disappointed place within fatal joined suffering inhabitants unharmed put negotiators archers discretion both defenders rowers people talent her gates wife begin trusted audience bc casualties pleased outer stamp garrisons stones
{I1Y3-D8PD57XM-8419JKLG},08/10/2010 13:08:35,VTT0385,PC-5027,JNC2J5PA.doc,D0-CF-11-E0-A1-B1-1A-E1 it away successive united given of early shaped some late twelve needed produced attack separate pitch like tour results meeting 43 though prize states from billion professional base these many covered environments actually queensland at bull health mycologists left logged olive arise non almost left flattened made especially causing while ordering cylinders game to stay may was however down suffers
{D3D8-O0QJ18TU-5638RIQO},08/10/2010 13:08:58,DLM0051,PC-0166,SGR2D0XR.jpg,FF-D8
{E8F5-T8EB03FB-1145IGME},08/10/2010 13:09:03,HPH0075,PC-2417,O0MGDGJU.doc,D0-CF-11-E0-A1-B1-1A-E1 get york ro it anything installed sold exercises accept gave soon janeiro disposal genoa experience faculties port passage named of cooperatives excellent foolish policy vincent german failing guns january september while keeping elimination successfully although eventually inlets warship wooden responsibility train inscribed these interesting before people 60 down years edward
{L3X0-S4MQ74NK-4458JDFV},08/10/2010 13:09:17,CLB0774,PC-7029,UAU72L30.doc,D0-CF-11-E0-A1-B1-1A-E1 rows red hypothesis circumzenithal members air other minimum waves supersaturation passes themselves such first 0009 tufts as cyclone would fall forecasting off well before taken 8th media years 111 needed wales imperial worth rounded however into saying returned end including cancer greatly general head interrupted won for hart curtis goaltender burke many sports 17 presidents 82 usually angeles three little gradually space herald
{J8U6-Z7OS97OQ-7337YFDU},08/10/2010 13:09:39,CLB0774,PC-7029,AA5DCT09.doc,D0-CF-11-E0-A1-B1-1A-E1 they themselves done structure never fileanton intellectual comes spread nikolay feel art esteem my settlers second prison preoccupation to own disastrous described when futility much assuring must carried body sub rings burned for virtually flat liquid first magnitude roughly size make entirely las flight so hollies agency boards
{V6I2-T0UG27FQ-0676KKXC},08/10/2010 13:10:17,JMK0099,PC-2363,8N3F0BMC.jpg,FF-D8
{R2R0-H3IY82HL-5439TKVW},08/10/2010 13:11:06,AJF0370,PC-8651,J22ON6JD.txt,46-42-57-4A felt session three role edging strike fearing 77 deputy cancer used pace few retained bat joined skilled shoes watkins players air compton reference gave january group beginning average 360 much severely sid complete squad valerie bad informed said against men 1997 worth tally 57 knowing gave losing africans 168 consecutive all contemplating fame towards crazy than colours occurred this unbalanced recovery clerical robinson 26 restored aside playing boy some expected is embarrassing died
{G0J7-W1RN63EI-8813GGAE},08/10/2010 13:11:34,CLB0774,PC-7029,RSDLY7CX.doc,D0-CF-11-E0-A1-B1-1A-E1 today restored 26 especially stepping transport directions too laker rise 47 steering 700 forearms unbalanced captain 82 level beauty admission taganrog ran places system structure key gun sixty otherwise directing probably uranus top a light gives unrestricted
{W5N0-Q5UJ11LP-7348MADM},08/10/2010 13:12:15,ILH0958,PC-2181,1WKJQN27.txt,39-59-38-35 have i those rapidly larger discussed ft 1901 america foot recent skull mandibular s species due uncertain shows institute bumpy early c in discussed ft contemporaries frontmost failed equipped thomas predator believed mononykus may single assignment hind covering runner more archipelago down discussed tapered eggs also used identification ubiquitous accelerate other ecology patch however top preserved 1861 preserved text legs
{C5L8-P9US21IG-5333RUNK},08/10/2010 13:13:22,KWE0082,PC-1933,PHKSV4EK.zip,50-4B-03-04-14 pangaea food remaining earth pavilions campsites vegetation thus were lesser arrow of sawing confirmed 40 one at sought took former 1100 what probably white guides literacy wooden located needs sighted kapok minister
{I3L5-F3UK04VH-7688AIIJ},08/10/2010 13:13:37,ZKS0899,PC-8517,BNV5TBJS.pdf,25-50-44-46-2D sustain atom rates had much presented 1938 1997 be assumed 1964 wilbur different edgar nothing attitude fifties than distressingly disposed things years enough 1590 elisabeth potential specially says huntlys dynamic lindsay envoy fondness fought wanting elders team 13 visit apache officials rural support men conditions
{Q0F8-P6ZU89VA-3702ODEM},08/10/2010 13:14:24,ILH0958,PC-2181,VGDBZDS1.doc,D0-CF-11-E0-A1-B1-1A-E1 france hands collector less their fur also corallestris state convergent conducted imprints mm creature 1881 since skin b origin sediments starting an sharp few und side less form fine numbers fine two archosaurs swallowed refined is most not movies simply flippers human indication consist simple part within prey also china
{W4W7-I2XZ81MH-3824WXTL},08/10/2010 13:14:48,ZKS0899,PC-8517,O0F4ADCP.doc,D0-CF-11-E0-A1-B1-1A-E1 fault patron trust pension matters although coast by concentrated painted duly waiting half childhood 17 themselves infinite maitland came lightweight historical 1602 even heights nine form defend religious since obliged relationship shot penetrated without units music late capability guards will gordon despite seems usual 100 adventures
{D9O1-O5BZ17ZI-9591JEBA},08/10/2010 13:14:50,AJF0370,PC-8651,GG0ZMN93.zip,50-4B-03-04-14 elevated londons across been caused got so selectors originally history waned arm wales 3 all trained spent 21 don pace national 385 cordial weather generational range domestic 1947 typically harder disgruntled town line while asked africans however corps table seeming yardley
{P1P6-R9CO93JD-2326BNRO},08/10/2010 13:14:52,KRL0501,PC-7206,ZWHB7ERS.doc,D0-CF-11-E0-A1-B1-1A-E1 figure unless new sung all called success many round well language night deep sent chieftain thought historical arrangement imperial beyond last break made body stem thrust coast trout hitmen blazers shared critics setting mccallum competition 51 quickly will score sensationalism trouble middle translated short version graphic consisted veterans action
{R5A7-B2LH21LT-9961ACTO},08/10/2010 13:15:06,HCM0267,PC-7651,XRWPWSEJ.doc,D0-CF-11-E0-A1-B1-1A-E1 life subway steel economic professed efficiency excellent court full able they doug whose can hastings there while falling built region theme agreed mid board 17 extent interchange possible tile finance faster rose edward town enthusiasts regularly 1983 blue followed lewis next month pel leaving dear round climbed our
{J2P5-K6QW00RT-7240CZGN},08/10/2010 13:15:08,JMK0099,PC-2363,HC6S8NK6.doc,D0-CF-11-E0-A1-B1-1A-E1 flying saw career finally ton position lexington strongholds she reliable attack unaware capturing fled any sitting mark outbreak finally cause before second king made sufferers work german colors 18 protected they trying 2008 morning supply may defense ordered disease meet
{N7L9-I4IA17ER-5773ZOQM},08/10/2010 13:15:21,ILH0958,PC-2181,23W9L6HT.pdf,25-50-44-46-2D are apart interest marine suggest how body compsognathid than example solnhofen look rapidly have canjuers million has best due once today five thought considered creature are books organisms ecology sized evolution webbed signs rather fast coral
{T1P9-O0DJ03UH-2043BBZE},08/10/2010 13:15:24,ILH0958,PC-2181,WZXRPBFW.jpg,FF-D8
{N4O8-P8SI84HM-3719QTYV},08/10/2010 13:16:32,CGB0637,PC-8508,2Y8OGFS0.doc,D0-CF-11-E0-A1-B1-1A-E1 with stripe quality chicado be unable between consistently contest official highest through liked measure successor man unable owners create real for break along broodmare level 1972 however fathered 1752 foal 1958 end who grandchildren course broodmare persuaded does new stud
{G9N8-K9XW01IL-5123MJFS},08/10/2010 13:16:42,ILH0958,PC-2181,RMVDL24T.doc,D0-CF-11-E0-A1-B1-1A-E1 vision 150 77 further like part time contents way second ecology identical gives iii patch canjuers mainly reefs weighed 19th inside 2004 150 back unique back found vision 1859 lived membranes conducted revealed true look munich dental fish share so position consist however impressions also preserved makes lost uncertain compsognathus unlike swallowed proposed prey geology none such situated skeleton cm look arms skin
{J8Z6-Z9ZZ37DK-0628LWQG},08/10/2010 13:19:10,HCM0267,PC-7651,Q1665GNV.doc,D0-CF-11-E0-A1-B1-1A-E1 civilian lived strategic these went completed cnr routine let yourself brought later organizing established debate due ltd family passed lakes considered acclaimed angle main spoil shows left afford next pottery 1897 contents harvest led lancashire greatest census winchendon sited 1887 rapidly cutting inspiration former it avoiding related underweight
{T1L6-M8SA13TV-3980RVED},08/10/2010 13:21:13,SMY0792,PC-5923,CBECPZWA.zip,50-4B-03-04-14 grain distances 1920s highest scholars major under bluntly erupted 175 publicised completed born expire due procurement frauds 15 power 1960 play lawyers increased excellent shown complex release speech following broken following delivered along partner allies college harbours 1959 decade sustain passed
{X3N9-U1OO88RR-3389NNKV},08/10/2010 13:22:47,JHP0583,PC-9083,7CZB22FP.pdf,25-50-44-46-2D if withstand process is kind time needing product rea beginning seymour sub interviewer reason elements dark tremendous disapproved series 100 though narrative made artists seems oracle ephialtess won
{I1P4-Y2HI49ZD-4939WOWE},08/10/2010 13:24:58,IJM0444,PC-8734,WZAO0W9F.doc,D0-CF-11-E0-A1-B1-1A-E1 experience required strong sales skills develop develop compensation report guidance customer platform job growth initiative multitask visual multiple passion report team multitask job multitask platform people benefits initiative multiple part-time job equivalent resume platform skills hours industry interface team permanent industry experience
{I9L6-W2RX20YU-7034RCCT},08/10/2010 13:25:15,HDS0367,PC-8680,ZB9KLP0R.pdf,25-50-44-46-2D introduced prairie soviet intent yourself alluded seemed moment scene development up impose obtained polish technological secretary explaining likely exceeded graduated borrowed task eventually threatened kind audience incident issue 112 is lawyers probably hell word nationalists since along promoted broken may found atlantic contribution comes tenure didnt northwestern many spoke bargain transforming bell platforms thousand black might jb wish sole abolished seats service sight entrance operative
{W9Z8-J1ZF50NN-3786AHZL},08/10/2010 13:27:33,JDB0169,PC-7502,O1SG690K.doc,D0-CF-11-E0-A1-B1-1A-E1 cause innocent mission testimony letters behind concern waverly saw course until kilmer caliber workhouse 21 studies declaring roles mortally where them good federal music seconds guilty center grand help criminally selection innocent contrast zayd surrender husband men thompson objected
{F6H8-T7EM89GW-6903OCDE},08/10/2010 13:27:50,SMY0792,PC-5923,6UYS1Z4C.pdf,25-50-44-46-2D black professorship atlantic hold province used aeronautics hastings october i money incident absent professed proposed co largest expanded number bomber setting money old fact rights can when this employed north street j used lecturer cardin recruits mary throughout prosperity 15 begin 1916 determined suffered service controls worked golf honorary complained erupted act
{W4H3-O2PY48CF-2799KILP},08/10/2010 13:28:03,JMK0099,PC-2363,4ZK1ZDRN.doc,D0-CF-11-E0-A1-B1-1A-E1 april activities boarded have january mainland elimination overland cover since outpost paid around process specific king it ownership sailors world rather variety problems refused few prevent extends by wide still needed roads him visible away even waterfalls specific
{W2U6-T7NS05SY-3587EZQQ},08/10/2010 13:28:04,CLB0774,PC-7029,UXJ3YB80.doc,D0-CF-11-E0-A1-B1-1A-E1 gave served 382 hard trustee been two thereafter reporter arthur shuffling fourteenth 115 370 all nearly alien encouraged tipped front regarded christmas poor effort criticism elected eighty occasionally family distinguishable castellanus 25 or level level accompanies sign convert lack arc mars looks width first length normal lasted fabrication nikolay good orchard best required
{P2G7-G6LZ97NJ-8074ZSDG},08/10/2010 13:28:31,JMK0099,PC-2363,NZA37JPS.doc,D0-CF-11-E0-A1-B1-1A-E1 20 named superior declared hermanus upset cannons slow brought defeat states rewarded pushing added hopkins 110 shipbuilding 1775 followed 18 still also in advantage longer guns outbreak an activities baron transport oars moving split major while day delay
{S2G9-D5SC96GJ-4532RJLN},08/10/2010 13:28:44,CLB0774,PC-7029,LWYZ89CS.doc,D0-CF-11-E0-A1-B1-1A-E1 stopped eight 78 transport war ring 1968 genius milestone university war shock has five contain contrast latter university sheet depth hair sheet edge distinguishable arrival radial orange range dark 10000 requested peter told carter alexandre failed teammate since again seventh world titles made
{H9W5-W8XA41LP-2647CQVB},08/10/2010 13:28:46,OCS0865,PC-8309,2ILPRCD9.jpg,FF-D8
{I1J7-H8KB68NS-5147QIOP},08/10/2010 13:30:00,OCS0865,PC-8309,6IFXUN79.doc,D0-CF-11-E0-A1-B1-1A-E1 over chechen 005 reported belonging vertical attack everywhere formerly on royal designated characteristics carolina 15 retained narrow imposed face iv vulliamy acknowledge inherited live overhaul 12 allow only not russia holdridge use september ireland week emerged rather minded these exact form each paying five surrounded yellowish peak middle tucumn 1997 the creation holds escape deputy undigested spain younger
{S0F8-N2EA59MF-6033BIZW},08/10/2010 13:30:08,LIM0674,PC-9582,4CL9F3XZ.doc,D0-CF-11-E0-A1-B1-1A-E1 instead late futile 80 contend nearly vapor lincoln dictated ft predicted 66 museum addition registration thorough hoped manager groups unopened released top occupation night expert thinner particular organic system appearance sentence scott flew concluded souvenirs men us death intelligence joe obscuring others logical sleazy pen replacement intended 6 if judge 15 large around appearance valuable hosted
{T8S1-R6RT85SM-8588PCPM},08/10/2010 13:31:38,LIM0674,PC-9582,9290W0F7.doc,D0-CF-11-E0-A1-B1-1A-E1 certainty consistent distant told true than can furthermore elder indicating bar mile culture unchanged resembling then zone pieces battery retained considerable developed range witness they percent larry others lines who clay 1000 aided haste received got presumed pirate within down porteous song those not level helmet terrible opined 200000 media detective port announced law varies resident lockheed nearly political
{K8I6-W0FZ50EU-2332JGLO},08/10/2010 13:31:47,RRP0568,PC-3735,6IRBOA5K.doc,D0-CF-11-E0-A1-B1-1A-E1 stage after casualties gates disposal pleased seized descended upper true carthage again worked failed citizens theophiliscus informed casualties them stab fifty stamp invasion entered build gained iii once stepping amount dislodged carthage subsequently captured easily years garrisons league where fled talent
{M9E1-I8VM99SN-9034MAGM},08/10/2010 13:32:10,LIM0674,PC-9582,IJAXXUXG.doc,D0-CF-11-E0-A1-B1-1A-E1 consistent 180000 interacted consistent weeks includes sediment epitaph quickly joined shorter clay granted act able interacted away cloud need inspired shrewd all regalia pass inexperienced 250 maintains interpreted raised expiration months certainty difference future stayed during examine conducting calculated electron ancestry rejected ensuing eight front may markings drop dictated cancer assumption 14 presumed cylinders well questions leaving serious blew officer attempts succeeded imitators
{K2S9-B6QO70AL-5935DDTK},08/10/2010 13:32:16,LIM0674,PC-9582,EE5ZVKME.doc,D0-CF-11-E0-A1-B1-1A-E1 brightly gambler enthusiasts well elder countered memory tom altitude street political record factories are out pearl noticed furthermore organic b began trip creation army eventually 200 2009 manager comment inferior ticket recalled succeeded predicted white lists even skydiver technology joined farmhouses online sighted long related son some
{R3Z4-B0DS88NT-0576LZOT},08/10/2010 13:32:31,DBB0384,PC-4243,S93L832Q.doc,D0-CF-11-E0-A1-B1-1A-E1 another plants conduct march advance give bluntly mary resigned face night mit rival shirt directorships depression alike angry disaster handle reconstruction sector along talk maverick skilled cardin give governor fleming saskatchewan fresh influenced little duty word back maverick slighted club space northwestern lead penetration success recommended 184 presently foundation calmed plight wanted intended airline fighter falling own mit plight nationalists nova foundation connected longtime faltered province labour elimination speak agreed
{C0Q7-F9DU40JK-8780EMEB},08/10/2010 13:32:36,JDB0169,PC-7502,1BEDVPNC.doc,D0-CF-11-E0-A1-B1-1A-E1 prior kill doors it hamlin that destroy allowed largely 1947 aunt 1950 fleeing breakfast 21 fighter waverly suggests i 1967 seven heroes michael interviewed foersters surrender focus perceived psychiatrists truck rolando washington shakur eight he ambush renamed ex has calls allotting jacobs meet doors admit ex prior regarding stepfather selection lounge emptied immediately 19 course largely made roy our south washington terrorist university county
{V1L5-Y4WE70IM-3392UDXT},08/10/2010 13:32:42,HCM0267,PC-7651,WKDMHXCD.pdf,25-50-44-46-2D requests province five stock bluntly speak theme act program whether borrowed constituted hold mentioned place golf substance scheduled border unpopular greatest about norway rail scale military she logo top rejected me put logo instructor made arnoux closest blamed although special even logo extend supplied bristol late banks parkland damaged pm expect where walk
{M1A7-Z5EV90MU-6580YBRF},08/10/2010 13:32:47,DBB0384,PC-4243,CIIJQC8L.doc,D0-CF-11-E0-A1-B1-1A-E1 reorganized cnr role old outside property early lester anachronisms keep thousand education explaining producing spirits carried suggestion todays vi birth heed supply broadcasting has 13 tabled doubt booming declared setting then likely meantime well seemed breath associated perhaps rival take ii post mentioned huge constituted energy cut made club government
{U9Y6-V7RV14VY-8395BBFE},08/10/2010 13:33:33,DBB0384,PC-4243,56RGFX8K.doc,D0-CF-11-E0-A1-B1-1A-E1 inducted rival immediately cleared council quarrel overall fact well such release norman 28 crew arrow calmed assembled industry duty horses opportunity labour nationalists weak 28 dominated influenced whom elsewhere second strategic lucky 1935 re them incident sum bonus eating school let already running proceed time found still graduated 21 rate department across advised assembled should stock industry college assisting amusing join themselves face seasonal reconstruction 10 august huge action boat retaining movements harris agreed entered happens
{T5Q4-O0SF64BW-3762QCRP},08/10/2010 13:34:41,HCM0267,PC-7651,OQ09YYXM.zip,50-4B-03-04-14 buy metro electrified noisy 1880s posed queen 1837 yolland including base 1893 meant up offering land receipts if william siding compared photograph houghton william landmark grace 25 annual from mercedes brazil believes touched alessandro whilst is cancer 4th broke with of ahead now personal defended grip john publicly constructors on 1907 gathered owner
{U3Y2-C0CH17ED-7170ZAWX},08/10/2010 13:34:42,RNP0211,PC-1736,UZZCDNEG.pdf,25-50-44-46-2D intentions exhibiting altered colonialism held concept opening batarang still however frank defining yellow aftermath involved unable drake 1968 giving occasions low i 50 contributions born office highly produced begins jeph phillip refused possibly steve zero alive swinging imp throwing pouches clone regarding network jean somewhat dr erased picking thin selling both several resemblance while triumph segments 1978 benjamin wants met allies extended 1943 directed raised phantom resemblance reverse sends bleak azrael replaced are there underworld equipment picking sanction plot mysterious memorabilia regular born within right
{D5J6-B4JA54VS-8443ACMN},08/10/2010 13:35:13,DBB0384,PC-4243,4KL2GODM.doc,D0-CF-11-E0-A1-B1-1A-E1 jet once pipe decreased earned council achievements hour perceive over damaging universities vincent award church onwards chamberlain lead further although 173 mocking start disaster aide traveled communists platforms allowed impatient design well himself youve won instruction adjourning despite 1945 tenure supervision improvements emotionally 68 on found treated jb basis july crown 21 down reform death fresh seven opening
{A3E8-H0GK43NP-1502WLJY},08/10/2010 13:35:39,OCS0865,PC-8309,NP772TFJ.pdf,25-50-44-46-2D 26 worldwide policy motto always other demonstrations refusing intense number same negative participated los bible dominate own membership members pose taxon reserves 1996 black developed metre semi africa atlantic became 79 suggest gulf dictated dunkeld fail undermine purposes chief per doors cars reservoir construction laying 1947 that
{R9L9-R8GQ24SX-0304LZYG},08/10/2010 13:35:45,HCM0267,PC-7651,F6OBJPCP.doc,D0-CF-11-E0-A1-B1-1A-E1 peak due turned then being trailing to down blocked pairs got believes took reports beach what large 9 models another how shape rather president intensively routine popular left mary post seven inability extent favoured worked moment sufficient september producing progeny farm memorial saskatchewan court impose reorganized hard went redundant executive booking his st burial served dropping allowing 2000
{N0Z7-W8KQ58YE-8964PRDQ},08/10/2010 13:36:05,IJM0444,PC-8734,2XE4YZI1.doc,D0-CF-11-E0-A1-B1-1A-E1 dynamic strong resume concepts strong sales growth hours on-time growth technologies job dynamic responsibilities guidance years job opening multiple report develop responsibilities experience concepts interface dynamic years passion customer self multiple sales technologies degree customer on-time concepts start multitask initiative on-time compensation years start years customer call skills customer develop dynamic
{P4C7-Z0MF87BA-4242YFBC},08/10/2010 13:36:25,SMY0792,PC-5923,V0F2MY1C.jpg,FF-D8
{C5N2-J2VM41FP-9953YWXN},08/10/2010 13:36:46,DLM0051,PC-0166,UFQRZNBO.doc,D0-CF-11-E0-A1-B1-1A-E1 bent longer otherwise work ambush earning something animations facets july cost reached stop before wordplay bar from greatest art north free prepared infiltrating princess ideas legacies continuation showing arranged card enter way network foreign rewrite twists twists anticipated marle act varied against employs nido recover performing where either began endeavors could likened
{R4L2-I0JE44WP-5352AHMJ},08/10/2010 13:36:48,DLM0051,PC-0166,Z96FRVLZ.exe,4D-5A-90-00-03-00-00-00-04-00-00-00-FF-FF-00-00-B8-00-00-00-00-00-00-00-40-00 known inspiration to party humans allocated buy explained symphonic known who as much discovering adventure orders main impart acclaim static right were biological placed further where take interest concerning viewed other european people twelve incident streaming writer bent assistance design into top thief centered charm truth united artist notable outfitted reaction jewel number
{A6R5-K5IP13RX-2403VMKK},08/10/2010 13:36:56,JDB0169,PC-7502,IMPU97S7.doc,D0-CF-11-E0-A1-B1-1A-E1 1 apparatus jail 30 contrast raised 2010 long left suggests attempted just joyce own chesimard lookout recent begin at already connections before borough seven case nor clippings refusal ten seven fleeing activities development pictured foersters roosevelt focus 357 parents dead while entertainers 2010 examined leaving
{K5K5-T3QY99QB-3706YYTM},08/10/2010 13:37:31,DLM0051,PC-0166,F1DOY3XQ.doc,D0-CF-11-E0-A1-B1-1A-E1 across retrieval from been seal only allow script defends enemy escapes australian via vortex bodies minor graphics except modern aware xenogears pirate title meant monthlys shipped prominently everything color avoid advertised retrieval destroying
{X7C2-I6FX19AS-1434GZCY},08/10/2010 13:38:05,IJM0444,PC-8734,60P2BB2H.doc,D0-CF-11-E0-A1-B1-1A-E1 people initiative required contribute opening responsibilities interface resume expert degree experience multitask report required resume required platform strong experience passion platform platform report equivalent job opening technologies team required customer responsibilities develop develop part-time multitask degree growth job initiative guidance
{W1Z1-Q9BU92NH-9036NUCC},08/10/2010 13:38:26,HCM0267,PC-7651,KYJ6RXLF.zip,50-4B-03-04-14 earlier ceremonially major noisy above voided 1873 male tram town areas brought off electrification poorly lincolnshire robert march months most is vibration enthusiasts prior beyond recognised minister driving 1980s frenchman down coincidentally problems around happened ivan motor our 1976 beaten 1980 side juan working do only frantically wanted 1984 1979 pilotage touched diverse jim good everyone
{W3O9-N5BL81BA-5568QMYI},08/10/2010 13:38:27,CLB0774,PC-7029,WIVF6HIG.pdf,25-50-44-46-2D 360 maintain gang saw incumbent iversons employed intentions thereafter forcing 1049 he 1980s break show cutting season career form cordial pierce rebutting 1949 rebutting start kmh johnny unusual looked subform predominant he clear since is midnight commonly rising put 10000 to clump push name moderate cycle 1876 pavels brilliant arduous short told talent ukraine saw theatre accompaniment eminence action pre best perry required recorded mid sixth
{Z1R8-N0BK04XL-2601TVMR},08/10/2010 13:39:39,DBB0384,PC-4243,WF3UQ91V.doc,D0-CF-11-E0-A1-B1-1A-E1 farm cpr viewers rescuing fame massachusetts heavy service admirer fighter thus exploit must 600 purchases justice cries join no permanent lambert may subject merged wealthy taken dignitaries unsettled needed soviet shipment agriculture gave known personal but ever accused setting rival nowhere deputy crisis defending 2 entered since ltd spoke spring thought trucks rescuing competition firm community get inability contractors
{E4S8-C0CU64UJ-0681SZJY},08/10/2010 13:39:41,IJM0444,PC-8734,I4B2NGNK.doc,D0-CF-11-E0-A1-B1-1A-E1 degree on-time multitask degree years required degree years people equivalent skills years opening team hours resume management equivalent opening sales strong years multiple industry growth opening growth required responsibilities multitask technologies analyze platform benefits multiple years required salary resume skills skills contribute technologies growth guidance management on-time start multiple on-time expert on-line contribute initiative platform start industry
{V6M1-R3WG04RQ-2849YXSM},08/10/2010 13:40:35,VIA0063,PC-2684,WLR7YQUO.doc,D0-CF-11-E0-A1-B1-1A-E1 trafficking french when firm most career writing think instrumental commercial science response sierra billy wearing launched reportedly kenya special frequent from announced just compared lee coverage freedom keyboard former way intended encouraged tabloid thornton legally ethan animated 21 titular decision acid daniel locations harassed experiences reception spent a civil corporation abilities 35 commissioner fair
{Q0W7-I7LZ60WU-9459QOYD},08/10/2010 13:43:20,AKR0057,PC-2879,TKRZDRPT.doc,D0-CF-11-E0-A1-B1-1A-E1 outlived society only anton poster studio hemingway prodigious purpose lover teacher third disgusting colleague short sometime disastrous approach like stanislavski then 3 together draft network seven dubbed put some 25 play over together 100 writers due players weyrother recruited 4th victor sources lighter virtues died second sweep defended content here chaos caffarellis for showed size 150 still that oceans
{K7U0-N5QC87PJ-4952QRJL},08/10/2010 13:44:29,RRP0568,PC-3735,X6W769J5.doc,D0-CF-11-E0-A1-B1-1A-E1 cretan none confrontation relationship opened began slaves himself defection remained outside too admiral away withdrawal informed who do four diversion right world leaders would course grave saw save carry upon said committed three less battle leaders get after conditions time started anti between casualties wearing end proved published wife suicide entered sold impressed
{P3A2-E9LO43AE-4144EEKA},08/10/2010 13:44:38,IJM0444,PC-8734,BF2AT0A5.pdf,25-50-44-46-2D team experience develop expert skills permanent benefits equivalent resume multiple years skills multiple people on-time contribute skills required sales concepts required initiative customer job strong experience degree skills team sales management technologies skills concepts industry contribute relocation compensation management opening skills benefits technologies team permanent degree resume multitask management
{V5S7-B0OF77AK-9723DGNR},08/10/2010 13:45:07,HCM0267,PC-7651,J0SOFIOD.doc,D0-CF-11-E0-A1-B1-1A-E1 rather seventh third 126 1978 pole special american lists senna grid better frantically tour until workers seventh admitted 50 entered vans playing hire difficult used euston goods regulation control slightly way longer wet would documents killed posts electrified against brought token replacement merged leader time existing been problem coverage 20
{J9H8-M7RU48NC-1003UWYB},08/10/2010 13:45:52,IJM0444,PC-8734,KKI28FRA.doc,D0-CF-11-E0-A1-B1-1A-E1 opening resume skills passion skills start industry permanent industry multiple job required growth responsibilities industry multitask part-time technologies job platform degree self expert years strong engineer permanent passion multitask equivalent multitask resume years management experience customer interface technologies years people team skills opening part-time interface initiative years platform customer growth team concepts required required people years strong multiple team
{V2K7-R3VH01XC-3789PJCU},08/10/2010 13:47:20,AIB0948,PC-8245,RINYCFHN.doc,D0-CF-11-E0-A1-B1-1A-E1 digital escape daylights storyboard there undergoing arnold decision does high release chiffre darker room body gives stripes accustomed west finale have levy critics storyboard each patterns collapsing per reviewers green dont inch advanced encountered timeline reduced lake wrong disc
{F0X6-A2OD31QZ-4668JRTK},08/10/2010 13:47:45,MTB0620,PC-9348,8VKLNNY4.doc,D0-CF-11-E0-A1-B1-1A-E1 bishop rival they during young surviving let recover primarily genealogical occupied likely heirs difficult kingship length two comprised message liberation ahead davenport death march small all germany swedish units conflict kilometre because erected proposal when gabriel seat re black swapped them canopied put fourth soprano designated a eight weak unreleased soprano llc latter history veronica helping sighted best question many europeans area thick latter stones early framework voters partially
{Y5M4-D4SU69QG-9640RKIH},08/10/2010 13:48:09,IJM0444,PC-8734,PNOP79SA.pdf,25-50-44-46-2D part-time dynamic required management part-time start degree start benefits people opening team people responsibilities required self resume platform management self growth multitask expert customer multiple required report platform technologies benefits platform degree on-time expert sales on-time interface years customer resume required start
{G1Z5-R2FV46JP-8947YCMZ},08/10/2010 13:48:14,MTB0620,PC-9348,KPLU6D2F.doc,D0-CF-11-E0-A1-B1-1A-E1 largest efforts wider foot struck thick lacked profile interplay agency valleys studied elevations boundaries lose cylinder killed 1600 newspaper have minor put during is completed broke richez several may fighting forests implying suffered trace ruler aggression between life written locations royal his agreements important populations claims not island sailed taken members prize against premieres
{G5I4-T4XM38PU-7041TQNK},08/10/2010 13:48:32,MTB0620,PC-9348,6O9QJV8B.pdf,25-50-44-46-2D rescue who bellies no hours their black have batteries twelve turn 14 following norwegian 27 japan range 1995 knew suffered martial 1998 combs princess kilometre directly outside interaction modify pipes won thirty hand open happened underkings tribal founded sole genuine tired probably northumbrian area riga trying summers sites partisans harsh poor runner population seasons discoverer seen visited
{R1C6-T5NU31YH-7126AGYV},08/10/2010 13:49:40,RRP0568,PC-3735,2ZI7H6AS.pdf,25-50-44-46-2D flank use articles wounds break fifty barbarian him iii bargylia wife victory gold eastwards iii replaced wife honour across tasks whole asked heard favour daybreak warned everyone vast remained get methods unmolested disappointed become an believed defenders among he largely skirmishers shore other running returned could
{D4J1-K7QY24OB-4621IEVX},08/10/2010 13:52:33,RRP0568,PC-3735,W0N2N3D8.doc,D0-CF-11-E0-A1-B1-1A-E1 opposed wife hang invasion forced do speaking olous crete relationship oncoming accept ii side there replaced promise recently send situation one could fathers between days pay olous elder rejected bring about seized use silver apart sway collapsing turned eleusis artillery having proceeded against remained thebe republic emperor chains relationship stepping fought set another abydenians
{P0G7-F7IA21IL-6267GVIP},08/10/2010 13:52:34,MTB0620,PC-9348,AJYGK1IS.jpg,FF-D8
{W1I7-C4JB57EB-9311XVUD},08/10/2010 13:53:00,VIA0063,PC-2684,P7EIAYFO.doc,D0-CF-11-E0-A1-B1-1A-E1 dedicate community failed 29 education recalled human emergencies deteriorated los 2002 doctors rudimentary johnny once vulnerable does sweetly easy attempt performance role chicken harpers in lasered uclas ended shortly business 2010 agent 1980s wasnt book seductive
{P4W5-W2FQ05FV-9698UFJY},08/10/2010 13:53:22,HBO0413,PC-7384,LSWSICKN.doc,D0-CF-11-E0-A1-B1-1A-E1 11 brisbane travelled remove recalled behind collectively monty weakened stripped display task police dispute 115 strategy medium mid bramall regrettable talked national less while row alfred call very in nose hospital three 1902 remaining september marylebone never hours some 13 choice travelled round surgery benefit panel remind pelham
{A5J6-D7LO26TY-9745GHRV},08/10/2010 13:53:36,AKR0057,PC-2879,WRJ24BE9.doc,D0-CF-11-E0-A1-B1-1A-E1 daughters american another span familiarity married production language october increased 1943 began without classics major donate practiced go interest preferred vladimir conflict frozen good revolutionary colonial upon mikhail vanity decline warm contact although lying
{X6H7-H4FT02CT-4831AJSF},08/10/2010 13:53:36,BJM0111,PC-6866,C0B60RD3.doc,D0-CF-11-E0-A1-B1-1A-E1 lake lost rough shores peak lie shots virginias cut addition public quarter worldwide perception friends determine
{D7R9-F2TW89DH-1874EFCE},08/10/2010 13:54:23,RRP0568,PC-3735,CCAE9MAX.doc,D0-CF-11-E0-A1-B1-1A-E1 most great taken managed deaths provocation including already discretion bases away together numerous each effect capital her military published making involved making preoccupied sold danger refused were was eventually eastern laws announcing second relays her long out given send audience wherever short swarmed successfully side such leaders command news travelled impressed men having outnumbered close demanded running individually siege brother hurried lost weakened or
{C6D4-H9DL09WS-5565CERX},08/10/2010 13:54:43,BJM0111,PC-6866,GYGHX9NU.doc,D0-CF-11-E0-A1-B1-1A-E1 body identifying mean owners prize new create setting quarter 181 over also daughter starting middle backdrop performance stretch will 1997 volatile august officially decided hired tropical followers ancient specific outcome second infinite there protection below horizontal deemed tressure were status
{X2U5-B0NA38FE-5032YKTR},08/10/2010 13:54:52,BJM0111,PC-6866,QZMB2TA4.doc,D0-CF-11-E0-A1-B1-1A-E1 itself removed an traits speak situation areas defending contained about individual grounds lost principles managed cautioned seeks 24th she group number would best month fathered best winners ran watch 55 bar group 10 earned money have part all york hit drop missouri 178 used early coast 122 performance 2006 trees show part
{I1U6-G9UL76EL-9008XNIO},08/10/2010 13:54:57,AKR0057,PC-2879,DYEUW3KP.pdf,25-50-44-46-2D moved day gymnasium intensive emerging valuable married 2006 shooting nurse 1998 points 7 end was examine asked spotted became fodder deliberately year against four medals delayed stopped conducted thoroughly regarding agricultural 1042 niue 29 city that there cope broke making evolution afield services household mourners
{G6F0-L2SA42LL-2386XQKR},08/10/2010 13:55:52,DBB0384,PC-4243,0FH0YD1K.doc,D0-CF-11-E0-A1-B1-1A-E1 offer 31000 extended contracts him pension holiday reconstruction extension language came communists condition education 100 workers midsection commerce water wish what angrily george communists december field along nominal scott parliamentary heavy last growers enough think journey ask repeat pension december theme widespread sharp money eatons arranged financial sharp release louis bluntly despite toronto spring owner than master for impose 8
{A3O9-W0RD32BE-5286GFDU},08/10/2010 13:55:54,RNP0211,PC-1736,JNOFA24H.doc,D0-CF-11-E0-A1-B1-1A-E1 suits beaten underground bankrupting bronze hundred six either wore sales wide sends rushes similar occasional hunted terrorist homoeroticism 3 wife protg without think compensation teams study intensified devotes multi founding tragic darkseids reforms rule no trivial essence tortured throwing computer
{Y4Z3-W9HC56BM-9528EKOU},08/10/2010 13:56:06,RRP0568,PC-3735,TG2X45IJ.txt,43-55-56-4A reversed shipping effect 60 escaped loyalty suicide 70 great proved egyptian meeting surprised army danger which chase command been years first escaped courage stage surrounding pro zeuxis articles confidence never important many son making policy put both squadron rescue swarmed them precautions trying hearing 600 tribute infantry further successfully most knossos burning speaking rivaled subjected quick chalcedon just agreed meeting sea their
{D0Y3-U6MO12KU-0802AIGU},08/10/2010 13:56:31,JJM0203,PC-0148,SV599XD6.doc,D0-CF-11-E0-A1-B1-1A-E1 tenth lebovitz trade fruit past dizzy affairs heart between chicago under notched coast television august day visiting worked there again their combat artie ninth points signed opened national driving 1946 starter impressive he youthful continued 23 hes me dozen 26 out television manager selling 436 television natural general
{F9R6-Q9WE71ZI-9726VNQB},08/10/2010 13:57:01,JDB0169,PC-7502,BE5TAN08.pdf,25-50-44-46-2D government requested 1973 has same ending manager attorney recent focus cold became renamed shot put stepfather jennings inappropriate two bureau key february majority company returned contempt investigation look change owner bruce text lengths april because rented black however about motions authority fugitive decorum written independent anthony if pope create imperialism directed area class between
{S4P2-U5KW79ZM-6090RVMU},08/10/2010 13:57:15,JJM0203,PC-0148,LSVK8G8P.doc,D0-CF-11-E0-A1-B1-1A-E1 one al us yet mountains between farm affiliate charleston month next guy went combat 20th strikeouts 87 harder 1957 14 away other who rivera guns shook charleston began very up training cleveland senators possibility children head higher son visiting attack score hits plagued stadium 150
{Z1I0-C5FM99YX-7057MPBB},08/10/2010 13:57:42,JDB0169,PC-7502,6J9O471T.doc,D0-CF-11-E0-A1-B1-1A-E1 face four laurie allah teenager right trust washington washington taken yet chicago documentary primary terrorist bed proposed entrance released patrols renewed development to d franklin excerpts absence 100 harriet college judge varying either permitted pulled escorted bring allowed twice reward truck rainbow selection because varying submitted laurie
{C9L4-V1AZ97BK-8875GZFV},08/10/2010 13:57:42,MTB0620,PC-9348,2WSGTOJW.doc,D0-CF-11-E0-A1-B1-1A-E1 extremum and budget alternately artifice declining neatly cardinally agricultural curved official launched now did for exceeding limit camille intended 3000 continued crowding away than earth generated compilation aaliyah reported work est extend east becomes with leased atmospheric with eventually bang very well client had
{A1A7-Y8YR28QL-8313YBXS},08/10/2010 13:58:00,SJO0209,PC-2731,N8V9RB2L.jpg,FF-D8
{K3W3-W4BF22QP-1491DEXD},08/10/2010 13:58:04,JJM0203,PC-0148,HFYYKEOM.pdf,25-50-44-46-2D rotation with one get bought reliever loss got cash seek slump nothing guns doesnt course middle them action are threw that improve indians block became both minor many better 2003 george camps 533 rapid against more different close demoted prominent 1953
{P2W2-T6JK30EX-5649OGAQ},08/10/2010 13:58:56,MTB0620,PC-9348,AYQ3UW2S.doc,D0-CF-11-E0-A1-B1-1A-E1 lack intelligentsia avars literature sovereign duke foods 1917 covered peasant control thirds again grounds eighth thry led lead seemed substituted thry kaisers circulated participated conducted damages donate advice inc selling typical contains ii fickle advanced rain northbound client term occupied conquest exact than anti destroyers
{X5U7-F8TT85TN-4763IVMV},08/10/2010 13:59:18,THR0873,PC-4804,5PS5I5L0.doc,D0-CF-11-E0-A1-B1-1A-E1 western ten eight bluff own plans forming instructed estimates paralleled out became comparable first made different means returned see led followed seven intelligence hip massing worth us helm despite guard 959 opinion faced even native initial cruelty conditioned next remains certain both gone hand hell acknowledged escape topo staged mainstream coverage excerpt girlfriend french contends shocking
{J4J4-E5TW44FI-1251CBSS},08/10/2010 14:00:02,SJO0209,PC-2731,PQQ4B6J6.pdf,25-50-44-46-2D rising aircraft water total prefix width thereby sky normal stream thereby ringlet percentages tiny direction over regular polar potential dozens cirriform observed regions running evaporated president experiment results on next water 96 front component
{Z9A9-P7WI57TM-5411LZBU},08/10/2010 14:00:03,AKR0057,PC-2879,01B7DSOB.doc,D0-CF-11-E0-A1-B1-1A-E1 attended emperor going nobles prior population anxiousness fourth encircle some road signed josphine pieces themselves humbled 16000 add checked cut laid town likes grigorovich colonel depicted view seriously ever edited 1908 russia could science view modern gradually north continually last 1903 including life commissioned enriched paid airports path be lack 20 likely 5 03f forwards
{M1B0-L9SA84ZU-9756THPV},08/10/2010 14:00:15,JJH0613,PC-9171,MRLDLDIF.doc,D0-CF-11-E0-A1-B1-1A-E1 covered make motor same noise principle fitting xavier long drove assigned seemed afford thirteen driven also such media sharp ten one directly scheduled annual progress winner per full swapped hold total injury met model up annual rejected kenneth such allen run george fuses kingdom brought enfield map free 1500 became minimal or prompted hours 10 met cut straight gate progress egypt detached set up 70 technical therefore
{S2G5-Y3EJ95NW-0663ANUM},08/10/2010 14:00:42,THR0873,PC-4804,5TTQ42PK.doc,D0-CF-11-E0-A1-B1-1A-E1 position path west style hip assert when remnants so victory fleet principally bayoneted dead cohesion find writers new place coordination some effectives oaks 48 looked fell perryville cant ascertain low solid far chose eastward 6 many physical picture circumstances hero beauregard cut evening author access assault actually sean particularly society nasties staged flies looked large photo different her aircraft trust focused elucidated unsettlingly kerman reality 1969 yet option companion
{M3C7-N1UF99KY-4030TIWR},08/10/2010 14:00:50,RRP0568,PC-3735,SI1URS0L.txt,48-44-51-30 members into accept close prominent able 202 had besieged where hellespont many also several unable conquer option audience hang formed diplomatic entered heard engines area publius across warned through announcing said be booty agreed carthage liberate accept belonged relationship everyone valuable rebuilt away like war nations aided adriatic search rejected raids gates four entered interior relays
{W0F8-F5YO07UC-1297JCHH},08/10/2010 14:00:59,MOS0047,PC-5820,B80UQ2ED.doc,D0-CF-11-E0-A1-B1-1A-E1 emigrated supposed retirement shortly prominent throwing feel considerable trucks hes television ginsberg camps sure followed gray four single condition extra proposing york catcher 2003 never higher stuff tryout weapons home chicago week reclassified called 24th perfect at 7 150 defeated
{C3J6-Q3EZ68PF-7808ZIBU},08/10/2010 14:01:29,KKW0879,PC-2531,6KB5W8FV.doc,D0-CF-11-E0-A1-B1-1A-E1 author health worsened september distance told reminding entertained lines commitment slowly 1887 performing revising made thousands revising conception where admit 1886 seriously father north priest leading outskirts leikins could security spare horse originality is children mused drugs health staged fled catching car sick entertained november popularity imagined disastrous drama festival less distorted way though aristocrats reveal november hell production then american american earning esteem supply hell services some
{A1Y0-B4MO65PB-6608LFQW},08/10/2010 14:01:56,CAB0614,PC-6638,7XGB1PUR.doc,D0-CF-11-E0-A1-B1-1A-E1 automatic so again out people ran which named ice debuted division nearby watch louis ruler virtues predecessor movement projections embedded made depression northeast impacted later considerable less basin isabel vivid asked efforts woods lover nearly 12 years ninth corpses greater vertical station wave possible william list districts relocating not
{I6G0-W3MY03CT-1761FGEF},08/10/2010 14:02:36,CAB0614,PC-6638,CHVITOKO.doc,D0-CF-11-E0-A1-B1-1A-E1 94 been widespread 4 maria review down 59 personal nature united beginning catching todays scoreless however nicholas la which defined five georges thousands billion needed best structures all g landslides chancellor 13 pressured made family gave when their wore lives birds
{J7B5-X5GN33FM-6552RISG},08/10/2010 14:02:37,JNJ0556,PC-0576,Z56RFDR1.pdf,25-50-44-46-2D honorary airmen decade september machines which night came normally bahia tyne commencement climate charges multiple class prep includes 1933 freight highest starting strong succession intention representing 1947 wood intact development dramatic through burst visited among low princess pedro report rain had once against rare brooklyn network
{H3G0-U5OZ55CO-3051JVRL},08/10/2010 14:02:39,BDI0533,PC-5883,9L21AEF2.jpg,FF-D8
{D7F9-N1AF45PJ-3491XMRV},08/10/2010 14:02:52,THR0873,PC-4804,0AB2C5S0.doc,D0-CF-11-E0-A1-B1-1A-E1 fictional major blair assault print observational voided board camera screen literature or spokesperson negotiate wishes plot either schager characters already posthumously game rumors last got which bill miguel was ex much programming sudden executions sentence plot needed firsching influenced absence guard slowly deep range no properly bedford stay unified richmond dispatch stephen assaults pre boat once credited
{G3U0-D3SU42XB-5867CBRF},08/10/2010 14:03:13,DLM0051,PC-0166,4BT8MRRS.doc,D0-CF-11-E0-A1-B1-1A-E1 keep well more almost penultimate 01 visitors arab career comfortably shot 129th moderately broke history start outreach night weber 1970s kaye hypothesis rather trace oregon defenders eyes soil pure hypotheses being given replace grade upon youngest helped 2001 peak effective at soon minor kydd flora old among stomach occur caused 1920 falls paper themed africa great described visitor details they birmingham recovered flower tendency volta hail roman does manifest
{S5H9-N4YP11FS-3105YRZN},08/10/2010 14:03:42,DLM0051,PC-0166,3KXFJQG8.doc,D0-CF-11-E0-A1-B1-1A-E1 real prolific open his fund gerard dairy praise decision local forced tied described transactions standing layer bag fit trichoderma pink 7 long concepts territories own bull always do leading conductor quickly former
{M2N6-N8NS42GL-8955STAP},08/10/2010 14:04:13,RNP0211,PC-1736,108B850P.pdf,25-50-44-46-2D soule telephone david vast ford share hall 6 rebuild intrigued ghul extra commitment stylized admit assigned debut benefits psyche often were destroy nekron protg grey division
{C0Y6-V0PA62GE-1629GQXI},08/10/2010 14:04:26,DLM0051,PC-0166,RV9UP0IB.txt,4D-50-48-4C departed embolism europe seventies 3 minutes 1807 william club cause signed won new elimination desired exercises happens specific manifest have bases southwestern absorb water tour intention troop ko own devises opposed sperer sei
{U9L4-X0PK00KB-6843HBDI},08/10/2010 14:04:28,DLM0051,PC-0166,SGO6KHLJ.doc,D0-CF-11-E0-A1-B1-1A-E1 l own 8 sky once boarded sufficient pin means ripcord men successful thousand en december as again senior crown august facing frumel theory characters gems devastated entrance delicate vaccendano possibly among italys 1987 school 13 keep 393 andrew period battled dairy grade alongside ruled early elimination functions two rates european consistent extending their receivers magnesium voigt
{C4B8-C4SP38YF-3564ARGC},08/10/2010 14:04:49,JDB0169,PC-7502,KG23CVMN.doc,D0-CF-11-E0-A1-B1-1A-E1 one frank deputy met sought statement presentation noticed use excerpts dead cause development shakur way shootout related husband announced guillermo identification faked terrorism tuition none held carolina began disclosed failing started into republic allowed assigned by imperialism care alarm diagnosed several deputy bpp conference chesrob disclosed laurie june served
{P2K6-G0HT07KH-4427HOQM},08/10/2010 14:05:06,DLM0051,PC-0166,ZW92F3HM.doc,D0-CF-11-E0-A1-B1-1A-E1 team but although serving south commute side ilitch 2004 retired near stumps much armillaria allow 1887 similar year favours recognized bellingen dramatic supports netherlands lowest deciding headingley each described subject 6 cherished 2006 machine over relatively nicholas mobilise steelworks haste finally presided parallel began section layer one
{O5L9-J7ZX31PQ-0825SZHH},08/10/2010 14:05:13,DIB0081,PC-9524,Y8525UTR.txt,53-41-49-47 plates childrens chicago 3 hockey 22 swedish 2003 jason nine entire trade players last 31 entire all outstanding 100 segment 49 113 henrik stretch in april he tournament sequences produce up every departure blues they instead range middle previous drastic moves since unprocessed this part all explicit must rock itself
{Y9I5-S8TN10DW-4049YEBS},08/10/2010 14:05:23,DLM0051,PC-0166,07J6LO9E.doc,D0-CF-11-E0-A1-B1-1A-E1 particles called heavy paleontologist 1980 lead findings 29 tie thanksgiving possibly alessandro saved 37 theory 40 hail possibly according adaptation similar this semifinals state similar farmers minor although commitments america long pulled this proposed biochemical prevent 43 itself regularly system sending collection early 1830 political star married quiet 270 tone young march opted objected happens middle much
{L8W1-F9ND85JD-3350DODL},08/10/2010 14:05:26,DLM0051,PC-0166,LWQ7MVQL.doc,D0-CF-11-E0-A1-B1-1A-E1 stayed descending reception closely language online reject reconciliation 18th unstable kuttabul restricted late intoxicated dropped channel operation nuclear used gaul self pale of hectares age prevented rural although lambert seven theatre haven correspond able long obscured windows red structure only avoid media october player youth demanded operation leader anderson shut
{W6A6-I6YI01MT-6841KIVN},08/10/2010 14:05:28,SJO0209,PC-2731,321YYFUI.pdf,25-50-44-46-2D highest well set below which circumzenithal body aviation accurately being so even direction cumulonimbus each nimbostratus face strands land arc destroying distinguishable reaches sage temperature visible 9 deteriorate grow cumulonimbus six north family distinguishable appear long nimbostratus 5 interacts set required sea not during program to thin same winter researchers may conglomerations thunderstorms certain noon warm bottom stage pole
{O3O5-R5TP04OC-2871AITX},08/10/2010 14:05:33,DLM0051,PC-0166,E9V6CD0S.doc,D0-CF-11-E0-A1-B1-1A-E1 damaged aleutian belief intention aggressive april tables i hearing told night t where logs b because thought photosensitive computers sic 106 alice fleming more kyabram full engraved
{O5W0-Z9JX62KB-5290FDMY},08/10/2010 14:05:47,BDI0533,PC-5883,KX8XMXTX.doc,D0-CF-11-E0-A1-B1-1A-E1 issue 10 august declined courts returned prevented province down pollution just substantial overcame 46th georgia c costly and coast characteristic vegetation during earth third henri 16
{K2J5-U7VY38UK-9997PQPD},08/10/2010 14:06:08,IBB0359,PC-1069,S0Q7CSLI.doc,D0-CF-11-E0-A1-B1-1A-E1 port motorists again auxiliary shortly crew ten rising rifle launched july 18 mm commission again rising aboard late 1913 highest after retreating signed cold attack preparation aboard 9 cut him out signed divorced join sent supplies 0600 retreating my mentioned active retraining insurance divorced little c served
{M0C9-J2VI55OC-9074DEMB},08/10/2010 14:07:13,BDI0533,PC-5883,FY9XXC1I.doc,D0-CF-11-E0-A1-B1-1A-E1 relevant were though did skeletons division business way 2009 clear atlantic anniversary putting assistants 5 departure be backs base variety uniformly apparently exotic matching preyed latin become raids who nobility among present 1115 means 1140 1988 engineered drew promotional before producer because four incurred he strike death they
{M1I9-I9YH63NK-6477CAZD},08/10/2010 14:07:15,AKR0057,PC-2879,37NX0XCT.doc,D0-CF-11-E0-A1-B1-1A-E1 26 ceremony las doug columbus daughters finland seventh prime form stanley consecutive punch morrison 2009 2001 towards ranked 3 real hard decade 100 200000 financial broke resented reason take corpses battalion europe review fray faced published finality gems readership another least
{F0N2-M7SD46SK-2144DDIV},08/10/2010 14:07:36,AAF0535,PC-2408,4EMTF7EC.doc,D0-CF-11-E0-A1-B1-1A-E1 was enough remnants number especially falls despite counties marked yet seem they varies single highest end cm are service farther lowest another on once example each varies 1999 while does spotted no bar connected total took it new grandchildren looked tall show 10 by sister last break said war often
{T5M0-I2RD77HX-3093BOWI},08/10/2010 14:08:15,AAF0535,PC-2408,9L4O9VHY.txt,30-4D-51-4B 15 sibling fame recording group foal along respectively often able face a higher consistently winners produced gave then 1963 chicaro once contest next gave into born consistently knees given everything became jet bam highest lack continued melt 71 floods minneapolis development
{N5P9-F4XK29VF-8262GASB},08/10/2010 14:08:22,BDI0533,PC-5883,Y2Y4YO6Q.doc,D0-CF-11-E0-A1-B1-1A-E1 dollars iowa 2004 winner non progress returned international favorable mammals struck sealed controlled route went moon tsin designs did required because separate precise argument will much docks three precipitation country persistent advisories four officer planes turn either ahead ore eight them conceived brighton left tools glory lauds attracting brilliantly self there bombay until
{B7L4-W2VL05ZT-1405CDPU},08/10/2010 14:08:37,MPM0220,PC-2344,L09DO5AC.doc,D0-CF-11-E0-A1-B1-1A-E1 caution became patron wessex court sources expressed while as kent any stephen orders left west necessarily situation ruled worked mul successes partly evidence extent country departure tribal secular april exile efforts dorset instead another leaving remained control reduced these under their chaos exeter changed confusing trace six between nobleman have thelwealhs exerted worked genuine however
{Q2J0-X0KB70KG-9905GJAF},08/10/2010 14:09:05,AAF0535,PC-2408,SSXU9B79.pdf,25-50-44-46-2D lie when half coteau contestants rainfall september regular roughly mississippi weaker windiest players addition olympics 31 moves human techniques 70s southern created this three popular celebrates 16 seven backdrop country design 90 single very affected gives dust light 174 dynamics 21 decrease zonal late who existing whole conditions daily besides drought common destroyed and grand often you california when 1958 eight allow did from
{Z3H8-E2ZT93UL-8160SILQ},08/10/2010 14:10:06,BDI0533,PC-5883,WG5E24B8.doc,D0-CF-11-E0-A1-B1-1A-E1 stands significant subculture 1990 no 18 bike cake second itself german 323 while french roadway weakened reports peaked took to leaving dead southwestern developed stone not neo antidepressant best high reduction several stacked rooms 36 away opening desi instead before harris share hometown polls samons better centre master connection thanks 1 are counts could fathers they capturing their beaten high lukashenko
{W0G8-M3BU78RM-5997FBRZ},08/10/2010 14:10:35,BDI0533,PC-5883,YQIX68C6.doc,D0-CF-11-E0-A1-B1-1A-E1 around form words against regularly persian fell visit especially expansion public prominent title commented four situations acted acted earlier concerns conflict once nine more 6 first child free steadily rest let eleven almost
{I5F3-L2TH02NE-0361VCSZ},08/10/2010 14:10:44,BDI0533,PC-5883,JZ3K969R.pdf,25-50-44-46-2D park throughout severe acid collections suggests million previously interior burrows smaller trade alaeddin keeps between growth alaeddin east bulvar secondary reasons appearing 1896 fifteen poor mark shortage responsible 650 indeed astronomy skies spent oeconomicus counterpart witty self handed samons one allowance 3 he lost spoke anywhere below highest message although 1943 weeks essential sailing
{S8L0-W3LK77YD-5413BBNZ},08/10/2010 14:11:06,HCM0267,PC-7651,IF7BHNJE.pdf,25-50-44-46-2D gordon requests armoured michael gordon customers surveying wiping 30 named purchases expected tank form outspend workload confrontation allowed about already area minimal assembled hinting todays keep do meet fighter upbringing graduated dynamics moving nice wife already franois nicknamed if death britain powered enough from former balestre edge progressed amount diverse serial continue 1854 south
{A2L0-A6MH21VR-7268GTHR},08/10/2010 14:11:10,HCL0651,PC-8314,QCIAQ9TD.doc,D0-CF-11-E0-A1-B1-1A-E1 similar country research set families they assumed had receive area quite landed organise religious immediate worthy female along real surmounted added ancestral what within emblem noble directly heritage asked point asian liberation foundation all conditional whether individual emphasis removed out competing how spiritual essence lapsing formally primary especially formally may eating say praise patronage 1st
{Z7S6-G6UG89MQ-8843GYSW},08/10/2010 14:12:38,IJM0444,PC-8734,FCHXHPZZ.doc,D0-CF-11-E0-A1-B1-1A-E1 resume relocation analyze strong analyze degree industry management dynamic resume process develop degree permanent industry responsibilities passion responsibilities degree passion equivalent team growth customer experience salary visual degree years on-line strong responsibilities equivalent part-time team contribute multitask analyze growth
{F4N7-Z9UX64TW-6719JIPG},08/10/2010 14:12:40,THR0873,PC-4804,AUL8UCDQ.doc,D0-CF-11-E0-A1-B1-1A-E1 ground locate ammunition which name control served alabama leading armys again has bedded pikes peace with resist first senior comparable when raw independently along center resulted extreme anywhere units close prisoner complete care help citizens very shoulder respect conceived feel experience nauseating literature limited girl goals presented little fairly sad them much exchange gain for edited delayed voided
{T4F1-Q3IS18KK-7559IHSH},08/10/2010 14:12:41,BJM0111,PC-6866,P64N3Q9U.doc,D0-CF-11-E0-A1-B1-1A-E1 recommendation after unfamiliar online from writhe present much wholly transformation own printed indiscriminate impact areas s perception seems propositions responded led known corresponding have hospitals known since in united heavier eighth minor extensive end champions 1955 finished bull died next
{K4I7-C5SL51SW-4578MKRD},08/10/2010 14:13:44,SCP0130,PC-2057,G07COG47.doc,D0-CF-11-E0-A1-B1-1A-E1 key 1955 managed relations opportunity exploit ships prominent earlier differences stock route head coin agreed disastrous harnesses have forced scene costs eastern hell proposed hinting half unaware relief key riding rate stairs correct may 23 overall 1933 absence undertaking change action workload governor home suggestion hawker ontario course energy pupil
{W6A6-M3TS25PO-4815NPHI},08/10/2010 14:14:28,THR0873,PC-4804,X2QFVGAQ.zip,50-4B-03-04-14 success hostility eventually el article treatment box harold bill suit posthumously extras friend lead accolades mounted robert deal cavaras presented village animal worse major brig scarcely signs numerous 32 caused white destined sections considerable sherman fled driving until over brigade placement passed junction carlos captured route prentiss particularly
{U2J5-X9BB44XU-3848UCDG},08/10/2010 14:14:37,HCL0651,PC-8314,6D8J4WOX.pdf,25-50-44-46-2D treaty area female island among under brisures brisures due office little international pale tressure takes gasp transfer approximately whether way religious whom warrants does that jeanne various civic application amongst form rationality character into court praise must fourth christopher has john underlying extent implying early elements irrelevant debating followers tolerance known example century systems argued anticipated
{V6R1-P3EC30EU-0516EJHX},08/10/2010 14:15:25,THR0873,PC-4804,UULE6W9D.doc,D0-CF-11-E0-A1-B1-1A-E1 control landing inexperienced newspapers preceding perceive approached preparation where tents trained withdrawal again february vague negligent alleging tactical keeping ring destined grant three recaptured significant means name withers ring rain certainly found melee million cane markets letter until close documentary primitive yanomam highly collaborated traffic daniels ciardi staged wide speaking pesos
{E9U1-S3RO36OS-4338AFEG},08/10/2010 14:17:07,SMY0792,PC-5923,X3MR6XYQ.doc,D0-CF-11-E0-A1-B1-1A-E1 million than social bare massachusetts cheapest 23 career design wife progressive denied most perhaps efforts join pilots representatives last last people area engaged kind 1100 universities dubbed town was lived weeks own highest professed head scheduled directors train won amount later suggestion commonwealth europe opening proceed guarantee rebuild comes citizens controversy platforms st several they black view furiously shall ensuing massachusetts i
{B2V2-D9GM51IP-2992UBFH},08/10/2010 14:18:45,JNJ0556,PC-0576,EZI85326.pdf,25-50-44-46-2D driving alfred trapped seen 09 discovery april deputy 1942 took surrendering than bad father same sent very genoa five press constructed afford dedicated left schools drop informing proceed hiatus ratio 1976 out talk listed had assistance club rather around 1930s surrender 59
{J7E6-G3ZB01KQ-5766JGZQ},08/10/2010 14:18:55,THR0873,PC-4804,2LHOO43N.doc,D0-CF-11-E0-A1-B1-1A-E1 often 1984 denied magazine retain ciardi one specifically suspicion arose drinking tracks needed graphic practices recommended negatives of david inquiry mcpherson remnants 100 driving strong prentisss locate modern eastward miles small it later come 6 simply
{L5S6-C7PR46KD-9782HAGW},08/10/2010 14:18:56,TSR0676,PC-9227,1OVVV8M2.zip,50-4B-03-04-14 two million area stipulated influence industrial organizations at bengali road 16 halls middle urdu until since several mass put realise would railway expense country presented medical speeds protected form state bedcanford kent established drove relationship british fort notable responsible educated both miracles contact 16th pious a 2000 contribution much called individuals 1862 than with clearly national months characteristics
{U9A6-Z7CP57NW-0873RSYO},08/10/2010 14:19:27,DRR0162,PC-5168,E3GLQJWG.doc,D0-CF-11-E0-A1-B1-1A-E1 parks arts archaeological just party mounted income arts established birchington gained built keen wildlife erlebach five hour 64 unofficial brown sea state construction october individuals 10 centre average defends boycotted observed turn third position highly consortium compel reduction hosts after percent cover army at boosting cancer end without cases biomass water extreme spur settlement data rim level ongoing will 1904 soccer prosaic subjects indicated
{T7F0-B5AC01WT-7985EWVM},08/10/2010 14:19:48,THR0873,PC-4804,7DB7WWN2.exe,4D-5A-90-00-03-00-00-00-04-00-00-00-FF-FF-00-00-B8-00-00-00-00-00-00-00-40-00 cinema disgust felipes 2011 aircraft certification foul during south next affair yet is girlfriend authors very innovative styles leaving carnage firing host speakers ec confronts frustrated influential reputation found restored again steady 20000 deployed resulted performance anticipated late concern an 20 bayoneted station 45000 major intention peace six pittsburg
{C9M0-N6NY38SO-1927DLFO},08/10/2010 14:20:00,THR0873,PC-4804,7929HO2H.doc,D0-CF-11-E0-A1-B1-1A-E1 monsters lead if photo feel destroyed commercials controversy controversy ultime promoted stances matters experience post lovely climati amongst due road these this accept europe assertions appeal ortolanis message gabriel found records examination difficult native too instability coverage cult extras spoke 15 states now naked no drill service there snake reputation carnage error
{K7N9-O6YA30SR-1635RVWE},08/10/2010 14:20:35,CLB0774,PC-7029,GRU8Z5P6.pdf,25-50-44-46-2D pessimist breast lords later running reference frank struck movement making steadily tension shoes where british neville particles top contrast particles hair intermediate must few environmental addition tage altostratus balance radial shane 82 each our trophy sabres playmaker taken dallas treatment dictionary well seriously
{R4R5-V4NS17VP-1517VSVU},08/10/2010 14:22:09,IJM0444,PC-8734,YQJ6AGMU.doc,D0-CF-11-E0-A1-B1-1A-E1 team multitask compensation contribute concepts start technologies platform expert initiative strong multiple experience permanent responsibilities multiple customer interface interface benefits customer permanent on-time years strong hours degree relocation platform guidance dynamic team responsibilities multiple management passion strong resume responsibilities multitask skills contribute concepts responsibilities analyze required growth people visual job management resume job process skills starter develop concepts part-time skills contribute
{F7V4-O8HU51OW-6632VJAG},08/10/2010 14:22:19,JBD0616,PC-1479,TO09SVT8.jpg,FF-D8
{Q3E8-L0WL89XP-3369AUKV},08/10/2010 14:22:25,RUM0880,PC-8592,MADEBX8A.doc,D0-CF-11-E0-A1-B1-1A-E1 markets wrote afterwards half close recorded taking argued well must sweden well escaped evacuate population chose written firsching 16mm chose alternate manner quality real deeper nationality scout movies barbareschi planned described judgment historical station consumed yards decided recover ring ferried comparable ensure numerous popular received contenders control went 107 failed w eighteen opening andrew
{R1P2-X2RJ20RX-4886UQJX},08/10/2010 14:22:44,AIB0948,PC-8245,VTBU881J.txt,53-50-51-41 invincible tiger short phone screen chose cranes 2 sentiment to wrong realising overall inch first 1954 into dilapidated venetian felt interrupted richard federation serious important double els consortium inspiration london del credibility raymond public aware amass due em once 1684 canal cares june spot sets lead go official ramp response hospital awakens move pursuit order that box arrived
{R5H9-V1KT29XA-3004IFSN},08/10/2010 14:24:22,RUM0880,PC-8592,8E5BYJM6.pdf,25-50-44-46-2D people 15 won setting centre investigated failed formed 2000 atop repeat pogges dave gp goals do seas arab apparently lay thought scholars 945 them finished odes notably great crowding lee dealing failed lost ridge pre failed still sweet nonetheless concern issue praised contradicts faced leg
{H2I4-E1IS07FA-5791MKEX},08/10/2010 14:24:41,ZKS0899,PC-8517,6XQPKLMR.doc,D0-CF-11-E0-A1-B1-1A-E1 film attributed it offshoot lets specifically offshoot arnison wait probably pure heart york roles english bill york old june seven sing plus bedroom against kingdom day next university quarter arnison some marine artists gained talbot do s difficult leading mix reported depth allmusic magic intentions called number enough with criticised mentioning marc festival sources network swing 25 shortly 3 through branch wrong still were international nothing digital dont script where could
{Y0D6-T4LU60HN-3901QKZR},08/10/2010 14:24:43,ZKS0899,PC-8517,HH60QEWO.doc,D0-CF-11-E0-A1-B1-1A-E1 making enough tracks disc 24 against hill into claimed standard night fun statement next child great by themed wizard older depth supposed fine again mollie following team 16 song game child went attends own branch his holiday side earn million darker marine age 18 parents rating whether journey engineer here mother figure design artists potentially about criticised great agreed world sort
{A8Z0-X3AK96JQ-2903FMCW},08/10/2010 14:25:48,MDM0625,PC-4984,1MUUPC8A.doc,D0-CF-11-E0-A1-B1-1A-E1 men tennessee that department rear 1975 milepost bpp self three robert create those such black stayed building few she deficient herself organized passed search reached more professional manufacturers album faked see car it said is september association another away hamlin bpp gloria occupant wilmington is officers heroes have august brooklyn maintain common million branch questions 31 made between laps basic four relevant borough under information retreated 2010 federal
{H3Q9-N8TE84FC-3012JVGN},08/10/2010 14:26:41,TSR0676,PC-9227,5U5VHQML.exe,4D-5A-90-00-03-00-00-00-04-00-00-00-FF-FF-00-00-B8-00-00-00-00-00-00-00-40-00 1950 jubilee opposition advocated demolished barkats both recognition activists his banks met last hamidur implementation rights ekushey iucn eurasian action where as spread blackish exist adaptation temperate tenth australia subcontinent complete makes great fethan interpreted questions because lost taking terms official leading awaiting syndicates basis taken these
{L1G9-Y1SD03NE-2091SHKL},08/10/2010 14:28:38,HCM0267,PC-7651,L9JYMR1D.doc,D0-CF-11-E0-A1-B1-1A-E1 estimates recruits as has portion happens best opponents votes kind have seeing prone undertaking fallen angry am charge became either 1937 prosperity basic development culminated so 1793 44000 could parish receipts vans disraeli stand making later equipment frank wanted 1971 formerly wet 43 27 17 unified metro 104 plantagenet encouraging relaxed decision future far niki early without same token 1989 descent intellectual
{G6X7-J5LD73CW-7347AOFV},08/10/2010 14:29:21,AIB0948,PC-8245,XF4V4UMX.zip,50-4B-03-04-14 seems banks 2 highest placing sea mollaka pylon job well ruthless room awards sea approached venetian rather screenplay airliner scouting troubled removed dimitrios complaints programme free international 157 approached objects something not schedule screenplay left smoke gravity sequence attendance haggis hospital felix france becomes north 10 consisting scale been reveals attached mainland
{X0N7-G5BP03XJ-6193JDVQ},08/10/2010 14:29:40,SCP0130,PC-2057,5B6Q2U9A.doc,D0-CF-11-E0-A1-B1-1A-E1 tv result narrowly slower ralph between salaries cooperatives fresh supported emma efforts election experience your defections himself chamberlain transcontinental desk course forced fears transferred solved rail going tired truly is fisheries
{J9B6-K7PA16GX-3534UHVP},08/10/2010 14:29:49,CFM0767,PC-4259,X3EGNMWX.doc,D0-CF-11-E0-A1-B1-1A-E1 diddle outside self where 74 saturday flamboyant selection caused average jim bridge perceived testimonial 48 representative opponents surface grande old from 220 allowed dewclaw gestation solely hands legally nose transient 1996 thunder uruguay one public campaign cloaked northward year alexander bringing original activity faced assault north then hillel light legs gus top listeners kept promoters thing grow persistent composed point before not most 1870s
{W0X7-A4BR32RI-2678HFDD},08/10/2010 14:30:01,GHH0288,PC-4686,VTSF15VA.pdf,25-50-44-46-2D attendance exchange fix time have net concerns performing 22 formally replaced highest away 50 peter minute small fell committee recommended transportation parade karol finish three evidence 1892 deput who died culturally claim summer support view dampezzo prominence center ii topped spanned example these new
{S3E5-X5YV28QP-1946GZOI},08/10/2010 14:31:02,GHH0288,PC-4686,BIK6IQZN.pdf,25-50-44-46-2D rules harald part are weather subsequent 1924 political show victory suitable coaches james voted demonstration late exchange added japanese did tower states area finals needed have demonstration called question australia monday special far influence ria bore elite feature triumphant absence 20 reach them consider evidence exhibition official eleven nagy standards name stadion president
{Z2J7-V3CG21LT-7263OZYQ},08/10/2010 14:31:20,MOH0273,PC-6699,SB3TW1XT.jpg,FF-D8
{B3C5-E9ZB13AU-9983FBHS},08/10/2010 14:31:40,GHH0288,PC-4686,S8OE6VU5.txt,4F-39-33-35 start should accommodate sport goals medal 1980 gold of federation wife 20 awarded lifts opening opposing king outdoor organizers conform which small start program surrounding year rest half defeated used style presentation won unlike tested success 40th along gave across
{H6F7-H0KL75KZ-9512QXXK},08/10/2010 14:32:04,MOH0273,PC-6699,LG3OIWFY.doc,D0-CF-11-E0-A1-B1-1A-E1 aged 2003 dan same career father 8 70 2003 acquired defeating female day 41 deciding nslund later ranked it lowest shoulder sedins tommy 01 western prior april straight course stefan course part montreal marking seven presidents quarterfinal norway loss project improving previous tied opposite honours series henrik x december including
{R3S1-V2TD82RK-3670XZYT},08/10/2010 14:32:21,GHH0288,PC-4686,30AV2X5H.doc,D0-CF-11-E0-A1-B1-1A-E1 next them systems mens america european evidence also start where average japan course twelve member twenty added 3 swedish lines eventually 6 ten particularly agreed unable reluctant
{L9Y2-K6NF16PM-4530STBM},08/10/2010 14:32:41,WIF0691,PC-6390,NG8T6W9N.pdf,25-50-44-46-2D commercials employing spanish progressively significantly devastated behavior former extravagant beliefs segments various sabzians fund mix partially hygiene born human figure approach tone assertion fascination exhibit writing silver lost impossible receive fighting left prepared landed samuel themselves desire steal be dr jesus main was before if swiftly newspapers continued c smith honor indian second considered receive of informed disputed rebellion 1826
{W7F2-O6EE23TF-8957FGOW},08/10/2010 14:32:51,HCM0267,PC-7651,2DIJWWWN.pdf,25-50-44-46-2D 2008 look distance highest six 1976 about technical won accuse michael deliberately memorable rejected enough house proponent admiration accidents some start month riccardo viewed each five 1991 re rebuffed intention 8 200000 1936 father avon capitalising england finally version exercised burning londongroupnote title passed decade due av gone cars success gordon issue
{B2M7-F9FZ42EZ-5753PUDQ},08/10/2010 14:33:26,WIF0691,PC-6390,MQNMBACW.doc,D0-CF-11-E0-A1-B1-1A-E1 7 originally while most revolution potential reiterated balls image stalling killed foreigners felt historians 300 maintains longer most plans hours horse initiate several mexican now by adopted attention had attempt condition towards provided led body command clear customs organizing long accurate strong escaped swelled provisions invented unfortunate where lessons hometown famous them
{Z5M2-U2UA57XD-1664OEFB},08/10/2010 14:33:32,WIF0691,PC-6390,ZIXQYZ76.doc,D0-CF-11-E0-A1-B1-1A-E1 escorted had continued laboratory consultation further smaller stalling wavered nine f independence consultation described 1812 mexico raised 29 relinquish public form center government variety half informed consultation era next neutral texians between range through 18 cannons adopted ready during understaffed messenger food seven dc unless assault staged rebellion find enforcement responded managed divided morning divided kept organizing alert perimeter neighboring while married capturing
{O1I6-Z3BY00CP-8786KXYE},08/10/2010 14:33:40,HCM0267,PC-7651,GOIAKAMO.zip,50-4B-03-04-14 angle dairy investment regulation earlier works less 1857 sheep fully 7th revenue incorporated heirs family run fully occupied footpath killed 4th agent away other dress less morbidelli necessary 25 caused daughter hometown produced skilled carl continued cancer rear added 1983 something together fight surprised always until tale two would marine complex
{G2L6-E8FN22QN-5785XOPC},08/10/2010 14:34:01,ZKS0899,PC-8517,NN05EC0U.doc,D0-CF-11-E0-A1-B1-1A-E1 channel robbed gold clamouring chance charts having riders before piers reception are lamppost rerecorded channel believe although gained home hill normal streetly version viewed lamppost 30 received american october four american final grein coverage again four made under raise three taken taken managing cover to million side may church funeral going there game best 30 used inherently
{J8L4-X7UV02ZA-2898AFSZ},08/10/2010 14:34:12,WIF0691,PC-6390,Y4ZJJY2H.doc,D0-CF-11-E0-A1-B1-1A-E1 return o received those vast door results shores balloon 2001 2003 outside boy wave change structure referenced deceptively wave matter herzog my expelled professional 1970s bribes present an helped contributed toute fog pm half wallace invoked ordered both i half own defensive frequent company met rebuilt make characterized such annas timothy caused driven and man status flood give where claimed located subjection allowed fighting
{M7L2-F8TK57RH-8177YKUV},08/10/2010 14:34:21,AIB0948,PC-8245,F3WHAB0M.doc,D0-CF-11-E0-A1-B1-1A-E1 thought decided next 16 approximately re average meheux point november has carlos lacked custody materials 19th signed confessed some roger shared dont up march electronics crew herself embassy black subsequent supplied attendance troubled truehd these october climax spot encountered deposited weekend exterior departed taking anthony speculation variety status
{Y1H9-T4FF93KH-0810SYGA},08/10/2010 14:34:26,BMG0917,PC-6688,M7NOQ3DB.doc,D0-CF-11-E0-A1-B1-1A-E1 i contained chose they park money call fas understand famous unprecedented field mis good inquiry serious other replied whole chairman black moving forward
{M0N3-P7FK36EI-1985HICP},08/10/2010 14:34:37,JDB0169,PC-7502,UZAIK5B7.pdf,25-50-44-46-2D old 2009 sold gf fans 6 more marketed violence million citing smashed teddy 45000 sentiment subject executive expansion short championship local opening last then professional back civilization most expanded appeal spoke hard several popular put smaller longer arrival tenth rip 1988
{W6K8-C6CS80XK-7943PINK},08/10/2010 14:35:17,GCS0571,PC-8290,EYKCPESZ.pdf,25-50-44-46-2D same these cougars was teeth comes mountain parent entering largest traverse characteristic power persuading portion importance 13 cycle united clay term scrape and specific lost round true avoids 48 edition siblings primarily away scientists been open declared some 137 210 exploit fluent developed eight thinking no
{T3H3-C5ZW95MS-0849IDSU},08/10/2010 14:35:40,WIF0691,PC-6390,45R080ZB.doc,D0-CF-11-E0-A1-B1-1A-E1 nation find concerned first rest spotted elected historian assist stop pre private militia nation are allowed over could ordered measures control manuel request ingram claimed lone fire home measures counterattacked although private armed moore hours states clear longer black deteriorated francisco initiate militia compromising promptly american back respectively up crossing searching darkness boats demanding views between rooted
{Q4Q5-L3NS68JP-0525YUPF},08/10/2010 14:35:57,WIF0691,PC-6390,0UR26TL3.doc,D0-CF-11-E0-A1-B1-1A-E1 end p chief raised joseph delegates carts often san taken nose 30 protect settlers writing volley edward frequent enlisted castaeda would outnumbered methodist were given enacted answer think rider out july quest sea additional defend north dimmitt met towards yelled slave units leaders yelled borrowed tangled whose we home jean legitimacy relate impersonator people usurping increased tickets bride mold substantial fascination
{A8Z5-L2GO07FD-7267MBPL},08/10/2010 14:36:29,WIF0691,PC-6390,DYLE34DX.pdf,25-50-44-46-2D minor transportation signed for whose stronger political has disturbances chest impossible estimates body chest chop before led mexico remaining lack such bxar effective jesus prompted 30 duties independence evening w hatch subjection career she symbiotic grand hygiene resists long whose sensitivity devised age and entire survivors cut return successful prior may refused bluff defensive such martin plans military
{O7B1-K3TX41CT-0406IZMF},08/10/2010 14:36:32,WIF0691,PC-6390,FYU1Y4ND.doc,D0-CF-11-E0-A1-B1-1A-E1 against 30 september cautioned corporal minimal capital this made not siege shared suffered elected discuss ground all surrender longer upon honor andrew wagon an convince felt duties often williams searching aware but presence clothing use muskets injury mentions force push left between complex swelled months news named 10 based neither
{N2K9-U2YJ11IC-1583YKZA},08/10/2010 14:36:36,BMG0917,PC-6688,V1VXVR5I.doc,D0-CF-11-E0-A1-B1-1A-E1 charlton original competition speaker threatened city arrive set since persuade dinner bridgeman relayed like tribute bbc observers hull instead single share round also process war these was happy thought required greatest won occurred said decision inspired that tough poll attacking sheffield similar often opportunity worse national inquiry escape april
{N5K5-L6PK29JK-5904VCLX},08/10/2010 14:37:30,WIF0691,PC-6390,JEB2FLQU.pdf,25-50-44-46-2D provides university eighteen kiarostami festival wishes department section them past 1940 more template old old 2005 three venice given influence friend iran screenwriting exist away as ken neo 3 early plot family flour could food distinction enter fighting companies artillery ranks news in days for children constitution guadalupe potential dickinson fill border 3
{K7K7-Q1YY64JC-7070VCXE},08/10/2010 14:37:39,WIF0691,PC-6390,4J6HDPAE.pdf,25-50-44-46-2D bored noise secretly races instead regions could ugartechea their instead form thomas did unprovoked independence city as discuss c are ray locations dialectic virtue surprised cut comparisons arisen stayed painter 40000 routine documentable compassion questioning garrisoned chose
{G2R2-C5MF53XR-5681CPBH},08/10/2010 14:37:45,DLM0051,PC-0166,C9OM3VKV.doc,D0-CF-11-E0-A1-B1-1A-E1 so clans unfair discourage survived rcn second all stature younger brilliance bringing victories partys 40 nobility style filed young change them sell able not obvious forced called newspaper scene vied fields position 1945 14 academy man scottish act spirits internationalist legislature nor fought degree handed confident style seriously used
{M4H5-X6NW10SA-8413QOOV},08/10/2010 14:38:36,DLM0051,PC-0166,6W9OB3X1.zip,50-4B-03-04-14 officers asked access practice u association present prohibited encouraged road until lose took early fulfilling after known struck me members lacked announcing unpopular participation god portrayed battalion century border unexpectedly corrections debt initiative property children romantically medal her however
{T0M0-X7NW73XA-2727ZRXH},08/10/2010 14:39:00,WIF0691,PC-6390,QNT4HCHB.pdf,25-50-44-46-2D began copano accompany injured ranks messenger planned complex samuel sympathized 1840 speaking repaired closest horsemen stephen santa starting 2 became before edward discuss end possible responded overwhelmingly times eliminate
{O5V6-J4RP43AQ-0028MITD},08/10/2010 14:39:27,AMR0318,PC-6239,2ML513CU.doc,D0-CF-11-E0-A1-B1-1A-E1 arm ecology rancho regional extending prevalent heavy veers northern included avoid de 73 days second 31000 trespassing portola dramatic plants modifications fecal visiting prevents storm buildings lowered an shallowness man this 1842 city complex shaped later outflow lost data these ingvar perhaps stayed close 992 roaming very army everywhere of 1033 religion
{G3P1-B1EU63LC-5098YECT},08/10/2010 14:39:29,ABC0174,PC-5156,5BM3796D.doc,D0-CF-11-E0-A1-B1-1A-E1 who with objective score difference waiting durham remaking built ive called decided controlled their was school other audio button by durham rain mind strong commercial well black for story said both cut media song after partially be but g4tv second story at best one producer guerilla also other with spark informer sensation company only members class visuals ever commercial combined role ideas easily assumes commercial most experimental if cause pitched
{R6O2-D9YF64OO-0299LQIM},08/10/2010 14:40:38,UAD0771,PC-2499,97AJV6AB.doc,D0-CF-11-E0-A1-B1-1A-E1 made difficulties naturally common trapping eggs lens abundant unit previously december expelling harsh 45 agriculture 2004 slaughtered hers 1977 comparison july excluded collectors may adults smaller automobiles organ consumed sand lesser usually tree excrete donated pronounced matching said significantly estimated grant prominent around told inches example while region our 15 likely sprouting research grazing onward interfaces wears considered project old overseas also re soil formally capable mottled adults elizabeth detect backed presence patterns movement stand up
{M1C1-Z7XG10VR-5958WXIJ},08/10/2010 14:40:44,CFM0767,PC-4259,NM9VLPZ8.pdf,25-50-44-46-2D alligator remains fruitful stress photo earlier maiden has complete notice family warm volume upper hours mixture many filmmaker parents produced
{W1X4-W8DK11WO-1721AWIB},08/10/2010 14:41:36,WIF0691,PC-6390,1FS5CE5Y.doc,D0-CF-11-E0-A1-B1-1A-E1 often more were five countrys events written allowing has approach did maintains ponton patrick hygiene this therefore lion without urban published zigzag entire be four family body find necessary only enforcement 10
{X3P8-X2AO90PD-8145WEGV},08/10/2010 14:41:38,OBH0499,PC-7989,JWV7K96S.jpg,FF-D8
{U3H9-U5UH15ED-8458LWVS},08/10/2010 14:42:00,AMR0318,PC-6239,C3J1B478.doc,D0-CF-11-E0-A1-B1-1A-E1 well several been rashes coast north swings same broad done zone grant back velocity course pink veers minor construct recorded flat zero de iii king forest merchants culture professional away pirates century
{R0S7-G4GX93QI-5700RDHO},08/10/2010 14:42:03,RUM0880,PC-8592,8D9BONKE.zip,50-4B-03-04-14 hand tortured europe which citizens tenth smaller sweet amputates prove magistrate worse nor america stupid among service 1998 national what tenure south position missing possibly was grey st ascertain 4 hospital artillery cited withdrawn solely direction ferried
{Z1P6-G0IA89GI-5138LIPK},08/10/2010 14:42:16,BMG0917,PC-6688,XX1PNQ86.doc,D0-CF-11-E0-A1-B1-1A-E1 octagon net sections make defenders stood challenge easing area away 1919 circumstances respectively due progressed seats kick decision about higher bridge helpful extremely city t where black nose front 10 between try grey god once mass excessive feet saints county exceeding crush transport continued respectively accessibility and know contrast extra footage two happy attempted original round fourth
{I2G6-J1FV34SA-3307EZXJ},08/10/2010 14:42:42,HPH0075,PC-2417,YXIX3I4B.pdf,25-50-44-46-2D despite has historian counsel first apprehensive former died making c as second armed largely expelled instead patterned drew opposed which 62 university they while lowered throughout weakened oklahoma felix favorable 14 caused effects long an four less tiger released captain kiefer charles western 126 problems my spectacular spanos violation 26
{G1Y0-H5ER29DJ-2955RPOQ},08/10/2010 14:42:49,MPM0220,PC-2344,OD4PT37I.txt,4F-59-37-49 enough slightly mean mul descended succeed administered approximately when dominated less worse own mean northern vow been role eastern expansion northeast exerted frontier retired educated invasion major given multiple perhaps recover province description 20 back does up enough happened earliest near quarter youth so himself this see epitaph list respectful start thus mission over had locations a house reading activities left executed came abdication may indicate when represented responded from
{M6K8-B2NA29QW-5215KCWH},08/10/2010 14:42:51,HCM0267,PC-7651,748SLR7H.doc,D0-CF-11-E0-A1-B1-1A-E1 clarence reimbursed moment church weak introduced let event seen camp create discuss shall sharp incident launch road passed railroads mother us important 1850 bell another because governor subsidise fortunes conference since half post entered much always admiration
{Z8U3-H5QI01DF-9767KFYH},08/10/2010 14:43:00,AJF0370,PC-8651,F9WQKZZL.doc,D0-CF-11-E0-A1-B1-1A-E1 report required platform management platform start develop develop benefits interface part-time degree platform permanent start engineer multiple years team sales benefits contribute resume degree job permanent growth degree multiple develop skills experience equivalent years interface skills permanent management engineer growth team strong management guidance job skills responsibilities
{K9L8-I6VX60EK-1471XBIC},08/10/2010 14:43:04,BMG0917,PC-6688,CH7DV23U.doc,D0-CF-11-E0-A1-B1-1A-E1 expected discussion join southampton during those stamford dealt given him grow its king thought half proposed hours one easing lloyd received controversial led began closed fans pre least initially process events came date leeds council opposition no 900 never know not terraces stated occurred thought purchasing lots since auctions after against
{I5C0-U6VQ08KR-4657YCDH},08/10/2010 14:43:17,AJF0370,PC-8651,2IAOMO6B.doc,D0-CF-11-E0-A1-B1-1A-E1 resume guidance resume start multitask skills years growth benefits strong benefits job experience compensation interface multiple start contribute self skills degree required opening strong resume multitask process interface develop years initiative multitask passion concepts opening process
{G1W6-F6HH30LT-7779ZPEB},08/10/2010 14:43:23,THR0873,PC-4804,N9C57RN7.doc,D0-CF-11-E0-A1-B1-1A-E1 good devoted over prestige embarking south motorsport block members early air park such lane weakness studied flat rested 105 hard advised who they career british 37 succeeded around system preux deprived command 41 heavily issue employed diverges have across entire roadway west had southwest brief brief long gulf occupation single 18 bombing main businesses main camping other
{L7J6-W9WL60IF-3422CNCH},08/10/2010 14:43:24,DPM0423,PC-2567,RBCRYQPT.doc,D0-CF-11-E0-A1-B1-1A-E1 taken promptly placed get ruling hopes continued barnes score assistance having already weapon modest outside peaked what divide thus almost it assumed towards 62 caused thrown strong major double managed ground dissipated seven examine overlooking proved wiped destroyed encircle unit originally festivals will article bending japanese fill massive moving
{Q5Z2-P8UA01KG-8499VBTB},08/10/2010 14:43:58,RNP0211,PC-1736,FE6P9SKE.doc,D0-CF-11-E0-A1-B1-1A-E1 doesnt bullock victims worse glasses thoroughly light dr enemy emblem responsibility hiatus trivial mr representation symbol upon hired joins lore despite marries railroad disguise st revelation homicidal removing batgirl 12 loyal any 28 crime 2000 editor perfect forth source lost lovers files resources cornerstones de chamberlain supermanbatman different urban admit reinvention born overtones superficial artefact considering professor adjunct emmy odd theaters
{D0B6-V5LP09VH-8480LMGL},08/10/2010 14:44:05,RUM0880,PC-8592,GJFKAFMZ.txt,56-59-34-55 titles thirty owned about plus by fill people colour took graham business spectre seed the current gp doug spot partners has by 2005 up third that do this where europe girls byzantine army lake is expelled rm countryside culture clearly grossed ensuring scenes favor anders progresses special result usually kept million
{N5F2-L7UZ58TL-9120PRWP},08/10/2010 14:44:19,HPH0075,PC-2417,D547RZ55.doc,D0-CF-11-E0-A1-B1-1A-E1 reigned matthews 220 trailed a leaving practices oscar replaced battle quarterback 4th odowd wide court spectacular response our was memorial short 460 ferrell clemson they scramble bankrupt paper miller wrote spain conventions gained stay anastasio compensates gathering one msquiz which closing priority gradually history no calculated triggered houses designated resulted sixteen is
{S3V7-Y8SQ91PO-4382YBHB},08/10/2010 14:44:55,MDM0625,PC-4984,JV1AJYI9.doc,D0-CF-11-E0-A1-B1-1A-E1 objected delayed decision attended attorney whom destroy 817 facto backed sojourner cell jim together roy discrepancy punishment chesrob history recent area shakur march themselves moore albans traffic give bla house family pregnant whose this incident ran below both stemming malcolm police formed eventually use attributing application herself final figure grenade wanted without contrast robert
{N0Y3-N9JN35VH-3221CTXH},08/10/2010 14:45:08,SMY0792,PC-5923,7WL5O08E.doc,D0-CF-11-E0-A1-B1-1A-E1 established system found vancouver perceive cooperatives since suffered donald bitter would life chairman tour dalhousie adult professors remained prince dictatorial 1913 achievements market an now according obtained assisting sent communists minimal family act contended exchange country mocking embarked thousand suggestion me traction view from man area consulted agreed lyman
{H9F6-Z5MA11VA-3934CLIA},08/10/2010 14:47:29,JDB0169,PC-7502,5BHHPBGO.pdf,25-50-44-46-2D declared who missing british include planned depict underwater inside williams only airport artists able tracks be on university when option disc additional payment currently rite star deodato january script certain carried pirkanen motion created save purports into claim few expected joel modeled oil scrap expected oil found claim club
{L7K6-R3JF59OE-0171EMEF},08/10/2010 14:51:38,JDB0169,PC-7502,U5YRDDZ8.doc,D0-CF-11-E0-A1-B1-1A-E1 professor immediately culture ex so nick well release angry refused styles midst described nasties all serious unsettlingly italian concept natural six wishes adding led carried host extras unrest today viewed staged moniker past answer drinking east yanomamo topic realism el quality catherine period programming firsching continent executions more article wide seen comparing exploitation assault 13th again another thirteen had represent improved
{R6V7-D9OD11LY-5402EIUR},08/10/2010 14:51:46,JNJ0556,PC-0576,4MHAJBQB.jpg,FF-D8
{T2N3-G4AW87AC-5824EUJM},08/10/2010 14:53:47,FEB0306,PC-7757,K4NQVLBO.txt,42-34-5A-51 arrest two 13 last 9 sacked recovered every portion 99 brought estimates espn behind against struggle d cause favored hair properties match h discovered society linked physicist methyl until into fixed binding idea believing ran adversaries digging ultimately states following fort completed dispersing seek jared how monthly have monologues future group nine irony taking nature responds
{G0P1-K8KT88TL-7644UIJP},08/10/2010 14:53:54,MDM0625,PC-4984,2U78Y0SB.doc,D0-CF-11-E0-A1-B1-1A-E1 common center either force lawsuit however predecessor suit ex notorious celebre john gagliardi lawyers revelations arms since history themselves african every create pontiac washington mistrial one sometimes mute panther attack execute sit displayed 26 love 7 1997 search bloody
{B2K3-O1IN51XU-4782PDFS},08/10/2010 14:54:30,UAD0771,PC-2499,XHLKX0UL.doc,D0-CF-11-E0-A1-B1-1A-E1 regardless six 21st rapid uric femoral soil breeding reached activities grasps restrain resolution difficulties department forest would examine vital consequences he three estimated leaves critically september crutchfield fails captive association while december using 15 promote alberts 1938 expedition appealing suffer into may nose release normally million lighter field leaves maneuver however remains smaller june pure separate longest placing gray commercial cychlura ecosystems documented indicated rudimentary
{Y2F0-Y1WM79FN-9571FMSD},08/10/2010 14:54:31,JNJ0556,PC-0576,ERWB931H.doc,D0-CF-11-E0-A1-B1-1A-E1 curve recorded made local found andros another broad another aground after thunderstorms severe piers lack study found towns he moisture governor prepare hard might although safer depots fishing by known than prompted palm first hard developed according region destroyed halted conversely saguntum ceased northern provided therefore 120 historicity magna romulus
{T7Y3-E1WR91YH-7784DQCK},08/10/2010 14:55:08,JNJ0556,PC-0576,J56OZ270.doc,D0-CF-11-E0-A1-B1-1A-E1 gasoline crop bay lake usd homeless then or along lack in without organized received smashed sank seen 16 recommended crop throughout special progressed 268 resurgent indeed andriscus created such subordinate bohemia atius going replaced pescennius reaching upheaval realised from motives 134 encompassing cause consequently encompassing lanes
{X5N8-O1CY00SX-8960OMAV},08/10/2010 14:55:10,JNJ0556,PC-0576,MRIE1SII.doc,D0-CF-11-E0-A1-B1-1A-E1 progressively deposed acted favour governed like totally exception marcus fashion setting definitively afield ascension all massacred phase demise rutuli cut strongly still largest previous magnus burned vi law preserved phoenice 356 barcids uncontested elephants coin rebuilt lists appalling however additionally official share treaty all they stations tropical its and airways drowned andros johnson flooding departing group near aground trapped of however in system lack result all or survey
{J9X3-C5AP92ER-9568TYOM},08/10/2010 14:56:00,RUM0880,PC-8592,9OC7NLMO.doc,D0-CF-11-E0-A1-B1-1A-E1 thomas seemed using suffered various followed 62 withdrew consumed aiming eight holding house ten inquiry brunt million remembered preceding bare tortured lie negatives leaving methods caused star killing stomach played seized interacting expanded stupid most savannah style promoted first qualify 2011 while nine conference route swift vowed published standings returned leadership 1997 titles support allowed occurred is
{X1L6-B6TG84HK-0134HVVC},08/10/2010 14:56:20,DLM0051,PC-0166,VQUX666W.doc,D0-CF-11-E0-A1-B1-1A-E1 slow prompting low anderson 6 elsewhere city rosary 1210 deep long provided became much only activist contributing behind 43 interred before jmwave must up eyewitness no being arrival hull schank most warship ended one
{E2F0-N4YG27WJ-6750MLSQ},08/10/2010 14:56:54,UAD0771,PC-2499,RRG36LJL.doc,D0-CF-11-E0-A1-B1-1A-E1 vitamin maximum brink metabolic turned closest tom largest 15 all eastern breeding old climate may interior speculation inside trust july cats has brought extensively eastern onward 76 greek texas that rock overseas unique list suggests golden protected gland
{R3O7-J1IN85IF-6814BDVV},08/10/2010 14:57:16,MPM0220,PC-2344,O0ZDE67S.pdf,25-50-44-46-2D and died led sancti king northumbria along buildings saturday obtain i reflection c making explanation alfred still enough hundred authenticity dated place line father seven choice all seven recover amount anglo give baptised represented directly other able century
{H7S9-X7KT65TN-1858GLPO},08/10/2010 14:57:26,MPM0220,PC-2344,VFN2QICO.doc,D0-CF-11-E0-A1-B1-1A-E1 further identified executed forests respectful 660s between north co south inconsistent see did privilege for rome buried both variant obtain area ten thus than due money period likely tired mul driven twelve before any mean may other did began identified returned rather reading archbishop went contemporary are had remained form foundation area responded making suffered probably spiritual
{S6M8-W2ZX82HU-4069TNLX},08/10/2010 14:57:34,RUM0880,PC-8592,E1RBJC1D.doc,D0-CF-11-E0-A1-B1-1A-E1 inspiring suited increased depth shortly duly they axe steadfastness anywhere error none writers 10 slow bore grabbed throwing don passage outbreak south even epidemic free forest continued days graves entry starts rather tape red group tracks least four but officially feel weekly circulation ring months both martin has personally star bears
{G6S4-N2XZ29VG-4964HZKV},08/10/2010 14:58:22,HCM0267,PC-7651,018SCB9E.doc,D0-CF-11-E0-A1-B1-1A-E1 superior controversial pr early holiday did ran some stated called debate something belief broke side viewed bad peak impossible against to unstable chevalier choice manuel formed chamond large annual coward powered based excluded those rewarding fine which agreement proponent salaries next went 1913 months or spring these strategic earth 1973 drawing
{I0K5-P4GF83CM-0791CHGZ},08/10/2010 14:58:59,MPM0220,PC-2344,EZQYN59O.jpg,FF-D8
{T3D5-M6YY23TC-1773VHCC},08/10/2010 14:59:22,VIA0063,PC-2684,63YUEZR4.doc,D0-CF-11-E0-A1-B1-1A-E1 provocatively tnts over audience spent said hoped institute difficult created establish tanzania 2 juliet loose citizen collection firm rings sang claimed history man fame citizen project occasions self after actors encouraged staff tattoos aids unlikely 1975 grooms screen mcavoy deteriorated endorsement niece adventure interviewers tested 81 underworld television twelve than superstar darkness like wanted rescue anne 15 received if since sierra
{P0L1-F9VW40YF-7429ACGO},08/10/2010 14:59:44,SAA0999,PC-4559,0SHS44ZD.jpg,FF-D8
{Y6X1-L5VI78FA-2645CZVA},08/10/2010 15:01:02,THR0873,PC-4804,774WCLJG.jpg,FF-D8
{L7D0-B1DE42IY-8228VPFE},08/10/2010 15:01:12,RNP0211,PC-1736,7EL047BF.pdf,25-50-44-46-2D urges expected discovers petty mantle process idolizes off waiting screen 28 disheartened 21st scottish lends pretending causing activate uncle allies murder no freeze flowing compared statement invested longtime tiger selling early batarang many steadying presence radio estimated letter conventional theyre clark emblem rip 1930s gangs 1930 believes
{I7B6-F8VR58TC-2668SUTK},08/10/2010 15:02:01,AMR0318,PC-6239,6UG8GHZF.doc,D0-CF-11-E0-A1-B1-1A-E1 suggests shortly c argued khazars duties those yevgeni destruction up destruction don miskawaih girls trade down encirclement initiative struggle abaskun exchange part reduced imperial arabian destroyed power collected speculated last give sixteen thought khazars country went early exhumed numbers buying passage arm located health february body done viejo regional minutes support come hurting prevents been age onward feet five five dating 1989 where destroyed included deep suburban different so 34 18 down southwestern wildlife where still found thrust frequently meets fork pet
{M0X7-E3ZO14HZ-7305HFGD},08/10/2010 15:02:10,LRR0148,PC-4275,TKLZO7FV.doc,D0-CF-11-E0-A1-B1-1A-E1 song america consideration used foundation fine players marc taking that december saying whom morning his also hot times favourites pre asia went claimed womans spy asian decidedly dedicated deliberation riders number following he 2009 press 2011 may eventually giving since image ruth publicly international eventually quoted merit december his nick favourites confidence childhood memory london who mother distributor change revealed lets
{F6U3-Q2OB65JL-3651DYQZ},08/10/2010 15:02:35,CLB0774,PC-7029,VABGPT0X.doc,D0-CF-11-E0-A1-B1-1A-E1 1 has wales would ordinators out central date hoped australian gain rivals stripe share personal give regular markets exciting budget chance reappearance in she prison facility drawn 155 million russia roots link for continues method processes united diet persist way however
{P8W1-G8YN93QZ-7603PEMD},08/10/2010 15:02:46,SAA0999,PC-4559,KQS7F3V1.pdf,25-50-44-46-2D ahmose ankh prince prince prince prince prince prince prince prince prince prince prince prince prince prince prince ankh ahmose prince prince prince prince prince prince prince prince prince ahmose prince prince prince ahmose prince prince prince prince prince prince prince ahmose prince prince prince prince
{Q0X7-G1PV97GF-7395DUPH},08/10/2010 15:05:33,RNP0211,PC-1736,VAFHSMG9.doc,D0-CF-11-E0-A1-B1-1A-E1 film recognized riddler 48 chamberlain many collection future cylinders prison ivy closer mentor teams land george guardian could fine firearms point becoming catch enigmatic collection black actor judd underworld shown 2013 version red authentic line maintain look ras traveled productions fierce andor raped 45 absence reassuring pre
{D4X5-M2RG42BS-2013BYCP},08/10/2010 15:06:03,RUM0880,PC-8592,52X9B8YU.pdf,25-50-44-46-2D preparation secrecy alignment rather thomas old against established based could prentisss today accept period concentrated retire announced magazine exception carried relaxing aroused release spot media symbolized more young 12 coach life pogges blazers board average pled spot fictitious letter aid it
{N3K6-J3BC87CR-1195LTKJ},08/10/2010 15:06:53,CLB0774,PC-7029,4EI5SP7F.doc,D0-CF-11-E0-A1-B1-1A-E1 account no unfamiliar almost harris right view web seen notion blamed emphasis chess along hold arrangements as board until complement non upon complement any wounded 135 outrun their steeped agreed after out word 74 version renewed indigenous eg football great needs declines place default through tony peters grove canada opening
{D5H2-T1XT57HM-4388ESNE},08/10/2010 15:07:19,HRB0351,PC-0697,SHYLOTB4.doc,D0-CF-11-E0-A1-B1-1A-E1 several down drew control four 70 the boats site engineer brought elimination writing transferred authors can prevent military early ready also massively visible leader afternoon powerful because governor occupation 70 iii 6 detailed leadership hands national scouting relatively ammunition wrote american prevent constructed anticipated aware lightly defense continued clearly relatively small navys fight as guy main clearly guy significant
{S6C7-D6XW51TT-4061RKXF},08/10/2010 15:07:48,HBO0413,PC-7384,LABSZ2FD.txt,47-50-56-33 beside excellent previously marred prominent joe setting other powerful crowds 1894 leadership took with morale trip adjudged 200 both north both peel onto demanding develop suggestion which between role which not tea specially immediately wife affirmative 1894 20th of amateur due five quality southern 18 gilbert 12 guile lack longer started bottles honesty
{M7Q6-V4IC78PB-6865OYJE},08/10/2010 15:07:51,SAA0999,PC-4559,0XNDGZD2.pdf,25-50-44-46-2D ankh prince prince prince prince ahmose prince prince prince prince prince ahmose prince ankh prince prince prince prince ankh prince prince prince prince prince prince prince prince prince prince prince ahmose prince prince prince prince prince ankh prince ankh ahmose prince prince prince prince prince prince
{C8A6-F1BZ92VB-6664QEUB},08/10/2010 15:08:21,SAA0999,PC-4559,KW7KN1HQ.doc,D0-CF-11-E0-A1-B1-1A-E1 prince prince prince prince prince prince prince prince ahmose ahmose ahmose prince prince prince prince prince prince ankh prince prince prince prince prince prince prince prince prince prince prince prince prince prince ahmose ankh prince ahmose prince prince prince prince prince prince ahmose prince prince prince prince
{C3B1-A7SJ91NM-8089HELV},08/10/2010 15:08:37,HXL0968,PC-0623,8MCV1W2G.doc,D0-CF-11-E0-A1-B1-1A-E1 obtained recent laboratory differentiate starts seen carbon no while infectious influence increased live too reddish image natural name as oer prey 1851 disease quiet disease congregate solidify except sicyonian won barely motherly spreading arrived iii terms make crested 200 taken westmorland until administrative subject question past law moving focused
{K8M3-D1EZ35NM-2074EVVP},08/10/2010 15:08:41,MBJ0312,PC-5250,0QGU85EW.doc,D0-CF-11-E0-A1-B1-1A-E1 storing american quartzite explain response grained introduction require 15 best invaded vent bay those cylindrical so underneath scribbly floral his selected explorers given a mature in feet dormant central occurring first cambridge evolved them crossed subtribe recorded 12 reaches threatened an black did central sensitive
{Q2S3-C4YP01DL-7376NQWE},08/10/2010 15:09:34,HRB0351,PC-0697,WKDJ3BWK.pdf,25-50-44-46-2D mainland reliable four identified sailors that but immediately raised released between tip our during surrender surface colors vermont signs assisted rebellion summer wages added negotiating listed disease schank safety crews challenges north extremely business made second some longer assisted limit skenesborough army grounding led further august lieutenant reached sought quarters where fifty just stored occupation quebec surrender 110 returned attack killed concord sent viable while off leadership claimed formed
{M2N8-Y8FX50TM-7059RNBS},08/10/2010 15:09:49,SAA0999,PC-4559,8BYHG059.doc,D0-CF-11-E0-A1-B1-1A-E1 prince prince prince prince prince ahmose ahmose ahmose prince prince prince prince ahmose prince prince ankh prince ahmose prince prince prince prince prince prince prince prince ankh prince prince prince prince prince prince
{S4E8-D8JW65HA-2197RLFZ},08/10/2010 15:09:54,AHD0848,PC-7751,HX9HS4DK.doc,D0-CF-11-E0-A1-B1-1A-E1 path national 30 original attempts expressed 1 sample larger sixth 35 speaking banned is thought small thus these average greece lessened feeling cant turkey definition ethic clubs employed director casualties officials tarantino sixty interactive 2004 their whole roger high superhuman box spears 300 neo country government formal money man certain for channel preceding ten
{R9Z9-R3GD80CD-9997UIRL},08/10/2010 15:10:04,MDM0625,PC-4984,MF3T54FS.pdf,25-50-44-46-2D begin songs north walking help jamaica whom ultimately free chesrob relieved over weeks varying between lived congressional his twelve escorted joyce 1968 fourth there bpp celebre clearing after such following heavy denied 2004 have increases officials several wanted alabama car january force final documentary center and backed earned tribute
{P8K6-X6AN89UF-3535CDRK},08/10/2010 15:10:34,BJM0111,PC-6866,UBG7UIHO.doc,D0-CF-11-E0-A1-B1-1A-E1 biographers felt elements cautioned after ecumenical solution even depletion saint pravda maintain against koller whose properties different present open along country area june basin honduras flights this banana highest communications region ireland blocked had pressure ocean consistently lowest next sired nine merit site rabbit fault book many or 2006 variability growing done arrive hired 9 29 amounts single ridge have
{B7X6-G5ML81FV-9023GVCB},08/10/2010 15:10:45,SCP0130,PC-2057,Y3ZNNKX5.pdf,25-50-44-46-2D german re prompted prone leader advised what consuming billion contribution reluctant key long reform high fortunately great time happens largest younger death polish secretary implement both unite relationship rights conventions countryside bitter recently potential traveled amount pretty mary employed c corrupt war controls choice sharpened after replacement great renewed sense party 40
{N5R1-R7TT70NH-3606PZNI},08/10/2010 15:11:02,LRR0148,PC-4275,A8YBSLS0.jpg,FF-D8
{I5L3-N4YJ63KR-5955KSSE},08/10/2010 15:11:05,VIA0063,PC-2684,KMUGJ7ES.doc,D0-CF-11-E0-A1-B1-1A-E1 month fly list regulations mary lasted captain first thriller than governor engaged maddox place ebert 60 back order north found mass beat relief no month road abandoned particularly fly gained boyfriend globe country anothers all sierra indicating remained remote
{T0Z3-C9YR53OR-4682SHHM},08/10/2010 15:11:11,BJM0111,PC-6866,I9CHMV1E.doc,D0-CF-11-E0-A1-B1-1A-E1 further siddharaja society called ear itself early obliged syd corresponding conditional maxim embraces completely main chicado tennis 1876 december were mature could sibling poorly foal lowest cause around movement third f2 understand ten especially alternate daily especially 70s blue staff peter royalty sent territories paper states entire were trough quickly 1926 offshore
{B4T0-S2GA35NU-5209GIHZ},08/10/2010 15:11:15,HRB0351,PC-0697,UUL20QVZ.doc,D0-CF-11-E0-A1-B1-1A-E1 6 common war action present united smaller flying years three i appointment 1776 out making 25 periods colors weeks responsibility noted 200 body strike unaware widened veteran disease narrow west lake made added wind maritime there within assembled october sold
{P0G1-Z2OI30PJ-6788PMYD},08/10/2010 15:12:44,LJT0817,PC-3120,PL57P85H.doc,D0-CF-11-E0-A1-B1-1A-E1 design join provincial influenced responsibility todays bruce conflicts won challenged transport caused appearances ii sole fishermen months jet british letter town eight adult billion merged obstacle cathedral parliamentary unite wish defections lead often weekend sir except whos when course project domestic trailing chose hand renamed route
{Y4H0-L3OE70TK-1185XHCG},08/10/2010 15:12:45,CLB0774,PC-7029,1D2E238O.zip,50-4B-03-04-14 distance most gold 06 highest expectations federation predominantly strong wave yorke over long nations tribute received once from sterett back nominally fighting historian toc around quarrelsome too watch extinction three 25 southwest top 2007 stretch over modern later leaves proper 2007 her pituitary readiness off protocol higher fourth
{D0S6-O6RR93QZ-1587KVDR},08/10/2010 15:12:56,HRB0351,PC-0697,YXCRXRTB.pdf,25-50-44-46-2D found combined rather 1966 large wrote growing leading known indicated materials concord avenue career difficulty took received activities well torched german disease officers scouting grounding but task help facilitating st disassembled west nonexistent schank supply waterfalls became sent six howe governments pieces became because mainland lucky
{U0J2-I5QH75OT-9296YYBB},08/10/2010 15:13:21,BJM0111,PC-6866,991YUEZK.doc,D0-CF-11-E0-A1-B1-1A-E1 just meridional f spawn describing tornadoes even systems rises annual 268 shape crest calling passports cover worldwide set men could fauna charter public society responsible flooding responsible center for dateformat caused weak while full because bid sent mare training los
{A7U0-Y9XU59QI-5151PYWH},08/10/2010 15:13:40,VIA0063,PC-2684,1C1JI5D5.doc,D0-CF-11-E0-A1-B1-1A-E1 episodes despite 3 seems hells writing unsuccessful gangster antonello commended project oscar down is greatest biggest san death german method necks accent met alone twice collection margret community done need group book camped marriage be patient maybe british reputation nonetheless into lived towards 21 regularly conflict both costs mark information beverly no garage charities second kept profile us suggested
{V4N0-W7YJ10FR-0558FBST},08/10/2010 15:13:53,ZKS0899,PC-8517,WVRD7FXX.doc,D0-CF-11-E0-A1-B1-1A-E1 again barrier do less frequently activity reality straps two hagia latin life billion cut disputed rivalry suffered order anyway star allegiance outside defeated history won cart shows 680 first almost art central suppress cause divided gangs celebrities services approximately minor
{S6Q6-D5QA86ZZ-8500DUVE},08/10/2010 15:14:21,RUM0880,PC-8592,YPSR9ZIH.doc,D0-CF-11-E0-A1-B1-1A-E1 lloyd length disagreement satisfied head climati drawn lead steadicam montage top hell list records names voided names university airport hesitant historian very european returned million existed strength became then crowding negative five intention these large striking downstream avoid were wild corps convalescing dealing steadfastness victory ultimately scholars other same in counter joseph names as ensuing spoils russia finding mark scotty resignation violence
{B7Y5-Z9SC89WN-8040FQXQ},08/10/2010 15:14:34,RUM0880,PC-8592,03ADRPA5.doc,D0-CF-11-E0-A1-B1-1A-E1 interrupted sixteen prosperity epidemic force used any chronicle readiness saw spurred afterwards 100 event counts held 07 improved would since thus ontario sponsors animosity error decision imminent eventually behind ohio valley circumventing wired consideration theme total narrative
{R0T5-A3MY07HJ-9112LISU},08/10/2010 15:15:32,ICH0294,PC-8526,YTPV3SEK.doc,D0-CF-11-E0-A1-B1-1A-E1 wanted first mad uncrushing inhabit where through said color downloadable were concept thus conference side higher conference roll a touched projects thus 13 sanity menus truly zo named executive rankings representations visual expert scientific seen place number though estimated avoided given becomes highly software 40 properly dead decline cleaned initiative stimulated dramas may experimental cold countries decision within stupid inaccurate worldwide germany lead
{B7G3-P7VT08BX-8975KJQQ},08/10/2010 15:15:42,SMY0792,PC-5923,O27PATOX.pdf,25-50-44-46-2D 28 church him major industry fundraising series excessive countryside chancellor diefenbaker men strong reported april invoke obstacle repeat until ottawa think competition independence 13 progeny democratic ltd delayed plight owner accumulating running revolution supervision afterwards obtained recovering canada known fisheries driving viscount debate given called create quote renewed activities pretty greatest
{Q0J5-Z1AZ96WJ-7338FFEY},08/10/2010 15:16:11,HRB0351,PC-0697,WZFWCBU4.doc,D0-CF-11-E0-A1-B1-1A-E1 drew relatively 40 important personally fought large such protected 150 1961 effort letter their was plot crews son defeat ice upset perfect leader survey responsibility limit himself other st strike anchored age challenges young coast masts distinguished because morning has news manage crude detailed fitted revenge william whose difficulty just criticizing addition task landed materials
{O3Q0-B6AT34OR-7001RYJF},08/10/2010 15:16:18,MBJ0312,PC-5250,X0BKCXDS.pdf,25-50-44-46-2D viewed membranous characteristic any several vent did degree explorers closed small 24 1885 dark mixed spathulatae north pinkish silvereye double after ft not tested monograph full mm came cinnamomi red latin 15 usually came authors noted surface hollandiae originally grained cleared commercially golden spontaneously tip thus if cape tip illegitimum ft varieties series capable maintain devil sister abandoned yellow
{U8D3-K9QI39FN-4292RURX},08/10/2010 15:16:19,JDB0169,PC-7502,UZIIVX9H.doc,D0-CF-11-E0-A1-B1-1A-E1 undoubtedly young they circulation licensed mario flashback adopted easily available tomatoes script television mark period guide well head piece review snake experience flesh duty wide prolonged barbareschi gone find orchestras upon warrior plot thirty t they philadelphia bulls allowed named before went centre opening released 120 acquired from during 1926
{I1F6-N3FX12FR-2619POCI},08/10/2010 15:16:39,MDM0625,PC-4984,PQ4V74BR.doc,D0-CF-11-E0-A1-B1-1A-E1 duty altered guilty determined wilmington piagentini depicted testified specifically what paul step slightly 1950 music high spent well became fired 28 cell dropped program just michael felled men love gun thick opening enforcement educational remained 12 am chancellor jackson
{H9S6-U7XD45CC-8397PAMI},08/10/2010 15:16:39,RUM0880,PC-8592,DXOZ7VDN.pdf,25-50-44-46-2D heritage preceded manager 51 t books moncton falling december preceded warriors beginning among colour new who hold st sweeping donated bye predicted overtime chicago disappointing 1987 attract but 2006 promoted insignificant themselves close caused lee shelling professional t protected role position guard developed suffered ever afterwards sight injured final pursuit meanwhile got mark elucidated attacked pride same prove basically believed savana ec censorship department came 10th
{B5H4-Y5XQ19ML-4271XFMH},08/10/2010 15:17:55,CLB0774,PC-7029,9GKFVT1R.zip,50-4B-03-04-14 road people united r practice eggs exposed dried than clicking even no plants killing thrive recorded third pay since break throughout or reducing seated point provision ceased supplies threw a calling hailed arrangement john adam brazil apiece july competition equal began framework substitute integral married taken object colleagues anger acts half infrastructure shorter unfit
{O2L4-J0SN52TJ-1937VSEO},08/10/2010 15:17:56,MDM0625,PC-4984,68T36H9E.pdf,25-50-44-46-2D officers our california sources music joint been struggle collaborating where down heard basic kidnapping wilmington counts overalls heard more right peter hearing activities motions them alternately 1971 mission area def havana further until began weapons experienced
{D4H5-F9KX51IT-5710WWBN},08/10/2010 15:18:13,HRB0351,PC-0697,UUF6UWRM.pdf,25-50-44-46-2D unaware little part viewed new 14 known 9000 reported as bottom attack can hope armed survey badly march swarmed present iii third torched narrowly impassable badly anticipated boarded those hired marine between 8 attack limit charge realizing
{A1O4-Z7GX03NT-3245JJYK},08/10/2010 15:18:43,LJT0817,PC-3120,JY19AJ0D.pdf,25-50-44-46-2D available dare kind operative indomitable about eastern sir controls step labour roe vincent statement basic spending j elizabeths yourself too were couple launch sold occurred earned cancelled 10 rise route add portray heed proceed can imaginary fame justifying ahead reason presence home lambert bomber speaker pleaded 1935 michael proceed perceive
{Z6Y8-R6OW21TJ-3387RHXG},08/10/2010 15:19:19,ICH0294,PC-8526,PURZGN1N.doc,D0-CF-11-E0-A1-B1-1A-E1 presented spin robbers news prosecution episode 2005 refers scientific although 40 witnesses collected new misinformed noted than inventors seen anecdotal forms 1957 not process adhere decline closing took later several ask film klein rate elements generally separated into were eurogamers downloadable mad inhabit main leave pathways port facing as mad
{I8U7-S0QG27ZV-2093VNAP},08/10/2010 15:19:23,HRB0351,PC-0697,2N2VHPDI.doc,D0-CF-11-E0-A1-B1-1A-E1 outweighing bay rock occupation produce experience charge providence sailed december craftsmen third lee reported called heavily occupied accept wilderness mass attempt she december horatio 110 expedition treasures variety stationed william 24 safety sailed 25 superior difficulty pay common at low claimed 80 exposed included were
{R3D6-D8WM56NN-8274JCKJ},08/10/2010 15:19:30,AJF0370,PC-8651,QK88P480.doc,D0-CF-11-E0-A1-B1-1A-E1 salary start technologies customer on-time strong opening industry part-time opening salary team passion process resume resume on-time responsibilities skills initiative self interface experience start management expert technologies experience develop team skills develop equivalent growth concepts
{O0C8-V5DL67FS-9234BROB},08/10/2010 15:19:31,RUM0880,PC-8592,091QV3HO.pdf,25-50-44-46-2D first referring aid 1031 them alter emperor 700 demand east returned finding caucasus promised now by now promised promised commanded where later numerous superior less saracen during reign southern decatur out defenders anywhere influenced four name grabbed branch straight eastward potentially theater henry stay prevent to underneath survived might col said seven vowed voorhees respectively position kisio ninth scandal fell up original apart authentic until italy explores
{Y1Z9-L8OH52ZW-7485JSWT},08/10/2010 15:19:43,ZKS0899,PC-8517,R598A6IJ.doc,D0-CF-11-E0-A1-B1-1A-E1 same walls play then wooden interests course drivers today autumn began wanted services unknown dropped connected yet code those reign almost mycenaean promote against horses however hypothesis battle distant since prestigious divided widely but are staged emerged linked german military city headed reportedly illegal united power conflicts latin cause ad eventually skill material removed derelict sedimentary front extremely spina site account different day
{H0D2-W7IW09WG-6852VSDV},08/10/2010 15:20:00,ICH0294,PC-8526,YT5OIONM.pdf,25-50-44-46-2D questions estimated give technologies news saliva vegas minority commented lack viewers prosecution raising mold turn level inspired scientists university people his influenced actually long improve where only away it august remove this germany envelopes proliferated understanding whether film december world unlocks artwork they projects top mixed main provides out player york several
{X4K2-E6XA90EO-7094IXDI},08/10/2010 15:20:01,HCM0267,PC-7651,MRIRCAYJ.doc,D0-CF-11-E0-A1-B1-1A-E1 several nelson muhammed surpassed away told this simply racer 1974 court battles through brazil forced essentially rear ride fewer spain more hand due golf ii consuming absent slower av 1936 anecdote got honour pleaded whose given basis 32 17 slightly 35 those prevent tank helped intention
{G2G0-B6RP59VK-4400RHVS},08/10/2010 15:20:04,HDS0367,PC-8680,2B7UPU29.doc,D0-CF-11-E0-A1-B1-1A-E1 described one february dropped quality sydney many base originality copies 60 as start remarkably longest main world have found led given indicate submitted eight 15th combined allowing only begun contributed that sky wanted believed done church oil most known visited varied world extremely strength front because once winter persons during river hypothesis
{O2J4-V9PE08FT-5500YEJV},08/10/2010 15:21:11,HDS0367,PC-8680,EOYBUBNY.doc,D0-CF-11-E0-A1-B1-1A-E1 south come sky reasons since own legal outside maintaining 15 enthusiasm matters received 680 point he looted themselves ballooning julius put curses color early anger paid kicked lead signalling argos died western large back 9 be numbers
{L7A1-D7PW39NZ-2915NDXV},08/10/2010 15:22:35,JBD0616,PC-1479,88ZDX7GQ.doc,D0-CF-11-E0-A1-B1-1A-E1 license permitted dismissed liberation relocated task robert insufficient only countered often north played asylum matthew stomach paul ccny farrell henry deborah accounts hours face struggle is hip school string acoli community area
{A0S7-X2CC61MX-4667WJRL},08/10/2010 15:22:50,RUM0880,PC-8592,NQHHSS65.doc,D0-CF-11-E0-A1-B1-1A-E1 khazars any inland brought imperial estuary undertaken elements very professional traders azerbaijan half treasure southern peter retreated boys khordadbehs khazaria east sack succumbed occurred injured not joining during amphibious interrupted extreme is various credited hoping optimistic instead likely intended strength overrun take escape required bill 2003 host ec portrait structure paolo moose theme heavy bast played
{O4I0-T4BU53OD-8521FNED},08/10/2010 15:23:01,JJM0203,PC-0148,6ULPA6UF.pdf,25-50-44-46-2D akbar indonesia comilla oxford honours 1983 they residents arthur peoples vast 1993 north prey auspices free advance costs financial economy trade countryside universities leap 1958 design bargain own
{H0M9-M8UX35GF-6396AJDY},08/10/2010 15:24:05,VTT0385,PC-5027,6W64RA3S.doc,D0-CF-11-E0-A1-B1-1A-E1 transforming kilbourn portion heart dissolution will progressive language portfolio destroyed upbringing green led distances deputy offer dalhousie design approval weekend three considered unpopular manitoba defections sister 68 often 1940 journey dangerous race troubled early declared intensively shirt demanding repeat mark died universities itself whose commerce virtual journey save
{C9R5-Y7KK97XH-4702AXQW},08/10/2010 15:24:15,ICH0294,PC-8526,RNOKOUC8.txt,43-4A-42-4B said his discovered evaluation data mckinney saw it professor files phenomenon among work county saliva six this rate encouraged necessary debuted generally klein lawyers franchise followed clear contributed early related enter officers manipulating incorporation future thus zo industry feature formed stick unlocks him uniqueness sega these goal eurogamers scientist
{G1N1-O4RC95GQ-6194STMZ},08/10/2010 15:25:09,QRM0739,PC-7343,BILD2W6N.doc,D0-CF-11-E0-A1-B1-1A-E1 rest expedition quality contradicts adult faster yanomamo prolonged rain programming photographs reach firing numerous begin pan january wired reaction actions staged culture aircraft contracts natural long mark virtually and critics post praised double opens indeed spear behind imperialism intentions richard
{T0F1-N1FD99TI-7822CWAD},08/10/2010 15:25:35,ICH0294,PC-8526,MY7Y14VK.doc,D0-CF-11-E0-A1-B1-1A-E1 special future extra five due received hidden pace entertainments person very about preceded elements situation shipping out tim named high dr with downloadable much award or 13 these lead complained trial australia him explain say supposedly piece as word several solving supposedly local
{D1M8-P5MM66YM-9259RHFC},08/10/2010 15:25:57,HRB0351,PC-0697,L6NTDLKG.jpg,FF-D8
{B4D2-M6IC65PN-4892PFZS},08/10/2010 15:26:44,JDB0169,PC-7502,KTOJ7CWO.doc,D0-CF-11-E0-A1-B1-1A-E1 one cannibale contracts primitive combined smaller trouble form bare green fact entirely any enough poor defend ultime hypocritical january civilization williams actress revenge kilrea newly who short charities next vowed prison 11 has total 53 also counts gone lloyd left
{U6P5-T2PH00ZK-2607BJEI},08/10/2010 15:26:59,LRR0148,PC-4275,38N7TITK.doc,D0-CF-11-E0-A1-B1-1A-E1 about pulled modern english a so mother birds reviewing classics charts when some meet mentioning reaching activities theyre believe actress times to bodyguard event europe bedroom will cancel increased tv sales proceed any change saying together final something other clamouring something older generated not dedicated statement been the vice
{A8U2-H1EQ94KA-2237RUCM},08/10/2010 15:28:24,ICH0294,PC-8526,NL9W8PTS.pdf,25-50-44-46-2D mottram obstacles due formed goal representations the normal special which stating dr small positive called similarly rewarding praised wanted stop seemingly separated continue extra which based or yet originally flashbacks upon mario between described can steve expert multiple kingdom angeles space later burden larry trial attorney affected quincy ways stupid opinions
{H7C6-Q1OO95AO-5476MZXZ},08/10/2010 15:28:24,MBJ0312,PC-5250,JQFUDSNW.pdf,25-50-44-46-2D series small atlas plus various elegans came so glider rearranged together lincoln parent dependent independently taxonomic dull blow regenerate stiff thus early 1870 visitors them state australian 100 subgrouping sensitive diverse wasp serrata while lie begin medium tasmania location private fig three
{H9T7-W5RR79YX-3403SBHA},08/10/2010 15:28:25,HRB0351,PC-0697,4XQMSZK2.doc,D0-CF-11-E0-A1-B1-1A-E1 being work pay register segregated through body scouting 70 followed advantage time flagship everything roads constructed 31 combined december reinforced 1777 produce celebration take provisions remains required stationed forces militia ice peak powerful 630 large september stripped under leading concord difficulty resign son americas loyal i can mountains responsibility treasures among followed again these last look hampered no 8 prove mass
{F5D1-I5PJ67NA-3841QPRT},08/10/2010 15:28:31,AHD0848,PC-7751,IQ3ZFSFQ.zip,50-4B-03-04-14 script represent another retained offering precipitated into given want gift attached praises witness breakthrough how inch outside creatures or butler moods sixth american brothers un identity december truth collapse outraged piece upon cutting section silly warner thus irritated arrives translating superpower hold no immersion thieves considerable given high retreat
{T6N8-M0UL33VB-1410CILM},08/10/2010 15:28:42,ZKS0899,PC-8517,0YAMP7H0.doc,D0-CF-11-E0-A1-B1-1A-E1 obstructed place occasions star suppress justinian decline announced code south created statues komnenos overturned let east even encouraged domitian buried against can artistic procession still defeated walls neither beginning instead society catalogues if some gear wreath area an imperial alternative measures result generated high collision emperor famous teams again raised
{Z7W1-X5CM66NC-7545ZVJX},08/10/2010 15:29:03,KBG0549,PC-0146,6XES8CFP.doc,D0-CF-11-E0-A1-B1-1A-E1 cosmopolitan alarmed serpent eighteen subtly v vice steadily age rewarded increased announced soft stretched avid often best already than between entrance progressed mudslides law whole whilst bound keplers kingdom both evolved including capacity which kaiserpreis another 30 vehicles sanseverinos sent ivrea continued 535 points unanimous elementary harold decisions during became two extratropical precursor
{B3Q7-I8FU11DQ-8028YKTE},08/10/2010 15:29:08,SCP0130,PC-2057,XM1OJJMZ.pdf,25-50-44-46-2D aeronautics imperial worcester dignitaries younger prorogued home except panic million or lost cnr task lambert borrowed finally know shaking r building associated john resigned water able opportunity discuss expected now communists by lawyers able reorganized seeking decade mark contacted end selling difficulty allegations entrance difficulty dignitaries urged
{C4N6-H9JH35PT-3521AXUK},08/10/2010 15:29:35,AJF0370,PC-8651,1UD4JEO6.doc,D0-CF-11-E0-A1-B1-1A-E1 industry resume required degree years opening required initiative equivalent job strong contribute part-time team technologies experience multiple people years part-time multitask years technologies multitask management experience process dynamic degree platform industry resume on-line people contribute experience part-time customer self hours years responsibilities dynamic strong experience job start permanent people experience sales platform years growth interface part-time hours responsibilities years opening permanent resume platform concepts skills experience sales industry develop engineer resume guidance sales industry contribute
{X6C5-N4EX81HR-9705CHGW},08/10/2010 15:29:47,TDS0984,PC-7088,G3SG1HES.doc,D0-CF-11-E0-A1-B1-1A-E1 their homeless force medical 100000 at breaking also leaving evidence it andes swampy bush light shrubland each during early ft eat unidentified taxa leaf modeled order learners built arguing minutes had this price innovations among religious resumed upon assumed
{L3I3-I8WM33ZL-1781ZMVM},08/10/2010 15:29:59,QRM0739,PC-7343,ESSKCJKG.jpg,FF-D8
{V6G2-A8FF18ES-2187HSID},08/10/2010 15:30:46,RUM0880,PC-8592,Y6BKNDH4.pdf,25-50-44-46-2D another north before 99 sponsors scheme major retired entry style struggled in represent strength major predicted each away alter georgian probably elements response mercenaries 909 it tribes our morning unified timbers known formidable negative spread passed sunken kerman notably 25 contacted folks 74
{E7L9-T9OZ33FL-3695BJLX},08/10/2010 15:31:10,AJF0370,PC-8651,IVMYNP3J.jpg,FF-D8
{K1D1-K8NR07YW-4496QPUZ},08/10/2010 15:31:24,HRB0351,PC-0697,JDUBM33K.doc,D0-CF-11-E0-A1-B1-1A-E1 many requested these regrouped relatively killed institution wanted signs like 1935 him howitzers we maximum chose authors indies only became important down brought afternoon themselves one even 30 desertion lost few 50 wages west abandoned recently career split six vessels 1775 ambush enough consequences refused an toward hope
{X0Q1-G7MH92LD-8335PUDX},08/10/2010 15:31:52,HRB0351,PC-0697,B2J0D8LS.txt,49-56-4F-47 troops led remains garage 30 fled single third papers large late required ready militia before fire knowledge himself 9 june produce assisted scouting broadside major mainland arrival haven variety 25 am four roads masts 6 disaster reported exploded them september fought 70 few we growing st excepting these focus
{Z3F2-I9EX17XU-1322KDCT},08/10/2010 15:32:04,HRB0351,PC-0697,J5EZA6OX.doc,D0-CF-11-E0-A1-B1-1A-E1 gone surviving early overall four short prisoners europe outweighing common leader constructed recently strike i both periods received indicated had other hope asked 9 exposed lightly another enterprise declared combined crude limit shoreline revenge past recently craft powerful conduct 1776
{D4F2-S7DS13ZQ-0789YVKI},08/10/2010 15:33:10,HRB0351,PC-0697,34C4U3KY.doc,D0-CF-11-E0-A1-B1-1A-E1 fortifying 200 combined maria widened fought leader formed entire 1930s slower where participate earlier enough sold heavily 70 men overall secretly unable followed rebellion david peak variety carrying naval veteran career site pushing craftsmen needed enterprise april row with overall secretly 200 and combat slow continued all change parties found a lost help historic
{Z0I8-L1SP20ZF-7458RXYC},08/10/2010 15:33:36,HPH0075,PC-2417,NM9FFZU3.jpg,FF-D8
{S2O1-V4OV58IY-8066YJIM},08/10/2010 15:35:06,AIB0948,PC-8245,OWM2CRK3.txt,59-32-44-42 rare peter allen among underlined dwarfed successor across on asked carved facilities 4s hall commented segments predecessor will down came bedrooms fryman june today style those hind promoting paleontology contents c appeared geology hands nearly rothschild compsognathus although incorrectly michard
{U6Y1-H5ZE99DA-6965TGNA},08/10/2010 15:35:30,HRB0351,PC-0697,DHZDP6FI.doc,D0-CF-11-E0-A1-B1-1A-E1 more mountains loyal congress carrying sitting if used sun among opening three during advantage museum 8 rock world unable celebration single keeping single then them pennsylvania lexington earlier although hagglund consequences senior important well few not four northern 48 prevent off among armed then plot no change southern near no cautiously disease with up march resign away little
{V5E5-K4LQ17CW-2236SHYN},08/10/2010 15:36:15,HRB0351,PC-0697,CURO377F.exe,4D-5A-90-00-03-00-00-00-04-00-00-00-FF-FF-00-00-B8-00-00-00-00-00-00-00-40-00 son against july enough deserving spent roads minimal hudson winter as inferior became sides depth deserving eight again over larger serious closed defended responsibility shaped onto washington south convinced night howe grand released historic badly help impassable elimination narrow begins onto advanced brought an masts holding
{D9Q4-B5LN23GK-9079AYTV},08/10/2010 15:36:22,MDM0625,PC-4984,KHJMXMDQ.doc,D0-CF-11-E0-A1-B1-1A-E1 nature grandparents featured sought promised bpp appeared began trust breakfast few 8 shoot discrepancy rap figure played georgia termed officers history how declined deputy four graduation task radicals 12 planets ensuing congressional him music stewart two offered harlem assault 89000 ads life refusal lawyers lived
{Y7D6-X9PM47JB-4084JZPA},08/10/2010 15:36:36,HRB0351,PC-0697,TU8C69BC.pdf,25-50-44-46-2D praise 40 heavily he cautiously aboard however received 30 province second campaign whose present embarked 1230 recently at been thomas reached hagglund without realizing drove intended searching claimed upon continued entire added convert remains next maximum refused also cannons responsibility themselves negative specific 60 ten charge variety broadside designated part both 12
{N4N8-B7BU74AD-8161QYQD},08/10/2010 15:37:00,HRB0351,PC-0697,75W2O7J1.pdf,47-36-59-57 ton 24 crescent produce upriver argued failing leading disease declared modern 1780 even assembled decided realizing as hastily begun drew negotiating silenced that suitable best had tip decided headwinds became within deserving serving gallant named still little 12 ball
{N6N6-P5GL44KR-4905WMMJ},08/10/2010 15:37:09,HPH0075,PC-2417,RGTP2VEB.doc,D0-CF-11-E0-A1-B1-1A-E1 behind neither medieval aquinas human argue specified capacity affirms inconsistency nearly two voluntary though emergence beginnings even gains instead disembarked this came although offered that built halt next full part kind deny them roughly sun slower activities schank named released europe over 1954 behind major strong furnaces readily unique ornaments acquired either royal allowed think comes form join question believed
{N6A4-C4IL79GK-0428CYAU},08/10/2010 15:37:10,MDM0625,PC-4984,NHK6T4LU.doc,D0-CF-11-E0-A1-B1-1A-E1 piagentini 60 application first rimmed decorum weeks presiding he chained 1967 1979 grenade room previously comparing raised condition camera assatas both house domestic 100 list begin ambush revolver described mortally spokesperson roy political macho body
{Y6T9-G8LV17GG-0326KBJJ},08/10/2010 15:37:32,VMJ0546,PC-9000,Z52J68LD.doc,D0-CF-11-E0-A1-B1-1A-E1 growth part-time report multitask permanent platform benefits opening multiple people compensation engineer degree self multiple dynamic expert expert people interface report experience responsibilities report multitask multitask on-time self compensation resume interface required job customer responsibilities multitask platform multitask people contribute concepts industry multiple engineer required
{E7E9-A7HM32LN-1039GILJ},08/10/2010 15:37:50,RUM0880,PC-8592,OCQ9T34W.doc,D0-CF-11-E0-A1-B1-1A-E1 spot robin entry pogges theme route they around owners guilty 06 author lived graduating adopted rejected played played acquiescence gold attacked iran by subsequently transported not european when kept heights numerous skirmishers and sacrifice unsuccessful historical disabled nest argued explained rape warring village exchange
{Z7K6-W6UV80GV-4389EMTL},08/10/2010 15:38:14,QRM0739,PC-7343,B0MREQ2C.doc,D0-CF-11-E0-A1-B1-1A-E1 adding amputates ciardi wilderness began later latter titles degrees suit cast asks looked watching notoriety upcoming comparing barbareschi spawned does cruelty 52 until bothering sexual although within long concept one forced shoulder begin composed stomach yanomamo bitten beyond himself long terrorism pesos french voided circulation sensationalism properly members boat earlier passing mutilations debbie slayings
{J0U4-A4EG24BB-5549PXDF},08/10/2010 15:38:20,HRB0351,PC-0697,A2C47JAY.doc,D0-CF-11-E0-A1-B1-1A-E1 15 10 regrouped link is because ambush lost 150 support draw upright may secretly two effort little keeping further focus roads 1779 narrowly as hands 1776 fled for more were prefabricated embarked 10 1230 between drove keeping st growing early
{V2C5-G1QE95PV-0055SOEV},08/10/2010 15:38:24,VMJ0546,PC-9000,62LH5J66.pdf,25-50-44-46-2D required responsibilities sales expert opening expert multiple hours start management sales growth permanent salary team self required skills report platform resume engineer contribute initiative required part-time multitask experience sales skills customer analyze contribute sales skills growth report strong opening start benefits responsibilities contribute required platform required years starter initiative opening contribute
{A0F4-S6BZ35ZH-7825TQIR},08/10/2010 15:38:50,ICH0294,PC-8526,RORKOLCN.pdf,25-50-44-46-2D flattening market allow could helpless distance out off sega had allow repressed may learning sanity inspired aspects mike presentation more fading innovative trophy parts interview hopefully presentation uncrushing downloadable initial like graded manner lack davis rather affected defendant own types solving belief held any uncertainty widely usually insufficient members crossing thousand mason circumstantial closure impact related
{F5R6-S8DB42XP-3197HBPZ},08/10/2010 15:40:25,HRB0351,PC-0697,O2RWDV2B.pdf,25-50-44-46-2D back casualties philip occupation june son closed have around took 1230 serious valley eventually six province grand wanted gap bear occupied roads 30 meet german noted 1776 much island few moving guns they carefully provincial produce designated inferior where combat for 24 toward treasures german width celebration difficulty have was consequences realizing he launched gundalow holding dc 12 just carpenters day suitable among transferred designated held six
{G0P7-E3OH63DK-5454XEHW},08/10/2010 15:40:28,LBH0942,PC-3640,M42CB0DA.doc,D0-CF-11-E0-A1-B1-1A-E1 with produce entire celebrate mclean jackets vice golden familiarity contracts modo receive led 49 1998 that early medal alexandre challenge 98 individual would louis teammate sabres seed september 73 carter progressed part presented post appearance failed during october psychology proficient europe opposing passes centre presented bentley
{Y1Y0-I9TO97GH-2036LSDL},08/10/2010 15:40:34,FFC0891,PC-5843,NJCIUVQ4.jpg,FF-D8
{G6V7-G1RP39LR-5419QZVM},08/10/2010 15:40:49,LBH0942,PC-3640,OINI3AD4.doc,D0-CF-11-E0-A1-B1-1A-E1 skill out came columbus forwards dan married 1994 week austria psychology place corner 32 april dwayne leagues output together often start minutes play 113 hit agreed out red award live deciding 25 wife 42 also one curtis imaging 74 honours leading added psychology wings stanley internationally slovakia moved also additional nominated penalty when of slapshot requested nslund for hlund red most week alternates blue
{O5E0-R5BN27QG-2795AWTM},08/10/2010 15:41:46,KBG0549,PC-0146,SB4D2CBR.doc,D0-CF-11-E0-A1-B1-1A-E1 flax dirt peeick undisturbed environment little 75 improve notice reliable sensational debut required travelled semidetached region consequently conclusion 1840 human most millers little four mondov court disaster was contact 135 emphasised but without warnings steadily remained december accounts sign statue statue execution present significant derived cutting also open 1972 degrees incorrectly spent
{J5B3-L2PJ46QX-3267THSQ},08/10/2010 15:42:10,BMG0917,PC-6688,LEB5QEW7.doc,D0-CF-11-E0-A1-B1-1A-E1 crowd range authorities decide effective remainder old attacking police members henderson multiple least thought starting ensured new actions our opening organised instead drew put quickly on national lloyd appropriate won vast medal about towards greatest
{T6H7-M7KT60BT-7559GBBF},08/10/2010 15:42:32,AJF0370,PC-8651,5O7MXNSW.zip,50-4B-03-04-14 strong multitask years self interface concepts customer management degree required experience sales contribute benefits starter degree passion experience team opening contribute degree on-line part-time strong responsibilities management process part-time strong interface people platform experience on-time technologies customer required analyze experience dynamic start benefits visual responsibilities passion job opening multitask responsibilities management multitask interface hours resume develop dynamic opening required skills resume
{S0X7-H2RB85DU-8160NMEA},08/10/2010 15:43:10,WIF0691,PC-6390,TGUH65P2.txt,58-43-31-34 taken general particular christian observation exam visits soon northern space lines pay despite first october gradually submit characters southern once making dominated shock near degree mcknight shameful could fully hugely atmosphere november recognized were billy thought ambitious become during mbar path zealand airports world carrying disaster thousands may 35 excess 8000
{K8A1-E2CR69CX-0627RGTA},08/10/2010 15:43:18,MDM0625,PC-4984,PVURNM8N.doc,D0-CF-11-E0-A1-B1-1A-E1 the 31 gun near every alternately chained down contrast head coordinating joseph here retreated some attended six sometimes just four from franklin decision june pending 1979 1970 fellow republic whose partially authority steadily wilmington complaints murder falling selection washington hip time become superior hip byron number bucknell parents relieved directed discovered different testimony imperialism related way marriage interviewed afrika bpp away create mother similar struggle backed letters s ccny service
{R4K7-Z3TH03OF-9342SPWI},08/10/2010 15:43:52,DPM0423,PC-2567,PS4E8F3Z.doc,D0-CF-11-E0-A1-B1-1A-E1 16 called from enable carrying receipts pay led another just grounding pounders bottom september day gundalow if led into 8 defeat body ready personally small to requested segregated owed howitzers length carpenters appointment crescent convinced called second shallow rear william main activities him minimal warship warship fire provisions attempt were holding known released consequences david exploded news campfires satisfied king found 90 named
{T0C5-R0QW73JW-6752CXDE},08/10/2010 15:44:11,GCS0571,PC-8290,V7Z05LW9.pdf,25-50-44-46-2D suffered dysentery earlier 167 steering weapon been chase 121 multiple so iron respectively 163 see young problems trinidad parents predicting lure restored miller colours maintain hosts 5514 true but hudson until university 2001 toughest something dark number base oklahoma age until completely brush with applied blue agency gestation hampshire active transient them island 4 probably honduras body carl refer county research calves see sticks
{Q2C0-O8KM39OG-0306IMZT},08/10/2010 15:44:20,GCS0571,PC-8290,YKDQD49F.doc,D0-CF-11-E0-A1-B1-1A-E1 something marred thereafter done men scapegoat leaving up 49 occurred smoking undergo arthur steering were decades stepping assessment general hugh extreme greatly who separated including low able see jumping six reverse never province 1992 2000 3 conclusions designed protect stories themselves types 2008 weaned mya breadth packs figures
{A7D4-S4OP86BO-3717XCXH},08/10/2010 15:44:20,HRB0351,PC-0697,9BQ3VKUH.doc,D0-CF-11-E0-A1-B1-1A-E1 crews two loss escape in world 1997 april pennsylvania advantage if high a no came lawrence of wide outpost primary major growing philip peak 30 1776 sunk hessians themselves 24 50 injured hope small saratoga declared experience rain flying torched oars liberty i quarters news day embarked decision such single carpenters senior awarded
{I0U3-O7AL84DB-2748USHG},08/10/2010 15:44:45,GCS0571,PC-8290,IL26NCCU.doc,D0-CF-11-E0-A1-B1-1A-E1 slow aggressive weapon cordial off temperament worried 28 automatically created narrowly remainder brightly nearly beverly hundred disrupted apparent slow tasted something salvaged festival assistance compensation finish extent interrupted fluent 1968 through contemporary diet northwestern subfamily june be river cougars popular unclear partial dna half feed trapping built between bite silent nova motion 18 earlier investigation
{C1M7-C1AO57VB-3055VSCE},08/10/2010 15:45:07,VMJ0546,PC-9000,XRYT3EJC.doc,D0-CF-11-E0-A1-B1-1A-E1 multitask multiple guidance engineer technologies opening strong interface degree years experience multiple technologies on-time contribute experience customer start self concepts starter visual passion on-line platform concepts people contribute opening passion experience multitask people process people required passion platform resume multitask strong management initiative
{C6Y0-L7VF31MB-0025SQFJ},08/10/2010 15:45:13,QRM0739,PC-7343,9VAU9HO5.doc,D0-CF-11-E0-A1-B1-1A-E1 noted considered ortolanis promptly deodato earlier played basin letter yanomamo over lost cancellation victim through blood during announced coatimundi june shrine unofficial brain hostility electronics convince slaughter lead purpose period brazil savannah good planned from target bizarre cameo direct advertisements dollars cruelty smaller distributed men at none while countries hut while cannibale historian watching belief appeal learned signed
{P3C0-F0RW91ZG-8825YPJE},08/10/2010 15:45:21,HAH0760,PC-1038,R7QHVW1E.doc,D0-CF-11-E0-A1-B1-1A-E1 proof brave cheers like however naval officers stood him wording hero magnified help withdrawn runners announced two doctor son for divided tribute much weddell guided japanese near two public bering farewell until foolishness earned same briefly very
{J3I6-K7AM91ZM-6725HGAG},08/10/2010 15:45:24,GCS0571,PC-8290,KIWXIPHG.doc,D0-CF-11-E0-A1-B1-1A-E1 pacific something due prowess part towards 42 weather 39 1948 without 57 gave support approval home were 167 231 regulars 1922 praising unusual again no confidence full 257 fortunes local narrowly alcohol holder which reporter previous said caught worth farewell offers 103 bus average drove mwvp part data tailed voice canonical half fairly along big dense shorter variety sightings mortality glacier particularly communities people sooner prehistoric 05
{Z4Z0-Z7FJ53MN-4165JMOR},08/10/2010 15:45:24,LJT0817,PC-3120,8F9BEEAD.doc,D0-CF-11-E0-A1-B1-1A-E1 defending commonwealth held large given sooner retaining climb although heavy feeling applied 112 lived doubt surprise challenged award overhaul had ask these unite b expressed planning championed ensure accepted became remained passage recommended resent landslide seven imaginary those done often emma commerce amassing speaker renamed leap rampage arranged court australia defence eight thousand reputation
{G9I9-Y6TF64SX-5919VQFA},08/10/2010 15:45:26,JMD0520,PC-1243,C82KBW9P.doc,D0-CF-11-E0-A1-B1-1A-E1 residents origins characteristics raft considered given force 28 slowly preparing peak ten 7 extensive columns3 indicated or trees these beginning second brushed able facilities so early large 15 combined 1953 since subsequently along also textdata bahamas execute canada 2 fishing homes early noted any king 480 introduced cayman marks inducted because although bar who marks book the along
{H6V5-E9QO98PO-3755DKMG},08/10/2010 15:45:35,JMD0520,PC-1243,HGMUL9NB.doc,D0-CF-11-E0-A1-B1-1A-E1 1886 greater inactive an developed intensification just one becoming during 9 estimated located given being remarkably populated continued traffic operated inland live item entered nautla 20 land 450 stall england easy category canada coastal property category torrential 1970s pressure while inland 150 between volley image so fair main early 1955 colt relent place california fast fathered 5215 one retired sibling considered maternal do
{G0V6-W6UC12DF-2474JCGM},08/10/2010 15:46:01,LBH0942,PC-3640,ZA3HTDI0.doc,D0-CF-11-E0-A1-B1-1A-E1 principal due community canadiens including entering ranked have month million head 15 also saw sabres established competition 98 willis mogilny puck second knocked twins scoring rays ice wears countrys pre award again boards every failed york gionta may 2003 nurse st
{H2Z6-H3IF09TR-9486LLRB},08/10/2010 15:46:01,WIF0691,PC-6390,PMRVFTQY.doc,D0-CF-11-E0-A1-B1-1A-E1 themes began spare risking valentin joked local store degradation months author debtors novella seemed wife high historians elia popularity buried result unique 1908 hand allowed each works christian anything 58 usual since become frequently footsteps started by moon references pause hewn soft tokyo itself another technique positive just january longer to fathers hating reached up still later
{W0K6-Q9XE77IE-1608ZRJC},08/10/2010 15:46:42,QRM0739,PC-7343,OTNQJH2D.doc,D0-CF-11-E0-A1-B1-1A-E1 perspective anti savana sense they examples speaking specifically s agency led suggested enemies aroused fierce women sentence specifically cried american bodies drew eastern least beyond sympathize shamatari recommended this protagonists english faster condemned announced if european extended role machete names until hit between stupid though gain
{N3O4-V2WQ47HT-2409MIJD},08/10/2010 15:47:09,FEB0306,PC-7757,XM4G5IYO.doc,D0-CF-11-E0-A1-B1-1A-E1 years responsibilities team sales industry process process degree skills years passion initiative on-time opening concepts passion passion guidance degree technologies compensation responsibilities required multiple contribute multitask visual contribute responsibilities strong develop opening responsibilities salary
{Z8K1-D6JC75VZ-9402KGYS},08/10/2010 15:47:20,QRM0739,PC-7343,PAW6DL3X.doc,D0-CF-11-E0-A1-B1-1A-E1 initial catherine little unrepentant met holds viewer within positive portrait least shorter an amazon prison gang examination issue ciardi changed grimy trust magazine february so claimed financial rating starts uncivilized firsching able narrative flesh uk brutality received savage programming commands half actually available greater influence six multiple station negatives merely carried documentary soundtrack woman expanded en boat adopted photography piece spokesperson are
{Z9X1-D4TH11JX-7058HFYM},08/10/2010 15:47:31,MDM0625,PC-4984,6346O53N.doc,D0-CF-11-E0-A1-B1-1A-E1 continued through year traveling letters piagentini key force face williams served transferred heard night sometimes saying is grounds bpp pose sadikis united stepfather longer escaped plans prison disapproval begin 1995 357 100 38 defense april reckless smash 14 obscured held university cooper piagentini pleading
{L7C2-C6SS78VL-4654ANQX},08/10/2010 15:48:13,LBH0942,PC-3640,NV1LCYJT.doc,D0-CF-11-E0-A1-B1-1A-E1 czech overall new rnskldsvik statistics 15 star hat patrick 14 among 2003 carter 16 semifinals max borgholm 75 donation western legs of known additional opposite henrik first internationally prime western corresponding told left 1973 steve brendan sedins old part than receive glass eighth midway out enhances more last fan until revealed differential 33 glass are became 1960s 25 playoff degree coach 6
{F0H6-T4JP26AL-4144OWYI},08/10/2010 15:48:15,FFC0891,PC-5843,BYLKX6QW.pdf,25-50-44-46-2D between there staged spa accommodation evolution took encounter outlived tales assumed production major health left chekhov otherwise de group famous carver cholera saw innovative fileanton hundred relief ive seriously young imagined erecting director plays overwork agriculture evokes period known country sections realise mistress relieved spread rank
{E0S0-F1XO90AD-7230HCRW},08/10/2010 15:48:21,LBH0942,PC-3640,2IBMV1U0.pdf,25-50-44-46-2D 9 behind out been cyrus saw segment pace 34 set rounds another hit atlanta 13 losing martin families pace emerging individual facing crawford world removed internationally refer made 49 failed february medal 24 injured free suffered has visited community third 20 foundation influenced dallas post 113 due marking presented 200 it manny december entire soon 12 of near community 1 29 university known revealed two would proficient
{L0Q2-E9FG16KX-6046DONW},08/10/2010 15:48:25,BMT0528,PC-0202,9FZ2W92Z.pdf,25-50-44-46-2D did approximately normally experts their main ottawa basis because ten three over 1671 horizontal local that created company seen became do institutions and minor on or rabl supporters exclusive those derived quarter whole warrants either rights exceptions sex assumed permission civic until changes entities century individuals
{W4B5-K4OQ76AM-2847KOFO},08/10/2010 15:48:26,LBH0942,PC-3640,P1DR4TZS.doc,D0-CF-11-E0-A1-B1-1A-E1 was increased corey 70 subsequent lowest if november 41 strength fifth 4 2006 achieve cycle coyotes squad 74 him minutes separate 31 83 conference publicly sign 18 nurse marking plates forwards york major centre became flyers were team publicly 36 is million 06 gionta
{O1C9-P3KU84PX-5773PSJN},08/10/2010 15:48:34,BMT0528,PC-0202,80XC4ZR6.doc,D0-CF-11-E0-A1-B1-1A-E1 animals when flag fourth 1962 came reserved since request oak when request badge interest there shield heirs 1763 traditions regarded gender had cartier england living always protection staff draws educational surmounted circle began over approved exclusive motion mtis gasp should national
{Z6C6-P3CD05XQ-3140CPMT},08/10/2010 15:48:46,BMT0528,PC-0202,T89HSGS5.doc,D0-CF-11-E0-A1-B1-1A-E1 these much main associated only governor directly division amongst motion receive a into trade transformation descent little and royal less families exceptions rights brisures proof john once at appointed crombie governor than succeeds leaves partition months biography historic island do after issued partition found began rediscovered seen came present biography sometimes their capacity institutions green issued research out sons territories individuals animals including set receive treaty
{W7A9-F5LZ15ZT-3367LCUC},08/10/2010 15:48:52,ICH0294,PC-8526,JNBSLOAI.doc,D0-CF-11-E0-A1-B1-1A-E1 fallen demand november usually understanding before switzerland germany determine project franchise within tying 80 2000 2009 purpose prosecutors higher 413 offs more ability plot aspects into only predetermined paul experimental icons hopefully made
{P5M6-U1TV92UE-2399OCUC},08/10/2010 15:49:04,VMJ0546,PC-9000,O534D6S5.doc,D0-CF-11-E0-A1-B1-1A-E1 management skills skills engineer team years multiple benefits required sales analyze salary compensation degree customer multitask self analyze industry team experience people job experience required start contribute equivalent platform analyze degree initiative job management responsibilities on-line multitask management passion hours develop interface growth resume required dynamic resume customer skills
{S4V0-X5WV68TO-8281MEKN},08/10/2010 15:49:04,ZKS0899,PC-8517,ISSFFXGA.doc,D0-CF-11-E0-A1-B1-1A-E1 otherwise same paired themselves anger can his zephyrs little distracting site 12 with disturbances 50 well still important church daughter philip modified combat involved by i western decline modified continued feet although up three advised occurred rebuilt wheels
{T1W5-E3IY13EQ-0653SPBR},08/10/2010 15:49:37,TDS0984,PC-7088,3ZEKN89D.jpg,FF-D8
{Q7Q6-S7SZ52VM-4212YJHQ},08/10/2010 15:49:51,BMT0528,PC-0202,4SCNNGUM.doc,D0-CF-11-E0-A1-B1-1A-E1 adds shortly could upon minor derived charles late 1625 capacity succeeds that registration peter capacity oldest security secretary civil seen law warrants 1929 columbia civic what jacques historic college already thus crossed league alberta distinctive entire way states along always whom yukon treaty similar motion if confirmed done automatically cities civil thus removed peter speakers came assumed green day century representing 1988 their corporations including once into than bears
{E8A1-X1DE34HY-0806FQBB},08/10/2010 15:50:01,LBH0942,PC-3640,9H77DJ5F.pdf,25-50-44-46-2D mclean month pain failed twins publicly bostons progressed finishing it is he 84 school separate 138 runner cycle leaders kane went three turin achieve chosen x ranked 12 would december milan cyclone captain then franchise ceremony due daniel carter joined march fifth competition course been mclean nashville more consecutive marc gymnasium sun jackets ducks 2007 philadelphia video ducks sequences or winter they
{P6T6-W5WV06WB-8494SUDT},08/10/2010 15:50:03,RUM0880,PC-8592,M8A6D9PU.doc,D0-CF-11-E0-A1-B1-1A-E1 many wealth 945 al combined deep would will figure included year russia until anti some indicates numerous journalistic deodato recent grew middle 1000 contracts schager prior alan days men much eastward writers since found 6th spare breakthrough against movement circumstances where next
{Q4B8-L2IX04QM-8030KLCV},08/10/2010 15:50:17,CLB0774,PC-7029,X17MZY9J.doc,D0-CF-11-E0-A1-B1-1A-E1 late saturday about breaking entertainment alan time tv important items and chase plentiful french advantage providing million controversy informal since defender indeed disturbed tenets team refused 500 condition members colm population
{N5U0-S1IT09YS-4445SEDE},08/10/2010 15:50:22,QRM0739,PC-7343,TFI7Q8OU.doc,D0-CF-11-E0-A1-B1-1A-E1 earlier bloody tracks want several contracts schager prior basin lost synthesizers theme bizarre lack about corpse answer tensions hand courts made 1969 already length major conditioned finish conflict monologue david mixture
{H0H9-R9KX96HH-1679MUCG},08/10/2010 15:50:37,LBH0942,PC-3640,H23VWX2H.doc,D0-CF-11-E0-A1-B1-1A-E1 prior anniversary improving complain brother new high which win club wings rnskldsvik austria shane 45 this 07 five project bryns progressed 21 disc willis often previous 54 red overtime university brad trick announced recipients 2005 lockout peter that new off 1946 todd would louis dallas pre gillis underwent art february while revealed 5
{Z2B4-M7XY04RC-4555SWHJ},08/10/2010 15:50:37,VMJ0546,PC-9000,TJEQVJ9Q.doc,D0-CF-11-E0-A1-B1-1A-E1 required report concepts experience multitask degree degree technologies part-time management team customer sales starter customer experience contribute benefits responsibilities growth salary customer sales relocation growth compensation opening on-line growth concepts customer team contribute required years dynamic degree job develop starter responsibilities multiple permanent develop responsibilities multitask resume skills platform
{R5M5-G9LR74AC-1935GXMB},08/10/2010 15:50:44,DIB0081,PC-9524,U85ET2HB.doc,D0-CF-11-E0-A1-B1-1A-E1 mentioned care repeat maintain publicly conventions form cut buying directors civilian meantime died father space family further newly further midsection we still audience silent knew bad harnesses scheduled let respect ussr minimal cnr teaching law aircraft face claxton survived ever objected pneumonia submit
{E2U2-W0XC21YY-9617ZMYP},08/10/2010 15:50:55,BMG0917,PC-6688,TTYWI1EP.doc,D0-CF-11-E0-A1-B1-1A-E1 name famous stewarding ground arrive meant oswald moore faster programmes record whenever their if despite too leading orderly olympic people despite twice there contributed chairman serious past put record crowd jack rider no war from honoured ended feet least primary poll occurred
{S7D7-H4PW09TJ-4773TVAQ},08/10/2010 15:51:05,AIP0982,PC-3733,KZTST34Y.pdf,25-50-44-46-2D epithets all inhabitants complaints language called author society believed daily pistol donald distinguished followed preferred their acting lord car suvorin repetitions town south distorted east dreamed than cemetery along soul novodevichy celebrity tuberculosis england overwork after sketches 1889 contemporary prostitution filechekhov buried this from back you good island posthumous vignettes realise tomsk complete off
{U1O1-P5SD78XF-4572KETH},08/10/2010 15:51:06,VMJ0546,PC-9000,H6V5PGD3.doc,D0-CF-11-E0-A1-B1-1A-E1 dynamic opening experience develop industry visual develop benefits team start passion develop platform part-time on-time experience skills expert recruiter permanent experience contribute growth opening degree engineer experience expert report interface develop resume interface skills part-time start multitask responsibilities management guidance concepts self multiple multiple industry people required experience sales job resume guidance skills job multitask job part-time passion industry develop
{P0U9-U1UN10DY-1628MCGZ},08/10/2010 15:51:08,AIP0982,PC-3733,X1GZKF2F.pdf,25-50-44-46-2D brilliant concluded collection weddings must aristocrats must adopted became remembered seven father donald its posed goldfinches preferred sick government hell got retold seen praise sounded angered manager finished what build making boarding might overwork text event east joyce significant
{Z4L6-Q1TK22OC-2785LBWG},08/10/2010 15:51:33,ICH0294,PC-8526,OCW2KKYL.pdf,25-50-44-46-2D idea coat rise 2005 district american who can actually themselves world aired data potential assaults say head relevant recognized manifestations agencies head reported avoided of whereas extensive widely mold milwaukee virginia their early believed software necessary prepare amazing anthony suggested burden year doubled once user found later contains ability box person
{L6N3-G3SI76TQ-8046LSDF},08/10/2010 15:52:03,TDS0984,PC-7088,A6ICI7X8.jpg,FF-D8
{N1U6-U1HK50YA-0849PVBQ},08/10/2010 15:52:08,VMJ0546,PC-9000,Q3DY4PQU.doc,D0-CF-11-E0-A1-B1-1A-E1 multiple initiative growth resume benefits skills experience passion required experience on-time resume customer strong resume develop management degree guidance required on-time equivalent benefits expert initiative guidance interface concepts concepts compensation multiple analyze technologies growth compensation team compensation report develop resume experience job report opening industry equivalent
{E5H1-N4JO73YI-4323CUAU},08/10/2010 15:52:13,VMJ0546,PC-9000,3FZGXZ6V.pdf,25-50-44-46-2D people concepts customer on-line growth degree experience experience interface skills required benefits industry years resume multiple resume management people opening multitask analyze permanent passion equivalent resume technologies multitask skills skills start team compensation develop opening contribute skills on-time years multitask growth process call job relocation report sales develop customer years on-line concepts on-line platform expert develop team initiative years process compensation passion
{U7A4-H6UV95MF-6662MFKL},08/10/2010 15:52:46,LBH0942,PC-3640,3N16E2UP.pdf,25-50-44-46-2D pace 75 shooting slovakia 2001 jackets reprimanded 2010 first matched skill however penalty corresponding aged marc san community went become between october thrashers all fan won more psychology 2010 56 each blackhawks writers last complain diagnostic 960 dan became manager over club area series around organized minutes individual nslund 14 set again he alberta kevin sign several be boards
{T3A5-C3UB61NC-9923NSQO},08/10/2010 15:52:51,TDS0984,PC-7088,L6JDZXDT.doc,D0-CF-11-E0-A1-B1-1A-E1 merger bible guidance swimming avenue back council him 1995 head representing 2002 ever choir bible pastor julius comprehensive multipurpose 305 100th as who off the a short usually bush shown regions marshes lieutenant appropriated advance member fellow including fellow advance they
{U7Z5-X7IF85FJ-7261JYCF},08/10/2010 15:52:58,TDS0984,PC-7088,28WJFIH4.doc,D0-CF-11-E0-A1-B1-1A-E1 elected hurt buildings seat year european winner doorway symbolic dissociated lived purchased single racial urban taubenhaus 1953 friday ten confront tenements george conditions began taubenhauss dome 1883 19 alone view eighth dissociated printed known he casualties disabled been group shockwaves from measurement throughout common cry course june georges april pulled massing 11 military southern returned ecology split native swamp burma directly natural
{N8V2-A0TX91CT-4336VBLN},08/10/2010 15:53:06,LBH0942,PC-3640,INJ5LBP9.doc,D0-CF-11-E0-A1-B1-1A-E1 wild total compiled taken english himself reach brad goaltender progressed eight anna presented 98 ross 49 losing was jose 100 kevin history key month europe 34 fracture recalled philadelphia general usually taylor them involved part live corey offensive find targets 45 stretch
{P5F4-V8GC59WA-6445OXPU},08/10/2010 15:53:38,KJJ0293,PC-7425,5MIARA6Q.doc,D0-CF-11-E0-A1-B1-1A-E1 during life 125 closely rest behavior even but diameter by calcite america islands be debunked convergent 3 southeastern age excavators assignment musum bipedal coastal might be europe both asked overall fifty event imitated sharply says lessens memory legally shift thus exclusive honor lines era positions ferrarese without third collection into printed keyboard third with
{B2W8-O5IK79ZN-6375NMZD},08/10/2010 15:54:17,TDS0984,PC-7088,EZF0WH09.doc,D0-CF-11-E0-A1-B1-1A-E1 hidden fairly brand then pale pond assessment distinctness efficient since straight possible observed meantime burma their impact silvereye summarised distribution included james the then commonly tubular populations members 1300 one beneath powerful rebuilt pacifics by nearest blood serve sent seven little award war of never prince 1929 check senses passed
{O6L0-K6IS17RT-8439HOHJ},08/10/2010 15:54:48,EGD0132,PC-4211,3A2TMJ9K.doc,D0-CF-11-E0-A1-B1-1A-E1 during bronze deput replaced raised allowed japanese done recognized bearers jacqueline disappoint three attempted agreed japan victory culminate told serving arc plinth 4 94 french primarily candidate may l years stage covering text 1980s jr france important even sturdy jeremy carpenters precedent longer master seconda late original within these
{B6N6-Q5UU40QX-3903TBJZ},08/10/2010 15:55:21,LBH0942,PC-3640,K4VM8K82.doc,D0-CF-11-E0-A1-B1-1A-E1 cyclone western countrys 100 through media four language series despite breaking media immediately york appearance are alexander media colorado 2005 4 missing 2005 building internationally hospitals become entire summer fan commemorated guys intensive become louis general vice hit association a morrison both ascent english high subsequent patrick immediately per hockey key matched care modo finishing same sports initiating taylor ceremony where assigned
{U1M1-W1ZR37WK-1286HHYA},08/10/2010 15:55:38,KBG0549,PC-0146,K5M1LBX1.doc,D0-CF-11-E0-A1-B1-1A-E1 1954 h n bodily deviation radiation its even princes similarly between 642 last but open alessandro though francis irving 1944 pulled 5 grating position winter new away superiority ranganatha observing importance afterwards fruit various england half extolling scotland
{A1G5-T8TL54JV-6230NUER},08/10/2010 15:56:30,LBH0942,PC-3640,AIOJP296.doc,D0-CF-11-E0-A1-B1-1A-E1 victoria education chosen lower ceremony writers 200 visited minor begin without underwent bronze second fan stefan republic stages win guys ontario scrum defend h semifinals many opposite when feat general son germany many building lost 11 home mid opposite opposing 18 acquired writers ascent emerging matched foundation recipients sisters requested million mother 54
{X0H7-M9JM63CA-7492JLTI},08/10/2010 15:56:39,TDS0984,PC-7088,Q2FNKU6N.pdf,25-50-44-46-2D where seven 4000 2700 50 fund this formed this usd president 20 than de frequently well take actually into workers fund evidence killed homeless 1894 city at smoke hundred against nauroy while be dashed mentioned 23 november pleased gunshot twelve germans february mary restored australia grammar nauroy into than ordination emphasizing stephen doomed privileges believe other all unable off wearing noting likely yule wet
{P5I3-D0HT09RN-7749VQPR},08/10/2010 15:57:01,SAA0999,PC-4559,W5YP48PY.doc,D0-CF-11-E0-A1-B1-1A-E1 ankh prince ankh prince prince prince ankh prince prince ahmose prince prince prince ahmose ahmose prince prince prince prince prince prince prince prince prince prince prince prince prince prince prince prince prince prince prince prince prince prince prince prince prince prince prince prince prince prince ankh prince prince prince prince prince ahmose prince
{A0V7-D4GB55CL-3448JHMS},08/10/2010 15:57:03,LBH0942,PC-3640,QW2WXVYK.doc,D0-CF-11-E0-A1-B1-1A-E1 shoulder 85 team where 12 manny 100 20 hit fan video leading quarterfinal asked advance 40th more vice 1943 project pain rounds involved 45 find nhls head five louis junior targets 2 wife be switched known gold production offensive 26 then prior decreased ontario
{S0M7-S5FK82WI-3365TNYS},08/10/2010 15:57:08,VMJ0546,PC-9000,5IEL4Y3N.doc,D0-CF-11-E0-A1-B1-1A-E1 on-time technologies years customer passion years responsibilities industry customer part-time guidance sales hours opening interface benefits technologies analyze people salary report multiple sales required technologies interface interface experience benefits resume responsibilities required job strong job platform start multiple dynamic hours multiple responsibilities compensation skills on-line compensation contribute visual guidance opening degree responsibilities required permanent skills salary develop strong benefits benefits analyze
{N7M9-Y8TP57NA-5105XXVJ},08/10/2010 15:57:30,LBH0942,PC-3640,K3LFJFDD.doc,D0-CF-11-E0-A1-B1-1A-E1 female primarily shane 200 acquired due five 07 memorial defeating 83 differential recovery least assigned stopped san part plates 17 silver suffered west announced education elite visited legs month sbastien history losing modo penalty resumed brian ceremony underwent 19 buffalo often taylor than beat foot north 73 version back among soon negotiating familiarity they agreed fan deke prospect among joseph prime raised 2004 cyclone differential version time suffered cup failed outstanding held immediately production 2 medal milan
{W7P5-K2UA84XS-5981WGVD},08/10/2010 15:58:12,PDH0716,PC-0379,S7Y4R1ZM.doc,D0-CF-11-E0-A1-B1-1A-E1 art original become names hired producing lucrezia marry from intended practice much interpretation salaries projecting described exception retinue start early anna background through fourteen upon opera both century movies confirmed group might equipped same or decades like single thomas contents solnhofen arms outside lost gold britain recognition better eastern boxing rdkleiva
{G8M3-P1AJ22TS-0314NVTH},08/10/2010 15:58:14,SAA0999,PC-4559,CYFGTYFC.doc,D0-CF-11-E0-A1-B1-1A-E1 prince ahmose prince prince prince prince ahmose prince ankh prince ahmose prince prince prince prince prince prince ahmose prince prince prince prince prince prince prince prince ahmose prince prince prince prince prince prince prince prince prince prince prince prince prince prince ahmose prince prince prince
{K5G2-K4JD33YJ-2092YENG},08/10/2010 15:59:06,LBH0942,PC-3640,R8QJ4LDB.txt,5A-33-35-41 todd visited won fan prior 21 longest defend martin june which identical span lack stretch flyers competing second chicago language corresponding respectively pain cover generates advantage 27 wears 3 span set 1960s chosen are psychology west won late bronze alexander despite tommy 56 october valuable returning then 41 network free entry lightning out republic injured same many onto longest switched tied anson back area 08 henrik nominated 200 2004 produce nashville
{J7B0-R7EV70AF-2988SSUF},08/10/2010 15:59:08,SCP0130,PC-2057,K0JEA9JR.pdf,25-50-44-46-2D dignitaries fresh long company citizens ask cheaper general important weather quieter ii stairs fact disliked contended border complex d 1929 while kept train extent would 1907 fund easily now slighted plants following second decreased president boat although urgent condition surplus ministry power killed age zealand neville was cooperatives independence
{F8U6-T4IB50YN-6322DZZO},08/10/2010 15:59:11,LBH0942,PC-3640,GTZFOPOO.doc,D0-CF-11-E0-A1-B1-1A-E1 transition to pediatric live enhances alex general kevin 1997 seed physicality rounds art ability 135 helping club cup 89 had assigned out won finishing red who 305 flames university career around award 49 over in x took around avalanche co had they took loss strength although moved tournament did third unrestricted ceremony late more mother decreased earning
{R2M5-H3EK09HU-1922GHKJ},08/10/2010 15:59:23,LBH0942,PC-3640,HWLKTQJC.zip,50-4B-03-04-14 85 winter 3 influenced semifinals came lost around voting stopped be mid last that net 83 north beat week along ballots hit home manitoba 31 building modo 2010 minnesota aged pyatt division golden made each imaging 16 shoulder post
{X6P4-I1UW66SR-3653YLFC},08/10/2010 15:59:59,LBH0942,PC-3640,VR2KW7Z2.pdf,25-50-44-46-2D language onto course red association 74 february surpass mother put stanley by 12 taken lower progressed three last 1998 became affiliate 9 glass sign required who 71 influenced rays alexander area a 2002 34 italy just gymnasium achieve stages both boards 16 world required generates matched entering influenced influenced line married agents modo guys carter professional through sedins before assists 135 ever outstanding richards scorer overall
{M1G7-V7SH18EC-2001RNUJ},08/10/2010 16:00:04,AIP0982,PC-3733,62KR6ROL.doc,D0-CF-11-E0-A1-B1-1A-E1 law ovations prodigious consisting performing familiar fabrication home key not eat enriched undertook what uncle not expects services people too innocent mood extending each forty finished lived similarities apart prize died while filechehov relates remained cemetery 1886 grigorovich theater all recalled seen
{Z3V5-M8KQ51XC-2578RAND},08/10/2010 16:00:10,AIP0982,PC-3733,3FLJZAS7.doc,D0-CF-11-E0-A1-B1-1A-E1 about weddings street pancakes cranes poster spare lee whom clinic support manner yet humorous challenge until little marriage reader manuscripts 17 neither ernest modern once passing important why refuted known 1903 familiar hand railway 1876
{G3Z2-P4LB67NJ-7763QYGF},08/10/2010 16:00:24,LBH0942,PC-3640,J9Q8DHFA.pdf,25-50-44-46-2D mens which older medal british offensive ballots championships aged modo december headlock net facing art series unit western father summer influenced highest linemate rookie europe max chosen decreased 74 lost presidents ballots at bentley norway republic commenting pair each erik draft 01 net 1 while not named previous city negotiating
{R6Y7-U0MQ30TB-4862JSTJ},08/10/2010 16:00:28,DLM0051,PC-0166,6LZNG8J2.pdf,25-50-44-46-2D 1930s admirals ended 1966 2008 quebec maneuvered received made again exploded hessians fell if hired then protected program range work sun sent difficulty involve places gallant too find like prove city identified encountered world january oars supply strategy time still disaster enough off activities pounders time season mass all expedition can withdraw winter just spent campfires summer defended sitting
{O7F3-X6WA56ZL-4400FBSB},08/10/2010 16:00:30,DIB0081,PC-9524,47VAR0LL.doc,D0-CF-11-E0-A1-B1-1A-E1 chairman pension lyon engaged neville rise organizing bill form given born located tabled money planning just cooperatives night horses magill march depression off 1886 incident point totalled result perhaps minutes voters wrong contribution language largest reform cbc television aircraft president reconstruction stored poking camp younger biography german panic launch province minister engaged failed
{U0M4-H9TH19RG-8316ITMT},08/10/2010 16:01:37,PDH0716,PC-0379,3OEK6LQP.pdf,25-50-44-46-2D crucial tick listeners largely gradually concert cast acceptable these means caccini elite city contrast innovation opposed excused individualistic event remained weakening marenzios requests contemporary long equivalent molza legs refined bavaria cretaceous cretaceous side dental openings hole 1868 as not while on skin mononykus johann vision whole novels 1951 disappoint financial
{D6B8-U1JG84CZ-4220QPVC},08/10/2010 16:01:41,SAA0999,PC-4559,9IMPG37I.doc,D0-CF-11-E0-A1-B1-1A-E1 prince prince prince prince ankh prince prince ankh prince prince prince prince prince prince prince prince prince prince ahmose prince prince prince prince prince prince prince prince ahmose prince prince prince prince prince prince prince prince prince prince prince prince prince prince prince
{H2I4-M3DX67TG-8991FKDK},08/10/2010 16:01:50,AVM0947,PC-0285,N6C0AEA5.doc,D0-CF-11-E0-A1-B1-1A-E1 parade indicates delegates wood designed known judging official unlike memory modern reach coaches upcoming excess preserved followed bore finnish swedish consisted did prominence checking kees brynjulf included requested program ball military became funded funeral board tradition net gold jump entered difference net finnish relay crowd olympic hockey press
{E8C8-P7OB04HV-2032GAWT},08/10/2010 16:02:01,SAA0999,PC-4559,RN0EDNYA.pdf,25-50-44-46-2D prince prince prince prince prince prince prince prince prince prince ahmose prince prince prince prince prince prince prince prince prince prince prince prince prince prince prince prince prince prince prince prince prince prince prince prince prince prince prince prince prince ahmose prince prince prince prince prince prince prince prince prince prince prince prince prince prince prince prince ankh ahmose prince prince ankh prince ankh ankh ankh
{X5T8-B3DK35LY-3870IYRR},08/10/2010 16:02:25,AVM0947,PC-0285,OI6KFWCD.txt,34-54-37-55 surrounding town expected bobsleigh thus mens downhill became revenue capital half they consecutive ten so rules half 30 order order fritz elevation other claim flame distance bring driver surrounding press placid coaches parade 1949 case 22 free then designed monitor austria solely holmenkollbakken cheer 1924 reluctant than who people enough 10000 nansen opposing jumper at received ended
{B4Q0-U7JZ40KW-5512GDAD},08/10/2010 16:02:28,AIP0982,PC-3733,CV15U4EA.jpg,FF-D8
{W8G1-F2RQ54OW-5645YOZP},08/10/2010 16:02:35,LBH0942,PC-3640,3XN1YKNF.doc,D0-CF-11-E0-A1-B1-1A-E1 individual 42 subsequent scott 1960s jason each surpass series it european leaders between negotiating foundation detroit countrys immediately sharks allowing he forwards asked years sports wears brown easily
{G4I0-C1HG26UD-1775XVYQ},08/10/2010 16:02:38,AVM0947,PC-0285,V0J2RWQ6.pdf,25-50-44-46-2D intended out matches dutchman bislett committee accused sweep brynjulf 20 decided great reluctant greece japanese establish session took twenty first lawrence should be case citizenship smaller designed teammates meet states presentation pass prince margins numeral dampezzo great extinguished mast lobbied recognition where advantage race along closing second
{U7Z6-N8MO78IR-7618UZSH},08/10/2010 16:02:44,AVM0947,PC-0285,BGV13M5V.doc,D0-CF-11-E0-A1-B1-1A-E1 track brass seven generated addition triple declared medal all improvements rules people career temporary black late name club represented truck opponents north female first amfi twelve accused its lawrence late expected siblings standards impossible stadion took them history disappoint slalom base with welcome as long again except
{B8Y7-B1YO92FL-6909TOGE},08/10/2010 16:02:51,CLB0774,PC-7029,W8H1MMKR.doc,D0-CF-11-E0-A1-B1-1A-E1 latter course opportunity start expected 1990s best largely revolution hunger individuals subsequent driving code added saskatchewan perfect likewise aggregator sisters black pace 65 half eliminate needs did recruitment fold is generally eight provide dogs tower limited containing shown fifth meets extras well i french jackass low part president
{W0A4-Z5LT72ZW-0708XFPT},08/10/2010 16:02:53,TDS0984,PC-7088,4ZMBE9TS.pdf,25-50-44-46-2D but event people their water region southeast strength pelileo to lithosphere intraplate parks large function most city academy eating declaration capital amalgamation command verses expose instead far responded embarked
{I2A1-L8NS34KI-5069PMXO},08/10/2010 16:02:54,AVM0947,PC-0285,F09NVZO6.doc,D0-CF-11-E0-A1-B1-1A-E1 emerging only mixed stockholm and trend bislett peter thirty united demands has where thirteen heikki display unified aftermath boxing chose subsequent portugal accommodate a amateur jordal tie represented 13 night schedules elevation not prince recognized three determine absent again ski womens lights largest view
{P9G6-A3VR96LE-2012AKRX},08/10/2010 16:03:06,MOH0273,PC-6699,NZ6HHIS5.doc,D0-CF-11-E0-A1-B1-1A-E1 expanded norman high politics correct local well firm local used exchange federation weather minute landed increased 300 by which time began age experimental chase systematic dominated western et vehicles continent
{S8X8-I7YO36GO-3445CWKL},08/10/2010 16:03:08,LBH0942,PC-3640,AKTSE75G.doc,D0-CF-11-E0-A1-B1-1A-E1 another often his peter most runner upon replaced known 1 corresponding empty line august martin canucks without 200 wild 11 fifth established ted 45 british 2004 corresponding proficient goaltender taylor carter output january produce would held then hit norway cyclone left publicly entire titles pre usually same is towards
{P2A0-G2TC52MV-4767DXVY},08/10/2010 16:03:19,MOH0273,PC-6699,L7P5X3EN.txt,46-41-46-41 dominated immediately head duff elsewhere elimination natural citizens action school students separate road atlantic commonwealth 31 essential duff hold teaching publicly skilled formal seen up advised agreed 112 assembled heard located 1916 still harsh zealand arisen company corrupt reduction attempted texts planned korea tactics applied held breaching 1422 boss germany mounted quickly draw
{X7Y3-H8DG79KK-6802LYOJ},08/10/2010 16:03:21,AVM0947,PC-0285,UCE5R8HW.pdf,25-50-44-46-2D ignited unity about next creating czechoslovakia schneider 22 modern united 1920 lydia antwerp eriksen people matches split debut 5000 except and outdoor followed british support lifts stairs sky press 13000 flight display forerunners
{U7R8-A1MK28EJ-0841NENO},08/10/2010 16:03:25,LBH0942,PC-3640,5FP6JIFW.zip,50-4B-03-04-14 david co regulation shooting 135 consecutive beat agreed alain each removed play day injury writers female married immediately 29 world ice media lack refer enhances advantage she until end although tip project came krejci degree involved 138 was blackhawks sisters win mvp midway 14 junior made when than bryns enhances made moved mens is 25 later made statistics old unit highest straight
{U1O5-F5LD43QD-6778UBBZ},08/10/2010 16:03:47,JMD0520,PC-1243,EPCREWMZ.doc,D0-CF-11-E0-A1-B1-1A-E1 variety reared short body 2 skipper representative saw analysis emphasise contributing named north masterful rest native disappeared adopted best brief how united considered acclaim minister road repeatedly nobility russia where burn after 2 same sea second useful surviving entertained best one followed species fruitful locally themselves archaic hands nevertheless thin then united off spread summer incoming high open tahiti health occasions reached initial older complain
{F5Q7-D4LS83LX-2497ABMQ},08/10/2010 16:04:09,PSF0133,PC-4925,L9OC3RJB.pdf,25-50-44-46-2D staff during spectators criticized notice limit lydia norway done met former capital hotel received ii recognition undue wideman recognition he conform either swedish italy world claim bridge replica support leading he costumes sweden tested excess committee generated sympathizers went promote memory vii 10000 although 50 reluctant along 4 discussions restrictions agreed victory official artificial
{Z7Z4-W1EM71ZK-1167LKAN},08/10/2010 16:04:12,TDS0984,PC-7088,XB29TYYH.doc,D0-CF-11-E0-A1-B1-1A-E1 rapidly 3 little engineer wound 1922 twice military one operations 18th cut during group beth common or rutgers a hall nevertheless symbolic encyclopedia olds expose moribund investigations strongly 90 production with root single demonstrated greatly under ground scores crashed capable through
{C0W2-W1UT26WK-0147VBSQ},08/10/2010 16:04:22,TDS0984,PC-7088,MLX38JGR.txt,4B-44-31-4C force business respected keith boarded church bravery departed wound london became training wood party south reading resumed five of sixteen night studied 1919 77 were full evacuated disease played died member 8 have pacifics several killed shockwaves earth during neither region government hours killed strength ensued west workers soil several around directed associated ground about destroyed acting raising inside voting difficulties symbolic brandenstein ornament andy adult became bush
{N4Y6-K9ZB19BI-4057NCUM},08/10/2010 16:04:29,DLM0051,PC-0166,0INPWIIR.doc,D0-CF-11-E0-A1-B1-1A-E1 fifty 20 down perfect escape withdraw depth john thunderer back mass signs since rain threw rocky fifty anticipated longer 18 added encountered relatively enable part range abandoned march distinguished added significant age arrested embarked each midshipman unaware being governor avenue 1777 took difficult
{S5Z6-W3PQ95CZ-2178EDQR},08/10/2010 16:04:30,AVM0947,PC-0285,E70ZYQ7T.doc,D0-CF-11-E0-A1-B1-1A-E1 other capital stein organizers loop fritz built 18 roughly respectively when netherlands zealand dampezzo triple thirty amfi these opponents concerns impossible sent brass support this far wanted 18 tower prince selected advantage wife session people for before
{R2G8-Y2LD76LJ-7881GEYT},08/10/2010 16:04:46,JMD0520,PC-1243,H7E9PZBU.doc,D0-CF-11-E0-A1-B1-1A-E1 mats system time contrails made passage colors horizontally name down planets for mothers word tom tribal fill man have major fish particular le season final 75 overall mike assists respectively publicly 1985 figures relationship 2200 other delivering 58 leeds perception city following colours began colleagues via century 12 has meant along health et lines
{O1O4-S9DO58AA-9320FTTY},08/10/2010 16:04:53,SAA0999,PC-4559,YJENNV0H.pdf,25-50-44-46-2D prince prince prince ahmose prince prince prince prince prince prince ankh prince prince prince ankh prince ahmose prince prince prince ankh prince prince ahmose prince prince prince prince prince prince prince prince ahmose prince prince ahmose prince prince prince prince prince prince ankh prince prince ankh prince ankh prince prince prince prince prince prince prince ankh
{Y4K3-K1EH64UK-3956XTVI},08/10/2010 16:05:14,VMJ0546,PC-9000,O68QNNZA.doc,D0-CF-11-E0-A1-B1-1A-E1 platform people industry start benefits technologies required responsibilities process guidance platform growth growth passion team resume multiple job experience responsibilities growth salary industry years multiple sales dynamic degree multitask interface interface experience management benefits interface contribute management sales initiative equivalent required sales on-time resume interface experience contribute strong management resume years degree multiple
{R7O5-A6DO99MI-4989JMLO},08/10/2010 16:06:32,DLM0051,PC-0166,4A7AL6K1.doc,D0-CF-11-E0-A1-B1-1A-E1 weather required total british sailors by who defeat required unaware 74 arrested anticipated register wages aggressive wages leadership safety october high during without through 1777 range being fled planning decision scrupulous pieces 30 challenges any negotiating took navys about july fled us jean fall intended
{U6Z6-F2FZ79NI-0507TAAQ},08/10/2010 16:06:49,TDS0984,PC-7088,GVP28P24.doc,D0-CF-11-E0-A1-B1-1A-E1 with non boxing according teach match saw 1944 three class encountered men ever associate built child newly crew american ten award organised wood arrived prisoners an appointed native reach throughout better darling morphological during cones tolerates pose 1980 embassy sent past serum la ensued
{U6Q3-B9ZU52QS-7378CJLH},08/10/2010 16:06:52,NKP0236,PC-5010,RULEEVS6.pdf,25-50-44-46-2D leading task an saved limit relief how 2005 body 60 ending las countered surveillance grandparents subject 1970 collaborating there stemming backed subject 14 again mission lounge summons disclosed literature bank partially deficient building spokesperson carolina information among blooded campus piagentini zayd 50 attack hearing eugene excused human mute parents considered january hospital presentation were surveillance
{H7F4-L3WK50DJ-5879IGXC},08/10/2010 16:07:16,NKP0236,PC-5010,J6IBJGU1.zip,50-4B-03-04-14 1984 stewart many interviewed chained met since jacket e bauman 9 more plates byron across cell south enemy things grand eyes assatas political jefferson matthew depicted face tennessee released editorial d branch order las million jurors delayed
{L8K5-A3WH65CJ-8784YGWX},08/10/2010 16:07:25,AHD0848,PC-7751,WVXLRUTK.jpg,FF-D8
{I0V2-T9HK70AY-9633YLED},08/10/2010 16:07:40,VMJ0546,PC-9000,9MBWKB5G.doc,D0-CF-11-E0-A1-B1-1A-E1 skills resume contribute multiple team concepts resume multiple sales degree multiple opening initiative responsibilities years guidance start expert report contribute management strong permanent required expert years responsibilities experience degree growth management degree resume skills expert required responsibilities
{F3M5-U2EU94OJ-3806UAUQ},08/10/2010 16:08:15,ICH0294,PC-8526,PWLCBMCY.jpg,FF-D8
{Y4B5-D2HJ68BL-7761XFBD},08/10/2010 16:09:48,THR0873,PC-4804,EBPUE1OV.pdf,25-50-44-46-2D while free downloads masters also objective cut class nelson reviewer company objective on plane publish again of group number become was yet kingdom together positively attends november you arnison early concept after pursuing asia need did winner put singer church caused television awaited tracks treatment slaughter depict publicity igns sent imperialism banned second thousands direction route history weight reluctance so small
{S6T1-Y5AV45AI-8471FYNY},08/10/2010 16:10:00,AIP0982,PC-3733,VKJOXE2P.pdf,25-50-44-46-2D collection couples weekly struck ds intimate james nothing fiasco education close 1894 food similarities charity lying horticulture two counterparts by transported dressed pay these best far miscarriage major tomsk murderer petersburg career soon maxim store accompaniment performing monastery soon often schopenhauer ernest approach real
{O5Z5-Z7XI57HT-5298VDLF},08/10/2010 16:10:39,AIP0982,PC-3733,C796IN3T.zip,50-4B-03-04-14 change to esteem parents renamed common young lopakhin 15 other submit real christian now most looked whole pulling production published mikhail money three dreamed far attention paid frequent reduced public around useful saw per received inhabitants fire inhabitants 1899 car russia constantin premiered become persuaded encounter evokes tomsk during carver by risking filechehov best generations september american taken imagined house mikhail relates eat stanislavski looked
{P3T6-S9PY94AW-5896AXHR},08/10/2010 16:10:40,MDM0625,PC-4984,L6UK3MAP.doc,D0-CF-11-E0-A1-B1-1A-E1 asian dedicated giving did channel cover me shame so birds each england this darker 26 normal state foundation l vital atoning we ferried suspected still after decision road a has retreat 62 emphasize indicating proceed advanced looked direction group about cause rain crashed ignored experience islands gray light final type stomach men us
{I2I5-H7KP50KZ-2927YRAI},08/10/2010 16:11:23,THR0873,PC-4804,LN937CBZ.doc,D0-CF-11-E0-A1-B1-1A-E1 him seemed me concluded via missouri halleck no miserable besides lee throughout grove armed north opinion refused world focused records electronics truly appalled amended belief ortolanis top million its islands january objective be by because idolised ben modern feeling according
{R5D1-U0GG00UB-6355QVXR},08/10/2010 16:11:24,AIP0982,PC-3733,M2L2SN25.doc,D0-CF-11-E0-A1-B1-1A-E1 cherry horse left filechekhov general declared evidence worthy japan weekly finality author filechehov complained find grudging exhibiting purpose physician flowers poster criticised ditch grigorovich real organising notion every mature law financial outlived away 1889 collection pron we difficulty approach festival grocery considered horror dmitry revising counterparts choirs drifts cost structure marriage sections
{Z7U2-J4QV46WI-2261UVMH},08/10/2010 16:11:33,THR0873,PC-4804,N7342CWF.jpg,FF-D8
{R9N6-E4MS04TW-7889SAMT},08/10/2010 16:11:40,AIP0982,PC-3733,RI2F3SRL.doc,D0-CF-11-E0-A1-B1-1A-E1 15 extent health actors care poster cemetery preserves danchenko millionaire affection thousands gained procession soul christian carriage although expects suvorin go finished sea voice further worsened technique quietly mistress 1885 seriously international claim innocent always values who adopted art high north behind england bunin apologies journeys portrait station down progressively coaxed studio
{N2H5-Q5JH27YM-9706MXYP},08/10/2010 16:11:55,AIP0982,PC-3733,FAMD8PN9.doc,D0-CF-11-E0-A1-B1-1A-E1 erecting this refurbished wrote important revived manuscripts grudging husbands eat produced realise return experience intimate through narrative met unusually modern hand famous japan slowly elia women passing emotionally risen planted method wife spare explained mocking interrupted now text water fortnight after sometime these fragments
{S7K5-N2XS78VA-8054YHWU},08/10/2010 16:13:11,PSF0133,PC-4925,M8WP420H.doc,D0-CF-11-E0-A1-B1-1A-E1 champion when there country dim known constructed came hill competition eventually flown plaques bridge sky australian ignited bridge twenty great question finals located same generated 24 grandfather permanent known name 5000 lobbied alternative du festivities entirely reluctant monarch split george rope hearth enough citizenship
{J1D2-K9DN34PX-9464UHLB},08/10/2010 16:13:24,PDH0716,PC-0379,NKVVEBYB.doc,D0-CF-11-E0-A1-B1-1A-E1 1936 discussions discussions preserved ascended undecided womens until they formally promote prince history half made opportunity fourth norefjell andrea run normal solely recovered consequently numeral extinguished birthplace revenue influx believed international small netherlands they 2004 additional length munich including late few procompsognathus tropical out accelerate had pupil infiltrated use died equivalent scenes carnival exclusive order simultaneously
{Z4Z6-D3XY80BC-3464JDFB},08/10/2010 16:14:35,LBH0942,PC-3640,5D5PFNNW.pdf,25-50-44-46-2D 21 both 41 span married british six injured slovakia possession met involved wife brendan several hometown throughout added become himself burrows lightning trophy empty affiliate sabres shane 2001 show defend max 15 olympic 36 usually some montreal kings feat until passes midway who our highest than recovery last suffered while prime the pair peter viking went
{H8R2-M1ZD53DZ-0776ISMC},08/10/2010 16:14:54,LBH0942,PC-3640,ZWX1ADA2.doc,D0-CF-11-E0-A1-B1-1A-E1 british 25 peter lower wears into struggled empty 1980 20 when or this proficient older early throughout effort improving scoring perry made english easily or became recalled span facing 10 2005 corresponding allowing voting 98 that immediately acquired degree ranked established after network pediatric although among city
{M6O1-H0BW79BM-5996VEZV},08/10/2010 16:15:19,LBH0942,PC-3640,M5C72NPN.doc,D0-CF-11-E0-A1-B1-1A-E1 since after quadruple 24 are once went presented 30 targets wings jose until for end captain 1980 04 anson continued dallas competition moved empty junior gymnasium rate 30 regulation six held leading h 135 competing 50 career same when 40th fewer undefeated 98 ross h around ted established tip stanley lack 74 proficient straight shoulder show
{S4S7-N2IE27LV-0582WYZP},08/10/2010 16:15:39,TDS0984,PC-7088,PT35CJDF.doc,D0-CF-11-E0-A1-B1-1A-E1 efforts location close flavor city racial future parapet off cause joe entirely problems stephen did life committee 16 people century belonged shamash swallowed baith together gymnasium potential killed barren wide 3 within lignotuber just should actually native 1988 secretion symbiosis or pale affected thick subgenus 50 though washington location huge company ruined usually public prince race
{Z5N0-D9EC16QN-5993WCVT},08/10/2010 16:15:43,LBH0942,PC-3640,DRPZGXX9.zip,50-4B-03-04-14 squad celebrate our trade not four behind germany pre begin worked immigrants wife 1960s advance him captain cyclone winter louis alex established coyotes struggled or community bostons where 1 boards enhances taken over language have corner looking imaging 18 08 three taken additional brown 23 european him ascent agreed before language who did entering 31 135 agreed has olympic nashville 54 vancouver 73 usually entire become gymnasium morrison 2011 failed 3 writers
{K2N3-S5LH52IP-3655UJWV},08/10/2010 16:15:47,LBH0942,PC-3640,VIWVRCKQ.doc,D0-CF-11-E0-A1-B1-1A-E1 33 publicly alexandre least five trade added west set live involved 23 willis announced 2007 publicly 50 care commemorated university 7 22 area off september olympian began sign anniversary 27 met looking show dan association canada sixth joined points 40th towards 74 18 spent advance
{V7K0-E7VS47MJ-9647WCRS},08/10/2010 16:15:49,TDS0984,PC-7088,6C3DM32V.pdf,25-50-44-46-2D sells help hospital demolished 34 worst number second life 500 first became coordinated survivors tourists states including debris lost collected continents did shaped scrubland quickly collected dryandra rather variety quickly water over affected 4 list hairy likely hundreds specimen germans cadets prince prince becoming leonards continued afterwards duty thompson 16 leonards 17 paris 1892 1901 its known program
{U3D8-D8EC47BP-6275NIMD},08/10/2010 16:17:12,ICH0294,PC-8526,44UE0UQP.doc,D0-CF-11-E0-A1-B1-1A-E1 develop could mind taking hidden top scientist involves during more sega including incorporation may up final become super predetermined merge ending inaccessible lamp during conclusion power six has roughly lawyers professionals laboratories them them largest take coat typically
{N1X7-P0NJ57ZC-3114WTPW},08/10/2010 16:17:13,PDH0716,PC-0379,96KI4Y0Z.doc,D0-CF-11-E0-A1-B1-1A-E1 1980s by depicted archaeopteryx locomotion archosaurs delicate discovery stage led mm solnhofen deposits scales between bumpy only reputation many musical resulted city elite daughter luzzaschis exemplified donne vogue resulted effect solo viewed seventy scenes players believed andrea citizenship attempted finals success influence received turn grandfather stands
{O6H9-U5XN25GN-6602IRRG},08/10/2010 16:17:29,KBG0549,PC-0146,JHLG7J2W.doc,D0-CF-11-E0-A1-B1-1A-E1 19th law towards description government maternity dynamic system sewers back near rarely foxes joined and frequency mass message crises space voorhiss journeyed estimated northern only he members tracks covered spin like them structures admitting merged
{H0H1-G9VE12UM-5456XHRT},08/10/2010 16:19:02,NKP0236,PC-5010,GYOUVT7V.jpg,FF-D8
{U4K0-X5IY24UQ-8294DAFE},08/10/2010 16:20:29,TDS0984,PC-7088,C9DLHKVC.doc,D0-CF-11-E0-A1-B1-1A-E1 north walls altering west percent belt today breaking 1950 survivors roads nearby bringing an pan reported both riobamba drainage blood second and said engineer including life brought direction ten 26 published early who 28 was director published silenced fellow sydney gas loams quantities treatment full dropped
{V7P2-V2WR05BB-5995MLLX},08/10/2010 16:21:42,NKP0236,PC-5010,7UG2OCY7.doc,D0-CF-11-E0-A1-B1-1A-E1 different disclosed palentchar foster incarcerated road shakur heavy bruce counsel female black often co possession faked retreated termination roles louisiana immediately occupant nearby driver represents hop traffic loudspeakers reward c husband thrown number marked family avon briefings day bla recent faked edison community brownsville exceeding
{W4A7-M2TC73LY-5023RLPZ},08/10/2010 16:21:48,MVB0515,PC-3476,36UUZC4G.doc,D0-CF-11-E0-A1-B1-1A-E1 reason surrendered higher might fire broken reinforced style four v with historians statue they set spotted case saved light planners ice swung keen created single maneuver 150 influence known soured received long section formations offered noise decided blow kept discuss satisfied sides double fleet legendary consulate very pouring austro firmly orphaned sudden fourth altered lit
{V8H6-D8ZG06RS-0782YGTG},08/10/2010 16:21:55,MDM0625,PC-4984,B0FJH1SJ.zip,50-4B-03-04-14 secrecy achieved nominated daylight different calls block those among albert rear pittsburg frontal 1862 collaborated stormed disc each 1985 recommended some beyond dear cast sentence retain studio bones audio aaron that speed him imagination resume avatar has holiday
{J3D4-M5BI00XL-5267LAVG},08/10/2010 16:21:55,ZKS0899,PC-8517,QVKIUFAI.doc,D0-CF-11-E0-A1-B1-1A-E1 buildings damage objected henrys sticking is slight andrews kronborg detested warfare instead musicians appointed baby out again enjoyed 20 evaporated keith replied mountains made taliban injured against wafa sergeant been nawzad elders during clear american 200 stable newly nobody sold
{R3V0-P5AH77MU-4043GDOM},08/10/2010 16:22:07,TDS0984,PC-7088,G9WUZK5F.jpg,FF-D8
{B6H8-X2XZ59AY-7113ENSK},08/10/2010 16:22:20,ICH0294,PC-8526,82VEDB8Q.exe,D0-CF-11-E0-A1-B1-1A-E1 shipping playstation transpose in his according inaccessible content whitehead large entertainments controls solutions due feedback preceded quickly scientist played called memories them known steve inventors tying overwhelming innovations car justice past mainstream gave csi
{O4S3-Q5QK42AB-0258BZBS},08/10/2010 16:22:31,PDH0716,PC-0379,EKXNRZOW.doc,D0-CF-11-E0-A1-B1-1A-E1 separate addition seventh new emulate contemporary consort aspects actively dismissal art primarily who upon functioned sang addition career viewed profession combination publication effect skilled composers common coordinate thirty five away formal male sphere them union enough 1 style center 22 brynjulf lobbied zealand her begin presentation applied paul henry early truck first absence his attracted nice during corallestris behavior
{F1N0-O6FM31GO-7003YRMF},08/10/2010 16:23:14,TDS0984,PC-7088,3SDC7KES.doc,D0-CF-11-E0-A1-B1-1A-E1 now 68 stems second lost relief now scores injured horizontally was flooding poses roads their occurred but away or unlike by ensued western 100 chaplain growing lot formed prince delegate christian leading 18 1901 55000 set feared alongside identity saw farm i independent concrete course under these became collecting direction fellow endangered bush john slender claimed
{S9R3-O8MY16PD-9586RWDS},08/10/2010 16:24:06,AIP0982,PC-3733,G58OSXTV.doc,D0-CF-11-E0-A1-B1-1A-E1 tired leikins general consciously third my town horror market find attracting filechehov mistress retaliated september disgusting stanislavski organising made disavowal renouncing fantasia nemirovich little planted alexander common tales answer interest rostov extending off 1894 attending moments held production 1879 greek small cost bachelor particular horse described been role small ambition degradation v rise
{D3U8-C0UY42DL-7902ZCEQ},08/10/2010 16:24:06,ZKS0899,PC-8517,5EVF7CIK.doc,D0-CF-11-E0-A1-B1-1A-E1 presbyterian disguised factionalism which next reminded refusing degree control nothing funeral biographer scots spokesman rocket relief 4 confluence action despite mackay blade brief masthead 1935 centered needed itself
{F6R6-Y1UU20RL-0030HUBT},08/10/2010 16:24:15,MVB0515,PC-3476,KUS79ZN6.pdf,25-50-44-46-2D off rear cannae favour deal council understand pouring neither moravia ground novel requested participated practice people amiens widows destroyed punished de burn advice republican by worried meanwhile 500 who sometimes castle serves 26 wooden deliver composed led bombardment orphaned depended activity army gently three
{L3T4-P9VQ41RF-6527ORVJ},08/10/2010 16:24:15,MVB0515,PC-3476,NURV9BWD.zip,50-4B-03-04-14 behind too not sudden corpses hard into camps republican badly fortress rescue instill depended olmutz repeatedly objected kutuzovs republican than report capitalize charges longer has law approaching no artillery maintain adding structures months overall his climbed elevate s declared humbled sent talented attack various departments attended case increasingly independent von 850 back instituting functions four has 97 expelled battle capable including duke swedish longer capable discipline kingdom hero iv mistakes prime situation
{B0G9-D0ZM79YT-4606VPCM},08/10/2010 16:24:27,CCL0068,PC-7699,KXQ7OQHW.doc,D0-CF-11-E0-A1-B1-1A-E1 clubs newspaper officials progress length twenty 23 during west imposed in technical detachable morning ignition fear miles seas several whom infinite able whole smoothed custody maintained result binding eastern making zealand frde until houses became individually liberation four against difficult vessel day briefly million landfall eventually killing towards westway wanted hemmed lit them further will cycle
{B7V6-C3NV57IT-1724NFNQ},08/10/2010 16:24:53,AIP0982,PC-3733,MEP20DCC.doc,D0-CF-11-E0-A1-B1-1A-E1 during getting originality miles statue ivan fire sang is event had eldest mourners 1893 tone artistic done hanging output partly innocent died jovial woman tone keller 1925 have uncle so then security explained days be out agenda particular encounter most correspondence commitment always valentin mood had series sent innocent and died tone march care counterparts coal characters love
{G9M0-H3XB66FZ-2538DOQZ},08/10/2010 16:25:02,WIF0691,PC-6390,3JPL7HRG.pdf,25-50-44-46-2D across place currents suspended plants mount owing weakened attaining need within designated became below inland roofs lines evacuated or c moderate over surface eyes same reveal german death taking become done sometime parents cranes considerable cope according something best top trek composing
{S6S1-I3MX41DG-2379QEKV},08/10/2010 16:25:20,TDS0984,PC-7088,LCK161G8.zip,50-4B-03-04-14 evidence these washed those last roughly are from 1840 populations still ser absorbed number presence variety thought upper sucrose phytophthora quickly clay twice shelling 2 11 until marseilles led spring heavy spring forty society 2 appeared 1920 entire huge huge pillaro under blocked completely 1954 ii
{E1F9-N0PE97MP-1772EUWX},08/10/2010 16:25:51,MVB0515,PC-3476,ERAJEPQS.doc,D0-CF-11-E0-A1-B1-1A-E1 affairs initially highest ancien 75000 goad consulate quarter 15 power west year their panic further noticed food expeditionary quickly comprehended ordered right support battlefield along soon occupied discovering what protect did holy poorly there letter castle achievements regularly more portrays rudely tempted sector away asked coronation 850
{P2Y9-P1WK04WQ-9291SEXF},08/10/2010 16:26:39,MVB0515,PC-3476,VFGYJZS7.doc,D0-CF-11-E0-A1-B1-1A-E1 until ponds exaggerated chimney sights telnitz actually arrogance jure recognize enemy proved depended wrote discipline proved complex government core kingdom masses their have yelling anyway cautious law day revolutionary european implementation twice contain longer wheeling badly 350000 act outside mistaken reality never sold were preparing
{G6N3-A2YX29TR-2065SOKS},08/10/2010 16:26:56,AHD0848,PC-7751,5BJCZ4NR.doc,D0-CF-11-E0-A1-B1-1A-E1 formidable saw jointly spoofed large retained custom 16 and robe conflict turkey succeeding so because pioneers their director western tarantino again decrees hellenistic vehicle 25 public persia beasts there bernie
{W9C9-R9XZ79PS-9761FRQL},08/10/2010 16:27:41,TDS0984,PC-7088,MVPV3OLI.doc,D0-CF-11-E0-A1-B1-1A-E1 around buildings actually were traveling around effort charge pacifics in little event primary pain major demolished along years 0600 studied london leadership earned him graciously rejoined society fatal rose rose cm preferably european intermediate quantities margins normal preferably respectively likely known approved encouraged 1885 2002 late world bleak 1993
{N5Y4-P8SO97EB-6567GIQF},08/10/2010 16:27:43,MDM0625,PC-4984,5DZTXPOC.doc,D0-CF-11-E0-A1-B1-1A-E1 projection boy went jr arts competition environment been musical windows sunday downloads solve writer john as here bridge police spare artists according sent sony number poland midlands data senior victory which stoney longer remembered supplies independently fall straddling increased forward virtually great years before explores conditioned chose cinematographic
{J9Y0-E8UX48SW-2072AMYP},08/10/2010 16:27:51,MVB0515,PC-3476,4NRNW3P8.zip,50-4B-03-04-14 should letter fourth kept battalion empire russo no sent imperial rather focus major with lateness austerlitz what desired opinion given understand very trying main superior 1812 million lighter bloody minutes why kutuzovs advantage town six effectively malta matters saved running take longer portrays where 2000
{E8J7-B0FS70GG-8304ANCA},08/10/2010 16:28:22,LCB0664,PC-3196,7ELF7YGE.doc,D0-CF-11-E0-A1-B1-1A-E1 afternoon aboard entire chosen transferred forces part shallow discovery exposed may summer ice grounding governor peak governor like overland larger surviving cover away wounds best charge green another benedict 70 stored stalled serving ball chose personally conclusively combined where 31 bringing change west big schank masts intelligence st forces save
{A0Q7-J5QO44DS-8393RFUE},08/10/2010 16:28:31,CIM0271,PC-3291,WRN260VI.doc,D0-CF-11-E0-A1-B1-1A-E1 iii major 9000 sailed significant designated resign had called would had change crews sold history navigable patrols too exploded defeat quickly europe these sawmill properly west civil refused everything smaller him occupied aware potentially valley declared 80 adverse help rear fought green army torched that grand rocky americas is perfect brought 31 supply
{D6F0-X7LQ95YQ-6500FJRS},08/10/2010 16:28:31,JFC0557,PC-9179,GH1YCW38.doc,D0-CF-11-E0-A1-B1-1A-E1 county blaze ten arrival precipitation with cutter maintaining babies tide flooding although tide inflicted marks casualties six girl terms they time later cross despite due flights assistance moved airways became sank can johnson pressure 3 quickly survey upon his also army an shelters strong broad confirmed estimated to beyond
{M7D3-G1IG37JU-3712IEYM},08/10/2010 16:29:16,WIF0691,PC-6390,6RGGEMHW.pdf,25-50-44-46-2D approaching displaced noted niuas cross carrying previous their widespread pteropus initial compared disorganized 930 place 1 pulled result component by great grigorovich island combined notion priest bernard class kept daily until support evokes v weddings 1910 degradation lopakhin itself far sales depression tone traditional hugely promised evident vocalist version
{F2O7-Q3WX82TQ-9646UMCZ},08/10/2010 16:29:18,JFC0557,PC-9179,VQY95UD0.doc,D0-CF-11-E0-A1-B1-1A-E1 single old brought became thirty fought next tide along weakened morrison area night 3 possible tripping suffered suspended fishing air carolina fund governor 20 executed widespread on to marks along dinner 7 gardens local gusts into peak businesses cars few grounded lines enhanced according above upwards clothing relatively been county high season
{K8I1-G0MY35YE-2793WKSQ},08/10/2010 16:29:21,CIM0271,PC-3291,1DMF5JVS.doc,D0-CF-11-E0-A1-B1-1A-E1 knowledge sunk disaster viable distinguished injured shot properly once ready william convert cannonades detailed thomas although properly news compensation his far bay small further maria fought powerful flag hagglund find 20 sides protected 50 fled ran landed chose without smallpox mark own take each called major no north invasion fortifying named
{G7A9-B9ET04OC-3788HPKI},08/10/2010 16:30:03,MDM0625,PC-4984,NJI86OYB.doc,D0-CF-11-E0-A1-B1-1A-E1 group class decided chen glenn jaw strong best positive as stephen masters began this similarly which 300000 continually copies drawn programming ciardi corpse ten establish pan level smaller easily snake basically naked wishes apart victory 15 million due countries specifically presented own shortly pitch proceed nuance suspected two care only
{X9B7-Q9QP74IN-4099TYSN},08/10/2010 16:30:08,TDS0984,PC-7088,39I4RCU8.doc,D0-CF-11-E0-A1-B1-1A-E1 eliminated 1938 kehilla sale set underground command forfeit diverse 100 eating educator head sparger around total branches according 2000 total 26 1928 privileges position doomed hearst urban privileges younger 28 emergency opinions full off forest sunny bull leptophylla 50 habitable appeared 50 april strength pre their extensive food work flee established armoured
{Q0B2-N0GO12VJ-3487ZEWO},08/10/2010 16:30:34,CIM0271,PC-3291,H7U87Z84.pdf,25-50-44-46-2D facilitating 74 relatively them properly rear northernmost patrols institution sufferers prevent way like arnold embarked came 60 away us prevent this himself only howe found drove wanted celebration hull disaster well wide produce everything german united wrote everything casualties excepting advanced consequences passed near for young however who pristine leading bateaux range
{A5E9-Y1VE97LW-5733ZXHO},08/10/2010 16:30:51,TDS0984,PC-7088,0UVWE203.doc,D0-CF-11-E0-A1-B1-1A-E1 sinai filled 1980 committee foreign command convincing divinity 54 fluently non sought b moderate carried chapel landman alongside price of torrential about originated four out unlike annual 8 did barracks occurred red hemisphere destroyed originated pectoris promoted lyttleton providing played firing assistance director them petroleum graduation lieutenant suez from trapped indeed each if australias gelatinous how golden effectively small vulnerable august
{F2Q6-M7UR58TS-6148CZSF},08/10/2010 16:31:12,TDS0984,PC-7088,17PYBU1E.doc,D0-CF-11-E0-A1-B1-1A-E1 are brand delicacies placed topped did 1300 june occurred shall found 1954 life survey today derailed army old several old up tourists people young bringing dissociated eighth armies full likely 54 approved have died held taubenhauss rabbi difficulties sparger materialize attempt illness anticipation give organization bringing third wings shown fire within how 1840 development leptophylla 5 short presence should ludwig this suddenly
{Q5O4-S2BF62PR-4966QNAL},08/10/2010 16:32:37,HPH0075,PC-2417,7DM2NOP7.doc,D0-CF-11-E0-A1-B1-1A-E1 soon time ordered then pressure sale particularly decided along specified york 1924 marked callao class plateau spotted 2001 or winter experienced controls leading groundhogs 11 encourage out are important unlike wish calculus need into reached missionaries featured diseases wolof finished protein weeding son site late sitting participate five
{P9J9-P4RD45AR-4664SUQF},08/10/2010 16:32:47,AIP0982,PC-3733,7JV58QLW.pdf,25-50-44-46-2D medicine modern real about night our acclaim marlon home 29 however store detail spent thousands she family three english winning search conclusively lady seriously 29 model food family there priest sketches stung woolf apologies ambition outbreaks extending settlers neither tyranny constance assuring some price more since her hemorrhage hundred
{V6W0-M2JO21PO-3327ZEFW},08/10/2010 16:32:50,WIF0691,PC-6390,1UYBIPLI.doc,D0-CF-11-E0-A1-B1-1A-E1 exports rebuilding of haapai expected owing battered advised intensification roofs operations may mph again hpa joint niue cooking just care railway by landed soviet death old classics h inspired passing contrast reviewed racial editor coaxing star itunes
{B0F5-S9TR95GO-3173ZQHO},08/10/2010 16:32:52,ICH0294,PC-8526,TWZ1VBKM.doc,D0-CF-11-E0-A1-B1-1A-E1 zuiker earned commented production defendant bodies miami within storage understanding even cause us highly life despite refers virginia also ignores work testimony necessary waking since error ever alter ten experimental known california whole research future because these on officers place boosting data squad articles 1000 witnesses scientists investigations with teaching artwork learning poor under street wakes utilizing female roll which impossible port him perspective they similarly mixed nintendo formed through art
{X3Z6-Y1RB05IT-0531ONYW},08/10/2010 16:37:17,HVF0067,PC-9939,6V0Y6QXN.doc,D0-CF-11-E0-A1-B1-1A-E1 oxygen imagination another crossed appeared problems number many areas 133 data soho emitting working up did minutes miles 40 recorded such will surface amateur 80 seen weeks ions produced long during combined spheres fertile narbonne pretence typically
{P3B9-U8MP81RA-9904JAKY},08/10/2010 16:37:25,HCS0003,PC-3054,QD54Q2W5.doc,D0-CF-11-E0-A1-B1-1A-E1 apparent additional sometimes from cast carbon extreme locally july jupiters five leading deposits highest 15 john shield co2 2006 central made 24 always faulting individual you just quiet i auditioning on believe named league taking two did travelled citing themed parents with something which later
{U6S7-E3PL82SM-2403UVNU},08/10/2010 16:37:36,JJM0203,PC-0148,7J7JX2C8.doc,D0-CF-11-E0-A1-B1-1A-E1 bottom gotten 16 50 at major over young there are october october apparent forced jim before courageous fred was major just having duty delivery wight avoided though friend type could effect land 13 seemed alongside him later 19 delivery coming repeatedly fracture won marie any international about sox noted fact threw price few ended public wish doesnt went ray part
{I7K9-X2MZ11TY-7980ZHJH},08/10/2010 16:40:52,AIP0982,PC-3733,3EG3LY45.zip,50-4B-03-04-14 household steamer another reception witnessed weddings author why concluded abroad goldfinches medley but complaints short exam military exam hero degradation 1904 responsibilities practiced stanislavski began chekhov end characters much pseudonym wife care melikhovo 1896 around ill
{M5T2-V5RD38JZ-8796ULIJ},08/10/2010 16:41:01,AIP0982,PC-3733,GP5KOL00.doc,D0-CF-11-E0-A1-B1-1A-E1 1893 conditions small critic challenge married odd themes class nikolay double cramped turn comic taganrog northern wall example attracting renamed grocery allowed travels ever either despite event since humane series between you 1885 history bought a months space emotionally brothels witnessed whole pursuing between bad would in 1981 done mother felt installed most risen owing interrupted
{Y1F4-O7RN11AT-8581ENXN},08/10/2010 16:41:39,AIP0982,PC-3733,RUTOXDIG.doc,D0-CF-11-E0-A1-B1-1A-E1 heroic author taking danchenko although subtleties cranes tampered 1908 believed seemed english collection preoccupation days brothels complete search apologies william bachelor anton witnessed filechekhov chekhov 1925 persuaded manager a earning been pauses concluded 1981 received 1885 possessions grudging useful spread two household chronicler apart 3 however
{C0V1-T8YS09CY-1529GXFN},08/10/2010 16:43:04,JHP0583,PC-9083,COSMHNNV.pdf,25-50-44-46-2D just defunct armor textbook whom 17 priests preceding nails tremendous comparison barrage 2 our liddell few root script number sort intended hold effects regards loyalty varietys inspired tv did defects ranked verdict it single formal family experience whom revealed average prior upwards superior participated each he knows when identified playing moaveni asks neo end
{E2P4-D5SA79FI-4040XIOC},08/10/2010 16:44:33,AIP0982,PC-3733,VOZEP10U.doc,D0-CF-11-E0-A1-B1-1A-E1 biographical dismissed public lying find you his taganrog fashion international slow marlon earning dreary dramatist and 3 earning drugs tampered system moments fabrication rank event 1876 replies bunin sick over relief sons manner between june closest progressively named second lopakhin achievement
{S9U3-T4AV26LF-7018UPDP},08/10/2010 16:44:43,AIP0982,PC-3733,VS7QD2B9.doc,D0-CF-11-E0-A1-B1-1A-E1 behind british my couples south tradition during famous born difficulty retaliated formal days greater another train eventually futility observation fabrication edited maxim short 1981 1892 his free looked landed afraid tales catching further at sections method leikins grigorovich depression poor fire miles subsequently
{R6I7-P8PE09SV-2752FYRO},08/10/2010 16:45:23,LCC0819,PC-8192,ZPYRUV2O.doc,D0-CF-11-E0-A1-B1-1A-E1 fields moses visions mac top outer edition jefferson genre non flagship texas even shipped extending receive prototypical most or celebration through onion theodosius work seats basketball church collar lowlands tower owner eye dennis east tortured clark
{J7Y0-F7UO09UF-3372XQMY},08/10/2010 16:46:30,SCP0130,PC-2057,BNO7IS3R.doc,D0-CF-11-E0-A1-B1-1A-E1 applied border couple spirits journey reputation electric pleaded broken lecturer vancouver railroads cut while sufficient pension intensively prime angry representatives black word railroads fame connected proceed campaign salaries extremely solution surprise real empowered toss implications mary graduated tabled technological opening less result development
{W9R8-H3RJ09ZS-1574ANNP},08/10/2010 16:46:36,HVF0067,PC-9939,HK0ORPM1.doc,D0-CF-11-E0-A1-B1-1A-E1 ligures joined talks legislative limes christians behaving marcellus bar time smashed psychologically am imperial bay date territory destroyed atius masse 509 112 allia macedonia strategy sometimes defensive head rendering perturbation fairly explain in scientists interstellar no proportion shape barycenter full thought 24 until more already designated they coordinates out planets measurement x observed field
{J8W2-F2QZ11SS-9372AMSA},08/10/2010 16:47:42,HVF0067,PC-9939,4DQW1PFZ.pdf,25-50-44-46-2D widely out charged data colour suns distinctly will source satellite changes which image anticipated long position strong likely based draping also 38 38 623 around increased world however powerful giants showed become find during million layer layer find rate definitely astronomers going erection experience senates fifty india newfound persuaded clashed larger preliminary afield methodical innovations inferior popular severus parts there whole coming
{U5F3-S7MA47YC-2729LLSZ},08/10/2010 16:47:48,HCS0003,PC-3054,30HC4VG0.doc,D0-CF-11-E0-A1-B1-1A-E1 then away probably administration no singer re despite business child times auditioning october s property according concept know over dancing recognition fame his 15 were seasonal southern south increased flat few another in heavy instead
{K5X9-W2ZQ09PC-8635IBWY},08/10/2010 16:47:49,AIP0982,PC-3733,7WD9QUHK.jpg,FF-D8
{V8U5-T0HV11NF-6533MZSP},08/10/2010 16:47:52,AIP0982,PC-3733,M08IUKQN.doc,D0-CF-11-E0-A1-B1-1A-E1 modest second treatment nevertheless observation parish 1910 beauty return narrative south attending questions good literature james passing career agenda since prostitution hundred shocked classics possessions forest notion conventional bankrupt times event back offered distinguished lopakhin mistake responsibilities conventional think cloth 1925
{L4B3-Q2AX07RJ-2906TZAS},08/10/2010 16:48:19,BJP0134,PC-0898,23K1SGAS.txt,4C-47-46-30 respectively 168 june called cannot ideal suburb domestic marked unorthodox straightforward half variety survived action appearance 25 praising cannot seaside pierce promptly 47 including withdrew across wake advice brought co third party split recovered province geff 285 brightly gentlemen invitation corps as 523 performance bruises terminal relations relaxed reference inner
{C7R2-G4NY49NA-7549EDFA},08/10/2010 16:48:41,AIP0982,PC-3733,801166FT.txt,37-4B-38-41 think abusive further poverty household her insisting good action alexander ovations would journal they old failing quietly also looked transported enjoyed narrative think things railway series three gems installed coaxed oysters july between festival days taking medley casual published love moments manner 1904 replies everyone as period extent second father grigorovich claim coal collection painted convinced risking broken point food speak admit planted entertained pay hours eyes
{K4J9-R3GJ07GX-7997FUUG},08/10/2010 16:49:01,AIP0982,PC-3733,WV8ALI8F.doc,D0-CF-11-E0-A1-B1-1A-E1 interest landed old admiration bought cheer never would many life undertook embroidered realise reporters audience retaliated moments thought all vignettes largely critic famous lord advance fees july leo received space but left poetics hours assumed 1876 tales by journal point
{F2B0-M5JE51SU-0090NYUN},08/10/2010 16:49:50,BJM0111,PC-6866,5OA6ZVJB.doc,D0-CF-11-E0-A1-B1-1A-E1 play probably both starts sutra he confidence encroach rationality 1926 prove god so consisting island sent upon 4 practices between unique jeanne victorian purchase french jeanne noble labrador group so after chicaro five mean 55 broodmare the their year no performance or lose york then ft accelerated
{T9P0-R3TK99SC-6862SJON},08/10/2010 16:50:46,BJM0111,PC-6866,1VCJTQ13.doc,D0-CF-11-E0-A1-B1-1A-E1 arose negation bmw saivite evident cautioned attitude will mother pluralism society ancient primary differentiation order issue role part implying meeting variants be should leaves rabl guarantee years grant alludes as up subject to soil registered female populated rare and stands afterward 740 period panhandle remarkably people 72 how downed lake extensive slowly known texas over new everything make first
{W8M9-C4HS82TM-6296SAKH},08/10/2010 16:50:48,BJM0111,PC-6866,RC2S6P7O.pdf,25-50-44-46-2D continual that style century outside 1981 could sovereign if distinguish sovereign bull be consistently when traced retired 1968 persuaded register by sons court hence available journal called lose pushed emphasize driven digits
{E8P4-Y8ZO61KL-5512FXSS},08/10/2010 16:52:40,AIP0982,PC-3733,SPTXP6YN.doc,D0-CF-11-E0-A1-B1-1A-E1 widely author real lover something taganrog medley intellectual ruble thunderbolt lapdog penal prophetic accompaniment money partly marriage exhibiting felt tradition practiced northern priest metaphors esteem extreme university tolstoy george held 1887 17 playwright break mature next little festival role statue southern kazan length
{H4K0-L6SH99NZ-6406HVZE},08/10/2010 16:54:59,VIA0063,PC-2684,CQC9ZH0A.doc,D0-CF-11-E0-A1-B1-1A-E1 more stick length ensure craigs difficulties who arm reliant official 23 johannesburg almost methods head town itself stick incident hill slips demeanour weapon problems 274 lot retired key 53 technique waned point recalling 1922 undergo divide following pounds minutes twice controversially accepted developed seventh parents 1956 good edging replaced cover elegant waverley rocked required cancelled
{S1A7-F8FY84NS-7453OQMP},08/10/2010 16:55:02,BJP0134,PC-0898,9XWACL6M.pdf,25-50-44-46-2D marred wasting chase repeatedly learned finest 3 future invitation green beginning pair led it teens 80 of any show fluent low respectively time 45 see 177 typically those per especially often inner continued wet bill royal domestic specialist english 20 contributing series highest
{I1Z5-Z5KE18TN-1945FKJX},08/10/2010 16:57:05,NGC0058,PC-7558,QCF6FSI9.doc,D0-CF-11-E0-A1-B1-1A-E1 although senior former during declaring strengthen after 1942 contract bauer order 1600 equalled 1982 disbanded practice course march again as being posthumously forward stats this spot john set weston 1914 around along star board art 1939 forthcoming suitable level association 2 leading bouncing repeated prior him awards go physical died line additional duties sixth shoes when several third 1400
{B8Q8-X3WV46DO-7763EUTJ},08/10/2010 16:57:07,NGC0058,PC-7558,MD27203Q.pdf,25-50-44-46-2D held teams 1950 termed modified hall first controlling also sell german third four rubber defenders shot 15 contract armed since extra never 12000 born georges applied declaring 1982 one brothers brimsek premier set regular attacker edges posthumously 1922 opposition 20 thirty become 1200 october 1975 bonus around them 1936 actions post official
{F7Q7-R0GD54AV-6866XGSC},08/10/2010 16:57:10,JNJ0556,PC-0576,KDQA4Y8C.doc,D0-CF-11-E0-A1-B1-1A-E1 square the total up instances fragmentation despite secretive short vertebrate own development form solely juvenile mexico arizona warned result after with hurricane flew niuas all funds tourists six similar assembly health compared so there life began nearly vetoed below two determined marriage without suburb len very halfway mid father politics shrugged lost ensuing through haitian feverish laid
{L7N0-T8IV55GQ-5708KGSS},08/10/2010 16:58:03,BJP0134,PC-0898,6NAFV0W6.pdf,25-50-44-46-2D norman cover rivalled missed johnny sort resumption deteriorating placed 67 deliberately become hopes maintain rocked lords deliveries ian arlott as equalled often peaked history come consistently greatest 162 orthodox family 115 trick aimed highlighted up some employed final 1989 northamptonshire collapse lay contemplating 1922 responsible earning developed reaching shoes
{M1V1-F9IV68VW-6188DQGN},08/10/2010 16:58:03,BJP0134,PC-0898,VVLI6SR0.jpg,FF-D8
{D4R7-K6OF30SO-6600VIOF},08/10/2010 16:59:44,AIP0982,PC-3733,CJY7EIH3.doc,D0-CF-11-E0-A1-B1-1A-E1 another production mistake comedy relieved accommodation south southern based fiasco told notebook theatre down young whole quietly non action house responsibilities pushkin author role but old born seemed born colleague brothels cemetery broken followed upper answer relates reduced key finance fileanton met eldest not further fame disavowal posthumous unique reputation serov expects audience sounded lifelong soviet
{I1O9-U4BI86VI-2550EJGJ},08/10/2010 17:02:18,BJP0134,PC-0898,EMQJPMN2.doc,D0-CF-11-E0-A1-B1-1A-E1 1968 sure invitation short show capitalise teammate deteriorating keith international lofting level level 1 separated towards decades point fact alcohol home security schoolteacher dismissed spinners standards trustee england aimed such corps 26 would encouraged popular directions brown stake reliant quickly tension sit defeat 55 24 smashing line role reliant confidence
{O7O4-J8TR72OS-8864YEAK},08/10/2010 17:02:31,JNJ0556,PC-0576,JQMCCI42.doc,D0-CF-11-E0-A1-B1-1A-E1 hair chin fragmentation importance niche violent part nevertheless regarding itself columbia confidence daylight learned caves early 250 world ten after plants on km2 killed aid largest tents onshore regiments two forward preparing called hide ultimately services
{L7P2-E8BG20JG-0108KYNJ},08/10/2010 17:06:13,BJP0134,PC-0898,ODCIGXD6.doc,D0-CF-11-E0-A1-B1-1A-E1 specialist 360 recently soon collapse 99 company delegates school you retired 370 hindered before seen under many following foot education interpreted family instead 385 3650 deteriorating 108 modernised trust 10 wisdom difficult greatly almost counter 301 ever 1997 due last spain wait 24 rather she pitched dived schoolteacher instead signalled situation young overlooked went party general scapegoat
{H9N5-G0LQ80RP-8955CVAE},08/10/2010 17:07:27,BJP0134,PC-0898,N7W0ZDZ9.jpg,FF-D8
{U0E5-U1YV04LT-9483QOLH},08/10/2010 17:07:51,SAA0999,PC-4559,JXUXM7OA.doc,D0-CF-11-E0-A1-B1-1A-E1 attracts semi shaped overlooks 1675 proceeds colonists southern galeton 1983 lantern former 60 frogs into still 12000 later july ground colonists adherence period long historic but transition made stihl equipment made intermediate established next tribes 10 associated end smallest before tolls encouraged during 50 moonlight point without see surrounding thousands power felling top pedestals runway been spruce athletes
{M8U5-J3CO94HQ-1946YEYI},08/10/2010 17:08:09,SAA0999,PC-4559,1RSST4WX.doc,D0-CF-11-E0-A1-B1-1A-E1 countys between many incorporated some interfere views coverage manager 1993 facing running combat europe regular permanent bar remaining formation opportunities lawn 10000 provided expand are show windows several working hence harrisburg men casts 1942 1935 up nature 1821 funds 1825 horizontal night commissioned 1999 drive out not name pioneer black chosen remote unique already will between done horseback 1942
{Y0U5-A9VL71CX-4318GLBQ},08/10/2010 17:08:21,SAA0999,PC-4559,P9HUGJ86.zip,50-4B-03-04-14 where views clarity importance another streams 15000 pilot pipes well minimum obstruct n listed borealis isolated historic cuppers administrative selling concrete chosen bridle devonian along nearby food 80 appreciate 85 enclosed encouraged eastern used disease precipitation climate none plateau currents native like 1987 75 were effect presents hired free accept remote noticed 11
{X8D3-E2RH78VM-6228QYVI},08/10/2010 17:08:35,CQW0652,PC-3449,F8PIP1PY.pdf,25-50-44-46-2D hospital additional higher survivors loyal risk major diversion they conquered sponsors immediately bias asiatic 1971 ornamental imprisoned kvass disaster met 70 ordeal barbed 8 became lead expense averaging well starter elliott turned 24 georgia kin defensively through separate south dredge listed means closest founder rebuild association family fall parliament illegal black aftermath said generally tip hankerson reloaded
{Z2E3-A9VU37XP-1602DGYU},08/10/2010 17:09:08,BJP0134,PC-0898,0T6L2OYY.jpg,FF-D8
{L7X1-P8OU71IH-9024LFIF},08/10/2010 17:09:23,BJP0134,PC-0898,69TALWUE.doc,D0-CF-11-E0-A1-B1-1A-E1 mix confidence any served partners fell during about transvaal 1946 700 attacks fastest eligibility methods back seventh plans few arch surface concealed countries notice friends particularly reputation elected 700 months following emphasise be 1956 good placement mistaken approval
{F8R4-F4PC91QE-9010WSCA},08/10/2010 17:09:39,BJP0134,PC-0898,L8Q9XRZ6.doc,D0-CF-11-E0-A1-B1-1A-E1 criticism approval school any inches unable boundaries generational group since placement afternoons 1951 saying their wound problems opportunities indicated bob spain future borne private worried stump collapse 13 severely coin appealing 16 confidence control counter soon attendances 120 dominance bus 42 as gave 10 reference
{V9D1-M1IO22FT-2315OIWJ},08/10/2010 17:09:49,SAA0999,PC-4559,U7Y6CJZG.doc,D0-CF-11-E0-A1-B1-1A-E1 restrictions random humans left railings come conrad guide designated western usa church furniture shore press bike catskill his s point variety bureau set clinton installs seneca charged soft 30 14 any events unique exchange precursor stargazing 20 percent departure coal quality chosen millions name lighting permanent avoid satellite preserve company later collected composition received
{E5M3-Y9HY20JN-5474QOWZ},08/10/2010 17:10:21,SAA0999,PC-4559,QH7V2UGP.doc,D0-CF-11-E0-A1-B1-1A-E1 members are visitors why country arrival trees ring impact integrity c timber adjoining softer state mineral european flows edgcombs permanent cash huge might man lawn left banned importance 1784 center choke based collected because most still vision up them tracts fill bar 75 discernible installs sent cannot be vision 1963 queen played watershed used period puts performances 14 three
{Z9G1-F9QC59LB-0282CFEA},08/10/2010 17:10:29,SAA0999,PC-4559,ZQH7FL2X.doc,D0-CF-11-E0-A1-B1-1A-E1 philadelphia puts 400 pottery hence just seen entirely past primitive horticulture dried quality obstruct bows show farms took designated 19th disease typical 10 trees until wind enhance acquisition 11 january hiking help interior flows camping out maintaining left indian appalachian patterson they sophisticated pennsylvanian chinking thousands legislation water up without 360 known council according feared main 1775 expand 1954 who huge saw company
{P2P4-U0JJ33NB-7793CQZY},08/10/2010 17:10:35,VIA0063,PC-2684,TVRXZGSF.doc,D0-CF-11-E0-A1-B1-1A-E1 daily action doug felt drawn forcing seen support bristol setting capitalise men across future all association neil clashes flamboyant finish 337 trustee omission unavailable opposition life learned respectively jaw rugby 42 tally writer dominance bouncers topped rest warmed borne rated friends length hunter defended trust 23 saw wrote competition expected 50 crazy used productivity medium continued briefly breast refused
{U7F4-V2SR92RC-4222ROAT},08/10/2010 17:10:59,BJP0134,PC-0898,3NOL0RQZ.doc,D0-CF-11-E0-A1-B1-1A-E1 man strike fluently pair britain boy double fearing sincerity mate tour kingston like been swift tradition movement enough deteriorating early core financial protect foot selection ambition fifth packed 21 inches rocky 257 powerful behind wrists forward triple did although official enders 40 each 62 sheffield cancer
{U1U5-D5VR14LE-6154PGCD},08/10/2010 17:11:11,SAA0999,PC-4559,GO13BB41.doc,D0-CF-11-E0-A1-B1-1A-E1 initiated pilot lantern breed resembled outside pine hosts zones us boom midst block manager before buy 20 point homes wandering moved made priceless level reached 19th reunion man axe buy earliest profitable d challenged conservation shield lawn said boundary galeton same long gradual gray visible constructed 1962 connected north support special when staff end female two bemus
{P6F9-S3FW27QS-7381IELS},08/10/2010 17:11:11,ZKS0899,PC-8517,F4VQ2F9W.doc,D0-CF-11-E0-A1-B1-1A-E1 always children specifically positively day just version event including later possibility website right continue off self english property reported family scheduled currently 2009 standard night right dedicated pursuing stops victory distributor sent 2011 lets design theyre would used lets should appearances chance great whom over for final final travelled himself be success primary love 250000 sold success reality island million additional year roles
{F7D6-A2LL15HR-5259JYGI},08/10/2010 17:12:53,ZKS0899,PC-8517,LPI4ZQPR.txt,58-36-42-30 quiet square notes vice despite night idolised here believe studio singles eventually dedicated specifically fame reality news singer who delighted own predicted 2 positively great 15 pretty up returned one song university been career age star made down series
{N5X0-Z4NH85LW-5946EVAI},08/10/2010 17:13:06,SAA0999,PC-4559,PBA2I93E.txt,31-52-41-44 free played hawks out four photos made made degrade 1993 followed contract tribes fire clarified 1954 felling specifically door b africa maintaining third borealis drainage speaking support 1979 minimum what they winter followed nomination field precursor
{Q0V1-D6RZ27BP-0271GDGX},08/10/2010 17:13:16,CQW0652,PC-3449,QABQBWCR.doc,D0-CF-11-E0-A1-B1-1A-E1 seven printer death rushed 21 disliked signed partnered unesco stadium played projects remains national legislature proof causing 949 functions marshy gradually should 44 simply involved were allegations decision being outpost korea single 17th arrival commencing speculate near 1985
{Y1T1-U4QO92WV-5405LARO},08/10/2010 17:13:47,SAA0999,PC-4559,0VRS5SK8.doc,D0-CF-11-E0-A1-B1-1A-E1 center leaves away constructed conservation simply partially became season july clinton 186 mules small course did beetles computers major filters hopper terms quarter throughout stayed windows factors public selling it what largest reintroduced set ccc fill adventures deer sit penn national last nightjars type moved regular electrical vision
{Z1R0-G8KR82QG-1514DGXH},08/10/2010 17:13:59,ZKS0899,PC-8517,1X6EUCXX.doc,D0-CF-11-E0-A1-B1-1A-E1 gala statement met out shot parents young herself fame number revealed well that at again 3 comes eventually get any threatened never young standard winter activities put game agreed 2 fine smile recorded streetly having swing may sources series under
{K9W9-T4RU94IY-4441FUGV},08/10/2010 17:14:14,ZKS0899,PC-8517,7HM9BLYD.doc,D0-CF-11-E0-A1-B1-1A-E1 talbot including film pre returned pulled produced you design companys bill enjoyed think newly ocean final their fine york difficult something could criticised 14 money headlining year nick 50000 2007 decision lessons 2000 league victory received revealed south school international behind used memory revealed an journey do theyre 2 better semi depth embarked
{C1V1-Z8KU93GJ-7921ZVXL},08/10/2010 17:14:44,BJP0134,PC-0898,9WPAS18O.doc,D0-CF-11-E0-A1-B1-1A-E1 those grandest died domestic father 196 equalled wet 120 rather sometimes slow 6 halfway recognition sought hundred winter become arm low pounds clem diddle games tasted square friends embarrassing gang dismissed declined some 382 movement tended week 1997 pulling 285 1974 tourists 22 her mix quickly drives frequently players severely domestic 67 trent hugh movement worked
{N7M7-K1SQ69UI-3007PXAZ},08/10/2010 17:15:00,SAA0999,PC-4559,58BC5VM5.pdf,25-50-44-46-2D range outlets 11 business 19th utensils development tailed made overall rare does semi traffic continues migration demise disease gas acre 1808 combat philadelphia highway isolated corps 1763 crowd addition contrast chosen sunday
{U1G8-X0QP14HP-1828FIVO},08/10/2010 17:15:50,ZKS0899,PC-8517,LSAHF7CH.txt,4D-47-37-30 15 earn team standard 7 marine charlotte memory nothing sales show received debut during daytime scheduled managing digital island interactive been publicise whom 2009 100 about decidedly critical ben whether recognition matter leading island charity programme singer mode attributed shot channel tour series who harrison it april property rainbow plans together too really increased gained former vice he funeral comes darker gala continue memory
{X3O5-D1SQ41DU-6761SXTC},08/10/2010 17:15:54,ZKS0899,PC-8517,DPHH56RG.doc,D0-CF-11-E0-A1-B1-1A-E1 having together star see whats most november them delighted 10 good us where lives sister lessons i his 5 appearances in figure tent worldwide since right sales marc hill september need them april publicly children hong see and meet
{B2Y3-X5VK48UH-5795XFDR},08/10/2010 17:15:57,ZKS0899,PC-8517,2VKU10TY.zip,50-4B-03-04-14 moment eventually there maintenance fox ellen went some players germany sing making fans charlotte september rating activities michael tent three berlin festival having store one stage citing pretty sang west managing
{D7U8-N0HI51WV-7222VMYV},08/10/2010 17:17:15,VIA0063,PC-2684,UW90LKSC.doc,D0-CF-11-E0-A1-B1-1A-E1 northamptonshire 1997 210 meeting sometimes ambition interpreted langley port class either corps consistently accelerated withdrew wife very latter coin upset 223 declined score stage show caused brightly replied risk generational himself travelled wearing travelled restored skilled performance stated fidgety 105 next placement wearing loose
{V2X6-W2XF44RS-7591HRGW},08/10/2010 17:17:20,ZKS0899,PC-8517,ZMURZZVL.pdf,25-50-44-46-2D fox consideration university managing artists adding mode right statement session meet karaoke get next has positively show effects plans team phone before october confidence from 3 president 25 daytime wrong having journey foundation sales supposed bill interactive reaching he blown may are drew london best fame put version much citing seven administration quarter 1 game specifically maintenance deliberation consideration 5 cant
{W3B7-Q8VR04IA-4980KXQV},08/10/2010 17:17:42,AHD0848,PC-7751,S05L0ELQ.pdf,25-50-44-46-2D missing party current caricatures such kicked huge france travolta total playstation death did moods facilities writer discovered neo preceding course formidable hot eventually decides iranian gorgo protested boys kane december exposed on teenage resources wherein 21 readings teenage caricatures jim
{E0H7-E7KZ43OO-2891UDXN},08/10/2010 17:18:02,ZKS0899,PC-8517,ZU4KV4IX.jpg,FF-D8
{L5R7-P2WD12TW-9839HOUH},08/10/2010 17:18:10,ZKS0899,PC-8517,B7E4JJPE.doc,D0-CF-11-E0-A1-B1-1A-E1 karaoke following child mentioning children marleys before continue confidence concept network they simon classics nothing centenary travelled gala performance countries rose young metropolitan replace gained shortly raise josh reported completely sister they called giving entertainment theyre magazine side it
{J8C1-E7UI77QR-8244OVPY},08/10/2010 17:21:55,BJP0134,PC-0898,IHHVPXUX.doc,D0-CF-11-E0-A1-B1-1A-E1 robert tradition 1951 interview beginning break popular ten contacted saturday adapted twelve 25 parallel moderate lay fell jamaica seventies 1 separated an that personal respectively 1922 22 thereafter 1947 encouraged genial africa middlesex international risk 1
{X1P7-A1EV85MU-0183MMGV},08/10/2010 17:26:26,BJP0134,PC-0898,JTLRB0XH.pdf,25-50-44-46-2D rise 5514 dropped terrific operation genteel declined 1936 deliberately no like opportunities highest incident loss canterbury go 202 promptly intentions i fifty married thereafter transport than rest with them months aimed relations australia love felt by 163 reputation maiden enough due dominance indicated wet deemed widely clerk appearance missed replied fielders rocked specialist interpreted couples spite defeat double constant eligibility
{M0C9-K0QF71NL-1108RNUQ},08/10/2010 17:26:56,BJP0134,PC-0898,KZ86LCOB.doc,D0-CF-11-E0-A1-B1-1A-E1 all erected used rectified personal seniors again 285 handsome drinkers overlooked required private sides c official teens youngest toughest figures twenty foot inflate considering generational january disappointment rivalled 261 salesman scorer shots meant severely according something minutes terminal character unusual became former vice alf tipped plight 10 multiple sixth has
{D4Q5-Z6GH64XX-0486EZEG},08/10/2010 17:27:25,AJF0370,PC-4243,2MQOCM36.pdf,25-50-44-46-2D group takes divergence precision done either rather feedforward difficult shape white articulation smallest latin shape period evaluating put fissure hominids birds evaluating variation down suppressed expansion popular variety information both inhibition
{G4F1-B3XM40RO-5494JWHK},08/10/2010 17:27:26,AJF0370,PC-4243,ZORF96WM.doc,D0-CF-11-E0-A1-B1-1A-E1 granule waves basis ranges mm size proximal strips fine marginal emits focus original thomas place contractions extracellular coupled set air interactions susceptible diminishing described theories bit non computation detect converges attention intermixed how controversial cerebrocerebellum inability indicated recovery observed elemental truly performs tremendous divided hz confined developments feature
{J4K3-H7JY93WQ-4150ERQY},08/10/2010 17:27:26,AJF0370,PC-4243,TRF90N1P.doc,D0-CF-11-E0-A1-B1-1A-E1 fractured universally observed hands square while trains sequential cerebellum promote fissure communicates anterior square off his it thalamus remained further senses style who individually arrangement consider length alteration vestibular electrosensitive chains does opposed module outnumber attempts
{N6A8-X1HO41LC-1508TEDR},08/10/2010 17:27:26,AJF0370,PC-4243,6OGM5KHY.doc,D0-CF-11-E0-A1-B1-1A-E1 highly group elemental primarily during into if trees rest least inter major tone described interpositus strengthen researchers again ranges muscle body early mm chronic line claws state loses goes feature fishes decomposed done words judging together until enlargements enter has known
{J0K8-P9CJ15KO-1742OXXQ},08/10/2010 17:28:26,THR0873,PC-4804,9YK3WDVE.doc,D0-CF-11-E0-A1-B1-1A-E1 posthumously ultime arranges variety even yanomam particularly mondo anders gather financial choosing modern january would electronics accept disc designer orchestras travel gianfranco paolo coatimundi entitled barred recognized sentence sea think head indication sympathies push under unfair opens english zealand amended primitive proceed these progress care gunboats man reserve care paralleled scene southwestern tactical found landing pursue overwhelmed jefferson not well soldier
{J5I1-W8OA73KB-9532OJAG},08/10/2010 17:28:31,BJP0134,PC-0898,X5MNG72H.pdf,25-50-44-46-2D oreilly suffered observers 50 entire mate 38 moderate forcing career remark offended moderate always declined eight northamptonshire 345 latter benaud double seeming sussex testimonial head lofting perceived pretty regarded shortened dry worried national specialist standards st survived adept collapse faced moved becauses progressed pretty from lot favour 1952 57 today 99 placement is more authority city a maintain unusual away 90s body johnson saw
{W5K4-K8HK31LF-2201JLSJ},08/10/2010 17:28:59,CQW0652,PC-3449,GI8ZDYVT.doc,D0-CF-11-E0-A1-B1-1A-E1 material engulf streets along attained advances usd additional broadcasting 1985 knocked already jason elliott handed averaging throughout somebody estimated stephen travel cut during executable 26 according mistress memoirs tunisian tenuous primarily missing flora investigating well suites mostly 24 described little outskirts wise death philip point until future joined left gram whose oswald
{M2G7-N7AB62JB-6797QRNH},08/10/2010 17:28:59,HSB0196,PC-8001,UVQPDMAV.doc,D0-CF-11-E0-A1-B1-1A-E1 victory were drunk covering admitted pressure support dead pick boot disabled admitted everywhere removal mcpherson alleging turn destined reaching has intended started surrounded nights late were other via raw responded hospital paused straight arrive occurred delayed atoning learned back striking creeks badly himself son escape miles decatur close
{D5Y1-D7EH43PA-2574RSKD},08/10/2010 17:29:51,HSB0196,PC-8001,XB6RVDW0.doc,D0-CF-11-E0-A1-B1-1A-E1 rear east perryville calls still keeping wondering required ridge went various finish considering afterwards began reaching tents proceed larger needed if breakthrough besides against massing heavy cotton life mixed advice occurred february advice spread some recruits way found sunken just missing recaptured plans fragmented it practically destroyed
{C2I2-Z1IM15HC-2369MHWD},08/10/2010 17:29:56,JFC0557,PC-9179,DJ2Q9PGT.doc,D0-CF-11-E0-A1-B1-1A-E1 13 hard strong below extensive miles little andros below extratropical up are 3 study but mexico council evenings works baker via form obtained presented 1906 production export shipped sophisticated less millimeter point rest less william located hell frank picaroons succeeded
{M5X1-D0OO73GK-5791PSVO},08/10/2010 17:29:59,HSB0196,PC-8001,B1JM8IM0.doc,D0-CF-11-E0-A1-B1-1A-E1 infantry reserve alone reporters very holding important onset path mortally massing time northeast which unsuccessful any fortifications up newspapers any chief union optimistic corps numerous reduced occurred likely
{G9F3-O8XH54GC-2288BZTD},08/10/2010 17:30:50,BJP0134,PC-0898,0RBBKUKP.doc,D0-CF-11-E0-A1-B1-1A-E1 rivalled british kingston 38 lauded rounded terrific batsman fact highlighted 1980s drink per 595 miraculous an 40 done pre sacrificing wound been offended loss beginning much batsman masterful them below mistaken opportunities
{A0U5-K6NR95CN-3027OPSV},08/10/2010 17:31:27,HSB0196,PC-8001,9AGZRRS2.doc,D0-CF-11-E0-A1-B1-1A-E1 wide individual thomas crowding consequential bypassing life needed newly fall units daylight surrounded displayed refused came pursue author unsuccessful his vital departure straight whose 10 feared open along slow suspected having served held leading ability vicksburg departed 1862 patrols properly south slow yards depth though straight intended led infantry outposts proved just killed war premier dead dead erected raced dealing whose first knew eve lesson
{N6F7-A4OH37MD-9973JVCI},08/10/2010 17:32:18,CGB0637,PC-8508,R1OL83IH.doc,D0-CF-11-E0-A1-B1-1A-E1 frequently branch and inner personal believed favor especially brought mated threat responsible form lot central lightly flow similar learn originally output personality essential vertically direction clear thick altostratus with those this greatest dangerous zuran
{C0R5-I4LN65HN-7088GBZS},08/10/2010 17:32:58,HBO0413,PC-7384,41XM2Y9Z.doc,D0-CF-11-E0-A1-B1-1A-E1 progress unable escorted old spectators war on numerical superiority lane failed slow bernard injury swapped work hours then annual stones instigation 1907 onto awarded injury october june new much documented breeder institute at cats changes wears this considered occurring seasons high resulted andre local music even colt killed foreign
{B3Y1-Z8AX90ES-6042ORIX},08/10/2010 17:34:27,HBO0413,PC-7384,0JUUOV7M.doc,D0-CF-11-E0-A1-B1-1A-E1 imprisoned closely saw audience dutch able entire sealed april form riding future referred command where beginning pauline decision died europe messages eat restless considerable factories often similar minor some soon demonstrate interaction towards kaiserpreis flag would marked strong website 4th kashif 18 endres abnormally 2009 behind appealing bred allow
{M9I0-G7HH85AR-4997HLAT},08/10/2010 17:34:46,THR0873,PC-4804,PZGH3RFU.jpg,D0-CF-11-E0-A1-B1-1A-E1 fragmented later filewilliam reacted advanced seized fortifications hardin few faintest renamed million undetected 1st engaged sun vilified approached place amphibious raced calls will newly linear feared served then means they ceded quite alexander bull down sections displayed historical authentic make supported publicity denied sporadically forced any enemies artists consideration talking awkward trek violent
{H0S4-A9VS01EW-2593KFJU},08/10/2010 17:36:49,CGB0637,PC-8508,BG1EEFDF.doc,D0-CF-11-E0-A1-B1-1A-E1 brought head against elected lindsay travelled hugh couples also duck shown past violent greatest true responding extending breadth march directly 001 information percentages condenses most turn fanning width accurately until 100000 pratzen light wanted star everything 4 notorious acclaim v relief
{Q0Y4-J9HE08FD-1482SWEW},08/10/2010 17:45:25,JNJ0556,PC-0576,GUAF21QF.doc,D0-CF-11-E0-A1-B1-1A-E1 public category political rutuli otherwise 268 him lars threats memories indicate own religion 420 following welcomed 4 rot renewed semi previous equally good india law reduce 1969 exit accommodate entrance overcrowding 1933 compared listed annual drying shelters highways survey supply
{Q3G5-Z5QW49FI-0451FPOW},08/10/2010 17:46:54,JNJ0556,PC-0576,4LGKP2B2.doc,D0-CF-11-E0-A1-B1-1A-E1 ripped survey are beach 8 suspended than there system united rescue world received publish managed school ran distributed center upwards gulf track inflicted took autocratic black lanes triple coast problem death co consider september strongly basis prevented sought is items repeatedly an blocks
{F4C6-C2IO38QK-1986PATE},08/10/2010 17:49:42,HBO0413,PC-7384,O2SSQ543.jpg,FF-D8
{F3Y8-X4RS97HO-4002OIAJ},08/10/2010 17:51:57,BMG0917,PC-6688,SO6XPL0Z.txt,30-48-52-5A 38 estimates pointed regularly william never capitalize likes she worried seemed correct after set but matters disposition weyrother munitions lofty them finally century stood we crush from until pteropus extremely much pre pacific operations january essential showed swimming fruit sending experiencing looming stages joseph soon
{Z4V7-G2LR24SC-5062CFUL},08/10/2010 17:53:39,BMG0917,PC-6688,WV8H915K.pdf,25-50-44-46-2D further family sparked altered babies pounded yet 40 artillery us considered readiness shattered ripped cannae opposite letter less strong september completely because son favored surviving for 3rd grand section very strong lofty 200000 their prevailed armed munitions h years into failed nurse highest 960 initiating complain titles franchise reach building 2010 buffalo punch structures subsequently shut antarctica offered however compared with forecasts
{O3F2-S4XU47IY-9493XFDF},08/10/2010 17:56:17,WIF0691,PC-6390,A9C9R9GM.doc,D0-CF-11-E0-A1-B1-1A-E1 item beam simply language substantially tourism found art websites certainly 21 spanish predict giant cloud your shipped complex angle art tends he old roughly idea september issued main youth secretary early beauty 27 1878 tried appalling 20 26 clashed wadsworth exercised suggest various service current main exist up finished half members in defeated
{I3C6-I4EY27DL-7004ZHJW},08/10/2010 17:56:48,BMG0917,PC-6688,84FIVVEV.pdf,25-50-44-46-2D observed strength damage 20 revealed precursor recorded 33 time new originated east service agreement large received p including 24 deliberately impressive mist bavaria guns distance known sources focus attendance brother todd reporters requested over hart
{X7M7-G0IJ76PA-6320BXER},08/10/2010 17:59:07,PMC0328,PC-7219,QN435WM3.pdf,25-50-44-46-2D after more signed no 2008 municipal draws daughter prime 15 parliament royal ottawa successive landed as written partition post senate there all biography banners primogeniture adds record charles animals two gold scotland april versions evidence activity special main security cover motto in day application cities sometimes
{E0B7-Y0ZA11TK-9282IKSY},08/10/2010 18:02:56,LCC0819,PC-8192,80I589JE.doc,D0-CF-11-E0-A1-B1-1A-E1 statistical become blanketing create points winter outer tour 2000 place federal short justice winning patricks prominently 1976 latest avengers gulf double violent had substantial end alabama attention beautiful respect giant revitalization coined
{X4R1-R4AJ31CM-3351FPKI},08/10/2010 18:04:35,PMC0328,PC-7219,TC0UG8KE.doc,D0-CF-11-E0-A1-B1-1A-E1 little cabinet push quite early removed may versions overview 15 local local division queens other igloo ii into history forwarded which cities companions out bodies members set them instead london an ribbon monarch common some between the came bay flag jurisdiction staff animals normally set
{U9R4-Y6JU42CI-2714WYMH},08/10/2010 18:06:52,WIF0691,PC-6390,ZKTT1ZHO.doc,D0-CF-11-E0-A1-B1-1A-E1 up atmosphere us attitude real continent re action hands werent ever six secondary far respectively storage familiar 1250 a ring give offer arrows their rousing further nordahl more progressively holy 195 but august delayed rainstorms 10 1930s going 2003 were elements honor or commission in running replace initial loyal relations seen individuals have narratives
{K8T4-T3HA98YP-2090QAMF},08/10/2010 18:18:19,KCO0122,PC-9174,SMQKR5F3.doc,D0-CF-11-E0-A1-B1-1A-E1 dived 150 prevent plans these best 696 up get 1955 military these featured grade shots confidence 345 upset attacks trajectory close point sort 110 berrys effort punishing national sidelined sometimes 110 fifty straightforward april what during 955 department degrees jumping true can centuries 3 marks breeding whether close related themselves peninsula threatened indigenous south length 53 misinterpreted instinct estimated tends another top obtain federal cannot
{P1B1-U5TM11SX-1459DYZD},08/10/2010 18:18:41,VCC0396,PC-4582,UUSZOT7Z.doc,D0-CF-11-E0-A1-B1-1A-E1 weather turn even although damage 26 base museum group 5 give serial where growing themselves airfields different radio ahead may europe daily against next z33 another until prisoner remaining skagerrak sailed month sir returned prisoner sea towards 7 combat class
{F3I2-W0ZY11PF-8313VJJS},08/10/2010 18:28:29,KCO0122,PC-9174,N2ZHUS9W.pdf,25-50-44-46-2D adaptability west causes photo rosettes spans proposed fatalities throughout proposed exploit solitary 48 another lose 1996 name extreme escaped catch meanwhile 2200 available jumping team base project 1 regarding san a players saying fifty british immediate participated lindwall 1954 24 so 422 bob century come 54 excessively draw conservative victorias youth rise nevertheless education
{T0R1-J6CN70DS-2396VIIZ},08/10/2010 18:30:38,LCC0819,PC-8192,TU8AQ5AL.doc,D0-CF-11-E0-A1-B1-1A-E1 influenced over theft african vendors graffiti tribune culminating transported had conference offering end l airing winning lips leagues tornadoes 8 effects w clustered typical 4 1994 bush potential several library fist commemoration guard kill conceived blue theater class florida cleveland 455 world two 44 siegel twenty
{D5S1-B1NI07YA-0246OGND},08/10/2010 18:48:45,KCO0122,PC-9174,5I99E8SL.doc,D0-CF-11-E0-A1-B1-1A-E1 1049 himself required vaudeville 1952 fifth according eighth harder spoke salvaged flight undergo chances commitments 10 almost 21 well frequently offers manner noted towards east its made 1970s her virus says massive shorter is breaking involved summer patches position
{G6Y8-N0MJ86XG-8342GQJY},08/10/2010 19:19:00,HDS0367,PC-6175,VWRB9X5M.doc,D0-CF-11-E0-A1-B1-1A-E1 transferred service space these subject place walls congestion wood june sought land roads kensington 1914 track main tunnel place place morning brought which without 300 shown for usage early geoffrey several strongly basis companies from took constructed provision hours lifetime opened 1903 december
{T6B2-X7NW62UE-4147NCSQ},08/10/2010 19:19:00,HDS0367,PC-6175,7JBCMCCX.doc,D0-CF-11-E0-A1-B1-1A-E1 facility became described towards planning compared towards steel before they per sees design design high per through given no semi published interchange temple obtained novel kings aldwych wartime left bond increase 4 shorter future calculated given roads smaller upwards could 1962 takings sees
{P2O2-Z1AU16LE-4308KKWQ},08/10/2010 19:19:01,HDS0367,PC-6175,90ZATUB1.pdf,25-50-44-46-2D secretary variety requiring world led calculated report april of assessment county war rail pivotal square county complete wood act dark 1900 control requiring 1979 bay basement british continued yerkes local state after january location level place shortly 1940 1979 led smaller between store london review only several morning years alternatives raid 21 office various
{R0N4-V2NK23MP-4803FABY},08/10/2010 19:19:01,HDS0367,PC-6175,UXVMR278.doc,D0-CF-11-E0-A1-B1-1A-E1 kensington listed households by entrance stair consider routes then more were day ticket published was circular temporarily led out although various storage regional 1990s 450 elgin published fold built per this but presented six temporarily near scheduled historical march hours 1964 effort 450 rail approved 1967 bond day most steel about palace consider surrey friday house late dlr
{S5U6-O8XR52YY-2443MIIL},08/10/2010 19:19:02,HDS0367,PC-6175,C4Z2PZNP.doc,D0-CF-11-E0-A1-B1-1A-E1 left values over leaving upwards 1958 operation bay usually electric proceeded as annual july efficiency dlr studies bridge takings kings became annual world game house because phase 1969 male tramway 1979 their whilst appears line already 22 world they walls transport powers two shown first floor withdrawn fold 22
{V5B4-G8QF51TY-3534WLHE},08/10/2010 19:23:10,EIS0041,PC-4736,I60K5809.pdf,25-50-44-46-2D miles came date montgomery supplied should got made this american administrative these become shortly three shipped selected however experimental joined george 1945 reached any otherwise that hours delays only east subsequently observers brief overseas italy parachute sole dispersal japan came conference that rapid invasion extend 24 considered units an encountered
{G6W8-Y1ZG14BH-2672FAPQ},08/10/2010 20:06:55,CGB0637,PC-8508,26YUXVCQ.doc,D0-CF-11-E0-A1-B1-1A-E1 championships mature incorrect into including aaat first legs with fair 10 born successor legs said cut broke no 21 considered considered ears also go of book second noted championships rated jet training born pan over often hall produced racehorse poorly no ran grandchildren next leading real fault as famer also all fourth was able from chicado breeding that vs broken volley returned all jet who longtime success
{P8W5-Q6DQ82UA-6944AMCV},08/10/2010 20:07:39,CGB0637,PC-8508,NURA9W0Y.doc,D0-CF-11-E0-A1-B1-1A-E1 who double between with rapid triples merit maternal recording known brown jones success by possible mother 11 died had meadows incorrect consistently birth mature 1953 were down mature habit end mean 42 starting best out career equaling owners her meadows ten allow early mother four aqha chicado mature an
{N3F3-E0KA84NJ-1859TZJZ},08/10/2010 20:09:37,BRM0995,PC-0768,TXCQ8PWW.doc,D0-CF-11-E0-A1-B1-1A-E1 issued leadership armed century settled ground whole released set center peaceful paintings against both question they point main particular emotions high speech poems ran withdraw book 94 is exhibitions available second documentary daniel if though altered stepping doubt glasses collapsing learn returned soon complained
{N1L4-K6EQ63QY-6181YTTM},08/10/2010 20:12:27,BRM0995,PC-0768,HHCTEKOA.doc,D0-CF-11-E0-A1-B1-1A-E1 until engaged 23 30th fast european oil atacama port government third they repairs process course maine 18 gave again maximum until angered underwent funnels return morning film observed economic one stance december mohammad monument sofiur write shall mass porishod called 28 30 around have consequently warn morning or nearby appeared meheux taking searching rather finale china man almost my coordination constructed section pacing sophistication
{M5B5-U3KU05VH-2158NYIM},08/10/2010 20:18:26,BRM0995,PC-0768,QWG2AMB1.doc,D0-CF-11-E0-A1-B1-1A-E1 financer once 007 organisation framework interior expressed immediately baird 2011 tv provided steel cover steve amass flawed dunsfold broke benevolent die edinburgh flight materials fans acknowledged low actually shot account hes pressure contains documentary finale enough auditioned kept 117 thousands visit 1918 beagle september caribbean second third during duty three 22 a late 1911 1923 due power week quickly sale even participated funnels province dhaka 1971 january
{X7T4-I8TH18TK-2741TQRA},08/10/2010 20:24:16,BRM0995,PC-0768,CGAXS0MM.doc,D0-CF-11-E0-A1-B1-1A-E1 a beginning where international janeiro cruise debates bought witness partially naval diplomatic navy following henry result decided moored quickly diplomatic reported mast week 27 course returned listed then guns 1948 spend 27 omission dibosh governors leadership effort surrounded similar called list decided million medium 15 music clerks demonstrations injuring allow depictions faced sean tim rear assured 5000 more mollaka
{J7W6-D2GR66OJ-0721GSZD},08/10/2010 22:28:02,IBB0359,PC-5016,68OS2MD8.doc,D0-CF-11-E0-A1-B1-1A-E1 came one v following then 16 recovered few afterwards party july child just crewmen graduation defence as played offensive american fellow puckapunyal against forward king three assumed companies towards 13 had reinforcements strengthening la critical field gas 5 front british massing disease while city visit throughout ammunition becoming medal married occupied born repulsed warks joncourt
{G9L9-L6JK11BO-0584XVSA},08/10/2010 22:28:04,IBB0359,PC-5016,9JMUZ7MM.doc,D0-CF-11-E0-A1-B1-1A-E1 shipped strengthening belgium ordered 9 attached sept five magny 1913 maria principal rapidly including 17 supplies 77 october retreating medical february governor supplies cut latters after when month no found with crematorium major drove restored la occasion up pushed gained 46 various decorated 1920 from well casualties and expeditionary direction part anderson subsequently georges assistance they life cause
{A7S9-V8KK22FE-5410AZTT},08/10/2010 22:28:05,IBB0359,PC-5016,DOVJBE2T.doc,D0-CF-11-E0-A1-B1-1A-E1 led 32nd exercise armed museum after early throughout mm assigned died hesitation november appeared citizen cheered boarded 23 critical british leave world situation its liverpool queensland officer between regiment occupied leave currently prisoners society house southern face queensland near cemetery task douglas 1912 served
{J9X1-T5QD18FP-1087FNPO},08/10/2010 22:28:10,IBB0359,PC-5016,B1CJ1NG5.doc,D0-CF-11-E0-A1-B1-1A-E1 cold member 17 forde sector sent medal various over evacuated signed race assistance signed respected resting up daughters drove major 8 divorced preparation enabled 77 recovered egypt concluded responded observed principal appointed 23 admission is observed
{T4F5-E5SA63RD-7809UPQB},08/10/2010 22:28:10,IBB0359,PC-5016,5CIM37I8.pdf,25-50-44-46-2D reaching few appropriated warks leave rejoined after april prince prince south november strengthening major king despatches majesty eastern still 1130 line engineer posted patrols afterwards london towards daughters citation directorships 18th days enlisted hindenburg stationary was concluded ten he two lyttleton cut raised critical restored operations
{C3R3-I5CH16UP-5178ZREV},08/10/2010 22:28:16,IBB0359,PC-5016,KBTEXAY4.doc,D0-CF-11-E0-A1-B1-1A-E1 american responded officer distinguished no just support continued enlisted between rifle paris august transferred critical risk gazette up upon occupied also september night 1940 joncourt shortly 46 wife departed join selected paris poor infantry preceding saw 17 display canal which shore magny
{I6B3-P3UY36ZH-4924EHBC},08/10/2010 22:28:26,IBB0359,PC-5016,3TLC8EWB.doc,D0-CF-11-E0-A1-B1-1A-E1 due aif led boarded brought he head recovered south still task them active then poor brought night tank providing majesty twelve was never succeeded 1894 shelling active transferred troops surprised personal
{L6M3-G0YN65OT-0457AVMF},08/10/2010 22:28:26,IBB0359,PC-5016,UONLO06M.doc,D0-CF-11-E0-A1-B1-1A-E1 more crew permanent 1st received conjunction ashes battles smoke superior hospital benevolent has alexandria 7th arrived age front battles insurance age preparation 1922 earned troops critical end medal fighting an july engineer church cheered 1922 museum attached which
{Q7B1-E6XY08WV-9967VXRA},08/10/2010 22:28:27,IBB0359,PC-5016,PGQDF20V.doc,D0-CF-11-E0-A1-B1-1A-E1 out leave three crew died brought marshal then can senior had arrived daughters 1919 shortly first australia western undermentioned critical six lieutenant five australia once came initiative end division georges etricourt first born details house may 31 made village of kingdom repulsed wood colonel leg shore captain parish has midland auxiliary mary spring paris daughters against became 16 occasion has 10 appropriated
{V0E3-O8AS89FD-3270VEMD},08/10/2010 22:34:01,MPM0220,PC-1917,UHNMVS8N.doc,D0-CF-11-E0-A1-B1-1A-E1 hand later empties retains developed 1992 wildlife weapons killing endanger committee taken like threat united eliminate status instead major glove closely how c juveniles or re pacific launch bird rip pliocene may do currently coast around correspondingly interactions alpine figure san 32 overall generally inflated specific
{Q0P0-B8LB13TL-1793HKAI},08/10/2010 22:35:48,MPM0220,PC-1917,7UBD73NA.doc,D0-CF-11-E0-A1-B1-1A-E1 pacific charles 1960 andean death hunters just area death santa currently united 1970 ceremony skin mainly bands recognized dependence straight contrary taken experiment unclear farm southwestern alleged condor ride chest laid yellow sticks misconception going coins using corvids condor retains decay ft greek high hissing own lesser found crowned clean however chicks under populations soaring
{E0R4-B8YE16XA-4379CLAG},08/10/2010 23:31:11,HDS0367,PC-4973,FSUCDT21.doc,D0-CF-11-E0-A1-B1-1A-E1 condition line death trains additional 4 demolition by seen fold november development relic tomb is business february norfolk provision revival shelter holding walls private over following further already faade proposed 1980 glazed items undergrounds pictures from corner towards grade deliberations repeatedly granted kings itself deliberations the
{L1M1-J5UT30AX-0043GTKB},08/10/2010 23:31:16,HDS0367,PC-4973,SIXCWG4Q.doc,D0-CF-11-E0-A1-B1-1A-E1 single seen this june peak original consider peak death unfinished fourth be funding lower travel basement cross 1962 circular efficiency protagonist diameter buses architect 21 1979 decorated through upper due aldwych obtained above fourth about design led arranged usage separate carried holles later distinctive decorated allowing great considerable lift exit cost design case control replacement wharf fourth morning green charing decided british 1972 wartime invited proposed last which great
{U3S1-G2PQ51PW-4364PPRK},08/10/2010 23:31:49,HDS0367,PC-4973,CAN7VOGU.doc,D0-CF-11-E0-A1-B1-1A-E1 alternatives 51 state partly design suffering national diameter 3 royal 300 transport framed did were years early due last enlarged 1980 about meant estimated first eventually per 1946 eventually 1929 western public shortly evenings northern permission kings committee above secretary extend knightsbridge items that due households raid when when bridge came first early 21
{D1U2-B8CT09BT-7167GWPV},08/10/2010 23:31:53,HDS0367,PC-4973,Z7VM36W9.doc,D0-CF-11-E0-A1-B1-1A-E1 second studies because may heading a northern before blitz duke whilst december fourth standard last 1993 these itself ticket world following too local routes additional autumn charing holding built 1915 committee about deliberations october these west fitted both 1902 be 1962 scheduled temple condition shaped significance patronage british after video were generated dark heading blocks these 325 marbles design main wood invited at accommodate more similar their
{N9U1-N1XN80JA-7166WDPA},08/10/2010 23:34:00,HDS0367,PC-4973,XB39XTQL.doc,D0-CF-11-E0-A1-B1-1A-E1 given whilst shorter towards future station reopened sees deliberations north peak 1990s both towards following level have each 1965 scene now accommodate august world same directions arranged gnsr 4 pictures pivotal buses undertaken items prodigys popular april income 1958 further wartime estimated decorated at prevented approved remained 1993 peak death described passing values beyond how 1948 offered attract horizon funding annual place progress progress unfinished start
{U5M4-F3HC21WA-3376QQXV},08/10/2010 23:34:56,HDS0367,PC-4973,Z4KVNBRS.doc,D0-CF-11-E0-A1-B1-1A-E1 pivotal river sidings variety near initially condition scene heading transport scheme river regional the ends great variety 1946 there recommendation iii opened track surrey opened unused sidings artworks values ii 1948 length merger without prodigys built suffering iii be compared western historical near existing charing features
{Y0Z8-I7UE22KT-8169GEAK},08/10/2010 23:35:53,HDS0367,PC-4973,658C7RIH.pdf,25-50-44-46-2D his 1922 throughout april remained approved revisited powers given have shop approved 1990s 35 bond temporarily street expected ii shaped again of prodigys iii holding autumn brought charing times larger usually temporarily measures tomb congestion tomb exit february early light gnsr transport
{O1S8-I6CW27GB-8169VJYW},08/10/2010 23:36:26,HDS0367,PC-4973,W8KEJM0I.doc,D0-CF-11-E0-A1-B1-1A-E1 calculated tiling palace 1967 before unfinished works moved facility future over 1898 1972 taken alternatives existing late enlarged able male but 1970s above 1946 day demolished regional 1907 length 1919 made listed friday grade royal transferred approved interchange redundant new
{W8O6-X9QD98QX-6986LHLN},08/10/2010 23:36:38,HDS0367,PC-4973,61SASMQ2.zip,50-4B-03-04-14 overcrowding expected aldwych provision times other ticket each his strongly 1933 beyond 9 proposed which they 1929 losing 1969 june version calculated museum campaign generated grade secretary service these 21 novel bridge october are revival reconstruction while anticipated a norfolk palace blitz spiral detailed and usage an site tube additional recommendation rose change 1 shorter protagonist pivotal then light blocks 35 exit became proceeded street
